phase,seed,torch_version,cuda_available,device,cudnn_deterministic,cudnn_benchmark,time_sec,epoch,batch,global_step,train_loss,grad_norm,update_norm,lr,tainted,effective_batch_size,original_batch_size,test_loss,test_accuracy
meta_begin,123.0,2.9.1+cu128,True,cuda,True,False,0.0,,,,,,,,,,,,
train,,,,,,,0.06365466117858887,1.0,1.0,1.0,2.3664944171905518,0.0,0.001000001676671784,0.001,False,128.0,128.0,,
train,,,,,,,0.1226649284362793,1.0,2.0,2.0,2.3405590057373047,0.999999463558197,0.0009999973368633513,0.001,False,128.0,128.0,,
train,,,,,,,0.18280386924743652,1.0,3.0,3.0,2.3433547019958496,0.999999463558197,0.0009999980205957883,0.001,False,128.0,128.0,,
train,,,,,,,0.24021649360656738,1.0,4.0,4.0,2.3235244750976562,0.999999463558197,0.0009999987020795531,0.001,False,128.0,128.0,,
train,,,,,,,0.30217909812927246,1.0,5.0,5.0,2.3547749519348145,0.9999995231628418,0.000999998920710482,0.001,False,128.0,128.0,,
train,,,,,,,0.36223363876342773,1.0,6.0,6.0,2.3351616859436035,0.9999993443489075,0.0009999988957304366,0.001,False,128.0,128.0,,
train,,,,,,,0.42322802543640137,1.0,7.0,7.0,2.3459136486053467,0.9999995231628418,0.0010000002867571883,0.001,False,128.0,128.0,,
train,,,,,,,0.483121395111084,1.0,8.0,8.0,2.3578028678894043,0.999999463558197,0.0009999989716697726,0.001,False,128.0,128.0,,
train,,,,,,,0.5418486595153809,1.0,9.0,9.0,2.382596969604492,0.9999994039535522,0.0009999996528475778,0.001,False,128.0,128.0,,
train,,,,,,,0.6045749187469482,1.0,10.0,10.0,2.3712317943573,0.9999994039535522,0.0009999997976762112,0.001,False,128.0,128.0,,
train,,,,,,,0.6635482311248779,1.0,11.0,11.0,2.355762481689453,0.999999463558197,0.0010000006756126156,0.001,False,128.0,128.0,,
train,,,,,,,0.7235653400421143,1.0,12.0,12.0,2.3506431579589844,0.999999463558197,0.0009999986737410731,0.001,False,128.0,128.0,,
train,,,,,,,0.7852182388305664,1.0,13.0,13.0,2.333847999572754,0.9999994039535522,0.0010000003758803121,0.001,False,128.0,128.0,,
train,,,,,,,0.8490889072418213,1.0,14.0,14.0,2.359851837158203,0.999999463558197,0.0010000001798704916,0.001,False,128.0,128.0,,
train,,,,,,,0.9101290702819824,1.0,15.0,15.0,2.3184282779693604,0.9999994039535522,0.0009999985230003307,0.001,False,128.0,128.0,,
train,,,,,,,0.9693853855133057,1.0,16.0,16.0,2.320274829864502,0.9999995827674866,0.0009999997820775743,0.001,False,128.0,128.0,,
train,,,,,,,1.0303518772125244,1.0,17.0,17.0,2.327404499053955,0.9999994039535522,0.0010000001888077854,0.001,False,128.0,128.0,,
train,,,,,,,1.089942216873169,1.0,18.0,18.0,2.31274676322937,0.999999463558197,0.000999998756008705,0.001,False,128.0,128.0,,
train,,,,,,,1.1512556076049805,1.0,19.0,19.0,2.3284504413604736,0.9999994039535522,0.0009999999150823128,0.001,False,128.0,128.0,,
train,,,,,,,1.2196862697601318,1.0,20.0,20.0,2.3227500915527344,0.9999995231628418,0.0009999992669060904,0.001,False,128.0,128.0,,
train,,,,,,,1.2932417392730713,1.0,21.0,21.0,2.3282470703125,0.999999463558197,0.0009999994524522323,0.001,False,128.0,128.0,,
train,,,,,,,1.3537020683288574,1.0,22.0,22.0,2.334104061126709,0.9999994039535522,0.0010000000161126115,0.001,False,128.0,128.0,,
train,,,,,,,1.4202759265899658,1.0,23.0,23.0,2.34061336517334,0.999999463558197,0.0009999996142118024,0.001,False,128.0,128.0,,
train,,,,,,,1.4778614044189453,1.0,24.0,24.0,2.3602561950683594,0.9999995231628418,0.0009999991795869817,0.001,False,128.0,128.0,,
train,,,,,,,1.536125659942627,1.0,25.0,25.0,2.2862439155578613,0.9999996423721313,0.0010000010479533417,0.001,False,128.0,128.0,,
train,,,,,,,1.597165822982788,1.0,26.0,26.0,2.3382999897003174,0.9999995231628418,0.001000000843145143,0.001,False,128.0,128.0,,
train,,,,,,,1.652925729751587,1.0,27.0,27.0,2.3381385803222656,0.9999995231628418,0.0009999977553074363,0.001,False,128.0,128.0,,
train,,,,,,,1.7113697528839111,1.0,28.0,28.0,2.327274799346924,0.9999994039535522,0.000999999746161851,0.001,False,128.0,128.0,,
train,,,,,,,1.772146224975586,1.0,29.0,29.0,2.342047691345215,0.999999463558197,0.000999999646130726,0.001,False,128.0,128.0,,
train,,,,,,,1.8322391510009766,1.0,30.0,30.0,2.314885139465332,0.9999994039535522,0.0009999987698309986,0.001,False,128.0,128.0,,
train,,,,,,,1.8953118324279785,1.0,31.0,31.0,2.309424638748169,0.999999463558197,0.000999998633884013,0.001,False,128.0,128.0,,
train,,,,,,,1.9539272785186768,1.0,32.0,32.0,2.321016550064087,0.999999463558197,0.0009999993937769116,0.001,False,128.0,128.0,,
train,,,,,,,2.0129592418670654,1.0,33.0,33.0,2.3218789100646973,0.999999463558197,0.0010000010058204211,0.001,False,128.0,128.0,,
train,,,,,,,2.072996139526367,1.0,34.0,34.0,2.336019515991211,0.999999463558197,0.0010000001317978422,0.001,False,128.0,128.0,,
train,,,,,,,2.1324868202209473,1.0,35.0,35.0,2.3024349212646484,0.999999463558197,0.0009999996508491757,0.001,False,128.0,128.0,,
train,,,,,,,2.189952850341797,1.0,36.0,36.0,2.321450710296631,0.9999994039535522,0.0009999994093477988,0.001,False,128.0,128.0,,
train,,,,,,,2.2464358806610107,1.0,37.0,37.0,2.353634834289551,0.9999994039535522,0.000999999953107454,0.001,False,128.0,128.0,,
train,,,,,,,2.3054440021514893,1.0,38.0,38.0,2.321458339691162,0.999999463558197,0.0009999967924916489,0.001,False,128.0,128.0,,
train,,,,,,,2.3676021099090576,1.0,39.0,39.0,2.3205738067626953,0.9999995827674866,0.0009999995309172844,0.001,False,128.0,128.0,,
train,,,,,,,2.4251396656036377,1.0,40.0,40.0,2.2791128158569336,0.999999463558197,0.001000000073344606,0.001,False,128.0,128.0,,
train,,,,,,,2.4864094257354736,1.0,41.0,41.0,2.3357839584350586,0.999999463558197,0.0009999997121890173,0.001,False,128.0,128.0,,
train,,,,,,,2.543067455291748,1.0,42.0,42.0,2.310502290725708,0.9999994039535522,0.0009999980801871252,0.001,False,128.0,128.0,,
train,,,,,,,2.600250005722046,1.0,43.0,43.0,2.257798194885254,0.999999463558197,0.0009999984168628472,0.001,False,128.0,128.0,,
train,,,,,,,2.655691385269165,1.0,44.0,44.0,2.318225383758545,0.999999463558197,0.0010000000005139782,0.001,False,128.0,128.0,,
train,,,,,,,2.7143871784210205,1.0,45.0,45.0,2.3045263290405273,0.9999995231628418,0.0009999985975241586,0.001,False,128.0,128.0,,
train,,,,,,,2.770902156829834,1.0,46.0,46.0,2.3161704540252686,0.9999995231628418,0.0010000003016341725,0.001,False,128.0,128.0,,
train,,,,,,,2.827354907989502,1.0,47.0,47.0,2.3401291370391846,0.9999995231628418,0.0010000008951868019,0.001,False,128.0,128.0,,
train,,,,,,,2.882899761199951,1.0,48.0,48.0,2.302351713180542,0.999999463558197,0.0009999981464398093,0.001,False,128.0,128.0,,
train,,,,,,,2.9390928745269775,1.0,49.0,49.0,2.2984542846679688,0.999999463558197,0.0009999987088241667,0.001,False,128.0,128.0,,
train,,,,,,,3.003887414932251,1.0,50.0,50.0,2.2676241397857666,0.999999463558197,0.000999999914804757,0.001,False,128.0,128.0,,
train,,,,,,,3.0651230812072754,1.0,51.0,51.0,2.3058998584747314,0.9999993443489075,0.0009999980350564716,0.001,False,128.0,128.0,,
train,,,,,,,3.1271252632141113,1.0,52.0,52.0,2.28794002532959,0.9999994039535522,0.0009999993855057448,0.001,False,128.0,128.0,,
train,,,,,,,3.1885368824005127,1.0,53.0,53.0,2.3066937923431396,0.9999994039535522,0.0009999993818420067,0.001,False,128.0,128.0,,
train,,,,,,,3.248093605041504,1.0,54.0,54.0,2.294787883758545,0.999999463558197,0.0010000001834787157,0.001,False,128.0,128.0,,
train,,,,,,,3.304060935974121,1.0,55.0,55.0,2.2825636863708496,0.9999993443489075,0.0010000005869336076,0.001,False,128.0,128.0,,
train,,,,,,,3.3641357421875,1.0,56.0,56.0,2.260183334350586,0.999999463558197,0.0009999990586003209,0.001,False,128.0,128.0,,
train,,,,,,,3.419741630554199,1.0,57.0,57.0,2.306440830230713,0.999999463558197,0.0009999986744072078,0.001,False,128.0,128.0,,
train,,,,,,,3.4767441749572754,1.0,58.0,58.0,2.2944040298461914,0.999999463558197,0.000999999716269088,0.001,False,128.0,128.0,,
train,,,,,,,3.533031702041626,1.0,59.0,59.0,2.267049789428711,0.9999994039535522,0.0009999998966803644,0.001,False,128.0,128.0,,
train,,,,,,,3.5962393283843994,1.0,60.0,60.0,2.2954258918762207,0.9999995231628418,0.0009999997922638727,0.001,False,128.0,128.0,,
train,,,,,,,3.7106447219848633,1.0,61.0,61.0,2.2930984497070312,0.9999995231628418,0.0009999998103605117,0.001,False,128.0,128.0,,
train,,,,,,,3.773468017578125,1.0,62.0,62.0,2.2766671180725098,0.9999994039535522,0.0009999999843324774,0.001,False,128.0,128.0,,
train,,,,,,,3.8335447311401367,1.0,63.0,63.0,2.271493911743164,0.999999463558197,0.0009999988147118186,0.001,False,128.0,128.0,,
train,,,,,,,3.889963388442993,1.0,64.0,64.0,2.2608048915863037,0.9999994039535522,0.0009999997517684787,0.001,False,128.0,128.0,,
train,,,,,,,3.953631639480591,1.0,65.0,65.0,2.290100336074829,0.999999463558197,0.0009999992082030031,0.001,False,128.0,128.0,,
train,,,,,,,4.009920597076416,1.0,66.0,66.0,2.273683786392212,0.9999995231628418,0.0009999979113496204,0.001,False,128.0,128.0,,
train,,,,,,,4.070009469985962,1.0,67.0,67.0,2.272575855255127,0.999999463558197,0.0010000008282959223,0.001,False,128.0,128.0,,
train,,,,,,,4.131602048873901,1.0,68.0,68.0,2.2789902687072754,0.999999463558197,0.0009999996709442191,0.001,False,128.0,128.0,,
train,,,,,,,4.199882507324219,1.0,69.0,69.0,2.264702796936035,0.999999463558197,0.0009999993998276305,0.001,False,128.0,128.0,,
train,,,,,,,4.262307643890381,1.0,70.0,70.0,2.253537893295288,0.999999463558197,0.000999999603165079,0.001,False,128.0,128.0,,
train,,,,,,,4.32192587852478,1.0,71.0,71.0,2.265921115875244,0.9999994039535522,0.0009999992579687884,0.001,False,128.0,128.0,,
train,,,,,,,4.381027460098267,1.0,72.0,72.0,2.248704433441162,0.9999994039535522,0.0010000005555975806,0.001,False,128.0,128.0,,
train,,,,,,,4.446122884750366,1.0,73.0,73.0,2.2716469764709473,0.999999463558197,0.0010000002494814603,0.001,False,128.0,128.0,,
train,,,,,,,4.50603985786438,1.0,74.0,74.0,2.2849221229553223,0.999999463558197,0.0009999990725336329,0.001,False,128.0,128.0,,
train,,,,,,,4.565941572189331,1.0,75.0,75.0,2.2531533241271973,0.9999994039535522,0.0009999997392784665,0.001,False,128.0,128.0,,
train,,,,,,,4.623597860336304,1.0,76.0,76.0,2.3019232749938965,0.999999463558197,0.000999998687063767,0.001,False,128.0,128.0,,
train,,,,,,,4.6874730587005615,1.0,77.0,77.0,2.2651708126068115,0.999999463558197,0.00099999969853327,0.001,False,128.0,128.0,,
train,,,,,,,4.76944637298584,1.0,78.0,78.0,2.2431488037109375,0.9999994039535522,0.0009999979696086935,0.001,False,128.0,128.0,,
train,,,,,,,4.835949897766113,1.0,79.0,79.0,2.2922346591949463,0.9999994039535522,0.0010000007601282828,0.001,False,128.0,128.0,,
train,,,,,,,4.90503454208374,1.0,80.0,80.0,2.2575230598449707,0.9999994039535522,0.0010000002499255495,0.001,False,128.0,128.0,,
train,,,,,,,4.973175287246704,1.0,81.0,81.0,2.2870142459869385,0.9999993443489075,0.000999998351498361,0.001,False,128.0,128.0,,
train,,,,,,,5.040576934814453,1.0,82.0,82.0,2.285438299179077,0.999999463558197,0.0009999991685402535,0.001,False,128.0,128.0,,
train,,,,,,,5.118138074874878,1.0,83.0,83.0,2.2491250038146973,0.999999463558197,0.0009999987516510743,0.001,False,128.0,128.0,,
train,,,,,,,5.196907043457031,1.0,84.0,84.0,2.2537755966186523,0.9999994039535522,0.0009999984404828791,0.001,False,128.0,128.0,,
train,,,,,,,5.26460599899292,1.0,85.0,85.0,2.2768971920013428,0.999999463558197,0.000999998504154267,0.001,False,128.0,128.0,,
train,,,,,,,5.3327131271362305,1.0,86.0,86.0,2.268512487411499,0.9999994039535522,0.0009999989676729656,0.001,False,128.0,128.0,,
train,,,,,,,5.398034572601318,1.0,87.0,87.0,2.272392511367798,0.999999463558197,0.000999999871672588,0.001,False,128.0,128.0,,
train,,,,,,,5.466487407684326,1.0,88.0,88.0,2.2370972633361816,0.9999995231628418,0.000999999148500711,0.001,False,128.0,128.0,,
train,,,,,,,5.529414892196655,1.0,89.0,89.0,2.244950771331787,0.999999463558197,0.0009999983968510453,0.001,False,128.0,128.0,,
train,,,,,,,5.597052574157715,1.0,90.0,90.0,2.2603299617767334,0.9999993443489075,0.0009999999421162454,0.001,False,128.0,128.0,,
train,,,,,,,5.663977146148682,1.0,91.0,91.0,2.2566473484039307,0.9999993443489075,0.0010000000757315853,0.001,False,128.0,128.0,,
train,,,,,,,5.730693340301514,1.0,92.0,92.0,2.258981704711914,0.999999463558197,0.0009999997306742359,0.001,False,128.0,128.0,,
train,,,,,,,5.798738241195679,1.0,93.0,93.0,2.2549595832824707,0.999999463558197,0.00099999815024233,0.001,False,128.0,128.0,,
train,,,,,,,5.868102788925171,1.0,94.0,94.0,2.2672481536865234,0.999999463558197,0.000999999613101579,0.001,False,128.0,128.0,,
train,,,,,,,5.935065984725952,1.0,95.0,95.0,2.245729923248291,0.9999995827674866,0.001000001207159144,0.001,False,128.0,128.0,,
train,,,,,,,6.002748489379883,1.0,96.0,96.0,2.240595579147339,0.9999994039535522,0.0010000003866217158,0.001,False,128.0,128.0,,
train,,,,,,,6.068307876586914,1.0,97.0,97.0,2.2171950340270996,0.9999994039535522,0.0010000009863637821,0.001,False,128.0,128.0,,
train,,,,,,,6.1390228271484375,1.0,98.0,98.0,2.2553086280822754,0.999999463558197,0.0009999991314865286,0.001,False,128.0,128.0,,
train,,,,,,,6.206136465072632,1.0,99.0,99.0,2.2278103828430176,0.999999463558197,0.000999998240059535,0.001,False,128.0,128.0,,
train,,,,,,,6.273679494857788,1.0,100.0,100.0,2.241377830505371,0.9999994039535522,0.000999998095535988,0.001,False,128.0,128.0,,
train,,,,,,,6.350284814834595,1.0,101.0,101.0,2.2511754035949707,0.999999463558197,0.0009999985188369881,0.001,False,128.0,128.0,,
train,,,,,,,6.4256181716918945,1.0,102.0,102.0,2.2318434715270996,0.9999995231628418,0.0010000002539778624,0.001,False,128.0,128.0,,
train,,,,,,,6.495167255401611,1.0,103.0,103.0,2.2240896224975586,0.9999995231628418,0.0009999997572918396,0.001,False,128.0,128.0,,
train,,,,,,,6.564618110656738,1.0,104.0,104.0,2.241187810897827,0.9999994039535522,0.0009999988288949347,0.001,False,128.0,128.0,,
train,,,,,,,6.6381471157073975,1.0,105.0,105.0,2.2291367053985596,0.9999994039535522,0.000999999967401576,0.001,False,128.0,128.0,,
train,,,,,,,6.707202672958374,1.0,106.0,106.0,2.2414889335632324,0.9999994039535522,0.0010000010747929547,0.001,False,128.0,128.0,,
train,,,,,,,6.786521673202515,1.0,107.0,107.0,2.2265148162841797,0.9999995231628418,0.0009999987920632418,0.001,False,128.0,128.0,,
train,,,,,,,6.852564334869385,1.0,108.0,108.0,2.2362825870513916,0.999999463558197,0.0010000005942055641,0.001,False,128.0,128.0,,
train,,,,,,,6.921444892883301,1.0,109.0,109.0,2.241077423095703,0.999999463558197,0.0009999997708643193,0.001,False,128.0,128.0,,
train,,,,,,,6.987647771835327,1.0,110.0,110.0,2.2162790298461914,0.9999995231628418,0.0009999991490835785,0.001,False,128.0,128.0,,
train,,,,,,,7.047614574432373,1.0,111.0,111.0,2.23307466506958,0.999999463558197,0.0009999996488507736,0.001,False,128.0,128.0,,
train,,,,,,,7.108502388000488,1.0,112.0,112.0,2.2269492149353027,0.9999993443489075,0.001000000121694814,0.001,False,128.0,128.0,,
train,,,,,,,7.169830083847046,1.0,113.0,113.0,2.1924853324890137,0.999999463558197,0.001000000768343927,0.001,False,128.0,128.0,,
train,,,,,,,7.234178066253662,1.0,114.0,114.0,2.234013080596924,0.999999463558197,0.0010000002486765488,0.001,False,128.0,128.0,,
train,,,,,,,7.294491529464722,1.0,115.0,115.0,2.2410101890563965,0.9999992847442627,0.0009999998969856757,0.001,False,128.0,128.0,,
train,,,,,,,7.360515117645264,1.0,116.0,116.0,2.215698719024658,0.9999993443489075,0.0009999976451453031,0.001,False,128.0,128.0,,
train,,,,,,,7.42672324180603,1.0,117.0,117.0,2.22890567779541,0.9999995231628418,0.0009999991567718794,0.001,False,128.0,128.0,,
train,,,,,,,7.490587949752808,1.0,118.0,118.0,2.2353389263153076,0.9999994039535522,0.0009999999755617155,0.001,False,128.0,128.0,,
train,,,,,,,7.5528411865234375,1.0,119.0,119.0,2.248225212097168,0.9999994039535522,0.0010000004001109203,0.001,False,128.0,128.0,,
train,,,,,,,7.617593765258789,1.0,120.0,120.0,2.216134548187256,0.9999994039535522,0.0010000000309340886,0.001,False,128.0,128.0,,
train,,,,,,,7.680100440979004,1.0,121.0,121.0,2.2330150604248047,0.999999463558197,0.0009999991529693626,0.001,False,128.0,128.0,,
train,,,,,,,7.742312431335449,1.0,122.0,122.0,2.225071907043457,0.999999463558197,0.0009999986584754861,0.001,False,128.0,128.0,,
train,,,,,,,7.81330680847168,1.0,123.0,123.0,2.2303261756896973,0.9999994039535522,0.001000000046504966,0.001,False,128.0,128.0,,
train,,,,,,,7.880256652832031,1.0,124.0,124.0,2.192775249481201,0.9999994039535522,0.0009999990615701703,0.001,False,128.0,128.0,,
train,,,,,,,7.9451682567596436,1.0,125.0,125.0,2.215546131134033,0.9999995231628418,0.000999999347980183,0.001,False,128.0,128.0,,
train,,,,,,,8.007136821746826,1.0,126.0,126.0,2.214228868484497,0.9999994039535522,0.0009999999733690248,0.001,False,128.0,128.0,,
train,,,,,,,8.07074761390686,1.0,127.0,127.0,2.2184813022613525,0.9999994039535522,0.0010000008951868019,0.001,False,128.0,128.0,,
train,,,,,,,8.135097026824951,1.0,128.0,128.0,2.226986885070801,0.999999463558197,0.0009999987146806007,0.001,False,128.0,128.0,,
train,,,,,,,8.196766138076782,1.0,129.0,129.0,2.1705844402313232,0.9999994039535522,0.0009999994674402511,0.001,False,128.0,128.0,,
train,,,,,,,8.268056869506836,1.0,130.0,130.0,2.2045602798461914,0.9999995231628418,0.0009999982752259104,0.001,False,128.0,128.0,,
train,,,,,,,8.34315276145935,1.0,131.0,131.0,2.1901683807373047,0.999999463558197,0.000999999228686634,0.001,False,128.0,128.0,,
train,,,,,,,8.406991243362427,1.0,132.0,132.0,2.234285354614258,0.999999463558197,0.0009999996699450182,0.001,False,128.0,128.0,,
train,,,,,,,8.47354006767273,1.0,133.0,133.0,2.182124137878418,0.9999993443489075,0.000999998944691325,0.001,False,128.0,128.0,,
train,,,,,,,8.536581754684448,1.0,134.0,134.0,2.209346294403076,0.9999993443489075,0.0009999995046327415,0.001,False,128.0,128.0,,
train,,,,,,,8.601078748703003,1.0,135.0,135.0,2.2029125690460205,0.9999994039535522,0.000999999594033491,0.001,False,128.0,128.0,,
train,,,,,,,8.659114122390747,1.0,136.0,136.0,2.2079288959503174,0.9999995231628418,0.0009999988550962282,0.001,False,128.0,128.0,,
train,,,,,,,8.719612836837769,1.0,137.0,137.0,2.173948049545288,0.999999463558197,0.0010000018968841274,0.001,False,128.0,128.0,,
train,,,,,,,8.784432172775269,1.0,138.0,138.0,2.197784423828125,0.9999995231628418,0.0009999995517894868,0.001,False,128.0,128.0,,
train,,,,,,,8.856741666793823,1.0,139.0,139.0,2.197996139526367,0.999999463558197,0.0009999988304492486,0.001,False,128.0,128.0,,
train,,,,,,,8.91494345664978,1.0,140.0,140.0,2.208372116088867,0.9999994039535522,0.0009999999417831785,0.001,False,128.0,128.0,,
train,,,,,,,8.98514461517334,1.0,141.0,141.0,2.2247443199157715,0.999999463558197,0.0009999994199226792,0.001,False,128.0,128.0,,
train,,,,,,,9.064088106155396,1.0,142.0,142.0,2.191405773162842,0.9999994039535522,0.0009999999982657766,0.001,False,128.0,128.0,,
train,,,,,,,9.127185344696045,1.0,143.0,143.0,2.1847586631774902,0.9999994039535522,0.000999998019485563,0.001,False,128.0,128.0,,
train,,,,,,,9.190679788589478,1.0,144.0,144.0,2.178088903427124,0.999999463558197,0.0009999996359721817,0.001,False,128.0,128.0,,
train,,,,,,,9.251749753952026,1.0,145.0,145.0,2.2226240634918213,0.999999463558197,0.001000000786940148,0.001,False,128.0,128.0,,
train,,,,,,,9.31403398513794,1.0,146.0,146.0,2.2031116485595703,0.999999463558197,0.0009999980312539504,0.001,False,128.0,128.0,,
train,,,,,,,9.371837377548218,1.0,147.0,147.0,2.176530361175537,0.9999994039535522,0.000999997810319109,0.001,False,128.0,128.0,,
train,,,,,,,9.431865930557251,1.0,148.0,148.0,2.1853578090667725,0.9999995231628418,0.0009999984622987954,0.001,False,128.0,128.0,,
train,,,,,,,9.49225640296936,1.0,149.0,149.0,2.2004261016845703,0.9999994039535522,0.0009999992563312083,0.001,False,128.0,128.0,,
train,,,,,,,9.54995059967041,1.0,150.0,150.0,2.188993453979492,0.9999994039535522,0.001000001408442315,0.001,False,128.0,128.0,,
train,,,,,,,9.611577987670898,1.0,151.0,151.0,2.1647696495056152,0.9999995231628418,0.0009999990708682968,0.001,False,128.0,128.0,,
train,,,,,,,9.668671369552612,1.0,152.0,152.0,2.2065582275390625,0.999999463558197,0.0010000001129795643,0.001,False,128.0,128.0,,
train,,,,,,,9.7277193069458,1.0,153.0,153.0,2.1729443073272705,0.9999994039535522,0.000999999337183257,0.001,False,128.0,128.0,,
train,,,,,,,9.788396835327148,1.0,154.0,154.0,2.1664175987243652,0.9999995231628418,0.0009999999991817106,0.001,False,128.0,128.0,,
train,,,,,,,9.851601362228394,1.0,155.0,155.0,2.1534690856933594,0.9999994039535522,0.0009999988891801136,0.001,False,128.0,128.0,,
train,,,,,,,9.912301778793335,1.0,156.0,156.0,2.179706573486328,0.9999994039535522,0.000999998471846728,0.001,False,128.0,128.0,,
train,,,,,,,9.980252027511597,1.0,157.0,157.0,2.1839065551757812,0.9999994039535522,0.0009999978556163066,0.001,False,128.0,128.0,,
train,,,,,,,10.034307479858398,1.0,158.0,158.0,2.177943229675293,0.9999995827674866,0.0010000021315848021,0.001,False,128.0,128.0,,
train,,,,,,,10.093846797943115,1.0,159.0,159.0,2.1719272136688232,0.999999463558197,0.0009999998265420153,0.001,False,128.0,128.0,,
train,,,,,,,10.151450872421265,1.0,160.0,160.0,2.1793055534362793,0.9999993443489075,0.0009999991137784557,0.001,False,128.0,128.0,,
train,,,,,,,10.224229335784912,1.0,161.0,161.0,2.1593427658081055,0.9999994039535522,0.0010000016076715363,0.001,False,128.0,128.0,,
train,,,,,,,10.292773485183716,1.0,162.0,162.0,2.177506923675537,0.999999463558197,0.0009999993045149223,0.001,False,128.0,128.0,,
train,,,,,,,10.361386060714722,1.0,163.0,163.0,2.156676769256592,0.999999463558197,0.0010000004202059488,0.001,False,128.0,128.0,,
train,,,,,,,10.44592809677124,1.0,164.0,164.0,2.17965030670166,0.999999463558197,0.0009999991646822252,0.001,False,128.0,128.0,,
train,,,,,,,10.517417192459106,1.0,165.0,165.0,2.169252872467041,0.9999995231628418,0.0010000008317376109,0.001,False,128.0,128.0,,
train,,,,,,,10.58419919013977,1.0,166.0,166.0,2.174276828765869,0.9999993443489075,0.0009999998527432828,0.001,False,128.0,128.0,,
train,,,,,,,10.649693727493286,1.0,167.0,167.0,2.160849094390869,0.999999463558197,0.000999998886543331,0.001,False,128.0,128.0,,
train,,,,,,,10.728947162628174,1.0,168.0,168.0,2.1653475761413574,0.9999994039535522,0.0009999983784768245,0.001,False,128.0,128.0,,
train,,,,,,,10.808865785598755,1.0,169.0,169.0,2.139833927154541,0.9999993443489075,0.0009999991570494354,0.001,False,128.0,128.0,,
train,,,,,,,10.876377582550049,1.0,170.0,170.0,2.170109748840332,0.9999995231628418,0.000999999357250551,0.001,False,128.0,128.0,,
train,,,,,,,10.952306032180786,1.0,171.0,171.0,2.20523738861084,0.9999994039535522,0.001000000039649339,0.001,False,128.0,128.0,,
train,,,,,,,11.025328397750854,1.0,172.0,172.0,2.1773858070373535,0.9999994039535522,0.0009999991930206911,0.001,False,128.0,128.0,,
train,,,,,,,11.101430654525757,1.0,173.0,173.0,2.1649527549743652,0.9999994039535522,0.0009999994754616168,0.001,False,128.0,128.0,,
train,,,,,,,11.177613258361816,1.0,174.0,174.0,2.1510000228881836,0.9999993443489075,0.0009999986219213434,0.001,False,128.0,128.0,,
train,,,,,,,11.237750768661499,1.0,175.0,175.0,2.170515537261963,0.999999463558197,0.0010000001964683228,0.001,False,128.0,128.0,,
train,,,,,,,11.29857587814331,1.0,176.0,176.0,2.154876232147217,0.9999994039535522,0.0010000019725456802,0.001,False,128.0,128.0,,
train,,,,,,,11.364472389221191,1.0,177.0,177.0,2.135097026824951,0.999999463558197,0.0009999990857730548,0.001,False,128.0,128.0,,
train,,,,,,,11.430899381637573,1.0,178.0,178.0,2.172614574432373,0.9999994039535522,0.0009999991364825365,0.001,False,128.0,128.0,,
train,,,,,,,11.493776559829712,1.0,179.0,179.0,2.1755712032318115,0.9999994039535522,0.0009999982220461345,0.001,False,128.0,128.0,,
train,,,,,,,11.555921077728271,1.0,180.0,180.0,2.1733570098876953,0.9999994039535522,0.0009999995629749888,0.001,False,128.0,128.0,,
train,,,,,,,11.620186567306519,1.0,181.0,181.0,2.1325879096984863,0.9999993443489075,0.0009999995042719188,0.001,False,128.0,128.0,,
train,,,,,,,11.683263540267944,1.0,182.0,182.0,2.133527994155884,0.9999995231628418,0.0010000017107278177,0.001,False,128.0,128.0,,
train,,,,,,,11.746773958206177,1.0,183.0,183.0,2.1462764739990234,0.999999463558197,0.0009999992273543653,0.001,False,128.0,128.0,,
train,,,,,,,11.807623386383057,1.0,184.0,184.0,2.1662826538085938,0.999999463558197,0.0009999986379918436,0.001,False,128.0,128.0,,
train,,,,,,,11.878339290618896,1.0,185.0,185.0,2.1293344497680664,0.9999993443489075,0.0009999987428525457,0.001,False,128.0,128.0,,
train,,,,,,,11.940378904342651,1.0,186.0,186.0,2.1645965576171875,0.9999994039535522,0.001000000499614614,0.001,False,128.0,128.0,,
train,,,,,,,12.00307321548462,1.0,187.0,187.0,2.1314663887023926,0.9999995231628418,0.0009999997071652566,0.001,False,128.0,128.0,,
train,,,,,,,12.0633544921875,1.0,188.0,188.0,2.152315139770508,0.9999995231628418,0.001000000449821135,0.001,False,128.0,128.0,,
train,,,,,,,12.126989841461182,1.0,189.0,189.0,2.174362897872925,0.9999995231628418,0.0009999983623785644,0.001,False,128.0,128.0,,
train,,,,,,,12.195525407791138,1.0,190.0,190.0,2.1401166915893555,0.999999463558197,0.0009999986999701266,0.001,False,128.0,128.0,,
train,,,,,,,12.275157451629639,1.0,191.0,191.0,2.1735172271728516,0.9999994039535522,0.0009999983557172154,0.001,False,128.0,128.0,,
train,,,,,,,12.359455108642578,1.0,192.0,192.0,2.166818618774414,0.9999994039535522,0.0010000011066840764,0.001,False,128.0,128.0,,
train,,,,,,,12.434173583984375,1.0,193.0,193.0,2.10251784324646,0.9999993443489075,0.0009999997236243177,0.001,False,128.0,128.0,,
train,,,,,,,12.510275602340698,1.0,194.0,194.0,2.137782335281372,0.9999994039535522,0.0009999985531151743,0.001,False,128.0,128.0,,
train,,,,,,,12.578810691833496,1.0,195.0,195.0,2.1423516273498535,0.9999994039535522,0.001000000257419553,0.001,False,128.0,128.0,,
train,,,,,,,12.648249864578247,1.0,196.0,196.0,2.1344594955444336,0.999999463558197,0.0010000005777742729,0.001,False,128.0,128.0,,
train,,,,,,,12.723499298095703,1.0,197.0,197.0,2.1194510459899902,0.9999994039535522,0.0009999994111519121,0.001,False,128.0,128.0,,
train,,,,,,,12.799615621566772,1.0,198.0,198.0,2.1507487297058105,0.9999993443489075,0.0009999994084318642,0.001,False,128.0,128.0,,
train,,,,,,,12.87962794303894,1.0,199.0,199.0,2.1353437900543213,0.999999463558197,0.000999997361510368,0.001,False,128.0,128.0,,
train,,,,,,,12.95291543006897,1.0,200.0,200.0,2.1315903663635254,0.9999993443489075,0.000999999117164639,0.001,False,128.0,128.0,,
train,,,,,,,13.04200553894043,1.0,201.0,201.0,2.1439151763916016,0.999999463558197,0.0009999989374748677,0.001,False,128.0,128.0,,
train,,,,,,,13.11876630783081,1.0,202.0,202.0,2.1152634620666504,0.999999463558197,0.0009999993522545442,0.001,False,128.0,128.0,,
train,,,,,,,13.190008878707886,1.0,203.0,203.0,2.1283926963806152,0.999999463558197,0.0009999999855537227,0.001,False,128.0,128.0,,
train,,,,,,,13.25053882598877,1.0,204.0,204.0,2.1429049968719482,0.9999994039535522,0.0010000008841400925,0.001,False,128.0,128.0,,
train,,,,,,,13.309744358062744,1.0,205.0,205.0,2.0748229026794434,0.9999995231628418,0.0009999985305221028,0.001,False,128.0,128.0,,
train,,,,,,,13.374617099761963,1.0,206.0,206.0,2.1196696758270264,0.9999995231628418,0.000999999489922279,0.001,False,128.0,128.0,,
train,,,,,,,13.44066858291626,1.0,207.0,207.0,2.164989948272705,0.9999995827674866,0.0009999985196696567,0.001,False,128.0,128.0,,
train,,,,,,,13.499025106430054,1.0,208.0,208.0,2.1335153579711914,0.9999995231628418,0.000999999679770495,0.001,False,128.0,128.0,,
train,,,,,,,13.557285070419312,1.0,209.0,209.0,2.105236530303955,0.999999463558197,0.0009999995880660398,0.001,False,128.0,128.0,,
train,,,,,,,13.62454605102539,1.0,210.0,210.0,2.1349291801452637,0.9999992847442627,0.0010000004853204997,0.001,False,128.0,128.0,,
train,,,,,,,13.684536218643188,1.0,211.0,211.0,2.1296191215515137,0.9999994039535522,0.000999999886494067,0.001,False,128.0,128.0,,
train,,,,,,,13.752158164978027,1.0,212.0,212.0,2.095839500427246,0.999999463558197,0.0009999996914278404,0.001,False,128.0,128.0,,
train,,,,,,,13.841036081314087,1.0,213.0,213.0,2.1273021697998047,0.9999995231628418,0.0009999986783762603,0.001,False,128.0,128.0,,
train,,,,,,,13.908429384231567,1.0,214.0,214.0,2.120236873626709,0.999999463558197,0.0009999995791842519,0.001,False,128.0,128.0,,
train,,,,,,,13.965142250061035,1.0,215.0,215.0,2.130857229232788,0.9999994039535522,0.0009999987224799274,0.001,False,128.0,128.0,,
train,,,,,,,14.022770404815674,1.0,216.0,216.0,2.09529447555542,0.9999993443489075,0.0009999998052812405,0.001,False,128.0,128.0,,
train,,,,,,,14.085519313812256,1.0,217.0,217.0,2.133317470550537,0.9999995231628418,0.0009999999794197405,0.001,False,128.0,128.0,,
train,,,,,,,14.143915891647339,1.0,218.0,218.0,2.1166443824768066,0.9999994039535522,0.0009999985797883206,0.001,False,128.0,128.0,,
train,,,,,,,14.206771850585938,1.0,219.0,219.0,2.113424777984619,0.999999463558197,0.0010000002407107005,0.001,False,128.0,128.0,,
train,,,,,,,14.270061492919922,1.0,220.0,220.0,2.102539539337158,0.9999995231628418,0.0010000008291563445,0.001,False,128.0,128.0,,
train,,,,,,,14.330227375030518,1.0,221.0,221.0,2.1002140045166016,0.9999995231628418,0.0009999999787258511,0.001,False,128.0,128.0,,
train,,,,,,,14.387974739074707,1.0,222.0,222.0,2.0926008224487305,0.999999463558197,0.000999999093960957,0.001,False,128.0,128.0,,
train,,,,,,,14.449496269226074,1.0,223.0,223.0,2.106879949569702,0.999999463558197,0.000999999968123221,0.001,False,128.0,128.0,,
train,,,,,,,14.523276805877686,1.0,224.0,224.0,2.1422197818756104,0.9999995231628418,0.0009999988146285519,0.001,False,128.0,128.0,,
train,,,,,,,14.590089082717896,1.0,225.0,225.0,2.1088294982910156,0.9999993443489075,0.001000000691377772,0.001,False,128.0,128.0,,
train,,,,,,,14.650927066802979,1.0,226.0,226.0,2.1527252197265625,0.9999994039535522,0.0009999982473592641,0.001,False,128.0,128.0,,
train,,,,,,,14.709630966186523,1.0,227.0,227.0,2.1267189979553223,0.999999463558197,0.0009999997769427917,0.001,False,128.0,128.0,,
train,,,,,,,14.766854286193848,1.0,228.0,228.0,2.073859214782715,0.9999994039535522,0.0009999992547768948,0.001,False,128.0,128.0,,
train,,,,,,,14.824894189834595,1.0,229.0,229.0,2.1160223484039307,0.999999463558197,0.0009999991449202387,0.001,False,128.0,128.0,,
train,,,,,,,14.879662275314331,1.0,230.0,230.0,2.1204404830932617,0.9999994039535522,0.0010000004154597474,0.001,False,128.0,128.0,,
train,,,,,,,14.938063859939575,1.0,231.0,231.0,2.118781089782715,0.999999463558197,0.0009999990340088575,0.001,False,128.0,128.0,,
train,,,,,,,14.996193647384644,1.0,232.0,232.0,2.086003541946411,0.9999993443489075,0.0009999996368881161,0.001,False,128.0,128.0,,
train,,,,,,,15.054895877838135,1.0,233.0,233.0,2.0843849182128906,0.9999994039535522,0.0009999995898146417,0.001,False,128.0,128.0,,
train,,,,,,,15.11836314201355,1.0,234.0,234.0,2.0884485244750977,0.9999994039535522,0.0009999995042441632,0.001,False,128.0,128.0,,
train,,,,,,,15.188424110412598,1.0,235.0,235.0,2.113753080368042,0.999999463558197,0.0010000006206011005,0.001,False,128.0,128.0,,
train,,,,,,,15.249020338058472,1.0,236.0,236.0,2.134573459625244,0.9999995231628418,0.0010000010585004492,0.001,False,128.0,128.0,,
train,,,,,,,15.306738138198853,1.0,237.0,237.0,2.100050449371338,0.9999994039535522,0.0009999998742816125,0.001,False,128.0,128.0,,
train,,,,,,,15.364173889160156,1.0,238.0,238.0,2.0742545127868652,0.9999994039535522,0.0010000013365277173,0.001,False,128.0,128.0,,
train,,,,,,,15.422115564346313,1.0,239.0,239.0,2.106282949447632,0.9999994039535522,0.000999999003366672,0.001,False,128.0,128.0,,
train,,,,,,,15.478493690490723,1.0,240.0,240.0,2.123837947845459,0.9999993443489075,0.0010000000952992644,0.001,False,128.0,128.0,,
train,,,,,,,15.537932872772217,1.0,241.0,241.0,2.0989415645599365,0.9999994039535522,0.0009999983789209144,0.001,False,128.0,128.0,,
train,,,,,,,15.5956449508667,1.0,242.0,242.0,2.109337329864502,0.9999994039535522,0.0009999978536179008,0.001,False,128.0,128.0,,
train,,,,,,,15.657034873962402,1.0,243.0,243.0,2.072800636291504,0.999999463558197,0.0009999976890269705,0.001,False,128.0,128.0,,
train,,,,,,,15.717179536819458,1.0,244.0,244.0,2.1089820861816406,0.9999994039535522,0.0010000000661281568,0.001,False,128.0,128.0,,
train,,,,,,,15.774591445922852,1.0,245.0,245.0,2.069974899291992,0.999999463558197,0.0010000013361113843,0.001,False,128.0,128.0,,
train,,,,,,,15.837803840637207,1.0,246.0,246.0,2.1069626808166504,0.9999995231628418,0.0010000001445654052,0.001,False,128.0,128.0,,
train,,,,,,,15.900148153305054,1.0,247.0,247.0,2.069869041442871,0.999999463558197,0.000999998027146117,0.001,False,128.0,128.0,,
train,,,,,,,15.958325386047363,1.0,248.0,248.0,2.0986671447753906,0.999999463558197,0.0010000002134824871,0.001,False,128.0,128.0,,
train,,,,,,,16.01596426963806,1.0,249.0,249.0,2.084667205810547,0.999999463558197,0.0009999988067182035,0.001,False,128.0,128.0,,
train,,,,,,,16.077393531799316,1.0,250.0,250.0,2.1057090759277344,0.999999463558197,0.0009999987102674583,0.001,False,128.0,128.0,,
train,,,,,,,16.137336492538452,1.0,251.0,251.0,2.073634147644043,0.9999993443489075,0.0009999996770226921,0.001,False,128.0,128.0,,
train,,,,,,,16.197783708572388,1.0,252.0,252.0,2.076559066772461,0.999999463558197,0.0009999992813112446,0.001,False,128.0,128.0,,
train,,,,,,,16.256199836730957,1.0,253.0,253.0,2.069035530090332,0.9999994039535522,0.001000001098718235,0.001,False,128.0,128.0,,
train,,,,,,,16.312435626983643,1.0,254.0,254.0,2.101588726043701,0.9999994039535522,0.000999999891379049,0.001,False,128.0,128.0,,
train,,,,,,,16.370779514312744,1.0,255.0,255.0,2.0560035705566406,0.999999463558197,0.0009999981847703295,0.001,False,128.0,128.0,,
train,,,,,,,16.42713761329651,1.0,256.0,256.0,2.09708833694458,0.9999994039535522,0.0009999985090392554,0.001,False,128.0,128.0,,
train,,,,,,,16.48850131034851,1.0,257.0,257.0,2.057298183441162,0.999999463558197,0.0009999998379773142,0.001,False,128.0,128.0,,
train,,,,,,,16.545111417770386,1.0,258.0,258.0,2.058164358139038,0.9999995231628418,0.001000000146841362,0.001,False,128.0,128.0,,
train,,,,,,,16.610187530517578,1.0,259.0,259.0,2.0784401893615723,0.9999993443489075,0.0010000006786379714,0.001,False,128.0,128.0,,
train,,,,,,,16.670175790786743,1.0,260.0,260.0,2.052558422088623,0.999999463558197,0.0009999992352369548,0.001,False,128.0,128.0,,
train,,,,,,,16.72927236557007,1.0,261.0,261.0,2.096951484680176,0.999999463558197,0.0010000004990317474,0.001,False,128.0,128.0,,
train,,,,,,,16.790727615356445,1.0,262.0,262.0,2.0857620239257812,0.999999463558197,0.0009999992703755398,0.001,False,128.0,128.0,,
train,,,,,,,16.85393738746643,1.0,263.0,263.0,2.044910430908203,0.9999994039535522,0.001000000110981163,0.001,False,128.0,128.0,,
train,,,,,,,16.92965340614319,1.0,264.0,264.0,2.0795235633850098,0.999999463558197,0.0010000011442650835,0.001,False,128.0,128.0,,
train,,,,,,,17.00434446334839,1.0,265.0,265.0,2.0571279525756836,0.999999463558197,0.0009999988512104433,0.001,False,128.0,128.0,,
train,,,,,,,17.062227249145508,1.0,266.0,266.0,2.0389697551727295,0.9999994039535522,0.0009999989958449035,0.001,False,128.0,128.0,,
train,,,,,,,17.12985110282898,1.0,267.0,267.0,2.0872154235839844,0.9999994039535522,0.000999998770164066,0.001,False,128.0,128.0,,
train,,,,,,,17.19194746017456,1.0,268.0,268.0,2.0743093490600586,0.999999463558197,0.0009999974321762473,0.001,False,128.0,128.0,,
train,,,,,,,17.25775408744812,1.0,269.0,269.0,2.0557003021240234,0.999999463558197,0.0009999972919269538,0.001,False,128.0,128.0,,
train,,,,,,,17.31703209877014,1.0,270.0,270.0,2.065786838531494,0.9999994039535522,0.0009999996716658643,0.001,False,128.0,128.0,,
train,,,,,,,17.379857540130615,1.0,271.0,271.0,2.051431894302368,0.999999463558197,0.000999998611013387,0.001,False,128.0,128.0,,
train,,,,,,,17.441209077835083,1.0,272.0,272.0,2.0616374015808105,0.9999994039535522,0.0009999982463045503,0.001,False,128.0,128.0,,
train,,,,,,,17.504881620407104,1.0,273.0,273.0,2.097935199737549,0.9999994039535522,0.0009999995368847358,0.001,False,128.0,128.0,,
train,,,,,,,17.562421560287476,1.0,274.0,274.0,2.050790786743164,0.9999993443489075,0.0010000005044718374,0.001,False,128.0,128.0,,
train,,,,,,,17.622868537902832,1.0,275.0,275.0,2.0666608810424805,0.9999994039535522,0.0009999990095561715,0.001,False,128.0,128.0,,
train,,,,,,,17.680487155914307,1.0,276.0,276.0,2.0440399646759033,0.9999994039535522,0.0009999978485386197,0.001,False,128.0,128.0,,
train,,,,,,,17.73934531211853,1.0,277.0,277.0,2.0490262508392334,0.9999995231628418,0.0009999995728559778,0.001,False,128.0,128.0,,
train,,,,,,,17.80194926261902,1.0,278.0,278.0,2.06210994720459,0.999999463558197,0.0009999984988251884,0.001,False,128.0,128.0,,
train,,,,,,,17.866867780685425,1.0,279.0,279.0,2.0452566146850586,0.9999994039535522,0.0010000001369603786,0.001,False,128.0,128.0,,
train,,,,,,,17.935368061065674,1.0,280.0,280.0,2.0666632652282715,0.9999994039535522,0.0010000006700337488,0.001,False,128.0,128.0,,
train,,,,,,,18.00322961807251,1.0,281.0,281.0,2.096449375152588,0.9999993443489075,0.000999999296576822,0.001,False,128.0,128.0,,
train,,,,,,,18.066927671432495,1.0,282.0,282.0,2.0843119621276855,0.9999994039535522,0.0010000006578768147,0.001,False,128.0,128.0,,
train,,,,,,,18.12656569480896,1.0,283.0,283.0,1.9945486783981323,0.999999463558197,0.000999999428360379,0.001,False,128.0,128.0,,
train,,,,,,,18.187572717666626,1.0,284.0,284.0,2.0819177627563477,0.9999993443489075,0.001000000444991667,0.001,False,128.0,128.0,,
train,,,,,,,18.246426105499268,1.0,285.0,285.0,2.0568695068359375,0.9999994039535522,0.001000000304354218,0.001,False,128.0,128.0,,
train,,,,,,,18.306525707244873,1.0,286.0,286.0,2.0070462226867676,0.999999463558197,0.001000000197217723,0.001,False,128.0,128.0,,
train,,,,,,,18.369312286376953,1.0,287.0,287.0,2.0713086128234863,0.999999463558197,0.0010000009350992832,0.001,False,128.0,128.0,,
train,,,,,,,18.429722785949707,1.0,288.0,288.0,2.040649175643921,0.9999993443489075,0.0010000009101192881,0.001,False,128.0,128.0,,
train,,,,,,,18.492491006851196,1.0,289.0,289.0,2.0274157524108887,0.999999463558197,0.0009999986421551858,0.001,False,128.0,128.0,,
train,,,,,,,18.55819845199585,1.0,290.0,290.0,2.029444694519043,0.999999463558197,0.0009999988192082273,0.001,False,128.0,128.0,,
train,,,,,,,18.622208833694458,1.0,291.0,291.0,2.0702931880950928,0.9999994039535522,0.000999997907214031,0.001,False,128.0,128.0,,
train,,,,,,,18.684338569641113,1.0,292.0,292.0,2.0362634658813477,0.9999992847442627,0.0009999994107633338,0.001,False,128.0,128.0,,
train,,,,,,,18.747555255889893,1.0,293.0,293.0,2.0530166625976562,0.9999994039535522,0.001000000644942725,0.001,False,128.0,128.0,,
train,,,,,,,18.81133723258972,1.0,294.0,294.0,2.0658483505249023,0.999999463558197,0.0009999995338593767,0.001,False,128.0,128.0,,
train,,,,,,,18.87978219985962,1.0,295.0,295.0,2.0438523292541504,0.999999463558197,0.0010000006044196099,0.001,False,128.0,128.0,,
train,,,,,,,18.94390344619751,1.0,296.0,296.0,2.032224416732788,0.9999994039535522,0.0009999993707952807,0.001,False,128.0,128.0,,
train,,,,,,,19.00348162651062,1.0,297.0,297.0,2.059690475463867,0.999999463558197,0.0009999993368779454,0.001,False,128.0,128.0,,
train,,,,,,,19.062019109725952,1.0,298.0,298.0,2.1002755165100098,0.9999994039535522,0.0009999987837643147,0.001,False,128.0,128.0,,
train,,,,,,,19.123732566833496,1.0,299.0,299.0,2.004699468612671,0.999999463558197,0.000999999246311438,0.001,False,128.0,128.0,,
train,,,,,,,19.18663501739502,1.0,300.0,300.0,2.0450360774993896,0.9999994039535522,0.0009999996533471783,0.001,False,128.0,128.0,,
train,,,,,,,19.25067114830017,1.0,301.0,301.0,2.0146093368530273,0.999999463558197,0.0009999999170529589,0.001,False,128.0,128.0,,
train,,,,,,,19.31910991668701,1.0,302.0,302.0,2.0246450901031494,0.9999993443489075,0.0009999984635755538,0.001,False,128.0,128.0,,
train,,,,,,,19.386908292770386,1.0,303.0,303.0,2.0506508350372314,0.9999992847442627,0.0009999989430814998,0.001,False,128.0,128.0,,
train,,,,,,,19.44721221923828,1.0,304.0,304.0,2.056685447692871,0.9999993443489075,0.0009999986369926416,0.001,False,128.0,128.0,,
train,,,,,,,19.510298490524292,1.0,305.0,305.0,2.0384931564331055,0.999999463558197,0.0009999995209252724,0.001,False,128.0,128.0,,
train,,,,,,,19.582359313964844,1.0,306.0,306.0,2.0361328125,0.9999992847442627,0.000999997940964881,0.001,False,128.0,128.0,,
train,,,,,,,19.647397756576538,1.0,307.0,307.0,2.047168493270874,0.999999463558197,0.00099999958051652,0.001,False,128.0,128.0,,
train,,,,,,,19.71660876274109,1.0,308.0,308.0,2.0284552574157715,0.9999993443489075,0.000999997290400393,0.001,False,128.0,128.0,,
train,,,,,,,19.779621124267578,1.0,309.0,309.0,1.993825078010559,0.9999993443489075,0.0009999978446805862,0.001,False,128.0,128.0,,
train,,,,,,,19.845480918884277,1.0,310.0,310.0,2.024473190307617,0.999999463558197,0.0009999998114429793,0.001,False,128.0,128.0,,
train,,,,,,,19.9115731716156,1.0,311.0,311.0,2.0220224857330322,0.999999463558197,0.0010000004779930312,0.001,False,128.0,128.0,,
train,,,,,,,19.975546836853027,1.0,312.0,312.0,2.034552574157715,0.999999463558197,0.000999999691261307,0.001,False,128.0,128.0,,
train,,,,,,,20.03631329536438,1.0,313.0,313.0,2.0260701179504395,0.9999995231628418,0.0010000004638099388,0.001,False,128.0,128.0,,
train,,,,,,,20.09581470489502,1.0,314.0,314.0,2.0140221118927,0.9999994039535522,0.000999998111273429,0.001,False,128.0,128.0,,
train,,,,,,,20.154890060424805,1.0,315.0,315.0,1.9927949905395508,0.999999463558197,0.0009999998307053523,0.001,False,128.0,128.0,,
train,,,,,,,20.218330144882202,1.0,316.0,316.0,1.9950567483901978,0.999999463558197,0.0010000002834820315,0.001,False,128.0,128.0,,
train,,,,,,,20.28200602531433,1.0,317.0,317.0,2.0156750679016113,0.9999995231628418,0.000999998941027585,0.001,False,128.0,128.0,,
train,,,,,,,20.343674898147583,1.0,318.0,318.0,2.0098228454589844,0.9999994039535522,0.0009999990240723519,0.001,False,128.0,128.0,,
train,,,,,,,20.412059783935547,1.0,319.0,319.0,2.041722059249878,0.9999994039535522,0.000999999475517128,0.001,False,128.0,128.0,,
train,,,,,,,20.472869157791138,1.0,320.0,320.0,1.9896022081375122,0.9999994039535522,0.0009999983518314283,0.001,False,128.0,128.0,,
train,,,,,,,20.536429166793823,1.0,321.0,321.0,2.021329164505005,0.999999463558197,0.0009999995943388025,0.001,False,128.0,128.0,,
train,,,,,,,20.59601593017578,1.0,322.0,322.0,2.0503828525543213,0.9999993443489075,0.0009999981465508318,0.001,False,128.0,128.0,,
train,,,,,,,20.65754532814026,1.0,323.0,323.0,1.9813153743743896,0.9999994039535522,0.0009999986966116976,0.001,False,128.0,128.0,,
train,,,,,,,20.716128826141357,1.0,324.0,324.0,1.9909616708755493,0.9999995231628418,0.000999999688652282,0.001,False,128.0,128.0,,
train,,,,,,,20.77560019493103,1.0,325.0,325.0,2.0259032249450684,0.999999463558197,0.0010000003494847693,0.001,False,128.0,128.0,,
train,,,,,,,20.83549690246582,1.0,326.0,326.0,1.9989758729934692,0.9999994039535522,0.0009999987559809493,0.001,False,128.0,128.0,,
train,,,,,,,20.899574041366577,1.0,327.0,327.0,2.042900562286377,0.9999993443489075,0.0009999995209252724,0.001,False,128.0,128.0,,
train,,,,,,,20.958839178085327,1.0,328.0,328.0,2.0332679748535156,0.9999994039535522,0.0009999993312713154,0.001,False,128.0,128.0,,
train,,,,,,,21.01663327217102,1.0,329.0,329.0,2.026401996612549,0.9999995231628418,0.000999998392410146,0.001,False,128.0,128.0,,
train,,,,,,,21.074183702468872,1.0,330.0,330.0,2.0071613788604736,0.9999994039535522,0.0009999994521746763,0.001,False,128.0,128.0,,
train,,,,,,,21.133012533187866,1.0,331.0,331.0,2.051234722137451,0.9999993443489075,0.0009999994089037092,0.001,False,128.0,128.0,,
train,,,,,,,21.192617654800415,1.0,332.0,332.0,2.00297474861145,0.9999994039535522,0.0009999982462767947,0.001,False,128.0,128.0,,
train,,,,,,,21.26685404777527,1.0,333.0,333.0,2.028181314468384,0.9999993443489075,0.0009999999906885044,0.001,False,128.0,128.0,,
train,,,,,,,21.33615469932556,1.0,334.0,334.0,1.9959663152694702,0.9999995231628418,0.0009999976245228617,0.001,False,128.0,128.0,,
train,,,,,,,21.402869939804077,1.0,335.0,335.0,1.977201223373413,0.9999994039535522,0.0009999989294812532,0.001,False,128.0,128.0,,
train,,,,,,,21.471880674362183,1.0,336.0,336.0,1.988044261932373,0.9999993443489075,0.0009999996510712203,0.001,False,128.0,128.0,,
train,,,,,,,21.54217553138733,1.0,337.0,337.0,2.0083351135253906,0.9999994039535522,0.0010000005962594754,0.001,False,128.0,128.0,,
train,,,,,,,21.612895965576172,1.0,338.0,338.0,2.025848388671875,0.999999463558197,0.0010000000727062278,0.001,False,128.0,128.0,,
train,,,,,,,21.67756724357605,1.0,339.0,339.0,1.9879502058029175,0.9999994039535522,0.0009999999047572378,0.001,False,128.0,128.0,,
train,,,,,,,21.74081540107727,1.0,340.0,340.0,1.9905645847320557,0.9999994039535522,0.0009999991255468302,0.001,False,128.0,128.0,,
train,,,,,,,21.802573204040527,1.0,341.0,341.0,1.972798466682434,0.999999463558197,0.001000000054248771,0.001,False,128.0,128.0,,
train,,,,,,,21.865462064743042,1.0,342.0,342.0,2.0091171264648438,0.999999463558197,0.000999997961642827,0.001,False,128.0,128.0,,
train,,,,,,,21.931634426116943,1.0,343.0,343.0,2.003209352493286,0.9999994039535522,0.0009999992123385871,0.001,False,128.0,128.0,,
train,,,,,,,21.99788212776184,1.0,344.0,344.0,1.9634668827056885,0.9999994039535522,0.001000000731678839,0.001,False,128.0,128.0,,
train,,,,,,,22.061189889907837,1.0,345.0,345.0,1.991635799407959,0.9999995231628418,0.0009999986388800233,0.001,False,128.0,128.0,,
train,,,,,,,22.127042055130005,1.0,346.0,346.0,2.00899076461792,0.9999994039535522,0.0009999987669166597,0.001,False,128.0,128.0,,
train,,,,,,,22.190219402313232,1.0,347.0,347.0,1.9400724172592163,0.9999993443489075,0.000999998935420953,0.001,False,128.0,128.0,,
train,,,,,,,22.25091290473938,1.0,348.0,348.0,2.023347854614258,0.9999994039535522,0.0009999984717079498,0.001,False,128.0,128.0,,
train,,,,,,,22.3137104511261,1.0,349.0,349.0,1.9865357875823975,0.9999994039535522,0.0009999998383103813,0.001,False,128.0,128.0,,
train,,,,,,,22.373631477355957,1.0,350.0,350.0,1.9418823719024658,0.999999463558197,0.000999999480374356,0.001,False,128.0,128.0,,
train,,,,,,,22.440856456756592,1.0,351.0,351.0,2.0172922611236572,0.999999463558197,0.0010000003207022471,0.001,False,128.0,128.0,,
train,,,,,,,22.514355421066284,1.0,352.0,352.0,2.007974147796631,0.9999994039535522,0.0009999998089172215,0.001,False,128.0,128.0,,
train,,,,,,,22.584523677825928,1.0,353.0,353.0,1.963139295578003,0.9999993443489075,0.001000001602425741,0.001,False,128.0,128.0,,
train,,,,,,,22.657265424728394,1.0,354.0,354.0,1.9784584045410156,0.9999995827674866,0.001000000076786297,0.001,False,128.0,128.0,,
train,,,,,,,22.727705478668213,1.0,355.0,355.0,1.9917426109313965,0.9999994039535522,0.0009999997320620149,0.001,False,128.0,128.0,,
train,,,,,,,22.791043519973755,1.0,356.0,356.0,1.9893277883529663,0.9999993443489075,0.0009999980720547259,0.001,False,128.0,128.0,,
train,,,,,,,22.85444188117981,1.0,357.0,357.0,1.9560978412628174,0.9999993443489075,0.0009999992314066826,0.001,False,128.0,128.0,,
train,,,,,,,22.91478657722473,1.0,358.0,358.0,1.9474146366119385,0.9999993443489075,0.001000001551549851,0.001,False,128.0,128.0,,
train,,,,,,,22.97308111190796,1.0,359.0,359.0,1.9839591979980469,0.999999463558197,0.000999999781577974,0.001,False,128.0,128.0,,
train,,,,,,,23.032464265823364,1.0,360.0,360.0,1.965777039527893,0.9999995231628418,0.0009999995652231913,0.001,False,128.0,128.0,,
train,,,,,,,23.097570180892944,1.0,361.0,361.0,2.0264194011688232,0.9999994039535522,0.0009999996063569715,0.001,False,128.0,128.0,,
train,,,,,,,23.16395139694214,1.0,362.0,362.0,2.0116074085235596,0.9999994039535522,0.0009999988806591424,0.001,False,128.0,128.0,,
train,,,,,,,23.22386908531189,1.0,363.0,363.0,1.9703054428100586,0.9999993443489075,0.0009999992250228952,0.001,False,128.0,128.0,,
train,,,,,,,23.287105321884155,1.0,364.0,364.0,1.9965740442276,0.999999463558197,0.0009999980397471732,0.001,False,128.0,128.0,,
train,,,,,,,23.353553295135498,1.0,365.0,365.0,1.9811862707138062,0.9999994039535522,0.0009999992213591564,0.001,False,128.0,128.0,,
train,,,,,,,23.416154384613037,1.0,366.0,366.0,1.98861563205719,0.9999995231628418,0.0010000011477345264,0.001,False,128.0,128.0,,
train,,,,,,,23.479507207870483,1.0,367.0,367.0,1.9637649059295654,0.999999463558197,0.0009999978960562662,0.001,False,128.0,128.0,,
train,,,,,,,23.5447781085968,1.0,368.0,368.0,1.9898661375045776,0.9999994039535522,0.0009999993253593737,0.001,False,128.0,128.0,,
train,,,,,,,23.611074209213257,1.0,369.0,369.0,1.9193994998931885,0.9999993443489075,0.0009999989607895757,0.001,False,128.0,128.0,,
train,,,,,,,23.674179792404175,1.0,370.0,370.0,1.969656229019165,0.9999995231628418,0.0009999986853706747,0.001,False,128.0,128.0,,
train,,,,,,,23.73839545249939,1.0,371.0,371.0,1.9373455047607422,0.999999463558197,0.0010000002253341153,0.001,False,128.0,128.0,,
train,,,,,,,23.83051037788391,1.0,372.0,372.0,1.9316115379333496,0.9999995231628418,0.0009999978241969272,0.001,False,128.0,128.0,,
train,,,,,,,23.907155513763428,1.0,373.0,373.0,1.9077014923095703,0.9999994039535522,0.0009999985493959218,0.001,False,128.0,128.0,,
train,,,,,,,23.974299907684326,1.0,374.0,374.0,1.9149807691574097,0.999999463558197,0.0010000000080912503,0.001,False,128.0,128.0,,
train,,,,,,,24.040794134140015,1.0,375.0,375.0,1.9861406087875366,0.999999463558197,0.0009999970917254246,0.001,False,128.0,128.0,,
train,,,,,,,24.113367080688477,1.0,376.0,376.0,1.9478169679641724,0.9999994039535522,0.0010000003358567864,0.001,False,128.0,128.0,,
train,,,,,,,24.175539016723633,1.0,377.0,377.0,1.988534688949585,0.9999993443489075,0.0009999990808603134,0.001,False,128.0,128.0,,
train,,,,,,,24.235559463500977,1.0,378.0,378.0,1.9228042364120483,0.9999993443489075,0.0009999999161370249,0.001,False,128.0,128.0,,
train,,,,,,,24.298409938812256,1.0,379.0,379.0,1.9884889125823975,0.9999994039535522,0.0009999994151487174,0.001,False,128.0,128.0,,
train,,,,,,,24.36019515991211,1.0,380.0,380.0,1.9619141817092896,0.9999995231628418,0.0009999988140179286,0.001,False,128.0,128.0,,
train,,,,,,,24.42108702659607,1.0,381.0,381.0,1.9197182655334473,0.9999994039535522,0.0009999997125775954,0.001,False,128.0,128.0,,
train,,,,,,,24.476943731307983,1.0,382.0,382.0,1.963576078414917,0.9999994039535522,0.0010000001271904173,0.001,False,128.0,128.0,,
train,,,,,,,24.533065795898438,1.0,383.0,383.0,1.9521312713623047,0.9999994039535522,0.0009999978063222974,0.001,False,128.0,128.0,,
train,,,,,,,24.592557907104492,1.0,384.0,384.0,1.9829144477844238,0.9999994039535522,0.0009999992777030172,0.001,False,128.0,128.0,,
train,,,,,,,24.64958381652832,1.0,385.0,385.0,1.9734430313110352,0.9999993443489075,0.0009999997771370807,0.001,False,128.0,128.0,,
train,,,,,,,24.70757794380188,1.0,386.0,386.0,1.939711570739746,0.9999994039535522,0.0009999995685816174,0.001,False,128.0,128.0,,
train,,,,,,,24.775042295455933,1.0,387.0,387.0,1.9893927574157715,0.9999994039535522,0.000999999294522908,0.001,False,128.0,128.0,,
train,,,,,,,24.838525772094727,1.0,388.0,388.0,1.9474117755889893,0.9999993443489075,0.0009999988216784763,0.001,False,128.0,128.0,,
train,,,,,,,24.898347854614258,1.0,389.0,389.0,1.9808058738708496,0.9999993443489075,0.0009999978743236045,0.001,False,128.0,128.0,,
train,,,,,,,24.962276220321655,1.0,390.0,390.0,1.9121876955032349,0.9999995231628418,0.0010000009590800777,0.001,False,128.0,128.0,,
train,,,,,,,25.022822618484497,1.0,391.0,391.0,1.9389441013336182,0.9999993443489075,0.0009999992394558056,0.001,False,128.0,128.0,,
train,,,,,,,25.083122968673706,1.0,392.0,392.0,1.9514306783676147,0.9999994039535522,0.0009999972346670446,0.001,False,128.0,128.0,,
train,,,,,,,25.140950918197632,1.0,393.0,393.0,1.9144302606582642,0.999999463558197,0.0009999982680094484,0.001,False,128.0,128.0,,
train,,,,,,,25.196213483810425,1.0,394.0,394.0,1.9065394401550293,0.999999463558197,0.0009999977766237658,0.001,False,128.0,128.0,,
train,,,,,,,25.25521183013916,1.0,395.0,395.0,1.974316120147705,0.9999992847442627,0.000999999428027312,0.001,False,128.0,128.0,,
train,,,,,,,25.311119079589844,1.0,396.0,396.0,1.9701999425888062,0.999999463558197,0.0009999981411107288,0.001,False,128.0,128.0,,
train,,,,,,,25.370283842086792,1.0,397.0,397.0,1.9777482748031616,0.9999994039535522,0.0009999993324370502,0.001,False,128.0,128.0,,
train,,,,,,,25.426077842712402,1.0,398.0,398.0,1.9178663492202759,0.9999992847442627,0.0009999989782478508,0.001,False,128.0,128.0,,
train,,,,,,,25.482542514801025,1.0,399.0,399.0,1.9485251903533936,0.9999994039535522,0.0009999974379216662,0.001,False,128.0,128.0,,
train,,,,,,,25.53562569618225,1.0,400.0,400.0,1.9370896816253662,0.9999994039535522,0.0009999992838092481,0.001,False,128.0,128.0,,
train,,,,,,,25.5914146900177,1.0,401.0,401.0,1.889303207397461,0.9999994039535522,0.000999999948833095,0.001,False,128.0,128.0,,
train,,,,,,,25.64566135406494,1.0,402.0,402.0,1.9407533407211304,0.9999995231628418,0.0009999989397785829,0.001,False,128.0,128.0,,
train,,,,,,,25.70105743408203,1.0,403.0,403.0,1.9213716983795166,0.9999993443489075,0.0010000001759292007,0.001,False,128.0,128.0,,
train,,,,,,,25.7579562664032,1.0,404.0,404.0,1.9805772304534912,0.9999994039535522,0.0009999981237634617,0.001,False,128.0,128.0,,
train,,,,,,,25.81400775909424,1.0,405.0,405.0,1.9403109550476074,0.9999992847442627,0.000999998597773959,0.001,False,128.0,128.0,,
train,,,,,,,25.869139432907104,1.0,406.0,406.0,1.947621464729309,0.9999994039535522,0.0009999972638659903,0.001,False,128.0,128.0,,
train,,,,,,,25.928674459457397,1.0,407.0,407.0,1.9482009410858154,0.999999463558197,0.0010000022577336164,0.001,False,128.0,128.0,,
train,,,,,,,25.985740184783936,1.0,408.0,408.0,1.9091938734054565,0.9999993443489075,0.000999999728592567,0.001,False,128.0,128.0,,
train,,,,,,,26.04070234298706,1.0,409.0,409.0,1.933067798614502,0.9999995231628418,0.0009999994174801873,0.001,False,128.0,128.0,,
train,,,,,,,26.097094535827637,1.0,410.0,410.0,1.8799502849578857,0.9999995231628418,0.0010000002346599866,0.001,False,128.0,128.0,,
train,,,,,,,26.15533208847046,1.0,411.0,411.0,1.9745376110076904,0.9999994039535522,0.0010000024183825125,0.001,False,128.0,128.0,,
train,,,,,,,26.219457864761353,1.0,412.0,412.0,1.9032635688781738,0.999999463558197,0.0010000014806067074,0.001,False,128.0,128.0,,
train,,,,,,,26.276153326034546,1.0,413.0,413.0,1.8802478313446045,0.9999994039535522,0.000999998915853251,0.001,False,128.0,128.0,,
train,,,,,,,26.332165718078613,1.0,414.0,414.0,1.8880386352539062,0.999999463558197,0.0010000003540644377,0.001,False,128.0,128.0,,
train,,,,,,,26.39042377471924,1.0,415.0,415.0,1.895712971687317,0.9999995231628418,0.0009999993903629736,0.001,False,128.0,128.0,,
train,,,,,,,26.445765018463135,1.0,416.0,416.0,1.849564552307129,0.9999995231628418,0.00099999922524494,0.001,False,128.0,128.0,,
train,,,,,,,26.503973960876465,1.0,417.0,417.0,1.9185609817504883,0.9999995827674866,0.0010000008398699876,0.001,False,128.0,128.0,,
train,,,,,,,26.56231713294983,1.0,418.0,418.0,1.8958920240402222,0.999999463558197,0.0009999982133308682,0.001,False,128.0,128.0,,
train,,,,,,,26.618022680282593,1.0,419.0,419.0,1.9009746313095093,0.9999992251396179,0.0010000008749252497,0.001,False,128.0,128.0,,
train,,,,,,,26.675393104553223,1.0,420.0,420.0,1.8934195041656494,0.999999463558197,0.0010000008831964038,0.001,False,128.0,128.0,,
train,,,,,,,26.73126244544983,1.0,421.0,421.0,1.904522180557251,0.999999463558197,0.0010000000652399784,0.001,False,128.0,128.0,,
train,,,,,,,26.785093545913696,1.0,422.0,422.0,1.878685712814331,0.9999995231628418,0.0009999987617541164,0.001,False,128.0,128.0,,
train,,,,,,,26.841997861862183,1.0,423.0,423.0,1.923878788948059,0.9999994039535522,0.0010000008462815204,0.001,False,128.0,128.0,,
train,,,,,,,26.900604248046875,1.0,424.0,424.0,1.884770154953003,0.9999993443489075,0.0009999991878026388,0.001,False,128.0,128.0,,
train,,,,,,,26.957072257995605,1.0,425.0,425.0,1.9150238037109375,0.9999994039535522,0.0010000001911114977,0.001,False,128.0,128.0,,
train,,,,,,,27.01661443710327,1.0,426.0,426.0,1.9173064231872559,0.9999994039535522,0.000999999765563003,0.001,False,128.0,128.0,,
train,,,,,,,27.078991413116455,1.0,427.0,427.0,1.901278018951416,0.9999994039535522,0.0010000020397695495,0.001,False,128.0,128.0,,
train,,,,,,,27.135589838027954,1.0,428.0,428.0,1.896942377090454,0.999999463558197,0.0009999984571917614,0.001,False,128.0,128.0,,
train,,,,,,,27.194302082061768,1.0,429.0,429.0,1.851712942123413,0.999999463558197,0.0009999975348721356,0.001,False,128.0,128.0,,
train,,,,,,,27.24898600578308,1.0,430.0,430.0,1.93388032913208,0.9999994039535522,0.0009999976576075859,0.001,False,128.0,128.0,,
train,,,,,,,27.309003591537476,1.0,431.0,431.0,1.9128665924072266,0.999999463558197,0.0010000003004684388,0.001,False,128.0,128.0,,
train,,,,,,,27.364187717437744,1.0,432.0,432.0,1.9002232551574707,0.9999995231628418,0.000999999106950578,0.001,False,128.0,128.0,,
train,,,,,,,27.419744968414307,1.0,433.0,433.0,1.9243195056915283,0.9999995231628418,0.0009999987834312474,0.001,False,128.0,128.0,,
train,,,,,,,27.475929975509644,1.0,434.0,434.0,1.9076125621795654,0.9999994039535522,0.0009999995603104522,0.001,False,128.0,128.0,,
train,,,,,,,27.53325390815735,1.0,435.0,435.0,1.8649176359176636,0.9999994039535522,0.001000000102154891,0.001,False,128.0,128.0,,
train,,,,,,,27.58975839614868,1.0,436.0,436.0,1.9187856912612915,0.9999994039535522,0.001000000578079584,0.001,False,128.0,128.0,,
train,,,,,,,27.6471951007843,1.0,437.0,437.0,1.9233410358428955,0.999999463558197,0.001000000150283053,0.001,False,128.0,128.0,,
train,,,,,,,27.700960636138916,1.0,438.0,438.0,1.892183542251587,0.999999463558197,0.0010000003594490174,0.001,False,128.0,128.0,,
train,,,,,,,27.758676528930664,1.0,439.0,439.0,1.9026521444320679,0.9999992847442627,0.0009999988598701928,0.001,False,128.0,128.0,,
train,,,,,,,27.814581871032715,1.0,440.0,440.0,1.8859148025512695,0.9999993443489075,0.001000000039260761,0.001,False,128.0,128.0,,
train,,,,,,,27.87195897102356,1.0,441.0,441.0,1.9174407720565796,0.999999463558197,0.0009999988665870497,0.001,False,128.0,128.0,,
train,,,,,,,27.928677082061768,1.0,442.0,442.0,1.8821477890014648,0.9999994039535522,0.0009999987450174832,0.001,False,128.0,128.0,,
train,,,,,,,27.98621392250061,1.0,443.0,443.0,1.92375910282135,0.999999463558197,0.0010000009448137255,0.001,False,128.0,128.0,,
train,,,,,,,28.04227066040039,1.0,444.0,444.0,1.845943808555603,0.9999994039535522,0.0010000011806526009,0.001,False,128.0,128.0,,
train,,,,,,,28.098774909973145,1.0,445.0,445.0,1.9274568557739258,0.999999463558197,0.0009999984884445875,0.001,False,128.0,128.0,,
train,,,,,,,28.1551194190979,1.0,446.0,446.0,1.9053184986114502,0.999999463558197,0.001000000982672294,0.001,False,128.0,128.0,,
train,,,,,,,28.211854457855225,1.0,447.0,447.0,1.904188632965088,0.9999995231628418,0.0010000000255564459,0.001,False,128.0,128.0,,
train,,,,,,,28.273088216781616,1.0,448.0,448.0,1.8789372444152832,0.9999992847442627,0.0010000000064536714,0.001,False,128.0,128.0,,
train,,,,,,,28.332751035690308,1.0,449.0,449.0,1.906726360321045,0.9999994039535522,0.0009999986688283297,0.001,False,128.0,128.0,,
train,,,,,,,28.393176317214966,1.0,450.0,450.0,1.908540964126587,0.9999994039535522,0.0009999984493369214,0.001,False,128.0,128.0,,
train,,,,,,,28.452866792678833,1.0,451.0,451.0,1.8649557828903198,0.9999994039535522,0.000999998748542446,0.001,False,128.0,128.0,,
train,,,,,,,28.565110445022583,1.0,452.0,452.0,1.8167438507080078,0.999999463558197,0.0009999987682211733,0.001,False,128.0,128.0,,
train,,,,,,,28.63047981262207,1.0,453.0,453.0,1.9313180446624756,0.999999463558197,0.0009999995864007046,0.001,False,128.0,128.0,,
train,,,,,,,28.69130539894104,1.0,454.0,454.0,1.8658263683319092,0.9999993443489075,0.0009999975579370755,0.001,False,128.0,128.0,,
train,,,,,,,28.758012533187866,1.0,455.0,455.0,1.8542120456695557,0.9999994039535522,0.0009999995810993873,0.001,False,128.0,128.0,,
train,,,,,,,28.832892417907715,1.0,456.0,456.0,1.8503215312957764,0.9999994039535522,0.000999999555536491,0.001,False,128.0,128.0,,
train,,,,,,,28.894829273223877,1.0,457.0,457.0,1.879547119140625,0.999999463558197,0.0009999995334430429,0.001,False,128.0,128.0,,
train,,,,,,,28.959254026412964,1.0,458.0,458.0,1.9297003746032715,0.9999992847442627,0.0009999997429977147,0.001,False,128.0,128.0,,
train,,,,,,,29.026384830474854,1.0,459.0,459.0,1.8525199890136719,0.9999994039535522,0.0009999990024229814,0.001,False,128.0,128.0,,
train,,,,,,,29.098541259765625,1.0,460.0,460.0,1.8931958675384521,0.9999994039535522,0.0009999987136813987,0.001,False,128.0,128.0,,
train,,,,,,,29.191649913787842,1.0,461.0,461.0,1.8989299535751343,0.9999995231628418,0.0010000010586114715,0.001,False,128.0,128.0,,
train,,,,,,,29.26201581954956,1.0,462.0,462.0,1.8793220520019531,0.9999993443489075,0.0010000002388510774,0.001,False,128.0,128.0,,
train,,,,,,,29.32153820991516,1.0,463.0,463.0,1.9281740188598633,0.9999993443489075,0.0009999994184516328,0.001,False,128.0,128.0,,
train,,,,,,,29.387176752090454,1.0,464.0,464.0,1.8583097457885742,0.9999993443489075,0.0009999972293379593,0.001,False,128.0,128.0,,
train,,,,,,,29.45281982421875,1.0,465.0,465.0,1.8884336948394775,0.999999463558197,0.0009999986468181288,0.001,False,128.0,128.0,,
train,,,,,,,29.515750408172607,1.0,466.0,466.0,1.8739264011383057,0.9999994039535522,0.0009999984309071906,0.001,False,128.0,128.0,,
train,,,,,,,29.576733112335205,1.0,467.0,467.0,1.8941633701324463,0.9999994039535522,0.0009999994411834623,0.001,False,128.0,128.0,,
train,,,,,,,29.638867616653442,1.0,468.0,468.0,1.8588154315948486,0.9999994039535522,0.001000000044478809,0.001,False,128.0,128.0,,
train,,,,,,,29.695595026016235,1.0,469.0,469.0,1.8349851369857788,0.9999994039535522,0.000999999501218804,0.001,False,128.0,128.0,,
eval,,,,,,,33.553394079208374,1.0,,469.0,,,,,False,128.0,128.0,1.8588686758041382,0.6349
train,,,,,,,33.62526535987854,2.0,1.0,470.0,1.856403112411499,0.9999995827674866,0.0010000013969515228,0.001,False,128.0,128.0,,
train,,,,,,,33.68992042541504,2.0,2.0,471.0,1.8069862127304077,0.999999463558197,0.0009999999227983634,0.001,False,128.0,128.0,,
train,,,,,,,33.75128126144409,2.0,3.0,472.0,1.8479582071304321,0.9999994039535522,0.0010000014708367593,0.001,False,128.0,128.0,,
train,,,,,,,33.81293082237244,2.0,4.0,473.0,1.8535367250442505,0.999999463558197,0.0009999992197493317,0.001,False,128.0,128.0,,
train,,,,,,,33.87649607658386,2.0,5.0,474.0,1.8608405590057373,0.999999463558197,0.0010000006253473009,0.001,False,128.0,128.0,,
train,,,,,,,33.9378936290741,2.0,6.0,475.0,1.8912984132766724,0.9999993443489075,0.0009999993960251145,0.001,False,128.0,128.0,,
train,,,,,,,34.0029411315918,2.0,7.0,476.0,1.8400245904922485,0.9999993443489075,0.000999999188135706,0.001,False,128.0,128.0,,
train,,,,,,,34.0634183883667,2.0,8.0,477.0,1.847827434539795,0.9999994039535522,0.0009999987110723711,0.001,False,128.0,128.0,,
train,,,,,,,34.12548279762268,2.0,9.0,478.0,1.8309593200683594,0.999999463558197,0.0010000001536414772,0.001,False,128.0,128.0,,
train,,,,,,,34.18890118598938,2.0,10.0,479.0,1.881455659866333,0.9999995231628418,0.0009999996607856752,0.001,False,128.0,128.0,,
train,,,,,,,34.24954438209534,2.0,11.0,480.0,1.8633148670196533,0.999999463558197,0.0009999997997856354,0.001,False,128.0,128.0,,
train,,,,,,,34.30600357055664,2.0,12.0,481.0,1.843838095664978,0.9999994039535522,0.0009999997354204406,0.001,False,128.0,128.0,,
train,,,,,,,34.36827254295349,2.0,13.0,482.0,1.8750381469726562,0.9999994039535522,0.0009999973667284298,0.001,False,128.0,128.0,,
train,,,,,,,34.43158411979675,2.0,14.0,483.0,1.9017621278762817,0.9999993443489075,0.0009999996987553148,0.001,False,128.0,128.0,,
train,,,,,,,34.491172075271606,2.0,15.0,484.0,1.8809305429458618,0.9999994039535522,0.0010000002015753476,0.001,False,128.0,128.0,,
train,,,,,,,34.55185627937317,2.0,16.0,485.0,1.8553295135498047,0.9999994039535522,0.001000002394457264,0.001,False,128.0,128.0,,
train,,,,,,,34.61327075958252,2.0,17.0,486.0,1.8246755599975586,0.9999994039535522,0.0010000013994217656,0.001,False,128.0,128.0,,
train,,,,,,,34.67331051826477,2.0,18.0,487.0,1.8361634016036987,0.9999994039535522,0.0009999999858867896,0.001,False,128.0,128.0,,
train,,,,,,,34.732165575027466,2.0,19.0,488.0,1.8537843227386475,0.999999463558197,0.0009999986733524946,0.001,False,128.0,128.0,,
train,,,,,,,34.79282832145691,2.0,20.0,489.0,1.8773186206817627,0.999999463558197,0.001000000859548674,0.001,False,128.0,128.0,,
train,,,,,,,34.857759952545166,2.0,21.0,490.0,1.8832939863204956,0.9999994039535522,0.0010000001881971627,0.001,False,128.0,128.0,,
train,,,,,,,34.917487144470215,2.0,22.0,491.0,1.9047746658325195,0.9999993443489075,0.0009999987925350872,0.001,False,128.0,128.0,,
train,,,,,,,34.97344493865967,2.0,23.0,492.0,1.849155068397522,0.9999994039535522,0.0009999992146700575,0.001,False,128.0,128.0,,
train,,,,,,,35.03159809112549,2.0,24.0,493.0,1.8287755250930786,0.9999994039535522,0.0010000001850330278,0.001,False,128.0,128.0,,
train,,,,,,,35.0930290222168,2.0,25.0,494.0,1.855288028717041,0.999999463558197,0.0010000003517884814,0.001,False,128.0,128.0,,
train,,,,,,,35.153603076934814,2.0,26.0,495.0,1.842777967453003,0.9999994039535522,0.0009999992602169917,0.001,False,128.0,128.0,,
train,,,,,,,35.21998143196106,2.0,27.0,496.0,1.8216254711151123,0.9999994039535522,0.001000000255476663,0.001,False,128.0,128.0,,
train,,,,,,,35.28768348693848,2.0,28.0,497.0,1.879528284072876,0.9999993443489075,0.0009999989360870874,0.001,False,128.0,128.0,,
train,,,,,,,35.361223220825195,2.0,29.0,498.0,1.8692817687988281,0.999999463558197,0.0010000006742525934,0.001,False,128.0,128.0,,
train,,,,,,,35.438836336135864,2.0,30.0,499.0,1.8519184589385986,0.9999994039535522,0.0009999981529901373,0.001,False,128.0,128.0,,
train,,,,,,,35.515637159347534,2.0,31.0,500.0,1.8036179542541504,0.999999463558197,0.000999999196823208,0.001,False,128.0,128.0,,
train,,,,,,,35.570616722106934,2.0,32.0,501.0,1.8510842323303223,0.9999994039535522,0.00099999850654125,0.001,False,128.0,128.0,,
train,,,,,,,35.63456320762634,2.0,33.0,502.0,1.8458507061004639,0.9999993443489075,0.0009999984681829863,0.001,False,128.0,128.0,,
train,,,,,,,35.695505142211914,2.0,34.0,503.0,1.8617544174194336,0.9999994039535522,0.0010000018063456074,0.001,False,128.0,128.0,,
train,,,,,,,35.75692129135132,2.0,35.0,504.0,1.8089741468429565,0.9999994039535522,0.0009999986337174793,0.001,False,128.0,128.0,,
train,,,,,,,35.81702637672424,2.0,36.0,505.0,1.825321078300476,0.9999995231628418,0.0009999988618408409,0.001,False,128.0,128.0,,
train,,,,,,,35.87530279159546,2.0,37.0,506.0,1.8524906635284424,0.9999993443489075,0.0009999998612364902,0.001,False,128.0,128.0,,
train,,,,,,,35.93891191482544,2.0,38.0,507.0,1.845512866973877,0.9999993443489075,0.0009999980880419682,0.001,False,128.0,128.0,,
train,,,,,,,35.998939990997314,2.0,39.0,508.0,1.8187806606292725,0.999999463558197,0.0010000010235284604,0.001,False,128.0,128.0,,
train,,,,,,,36.056336402893066,2.0,40.0,509.0,1.8430060148239136,0.999999463558197,0.0009999972086877536,0.001,False,128.0,128.0,,
train,,,,,,,36.119924783706665,2.0,41.0,510.0,1.830709457397461,0.9999993443489075,0.0010000000844190798,0.001,False,128.0,128.0,,
train,,,,,,,36.177794456481934,2.0,42.0,511.0,1.8564170598983765,0.9999995827674866,0.0010000009706263861,0.001,False,128.0,128.0,,
train,,,,,,,36.234092712402344,2.0,43.0,512.0,1.7955032587051392,0.999999463558197,0.001000001513746815,0.001,False,128.0,128.0,,
train,,,,,,,36.29204034805298,2.0,44.0,513.0,1.8248155117034912,0.999999463558197,0.0009999994024366564,0.001,False,128.0,128.0,,
train,,,,,,,36.34650230407715,2.0,45.0,514.0,1.7963263988494873,0.9999995231628418,0.0009999989112180648,0.001,False,128.0,128.0,,
train,,,,,,,36.4074547290802,2.0,46.0,515.0,1.7786859273910522,0.999999463558197,0.0009999993891139718,0.001,False,128.0,128.0,,
train,,,,,,,36.463422775268555,2.0,47.0,516.0,1.822706699371338,0.9999995231628418,0.0009999999873578354,0.001,False,128.0,128.0,,
train,,,,,,,36.52625274658203,2.0,48.0,517.0,1.8490204811096191,0.999999463558197,0.0009999989479664863,0.001,False,128.0,128.0,,
train,,,,,,,36.5892333984375,2.0,49.0,518.0,1.815199375152588,0.9999994039535522,0.0010000003489574136,0.001,False,128.0,128.0,,
train,,,,,,,36.66335082054138,2.0,50.0,519.0,1.7774200439453125,0.9999992847442627,0.0009999994125119362,0.001,False,128.0,128.0,,
train,,,,,,,36.73429894447327,2.0,51.0,520.0,1.8202826976776123,0.9999995231628418,0.0009999995686926398,0.001,False,128.0,128.0,,
train,,,,,,,36.8119637966156,2.0,52.0,521.0,1.806309461593628,0.9999993443489075,0.0009999988758296668,0.001,False,128.0,128.0,,
train,,,,,,,36.88561177253723,2.0,53.0,522.0,1.8340705633163452,0.9999995231628418,0.0009999998888810468,0.001,False,128.0,128.0,,
train,,,,,,,36.953917264938354,2.0,54.0,523.0,1.8098552227020264,0.9999995231628418,0.0009999975067834235,0.001,False,128.0,128.0,,
train,,,,,,,37.01830339431763,2.0,55.0,524.0,1.7985724210739136,0.9999993443489075,0.0009999988784109382,0.001,False,128.0,128.0,,
train,,,,,,,37.079137086868286,2.0,56.0,525.0,1.7878661155700684,0.9999994039535522,0.0010000002988863714,0.001,False,128.0,128.0,,
train,,,,,,,37.13958263397217,2.0,57.0,526.0,1.8315268754959106,0.9999995231628418,0.0009999988949532797,0.001,False,128.0,128.0,,
train,,,,,,,37.202452659606934,2.0,58.0,527.0,1.812044620513916,0.9999993443489075,0.000999998566937471,0.001,False,128.0,128.0,,
train,,,,,,,37.26474046707153,2.0,59.0,528.0,1.7601120471954346,0.9999994039535522,0.0010000000276866863,0.001,False,128.0,128.0,,
train,,,,,,,37.32063865661621,2.0,60.0,529.0,1.8119601011276245,0.999999463558197,0.0009999991073391566,0.001,False,128.0,128.0,,
train,,,,,,,37.387956619262695,2.0,61.0,530.0,1.7895047664642334,0.9999994039535522,0.0009999997455234727,0.001,False,128.0,128.0,,
train,,,,,,,37.45149827003479,2.0,62.0,531.0,1.832268238067627,0.9999994039535522,0.0009999988317260066,0.001,False,128.0,128.0,,
train,,,,,,,37.507768869400024,2.0,63.0,532.0,1.7881501913070679,0.9999994039535522,0.0009999997248178077,0.001,False,128.0,128.0,,
train,,,,,,,37.567094802856445,2.0,64.0,533.0,1.8207130432128906,0.999999463558197,0.0009999992908036582,0.001,False,128.0,128.0,,
train,,,,,,,37.627063512802124,2.0,65.0,534.0,1.8330624103546143,0.9999993443489075,0.0009999973991747827,0.001,False,128.0,128.0,,
train,,,,,,,37.703218936920166,2.0,66.0,535.0,1.728379726409912,0.9999993443489075,0.0009999993573615736,0.001,False,128.0,128.0,,
train,,,,,,,37.7706356048584,2.0,67.0,536.0,1.7504987716674805,0.999999463558197,0.00100000122617169,0.001,False,128.0,128.0,,
train,,,,,,,37.82664966583252,2.0,68.0,537.0,1.7888842821121216,0.999999463558197,0.0010000011258076466,0.001,False,128.0,128.0,,
train,,,,,,,37.88510251045227,2.0,69.0,538.0,1.7692136764526367,0.9999994039535522,0.001000000575942406,0.001,False,128.0,128.0,,
train,,,,,,,37.944761991500854,2.0,70.0,539.0,1.795512318611145,0.999999463558197,0.0009999986571154612,0.001,False,128.0,128.0,,
train,,,,,,,38.001185178756714,2.0,71.0,540.0,1.8111250400543213,0.999999463558197,0.000999999587649706,0.001,False,128.0,128.0,,
train,,,,,,,38.05837893486023,2.0,72.0,541.0,1.8154821395874023,0.9999992847442627,0.0009999977944706406,0.001,False,128.0,128.0,,
train,,,,,,,38.12174892425537,2.0,73.0,542.0,1.8008437156677246,0.9999992847442627,0.000999999350977787,0.001,False,128.0,128.0,,
train,,,,,,,38.187108516693115,2.0,74.0,543.0,1.8192813396453857,0.9999993443489075,0.0010000001238042375,0.001,False,128.0,128.0,,
train,,,,,,,38.24497056007385,2.0,75.0,544.0,1.7727265357971191,0.9999994039535522,0.0009999998861610002,0.001,False,128.0,128.0,,
train,,,,,,,38.30235981941223,2.0,76.0,545.0,1.785461187362671,0.999999463558197,0.0009999998012289256,0.001,False,128.0,128.0,,
train,,,,,,,38.3602819442749,2.0,77.0,546.0,1.760441541671753,0.9999993443489075,0.001000000971542319,0.001,False,128.0,128.0,,
train,,,,,,,38.42092156410217,2.0,78.0,547.0,1.7749590873718262,0.9999994039535522,0.0010000002492316603,0.001,False,128.0,128.0,,
train,,,,,,,38.48259782791138,2.0,79.0,548.0,1.7740814685821533,0.9999994039535522,0.0009999993626628918,0.001,False,128.0,128.0,,
train,,,,,,,38.54272961616516,2.0,80.0,549.0,1.7229844331741333,0.999999463558197,0.000999999530195639,0.001,False,128.0,128.0,,
train,,,,,,,38.60194253921509,2.0,81.0,550.0,1.7637639045715332,0.9999995231628418,0.0010000004192900153,0.001,False,128.0,128.0,,
train,,,,,,,38.65889859199524,2.0,82.0,551.0,1.836584210395813,0.9999993443489075,0.0009999986442646124,0.001,False,128.0,128.0,,
train,,,,,,,38.71942186355591,2.0,83.0,552.0,1.812259554862976,0.9999993443489075,0.0009999996627285661,0.001,False,128.0,128.0,,
train,,,,,,,38.779226779937744,2.0,84.0,553.0,1.8034095764160156,0.9999994039535522,0.001000000421593727,0.001,False,128.0,128.0,,
train,,,,,,,38.84201669692993,2.0,85.0,554.0,1.7895303964614868,0.9999994039535522,0.0009999996380816063,0.001,False,128.0,128.0,,
train,,,,,,,38.89686393737793,2.0,86.0,555.0,1.714750051498413,0.9999994039535522,0.0009999985601095893,0.001,False,128.0,128.0,,
train,,,,,,,38.95382618904114,2.0,87.0,556.0,1.77613365650177,0.9999996423721313,0.0010000009543616344,0.001,False,128.0,128.0,,
train,,,,,,,39.011502504348755,2.0,88.0,557.0,1.7947396039962769,0.999999463558197,0.0010000025909940049,0.001,False,128.0,128.0,,
train,,,,,,,39.073097229003906,2.0,89.0,558.0,1.8011492490768433,0.9999995231628418,0.0009999997714749422,0.001,False,128.0,128.0,,
train,,,,,,,39.127923250198364,2.0,90.0,559.0,1.7744859457015991,0.9999992847442627,0.0009999974620968342,0.001,False,128.0,128.0,,
train,,,,,,,39.18971824645996,2.0,91.0,560.0,1.7720513343811035,0.9999992847442627,0.000999999741776469,0.001,False,128.0,128.0,,
train,,,,,,,39.24435329437256,2.0,92.0,561.0,1.8150227069854736,0.9999995231628418,0.0009999994181463213,0.001,False,128.0,128.0,,
train,,,,,,,39.30526542663574,2.0,93.0,562.0,1.7156589031219482,0.999999463558197,0.0009999998940990957,0.001,False,128.0,128.0,,
train,,,,,,,39.3641791343689,2.0,94.0,563.0,1.7715613842010498,0.9999993443489075,0.0009999996488507736,0.001,False,128.0,128.0,,
train,,,,,,,39.42594933509827,2.0,95.0,564.0,1.7758880853652954,0.999999463558197,0.001000000911118488,0.001,False,128.0,128.0,,
train,,,,,,,39.48367714881897,2.0,96.0,565.0,1.7589747905731201,0.9999994039535522,0.000999999847913812,0.001,False,128.0,128.0,,
train,,,,,,,39.54180359840393,2.0,97.0,566.0,1.797626256942749,0.999999463558197,0.000999998317358946,0.001,False,128.0,128.0,,
train,,,,,,,39.602192878723145,2.0,98.0,567.0,1.752228021621704,0.9999993443489075,0.000999999213448811,0.001,False,128.0,128.0,,
train,,,,,,,39.66763401031494,2.0,99.0,568.0,1.744874358177185,0.9999993443489075,0.0009999973930130289,0.001,False,128.0,128.0,,
train,,,,,,,39.73067283630371,2.0,100.0,569.0,1.7527159452438354,0.9999993443489075,0.0010000004853482553,0.001,False,128.0,128.0,,
train,,,,,,,39.7929162979126,2.0,101.0,570.0,1.7427968978881836,0.999999463558197,0.0010000010105111086,0.001,False,128.0,128.0,,
train,,,,,,,39.85221838951111,2.0,102.0,571.0,1.8063970804214478,0.9999993443489075,0.0009999986836775824,0.001,False,128.0,128.0,,
train,,,,,,,39.91083216667175,2.0,103.0,572.0,1.783077359199524,0.9999994039535522,0.000999999244868147,0.001,False,128.0,128.0,,
train,,,,,,,39.96903157234192,2.0,104.0,573.0,1.7609981298446655,0.9999994039535522,0.0009999996979781585,0.001,False,128.0,128.0,,
train,,,,,,,40.02948474884033,2.0,105.0,574.0,1.7662127017974854,0.9999994039535522,0.0009999988335578768,0.001,False,128.0,128.0,,
train,,,,,,,40.09353518486023,2.0,106.0,575.0,1.7159197330474854,0.9999995231628418,0.0009999994575315052,0.001,False,128.0,128.0,,
train,,,,,,,40.149362087249756,2.0,107.0,576.0,1.7729694843292236,0.9999994039535522,0.0010000001949695219,0.001,False,128.0,128.0,,
train,,,,,,,40.208160400390625,2.0,108.0,577.0,1.7917133569717407,0.999999463558197,0.001000000208070151,0.001,False,128.0,128.0,,
train,,,,,,,40.26883125305176,2.0,109.0,578.0,1.6904377937316895,0.9999994039535522,0.001000000331915496,0.001,False,128.0,128.0,,
train,,,,,,,40.32631802558899,2.0,110.0,579.0,1.7248878479003906,0.999999463558197,0.0010000004056342777,0.001,False,128.0,128.0,,
train,,,,,,,40.38348698616028,2.0,111.0,580.0,1.7377113103866577,0.999999463558197,0.0009999991586315047,0.001,False,128.0,128.0,,
train,,,,,,,40.44166851043701,2.0,112.0,581.0,1.758547067642212,0.9999994039535522,0.0010000026463384778,0.001,False,128.0,128.0,,
train,,,,,,,40.499791860580444,2.0,113.0,582.0,1.7615466117858887,0.999999463558197,0.0009999997536558583,0.001,False,128.0,128.0,,
train,,,,,,,40.55467891693115,2.0,114.0,583.0,1.8034988641738892,0.9999993443489075,0.000999999660452608,0.001,False,128.0,128.0,,
train,,,,,,,40.61271786689758,2.0,115.0,584.0,1.7531859874725342,0.9999993443489075,0.0009999994586417289,0.001,False,128.0,128.0,,
train,,,,,,,40.66996693611145,2.0,116.0,585.0,1.7522010803222656,0.9999995231628418,0.0009999990740879466,0.001,False,128.0,128.0,,
train,,,,,,,40.72808861732483,2.0,117.0,586.0,1.743025302886963,0.999999463558197,0.0009999972890681217,0.001,False,128.0,128.0,,
train,,,,,,,40.787314891815186,2.0,118.0,587.0,1.700648307800293,0.999999463558197,0.0010000003606425068,0.001,False,128.0,128.0,,
train,,,,,,,40.844799280166626,2.0,119.0,588.0,1.7520332336425781,0.9999993443489075,0.000999999570357975,0.001,False,128.0,128.0,,
train,,,,,,,40.90364384651184,2.0,120.0,589.0,1.7507739067077637,0.999999463558197,0.0009999999082266852,0.001,False,128.0,128.0,,
train,,,,,,,40.95962142944336,2.0,121.0,590.0,1.7417184114456177,0.999999463558197,0.0010000015818588922,0.001,False,128.0,128.0,,
train,,,,,,,41.02120113372803,2.0,122.0,591.0,1.6702911853790283,0.999999463558197,0.0010000003021615282,0.001,False,128.0,128.0,,
train,,,,,,,41.0779824256897,2.0,123.0,592.0,1.7810602188110352,0.9999994039535522,0.000999999558645117,0.001,False,128.0,128.0,,
train,,,,,,,41.138227701187134,2.0,124.0,593.0,1.7506873607635498,0.999999463558197,0.0009999986920875327,0.001,False,128.0,128.0,,
train,,,,,,,41.19890284538269,2.0,125.0,594.0,1.7056468725204468,0.9999994039535522,0.0010000011747406702,0.001,False,128.0,128.0,,
train,,,,,,,41.25659513473511,2.0,126.0,595.0,1.701157569885254,0.9999995231628418,0.000999999093960957,0.001,False,128.0,128.0,,
train,,,,,,,41.31459164619446,2.0,127.0,596.0,1.7437210083007812,0.9999994039535522,0.000999998874414131,0.001,False,128.0,128.0,,
train,,,,,,,41.378578186035156,2.0,128.0,597.0,1.7243520021438599,0.9999994039535522,0.0010000015977905672,0.001,False,128.0,128.0,,
train,,,,,,,41.45508909225464,2.0,129.0,598.0,1.7503314018249512,0.999999463558197,0.001000000360947818,0.001,False,128.0,128.0,,
train,,,,,,,41.5353364944458,2.0,130.0,599.0,1.7748911380767822,0.999999463558197,0.0009999990209082132,0.001,False,128.0,128.0,,
train,,,,,,,41.61301231384277,2.0,131.0,600.0,1.7280429601669312,0.9999993443489075,0.0010000002194776902,0.001,False,128.0,128.0,,
train,,,,,,,41.689617395401,2.0,132.0,601.0,1.763275146484375,0.9999993443489075,0.0009999982263205007,0.001,False,128.0,128.0,,
train,,,,,,,41.75477051734924,2.0,133.0,602.0,1.7220014333724976,0.9999993443489075,0.0009999983655427053,0.001,False,128.0,128.0,,
train,,,,,,,41.81715369224548,2.0,134.0,603.0,1.765211582183838,0.9999994039535522,0.0010000008364005437,0.001,False,128.0,128.0,,
train,,,,,,,41.876497745513916,2.0,135.0,604.0,1.7442448139190674,0.999999463558197,0.001000000435332731,0.001,False,128.0,128.0,,
train,,,,,,,41.93858575820923,2.0,136.0,605.0,1.7590196132659912,0.9999994039535522,0.0010000000591892633,0.001,False,128.0,128.0,,
train,,,,,,,41.99830508232117,2.0,137.0,606.0,1.7423738241195679,0.9999994039535522,0.0009999993847840994,0.001,False,128.0,128.0,,
train,,,,,,,42.05872869491577,2.0,138.0,607.0,1.7407982349395752,0.9999995231628418,0.000999999141922634,0.001,False,128.0,128.0,,
train,,,,,,,42.12051320075989,2.0,139.0,608.0,1.7420110702514648,0.999999463558197,0.0009999991716488806,0.001,False,128.0,128.0,,
train,,,,,,,42.183640480041504,2.0,140.0,609.0,1.688765287399292,0.999999463558197,0.0009999992816998229,0.001,False,128.0,128.0,,
train,,,,,,,42.24547815322876,2.0,141.0,610.0,1.783618450164795,0.9999994039535522,0.0009999999396182436,0.001,False,128.0,128.0,,
train,,,,,,,42.30962896347046,2.0,142.0,611.0,1.7494159936904907,0.9999994039535522,0.0009999999481669613,0.001,False,128.0,128.0,,
train,,,,,,,42.3749577999115,2.0,143.0,612.0,1.7496973276138306,0.9999992847442627,0.0009999997546550593,0.001,False,128.0,128.0,,
train,,,,,,,42.439257860183716,2.0,144.0,613.0,1.674797534942627,0.999999463558197,0.000999999342651109,0.001,False,128.0,128.0,,
train,,,,,,,42.50890111923218,2.0,145.0,614.0,1.7258946895599365,0.9999994039535522,0.000999999943393002,0.001,False,128.0,128.0,,
train,,,,,,,42.56754517555237,2.0,146.0,615.0,1.703476071357727,0.9999995231628418,0.000999998012491144,0.001,False,128.0,128.0,,
train,,,,,,,42.62475085258484,2.0,147.0,616.0,1.758159875869751,0.9999995231628418,0.000999999764980136,0.001,False,128.0,128.0,,
train,,,,,,,42.68421506881714,2.0,148.0,617.0,1.6910643577575684,0.9999994039535522,0.0009999997769983028,0.001,False,128.0,128.0,,
train,,,,,,,42.748878717422485,2.0,149.0,618.0,1.7353370189666748,0.9999993443489075,0.0009999984259111791,0.001,False,128.0,128.0,,
train,,,,,,,42.80943822860718,2.0,150.0,619.0,1.7071077823638916,0.9999994039535522,0.0009999992446183465,0.001,False,128.0,128.0,,
train,,,,,,,42.86785364151001,2.0,151.0,620.0,1.7076826095581055,0.9999995231628418,0.0010000018799532584,0.001,False,128.0,128.0,,
train,,,,,,,42.92614555358887,2.0,152.0,621.0,1.7364951372146606,0.9999994039535522,0.0009999996128795341,0.001,False,128.0,128.0,,
train,,,,,,,42.983609199523926,2.0,153.0,622.0,1.7609624862670898,0.9999994039535522,0.0009999998381438478,0.001,False,128.0,128.0,,
train,,,,,,,43.044244050979614,2.0,154.0,623.0,1.684032917022705,0.9999993443489075,0.001000000162190193,0.001,False,128.0,128.0,,
train,,,,,,,43.11001634597778,2.0,155.0,624.0,1.7323603630065918,0.9999993443489075,0.0009999984780639864,0.001,False,128.0,128.0,,
train,,,,,,,43.16644501686096,2.0,156.0,625.0,1.6834607124328613,0.9999994039535522,0.0009999990321769878,0.001,False,128.0,128.0,,
train,,,,,,,43.2248010635376,2.0,157.0,626.0,1.7139577865600586,0.999999463558197,0.0010000006322306793,0.001,False,128.0,128.0,,
train,,,,,,,43.28395080566406,2.0,158.0,627.0,1.7037428617477417,0.999999463558197,0.0009999995933118457,0.001,False,128.0,128.0,,
train,,,,,,,43.342732429504395,2.0,159.0,628.0,1.6764090061187744,0.9999994039535522,0.0009999991305428382,0.001,False,128.0,128.0,,
train,,,,,,,43.40226888656616,2.0,160.0,629.0,1.6893565654754639,0.9999993443489075,0.0009999997239573846,0.001,False,128.0,128.0,,
train,,,,,,,43.45972657203674,2.0,161.0,630.0,1.672257661819458,0.9999994039535522,0.0009999993787333803,0.001,False,128.0,128.0,,
train,,,,,,,43.515679359436035,2.0,162.0,631.0,1.6918458938598633,0.999999463558197,0.0009999996158216264,0.001,False,128.0,128.0,,
train,,,,,,,43.57203483581543,2.0,163.0,632.0,1.7282310724258423,0.9999992847442627,0.0010000008189145456,0.001,False,128.0,128.0,,
train,,,,,,,43.627243757247925,2.0,164.0,633.0,1.680719017982483,0.9999994039535522,0.000999997992118511,0.001,False,128.0,128.0,,
train,,,,,,,43.68601989746094,2.0,165.0,634.0,1.6412384510040283,0.9999995231628418,0.0010000006468856139,0.001,False,128.0,128.0,,
train,,,,,,,43.746394634246826,2.0,166.0,635.0,1.6654715538024902,0.9999994039535522,0.0010000006866315717,0.001,False,128.0,128.0,,
train,,,,,,,43.80599665641785,2.0,167.0,636.0,1.7454019784927368,0.999999463558197,0.0010000008819196487,0.001,False,128.0,128.0,,
train,,,,,,,43.87066960334778,2.0,168.0,637.0,1.7422139644622803,0.9999993443489075,0.0009999998863275336,0.001,False,128.0,128.0,,
train,,,,,,,43.93198275566101,2.0,169.0,638.0,1.7101202011108398,0.9999994039535522,0.0010000007025355055,0.001,False,128.0,128.0,,
train,,,,,,,43.98867058753967,2.0,170.0,639.0,1.74833083152771,0.999999463558197,0.0009999999963506419,0.001,False,128.0,128.0,,
train,,,,,,,44.04473090171814,2.0,171.0,640.0,1.691871166229248,0.9999994039535522,0.0009999974085839471,0.001,False,128.0,128.0,,
train,,,,,,,44.10161232948303,2.0,172.0,641.0,1.737250804901123,0.9999994039535522,0.000999999750158655,0.001,False,128.0,128.0,,
train,,,,,,,44.15879559516907,2.0,173.0,642.0,1.6985914707183838,0.9999994039535522,0.0009999999622112832,0.001,False,128.0,128.0,,
train,,,,,,,44.216519594192505,2.0,174.0,643.0,1.7121375799179077,0.9999994039535522,0.0010000013989221658,0.001,False,128.0,128.0,,
train,,,,,,,44.27705478668213,2.0,175.0,644.0,1.6673619747161865,0.9999993443489075,0.0009999988123248363,0.001,False,128.0,128.0,,
train,,,,,,,44.33440351486206,2.0,176.0,645.0,1.7293586730957031,0.999999463558197,0.0010000002479271485,0.001,False,128.0,128.0,,
train,,,,,,,44.39702534675598,2.0,177.0,646.0,1.6799039840698242,0.9999994039535522,0.0009999989434700783,0.001,False,128.0,128.0,,
train,,,,,,,44.4563148021698,2.0,178.0,647.0,1.6458184719085693,0.9999994039535522,0.0009999994855646515,0.001,False,128.0,128.0,,
train,,,,,,,44.5212767124176,2.0,179.0,648.0,1.7091872692108154,0.9999994039535522,0.0010000006025044762,0.001,False,128.0,128.0,,
train,,,,,,,44.58434009552002,2.0,180.0,649.0,1.6814371347427368,0.9999994039535522,0.0010000006150777444,0.001,False,128.0,128.0,,
train,,,,,,,44.642019510269165,2.0,181.0,650.0,1.6301168203353882,0.9999996423721313,0.0009999998536869726,0.001,False,128.0,128.0,,
train,,,,,,,44.69956660270691,2.0,182.0,651.0,1.6980576515197754,0.9999994039535522,0.0010000001156440991,0.001,False,128.0,128.0,,
train,,,,,,,44.75850200653076,2.0,183.0,652.0,1.6907814741134644,0.9999994039535522,0.0009999993467311812,0.001,False,128.0,128.0,,
train,,,,,,,44.81792449951172,2.0,184.0,653.0,1.6822795867919922,0.9999994039535522,0.0009999998687304965,0.001,False,128.0,128.0,,
train,,,,,,,44.88063645362854,2.0,185.0,654.0,1.706282138824463,0.9999994039535522,0.0009999990615979259,0.001,False,128.0,128.0,,
train,,,,,,,44.9436616897583,2.0,186.0,655.0,1.7037336826324463,0.9999994039535522,0.0009999991712325465,0.001,False,128.0,128.0,,
train,,,,,,,44.999603509902954,2.0,187.0,656.0,1.681791067123413,0.9999994039535522,0.0009999979381893178,0.001,False,128.0,128.0,,
train,,,,,,,45.05397653579712,2.0,188.0,657.0,1.6686837673187256,0.9999994039535522,0.0010000001217503251,0.001,False,128.0,128.0,,
train,,,,,,,45.11360216140747,2.0,189.0,658.0,1.669848918914795,0.9999994039535522,0.0009999988724712383,0.001,False,128.0,128.0,,
train,,,,,,,45.17153358459473,2.0,190.0,659.0,1.684941053390503,0.9999994039535522,0.0010000002727961377,0.001,False,128.0,128.0,,
train,,,,,,,45.22822546958923,2.0,191.0,660.0,1.6481614112854004,0.9999994039535522,0.0009999994273056667,0.001,False,128.0,128.0,,
train,,,,,,,45.28394675254822,2.0,192.0,661.0,1.6934878826141357,0.9999993443489075,0.0009999983626561206,0.001,False,128.0,128.0,,
train,,,,,,,45.34376311302185,2.0,193.0,662.0,1.6874552965164185,0.9999994039535522,0.0010000000123378534,0.001,False,128.0,128.0,,
train,,,,,,,45.400229930877686,2.0,194.0,663.0,1.7065932750701904,0.999999463558197,0.0010000012391335278,0.001,False,128.0,128.0,,
train,,,,,,,45.458974838256836,2.0,195.0,664.0,1.6607353687286377,0.999999463558197,0.0010000017395103,0.001,False,128.0,128.0,,
train,,,,,,,45.520187854766846,2.0,196.0,665.0,1.6140331029891968,0.9999994039535522,0.0009999996091602857,0.001,False,128.0,128.0,,
train,,,,,,,45.582377433776855,2.0,197.0,666.0,1.7225290536880493,0.999999463558197,0.0009999981533509604,0.001,False,128.0,128.0,,
train,,,,,,,45.64034128189087,2.0,198.0,667.0,1.707152009010315,0.999999463558197,0.0009999995089071023,0.001,False,128.0,128.0,,
train,,,,,,,45.69632267951965,2.0,199.0,668.0,1.6504403352737427,0.9999993443489075,0.000999998908386993,0.001,False,128.0,128.0,,
train,,,,,,,45.754056453704834,2.0,200.0,669.0,1.630889654159546,0.999999463558197,0.0009999994084873753,0.001,False,128.0,128.0,,
train,,,,,,,45.8105628490448,2.0,201.0,670.0,1.6438621282577515,0.999999463558197,0.0009999990510507974,0.001,False,128.0,128.0,,
train,,,,,,,45.86492466926575,2.0,202.0,671.0,1.6620616912841797,0.9999993443489075,0.000999997921230626,0.001,False,128.0,128.0,,
train,,,,,,,45.922826528549194,2.0,203.0,672.0,1.6688942909240723,0.9999994039535522,0.0010000012492087894,0.001,False,128.0,128.0,,
train,,,,,,,45.97785305976868,2.0,204.0,673.0,1.6814526319503784,0.9999993443489075,0.0009999987809332425,0.001,False,128.0,128.0,,
train,,,,,,,46.035462856292725,2.0,205.0,674.0,1.6101194620132446,0.9999992847442627,0.0009999995600328965,0.001,False,128.0,128.0,,
train,,,,,,,46.09221386909485,2.0,206.0,675.0,1.6591938734054565,0.9999994039535522,0.0009999994312469606,0.001,False,128.0,128.0,,
train,,,,,,,46.14900732040405,2.0,207.0,676.0,1.5972998142242432,0.9999994039535522,0.0010000006759734378,0.001,False,128.0,128.0,,
train,,,,,,,46.20899558067322,2.0,208.0,677.0,1.686982274055481,0.9999994039535522,0.0009999997679499832,0.001,False,128.0,128.0,,
train,,,,,,,46.2692015171051,2.0,209.0,678.0,1.6824686527252197,0.9999994039535522,0.0009999983492224,0.001,False,128.0,128.0,,
train,,,,,,,46.330820083618164,2.0,210.0,679.0,1.6813135147094727,0.9999994039535522,0.0010000007133879277,0.001,False,128.0,128.0,,
train,,,,,,,46.39011216163635,2.0,211.0,680.0,1.7443866729736328,0.9999994039535522,0.001000000347403102,0.001,False,128.0,128.0,,
train,,,,,,,46.44910645484924,2.0,212.0,681.0,1.6739860773086548,0.9999993443489075,0.0009999967176346186,0.001,False,128.0,128.0,,
train,,,,,,,46.51177453994751,2.0,213.0,682.0,1.6396610736846924,0.9999994039535522,0.0009999992329054847,0.001,False,128.0,128.0,,
train,,,,,,,46.573105812072754,2.0,214.0,683.0,1.6606334447860718,0.9999994039535522,0.0010000001951915665,0.001,False,128.0,128.0,,
train,,,,,,,46.63150215148926,2.0,215.0,684.0,1.7340521812438965,0.9999994039535522,0.0010000007797792152,0.001,False,128.0,128.0,,
train,,,,,,,46.68824100494385,2.0,216.0,685.0,1.6991676092147827,0.9999992847442627,0.0009999979734112152,0.001,False,128.0,128.0,,
train,,,,,,,46.74552011489868,2.0,217.0,686.0,1.6586884260177612,0.999999463558197,0.0009999987900925936,0.001,False,128.0,128.0,,
train,,,,,,,46.80258393287659,2.0,218.0,687.0,1.678199052810669,0.9999993443489075,0.0009999978771824348,0.001,False,128.0,128.0,,
train,,,,,,,46.8654203414917,2.0,219.0,688.0,1.6537333726882935,0.9999993443489075,0.0010000013463254223,0.001,False,128.0,128.0,,
train,,,,,,,46.92835545539856,2.0,220.0,689.0,1.579842209815979,0.9999994039535522,0.000999999795289231,0.001,False,128.0,128.0,,
train,,,,,,,46.98650407791138,2.0,221.0,690.0,1.6257380247116089,0.999999463558197,0.0009999981447744717,0.001,False,128.0,128.0,,
train,,,,,,,47.042577266693115,2.0,222.0,691.0,1.6785526275634766,0.9999994039535522,0.0009999982946548467,0.001,False,128.0,128.0,,
train,,,,,,,47.099369049072266,2.0,223.0,692.0,1.6703081130981445,0.9999994039535522,0.0009999986583644636,0.001,False,128.0,128.0,,
train,,,,,,,47.158995628356934,2.0,224.0,693.0,1.641810417175293,0.9999993443489075,0.001000001163027831,0.001,False,128.0,128.0,,
train,,,,,,,47.23617625236511,2.0,225.0,694.0,1.6080937385559082,0.9999994039535522,0.0010000001602750587,0.001,False,128.0,128.0,,
train,,,,,,,47.29305362701416,2.0,226.0,695.0,1.6478271484375,0.9999994039535522,0.0010000000661281568,0.001,False,128.0,128.0,,
train,,,,,,,47.348320722579956,2.0,227.0,696.0,1.6628293991088867,0.999999463558197,0.0009999996767451364,0.001,False,128.0,128.0,,
train,,,,,,,47.40594458580017,2.0,228.0,697.0,1.6685395240783691,0.9999994039535522,0.0010000008089780575,0.001,False,128.0,128.0,,
train,,,,,,,47.4635591506958,2.0,229.0,698.0,1.6465572118759155,0.9999994039535522,0.000999997730160828,0.001,False,128.0,128.0,,
train,,,,,,,47.52320146560669,2.0,230.0,699.0,1.6383529901504517,0.999999463558197,0.000999999316172272,0.001,False,128.0,128.0,,
train,,,,,,,47.58287477493286,2.0,231.0,700.0,1.6781854629516602,0.999999463558197,0.001000001336305673,0.001,False,128.0,128.0,,
train,,,,,,,47.64039731025696,2.0,232.0,701.0,1.6455295085906982,0.999999463558197,0.0010000004870691001,0.001,False,128.0,128.0,,
train,,,,,,,47.69974064826965,2.0,233.0,702.0,1.6070420742034912,0.999999463558197,0.0010000014101076472,0.001,False,128.0,128.0,,
train,,,,,,,47.758251428604126,2.0,234.0,703.0,1.5934832096099854,0.999999463558197,0.0010000002758770057,0.001,False,128.0,128.0,,
train,,,,,,,47.81863713264465,2.0,235.0,704.0,1.6033728122711182,0.9999994039535522,0.0009999987165957378,0.001,False,128.0,128.0,,
train,,,,,,,47.88805341720581,2.0,236.0,705.0,1.6199541091918945,0.9999994039535522,0.0010000010038220216,0.001,False,128.0,128.0,,
train,,,,,,,47.95626187324524,2.0,237.0,706.0,1.568474292755127,0.9999994039535522,0.0009999993781505128,0.001,False,128.0,128.0,,
train,,,,,,,48.01506447792053,2.0,238.0,707.0,1.6958138942718506,0.999999463558197,0.0009999997594290196,0.001,False,128.0,128.0,,
train,,,,,,,48.072542667388916,2.0,239.0,708.0,1.6267762184143066,0.9999992847442627,0.0009999991533301853,0.001,False,128.0,128.0,,
train,,,,,,,48.136446952819824,2.0,240.0,709.0,1.570052146911621,0.9999994039535522,0.0010000005142695506,0.001,False,128.0,128.0,,
train,,,,,,,48.19735145568848,2.0,241.0,710.0,1.6548564434051514,0.9999994039535522,0.0009999992428142328,0.001,False,128.0,128.0,,
train,,,,,,,48.26014542579651,2.0,242.0,711.0,1.6291598081588745,0.9999995231628418,0.0009999987422419222,0.001,False,128.0,128.0,,
train,,,,,,,48.3219690322876,2.0,243.0,712.0,1.6791908740997314,0.999999463558197,0.0010000000317112448,0.001,False,128.0,128.0,,
train,,,,,,,48.38044261932373,2.0,244.0,713.0,1.6782852411270142,0.999999463558197,0.0009999982187987263,0.001,False,128.0,128.0,,
train,,,,,,,48.44377422332764,2.0,245.0,714.0,1.5988476276397705,0.9999994039535522,0.0010000007423647277,0.001,False,128.0,128.0,,
train,,,,,,,48.50220489501953,2.0,246.0,715.0,1.6421071290969849,0.9999995231628418,0.0009999984719577504,0.001,False,128.0,128.0,,
train,,,,,,,48.56247925758362,2.0,247.0,716.0,1.6954419612884521,0.9999994039535522,0.0010000003418797442,0.001,False,128.0,128.0,,
train,,,,,,,48.62594676017761,2.0,248.0,717.0,1.617250919342041,0.999999463558197,0.0009999987204537678,0.001,False,128.0,128.0,,
train,,,,,,,48.68874931335449,2.0,249.0,718.0,1.6325125694274902,0.999999463558197,0.000999999681047252,0.001,False,128.0,128.0,,
train,,,,,,,48.75259971618652,2.0,250.0,719.0,1.6175366640090942,0.9999993443489075,0.0010000010886984832,0.001,False,128.0,128.0,,
train,,,,,,,48.812405586242676,2.0,251.0,720.0,1.6849441528320312,0.9999994039535522,0.00099999999385264,0.001,False,128.0,128.0,,
train,,,,,,,48.874351501464844,2.0,252.0,721.0,1.6246862411499023,0.9999993443489075,0.0010000012632808484,0.001,False,128.0,128.0,,
train,,,,,,,48.93741583824158,2.0,253.0,722.0,1.6417768001556396,0.9999994039535522,0.0009999991590478386,0.001,False,128.0,128.0,,
train,,,,,,,48.99471688270569,2.0,254.0,723.0,1.6636595726013184,0.9999994039535522,0.0009999987193157877,0.001,False,128.0,128.0,,
train,,,,,,,49.05945587158203,2.0,255.0,724.0,1.606600284576416,0.999999463558197,0.0010000000610766422,0.001,False,128.0,128.0,,
train,,,,,,,49.12573027610779,2.0,256.0,725.0,1.5801750421524048,0.9999993443489075,0.0009999997255116973,0.001,False,128.0,128.0,,
train,,,,,,,49.18907332420349,2.0,257.0,726.0,1.5928308963775635,0.9999994039535522,0.0009999968579117483,0.001,False,128.0,128.0,,
train,,,,,,,49.253552198410034,2.0,258.0,727.0,1.6008473634719849,0.9999994039535522,0.0009999997602061757,0.001,False,128.0,128.0,,
train,,,,,,,49.31166386604309,2.0,259.0,728.0,1.5961887836456299,0.9999994039535522,0.0010000004269227953,0.001,False,128.0,128.0,,
train,,,,,,,49.37817978858948,2.0,260.0,729.0,1.5634772777557373,0.9999994039535522,0.0010000006850772606,0.001,False,128.0,128.0,,
train,,,,,,,49.43772482872009,2.0,261.0,730.0,1.668992280960083,0.9999994039535522,0.0010000013217062597,0.001,False,128.0,128.0,,
train,,,,,,,49.50178384780884,2.0,262.0,731.0,1.664299488067627,0.999999463558197,0.001000000153003099,0.001,False,128.0,128.0,,
train,,,,,,,49.56158185005188,2.0,263.0,732.0,1.6302275657653809,0.9999994039535522,0.0010000002367138987,0.001,False,128.0,128.0,,
train,,,,,,,49.62350058555603,2.0,264.0,733.0,1.5919053554534912,0.9999993443489075,0.000999998569824055,0.001,False,128.0,128.0,,
train,,,,,,,49.69021821022034,2.0,265.0,734.0,1.6560266017913818,0.9999994039535522,0.0009999993359897663,0.001,False,128.0,128.0,,
train,,,,,,,49.765164375305176,2.0,266.0,735.0,1.600804328918457,0.9999993443489075,0.000999999268099581,0.001,False,128.0,128.0,,
train,,,,,,,49.832338094711304,2.0,267.0,736.0,1.6018776893615723,0.999999463558197,0.0009999974823029444,0.001,False,128.0,128.0,,
train,,,,,,,49.89974069595337,2.0,268.0,737.0,1.578852891921997,0.9999993443489075,0.000999999012748066,0.001,False,128.0,128.0,,
train,,,,,,,49.96453547477722,2.0,269.0,738.0,1.637793779373169,0.9999994039535522,0.0010000001237487263,0.001,False,128.0,128.0,,
train,,,,,,,50.0228009223938,2.0,270.0,739.0,1.5960416793823242,0.9999994039535522,0.000999999385838812,0.001,False,128.0,128.0,,
train,,,,,,,50.08351683616638,2.0,271.0,740.0,1.5596849918365479,0.9999995231628418,0.0009999997161025545,0.001,False,128.0,128.0,,
train,,,,,,,50.14479303359985,2.0,272.0,741.0,1.59457266330719,0.9999994039535522,0.0009999986606681797,0.001,False,128.0,128.0,,
train,,,,,,,50.205408573150635,2.0,273.0,742.0,1.5297770500183105,0.999999463558197,0.0009999987437407252,0.001,False,128.0,128.0,,
train,,,,,,,50.27330183982849,2.0,274.0,743.0,1.5729963779449463,0.9999994039535522,0.0009999984239127744,0.001,False,128.0,128.0,,
train,,,,,,,50.3336226940155,2.0,275.0,744.0,1.5606704950332642,0.9999994039535522,0.0009999999123622661,0.001,False,128.0,128.0,,
train,,,,,,,50.39449620246887,2.0,276.0,745.0,1.6067692041397095,0.9999994039535522,0.0010000009090090662,0.001,False,128.0,128.0,,
train,,,,,,,50.458197832107544,2.0,277.0,746.0,1.5381345748901367,0.9999993443489075,0.0009999987815716216,0.001,False,128.0,128.0,,
train,,,,,,,50.51872944831848,2.0,278.0,747.0,1.5739247798919678,0.9999994039535522,0.0009999986765999013,0.001,False,128.0,128.0,,
train,,,,,,,50.585490226745605,2.0,279.0,748.0,1.634253978729248,0.9999994039535522,0.0009999994402952834,0.001,False,128.0,128.0,,
train,,,,,,,50.64339351654053,2.0,280.0,749.0,1.6288609504699707,0.9999993443489075,0.0009999985740151527,0.001,False,128.0,128.0,,
train,,,,,,,50.702876329422,2.0,281.0,750.0,1.6559267044067383,0.999999463558197,0.0009999983592144236,0.001,False,128.0,128.0,,
train,,,,,,,50.76250457763672,2.0,282.0,751.0,1.6527758836746216,0.9999994039535522,0.0009999982487470453,0.001,False,128.0,128.0,,
train,,,,,,,50.821022748947144,2.0,283.0,752.0,1.5454483032226562,0.999999463558197,0.0009999995002473584,0.001,False,128.0,128.0,,
train,,,,,,,50.88293170928955,2.0,284.0,753.0,1.598374605178833,0.999999463558197,0.0009999996132681124,0.001,False,128.0,128.0,,
train,,,,,,,50.94343543052673,2.0,285.0,754.0,1.5708403587341309,0.9999994039535522,0.0009999994306363375,0.001,False,128.0,128.0,,
train,,,,,,,51.0040283203125,2.0,286.0,755.0,1.584071397781372,0.9999994039535522,0.0009999987343038176,0.001,False,128.0,128.0,,
train,,,,,,,51.063220262527466,2.0,287.0,756.0,1.5605957508087158,0.9999994039535522,0.0010000010921124153,0.001,False,128.0,128.0,,
train,,,,,,,51.12143039703369,2.0,288.0,757.0,1.5683419704437256,0.9999994039535522,0.0009999985152565137,0.001,False,128.0,128.0,,
train,,,,,,,51.18589639663696,2.0,289.0,758.0,1.6030558347702026,0.9999994039535522,0.0009999996144893582,0.001,False,128.0,128.0,,
train,,,,,,,51.24855828285217,2.0,290.0,759.0,1.5693049430847168,0.9999993443489075,0.0009999992208595556,0.001,False,128.0,128.0,,
train,,,,,,,51.314030170440674,2.0,291.0,760.0,1.5360960960388184,0.9999993443489075,0.0009999990162452717,0.001,False,128.0,128.0,,
train,,,,,,,51.376612186431885,2.0,292.0,761.0,1.5943716764450073,0.999999463558197,0.0009999985687138301,0.001,False,128.0,128.0,,
train,,,,,,,51.446216106414795,2.0,293.0,762.0,1.6250476837158203,0.999999463558197,0.0009999988122415696,0.001,False,128.0,128.0,,
train,,,,,,,51.514644622802734,2.0,294.0,763.0,1.5764446258544922,0.9999993443489075,0.0009999982988181902,0.001,False,128.0,128.0,,
train,,,,,,,51.57572317123413,2.0,295.0,764.0,1.5830509662628174,0.9999994039535522,0.000999999319391921,0.001,False,128.0,128.0,,
train,,,,,,,51.63598394393921,2.0,296.0,765.0,1.6025331020355225,0.9999994039535522,0.000999999929737258,0.001,False,128.0,128.0,,
train,,,,,,,51.69730305671692,2.0,297.0,766.0,1.6159155368804932,0.9999993443489075,0.0009999998221011223,0.001,False,128.0,128.0,,
train,,,,,,,51.76159119606018,2.0,298.0,767.0,1.5597866773605347,0.9999994039535522,0.0009999968957704716,0.001,False,128.0,128.0,,
train,,,,,,,51.82530617713928,2.0,299.0,768.0,1.5881595611572266,0.9999994039535522,0.001000000851388542,0.001,False,128.0,128.0,,
train,,,,,,,51.88328289985657,2.0,300.0,769.0,1.6264655590057373,0.9999993443489075,0.0009999989809123886,0.001,False,128.0,128.0,,
train,,,,,,,51.94822812080383,2.0,301.0,770.0,1.6001791954040527,0.9999993443489075,0.0010000003951981854,0.001,False,128.0,128.0,,
train,,,,,,,52.00716972351074,2.0,302.0,771.0,1.5419883728027344,0.999999463558197,0.0009999996201237422,0.001,False,128.0,128.0,,
train,,,,,,,52.06579303741455,2.0,303.0,772.0,1.5418938398361206,0.999999463558197,0.000999998455193357,0.001,False,128.0,128.0,,
train,,,,,,,52.12658214569092,2.0,304.0,773.0,1.5753315687179565,0.9999993443489075,0.0010000002351318311,0.001,False,128.0,128.0,,
train,,,,,,,52.18732976913452,2.0,305.0,774.0,1.6193310022354126,0.9999994039535522,0.0010000005678377825,0.001,False,128.0,128.0,,
train,,,,,,,52.253572940826416,2.0,306.0,775.0,1.5642218589782715,0.9999994039535522,0.0009999988191249606,0.001,False,128.0,128.0,,
train,,,,,,,52.318268060684204,2.0,307.0,776.0,1.5216478109359741,0.9999993443489075,0.0010000008796992046,0.001,False,128.0,128.0,,
train,,,,,,,52.37936806678772,2.0,308.0,777.0,1.5741920471191406,0.999999463558197,0.0009999990957095597,0.001,False,128.0,128.0,,
train,,,,,,,52.44044280052185,2.0,309.0,778.0,1.5264793634414673,0.9999992847442627,0.0010000012376902398,0.001,False,128.0,128.0,,
train,,,,,,,52.49961829185486,2.0,310.0,779.0,1.5426760911941528,0.9999994039535522,0.0010000005612042038,0.001,False,128.0,128.0,,
train,,,,,,,52.56179094314575,2.0,311.0,780.0,1.6250004768371582,0.9999994039535522,0.0010000001516708315,0.001,False,128.0,128.0,,
train,,,,,,,52.62024283409119,2.0,312.0,781.0,1.5497515201568604,0.9999992847442627,0.0010000005465492679,0.001,False,128.0,128.0,,
train,,,,,,,52.68536114692688,2.0,313.0,782.0,1.604361891746521,0.9999994039535522,0.0010000002122889976,0.001,False,128.0,128.0,,
train,,,,,,,52.74489068984985,2.0,314.0,783.0,1.6426810026168823,0.9999994039535522,0.000999997823142213,0.001,False,128.0,128.0,,
train,,,,,,,52.80555963516235,2.0,315.0,784.0,1.553499698638916,0.999999463558197,0.001000000798014614,0.001,False,128.0,128.0,,
train,,,,,,,52.871350049972534,2.0,316.0,785.0,1.5656065940856934,0.999999463558197,0.0009999986930589791,0.001,False,128.0,128.0,,
train,,,,,,,52.93196654319763,2.0,317.0,786.0,1.5537852048873901,0.9999994039535522,0.0010000011780713354,0.001,False,128.0,128.0,,
train,,,,,,,52.99554181098938,2.0,318.0,787.0,1.5507457256317139,0.9999994039535522,0.0009999977743478036,0.001,False,128.0,128.0,,
train,,,,,,,53.059988260269165,2.0,319.0,788.0,1.551857352256775,0.9999993443489075,0.000999998876801113,0.001,False,128.0,128.0,,
train,,,,,,,53.12537670135498,2.0,320.0,789.0,1.563441514968872,0.9999994039535522,0.0009999984659902926,0.001,False,128.0,128.0,,
train,,,,,,,53.185725927352905,2.0,321.0,790.0,1.5201172828674316,0.9999994039535522,0.0010000004578147373,0.001,False,128.0,128.0,,
train,,,,,,,53.24870753288269,2.0,322.0,791.0,1.572718620300293,0.9999992847442627,0.0010000008382324102,0.001,False,128.0,128.0,,
train,,,,,,,53.30903077125549,2.0,323.0,792.0,1.5641169548034668,0.9999993443489075,0.000999998712432396,0.001,False,128.0,128.0,,
train,,,,,,,53.368711709976196,2.0,324.0,793.0,1.6266148090362549,0.9999992847442627,0.000999998089096682,0.001,False,128.0,128.0,,
train,,,,,,,53.43697118759155,2.0,325.0,794.0,1.648451805114746,0.9999992847442627,0.0010000017319052854,0.001,False,128.0,128.0,,
train,,,,,,,53.496609926223755,2.0,326.0,795.0,1.5309581756591797,0.9999993443489075,0.0010000001346289105,0.001,False,128.0,128.0,,
train,,,,,,,53.557175159454346,2.0,327.0,796.0,1.5479116439819336,0.999999463558197,0.0009999984726238853,0.001,False,128.0,128.0,,
train,,,,,,,53.622074604034424,2.0,328.0,797.0,1.5200462341308594,0.9999994039535522,0.0010000002016308587,0.001,False,128.0,128.0,,
train,,,,,,,53.68335509300232,2.0,329.0,798.0,1.4793791770935059,0.9999993443489075,0.0010000008272967225,0.001,False,128.0,128.0,,
train,,,,,,,53.752830505371094,2.0,330.0,799.0,1.5671718120574951,0.9999993443489075,0.0010000001165877887,0.001,False,128.0,128.0,,
train,,,,,,,53.81630182266235,2.0,331.0,800.0,1.5491077899932861,0.9999994039535522,0.000999999574188246,0.001,False,128.0,128.0,,
train,,,,,,,53.88691186904907,2.0,332.0,801.0,1.6265954971313477,0.9999994039535522,0.0009999985677423837,0.001,False,128.0,128.0,,
train,,,,,,,53.94721221923828,2.0,333.0,802.0,1.524662971496582,0.9999994039535522,0.0009999988895409366,0.001,False,128.0,128.0,,
train,,,,,,,54.01299524307251,2.0,334.0,803.0,1.6034111976623535,0.9999994039535522,0.0010000008301000332,0.001,False,128.0,128.0,,
train,,,,,,,54.07344841957092,2.0,335.0,804.0,1.5481369495391846,0.9999993443489075,0.001000000227360272,0.001,False,128.0,128.0,,
train,,,,,,,54.134032249450684,2.0,336.0,805.0,1.5456117391586304,0.9999992847442627,0.0009999976354585845,0.001,False,128.0,128.0,,
train,,,,,,,54.200194120407104,2.0,337.0,806.0,1.6228175163269043,0.999999463558197,0.0009999991176642398,0.001,False,128.0,128.0,,
train,,,,,,,54.25958466529846,2.0,338.0,807.0,1.525167465209961,0.9999993443489075,0.0010000002272770052,0.001,False,128.0,128.0,,
train,,,,,,,54.321972370147705,2.0,339.0,808.0,1.545292615890503,0.9999993443489075,0.0010000007845531705,0.001,False,128.0,128.0,,
train,,,,,,,54.383013010025024,2.0,340.0,809.0,1.5124154090881348,0.9999994039535522,0.000999999875225302,0.001,False,128.0,128.0,,
train,,,,,,,54.446038007736206,2.0,341.0,810.0,1.5275464057922363,0.9999993443489075,0.0010000003270027606,0.001,False,128.0,128.0,,
train,,,,,,,54.51382780075073,2.0,342.0,811.0,1.5994324684143066,0.9999993443489075,0.0010000004960063911,0.001,False,128.0,128.0,,
train,,,,,,,54.577253341674805,2.0,343.0,812.0,1.6389013528823853,0.9999993443489075,0.0009999989532400511,0.001,False,128.0,128.0,,
train,,,,,,,54.64108610153198,2.0,344.0,813.0,1.5818910598754883,0.9999994039535522,0.0010000015244326953,0.001,False,128.0,128.0,,
train,,,,,,,54.70211958885193,2.0,345.0,814.0,1.5588788986206055,0.9999993443489075,0.0010000006985942166,0.001,False,128.0,128.0,,
train,,,,,,,54.76321625709534,2.0,346.0,815.0,1.491285800933838,0.9999994039535522,0.0009999989774984494,0.001,False,128.0,128.0,,
train,,,,,,,54.82634997367859,2.0,347.0,816.0,1.4656240940093994,0.9999994039535522,0.0009999992209983337,0.001,False,128.0,128.0,,
train,,,,,,,54.883153438568115,2.0,348.0,817.0,1.5281941890716553,0.9999994039535522,0.0009999987638912983,0.001,False,128.0,128.0,,
train,,,,,,,54.950528144836426,2.0,349.0,818.0,1.5562149286270142,0.9999994039535522,0.00099999943779728,0.001,False,128.0,128.0,,
train,,,,,,,55.0107204914093,2.0,350.0,819.0,1.5041451454162598,0.9999994039535522,0.0009999986534794758,0.001,False,128.0,128.0,,
train,,,,,,,55.077226638793945,2.0,351.0,820.0,1.454883098602295,0.9999994039535522,0.0009999996282838845,0.001,False,128.0,128.0,,
train,,,,,,,55.14046573638916,2.0,352.0,821.0,1.4954243898391724,0.999999463558197,0.0009999983172479237,0.001,False,128.0,128.0,,
train,,,,,,,55.20260238647461,2.0,353.0,822.0,1.526533842086792,0.999999463558197,0.0010000000413701846,0.001,False,128.0,128.0,,
train,,,,,,,55.26407241821289,2.0,354.0,823.0,1.5159889459609985,0.999999463558197,0.0010000000449784093,0.001,False,128.0,128.0,,
train,,,,,,,55.32759952545166,2.0,355.0,824.0,1.583234429359436,0.9999994039535522,0.0009999986041299947,0.001,False,128.0,128.0,,
train,,,,,,,55.39578080177307,2.0,356.0,825.0,1.5379741191864014,0.9999993443489075,0.0009999985694909873,0.001,False,128.0,128.0,,
train,,,,,,,55.458722829818726,2.0,357.0,826.0,1.514106035232544,0.9999994039535522,0.0009999993526708783,0.001,False,128.0,128.0,,
train,,,,,,,55.522486448287964,2.0,358.0,827.0,1.5306713581085205,0.9999994039535522,0.0009999993872265916,0.001,False,128.0,128.0,,
train,,,,,,,55.583667516708374,2.0,359.0,828.0,1.5681202411651611,0.999999463558197,0.0009999990707017634,0.001,False,128.0,128.0,,
train,,,,,,,55.642942667007446,2.0,360.0,829.0,1.4950052499771118,0.9999994039535522,0.000999999418368366,0.001,False,128.0,128.0,,
train,,,,,,,55.713340282440186,2.0,361.0,830.0,1.4854800701141357,0.9999994039535522,0.0009999990645400197,0.001,False,128.0,128.0,,
train,,,,,,,55.77354097366333,2.0,362.0,831.0,1.579746127128601,0.9999994039535522,0.0009999985619692157,0.001,False,128.0,128.0,,
train,,,,,,,55.83881592750549,2.0,363.0,832.0,1.5621044635772705,0.9999993443489075,0.0009999989650084275,0.001,False,128.0,128.0,,
train,,,,,,,55.90216565132141,2.0,364.0,833.0,1.5271005630493164,0.9999993443489075,0.0010000002736010492,0.001,False,128.0,128.0,,
train,,,,,,,55.96469044685364,2.0,365.0,834.0,1.4606752395629883,0.9999993443489075,0.0009999998592935995,0.001,False,128.0,128.0,,
train,,,,,,,56.0385046005249,2.0,366.0,835.0,1.4931883811950684,0.9999994039535522,0.0009999996976450913,0.001,False,128.0,128.0,,
train,,,,,,,56.102551221847534,2.0,367.0,836.0,1.502150058746338,0.9999995231628418,0.0009999975016763848,0.001,False,128.0,128.0,,
train,,,,,,,56.16326093673706,2.0,368.0,837.0,1.6098110675811768,0.9999993443489075,0.000999997883843787,0.001,False,128.0,128.0,,
train,,,,,,,56.22449564933777,2.0,369.0,838.0,1.5938382148742676,0.9999993443489075,0.0009999987566193284,0.001,False,128.0,128.0,,
train,,,,,,,56.293500661849976,2.0,370.0,839.0,1.5264710187911987,0.9999994039535522,0.0010000002840648984,0.001,False,128.0,128.0,,
train,,,,,,,56.35877203941345,2.0,371.0,840.0,1.464303731918335,0.9999994039535522,0.001000000665370815,0.001,False,128.0,128.0,,
train,,,,,,,56.42810869216919,2.0,372.0,841.0,1.537975788116455,0.9999994039535522,0.0009999977106763694,0.001,False,128.0,128.0,,
train,,,,,,,56.4967679977417,2.0,373.0,842.0,1.4676300287246704,0.9999993443489075,0.0009999999242971647,0.001,False,128.0,128.0,,
train,,,,,,,56.55728316307068,2.0,374.0,843.0,1.5370056629180908,0.999999463558197,0.000999999880498862,0.001,False,128.0,128.0,,
train,,,,,,,56.618831157684326,2.0,375.0,844.0,1.4479740858078003,0.9999994039535522,0.0009999992397888727,0.001,False,128.0,128.0,,
train,,,,,,,56.67930245399475,2.0,376.0,845.0,1.4984571933746338,0.999999463558197,0.000999999936037774,0.001,False,128.0,128.0,,
train,,,,,,,56.75031566619873,2.0,377.0,846.0,1.5552400350570679,0.9999993443489075,0.0009999999990984438,0.001,False,128.0,128.0,,
train,,,,,,,56.81867051124573,2.0,378.0,847.0,1.4810556173324585,0.9999993443489075,0.0009999988411629132,0.001,False,128.0,128.0,,
train,,,,,,,56.89804697036743,2.0,379.0,848.0,1.4790592193603516,0.9999993443489075,0.0009999994499264734,0.001,False,128.0,128.0,,
train,,,,,,,56.9588303565979,2.0,380.0,849.0,1.4876818656921387,0.9999994039535522,0.0010000006992603497,0.001,False,128.0,128.0,,
train,,,,,,,57.02995204925537,2.0,381.0,850.0,1.5279405117034912,0.999999463558197,0.0009999984105623215,0.001,False,128.0,128.0,,
train,,,,,,,57.09548783302307,2.0,382.0,851.0,1.4774065017700195,0.9999993443489075,0.0009999986865086548,0.001,False,128.0,128.0,,
train,,,,,,,57.16274857521057,2.0,383.0,852.0,1.5819237232208252,0.9999994039535522,0.0010000004810183875,0.001,False,128.0,128.0,,
train,,,,,,,57.22844696044922,2.0,384.0,853.0,1.507262945175171,0.999999463558197,0.000999999099789633,0.001,False,128.0,128.0,,
train,,,,,,,57.28723454475403,2.0,385.0,854.0,1.4792753458023071,0.9999994039535522,0.0009999985750976216,0.001,False,128.0,128.0,,
train,,,,,,,57.35211992263794,2.0,386.0,855.0,1.4994770288467407,0.9999995231628418,0.0010000006768061047,0.001,False,128.0,128.0,,
train,,,,,,,57.41423463821411,2.0,387.0,856.0,1.5060243606567383,0.999999463558197,0.0009999984128937936,0.001,False,128.0,128.0,,
train,,,,,,,57.47581362724304,2.0,388.0,857.0,1.5277529954910278,0.9999994039535522,0.0010000011058236545,0.001,False,128.0,128.0,,
train,,,,,,,57.53708744049072,2.0,389.0,858.0,1.5542817115783691,0.9999993443489075,0.0009999980534584542,0.001,False,128.0,128.0,,
train,,,,,,,57.59585404396057,2.0,390.0,859.0,1.461237907409668,0.9999994039535522,0.0010000019511461735,0.001,False,128.0,128.0,,
train,,,,,,,57.66218280792236,2.0,391.0,860.0,1.5431021451950073,0.9999992847442627,0.0010000004800191874,0.001,False,128.0,128.0,,
train,,,,,,,57.72372579574585,2.0,392.0,861.0,1.5603203773498535,0.9999994039535522,0.000999998798086209,0.001,False,128.0,128.0,,
train,,,,,,,57.78878903388977,2.0,393.0,862.0,1.5294125080108643,0.9999993443489075,0.0009999988858494409,0.001,False,128.0,128.0,,
train,,,,,,,57.86513376235962,2.0,394.0,863.0,1.4618761539459229,0.999999463558197,0.001000001033298413,0.001,False,128.0,128.0,,
train,,,,,,,57.935638427734375,2.0,395.0,864.0,1.514181137084961,0.9999993443489075,0.0010000002938903693,0.001,False,128.0,128.0,,
train,,,,,,,58.000012159347534,2.0,396.0,865.0,1.5216388702392578,0.9999993443489075,0.0009999996522369549,0.001,False,128.0,128.0,,
train,,,,,,,58.064403772354126,2.0,397.0,866.0,1.4756252765655518,0.9999993443489075,0.0009999998786669939,0.001,False,128.0,128.0,,
train,,,,,,,58.12781572341919,2.0,398.0,867.0,1.4307782649993896,0.9999992847442627,0.0010000004819065655,0.001,False,128.0,128.0,,
train,,,,,,,58.18984055519104,2.0,399.0,868.0,1.4620487689971924,0.9999995231628418,0.0009999979579790837,0.001,False,128.0,128.0,,
train,,,,,,,58.25272274017334,2.0,400.0,869.0,1.5641883611679077,0.9999994039535522,0.0009999990431126952,0.001,False,128.0,128.0,,
train,,,,,,,58.31445932388306,2.0,401.0,870.0,1.5093812942504883,0.9999994039535522,0.000999999936176552,0.001,False,128.0,128.0,,
train,,,,,,,58.38118124008179,2.0,402.0,871.0,1.4561407566070557,0.9999994039535522,0.0009999989434700783,0.001,False,128.0,128.0,,
train,,,,,,,58.44147872924805,2.0,403.0,872.0,1.478142261505127,0.9999994039535522,0.000999999161240531,0.001,False,128.0,128.0,,
train,,,,,,,58.50325274467468,2.0,404.0,873.0,1.435841679573059,0.9999993443489075,0.0010000007268216168,0.001,False,128.0,128.0,,
train,,,,,,,58.56886291503906,2.0,405.0,874.0,1.5155448913574219,0.9999994039535522,0.0009999990293181606,0.001,False,128.0,128.0,,
train,,,,,,,58.63530111312866,2.0,406.0,875.0,1.404299259185791,0.9999993443489075,0.000999998279167209,0.001,False,128.0,128.0,,
train,,,,,,,58.70092153549194,2.0,407.0,876.0,1.4711077213287354,0.9999994039535522,0.0009999993061247468,0.001,False,128.0,128.0,,
train,,,,,,,58.76268696784973,2.0,408.0,877.0,1.448409914970398,0.9999993443489075,0.0010000007086139722,0.001,False,128.0,128.0,,
train,,,,,,,58.84448003768921,2.0,409.0,878.0,1.480931282043457,0.9999993443489075,0.001000000077563453,0.001,False,128.0,128.0,,
train,,,,,,,58.91046500205994,2.0,410.0,879.0,1.4399583339691162,0.9999994039535522,0.0009999986572542393,0.001,False,128.0,128.0,,
train,,,,,,,58.9756224155426,2.0,411.0,880.0,1.48012375831604,0.9999994039535522,0.001000000455427759,0.001,False,128.0,128.0,,
train,,,,,,,59.033971309661865,2.0,412.0,881.0,1.468813180923462,0.9999994039535522,0.0009999992436469007,0.001,False,128.0,128.0,,
train,,,,,,,59.099650621414185,2.0,413.0,882.0,1.4361696243286133,0.9999993443489075,0.0009999988157942874,0.001,False,128.0,128.0,,
train,,,,,,,59.15980362892151,2.0,414.0,883.0,1.4469791650772095,0.9999994039535522,0.0009999984425923061,0.001,False,128.0,128.0,,
train,,,,,,,59.22047567367554,2.0,415.0,884.0,1.5356107950210571,0.9999993443489075,0.000999998345114568,0.001,False,128.0,128.0,,
train,,,,,,,59.286946296691895,2.0,416.0,885.0,1.4250218868255615,0.9999994039535522,0.0009999992482543298,0.001,False,128.0,128.0,,
train,,,,,,,59.34852981567383,2.0,417.0,886.0,1.4236152172088623,0.9999993443489075,0.0010000009629658546,0.001,False,128.0,128.0,,
train,,,,,,,59.41482162475586,2.0,418.0,887.0,1.4621222019195557,0.9999995231628418,0.00100000081938639,0.001,False,128.0,128.0,,
train,,,,,,,59.475605726242065,2.0,419.0,888.0,1.4689725637435913,0.9999994039535522,0.0009999994052677266,0.001,False,128.0,128.0,,
train,,,,,,,59.543434381484985,2.0,420.0,889.0,1.4709365367889404,0.9999994039535522,0.0009999986758782553,0.001,False,128.0,128.0,,
train,,,,,,,59.61108469963074,2.0,421.0,890.0,1.4887166023254395,0.9999994039535522,0.0009999995775189165,0.001,False,128.0,128.0,,
train,,,,,,,59.681880950927734,2.0,422.0,891.0,1.5158562660217285,0.9999993443489075,0.0009999991672357403,0.001,False,128.0,128.0,,
train,,,,,,,59.74741339683533,2.0,423.0,892.0,1.4023804664611816,0.9999993443489075,0.0009999979359133558,0.001,False,128.0,128.0,,
train,,,,,,,59.811192989349365,2.0,424.0,893.0,1.5200062990188599,0.9999994039535522,0.0009999987213974585,0.001,False,128.0,128.0,,
train,,,,,,,59.876216650009155,2.0,425.0,894.0,1.4531769752502441,0.9999994039535522,0.0010000019730452797,0.001,False,128.0,128.0,,
train,,,,,,,59.9385781288147,2.0,426.0,895.0,1.5551040172576904,0.9999993443489075,0.0009999980677248479,0.001,False,128.0,128.0,,
train,,,,,,,60.00649929046631,2.0,427.0,896.0,1.4410021305084229,0.9999993443489075,0.001000001757468126,0.001,False,128.0,128.0,,
train,,,,,,,60.067275285720825,2.0,428.0,897.0,1.447252869606018,0.9999993443489075,0.0009999992495588427,0.001,False,128.0,128.0,,
train,,,,,,,60.13166952133179,2.0,429.0,898.0,1.3841220140457153,0.999999463558197,0.0009999993240548607,0.001,False,128.0,128.0,,
train,,,,,,,60.19498538970947,2.0,430.0,899.0,1.567531943321228,0.9999993443489075,0.0010000001466748286,0.001,False,128.0,128.0,,
train,,,,,,,60.2597770690918,2.0,431.0,900.0,1.4528855085372925,0.9999993443489075,0.000999999141922634,0.001,False,128.0,128.0,,
train,,,,,,,60.3213951587677,2.0,432.0,901.0,1.4124915599822998,0.9999993443489075,0.0010000008195251676,0.001,False,128.0,128.0,,
train,,,,,,,60.383076667785645,2.0,433.0,902.0,1.3651014566421509,0.9999994039535522,0.000999997274801717,0.001,False,128.0,128.0,,
train,,,,,,,60.44875192642212,2.0,434.0,903.0,1.4958810806274414,0.9999994039535522,0.000999999428637935,0.001,False,128.0,128.0,,
train,,,,,,,60.51148438453674,2.0,435.0,904.0,1.421845555305481,0.9999995231628418,0.0009999983855822634,0.001,False,128.0,128.0,,
train,,,,,,,60.57799673080444,2.0,436.0,905.0,1.486473798751831,0.9999994039535522,0.0009999982655114422,0.001,False,128.0,128.0,,
train,,,,,,,60.641313314437866,2.0,437.0,906.0,1.4433883428573608,0.999999463558197,0.0009999996950360666,0.001,False,128.0,128.0,,
train,,,,,,,60.70890426635742,2.0,438.0,907.0,1.4645196199417114,0.999999463558197,0.0010000018969951495,0.001,False,128.0,128.0,,
train,,,,,,,60.77316641807556,2.0,439.0,908.0,1.4257522821426392,0.9999994039535522,0.0010000000619648207,0.001,False,128.0,128.0,,
train,,,,,,,60.84254169464111,2.0,440.0,909.0,1.4501289129257202,0.9999994039535522,0.001000001497260028,0.001,False,128.0,128.0,,
train,,,,,,,60.91510248184204,2.0,441.0,910.0,1.3762489557266235,0.9999993443489075,0.0009999991974893425,0.001,False,128.0,128.0,,
train,,,,,,,60.975876569747925,2.0,442.0,911.0,1.4063575267791748,0.9999994039535522,0.0009999977948869751,0.001,False,128.0,128.0,,
train,,,,,,,61.04752492904663,2.0,443.0,912.0,1.5611721277236938,0.999999463558197,0.0010000006432773914,0.001,False,128.0,128.0,,
train,,,,,,,61.11780524253845,2.0,444.0,913.0,1.531907081604004,0.9999994039535522,0.0009999997601506645,0.001,False,128.0,128.0,,
train,,,,,,,61.19219779968262,2.0,445.0,914.0,1.444861888885498,0.9999995231628418,0.0009999999458910039,0.001,False,128.0,128.0,,
train,,,,,,,61.256036043167114,2.0,446.0,915.0,1.4676100015640259,0.999999463558197,0.0009999998603483116,0.001,False,128.0,128.0,,
train,,,,,,,61.31964445114136,2.0,447.0,916.0,1.4233882427215576,0.9999994039535522,0.000999998359269935,0.001,False,128.0,128.0,,
train,,,,,,,61.386335611343384,2.0,448.0,917.0,1.4461069107055664,0.9999995231628418,0.0009999999137500451,0.001,False,128.0,128.0,,
train,,,,,,,61.45844578742981,2.0,449.0,918.0,1.418560266494751,0.9999994039535522,0.001000001400837298,0.001,False,128.0,128.0,,
train,,,,,,,61.521124601364136,2.0,450.0,919.0,1.5165929794311523,0.9999993443489075,0.0009999993258312189,0.001,False,128.0,128.0,,
train,,,,,,,61.582826375961304,2.0,451.0,920.0,1.5132079124450684,0.999999463558197,0.0010000004456022895,0.001,False,128.0,128.0,,
train,,,,,,,61.64496898651123,2.0,452.0,921.0,1.493477702140808,0.9999992847442627,0.0009999979273091096,0.001,False,128.0,128.0,,
train,,,,,,,61.7078013420105,2.0,453.0,922.0,1.4881868362426758,0.9999993443489075,0.0009999991236039382,0.001,False,128.0,128.0,,
train,,,,,,,61.778292179107666,2.0,454.0,923.0,1.461207389831543,0.9999995231628418,0.0009999987289192292,0.001,False,128.0,128.0,,
train,,,,,,,61.844062089920044,2.0,455.0,924.0,1.5252190828323364,0.9999994039535522,0.0009999993790664474,0.001,False,128.0,128.0,,
train,,,,,,,61.90896391868591,2.0,456.0,925.0,1.389253854751587,0.999999463558197,0.0010000007677888158,0.001,False,128.0,128.0,,
train,,,,,,,61.97380971908569,2.0,457.0,926.0,1.5100271701812744,0.9999993443489075,0.000999999532083019,0.001,False,128.0,128.0,,
train,,,,,,,62.03533720970154,2.0,458.0,927.0,1.459252119064331,0.9999993443489075,0.0009999987373014235,0.001,False,128.0,128.0,,
train,,,,,,,62.097846031188965,2.0,459.0,928.0,1.4213570356369019,0.9999994039535522,0.001000001361535457,0.001,False,128.0,128.0,,
train,,,,,,,62.15787363052368,2.0,460.0,929.0,1.4387569427490234,0.9999994039535522,0.0009999985409027033,0.001,False,128.0,128.0,,
train,,,,,,,62.22205662727356,2.0,461.0,930.0,1.4013111591339111,0.9999994039535522,0.0010000009467566139,0.001,False,128.0,128.0,,
train,,,,,,,62.28435039520264,2.0,462.0,931.0,1.4495856761932373,0.9999995231628418,0.0009999984366526036,0.001,False,128.0,128.0,,
train,,,,,,,62.3418083190918,2.0,463.0,932.0,1.4415520429611206,0.9999993443489075,0.0009999979401877233,0.001,False,128.0,128.0,,
train,,,,,,,62.413798809051514,2.0,464.0,933.0,1.4941229820251465,0.9999993443489075,0.0009999991495831793,0.001,False,128.0,128.0,,
train,,,,,,,62.47490096092224,2.0,465.0,934.0,1.4139084815979004,0.9999993443489075,0.000999999238123537,0.001,False,128.0,128.0,,
train,,,,,,,62.535284996032715,2.0,466.0,935.0,1.4128086566925049,0.9999993443489075,0.0009999983591589125,0.001,False,128.0,128.0,,
train,,,,,,,62.59718990325928,2.0,467.0,936.0,1.4416038990020752,0.9999993443489075,0.001000001204244812,0.001,False,128.0,128.0,,
train,,,,,,,62.656049966812134,2.0,468.0,937.0,1.3466675281524658,0.999999463558197,0.0009999984153917993,0.001,False,128.0,128.0,,
train,,,,,,,62.70818781852722,2.0,469.0,938.0,1.4797090291976929,0.999999463558197,0.0010000003243659818,0.001,False,128.0,128.0,,
eval,,,,,,,66.42376971244812,2.0,,938.0,,,,,False,128.0,128.0,1.4125844207763671,0.7426
train,,,,,,,66.49554324150085,3.0,1.0,939.0,1.4744713306427002,0.999999463558197,0.0009999995382447596,0.001,False,128.0,128.0,,
train,,,,,,,66.55945611000061,3.0,2.0,940.0,1.4271728992462158,0.9999994039535522,0.0010000003797383356,0.001,False,128.0,128.0,,
train,,,,,,,66.61972951889038,3.0,3.0,941.0,1.4070378541946411,0.9999994039535522,0.0009999978835939865,0.001,False,128.0,128.0,,
train,,,,,,,66.68512082099915,3.0,4.0,942.0,1.434437870979309,0.9999992847442627,0.0009999983249639865,0.001,False,128.0,128.0,,
train,,,,,,,66.74326586723328,3.0,5.0,943.0,1.4335110187530518,0.999999463558197,0.000999998504154267,0.001,False,128.0,128.0,,
train,,,,,,,66.80373573303223,3.0,6.0,944.0,1.4065802097320557,0.9999993443489075,0.0009999999886068363,0.001,False,128.0,128.0,,
train,,,,,,,66.86964130401611,3.0,7.0,945.0,1.3805903196334839,0.9999994039535522,0.0009999999253518766,0.001,False,128.0,128.0,,
train,,,,,,,66.93849730491638,3.0,8.0,946.0,1.460791826248169,0.999999463558197,0.000999998922542352,0.001,False,128.0,128.0,,
train,,,,,,,67.00511908531189,3.0,9.0,947.0,1.4492467641830444,0.9999994039535522,0.0009999990851069203,0.001,False,128.0,128.0,,
train,,,,,,,67.08624219894409,3.0,10.0,948.0,1.4879286289215088,0.9999992847442627,0.0009999986806799761,0.001,False,128.0,128.0,,
train,,,,,,,67.16290855407715,3.0,11.0,949.0,1.357040524482727,0.999999463558197,0.0010000003676646648,0.001,False,128.0,128.0,,
train,,,,,,,67.22545719146729,3.0,12.0,950.0,1.3571152687072754,0.9999994039535522,0.0010000002281651834,0.001,False,128.0,128.0,,
train,,,,,,,67.29287910461426,3.0,13.0,951.0,1.401604175567627,0.999999463558197,0.000999997690609042,0.001,False,128.0,128.0,,
train,,,,,,,67.35565996170044,3.0,14.0,952.0,1.5313951969146729,0.9999993443489075,0.0009999991749517967,0.001,False,128.0,128.0,,
train,,,,,,,67.42144083976746,3.0,15.0,953.0,1.4539283514022827,0.9999994039535522,0.0009999986553668576,0.001,False,128.0,128.0,,
train,,,,,,,67.48036813735962,3.0,16.0,954.0,1.39981210231781,0.9999993443489075,0.0009999994512309863,0.001,False,128.0,128.0,,
train,,,,,,,67.54894804954529,3.0,17.0,955.0,1.362514615058899,0.999999463558197,0.000999999705472166,0.001,False,128.0,128.0,,
train,,,,,,,67.61517548561096,3.0,18.0,956.0,1.4075071811676025,0.9999993443489075,0.0010000011347171764,0.001,False,128.0,128.0,,
train,,,,,,,67.68291020393372,3.0,19.0,957.0,1.4486252069473267,0.9999993443489075,0.00099999930767906,0.001,False,128.0,128.0,,
train,,,,,,,67.74372005462646,3.0,20.0,958.0,1.458691954612732,0.999999463558197,0.0010000005811882067,0.001,False,128.0,128.0,,
train,,,,,,,67.81245803833008,3.0,21.0,959.0,1.3889333009719849,0.9999993443489075,0.0009999977370164707,0.001,False,128.0,128.0,,
train,,,,,,,67.88877010345459,3.0,22.0,960.0,1.42153000831604,0.9999993443489075,0.0009999994663300274,0.001,False,128.0,128.0,,
train,,,,,,,67.94874691963196,3.0,23.0,961.0,1.3869128227233887,0.9999994039535522,0.0009999994435426875,0.001,False,128.0,128.0,,
train,,,,,,,68.01132559776306,3.0,24.0,962.0,1.4856047630310059,0.9999992847442627,0.000999999936703908,0.001,False,128.0,128.0,,
train,,,,,,,68.0698094367981,3.0,25.0,963.0,1.4512958526611328,0.9999992847442627,0.0010000014937628307,0.001,False,128.0,128.0,,
train,,,,,,,68.12728500366211,3.0,26.0,964.0,1.4392366409301758,0.999999463558197,0.0010000010408479218,0.001,False,128.0,128.0,,
train,,,,,,,68.19281029701233,3.0,27.0,965.0,1.4107314348220825,0.9999994039535522,0.0009999991766726439,0.001,False,128.0,128.0,,
train,,,,,,,68.25015211105347,3.0,28.0,966.0,1.4304670095443726,0.9999993443489075,0.0009999997584853296,0.001,False,128.0,128.0,,
train,,,,,,,68.31528830528259,3.0,29.0,967.0,1.398219347000122,0.9999992847442627,0.0010000015388378172,0.001,False,128.0,128.0,,
train,,,,,,,68.37772727012634,3.0,30.0,968.0,1.3632967472076416,0.9999994039535522,0.0009999983482787088,0.001,False,128.0,128.0,,
train,,,,,,,68.44577407836914,3.0,31.0,969.0,1.2540678977966309,0.9999995231628418,0.0010000001971899675,0.001,False,128.0,128.0,,
train,,,,,,,68.51987528800964,3.0,32.0,970.0,1.4200961589813232,0.9999993443489075,0.0009999994526465213,0.001,False,128.0,128.0,,
train,,,,,,,68.58440136909485,3.0,33.0,971.0,1.3556616306304932,0.9999994039535522,0.001000000875646894,0.001,False,128.0,128.0,,
train,,,,,,,68.65559959411621,3.0,34.0,972.0,1.279031753540039,0.9999994039535522,0.0009999996611187421,0.001,False,128.0,128.0,,
train,,,,,,,68.73940134048462,3.0,35.0,973.0,1.4088351726531982,0.9999995231628418,0.0010000004513754466,0.001,False,128.0,128.0,,
train,,,,,,,68.8148717880249,3.0,36.0,974.0,1.3751556873321533,0.9999992847442627,0.0009999992305740146,0.001,False,128.0,128.0,,
train,,,,,,,68.87368607521057,3.0,37.0,975.0,1.4015352725982666,0.9999994039535522,0.0009999983221606688,0.001,False,128.0,128.0,,
train,,,,,,,68.93633651733398,3.0,38.0,976.0,1.422617793083191,0.9999994039535522,0.0009999983916607442,0.001,False,128.0,128.0,,
train,,,,,,,68.99354648590088,3.0,39.0,977.0,1.3989105224609375,0.9999994039535522,0.000999999657788072,0.001,False,128.0,128.0,,
train,,,,,,,69.0560507774353,3.0,40.0,978.0,1.3843052387237549,0.9999993443489075,0.0009999978923925224,0.001,False,128.0,128.0,,
train,,,,,,,69.11923289299011,3.0,41.0,979.0,1.4006109237670898,0.9999992847442627,0.000999998146828388,0.001,False,128.0,128.0,,
train,,,,,,,69.18029761314392,3.0,42.0,980.0,1.4222044944763184,0.999999463558197,0.000999999992353839,0.001,False,128.0,128.0,,
train,,,,,,,69.24870681762695,3.0,43.0,981.0,1.4192780256271362,0.9999993443489075,0.0010000003750198897,0.001,False,128.0,128.0,,
train,,,,,,,69.31006622314453,3.0,44.0,982.0,1.3782650232315063,0.9999994039535522,0.0010000003570620388,0.001,False,128.0,128.0,,
train,,,,,,,69.37261748313904,3.0,45.0,983.0,1.360273003578186,0.9999992847442627,0.0009999996093823303,0.001,False,128.0,128.0,,
train,,,,,,,69.43511962890625,3.0,46.0,984.0,1.3781731128692627,0.9999992847442627,0.000999997951317732,0.001,False,128.0,128.0,,
train,,,,,,,69.49718618392944,3.0,47.0,985.0,1.3993799686431885,0.9999994039535522,0.0010000004251741947,0.001,False,128.0,128.0,,
train,,,,,,,69.55685353279114,3.0,48.0,986.0,1.3669894933700562,0.9999994039535522,0.0009999988784109382,0.001,False,128.0,128.0,,
train,,,,,,,69.61584639549255,3.0,49.0,987.0,1.3296349048614502,0.9999994039535522,0.0009999989216541727,0.001,False,128.0,128.0,,
train,,,,,,,69.67883920669556,3.0,50.0,988.0,1.3666611909866333,0.9999994039535522,0.0009999976949389218,0.001,False,128.0,128.0,,
train,,,,,,,69.73926901817322,3.0,51.0,989.0,1.4189640283584595,0.9999994039535522,0.0009999998566845752,0.001,False,128.0,128.0,,
train,,,,,,,69.803631067276,3.0,52.0,990.0,1.4024591445922852,0.9999994039535522,0.0009999976166402596,0.001,False,128.0,128.0,,
train,,,,,,,69.8704264163971,3.0,53.0,991.0,1.4159793853759766,0.9999994039535522,0.000999998752733543,0.001,False,128.0,128.0,,
train,,,,,,,69.93468427658081,3.0,54.0,992.0,1.4003362655639648,0.9999994039535522,0.0010000004807685875,0.001,False,128.0,128.0,,
train,,,,,,,69.99437999725342,3.0,55.0,993.0,1.2819221019744873,0.9999993443489075,0.000999999090130684,0.001,False,128.0,128.0,,
train,,,,,,,70.05473375320435,3.0,56.0,994.0,1.4615983963012695,0.9999993443489075,0.0009999993912789083,0.001,False,128.0,128.0,,
train,,,,,,,70.11565232276917,3.0,57.0,995.0,1.3695597648620605,0.9999993443489075,0.0009999996669751705,0.001,False,128.0,128.0,,
train,,,,,,,70.17587900161743,3.0,58.0,996.0,1.4308898448944092,0.9999994039535522,0.001000000778113882,0.001,False,128.0,128.0,,
train,,,,,,,70.23641443252563,3.0,59.0,997.0,1.3548903465270996,0.999999463558197,0.0010000002786803182,0.001,False,128.0,128.0,,
train,,,,,,,70.29705834388733,3.0,60.0,998.0,1.3903322219848633,0.9999993443489075,0.0010000001226940145,0.001,False,128.0,128.0,,
train,,,,,,,70.35913729667664,3.0,61.0,999.0,1.410961627960205,0.9999992847442627,0.0010000006964015276,0.001,False,128.0,128.0,,
train,,,,,,,70.41944456100464,3.0,62.0,1000.0,1.395416021347046,0.999999463558197,0.0009999985253040468,0.001,False,128.0,128.0,,
train,,,,,,,70.48389220237732,3.0,63.0,1001.0,1.3437771797180176,0.9999994039535522,0.0009999992221085576,0.001,False,128.0,128.0,,
train,,,,,,,70.54528951644897,3.0,64.0,1002.0,1.394173502922058,0.999999463558197,0.0009999999379529088,0.001,False,128.0,128.0,,
train,,,,,,,70.61715006828308,3.0,65.0,1003.0,1.3859399557113647,0.999999463558197,0.0009999998561849746,0.001,False,128.0,128.0,,
train,,,,,,,70.67816090583801,3.0,66.0,1004.0,1.3984462022781372,0.9999993443489075,0.0009999978727970446,0.001,False,128.0,128.0,,
train,,,,,,,70.7427875995636,3.0,67.0,1005.0,1.368557333946228,0.9999994039535522,0.0010000004138776802,0.001,False,128.0,128.0,,
train,,,,,,,70.80340099334717,3.0,68.0,1006.0,1.426591157913208,0.9999994039535522,0.0010000003261145826,0.001,False,128.0,128.0,,
train,,,,,,,70.86632370948792,3.0,69.0,1007.0,1.3498812913894653,0.999999463558197,0.0009999982576843563,0.001,False,128.0,128.0,,
train,,,,,,,70.93294644355774,3.0,70.0,1008.0,1.34798002243042,0.999999463558197,0.0009999993700181241,0.001,False,128.0,128.0,,
train,,,,,,,70.99163269996643,3.0,71.0,1009.0,1.3107972145080566,0.9999994039535522,0.0010000005170728622,0.001,False,128.0,128.0,,
train,,,,,,,71.05311560630798,3.0,72.0,1010.0,1.3722448348999023,0.9999993443489075,0.0009999990147187136,0.001,False,128.0,128.0,,
train,,,,,,,71.11184167861938,3.0,73.0,1011.0,1.3598638772964478,0.9999993443489075,0.0010000027040144095,0.001,False,128.0,128.0,,
train,,,,,,,71.17186498641968,3.0,74.0,1012.0,1.4419561624526978,0.999999463558197,0.0009999997593735082,0.001,False,128.0,128.0,,
train,,,,,,,71.245680809021,3.0,75.0,1013.0,1.4733772277832031,0.999999463558197,0.0009999985443443996,0.001,False,128.0,128.0,,
train,,,,,,,71.30591177940369,3.0,76.0,1014.0,1.3724007606506348,0.9999994039535522,0.001000000488984234,0.001,False,128.0,128.0,,
train,,,,,,,71.37306046485901,3.0,77.0,1015.0,1.3130147457122803,0.9999993443489075,0.0009999985204190583,0.001,False,128.0,128.0,,
train,,,,,,,71.43310284614563,3.0,78.0,1016.0,1.373415231704712,0.9999994039535522,0.0009999972032476456,0.001,False,128.0,128.0,,
train,,,,,,,71.50228667259216,3.0,79.0,1017.0,1.3781938552856445,0.9999993443489075,0.0009999969628281483,0.001,False,128.0,128.0,,
train,,,,,,,71.56400656700134,3.0,80.0,1018.0,1.3280565738677979,0.9999994039535522,0.0009999981118285416,0.001,False,128.0,128.0,,
train,,,,,,,71.62461686134338,3.0,81.0,1019.0,1.3116848468780518,0.9999994039535522,0.000999998560498168,0.001,False,128.0,128.0,,
train,,,,,,,71.68575024604797,3.0,82.0,1020.0,1.3493125438690186,0.9999995827674866,0.0009999975079491605,0.001,False,128.0,128.0,,
train,,,,,,,71.74345278739929,3.0,83.0,1021.0,1.3322778940200806,0.999999463558197,0.0009999977264970835,0.001,False,128.0,128.0,,
train,,,,,,,71.80973839759827,3.0,84.0,1022.0,1.333958387374878,0.9999993443489075,0.001000001131386511,0.001,False,128.0,128.0,,
train,,,,,,,71.87185502052307,3.0,85.0,1023.0,1.4698196649551392,0.9999994039535522,0.001000001513746815,0.001,False,128.0,128.0,,
train,,,,,,,71.93499183654785,3.0,86.0,1024.0,1.295307993888855,0.9999994039535522,0.0009999992230244922,0.001,False,128.0,128.0,,
train,,,,,,,71.99540781974792,3.0,87.0,1025.0,1.274434208869934,0.999999463558197,0.0009999979320553228,0.001,False,128.0,128.0,,
train,,,,,,,72.05408644676208,3.0,88.0,1026.0,1.323634386062622,0.9999994039535522,0.0009999981308411467,0.001,False,128.0,128.0,,
train,,,,,,,72.12136936187744,3.0,89.0,1027.0,1.3475375175476074,0.9999994039535522,0.0010000006632058817,0.001,False,128.0,128.0,,
train,,,,,,,72.18715167045593,3.0,90.0,1028.0,1.3463845252990723,0.9999994039535522,0.0009999966664809236,0.001,False,128.0,128.0,,
train,,,,,,,72.25247716903687,3.0,91.0,1029.0,1.355571985244751,0.9999994039535522,0.0009999995812381654,0.001,False,128.0,128.0,,
train,,,,,,,72.31338167190552,3.0,92.0,1030.0,1.3949038982391357,0.9999993443489075,0.0010000005209863964,0.001,False,128.0,128.0,,
train,,,,,,,72.37541127204895,3.0,93.0,1031.0,1.4146021604537964,0.9999994039535522,0.0009999990126370434,0.001,False,128.0,128.0,,
train,,,,,,,72.43846440315247,3.0,94.0,1032.0,1.349945306777954,0.9999993443489075,0.0010000001628840823,0.001,False,128.0,128.0,,
train,,,,,,,72.49697232246399,3.0,95.0,1033.0,1.3318312168121338,0.9999992847442627,0.0009999975189681513,0.001,False,128.0,128.0,,
train,,,,,,,72.56236696243286,3.0,96.0,1034.0,1.3586384057998657,0.9999993443489075,0.0010000005870446297,0.001,False,128.0,128.0,,
train,,,,,,,72.62079000473022,3.0,97.0,1035.0,1.3575878143310547,0.999999463558197,0.0009999993788444026,0.001,False,128.0,128.0,,
train,,,,,,,72.68762564659119,3.0,98.0,1036.0,1.325974702835083,0.9999992251396179,0.0009999981525460472,0.001,False,128.0,128.0,,
train,,,,,,,72.74998879432678,3.0,99.0,1037.0,1.3915268182754517,0.9999993443489075,0.0009999982643457061,0.001,False,128.0,128.0,,
train,,,,,,,72.81039333343506,3.0,100.0,1038.0,1.3443408012390137,0.9999992847442627,0.001000000520320263,0.001,False,128.0,128.0,,
train,,,,,,,72.87545013427734,3.0,101.0,1039.0,1.2981839179992676,0.999999463558197,0.0009999993901409288,0.001,False,128.0,128.0,,
train,,,,,,,72.93913435935974,3.0,102.0,1040.0,1.3379735946655273,0.9999993443489075,0.0009999979024678176,0.001,False,128.0,128.0,,
train,,,,,,,73.0054337978363,3.0,103.0,1041.0,1.3554940223693848,0.9999992847442627,0.001000000668951282,0.001,False,128.0,128.0,,
train,,,,,,,73.06563711166382,3.0,104.0,1042.0,1.3693122863769531,0.9999994039535522,0.0010000002573085306,0.001,False,128.0,128.0,,
train,,,,,,,73.12742495536804,3.0,105.0,1043.0,1.3325560092926025,0.999999463558197,0.0009999971180932978,0.001,False,128.0,128.0,,
train,,,,,,,73.19081807136536,3.0,106.0,1044.0,1.3102867603302002,0.999999463558197,0.0010000003013843726,0.001,False,128.0,128.0,,
train,,,,,,,73.25454688072205,3.0,107.0,1045.0,1.2907276153564453,0.9999993443489075,0.0009999982226567583,0.001,False,128.0,128.0,,
train,,,,,,,73.31919455528259,3.0,108.0,1046.0,1.3786572217941284,0.9999993443489075,0.0009999986097921402,0.001,False,128.0,128.0,,
train,,,,,,,73.37960004806519,3.0,109.0,1047.0,1.343357801437378,0.9999994039535522,0.0010000001115362744,0.001,False,128.0,128.0,,
train,,,,,,,73.44183707237244,3.0,110.0,1048.0,1.3348137140274048,0.9999992847442627,0.0009999990388383324,0.001,False,128.0,128.0,,
train,,,,,,,73.50289916992188,3.0,111.0,1049.0,1.3637950420379639,0.9999994039535522,0.0010000001535026993,0.001,False,128.0,128.0,,
train,,,,,,,73.56288480758667,3.0,112.0,1050.0,1.3078641891479492,0.9999995827674866,0.0009999979997790652,0.001,False,128.0,128.0,,
train,,,,,,,73.62916851043701,3.0,113.0,1051.0,1.2842031717300415,0.999999463558197,0.0010000008432839206,0.001,False,128.0,128.0,,
train,,,,,,,73.69106888771057,3.0,114.0,1052.0,1.4022765159606934,0.9999993443489075,0.0009999997188503574,0.001,False,128.0,128.0,,
train,,,,,,,73.76041460037231,3.0,115.0,1053.0,1.3239555358886719,0.9999994039535522,0.0009999995004694032,0.001,False,128.0,128.0,,
train,,,,,,,73.81890606880188,3.0,116.0,1054.0,1.3443527221679688,0.9999993443489075,0.000999999203456796,0.001,False,128.0,128.0,,
train,,,,,,,73.88260531425476,3.0,117.0,1055.0,1.3626645803451538,0.9999993443489075,0.0009999984604114132,0.001,False,128.0,128.0,,
train,,,,,,,73.9465970993042,3.0,118.0,1056.0,1.3738718032836914,0.999999463558197,0.0009999994842046275,0.001,False,128.0,128.0,,
train,,,,,,,74.00432181358337,3.0,119.0,1057.0,1.326891541481018,0.9999992847442627,0.0009999990386717987,0.001,False,128.0,128.0,,
train,,,,,,,74.06597018241882,3.0,120.0,1058.0,1.3024238348007202,0.999999463558197,0.000999996724018422,0.001,False,128.0,128.0,,
train,,,,,,,74.1286289691925,3.0,121.0,1059.0,1.3984017372131348,0.9999993443489075,0.000999996856690499,0.001,False,128.0,128.0,,
train,,,,,,,74.19352412223816,3.0,122.0,1060.0,1.323549509048462,0.9999994039535522,0.0010000010242778602,0.001,False,128.0,128.0,,
train,,,,,,,74.25415468215942,3.0,123.0,1061.0,1.3333611488342285,0.9999992847442627,0.0010000008590213185,0.001,False,128.0,128.0,,
train,,,,,,,74.31367683410645,3.0,124.0,1062.0,1.3004765510559082,0.9999995231628418,0.0009999984633257532,0.001,False,128.0,128.0,,
train,,,,,,,74.38525247573853,3.0,125.0,1063.0,1.273045301437378,0.9999993443489075,0.0009999991361494692,0.001,False,128.0,128.0,,
train,,,,,,,74.44501447677612,3.0,126.0,1064.0,1.2831190824508667,0.9999994039535522,0.000999998721425214,0.001,False,128.0,128.0,,
train,,,,,,,74.5082094669342,3.0,127.0,1065.0,1.2487847805023193,0.999999463558197,0.0009999981200164518,0.001,False,128.0,128.0,,
train,,,,,,,74.57031655311584,3.0,128.0,1066.0,1.2911373376846313,0.9999993443489075,0.0010000000751764738,0.001,False,128.0,128.0,,
train,,,,,,,74.6282548904419,3.0,129.0,1067.0,1.4060602188110352,0.9999993443489075,0.0009999997873233793,0.001,False,128.0,128.0,,
train,,,,,,,74.6902117729187,3.0,130.0,1068.0,1.2116546630859375,0.999999463558197,0.0009999998720889216,0.001,False,128.0,128.0,,
train,,,,,,,74.74820470809937,3.0,131.0,1069.0,1.207632064819336,0.9999994039535522,0.0009999982501348265,0.001,False,128.0,128.0,,
train,,,,,,,74.81656813621521,3.0,132.0,1070.0,1.2310034036636353,0.9999993443489075,0.001000001195501816,0.001,False,128.0,128.0,,
train,,,,,,,74.87856006622314,3.0,133.0,1071.0,1.3454399108886719,0.9999994039535522,0.0009999984967157614,0.001,False,128.0,128.0,,
train,,,,,,,74.97545552253723,3.0,134.0,1072.0,1.3341090679168701,0.9999993443489075,0.0009999969636053068,0.001,False,128.0,128.0,,
train,,,,,,,75.10694193840027,3.0,135.0,1073.0,1.314293384552002,0.9999993443489075,0.0010000007496921942,0.001,False,128.0,128.0,,
train,,,,,,,75.208163022995,3.0,136.0,1074.0,1.3259451389312744,0.9999994039535522,0.0009999982695360077,0.001,False,128.0,128.0,,
train,,,,,,,75.29802680015564,3.0,137.0,1075.0,1.3391571044921875,0.9999993443489075,0.0009999988626179979,0.001,False,128.0,128.0,,
train,,,,,,,75.37767720222473,3.0,138.0,1076.0,1.2879412174224854,0.9999992847442627,0.000999999113556411,0.001,False,128.0,128.0,,
train,,,,,,,75.44343662261963,3.0,139.0,1077.0,1.3508527278900146,0.999999463558197,0.0009999985209741707,0.001,False,128.0,128.0,,
train,,,,,,,75.51045560836792,3.0,140.0,1078.0,1.361083984375,0.9999993443489075,0.001000000063907711,0.001,False,128.0,128.0,,
train,,,,,,,75.57129836082458,3.0,141.0,1079.0,1.292661428451538,0.9999993443489075,0.000999999979058918,0.001,False,128.0,128.0,,
train,,,,,,,75.63293600082397,3.0,142.0,1080.0,1.2058839797973633,0.9999994039535522,0.0009999988129632154,0.001,False,128.0,128.0,,
train,,,,,,,75.69315671920776,3.0,143.0,1081.0,1.3195819854736328,0.9999993443489075,0.000999998988323135,0.001,False,128.0,128.0,,
train,,,,,,,75.75063848495483,3.0,144.0,1082.0,1.3342370986938477,0.9999994039535522,0.0010000001368493563,0.001,False,128.0,128.0,,
train,,,,,,,75.81307983398438,3.0,145.0,1083.0,1.301645278930664,0.9999994039535522,0.0009999975727308333,0.001,False,128.0,128.0,,
train,,,,,,,75.87249565124512,3.0,146.0,1084.0,1.2706127166748047,0.9999993443489075,0.0009999998257093478,0.001,False,128.0,128.0,,
train,,,,,,,75.93480920791626,3.0,147.0,1085.0,1.2741048336029053,0.9999995231628418,0.0009999987498469595,0.001,False,128.0,128.0,,
train,,,,,,,75.99385094642639,3.0,148.0,1086.0,1.350658893585205,0.9999992847442627,0.0009999982917405063,0.001,False,128.0,128.0,,
train,,,,,,,76.05974221229553,3.0,149.0,1087.0,1.335037112236023,0.9999993443489075,0.0009999989303139216,0.001,False,128.0,128.0,,
train,,,,,,,76.12288308143616,3.0,150.0,1088.0,1.2939043045043945,0.9999992251396179,0.0010000002024080146,0.001,False,128.0,128.0,,
train,,,,,,,76.1827404499054,3.0,151.0,1089.0,1.2875502109527588,0.9999994039535522,0.000999999433245363,0.001,False,128.0,128.0,,
train,,,,,,,76.24818396568298,3.0,152.0,1090.0,1.3384296894073486,0.999999463558197,0.0010000003527599261,0.001,False,128.0,128.0,,
train,,,,,,,76.30679130554199,3.0,153.0,1091.0,1.1980514526367188,0.9999994039535522,0.0010000006900732607,0.001,False,128.0,128.0,,
train,,,,,,,76.36848759651184,3.0,154.0,1092.0,1.3685619831085205,0.9999995231628418,0.000999999912695333,0.001,False,128.0,128.0,,
train,,,,,,,76.43153023719788,3.0,155.0,1093.0,1.3069950342178345,0.9999992251396179,0.0009999998533539054,0.001,False,128.0,128.0,,
train,,,,,,,76.49204707145691,3.0,156.0,1094.0,1.263235092163086,0.9999992251396179,0.0009999993213903238,0.001,False,128.0,128.0,,
train,,,,,,,76.55602216720581,3.0,157.0,1095.0,1.3323559761047363,0.9999992847442627,0.0009999991112804518,0.001,False,128.0,128.0,,
train,,,,,,,76.61538171768188,3.0,158.0,1096.0,1.2056535482406616,0.9999994039535522,0.0009999986699107987,0.001,False,128.0,128.0,,
train,,,,,,,76.68444585800171,3.0,159.0,1097.0,1.2934725284576416,0.999999463558197,0.001000000646386014,0.001,False,128.0,128.0,,
train,,,,,,,76.74433183670044,3.0,160.0,1098.0,1.2673346996307373,0.9999994039535522,0.0010000008470031647,0.001,False,128.0,128.0,,
train,,,,,,,76.80725741386414,3.0,161.0,1099.0,1.2661974430084229,0.9999993443489075,0.000999998621366231,0.001,False,128.0,128.0,,
train,,,,,,,76.86722707748413,3.0,162.0,1100.0,1.3416142463684082,0.9999994039535522,0.0009999991050631972,0.001,False,128.0,128.0,,
train,,,,,,,76.93794512748718,3.0,163.0,1101.0,1.3582844734191895,0.9999993443489075,0.0010000004716370075,0.001,False,128.0,128.0,,
train,,,,,,,76.99894905090332,3.0,164.0,1102.0,1.2177066802978516,0.9999992847442627,0.0009999987090462115,0.001,False,128.0,128.0,,
train,,,,,,,77.07061219215393,3.0,165.0,1103.0,1.2216339111328125,0.9999993443489075,0.000999999696534868,0.001,False,128.0,128.0,,
train,,,,,,,77.13371109962463,3.0,166.0,1104.0,1.3356716632843018,0.9999993443489075,0.000999999843084341,0.001,False,128.0,128.0,,
train,,,,,,,77.20268440246582,3.0,167.0,1105.0,1.2809892892837524,0.9999992847442627,0.0009999988548741834,0.001,False,128.0,128.0,,
train,,,,,,,77.2676854133606,3.0,168.0,1106.0,1.2624187469482422,0.999999463558197,0.0010000010684369349,0.001,False,128.0,128.0,,
train,,,,,,,77.32798886299133,3.0,169.0,1107.0,1.2462122440338135,0.9999992847442627,0.0009999998128862695,0.001,False,128.0,128.0,,
train,,,,,,,77.39236330986023,3.0,170.0,1108.0,1.3615198135375977,0.9999994039535522,0.0009999996304488202,0.001,False,128.0,128.0,,
train,,,,,,,77.46449160575867,3.0,171.0,1109.0,1.3302483558654785,0.9999993443489075,0.0009999988723324604,0.001,False,128.0,128.0,,
train,,,,,,,77.53261232376099,3.0,172.0,1110.0,1.296400785446167,0.9999992847442627,0.000999999178809825,0.001,False,128.0,128.0,,
train,,,,,,,77.59637475013733,3.0,173.0,1111.0,1.2562607526779175,0.9999992847442627,0.0009999994520914096,0.001,False,128.0,128.0,,
train,,,,,,,77.66653895378113,3.0,174.0,1112.0,1.3312623500823975,0.999999463558197,0.0010000003188148686,0.001,False,128.0,128.0,,
train,,,,,,,77.73357439041138,3.0,175.0,1113.0,1.2702653408050537,0.999999463558197,0.0009999992859741846,0.001,False,128.0,128.0,,
train,,,,,,,77.7996096611023,3.0,176.0,1114.0,1.2666525840759277,0.9999993443489075,0.0010000004701937182,0.001,False,128.0,128.0,,
train,,,,,,,77.86046314239502,3.0,177.0,1115.0,1.267564058303833,0.9999994039535522,0.0009999991550510325,0.001,False,128.0,128.0,,
train,,,,,,,77.92357325553894,3.0,178.0,1116.0,1.337411880493164,0.9999993443489075,0.0009999992899432347,0.001,False,128.0,128.0,,
train,,,,,,,77.98334836959839,3.0,179.0,1117.0,1.3090522289276123,0.9999992847442627,0.0009999989050563202,0.001,False,128.0,128.0,,
train,,,,,,,78.04052758216858,3.0,180.0,1118.0,1.2916131019592285,0.9999991655349731,0.0010000006152442776,0.001,False,128.0,128.0,,
train,,,,,,,78.10547828674316,3.0,181.0,1119.0,1.2279765605926514,0.999999463558197,0.0009999999150268016,0.001,False,128.0,128.0,,
train,,,,,,,78.16422939300537,3.0,182.0,1120.0,1.241548776626587,0.999999463558197,0.0009999999710930676,0.001,False,128.0,128.0,,
train,,,,,,,78.2325918674469,3.0,183.0,1121.0,1.1918879747390747,0.9999994039535522,0.000999998460133857,0.001,False,128.0,128.0,,
train,,,,,,,78.29779124259949,3.0,184.0,1122.0,1.3238790035247803,0.9999994039535522,0.0009999986687728186,0.001,False,128.0,128.0,,
train,,,,,,,78.36266565322876,3.0,185.0,1123.0,1.273815631866455,0.9999994039535522,0.00099999907539246,0.001,False,128.0,128.0,,
train,,,,,,,78.42983341217041,3.0,186.0,1124.0,1.3086531162261963,0.9999993443489075,0.0009999999561605675,0.001,False,128.0,128.0,,
train,,,,,,,78.48774600028992,3.0,187.0,1125.0,1.2375171184539795,0.9999994039535522,0.0010000000140586989,0.001,False,128.0,128.0,,
train,,,,,,,78.55340456962585,3.0,188.0,1126.0,1.293091058731079,0.9999992847442627,0.0010000001496724303,0.001,False,128.0,128.0,,
train,,,,,,,78.62164735794067,3.0,189.0,1127.0,1.2910270690917969,0.999999463558197,0.0010000006438880137,0.001,False,128.0,128.0,,
train,,,,,,,78.69204998016357,3.0,190.0,1128.0,1.2415732145309448,0.999999463558197,0.0009999997508803001,0.001,False,128.0,128.0,,
train,,,,,,,78.75265860557556,3.0,191.0,1129.0,1.3092397451400757,0.9999992847442627,0.0009999971853174934,0.001,False,128.0,128.0,,
train,,,,,,,78.81274390220642,3.0,192.0,1130.0,1.3001184463500977,0.9999993443489075,0.0009999996139897576,0.001,False,128.0,128.0,,
train,,,,,,,78.87584090232849,3.0,193.0,1131.0,1.3229957818984985,0.9999993443489075,0.0009999996593978958,0.001,False,128.0,128.0,,
train,,,,,,,78.93676114082336,3.0,194.0,1132.0,1.2109181880950928,0.9999992847442627,0.001000001163138853,0.001,False,128.0,128.0,,
train,,,,,,,79.00528860092163,3.0,195.0,1133.0,1.2744399309158325,0.9999992847442627,0.001000000440162199,0.001,False,128.0,128.0,,
train,,,,,,,79.06661939620972,3.0,196.0,1134.0,1.317563533782959,0.9999992847442627,0.0009999990990679874,0.001,False,128.0,128.0,,
train,,,,,,,79.1307520866394,3.0,197.0,1135.0,1.2262378931045532,0.9999994039535522,0.0009999996715825976,0.001,False,128.0,128.0,,
train,,,,,,,79.1950478553772,3.0,198.0,1136.0,1.2428265810012817,0.9999992847442627,0.0009999996311704654,0.001,False,128.0,128.0,,
train,,,,,,,79.25361323356628,3.0,199.0,1137.0,1.2860260009765625,0.999999463558197,0.000999998269952342,0.001,False,128.0,128.0,,
train,,,,,,,79.32381176948547,3.0,200.0,1138.0,1.276965618133545,0.9999992847442627,0.0009999988556790961,0.001,False,128.0,128.0,,
train,,,,,,,79.38658452033997,3.0,201.0,1139.0,1.210023045539856,0.9999994039535522,0.0010000000233568167,0.001,False,128.0,128.0,,
train,,,,,,,79.44963693618774,3.0,202.0,1140.0,1.2069562673568726,0.9999992847442627,0.0010000000378729823,0.001,False,128.0,128.0,,
train,,,,,,,79.51124668121338,3.0,203.0,1141.0,1.2338188886642456,0.9999993443489075,0.0009999997594567751,0.001,False,128.0,128.0,,
train,,,,,,,79.57934212684631,3.0,204.0,1142.0,1.2200193405151367,0.9999992847442627,0.001000000485237233,0.001,False,128.0,128.0,,
train,,,,,,,79.64471197128296,3.0,205.0,1143.0,1.2842237949371338,0.9999993443489075,0.0010000004353882422,0.001,False,128.0,128.0,,
train,,,,,,,79.70548462867737,3.0,206.0,1144.0,1.3501367568969727,0.9999994039535522,0.000999998259405205,0.001,False,128.0,128.0,,
train,,,,,,,79.7734546661377,3.0,207.0,1145.0,1.220926284790039,0.9999992847442627,0.0009999989878235341,0.001,False,128.0,128.0,,
train,,,,,,,79.83658003807068,3.0,208.0,1146.0,1.2339534759521484,0.9999992847442627,0.0009999994530628551,0.001,False,128.0,128.0,,
train,,,,,,,79.89978694915771,3.0,209.0,1147.0,1.2746330499649048,0.9999994039535522,0.0009999998126642249,0.001,False,128.0,128.0,,
train,,,,,,,79.96229243278503,3.0,210.0,1148.0,1.2175688743591309,0.9999994039535522,0.0009999987934510223,0.001,False,128.0,128.0,,
train,,,,,,,80.032794713974,3.0,211.0,1149.0,1.2102724313735962,0.9999993443489075,0.0009999994824421475,0.001,False,128.0,128.0,,
train,,,,,,,80.10391163825989,3.0,212.0,1150.0,1.274782419204712,0.9999993443489075,0.0009999987705526447,0.001,False,128.0,128.0,,
train,,,,,,,80.16250967979431,3.0,213.0,1151.0,1.2090997695922852,0.9999992847442627,0.0010000018475903175,0.001,False,128.0,128.0,,
train,,,,,,,80.22466468811035,3.0,214.0,1152.0,1.2083367109298706,0.9999994039535522,0.0009999996251475033,0.001,False,128.0,128.0,,
train,,,,,,,80.28549480438232,3.0,215.0,1153.0,1.1906960010528564,0.9999994039535522,0.0010000006751130156,0.001,False,128.0,128.0,,
train,,,,,,,80.350332736969,3.0,216.0,1154.0,1.3145887851715088,0.9999992847442627,0.000999997671263361,0.001,False,128.0,128.0,,
train,,,,,,,80.41344237327576,3.0,217.0,1155.0,1.321894645690918,0.9999993443489075,0.0009999989665072301,0.001,False,128.0,128.0,,
train,,,,,,,80.47310709953308,3.0,218.0,1156.0,1.2137129306793213,0.9999992847442627,0.0009999999999033555,0.001,False,128.0,128.0,,
train,,,,,,,80.5402147769928,3.0,219.0,1157.0,1.2992191314697266,0.9999993443489075,0.000999999202762906,0.001,False,128.0,128.0,,
train,,,,,,,80.60053253173828,3.0,220.0,1158.0,1.2740331888198853,0.9999993443489075,0.0009999972243141862,0.001,False,128.0,128.0,,
train,,,,,,,80.66293382644653,3.0,221.0,1159.0,1.2687721252441406,0.9999992847442627,0.0009999996301435089,0.001,False,128.0,128.0,,
train,,,,,,,80.72393870353699,3.0,222.0,1160.0,1.2224786281585693,0.9999994039535522,0.0009999989445247913,0.001,False,128.0,128.0,,
train,,,,,,,80.78756523132324,3.0,223.0,1161.0,1.269432783126831,0.9999992847442627,0.0010000005506848465,0.001,False,128.0,128.0,,
train,,,,,,,80.84725379943848,3.0,224.0,1162.0,1.2087501287460327,0.9999994039535522,0.001000002576783187,0.001,False,128.0,128.0,,
train,,,,,,,80.9078540802002,3.0,225.0,1163.0,1.2320947647094727,0.9999994039535522,0.000999998402790748,0.001,False,128.0,128.0,,
train,,,,,,,80.96837544441223,3.0,226.0,1164.0,1.2815217971801758,0.9999994039535522,0.0009999989448023475,0.001,False,128.0,128.0,,
train,,,,,,,81.03394317626953,3.0,227.0,1165.0,1.1996557712554932,0.9999992847442627,0.0009999992262718972,0.001,False,128.0,128.0,,
train,,,,,,,81.11398124694824,3.0,228.0,1166.0,1.2634327411651611,0.9999992251396179,0.0009999994268893328,0.001,False,128.0,128.0,,
train,,,,,,,81.1841630935669,3.0,229.0,1167.0,1.2230201959609985,0.9999992847442627,0.000999999895653408,0.001,False,128.0,128.0,,
train,,,,,,,81.24838280677795,3.0,230.0,1168.0,1.2541612386703491,0.9999993443489075,0.0009999979401044564,0.001,False,128.0,128.0,,
train,,,,,,,81.31605768203735,3.0,231.0,1169.0,1.202862024307251,0.9999992847442627,0.0010000001574995015,0.001,False,128.0,128.0,,
train,,,,,,,81.38041400909424,3.0,232.0,1170.0,1.2833322286605835,0.9999992847442627,0.000999998508484143,0.001,False,128.0,128.0,,
train,,,,,,,81.4459547996521,3.0,233.0,1171.0,1.2791075706481934,0.9999994039535522,0.0010000012905645444,0.001,False,128.0,128.0,,
train,,,,,,,81.50511288642883,3.0,234.0,1172.0,1.2388930320739746,0.9999994039535522,0.0009999983543294343,0.001,False,128.0,128.0,,
train,,,,,,,81.56907153129578,3.0,235.0,1173.0,1.218930959701538,0.9999994039535522,0.001000001123892514,0.001,False,128.0,128.0,,
train,,,,,,,81.62927961349487,3.0,236.0,1174.0,1.209486722946167,0.9999994039535522,0.0009999991784767578,0.001,False,128.0,128.0,,
train,,,,,,,81.68943667411804,3.0,237.0,1175.0,1.2996307611465454,0.999999463558197,0.001000000895852935,0.001,False,128.0,128.0,,
train,,,,,,,81.75018119812012,3.0,238.0,1176.0,1.2136458158493042,0.9999994039535522,0.000999999967734643,0.001,False,128.0,128.0,,
train,,,,,,,81.80866074562073,3.0,239.0,1177.0,1.183237910270691,0.9999993443489075,0.0009999977515326695,0.001,False,128.0,128.0,,
train,,,,,,,81.8731918334961,3.0,240.0,1178.0,1.2569915056228638,0.9999993443489075,0.0009999983580486875,0.001,False,128.0,128.0,,
train,,,,,,,81.9364595413208,3.0,241.0,1179.0,1.2261137962341309,0.9999993443489075,0.0009999993999941642,0.001,False,128.0,128.0,,
train,,,,,,,81.9960389137268,3.0,242.0,1180.0,1.1839221715927124,0.9999992847442627,0.0009999998721721883,0.001,False,128.0,128.0,,
train,,,,,,,82.06015920639038,3.0,243.0,1181.0,1.2421189546585083,0.9999994039535522,0.0009999977977180501,0.001,False,128.0,128.0,,
train,,,,,,,82.120858669281,3.0,244.0,1182.0,1.2961442470550537,0.999999463558197,0.0009999992995466708,0.001,False,128.0,128.0,,
train,,,,,,,82.18109369277954,3.0,245.0,1183.0,1.1762944459915161,0.9999992847442627,0.0009999993742924854,0.001,False,128.0,128.0,,
train,,,,,,,82.24183416366577,3.0,246.0,1184.0,1.3253469467163086,0.9999994039535522,0.0009999993599983548,0.001,False,128.0,128.0,,
train,,,,,,,82.31214761734009,3.0,247.0,1185.0,1.2324225902557373,0.9999993443489075,0.0009999998656773828,0.001,False,128.0,128.0,,
train,,,,,,,82.37586808204651,3.0,248.0,1186.0,1.1618034839630127,0.9999994039535522,0.0009999990827476942,0.001,False,128.0,128.0,,
train,,,,,,,82.43714618682861,3.0,249.0,1187.0,1.3245755434036255,0.9999992847442627,0.000999998840330245,0.001,False,128.0,128.0,,
train,,,,,,,82.50241565704346,3.0,250.0,1188.0,1.1793785095214844,0.9999992847442627,0.0009999994067110174,0.001,False,128.0,128.0,,
train,,,,,,,82.56146264076233,3.0,251.0,1189.0,1.1503037214279175,0.9999993443489075,0.001000000172098932,0.001,False,128.0,128.0,,
train,,,,,,,82.6248996257782,3.0,252.0,1190.0,1.2454404830932617,0.999999463558197,0.0009999996840448552,0.001,False,128.0,128.0,,
train,,,,,,,82.6851737499237,3.0,253.0,1191.0,1.1909160614013672,0.999999463558197,0.000999999815495294,0.001,False,128.0,128.0,,
train,,,,,,,82.74460053443909,3.0,254.0,1192.0,1.2974709272384644,0.9999994039535522,0.000999998072887395,0.001,False,128.0,128.0,,
train,,,,,,,82.80830788612366,3.0,255.0,1193.0,1.2460054159164429,0.9999993443489075,0.001000000799929747,0.001,False,128.0,128.0,,
train,,,,,,,82.86934399604797,3.0,256.0,1194.0,1.2670356035232544,0.9999992251396179,0.001000000330000362,0.001,False,128.0,128.0,,
train,,,,,,,82.9328408241272,3.0,257.0,1195.0,1.2122256755828857,0.9999994039535522,0.0010000030184841816,0.001,False,128.0,128.0,,
train,,,,,,,82.9928674697876,3.0,258.0,1196.0,1.236047387123108,0.9999992847442627,0.0009999978838160315,0.001,False,128.0,128.0,,
train,,,,,,,83.05164003372192,3.0,259.0,1197.0,1.2096340656280518,0.9999993443489075,0.0010000011287219788,0.001,False,128.0,128.0,,
train,,,,,,,83.11513447761536,3.0,260.0,1198.0,1.2563276290893555,0.9999994039535522,0.0010000000513621914,0.001,False,128.0,128.0,,
train,,,,,,,83.17856121063232,3.0,261.0,1199.0,1.1770787239074707,0.9999992847442627,0.0010000019362969694,0.001,False,128.0,128.0,,
train,,,,,,,83.2433819770813,3.0,262.0,1200.0,1.1882297992706299,0.9999994039535522,0.000999999777525659,0.001,False,128.0,128.0,,
train,,,,,,,83.30642604827881,3.0,263.0,1201.0,1.2307878732681274,0.9999994039535522,0.001000000440994866,0.001,False,128.0,128.0,,
train,,,,,,,83.36429715156555,3.0,264.0,1202.0,1.2086129188537598,0.9999992847442627,0.0010000007269326389,0.001,False,128.0,128.0,,
train,,,,,,,83.43062257766724,3.0,265.0,1203.0,1.2265210151672363,0.9999993443489075,0.0009999985742371977,0.001,False,128.0,128.0,,
train,,,,,,,83.48856091499329,3.0,266.0,1204.0,1.225127935409546,0.9999994039535522,0.0009999992086470928,0.001,False,128.0,128.0,,
train,,,,,,,83.56076693534851,3.0,267.0,1205.0,1.244036316871643,0.9999993443489075,0.0010000027554731064,0.001,False,128.0,128.0,,
train,,,,,,,83.62342095375061,3.0,268.0,1206.0,1.1791653633117676,0.9999994039535522,0.0009999997225696054,0.001,False,128.0,128.0,,
train,,,,,,,83.68769931793213,3.0,269.0,1207.0,1.1885418891906738,0.999999463558197,0.0009999987484036678,0.001,False,128.0,128.0,,
train,,,,,,,83.74746060371399,3.0,270.0,1208.0,1.2502492666244507,0.9999992847442627,0.0010000002234467366,0.001,False,128.0,128.0,,
train,,,,,,,83.809734582901,3.0,271.0,1209.0,1.124281883239746,0.9999994039535522,0.0010000008533314305,0.001,False,128.0,128.0,,
train,,,,,,,83.87451457977295,3.0,272.0,1210.0,1.3000483512878418,0.999999463558197,0.001000001356317416,0.001,False,128.0,128.0,,
train,,,,,,,83.9363944530487,3.0,273.0,1211.0,1.2169500589370728,0.9999994039535522,0.00100000163820262,0.001,False,128.0,128.0,,
train,,,,,,,83.99775099754333,3.0,274.0,1212.0,1.1634814739227295,0.9999994039535522,0.0009999992586626784,0.001,False,128.0,128.0,,
train,,,,,,,84.06187510490417,3.0,275.0,1213.0,1.3062598705291748,0.9999993443489075,0.0009999987623924953,0.001,False,128.0,128.0,,
train,,,,,,,84.1199300289154,3.0,276.0,1214.0,1.250805377960205,0.9999994039535522,0.0010000004988097028,0.001,False,128.0,128.0,,
train,,,,,,,84.18131422996521,3.0,277.0,1215.0,1.111778974533081,0.9999993443489075,0.0009999987222578824,0.001,False,128.0,128.0,,
train,,,,,,,84.23810601234436,3.0,278.0,1216.0,1.2477009296417236,0.9999993443489075,0.0009999978879238654,0.001,False,128.0,128.0,,
train,,,,,,,84.29938220977783,3.0,279.0,1217.0,1.1329400539398193,0.9999993443489075,0.0010000013689739414,0.001,False,128.0,128.0,,
train,,,,,,,84.36040592193604,3.0,280.0,1218.0,1.2263188362121582,0.9999993443489075,0.000999998403512394,0.001,False,128.0,128.0,,
train,,,,,,,84.42057061195374,3.0,281.0,1219.0,1.1972386837005615,0.9999992847442627,0.0010000001541133217,0.001,False,128.0,128.0,,
train,,,,,,,84.48300385475159,3.0,282.0,1220.0,1.1430810689926147,0.9999992251396179,0.0009999984410935026,0.001,False,128.0,128.0,,
train,,,,,,,84.54651093482971,3.0,283.0,1221.0,1.3310468196868896,0.9999993443489075,0.0009999999122512438,0.001,False,128.0,128.0,,
train,,,,,,,84.61885046958923,3.0,284.0,1222.0,1.2325756549835205,0.9999993443489075,0.0010000009635764767,0.001,False,128.0,128.0,,
train,,,,,,,84.68053126335144,3.0,285.0,1223.0,1.2167584896087646,0.9999992847442627,0.0009999990708682968,0.001,False,128.0,128.0,,
train,,,,,,,84.74456024169922,3.0,286.0,1224.0,1.2110626697540283,0.9999992847442627,0.0009999993512830986,0.001,False,128.0,128.0,,
train,,,,,,,84.8073239326477,3.0,287.0,1225.0,1.1364970207214355,0.9999993443489075,0.0010000015800825381,0.001,False,128.0,128.0,,
train,,,,,,,84.86625742912292,3.0,288.0,1226.0,1.2912029027938843,0.9999993443489075,0.000999998156126523,0.001,False,128.0,128.0,,
train,,,,,,,84.93222284317017,3.0,289.0,1227.0,1.2124786376953125,0.9999993443489075,0.0009999976153079887,0.001,False,128.0,128.0,,
train,,,,,,,84.99173474311829,3.0,290.0,1228.0,1.2062920331954956,0.9999992847442627,0.0009999993464258697,0.001,False,128.0,128.0,,
train,,,,,,,85.05234694480896,3.0,291.0,1229.0,1.255218744277954,0.9999993443489075,0.0010000008521101863,0.001,False,128.0,128.0,,
train,,,,,,,85.11356258392334,3.0,292.0,1230.0,1.2273836135864258,0.9999994039535522,0.000999999071062586,0.001,False,128.0,128.0,,
train,,,,,,,85.17437863349915,3.0,293.0,1231.0,1.1207175254821777,0.9999993443489075,0.0010000021422429204,0.001,False,128.0,128.0,,
train,,,,,,,85.2373034954071,3.0,294.0,1232.0,1.2049604654312134,0.9999993443489075,0.0009999993455932017,0.001,False,128.0,128.0,,
train,,,,,,,85.29766368865967,3.0,295.0,1233.0,1.2408756017684937,0.9999992847442627,0.0009999992445628354,0.001,False,128.0,128.0,,
train,,,,,,,85.36441278457642,3.0,296.0,1234.0,1.1975208520889282,0.999999463558197,0.0009999982131088231,0.001,False,128.0,128.0,,
train,,,,,,,85.43552756309509,3.0,297.0,1235.0,1.1043387651443481,0.9999993443489075,0.0010000003588661506,0.001,False,128.0,128.0,,
train,,,,,,,85.50866866111755,3.0,298.0,1236.0,1.1516265869140625,0.9999992847442627,0.0009999995512621307,0.001,False,128.0,128.0,,
train,,,,,,,85.57278609275818,3.0,299.0,1237.0,1.1942453384399414,0.9999994039535522,0.000999999451508542,0.001,False,128.0,128.0,,
train,,,,,,,85.63378286361694,3.0,300.0,1238.0,1.1876471042633057,0.9999993443489075,0.0009999997237908512,0.001,False,128.0,128.0,,
train,,,,,,,85.70660352706909,3.0,301.0,1239.0,1.2282187938690186,0.9999992847442627,0.001000000683911527,0.001,False,128.0,128.0,,
train,,,,,,,85.76899576187134,3.0,302.0,1240.0,1.1950170993804932,0.9999993443489075,0.0009999983936869045,0.001,False,128.0,128.0,,
train,,,,,,,85.84603977203369,3.0,303.0,1241.0,1.1314899921417236,0.9999993443489075,0.0009999982967920297,0.001,False,128.0,128.0,,
train,,,,,,,85.90794372558594,3.0,304.0,1242.0,1.1974685192108154,0.9999992847442627,0.000999996323809386,0.001,False,128.0,128.0,,
train,,,,,,,85.9737982749939,3.0,305.0,1243.0,1.2543339729309082,0.9999994039535522,0.0010000021184841982,0.001,False,128.0,128.0,,
train,,,,,,,86.03387689590454,3.0,306.0,1244.0,1.2473955154418945,0.9999992847442627,0.0010000004505150242,0.001,False,128.0,128.0,,
train,,,,,,,86.0965301990509,3.0,307.0,1245.0,1.1989034414291382,0.9999994039535522,0.0009999998784727048,0.001,False,128.0,128.0,,
train,,,,,,,86.16014552116394,3.0,308.0,1246.0,1.2301639318466187,0.9999992847442627,0.000999999141645078,0.001,False,128.0,128.0,,
train,,,,,,,86.22088813781738,3.0,309.0,1247.0,1.2052454948425293,0.9999993443489075,0.0009999998468590999,0.001,False,128.0,128.0,,
train,,,,,,,86.28876852989197,3.0,310.0,1248.0,1.1393778324127197,0.9999993443489075,0.0009999975735635025,0.001,False,128.0,128.0,,
train,,,,,,,86.35287737846375,3.0,311.0,1249.0,1.1190032958984375,0.9999992847442627,0.000999998884850239,0.001,False,128.0,128.0,,
train,,,,,,,86.41477727890015,3.0,312.0,1250.0,1.1654596328735352,0.9999992847442627,0.0010000006620123926,0.001,False,128.0,128.0,,
train,,,,,,,86.47639441490173,3.0,313.0,1251.0,1.1653449535369873,0.9999992847442627,0.0009999995791287407,0.001,False,128.0,128.0,,
train,,,,,,,86.53678631782532,3.0,314.0,1252.0,1.1808347702026367,0.9999992251396179,0.0009999988287561566,0.001,False,128.0,128.0,,
train,,,,,,,86.59883451461792,3.0,315.0,1253.0,1.1739000082015991,0.9999992251396179,0.000999998388968449,0.001,False,128.0,128.0,,
train,,,,,,,86.65890598297119,3.0,316.0,1254.0,1.2288111448287964,0.9999992847442627,0.0009999962662163532,0.001,False,128.0,128.0,,
train,,,,,,,86.73101568222046,3.0,317.0,1255.0,1.1870815753936768,0.9999992251396179,0.00100000074197615,0.001,False,128.0,128.0,,
train,,,,,,,86.79468274116516,3.0,318.0,1256.0,1.2782814502716064,0.9999994039535522,0.0009999998746701906,0.001,False,128.0,128.0,,
train,,,,,,,86.86301493644714,3.0,319.0,1257.0,1.2022004127502441,0.9999993443489075,0.0010000009967304792,0.001,False,128.0,128.0,,
train,,,,,,,86.92394065856934,3.0,320.0,1258.0,1.2461057901382446,0.9999992847442627,0.000999998654756234,0.001,False,128.0,128.0,,
train,,,,,,,86.98296213150024,3.0,321.0,1259.0,1.1954104900360107,0.9999994039535522,0.0009999976821990831,0.001,False,128.0,128.0,,
train,,,,,,,87.04716539382935,3.0,322.0,1260.0,1.1466537714004517,0.9999993443489075,0.0009999996300879975,0.001,False,128.0,128.0,,
train,,,,,,,87.11061596870422,3.0,323.0,1261.0,1.2079752683639526,0.9999992847442627,0.0009999990382832202,0.001,False,128.0,128.0,,
train,,,,,,,87.17366766929626,3.0,324.0,1262.0,1.1250864267349243,0.9999994039535522,0.0009999979453225152,0.001,False,128.0,128.0,,
train,,,,,,,87.23531103134155,3.0,325.0,1263.0,1.2101531028747559,0.9999995231628418,0.0009999977205573769,0.001,False,128.0,128.0,,
train,,,,,,,87.29759454727173,3.0,326.0,1264.0,1.2233047485351562,0.9999992847442627,0.0009999982315940694,0.001,False,128.0,128.0,,
train,,,,,,,87.36376142501831,3.0,327.0,1265.0,1.1639952659606934,0.9999993443489075,0.0009999990669547572,0.001,False,128.0,128.0,,
train,,,,,,,87.423091173172,3.0,328.0,1266.0,1.1121203899383545,0.9999993443489075,0.0009999979383280959,0.001,False,128.0,128.0,,
train,,,,,,,87.48798727989197,3.0,329.0,1267.0,1.2054111957550049,0.9999994039535522,0.001000000877867338,0.001,False,128.0,128.0,,
train,,,,,,,87.54589676856995,3.0,330.0,1268.0,1.2585253715515137,0.9999992847442627,0.0009999984103402765,0.001,False,128.0,128.0,,
train,,,,,,,87.60249090194702,3.0,331.0,1269.0,1.1915326118469238,0.9999994039535522,0.00100000079154757,0.001,False,128.0,128.0,,
train,,,,,,,87.66453051567078,3.0,332.0,1270.0,1.2054014205932617,0.9999993443489075,0.0009999989005044009,0.001,False,128.0,128.0,,
train,,,,,,,87.72427725791931,3.0,333.0,1271.0,1.155198097229004,0.9999993443489075,0.0010000005543485803,0.001,False,128.0,128.0,,
train,,,,,,,87.7925009727478,3.0,334.0,1272.0,1.1707475185394287,0.9999994039535522,0.0009999995523723541,0.001,False,128.0,128.0,,
train,,,,,,,87.85785722732544,3.0,335.0,1273.0,1.18104887008667,0.9999993443489075,0.0010000011722704268,0.001,False,128.0,128.0,,
train,,,,,,,87.9248366355896,3.0,336.0,1274.0,1.109557032585144,0.9999993443489075,0.00099999950244005,0.001,False,128.0,128.0,,
train,,,,,,,87.98493671417236,3.0,337.0,1275.0,1.148733377456665,0.9999993443489075,0.000999998549590211,0.001,False,128.0,128.0,,
train,,,,,,,88.04429960250854,3.0,338.0,1276.0,1.179231882095337,0.9999993443489075,0.000999998085210894,0.001,False,128.0,128.0,,
train,,,,,,,88.10768461227417,3.0,339.0,1277.0,1.1728367805480957,0.999999463558197,0.0010000002686883136,0.001,False,128.0,128.0,,
train,,,,,,,88.17018914222717,3.0,340.0,1278.0,1.181877851486206,0.9999994039535522,0.00099999878537414,0.001,False,128.0,128.0,,
train,,,,,,,88.23380374908447,3.0,341.0,1279.0,1.1048306226730347,0.9999994039535522,0.0009999998715060545,0.001,False,128.0,128.0,,
train,,,,,,,88.29756736755371,3.0,342.0,1280.0,1.1413285732269287,0.9999993443489075,0.0009999985146458901,0.001,False,128.0,128.0,,
train,,,,,,,88.35745620727539,3.0,343.0,1281.0,1.2050740718841553,0.9999992847442627,0.0009999980868762317,0.001,False,128.0,128.0,,
train,,,,,,,88.42553067207336,3.0,344.0,1282.0,1.1228654384613037,0.9999992847442627,0.0009999976860293614,0.001,False,128.0,128.0,,
train,,,,,,,88.49001264572144,3.0,345.0,1283.0,1.0823724269866943,0.9999992847442627,0.0010000002458177254,0.001,False,128.0,128.0,,
train,,,,,,,88.5539083480835,3.0,346.0,1284.0,1.1564679145812988,0.9999993443489075,0.0010000005782461175,0.001,False,128.0,128.0,,
train,,,,,,,88.61800789833069,3.0,347.0,1285.0,1.155877709388733,0.9999994039535522,0.0009999998893251362,0.001,False,128.0,128.0,,
train,,,,,,,88.6835880279541,3.0,348.0,1286.0,1.0798382759094238,0.9999994039535522,0.000999998291102127,0.001,False,128.0,128.0,,
train,,,,,,,88.74185395240784,3.0,349.0,1287.0,1.1685103178024292,0.9999993443489075,0.0010000003073240638,0.001,False,128.0,128.0,,
train,,,,,,,88.80198812484741,3.0,350.0,1288.0,1.1734275817871094,0.9999992847442627,0.0010000011038530108,0.001,False,128.0,128.0,,
train,,,,,,,88.86896085739136,3.0,351.0,1289.0,1.1630489826202393,0.9999993443489075,0.0009999989319237465,0.001,False,128.0,128.0,,
train,,,,,,,88.92924928665161,3.0,352.0,1290.0,1.1502201557159424,0.9999993443489075,0.0009999996803256067,0.001,False,128.0,128.0,,
train,,,,,,,88.9916136264801,3.0,353.0,1291.0,1.180534839630127,0.9999994039535522,0.0009999985990229616,0.001,False,128.0,128.0,,
train,,,,,,,89.05396890640259,3.0,354.0,1292.0,1.1783394813537598,0.9999993443489075,0.0009999975435318964,0.001,False,128.0,128.0,,
train,,,,,,,89.15428495407104,3.0,355.0,1293.0,1.2431378364562988,0.9999992251396179,0.0009999989823279245,0.001,False,128.0,128.0,,
train,,,,,,,89.30944728851318,3.0,356.0,1294.0,1.0663771629333496,0.9999992847442627,0.0010000002507582165,0.001,False,128.0,128.0,,
train,,,,,,,89.42795276641846,3.0,357.0,1295.0,1.0440337657928467,0.9999992251396179,0.0009999996502385528,0.001,False,128.0,128.0,,
train,,,,,,,89.49877285957336,3.0,358.0,1296.0,1.1239392757415771,0.9999992847442627,0.0009999990954597594,0.001,False,128.0,128.0,,
train,,,,,,,89.5616044998169,3.0,359.0,1297.0,1.1536865234375,0.9999992847442627,0.0009999986107913422,0.001,False,128.0,128.0,,
train,,,,,,,89.62306380271912,3.0,360.0,1298.0,1.0937738418579102,0.9999992847442627,0.000999997193200099,0.001,False,128.0,128.0,,
train,,,,,,,89.68374395370483,3.0,361.0,1299.0,1.219364881515503,0.9999992847442627,0.0010000002142318875,0.001,False,128.0,128.0,,
train,,,,,,,89.75045990943909,3.0,362.0,1300.0,1.1567296981811523,0.999999463558197,0.000999999323777305,0.001,False,128.0,128.0,,
train,,,,,,,89.80959892272949,3.0,363.0,1301.0,1.1325793266296387,0.9999992251396179,0.0009999994372976795,0.001,False,128.0,128.0,,
train,,,,,,,89.8757073879242,3.0,364.0,1302.0,1.17088782787323,0.9999992847442627,0.0009999995215081397,0.001,False,128.0,128.0,,
train,,,,,,,89.93986368179321,3.0,365.0,1303.0,1.13912034034729,0.9999992847442627,0.001000000200132058,0.001,False,128.0,128.0,,
train,,,,,,,90.00016760826111,3.0,366.0,1304.0,1.1176304817199707,0.9999993443489075,0.0010000000645738446,0.001,False,128.0,128.0,,
train,,,,,,,90.05917477607727,3.0,367.0,1305.0,1.1236883401870728,0.9999992847442627,0.0009999991961015626,0.001,False,128.0,128.0,,
train,,,,,,,90.12330150604248,3.0,368.0,1306.0,1.1749680042266846,0.999999463558197,0.0010000006310927016,0.001,False,128.0,128.0,,
train,,,,,,,90.19203877449036,3.0,369.0,1307.0,1.1933037042617798,0.9999993443489075,0.001000000400582765,0.001,False,128.0,128.0,,
train,,,,,,,90.25750064849854,3.0,370.0,1308.0,1.166290044784546,0.9999994039535522,0.001000000430947352,0.001,False,128.0,128.0,,
train,,,,,,,90.32134795188904,3.0,371.0,1309.0,1.2025349140167236,0.9999993443489075,0.0009999985667154259,0.001,False,128.0,128.0,,
train,,,,,,,90.38195729255676,3.0,372.0,1310.0,1.0788788795471191,0.9999992847442627,0.0009999978901998273,0.001,False,128.0,128.0,,
train,,,,,,,90.46419835090637,3.0,373.0,1311.0,1.1100094318389893,0.9999992847442627,0.0010000002309129847,0.001,False,128.0,128.0,,
train,,,,,,,90.52980327606201,3.0,374.0,1312.0,1.1165502071380615,0.9999992847442627,0.0010000001805366254,0.001,False,128.0,128.0,,
train,,,,,,,90.60042238235474,3.0,375.0,1313.0,1.0680992603302002,0.9999992251396179,0.0010000010908634157,0.001,False,128.0,128.0,,
train,,,,,,,90.66644263267517,3.0,376.0,1314.0,1.1331393718719482,0.9999994039535522,0.0009999978431262707,0.001,False,128.0,128.0,,
train,,,,,,,90.7346260547638,3.0,377.0,1315.0,1.0957130193710327,0.9999993443489075,0.0009999971229505376,0.001,False,128.0,128.0,,
train,,,,,,,90.7960946559906,3.0,378.0,1316.0,1.2189195156097412,0.9999992847442627,0.0009999988183478034,0.001,False,128.0,128.0,,
train,,,,,,,90.86307525634766,3.0,379.0,1317.0,1.0271992683410645,0.9999993443489075,0.0010000001787602688,0.001,False,128.0,128.0,,
train,,,,,,,90.92907738685608,3.0,380.0,1318.0,1.2096019983291626,0.9999993443489075,0.001000000252534573,0.001,False,128.0,128.0,,
train,,,,,,,90.99531292915344,3.0,381.0,1319.0,1.1338205337524414,0.9999994039535522,0.0009999995762421596,0.001,False,128.0,128.0,,
train,,,,,,,91.06624054908752,3.0,382.0,1320.0,1.1818212270736694,0.9999993443489075,0.0010000003436005894,0.001,False,128.0,128.0,,
train,,,,,,,91.13170552253723,3.0,383.0,1321.0,1.1980901956558228,0.9999993443489075,0.0010000014134105562,0.001,False,128.0,128.0,,
train,,,,,,,91.20270204544067,3.0,384.0,1322.0,1.1266015768051147,0.9999992251396179,0.0010000006370046353,0.001,False,128.0,128.0,,
train,,,,,,,91.26749801635742,3.0,385.0,1323.0,1.0636863708496094,0.9999993443489075,0.0009999954373481601,0.001,False,128.0,128.0,,
train,,,,,,,91.33594679832458,3.0,386.0,1324.0,1.1132550239562988,0.9999993443489075,0.0009999978459018343,0.001,False,128.0,128.0,,
train,,,,,,,91.40505409240723,3.0,387.0,1325.0,1.1102374792099,0.9999994039535522,0.0010000001203070354,0.001,False,128.0,128.0,,
train,,,,,,,91.47309350967407,3.0,388.0,1326.0,1.211059331893921,0.9999994039535522,0.0010000001093435841,0.001,False,128.0,128.0,,
train,,,,,,,91.53876185417175,3.0,389.0,1327.0,1.0333009958267212,0.9999992847442627,0.000999998450530413,0.001,False,128.0,128.0,,
train,,,,,,,91.60713243484497,3.0,390.0,1328.0,1.1332170963287354,0.9999993443489075,0.0009999988941761227,0.001,False,128.0,128.0,,
train,,,,,,,91.67279529571533,3.0,391.0,1329.0,1.1086266040802002,0.9999992847442627,0.0009999993325758283,0.001,False,128.0,128.0,,
train,,,,,,,91.74462676048279,3.0,392.0,1330.0,1.1413261890411377,0.9999993443489075,0.001000001042235699,0.001,False,128.0,128.0,,
train,,,,,,,91.80598878860474,3.0,393.0,1331.0,1.1171000003814697,0.9999994039535522,0.0010000003338028745,0.001,False,128.0,128.0,,
train,,,,,,,91.86888360977173,3.0,394.0,1332.0,1.1206151247024536,0.9999992847442627,0.000999999744968361,0.001,False,128.0,128.0,,
train,,,,,,,91.93161725997925,3.0,395.0,1333.0,1.1443263292312622,0.9999994039535522,0.001000001037461745,0.001,False,128.0,128.0,,
train,,,,,,,91.98834562301636,3.0,396.0,1334.0,1.25714111328125,0.9999994039535522,0.0010000008828078262,0.001,False,128.0,128.0,,
train,,,,,,,92.05691194534302,3.0,397.0,1335.0,1.1855894327163696,0.9999994039535522,0.0009999987626422959,0.001,False,128.0,128.0,,
train,,,,,,,92.12137079238892,3.0,398.0,1336.0,1.1043424606323242,0.999999463558197,0.0010000012755765528,0.001,False,128.0,128.0,,
train,,,,,,,92.18985056877136,3.0,399.0,1337.0,1.2929208278656006,0.9999993443489075,0.0009999996256748595,0.001,False,128.0,128.0,,
train,,,,,,,92.24977564811707,3.0,400.0,1338.0,1.100163221359253,0.9999992847442627,0.000999998681124066,0.001,False,128.0,128.0,,
train,,,,,,,92.31064891815186,3.0,401.0,1339.0,1.1633751392364502,0.9999993443489075,0.0010000014660628072,0.001,False,128.0,128.0,,
train,,,,,,,92.3736310005188,3.0,402.0,1340.0,1.2176141738891602,0.9999994039535522,0.000999999059793812,0.001,False,128.0,128.0,,
train,,,,,,,92.43194651603699,3.0,403.0,1341.0,1.1417925357818604,0.9999992847442627,0.0009999989573756362,0.001,False,128.0,128.0,,
train,,,,,,,92.4936215877533,3.0,404.0,1342.0,1.029646396636963,0.9999992251396179,0.0010000006766395712,0.001,False,128.0,128.0,,
train,,,,,,,92.55739426612854,3.0,405.0,1343.0,1.1735607385635376,0.9999993443489075,0.0009999996982557142,0.001,False,128.0,128.0,,
train,,,,,,,92.62870597839355,3.0,406.0,1344.0,1.1322489976882935,0.9999993443489075,0.0009999995864007046,0.001,False,128.0,128.0,,
train,,,,,,,92.69619965553284,3.0,407.0,1345.0,1.0942438840866089,0.9999993443489075,0.0009999973627038607,0.001,False,128.0,128.0,,
train,,,,,,,92.76676058769226,3.0,408.0,1346.0,1.0917989015579224,0.9999993443489075,0.001000001244573614,0.001,False,128.0,128.0,,
train,,,,,,,92.83328914642334,3.0,409.0,1347.0,1.1909313201904297,0.9999993443489075,0.0010000002404053894,0.001,False,128.0,128.0,,
train,,,,,,,92.89318084716797,3.0,410.0,1348.0,1.136191725730896,0.9999993443489075,0.0009999983996821186,0.001,False,128.0,128.0,,
train,,,,,,,92.9596061706543,3.0,411.0,1349.0,1.1728848218917847,0.9999992847442627,0.0010000004117960129,0.001,False,128.0,128.0,,
train,,,,,,,93.02090191841125,3.0,412.0,1350.0,1.1807012557983398,0.9999992847442627,0.0010000001156163436,0.001,False,128.0,128.0,,
train,,,,,,,93.08439803123474,3.0,413.0,1351.0,1.0412274599075317,0.9999994039535522,0.0009999970690768088,0.001,False,128.0,128.0,,
train,,,,,,,93.14857029914856,3.0,414.0,1352.0,1.1688661575317383,0.999999463558197,0.0009999987452395283,0.001,False,128.0,128.0,,
train,,,,,,,93.20912647247314,3.0,415.0,1353.0,1.072099208831787,0.9999993443489075,0.000999999051689176,0.001,False,128.0,128.0,,
train,,,,,,,93.27718806266785,3.0,416.0,1354.0,1.2159690856933594,0.9999992251396179,0.0010000001955246334,0.001,False,128.0,128.0,,
train,,,,,,,93.33708381652832,3.0,417.0,1355.0,1.0056521892547607,0.9999993443489075,0.0009999998786114827,0.001,False,128.0,128.0,,
train,,,,,,,93.40173268318176,3.0,418.0,1356.0,1.1400405168533325,0.9999993443489075,0.0009999999736465806,0.001,False,128.0,128.0,,
train,,,,,,,93.463618516922,3.0,419.0,1357.0,1.115753412246704,0.999999463558197,0.0009999991201622438,0.001,False,128.0,128.0,,
train,,,,,,,93.52537846565247,3.0,420.0,1358.0,1.1616861820220947,0.9999992847442627,0.0009999993233332154,0.001,False,128.0,128.0,,
train,,,,,,,93.58660936355591,3.0,421.0,1359.0,1.1703202724456787,0.9999992847442627,0.0009999999692056885,0.001,False,128.0,128.0,,
train,,,,,,,93.64466738700867,3.0,422.0,1360.0,1.1870653629302979,0.9999993443489075,0.0010000002375743213,0.001,False,128.0,128.0,,
train,,,,,,,93.71184039115906,3.0,423.0,1361.0,1.1039960384368896,0.9999992847442627,0.0009999993417074188,0.001,False,128.0,128.0,,
train,,,,,,,93.77986192703247,3.0,424.0,1362.0,1.139230728149414,0.9999994039535522,0.0009999985443721552,0.001,False,128.0,128.0,,
train,,,,,,,93.84591436386108,3.0,425.0,1363.0,1.0972568988800049,0.9999992251396179,0.0009999998756693913,0.001,False,128.0,128.0,,
train,,,,,,,93.91825437545776,3.0,426.0,1364.0,1.1238775253295898,0.9999992847442627,0.0009999996485732176,0.001,False,128.0,128.0,,
train,,,,,,,93.98042821884155,3.0,427.0,1365.0,1.0585192441940308,0.9999992251396179,0.001000001058403305,0.001,False,128.0,128.0,,
train,,,,,,,94.04262185096741,3.0,428.0,1366.0,1.1404907703399658,0.9999992847442627,0.000999999867370473,0.001,False,128.0,128.0,,
train,,,,,,,94.10328221321106,3.0,429.0,1367.0,1.0553886890411377,0.9999992847442627,0.0009999996927601085,0.001,False,128.0,128.0,,
train,,,,,,,94.17287397384644,3.0,430.0,1368.0,1.136338472366333,0.9999993443489075,0.0010000000406485397,0.001,False,128.0,128.0,,
train,,,,,,,94.2358865737915,3.0,431.0,1369.0,1.1575820446014404,0.9999993443489075,0.001000000973957052,0.001,False,128.0,128.0,,
train,,,,,,,94.29755878448486,3.0,432.0,1370.0,1.101060390472412,0.9999993443489075,0.0010000013523206186,0.001,False,128.0,128.0,,
train,,,,,,,94.36077547073364,3.0,433.0,1371.0,1.0754331350326538,0.9999993443489075,0.0009999992201934213,0.001,False,128.0,128.0,,
train,,,,,,,94.4208984375,3.0,434.0,1372.0,1.0631155967712402,0.9999993443489075,0.00099999958146021,0.001,False,128.0,128.0,,
train,,,,,,,94.48107385635376,3.0,435.0,1373.0,1.2038648128509521,0.9999993443489075,0.000999999228686634,0.001,False,128.0,128.0,,
train,,,,,,,94.54150700569153,3.0,436.0,1374.0,1.1249436140060425,0.9999992847442627,0.0010000000030674912,0.001,False,128.0,128.0,,
train,,,,,,,94.60906958580017,3.0,437.0,1375.0,1.1012213230133057,0.9999993443489075,0.001000000875896694,0.001,False,128.0,128.0,,
train,,,,,,,94.67432165145874,3.0,438.0,1376.0,1.1772634983062744,0.9999993443489075,0.0010000017199981639,0.001,False,128.0,128.0,,
train,,,,,,,94.73151326179504,3.0,439.0,1377.0,1.1599643230438232,0.9999993443489075,0.001000000096048665,0.001,False,128.0,128.0,,
train,,,,,,,94.79641890525818,3.0,440.0,1378.0,1.1215559244155884,0.9999994039535522,0.000999999104674619,0.001,False,128.0,128.0,,
train,,,,,,,94.85799813270569,3.0,441.0,1379.0,1.1630141735076904,0.9999992847442627,0.0010000011448201944,0.001,False,128.0,128.0,,
train,,,,,,,94.91943287849426,3.0,442.0,1380.0,1.1417837142944336,0.9999992847442627,0.0009999991218553354,0.001,False,128.0,128.0,,
train,,,,,,,94.98403835296631,3.0,443.0,1381.0,1.0623910427093506,0.9999992847442627,0.0009999988624237086,0.001,False,128.0,128.0,,
train,,,,,,,95.05275654792786,3.0,444.0,1382.0,1.1538982391357422,0.9999992847442627,0.0009999995046882527,0.001,False,128.0,128.0,,
train,,,,,,,95.12847185134888,3.0,445.0,1383.0,1.0680878162384033,0.9999992251396179,0.0009999986788481058,0.001,False,128.0,128.0,,
train,,,,,,,95.18928813934326,3.0,446.0,1384.0,0.9943066239356995,0.9999992847442627,0.0009999964421318328,0.001,False,128.0,128.0,,
train,,,,,,,95.25485873222351,3.0,447.0,1385.0,1.0379998683929443,0.9999992847442627,0.0009999989839932608,0.001,False,128.0,128.0,,
train,,,,,,,95.31485486030579,3.0,448.0,1386.0,1.091233491897583,0.9999994039535522,0.0010000003311938512,0.001,False,128.0,128.0,,
train,,,,,,,95.37579774856567,3.0,449.0,1387.0,1.111365795135498,0.999999463558197,0.0009999985292453444,0.001,False,128.0,128.0,,
train,,,,,,,95.43905973434448,3.0,450.0,1388.0,1.066664218902588,0.9999992847442627,0.0009999980340295134,0.001,False,128.0,128.0,,
train,,,,,,,95.51630735397339,3.0,451.0,1389.0,1.1141510009765625,0.9999992847442627,0.0009999980888191259,0.001,False,128.0,128.0,,
train,,,,,,,95.59047889709473,3.0,452.0,1390.0,1.0354859828948975,0.9999992847442627,0.000999998145412851,0.001,False,128.0,128.0,,
train,,,,,,,95.65184593200684,3.0,453.0,1391.0,1.104753017425537,0.9999992847442627,0.0010000004484333569,0.001,False,128.0,128.0,,
train,,,,,,,95.71914005279541,3.0,454.0,1392.0,1.0180771350860596,0.9999993443489075,0.0009999991093098042,0.001,False,128.0,128.0,,
train,,,,,,,95.78076696395874,3.0,455.0,1393.0,1.1217764616012573,0.9999993443489075,0.001000000329417495,0.001,False,128.0,128.0,,
train,,,,,,,95.84228324890137,3.0,456.0,1394.0,1.1473971605300903,0.9999992847442627,0.0009999978945297062,0.001,False,128.0,128.0,,
train,,,,,,,95.90444302558899,3.0,457.0,1395.0,1.0124125480651855,0.9999993443489075,0.0009999988846559498,0.001,False,128.0,128.0,,
train,,,,,,,95.96486949920654,3.0,458.0,1396.0,1.1398186683654785,0.9999993443489075,0.0009999984390950982,0.001,False,128.0,128.0,,
train,,,,,,,96.03317832946777,3.0,459.0,1397.0,1.1735100746154785,0.9999994039535522,0.0010000017996842814,0.001,False,128.0,128.0,,
train,,,,,,,96.09553074836731,3.0,460.0,1398.0,1.0821888446807861,0.9999994039535522,0.0009999994467345804,0.001,False,128.0,128.0,,
train,,,,,,,96.15934705734253,3.0,461.0,1399.0,1.0929715633392334,0.9999992847442627,0.000999998474011666,0.001,False,128.0,128.0,,
train,,,,,,,96.22448325157166,3.0,462.0,1400.0,1.0756802558898926,0.9999993443489075,0.0009999991743689291,0.001,False,128.0,128.0,,
train,,,,,,,96.28965139389038,3.0,463.0,1401.0,1.1589434146881104,0.9999992251396179,0.000999998210166727,0.001,False,128.0,128.0,,
train,,,,,,,96.35224628448486,3.0,464.0,1402.0,1.0679125785827637,0.9999994039535522,0.0009999980743861988,0.001,False,128.0,128.0,,
train,,,,,,,96.41339492797852,3.0,465.0,1403.0,1.1153734922409058,0.9999994039535522,0.0009999991095040932,0.001,False,128.0,128.0,,
train,,,,,,,96.4798743724823,3.0,466.0,1404.0,1.0223076343536377,0.9999993443489075,0.0010000000234955946,0.001,False,128.0,128.0,,
train,,,,,,,96.5440890789032,3.0,467.0,1405.0,1.1195803880691528,0.9999992847442627,0.000999997307386851,0.001,False,128.0,128.0,,
train,,,,,,,96.60976243019104,3.0,468.0,1406.0,1.1128792762756348,0.9999992251396179,0.000999999497832622,0.001,False,128.0,128.0,,
train,,,,,,,96.66627788543701,3.0,469.0,1407.0,1.1431026458740234,0.9999994039535522,0.0009999990936278898,0.001,False,128.0,128.0,,
eval,,,,,,,100.42085337638855,3.0,,1407.0,,,,,False,128.0,128.0,1.0605289897918702,0.8014
train,,,,,,,100.49027013778687,4.0,1.0,1408.0,1.0759074687957764,0.999999463558197,0.000999997749423241,0.001,False,128.0,128.0,,
train,,,,,,,100.55253863334656,4.0,2.0,1409.0,1.0514874458312988,0.9999993443489075,0.0010000008841400925,0.001,False,128.0,128.0,,
train,,,,,,,100.6205096244812,4.0,3.0,1410.0,1.0732473134994507,0.9999993443489075,0.000999999156466568,0.001,False,128.0,128.0,,
train,,,,,,,100.69042539596558,4.0,4.0,1411.0,1.105131983757019,0.9999993443489075,0.0009999967225473715,0.001,False,128.0,128.0,,
train,,,,,,,100.76073408126831,4.0,5.0,1412.0,1.0417296886444092,0.9999992847442627,0.0010000002339383418,0.001,False,128.0,128.0,,
train,,,,,,,100.8212399482727,4.0,6.0,1413.0,1.072633981704712,0.9999992847442627,0.0009999997963994543,0.001,False,128.0,128.0,,
train,,,,,,,100.8862373828888,4.0,7.0,1414.0,1.0531607866287231,0.9999992847442627,0.0009999992177231732,0.001,False,128.0,128.0,,
train,,,,,,,100.95125389099121,4.0,8.0,1415.0,1.1273493766784668,0.9999992847442627,0.0010000008847507148,0.001,False,128.0,128.0,,
train,,,,,,,101.01537346839905,4.0,9.0,1416.0,1.132292628288269,0.9999993443489075,0.0009999999728694245,0.001,False,128.0,128.0,,
train,,,,,,,101.07443451881409,4.0,10.0,1417.0,1.1092004776000977,0.9999992847442627,0.0009999991415895668,0.001,False,128.0,128.0,,
train,,,,,,,101.13231182098389,4.0,11.0,1418.0,0.9695593118667603,0.9999994039535522,0.0010000006064735212,0.001,False,128.0,128.0,,
train,,,,,,,101.19105005264282,4.0,12.0,1419.0,1.0895123481750488,0.999999463558197,0.0010000003141241776,0.001,False,128.0,128.0,,
train,,,,,,,101.25172901153564,4.0,13.0,1420.0,0.993811845779419,0.9999992847442627,0.0009999994367425676,0.001,False,128.0,128.0,,
train,,,,,,,101.3085868358612,4.0,14.0,1421.0,1.1548233032226562,0.9999993443489075,0.0009999987911473067,0.001,False,128.0,128.0,,
train,,,,,,,101.37532472610474,4.0,15.0,1422.0,1.0687429904937744,0.9999992251396179,0.0009999988940373448,0.001,False,128.0,128.0,,
train,,,,,,,101.43146586418152,4.0,16.0,1423.0,1.1241133213043213,0.9999992251396179,0.0009999993397367716,0.001,False,128.0,128.0,,
train,,,,,,,101.49106431007385,4.0,17.0,1424.0,1.059910535812378,0.9999992251396179,0.0009999976586623003,0.001,False,128.0,128.0,,
train,,,,,,,101.54885530471802,4.0,18.0,1425.0,1.0827986001968384,0.9999992251396179,0.0010000006892128385,0.001,False,128.0,128.0,,
train,,,,,,,101.60494804382324,4.0,19.0,1426.0,1.041384220123291,0.9999992847442627,0.0009999998612642458,0.001,False,128.0,128.0,,
train,,,,,,,101.65953969955444,4.0,20.0,1427.0,1.1735085248947144,0.9999993443489075,0.0009999984653519132,0.001,False,128.0,128.0,,
train,,,,,,,101.71536016464233,4.0,21.0,1428.0,1.0666277408599854,0.9999992847442627,0.001000000697567261,0.001,False,128.0,128.0,,
train,,,,,,,101.77362585067749,4.0,22.0,1429.0,1.0762560367584229,0.9999994039535522,0.000999999710135104,0.001,False,128.0,128.0,,
train,,,,,,,101.8307752609253,4.0,23.0,1430.0,1.0186681747436523,0.9999992251396179,0.0010000004526522024,0.001,False,128.0,128.0,,
train,,,,,,,101.88560819625854,4.0,24.0,1431.0,1.0253676176071167,0.9999993443489075,0.0009999997597065753,0.001,False,128.0,128.0,,
train,,,,,,,101.94847774505615,4.0,25.0,1432.0,1.0934233665466309,0.9999992847442627,0.0009999979777410937,0.001,False,128.0,128.0,,
train,,,,,,,102.00596165657043,4.0,26.0,1433.0,1.1131737232208252,0.9999992847442627,0.000999998819652317,0.001,False,128.0,128.0,,
train,,,,,,,102.06759238243103,4.0,27.0,1434.0,1.0830528736114502,0.9999992251396179,0.0010000011435434394,0.001,False,128.0,128.0,,
train,,,,,,,102.12411689758301,4.0,28.0,1435.0,1.0879465341567993,0.9999992251396179,0.0010000002052113273,0.001,False,128.0,128.0,,
train,,,,,,,102.18410778045654,4.0,29.0,1436.0,1.0485739707946777,0.9999992847442627,0.000999999526615168,0.001,False,128.0,128.0,,
train,,,,,,,102.24105453491211,4.0,30.0,1437.0,0.9855871796607971,0.9999992847442627,0.0010000004336673972,0.001,False,128.0,128.0,,
train,,,,,,,102.30051445960999,4.0,31.0,1438.0,1.1020071506500244,0.9999993443489075,0.0009999982313165132,0.001,False,128.0,128.0,,
train,,,,,,,102.35817265510559,4.0,32.0,1439.0,0.9962729811668396,0.9999992251396179,0.000999998426133224,0.001,False,128.0,128.0,,
train,,,,,,,102.41631579399109,4.0,33.0,1440.0,1.0534065961837769,0.9999992847442627,0.0010000005265930199,0.001,False,128.0,128.0,,
train,,,,,,,102.4737901687622,4.0,34.0,1441.0,1.1041629314422607,0.9999994039535522,0.0010000006068065879,0.001,False,128.0,128.0,,
train,,,,,,,102.53088736534119,4.0,35.0,1442.0,1.0251002311706543,0.9999992251396179,0.0009999990315663644,0.001,False,128.0,128.0,,
train,,,,,,,102.58631730079651,4.0,36.0,1443.0,1.0185627937316895,0.9999994039535522,0.0009999997987864345,0.001,False,128.0,128.0,,
train,,,,,,,102.64076519012451,4.0,37.0,1444.0,1.0505872964859009,0.9999994039535522,0.0009999984499753007,0.001,False,128.0,128.0,,
train,,,,,,,102.69921040534973,4.0,38.0,1445.0,1.0390641689300537,0.9999994039535522,0.000999999256414475,0.001,False,128.0,128.0,,
train,,,,,,,102.75428748130798,4.0,39.0,1446.0,1.0676217079162598,0.9999992251396179,0.0009999989212655942,0.001,False,128.0,128.0,,
train,,,,,,,102.80969595909119,4.0,40.0,1447.0,1.1230485439300537,0.9999992847442627,0.0009999980313094615,0.001,False,128.0,128.0,,
train,,,,,,,102.86515212059021,4.0,41.0,1448.0,1.1035234928131104,0.9999992251396179,0.0010000005433018673,0.001,False,128.0,128.0,,
train,,,,,,,102.92251706123352,4.0,42.0,1449.0,1.083886742591858,0.9999994039535522,0.0009999981548497643,0.001,False,128.0,128.0,,
train,,,,,,,102.97854924201965,4.0,43.0,1450.0,1.134164810180664,0.9999992847442627,0.0009999994875352983,0.001,False,128.0,128.0,,
train,,,,,,,103.03260898590088,4.0,44.0,1451.0,0.9812060594558716,0.9999992847442627,0.0009999999033139476,0.001,False,128.0,128.0,,
train,,,,,,,103.08908414840698,4.0,45.0,1452.0,1.0478298664093018,0.9999993443489075,0.0009999995406594958,0.001,False,128.0,128.0,,
train,,,,,,,103.14904141426086,4.0,46.0,1453.0,1.0968494415283203,0.9999994039535522,0.0009999985443443996,0.001,False,128.0,128.0,,
train,,,,,,,103.20730781555176,4.0,47.0,1454.0,0.9578765034675598,0.9999992847442627,0.0009999988005287026,0.001,False,128.0,128.0,,
train,,,,,,,103.26408505439758,4.0,48.0,1455.0,0.9799701571464539,0.9999994039535522,0.0010000018698502477,0.001,False,128.0,128.0,,
train,,,,,,,103.3239164352417,4.0,49.0,1456.0,1.1043623685836792,0.9999994039535522,0.0010000024328986434,0.001,False,128.0,128.0,,
train,,,,,,,103.3819727897644,4.0,50.0,1457.0,1.086707353591919,0.9999992847442627,0.0009999992339601975,0.001,False,128.0,128.0,,
train,,,,,,,103.44171810150146,4.0,51.0,1458.0,0.9969481825828552,0.9999992847442627,0.0010000002472610149,0.001,False,128.0,128.0,,
train,,,,,,,103.49771642684937,4.0,52.0,1459.0,1.1271674633026123,0.9999992847442627,0.0009999982860506035,0.001,False,128.0,128.0,,
train,,,,,,,103.55565643310547,4.0,53.0,1460.0,1.044036626815796,0.9999994039535522,0.000999999797343144,0.001,False,128.0,128.0,,
train,,,,,,,103.61312890052795,4.0,54.0,1461.0,1.0378154516220093,0.9999992847442627,0.000999997284516195,0.001,False,128.0,128.0,,
train,,,,,,,103.67149758338928,4.0,55.0,1462.0,1.0742814540863037,0.9999992847442627,0.001000000912534021,0.001,False,128.0,128.0,,
train,,,,,,,103.72809600830078,4.0,56.0,1463.0,1.014007329940796,0.9999992251396179,0.0009999979376064494,0.001,False,128.0,128.0,,
train,,,,,,,103.78651452064514,4.0,57.0,1464.0,1.0551035404205322,0.9999994039535522,0.0010000016757003404,0.001,False,128.0,128.0,,
train,,,,,,,103.84566354751587,4.0,58.0,1465.0,1.1327505111694336,0.999999463558197,0.0009999993072072149,0.001,False,128.0,128.0,,
train,,,,,,,103.90523195266724,4.0,59.0,1466.0,1.0825237035751343,0.9999992847442627,0.0010000006245146343,0.001,False,128.0,128.0,,
train,,,,,,,103.96324014663696,4.0,60.0,1467.0,1.041179895401001,0.9999993443489075,0.0009999996158216264,0.001,False,128.0,128.0,,
train,,,,,,,104.02332282066345,4.0,61.0,1468.0,1.0305707454681396,0.9999992847442627,0.0009999985298004568,0.001,False,128.0,128.0,,
train,,,,,,,104.08238744735718,4.0,62.0,1469.0,1.1113085746765137,0.9999992847442627,0.0010000007103903277,0.001,False,128.0,128.0,,
train,,,,,,,104.13927721977234,4.0,63.0,1470.0,1.0232458114624023,0.9999992847442627,0.0010000003626686631,0.001,False,128.0,128.0,,
train,,,,,,,104.20289301872253,4.0,64.0,1471.0,1.0904359817504883,0.9999993443489075,0.0009999995571185597,0.001,False,128.0,128.0,,
train,,,,,,,104.26634287834167,4.0,65.0,1472.0,1.042443037033081,0.9999993443489075,0.0009999992922469492,0.001,False,128.0,128.0,,
train,,,,,,,104.3236153125763,4.0,66.0,1473.0,1.127281904220581,0.9999993443489075,0.000999997354460433,0.001,False,128.0,128.0,,
train,,,,,,,104.38228273391724,4.0,67.0,1474.0,0.9836993217468262,0.9999992847442627,0.000999999654901491,0.001,False,128.0,128.0,,
train,,,,,,,104.4391736984253,4.0,68.0,1475.0,1.1507961750030518,0.9999992847442627,0.0010000012635584038,0.001,False,128.0,128.0,,
train,,,,,,,104.49630665779114,4.0,69.0,1476.0,0.967096745967865,0.9999995231628418,0.0010000015355626642,0.001,False,128.0,128.0,,
train,,,,,,,104.5529613494873,4.0,70.0,1477.0,1.0446035861968994,0.9999992847442627,0.0009999992245788055,0.001,False,128.0,128.0,,
train,,,,,,,104.61059761047363,4.0,71.0,1478.0,0.9723307490348816,0.999999463558197,0.0009999973779139563,0.001,False,128.0,128.0,,
train,,,,,,,104.6665530204773,4.0,72.0,1479.0,1.0578469038009644,0.9999991655349731,0.001000000526010153,0.001,False,128.0,128.0,,
train,,,,,,,104.72158575057983,4.0,73.0,1480.0,1.060160756111145,0.9999992847442627,0.0009999982866057161,0.001,False,128.0,128.0,,
train,,,,,,,104.78116059303284,4.0,74.0,1481.0,0.9999488592147827,0.9999992847442627,0.000999998257490067,0.001,False,128.0,128.0,,
train,,,,,,,104.84160804748535,4.0,75.0,1482.0,1.0342680215835571,0.9999994039535522,0.0010000001367938452,0.001,False,128.0,128.0,,
train,,,,,,,104.89947557449341,4.0,76.0,1483.0,1.047308087348938,0.9999993443489075,0.0010000006945141498,0.001,False,128.0,128.0,,
train,,,,,,,104.96067404747009,4.0,77.0,1484.0,1.0136010646820068,0.9999994039535522,0.0009999997526566574,0.001,False,128.0,128.0,,
train,,,,,,,105.02383160591125,4.0,78.0,1485.0,1.0075087547302246,0.9999991059303284,0.0009999985412357706,0.001,False,128.0,128.0,,
train,,,,,,,105.08413577079773,4.0,79.0,1486.0,0.9940829873085022,0.9999993443489075,0.0009999992730678326,0.001,False,128.0,128.0,,
train,,,,,,,105.13846635818481,4.0,80.0,1487.0,1.1239984035491943,0.9999992251396179,0.000999997435118346,0.001,False,128.0,128.0,,
train,,,,,,,105.21382427215576,4.0,81.0,1488.0,1.0991184711456299,0.9999993443489075,0.0009999989614557102,0.001,False,128.0,128.0,,
train,,,,,,,105.27818894386292,4.0,82.0,1489.0,0.9751642942428589,0.9999993443489075,0.0009999985233611537,0.001,False,128.0,128.0,,
train,,,,,,,105.33890104293823,4.0,83.0,1490.0,1.0675818920135498,0.9999992847442627,0.000999999948638806,0.001,False,128.0,128.0,,
train,,,,,,,105.39717841148376,4.0,84.0,1491.0,0.9809553623199463,0.9999992847442627,0.000999998421747836,0.001,False,128.0,128.0,,
train,,,,,,,105.4579427242279,4.0,85.0,1492.0,1.0212979316711426,0.9999994039535522,0.0010000007760044597,0.001,False,128.0,128.0,,
train,,,,,,,105.51632595062256,4.0,86.0,1493.0,1.0360469818115234,0.9999994039535522,0.0009999994475394926,0.001,False,128.0,128.0,,
train,,,,,,,105.57431769371033,4.0,87.0,1494.0,1.0228806734085083,0.9999991655349731,0.0010000010859784398,0.001,False,128.0,128.0,,
train,,,,,,,105.63149738311768,4.0,88.0,1495.0,1.0126631259918213,0.9999992251396179,0.0009999977357119556,0.001,False,128.0,128.0,,
train,,,,,,,105.69131183624268,4.0,89.0,1496.0,1.061131477355957,0.9999991655349731,0.001000000798764014,0.001,False,128.0,128.0,,
train,,,,,,,105.74992227554321,4.0,90.0,1497.0,1.0313254594802856,0.9999993443489075,0.0009999981178792686,0.001,False,128.0,128.0,,
train,,,,,,,105.80872654914856,4.0,91.0,1498.0,1.0483512878417969,0.9999992251396179,0.0009999991420891676,0.001,False,128.0,128.0,,
train,,,,,,,105.86616492271423,4.0,92.0,1499.0,1.001834750175476,0.9999992847442627,0.0009999999674848428,0.001,False,128.0,128.0,,
train,,,,,,,105.92370820045471,4.0,93.0,1500.0,1.0811069011688232,0.9999992847442627,0.000999999137204182,0.001,False,128.0,128.0,,
train,,,,,,,105.9823305606842,4.0,94.0,1501.0,1.0097181797027588,0.9999992847442627,0.001000000751079972,0.001,False,128.0,128.0,,
train,,,,,,,106.03967118263245,4.0,95.0,1502.0,0.9960648417472839,0.9999992847442627,0.000999999854380862,0.001,False,128.0,128.0,,
train,,,,,,,106.10250997543335,4.0,96.0,1503.0,1.118800163269043,0.9999994039535522,0.0010000003547305713,0.001,False,128.0,128.0,,
train,,,,,,,106.16030240058899,4.0,97.0,1504.0,1.0118467807769775,0.9999992847442627,0.00099999995965777,0.001,False,128.0,128.0,,
train,,,,,,,106.21648359298706,4.0,98.0,1505.0,1.1287999153137207,0.9999992251396179,0.0009999994776543084,0.001,False,128.0,128.0,,
train,,,,,,,106.27515459060669,4.0,99.0,1506.0,0.9993633031845093,0.9999992847442627,0.0009999984032348379,0.001,False,128.0,128.0,,
train,,,,,,,106.33311223983765,4.0,100.0,1507.0,1.0413072109222412,0.9999991655349731,0.0010000016780595605,0.001,False,128.0,128.0,,
train,,,,,,,106.39004468917847,4.0,101.0,1508.0,0.9361134767532349,0.9999992847442627,0.000999999364633539,0.001,False,128.0,128.0,,
train,,,,,,,106.446129322052,4.0,102.0,1509.0,1.0639064311981201,0.9999994039535522,0.0009999984948838906,0.001,False,128.0,128.0,,
train,,,,,,,106.50767636299133,4.0,103.0,1510.0,0.9204127192497253,0.9999993443489075,0.0009999973717799578,0.001,False,128.0,128.0,,
train,,,,,,,106.5702064037323,4.0,104.0,1511.0,1.0760855674743652,0.9999992847442627,0.0009999995181497136,0.001,False,128.0,128.0,,
train,,,,,,,106.6267306804657,4.0,105.0,1512.0,0.9713123440742493,0.9999992847442627,0.0010000001845889386,0.001,False,128.0,128.0,,
train,,,,,,,106.68371915817261,4.0,106.0,1513.0,0.9805960655212402,0.9999992847442627,0.001000000906122489,0.001,False,128.0,128.0,,
train,,,,,,,106.74172568321228,4.0,107.0,1514.0,1.0675195455551147,0.9999993443489075,0.000999998733138082,0.001,False,128.0,128.0,,
train,,,,,,,106.79891467094421,4.0,108.0,1515.0,1.0237383842468262,0.9999992847442627,0.0009999992793128416,0.001,False,128.0,128.0,,
train,,,,,,,106.86636233329773,4.0,109.0,1516.0,0.9919940829277039,0.9999992251396179,0.0010000001739307995,0.001,False,128.0,128.0,,
train,,,,,,,106.92613959312439,4.0,110.0,1517.0,1.030943512916565,0.9999992251396179,0.0009999993706287472,0.001,False,128.0,128.0,,
train,,,,,,,106.9837818145752,4.0,111.0,1518.0,0.9272981882095337,0.9999992847442627,0.000999999291775104,0.001,False,128.0,128.0,,
train,,,,,,,107.04132056236267,4.0,112.0,1519.0,0.9752137064933777,0.9999993443489075,0.0009999991227712703,0.001,False,128.0,128.0,,
train,,,,,,,107.09887075424194,4.0,113.0,1520.0,0.9288421869277954,0.9999993443489075,0.0010000014209878175,0.001,False,128.0,128.0,,
train,,,,,,,107.1574285030365,4.0,114.0,1521.0,1.011143684387207,0.9999992847442627,0.0009999993905572629,0.001,False,128.0,128.0,,
train,,,,,,,107.2169554233551,4.0,115.0,1522.0,1.0192368030548096,0.9999992847442627,0.0010000011734361597,0.001,False,128.0,128.0,,
train,,,,,,,107.27778577804565,4.0,116.0,1523.0,0.8958256244659424,0.9999993443489075,0.0009999997244847408,0.001,False,128.0,128.0,,
train,,,,,,,107.34075999259949,4.0,117.0,1524.0,1.0630923509597778,0.9999991655349731,0.0010000015423905252,0.001,False,128.0,128.0,,
train,,,,,,,107.39772391319275,4.0,118.0,1525.0,1.0931086540222168,0.9999994039535522,0.0009999985725718608,0.001,False,128.0,128.0,,
train,,,,,,,107.46181011199951,4.0,119.0,1526.0,0.9408010840415955,0.9999992847442627,0.0009999992307683039,0.001,False,128.0,128.0,,
train,,,,,,,107.52235651016235,4.0,120.0,1527.0,0.999297559261322,0.9999992251396179,0.0009999984176677602,0.001,False,128.0,128.0,,
train,,,,,,,107.58107399940491,4.0,121.0,1528.0,0.9925058484077454,0.999999463558197,0.0009999970045449042,0.001,False,128.0,128.0,,
train,,,,,,,107.63887524604797,4.0,122.0,1529.0,0.9819692373275757,0.9999992847442627,0.0009999985725163494,0.001,False,128.0,128.0,,
train,,,,,,,107.6986358165741,4.0,123.0,1530.0,1.0728384256362915,0.9999992251396179,0.0009999995460163245,0.001,False,128.0,128.0,,
train,,,,,,,107.75465655326843,4.0,124.0,1531.0,1.052470088005066,0.9999994039535522,0.0010000001537247437,0.001,False,128.0,128.0,,
train,,,,,,,107.81582713127136,4.0,125.0,1532.0,1.0632160902023315,0.9999993443489075,0.0009999975664025467,0.001,False,128.0,128.0,,
train,,,,,,,107.87096810340881,4.0,126.0,1533.0,1.0098735094070435,0.9999994039535522,0.0009999981784142911,0.001,False,128.0,128.0,,
train,,,,,,,107.94116497039795,4.0,127.0,1534.0,0.9102901220321655,0.9999992251396179,0.001000000553682447,0.001,False,128.0,128.0,,
train,,,,,,,107.99844765663147,4.0,128.0,1535.0,0.9441244602203369,0.9999993443489075,0.0009999981903214545,0.001,False,128.0,128.0,,
train,,,,,,,108.05567598342896,4.0,129.0,1536.0,1.016230583190918,0.9999994039535522,0.0009999996452980586,0.001,False,128.0,128.0,,
train,,,,,,,108.1126229763031,4.0,130.0,1537.0,1.0219364166259766,0.9999993443489075,0.000999999291025703,0.001,False,128.0,128.0,,
train,,,,,,,108.16987466812134,4.0,131.0,1538.0,0.9927456378936768,0.9999992251396179,0.0009999985869215138,0.001,False,128.0,128.0,,
train,,,,,,,108.22729921340942,4.0,132.0,1539.0,0.9779691100120544,0.9999991655349731,0.000999999646352771,0.001,False,128.0,128.0,,
train,,,,,,,108.28532481193542,4.0,133.0,1540.0,0.9984329342842102,0.9999992251396179,0.0009999993374330573,0.001,False,128.0,128.0,,
train,,,,,,,108.34213972091675,4.0,134.0,1541.0,0.9934554100036621,0.9999993443489075,0.0009999980528478305,0.001,False,128.0,128.0,,
train,,,,,,,108.400381565094,4.0,135.0,1542.0,1.0276358127593994,0.9999992847442627,0.000999999617597984,0.001,False,128.0,128.0,,
train,,,,,,,108.45834112167358,4.0,136.0,1543.0,0.9843985438346863,0.9999992847442627,0.0009999985009068596,0.001,False,128.0,128.0,,
train,,,,,,,108.51691794395447,4.0,137.0,1544.0,0.9473714828491211,0.9999992251396179,0.0010000002449295472,0.001,False,128.0,128.0,,
train,,,,,,,108.57309031486511,4.0,138.0,1545.0,0.9522323608398438,0.9999992847442627,0.0010000006319808793,0.001,False,128.0,128.0,,
train,,,,,,,108.63051223754883,4.0,139.0,1546.0,0.943713903427124,0.9999994039535522,0.0009999984483099636,0.001,False,128.0,128.0,,
train,,,,,,,108.68817067146301,4.0,140.0,1547.0,1.0658758878707886,0.9999992847442627,0.0010000004242860167,0.001,False,128.0,128.0,,
train,,,,,,,108.7459716796875,4.0,141.0,1548.0,1.0572905540466309,0.9999993443489075,0.0009999981725300983,0.001,False,128.0,128.0,,
train,,,,,,,108.80731916427612,4.0,142.0,1549.0,0.9818622469902039,0.9999992847442627,0.0009999982382276637,0.001,False,128.0,128.0,,
train,,,,,,,108.8700520992279,4.0,143.0,1550.0,1.0368870496749878,0.9999993443489075,0.000999998061341053,0.001,False,128.0,128.0,,
train,,,,,,,108.92916560173035,4.0,144.0,1551.0,0.9830533266067505,0.9999992251396179,0.0010000001322974426,0.001,False,128.0,128.0,,
train,,,,,,,108.9864273071289,4.0,145.0,1552.0,0.9702478647232056,0.9999991655349731,0.0009999985629129066,0.001,False,128.0,128.0,,
train,,,,,,,109.04344701766968,4.0,146.0,1553.0,1.0240767002105713,0.9999992251396179,0.0010000002801791189,0.001,False,128.0,128.0,,
train,,,,,,,109.10832238197327,4.0,147.0,1554.0,0.964214026927948,0.9999992847442627,0.0009999984852526913,0.001,False,128.0,128.0,,
train,,,,,,,109.1697359085083,4.0,148.0,1555.0,0.8974156379699707,0.9999994039535522,0.0009999991656814268,0.001,False,128.0,128.0,,
train,,,,,,,109.24744915962219,4.0,149.0,1556.0,1.0409297943115234,0.9999993443489075,0.0009999993389873704,0.001,False,128.0,128.0,,
train,,,,,,,109.3103187084198,4.0,150.0,1557.0,0.9393914341926575,0.9999992251396179,0.0010000007407549056,0.001,False,128.0,128.0,,
train,,,,,,,109.37174034118652,4.0,151.0,1558.0,1.0058448314666748,0.9999994039535522,0.0009999980202072094,0.001,False,128.0,128.0,,
train,,,,,,,109.43154406547546,4.0,152.0,1559.0,0.8656105995178223,0.9999992847442627,0.000999997297228283,0.001,False,128.0,128.0,,
train,,,,,,,109.4941577911377,4.0,153.0,1560.0,0.9848611354827881,0.9999991655349731,0.000999999468605986,0.001,False,128.0,128.0,,
train,,,,,,,109.55675029754639,4.0,154.0,1561.0,1.0159655809402466,0.9999992251396179,0.0009999973613160783,0.001,False,128.0,128.0,,
train,,,,,,,109.61837339401245,4.0,155.0,1562.0,0.9946781396865845,0.9999994039535522,0.0009999998163834727,0.001,False,128.0,128.0,,
train,,,,,,,109.67715954780579,4.0,156.0,1563.0,1.001808762550354,0.9999992251396179,0.000999998958791172,0.001,False,128.0,128.0,,
train,,,,,,,109.74298739433289,4.0,157.0,1564.0,0.9828433990478516,0.9999992847442627,0.000999999176117532,0.001,False,128.0,128.0,,
train,,,,,,,109.8042950630188,4.0,158.0,1565.0,1.06276273727417,0.9999991655349731,0.001000000185088539,0.001,False,128.0,128.0,,
train,,,,,,,109.86468005180359,4.0,159.0,1566.0,0.8979856371879578,0.9999992847442627,0.0009999998099996892,0.001,False,128.0,128.0,,
train,,,,,,,109.92581057548523,4.0,160.0,1567.0,0.9645033478736877,0.9999992847442627,0.0009999995730225115,0.001,False,128.0,128.0,,
train,,,,,,,109.98338317871094,4.0,161.0,1568.0,1.0103635787963867,0.9999993443489075,0.0010000000197208363,0.001,False,128.0,128.0,,
train,,,,,,,110.0390784740448,4.0,162.0,1569.0,1.0189263820648193,0.9999994039535522,0.0010000010837302406,0.001,False,128.0,128.0,,
train,,,,,,,110.09611749649048,4.0,163.0,1570.0,1.0825543403625488,0.9999994039535522,0.0010000003389654098,0.001,False,128.0,128.0,,
train,,,,,,,110.15426182746887,4.0,164.0,1571.0,0.9660314321517944,0.9999993443489075,0.0010000002067656391,0.001,False,128.0,128.0,,
train,,,,,,,110.21425437927246,4.0,165.0,1572.0,0.9850112199783325,0.9999992847442627,0.0010000010937499923,0.001,False,128.0,128.0,,
train,,,,,,,110.27347373962402,4.0,166.0,1573.0,0.9822218418121338,0.9999993443489075,0.0009999972047464508,0.001,False,128.0,128.0,,
train,,,,,,,110.33235120773315,4.0,167.0,1574.0,0.9779729843139648,0.9999993443489075,0.0009999992266604754,0.001,False,128.0,128.0,,
train,,,,,,,110.39027547836304,4.0,168.0,1575.0,0.990260899066925,0.9999992251396179,0.001000000273240227,0.001,False,128.0,128.0,,
train,,,,,,,110.45177960395813,4.0,169.0,1576.0,0.9366017580032349,0.9999992847442627,0.0009999996268961052,0.001,False,128.0,128.0,,
train,,,,,,,110.50979709625244,4.0,170.0,1577.0,0.974628210067749,0.9999992251396179,0.001000000528924487,0.001,False,128.0,128.0,,
train,,,,,,,110.56723809242249,4.0,171.0,1578.0,0.9086931943893433,0.9999993443489075,0.000999998657698329,0.001,False,128.0,128.0,,
train,,,,,,,110.62605094909668,4.0,172.0,1579.0,0.9499020576477051,0.9999992847442627,0.0010000003183152683,0.001,False,128.0,128.0,,
train,,,,,,,110.68458604812622,4.0,173.0,1580.0,1.0199252367019653,0.9999992251396179,0.000999998141776864,0.001,False,128.0,128.0,,
train,,,,,,,110.74270725250244,4.0,174.0,1581.0,1.010359287261963,0.9999992847442627,0.0009999996412734986,0.001,False,128.0,128.0,,
train,,,,,,,110.80071926116943,4.0,175.0,1582.0,1.0377440452575684,0.9999994039535522,0.0009999980393863499,0.001,False,128.0,128.0,,
train,,,,,,,110.86216974258423,4.0,176.0,1583.0,1.0161875486373901,0.999999463558197,0.0009999980600087829,0.001,False,128.0,128.0,,
train,,,,,,,110.92041373252869,4.0,177.0,1584.0,1.005195140838623,0.9999992847442627,0.0010000009202778195,0.001,False,128.0,128.0,,
train,,,,,,,110.97823023796082,4.0,178.0,1585.0,0.9126548171043396,0.9999992847442627,0.0009999999845822776,0.001,False,128.0,128.0,,
train,,,,,,,111.03641819953918,4.0,179.0,1586.0,0.9473432898521423,0.9999991655349731,0.0009999995040776298,0.001,False,128.0,128.0,,
train,,,,,,,111.09780502319336,4.0,180.0,1587.0,0.9280506372451782,0.9999992847442627,0.000999999593894713,0.001,False,128.0,128.0,,
train,,,,,,,111.16063690185547,4.0,181.0,1588.0,1.0397758483886719,0.9999992251396179,0.0009999989696991246,0.001,False,128.0,128.0,,
train,,,,,,,111.22179675102234,4.0,182.0,1589.0,1.012831211090088,0.9999992251396179,0.0009999987882052122,0.001,False,128.0,128.0,,
train,,,,,,,111.28089714050293,4.0,183.0,1590.0,1.0103607177734375,0.9999993443489075,0.0009999980063849052,0.001,False,128.0,128.0,,
train,,,,,,,111.34114575386047,4.0,184.0,1591.0,1.0045583248138428,0.9999992847442627,0.0009999979348308862,0.001,False,128.0,128.0,,
train,,,,,,,111.39994812011719,4.0,185.0,1592.0,0.9127671718597412,0.9999992847442627,0.000999999094238513,0.001,False,128.0,128.0,,
train,,,,,,,111.45938324928284,4.0,186.0,1593.0,1.0757241249084473,0.9999991655349731,0.000999999541048074,0.001,False,128.0,128.0,,
train,,,,,,,111.51685166358948,4.0,187.0,1594.0,0.9522165060043335,0.9999992847442627,0.0010000009168916423,0.001,False,128.0,128.0,,
train,,,,,,,111.57872867584229,4.0,188.0,1595.0,0.8731424808502197,0.9999992847442627,0.0009999994796249553,0.001,False,128.0,128.0,,
train,,,,,,,111.63995385169983,4.0,189.0,1596.0,0.9757474660873413,0.9999991655349731,0.0009999989803295211,0.001,False,128.0,128.0,,
train,,,,,,,111.69950151443481,4.0,190.0,1597.0,1.020169734954834,0.9999993443489075,0.0010000003757692898,0.001,False,128.0,128.0,,
train,,,,,,,111.7620096206665,4.0,191.0,1598.0,1.0032447576522827,0.9999993443489075,0.001000000374603556,0.001,False,128.0,128.0,,
train,,,,,,,111.82389068603516,4.0,192.0,1599.0,0.9263430833816528,0.9999992847442627,0.001000000353786882,0.001,False,128.0,128.0,,
train,,,,,,,111.88195037841797,4.0,193.0,1600.0,1.0067417621612549,0.9999992847442627,0.0009999988743031084,0.001,False,128.0,128.0,,
train,,,,,,,111.94156241416931,4.0,194.0,1601.0,0.9707518815994263,0.9999992847442627,0.0010000010061534878,0.001,False,128.0,128.0,,
train,,,,,,,112.00698590278625,4.0,195.0,1602.0,1.055605173110962,0.9999991655349731,0.0009999994858699629,0.001,False,128.0,128.0,,
train,,,,,,,112.06481909751892,4.0,196.0,1603.0,0.9205179214477539,0.9999992847442627,0.0009999985361287373,0.001,False,128.0,128.0,,
train,,,,,,,112.12208771705627,4.0,197.0,1604.0,0.891038179397583,0.9999992251396179,0.0009999971999724785,0.001,False,128.0,128.0,,
train,,,,,,,112.18019390106201,4.0,198.0,1605.0,1.0068416595458984,0.9999992251396179,0.0009999979754373764,0.001,False,128.0,128.0,,
train,,,,,,,112.2410204410553,4.0,199.0,1606.0,1.0066254138946533,0.9999993443489075,0.0009999977589711805,0.001,False,128.0,128.0,,
train,,,,,,,112.29861402511597,4.0,200.0,1607.0,0.9898625016212463,0.9999992251396179,0.0010000010319106357,0.001,False,128.0,128.0,,
train,,,,,,,112.35626196861267,4.0,201.0,1608.0,0.9690579175949097,0.9999994039535522,0.0009999995864562157,0.001,False,128.0,128.0,,
train,,,,,,,112.41603946685791,4.0,202.0,1609.0,0.9847831726074219,0.9999991059303284,0.0009999993063467914,0.001,False,128.0,128.0,,
train,,,,,,,112.47454452514648,4.0,203.0,1610.0,0.9245798587799072,0.9999993443489075,0.0009999980928714475,0.001,False,128.0,128.0,,
train,,,,,,,112.53054475784302,4.0,204.0,1611.0,0.9643262028694153,0.9999992251396179,0.000999999962488839,0.001,False,128.0,128.0,,
train,,,,,,,112.58809781074524,4.0,205.0,1612.0,0.962623655796051,0.9999992251396179,0.00100000016083017,0.001,False,128.0,128.0,,
train,,,,,,,112.64270305633545,4.0,206.0,1613.0,0.9518653154373169,0.9999991655349731,0.0010000005110082722,0.001,False,128.0,128.0,,
train,,,,,,,112.70228481292725,4.0,207.0,1614.0,0.993617057800293,0.9999991655349731,0.0010000011177030276,0.001,False,128.0,128.0,,
train,,,,,,,112.75944876670837,4.0,208.0,1615.0,0.9684903621673584,0.9999993443489075,0.0009999986229760568,0.001,False,128.0,128.0,,
train,,,,,,,112.81852340698242,4.0,209.0,1616.0,0.9372851848602295,0.9999992847442627,0.0009999984546382446,0.001,False,128.0,128.0,,
train,,,,,,,112.88891410827637,4.0,210.0,1617.0,0.9222638607025146,0.9999992251396179,0.001000000561370737,0.001,False,128.0,128.0,,
train,,,,,,,112.95904517173767,4.0,211.0,1618.0,1.0035223960876465,0.9999992251396179,0.000999998183632349,0.001,False,128.0,128.0,,
train,,,,,,,113.01696753501892,4.0,212.0,1619.0,0.962833046913147,0.9999992847442627,0.0009999975627665574,0.001,False,128.0,128.0,,
train,,,,,,,113.07636499404907,4.0,213.0,1620.0,0.9098362922668457,0.9999992847442627,0.0009999997602616868,0.001,False,128.0,128.0,,
train,,,,,,,113.13628125190735,4.0,214.0,1621.0,1.006424903869629,0.9999992251396179,0.0010000003927834512,0.001,False,128.0,128.0,,
train,,,,,,,113.19891548156738,4.0,215.0,1622.0,0.9517342448234558,0.9999994039535522,0.0009999995432407656,0.001,False,128.0,128.0,,
train,,,,,,,113.25839257240295,4.0,216.0,1623.0,0.9575926065444946,0.9999992847442627,0.0009999993870323026,0.001,False,128.0,128.0,,
train,,,,,,,113.31551027297974,4.0,217.0,1624.0,0.9742054343223572,0.9999992847442627,0.0009999982964312066,0.001,False,128.0,128.0,,
train,,,,,,,113.37527918815613,4.0,218.0,1625.0,0.944598376750946,0.9999993443489075,0.0009999973768037302,0.001,False,128.0,128.0,,
train,,,,,,,113.43540787696838,4.0,219.0,1626.0,0.8698956966400146,0.9999993443489075,0.0010000002800680966,0.001,False,128.0,128.0,,
train,,,,,,,113.49385452270508,4.0,220.0,1627.0,0.9667903184890747,0.9999992251396179,0.00099999842875613,0.001,False,128.0,128.0,,
train,,,,,,,113.55033826828003,4.0,221.0,1628.0,0.9354545474052429,0.9999992251396179,0.0009999984924969076,0.001,False,128.0,128.0,,
train,,,,,,,113.61233234405518,4.0,222.0,1629.0,0.9954315423965454,0.9999992847442627,0.000999999050995286,0.001,False,128.0,128.0,,
train,,,,,,,113.67662763595581,4.0,223.0,1630.0,1.0331096649169922,0.9999992251396179,0.000999998551477593,0.001,False,128.0,128.0,,
train,,,,,,,113.73815941810608,4.0,224.0,1631.0,0.8898826837539673,0.9999992251396179,0.0009999969052073966,0.001,False,128.0,128.0,,
train,,,,,,,113.79474949836731,4.0,225.0,1632.0,0.912621259689331,0.9999993443489075,0.0009999993823138517,0.001,False,128.0,128.0,,
train,,,,,,,113.85251069068909,4.0,226.0,1633.0,0.9402627348899841,0.9999992251396179,0.0009999968937720641,0.001,False,128.0,128.0,,
train,,,,,,,113.91453647613525,4.0,227.0,1634.0,0.9623873233795166,0.9999993443489075,0.0009999996600085187,0.001,False,128.0,128.0,,
train,,,,,,,113.97397136688232,4.0,228.0,1635.0,0.9764840602874756,0.9999994039535522,0.0009999985461762702,0.001,False,128.0,128.0,,
train,,,,,,,114.03290247917175,4.0,229.0,1636.0,0.9178367257118225,0.9999991655349731,0.0009999991569939243,0.001,False,128.0,128.0,,
train,,,,,,,114.0917706489563,4.0,230.0,1637.0,0.9649420976638794,0.9999992251396179,0.000999999092989511,0.001,False,128.0,128.0,,
train,,,,,,,114.14969539642334,4.0,231.0,1638.0,0.9864276647567749,0.9999992847442627,0.000999998889929515,0.001,False,128.0,128.0,,
train,,,,,,,114.21337652206421,4.0,232.0,1639.0,1.0874271392822266,0.9999993443489075,0.0009999996101872424,0.001,False,128.0,128.0,,
train,,,,,,,114.2739245891571,4.0,233.0,1640.0,0.9270811676979065,0.9999994039535522,0.000999998266926979,0.001,False,128.0,128.0,,
train,,,,,,,114.33507657051086,4.0,234.0,1641.0,0.9751282930374146,0.9999990463256836,0.0009999980292277892,0.001,False,128.0,128.0,,
train,,,,,,,114.39339137077332,4.0,235.0,1642.0,0.9827839136123657,0.9999992847442627,0.0009999998105548007,0.001,False,128.0,128.0,,
train,,,,,,,114.4498872756958,4.0,236.0,1643.0,0.979396641254425,0.9999994039535522,0.0009999992036233297,0.001,False,128.0,128.0,,
train,,,,,,,114.50674366950989,4.0,237.0,1644.0,0.9253085851669312,0.9999993443489075,0.0010000000993793336,0.001,False,128.0,128.0,,
train,,,,,,,114.56588339805603,4.0,238.0,1645.0,0.9450141191482544,0.9999992251396179,0.000999997680977835,0.001,False,128.0,128.0,,
train,,,,,,,114.62489652633667,4.0,239.0,1646.0,0.8834086656570435,0.9999992251396179,0.0010000011871751533,0.001,False,128.0,128.0,,
train,,,,,,,114.68295359611511,4.0,240.0,1647.0,1.007367730140686,0.9999991655349731,0.0010000000814492334,0.001,False,128.0,128.0,,
train,,,,,,,114.74432587623596,4.0,241.0,1648.0,1.0655149221420288,0.9999991655349731,0.0009999990568239625,0.001,False,128.0,128.0,,
train,,,,,,,114.80628609657288,4.0,242.0,1649.0,0.9453082084655762,0.9999992251396179,0.0009999989174908318,0.001,False,128.0,128.0,,
train,,,,,,,114.86711287498474,4.0,243.0,1650.0,0.9502546787261963,0.9999993443489075,0.0009999978044071584,0.001,False,128.0,128.0,,
train,,,,,,,114.92784667015076,4.0,244.0,1651.0,0.9224294424057007,0.9999992847442627,0.0009999983931040365,0.001,False,128.0,128.0,,
train,,,,,,,114.9871039390564,4.0,245.0,1652.0,1.0319554805755615,0.9999992251396179,0.0010000008443386316,0.001,False,128.0,128.0,,
train,,,,,,,115.04471158981323,4.0,246.0,1653.0,0.9111142158508301,0.9999992251396179,0.0010000013672530979,0.001,False,128.0,128.0,,
train,,,,,,,115.10422968864441,4.0,247.0,1654.0,0.8951859474182129,0.9999992847442627,0.0009999993001850495,0.001,False,128.0,128.0,,
train,,,,,,,115.16720271110535,4.0,248.0,1655.0,0.8810951709747314,0.9999991059303284,0.000999998212831267,0.001,False,128.0,128.0,,
train,,,,,,,115.22607111930847,4.0,249.0,1656.0,0.9329693913459778,0.9999992251396179,0.001000000330305673,0.001,False,128.0,128.0,,
train,,,,,,,115.28723454475403,4.0,250.0,1657.0,0.9165127277374268,0.9999991655349731,0.0009999969561390342,0.001,False,128.0,128.0,,
train,,,,,,,115.3488187789917,4.0,251.0,1658.0,0.9757553339004517,0.9999992251396179,0.0009999982609595198,0.001,False,128.0,128.0,,
train,,,,,,,115.41187334060669,4.0,252.0,1659.0,0.9566569328308105,0.9999991655349731,0.0010000010326322798,0.001,False,128.0,128.0,,
train,,,,,,,115.46986103057861,4.0,253.0,1660.0,0.9711513519287109,0.9999992251396179,0.0009999989927085202,0.001,False,128.0,128.0,,
train,,,,,,,115.52778744697571,4.0,254.0,1661.0,0.9826914072036743,0.9999992251396179,0.0009999993382102139,0.001,False,128.0,128.0,,
train,,,,,,,115.58919668197632,4.0,255.0,1662.0,0.8924442529678345,0.9999992847442627,0.0009999997162413324,0.001,False,128.0,128.0,,
train,,,,,,,115.65543293952942,4.0,256.0,1663.0,0.9322454929351807,0.9999992251396179,0.0009999999259902549,0.001,False,128.0,128.0,,
train,,,,,,,115.7211709022522,4.0,257.0,1664.0,0.8964910507202148,0.9999992847442627,0.0009999986066835114,0.001,False,128.0,128.0,,
train,,,,,,,115.78001809120178,4.0,258.0,1665.0,0.9752428531646729,0.9999992847442627,0.0010000000307675552,0.001,False,128.0,128.0,,
train,,,,,,,115.84122443199158,4.0,259.0,1666.0,1.0220465660095215,0.9999992251396179,0.0009999998937105176,0.001,False,128.0,128.0,,
train,,,,,,,115.90026307106018,4.0,260.0,1667.0,0.9192094802856445,0.9999991655349731,0.0009999984974374074,0.001,False,128.0,128.0,,
train,,,,,,,115.96427369117737,4.0,261.0,1668.0,0.9767268896102905,0.9999992847442627,0.0009999979472931652,0.001,False,128.0,128.0,,
train,,,,,,,116.02247524261475,4.0,262.0,1669.0,0.9074512124061584,0.9999991059303284,0.0009999988954806362,0.001,False,128.0,128.0,,
train,,,,,,,116.08175730705261,4.0,263.0,1670.0,0.8788549900054932,0.9999991059303284,0.000999998758784266,0.001,False,128.0,128.0,,
train,,,,,,,116.14112567901611,4.0,264.0,1671.0,0.9636018872261047,0.9999992847442627,0.0010000001396804246,0.001,False,128.0,128.0,,
train,,,,,,,116.20295810699463,4.0,265.0,1672.0,0.9491175413131714,0.9999991655349731,0.0010000001006283345,0.001,False,128.0,128.0,,
train,,,,,,,116.26114869117737,4.0,266.0,1673.0,0.8345401287078857,0.9999993443489075,0.000999997718170392,0.001,False,128.0,128.0,,
train,,,,,,,116.31919240951538,4.0,267.0,1674.0,1.021111011505127,0.9999992251396179,0.0009999995843467911,0.001,False,128.0,128.0,,
train,,,,,,,116.38078713417053,4.0,268.0,1675.0,0.9127845168113708,0.9999993443489075,0.0009999991554118552,0.001,False,128.0,128.0,,
train,,,,,,,116.44128632545471,4.0,269.0,1676.0,0.87404865026474,0.9999993443489075,0.0009999972066893465,0.001,False,128.0,128.0,,
train,,,,,,,116.50056767463684,4.0,270.0,1677.0,0.9885939359664917,0.9999992847442627,0.0009999996919829522,0.001,False,128.0,128.0,,
train,,,,,,,116.55879998207092,4.0,271.0,1678.0,0.8503504991531372,0.9999993443489075,0.0009999970019081168,0.001,False,128.0,128.0,,
train,,,,,,,116.61871719360352,4.0,272.0,1679.0,0.8591382503509521,0.9999992251396179,0.000999998580343433,0.001,False,128.0,128.0,,
train,,,,,,,116.68280148506165,4.0,273.0,1680.0,0.9470275640487671,0.9999992251396179,0.0010000000734556283,0.001,False,128.0,128.0,,
train,,,,,,,116.74106502532959,4.0,274.0,1681.0,0.9177199602127075,0.9999993443489075,0.0009999980510159588,0.001,False,128.0,128.0,,
train,,,,,,,116.80116629600525,4.0,275.0,1682.0,0.8681330680847168,0.9999992251396179,0.0009999985149234463,0.001,False,128.0,128.0,,
train,,,,,,,116.86111164093018,4.0,276.0,1683.0,0.9009751677513123,0.9999992251396179,0.0010000003658883086,0.001,False,128.0,128.0,,
train,,,,,,,116.92653918266296,4.0,277.0,1684.0,0.915702223777771,0.9999992847442627,0.0010000007626262827,0.001,False,128.0,128.0,,
train,,,,,,,116.98763799667358,4.0,278.0,1685.0,0.8833305239677429,0.9999992251396179,0.0010000012407433492,0.001,False,128.0,128.0,,
train,,,,,,,117.04669427871704,4.0,279.0,1686.0,0.917528510093689,0.9999992847442627,0.0009999988405245343,0.001,False,128.0,128.0,,
train,,,,,,,117.10637497901917,4.0,280.0,1687.0,0.9451757669448853,0.9999991655349731,0.0009999997340049058,0.001,False,128.0,128.0,,
train,,,,,,,117.16689920425415,4.0,281.0,1688.0,0.9076713919639587,0.9999994039535522,0.0009999995327769089,0.001,False,128.0,128.0,,
train,,,,,,,117.22536039352417,4.0,282.0,1689.0,0.8846074342727661,0.9999994039535522,0.000999997883094385,0.001,False,128.0,128.0,,
train,,,,,,,117.28643369674683,4.0,283.0,1690.0,0.9518190026283264,0.9999992251396179,0.0009999992038176187,0.001,False,128.0,128.0,,
train,,,,,,,117.3477554321289,4.0,284.0,1691.0,1.0040950775146484,0.9999991655349731,0.0009999988041369317,0.001,False,128.0,128.0,,
train,,,,,,,117.40891909599304,4.0,285.0,1692.0,1.092711329460144,0.9999992847442627,0.0010000004457410673,0.001,False,128.0,128.0,,
train,,,,,,,117.47335815429688,4.0,286.0,1693.0,0.8397529125213623,0.9999991655349731,0.0009999989585136161,0.001,False,128.0,128.0,,
train,,,,,,,117.54064774513245,4.0,287.0,1694.0,0.9516832232475281,0.9999992847442627,0.0009999994397401715,0.001,False,128.0,128.0,,
train,,,,,,,117.61104416847229,4.0,288.0,1695.0,0.9292750954627991,0.9999992847442627,0.0009999983134176477,0.001,False,128.0,128.0,,
train,,,,,,,117.67910647392273,4.0,289.0,1696.0,0.9607038497924805,0.9999993443489075,0.0009999998419463621,0.001,False,128.0,128.0,,
train,,,,,,,117.74190831184387,4.0,290.0,1697.0,1.0282433032989502,0.9999992251396179,0.0009999988801317858,0.001,False,128.0,128.0,,
train,,,,,,,117.800537109375,4.0,291.0,1698.0,1.0063358545303345,0.9999992251396179,0.0009999998923227386,0.001,False,128.0,128.0,,
train,,,,,,,117.86299014091492,4.0,292.0,1699.0,0.8614867925643921,0.9999992251396179,0.0010000011387139747,0.001,False,128.0,128.0,,
train,,,,,,,117.94494414329529,4.0,293.0,1700.0,0.8905094265937805,0.9999992251396179,0.0009999998332588657,0.001,False,128.0,128.0,,
train,,,,,,,118.01618528366089,4.0,294.0,1701.0,0.9347031116485596,0.9999991655349731,0.0010000008266861002,0.001,False,128.0,128.0,,
train,,,,,,,118.07698726654053,4.0,295.0,1702.0,0.9088342189788818,0.9999991655349731,0.0009999985605536792,0.001,False,128.0,128.0,,
train,,,,,,,118.13578939437866,4.0,296.0,1703.0,0.8787148594856262,0.9999992847442627,0.000999999320751945,0.001,False,128.0,128.0,,
train,,,,,,,118.1975347995758,4.0,297.0,1704.0,0.9213054180145264,0.9999992847442627,0.0009999979383280959,0.001,False,128.0,128.0,,
train,,,,,,,118.25883340835571,4.0,298.0,1705.0,0.9335619211196899,0.9999992251396179,0.0010000003656662642,0.001,False,128.0,128.0,,
train,,,,,,,118.32111740112305,4.0,299.0,1706.0,1.0052452087402344,0.9999992251396179,0.0009999986077382245,0.001,False,128.0,128.0,,
train,,,,,,,118.38542032241821,4.0,300.0,1707.0,0.922569990158081,0.9999993443489075,0.000999997562627779,0.001,False,128.0,128.0,,
train,,,,,,,118.44495224952698,4.0,301.0,1708.0,0.934614360332489,0.9999991655349731,0.0009999997772203477,0.001,False,128.0,128.0,,
train,,,,,,,118.50554060935974,4.0,302.0,1709.0,0.9120314717292786,0.9999993443489075,0.0009999991791151365,0.001,False,128.0,128.0,,
train,,,,,,,118.56618428230286,4.0,303.0,1710.0,0.9141988158226013,0.9999990463256836,0.0010000014383350275,0.001,False,128.0,128.0,,
train,,,,,,,118.62525773048401,4.0,304.0,1711.0,0.9413987398147583,0.9999992251396179,0.000999997747730147,0.001,False,128.0,128.0,,
train,,,,,,,118.69126033782959,4.0,305.0,1712.0,0.8824295401573181,0.9999992847442627,0.000999998742186411,0.001,False,128.0,128.0,,
train,,,,,,,118.75271725654602,4.0,306.0,1713.0,0.9073510766029358,0.9999992251396179,0.0010000003738264004,0.001,False,128.0,128.0,,
train,,,,,,,118.8143002986908,4.0,307.0,1714.0,0.9196773767471313,0.9999993443489075,0.0010000000020682904,0.001,False,128.0,128.0,,
train,,,,,,,118.89099955558777,4.0,308.0,1715.0,0.8644610047340393,0.9999993443489075,0.0009999997531007466,0.001,False,128.0,128.0,,
train,,,,,,,118.97651243209839,4.0,309.0,1716.0,0.951459527015686,0.9999991655349731,0.0009999980283673647,0.001,False,128.0,128.0,,
train,,,,,,,119.04398846626282,4.0,310.0,1717.0,0.913590669631958,0.9999992847442627,0.0009999989488546656,0.001,False,128.0,128.0,,
train,,,,,,,119.10464024543762,4.0,311.0,1718.0,0.8712915182113647,0.9999994039535522,0.0010000002085697513,0.001,False,128.0,128.0,,
train,,,,,,,119.164715051651,4.0,312.0,1719.0,0.939963161945343,0.9999991655349731,0.0010000006009224093,0.001,False,128.0,128.0,,
train,,,,,,,119.22725343704224,4.0,313.0,1720.0,0.9547737240791321,0.9999992251396179,0.000999999507769123,0.001,False,128.0,128.0,,
train,,,,,,,119.2861738204956,4.0,314.0,1721.0,0.9212625622749329,0.9999992251396179,0.000999998446755649,0.001,False,128.0,128.0,,
train,,,,,,,119.34511399269104,4.0,315.0,1722.0,0.9050679802894592,0.9999992847442627,0.0009999998555188408,0.001,False,128.0,128.0,,
train,,,,,,,119.40294814109802,4.0,316.0,1723.0,0.9118237495422363,0.9999993443489075,0.000999996965381669,0.001,False,128.0,128.0,,
train,,,,,,,119.45885992050171,4.0,317.0,1724.0,0.9368201494216919,0.9999991655349731,0.001000000371800244,0.001,False,128.0,128.0,,
train,,,,,,,119.51854491233826,4.0,318.0,1725.0,0.9056296348571777,0.9999993443489075,0.001000001338831427,0.001,False,128.0,128.0,,
train,,,,,,,119.5815372467041,4.0,319.0,1726.0,0.9499657154083252,0.9999992847442627,0.000999999432912296,0.001,False,128.0,128.0,,
train,,,,,,,119.64219617843628,4.0,320.0,1727.0,1.0077283382415771,0.9999992847442627,0.0010000004976162137,0.001,False,128.0,128.0,,
train,,,,,,,119.70597839355469,4.0,321.0,1728.0,0.8509558439254761,0.9999992847442627,0.000999999462444245,0.001,False,128.0,128.0,,
train,,,,,,,119.7664942741394,4.0,322.0,1729.0,0.9362518787384033,0.9999991655349731,0.0009999997466614515,0.001,False,128.0,128.0,,
train,,,,,,,119.82434368133545,4.0,323.0,1730.0,0.8466442823410034,0.9999992847442627,0.0010000019656623111,0.001,False,128.0,128.0,,
train,,,,,,,119.88433504104614,4.0,324.0,1731.0,0.867438018321991,0.9999992847442627,0.000999998607349646,0.001,False,128.0,128.0,,
train,,,,,,,119.94313263893127,4.0,325.0,1732.0,0.8654994368553162,0.9999992251396179,0.0009999991169981053,0.001,False,128.0,128.0,,
train,,,,,,,120.00267100334167,4.0,326.0,1733.0,0.9829526543617249,0.9999992251396179,0.0009999996074394394,0.001,False,128.0,128.0,,
train,,,,,,,120.06152033805847,4.0,327.0,1734.0,0.9138451814651489,0.9999991655349731,0.0009999984510300143,0.001,False,128.0,128.0,,
train,,,,,,,120.12237763404846,4.0,328.0,1735.0,0.8502470850944519,0.9999992847442627,0.0009999999010379902,0.001,False,128.0,128.0,,
train,,,,,,,120.18356609344482,4.0,329.0,1736.0,0.9197839498519897,0.9999992847442627,0.0010000006485509473,0.001,False,128.0,128.0,,
train,,,,,,,120.24130034446716,4.0,330.0,1737.0,0.9656394720077515,0.9999993443489075,0.0009999987969204734,0.001,False,128.0,128.0,,
train,,,,,,,120.29825806617737,4.0,331.0,1738.0,0.8740909695625305,0.9999993443489075,0.0010000005203757742,0.001,False,128.0,128.0,,
train,,,,,,,120.35753631591797,4.0,332.0,1739.0,1.043516993522644,0.9999993443489075,0.0009999992012085927,0.001,False,128.0,128.0,,
train,,,,,,,120.41646075248718,4.0,333.0,1740.0,0.8797636032104492,0.9999991655349731,0.000999999892100694,0.001,False,128.0,128.0,,
train,,,,,,,120.47482657432556,4.0,334.0,1741.0,0.9789028167724609,0.9999992251396179,0.0009999999697052888,0.001,False,128.0,128.0,,
train,,,,,,,120.53627729415894,4.0,335.0,1742.0,0.9165405035018921,0.9999992847442627,0.0009999991211336898,0.001,False,128.0,128.0,,
train,,,,,,,120.60336756706238,4.0,336.0,1743.0,0.9550513029098511,0.9999992251396179,0.0009999994404618169,0.001,False,128.0,128.0,,
train,,,,,,,120.66764259338379,4.0,337.0,1744.0,0.8803929686546326,0.9999992847442627,0.001000000629233079,0.001,False,128.0,128.0,,
train,,,,,,,120.73024702072144,4.0,338.0,1745.0,0.8863898515701294,0.9999993443489075,0.0009999983448092562,0.001,False,128.0,128.0,,
train,,,,,,,120.79052734375,4.0,339.0,1746.0,0.797415018081665,0.9999992251396179,0.0009999986276112442,0.001,False,128.0,128.0,,
train,,,,,,,120.85119247436523,4.0,340.0,1747.0,0.8119088411331177,0.9999991655349731,0.0009999991670692067,0.001,False,128.0,128.0,,
train,,,,,,,120.91378331184387,4.0,341.0,1748.0,0.9606200456619263,0.9999992847442627,0.0009999981536562722,0.001,False,128.0,128.0,,
train,,,,,,,120.97130155563354,4.0,342.0,1749.0,0.9389934539794922,0.9999993443489075,0.000999999133318398,0.001,False,128.0,128.0,,
train,,,,,,,121.03057527542114,4.0,343.0,1750.0,0.9381815195083618,0.9999993443489075,0.0010000000094790291,0.001,False,128.0,128.0,,
train,,,,,,,121.09400010108948,4.0,344.0,1751.0,0.8505176305770874,0.9999991059303284,0.0010000014388068714,0.001,False,128.0,128.0,,
train,,,,,,,121.1563835144043,4.0,345.0,1752.0,0.8737407922744751,0.9999992847442627,0.0009999977124527304,0.001,False,128.0,128.0,,
train,,,,,,,121.21711778640747,4.0,346.0,1753.0,0.8429799675941467,0.9999992847442627,0.0010000001984112126,0.001,False,128.0,128.0,,
train,,,,,,,121.27659511566162,4.0,347.0,1754.0,0.9122928380966187,0.9999993443489075,0.000999998858510168,0.001,False,128.0,128.0,,
train,,,,,,,121.33785605430603,4.0,348.0,1755.0,0.9325429201126099,0.9999993443489075,0.0009999998511612148,0.001,False,128.0,128.0,,
train,,,,,,,121.39654469490051,4.0,349.0,1756.0,0.8251112699508667,0.9999992251396179,0.0010000002848975654,0.001,False,128.0,128.0,,
train,,,,,,,121.45462584495544,4.0,350.0,1757.0,0.8552899360656738,0.9999994039535522,0.0010000003149568447,0.001,False,128.0,128.0,,
train,,,,,,,121.51454710960388,4.0,351.0,1758.0,0.9226047992706299,0.9999992847442627,0.0010000004178467258,0.001,False,128.0,128.0,,
train,,,,,,,121.57735085487366,4.0,352.0,1759.0,0.9198222160339355,0.9999992847442627,0.0010000004811571653,0.001,False,128.0,128.0,,
train,,,,,,,121.63812136650085,4.0,353.0,1760.0,0.9530268907546997,0.9999992251396179,0.0009999985034326209,0.001,False,128.0,128.0,,
train,,,,,,,121.70183062553406,4.0,354.0,1761.0,1.032596468925476,0.9999992847442627,0.0009999998473587002,0.001,False,128.0,128.0,,
train,,,,,,,121.7660346031189,4.0,355.0,1762.0,0.8725003004074097,0.9999992251396179,0.0009999992957996653,0.001,False,128.0,128.0,,
train,,,,,,,121.82640671730042,4.0,356.0,1763.0,0.8367636203765869,0.9999993443489075,0.0009999984229135722,0.001,False,128.0,128.0,,
train,,,,,,,121.8883798122406,4.0,357.0,1764.0,0.8502708673477173,0.9999992847442627,0.0009999998942378735,0.001,False,128.0,128.0,,
train,,,,,,,121.94988512992859,4.0,358.0,1765.0,0.9053738117218018,0.9999991059303284,0.0009999993768182443,0.001,False,128.0,128.0,,
train,,,,,,,122.0152940750122,4.0,359.0,1766.0,0.8653472065925598,0.9999992251396179,0.0009999982689531395,0.001,False,128.0,128.0,,
train,,,,,,,122.07765889167786,4.0,360.0,1767.0,0.846646785736084,0.9999992251396179,0.000999998665580923,0.001,False,128.0,128.0,,
train,,,,,,,122.13781332969666,4.0,361.0,1768.0,0.8066520094871521,0.9999991655349731,0.0009999998446386534,0.001,False,128.0,128.0,,
train,,,,,,,122.20234298706055,4.0,362.0,1769.0,0.9154603481292725,0.9999992847442627,0.0009999995951159588,0.001,False,128.0,128.0,,
train,,,,,,,122.26893734931946,4.0,363.0,1770.0,0.8489006757736206,0.9999991655349731,0.0009999986996648148,0.001,False,128.0,128.0,,
train,,,,,,,122.33145833015442,4.0,364.0,1771.0,0.9940766096115112,0.9999991655349731,0.0009999996614518092,0.001,False,128.0,128.0,,
train,,,,,,,122.39072585105896,4.0,365.0,1772.0,0.8370446562767029,0.9999992847442627,0.0009999983672357982,0.001,False,128.0,128.0,,
train,,,,,,,122.45214748382568,4.0,366.0,1773.0,0.9318803548812866,0.9999991059303284,0.000999997078930067,0.001,False,128.0,128.0,,
train,,,,,,,122.511962890625,4.0,367.0,1774.0,0.9528359770774841,0.9999992251396179,0.0009999980790491444,0.001,False,128.0,128.0,,
train,,,,,,,122.57178926467896,4.0,368.0,1775.0,0.8137969970703125,0.9999993443489075,0.000999999674441423,0.001,False,128.0,128.0,,
train,,,,,,,122.63082337379456,4.0,369.0,1776.0,0.8935329914093018,0.9999991655349731,0.0010000010773742205,0.001,False,128.0,128.0,,
train,,,,,,,122.69235920906067,4.0,370.0,1777.0,0.9889867305755615,0.9999992847442627,0.0009999993437058215,0.001,False,128.0,128.0,,
train,,,,,,,122.75167465209961,4.0,371.0,1778.0,0.8658738732337952,0.9999991655349731,0.0010000004145715694,0.001,False,128.0,128.0,,
train,,,,,,,122.81069850921631,4.0,372.0,1779.0,0.9184028506278992,0.9999991655349731,0.0009999975775603152,0.001,False,128.0,128.0,,
train,,,,,,,122.88148331642151,4.0,373.0,1780.0,0.9066061973571777,0.9999992847442627,0.001000001131386511,0.001,False,128.0,128.0,,
train,,,,,,,122.95260453224182,4.0,374.0,1781.0,0.9140459299087524,0.9999993443489075,0.0010000012782133293,0.001,False,128.0,128.0,,
train,,,,,,,123.0133547782898,4.0,375.0,1782.0,0.8937667608261108,0.9999991059303284,0.0009999960987663262,0.001,False,128.0,128.0,,
train,,,,,,,123.07266879081726,4.0,376.0,1783.0,0.9105395078659058,0.9999991059303284,0.0009999985740429082,0.001,False,128.0,128.0,,
train,,,,,,,123.13322973251343,4.0,377.0,1784.0,0.8832641243934631,0.9999991059303284,0.0010000000287413982,0.001,False,128.0,128.0,,
train,,,,,,,123.19732904434204,4.0,378.0,1785.0,0.8244979381561279,0.9999993443489075,0.000999999348257739,0.001,False,128.0,128.0,,
train,,,,,,,123.26094889640808,4.0,379.0,1786.0,0.8478642702102661,0.9999992251396179,0.0009999980666701338,0.001,False,128.0,128.0,,
train,,,,,,,123.32404518127441,4.0,380.0,1787.0,0.8911482691764832,0.9999991655349731,0.0010000001960242335,0.001,False,128.0,128.0,,
train,,,,,,,123.38554191589355,4.0,381.0,1788.0,0.9487619400024414,0.9999992251396179,0.0009999976030677506,0.001,False,128.0,128.0,,
train,,,,,,,123.44650053977966,4.0,382.0,1789.0,0.848375678062439,0.9999993443489075,0.001000000336078831,0.001,False,128.0,128.0,,
train,,,,,,,123.5163927078247,4.0,383.0,1790.0,0.8561096787452698,0.9999992251396179,0.0010000006461084582,0.001,False,128.0,128.0,,
train,,,,,,,123.5846381187439,4.0,384.0,1791.0,0.8354187607765198,0.9999991059303284,0.000999998736274466,0.001,False,128.0,128.0,,
train,,,,,,,123.64808464050293,4.0,385.0,1792.0,0.8562977910041809,0.9999990463256836,0.0010000004188181705,0.001,False,128.0,128.0,,
train,,,,,,,123.71095085144043,4.0,386.0,1793.0,0.8646529912948608,0.9999991655349731,0.0010000007393948832,0.001,False,128.0,128.0,,
train,,,,,,,123.77118349075317,4.0,387.0,1794.0,0.881818413734436,0.9999992251396179,0.0010000003997500978,0.001,False,128.0,128.0,,
train,,,,,,,123.84134531021118,4.0,388.0,1795.0,1.09695565700531,0.9999992847442627,0.000999997980211345,0.001,False,128.0,128.0,,
train,,,,,,,123.91940760612488,4.0,389.0,1796.0,0.9834745526313782,0.9999991655349731,0.0010000011183969163,0.001,False,128.0,128.0,,
train,,,,,,,123.98460006713867,4.0,390.0,1797.0,0.922146201133728,0.9999993443489075,0.0009999997994525683,0.001,False,128.0,128.0,,
train,,,,,,,124.04910159111023,4.0,391.0,1798.0,0.7747278809547424,0.9999991655349731,0.0009999997851306882,0.001,False,128.0,128.0,,
train,,,,,,,124.11198306083679,4.0,392.0,1799.0,0.8703479766845703,0.9999991655349731,0.0010000007028963278,0.001,False,128.0,128.0,,
train,,,,,,,124.17996978759766,4.0,393.0,1800.0,0.7945713400840759,0.9999992251396179,0.000999999650960198,0.001,False,128.0,128.0,,
train,,,,,,,124.24251890182495,4.0,394.0,1801.0,0.9596607089042664,0.9999993443489075,0.0010000012748549087,0.001,False,128.0,128.0,,
train,,,,,,,124.30399894714355,4.0,395.0,1802.0,0.9450474977493286,0.9999992847442627,0.0009999977249982792,0.001,False,128.0,128.0,,
train,,,,,,,124.3679883480072,4.0,396.0,1803.0,0.9062172174453735,0.9999992847442627,0.0010000000700694483,0.001,False,128.0,128.0,,
train,,,,,,,124.42695927619934,4.0,397.0,1804.0,0.9148972034454346,0.9999991655349731,0.0010000007320119055,0.001,False,128.0,128.0,,
train,,,,,,,124.48598861694336,4.0,398.0,1805.0,0.8017622828483582,0.9999993443489075,0.0009999987394663612,0.001,False,128.0,128.0,,
train,,,,,,,124.54389572143555,4.0,399.0,1806.0,0.8495169878005981,0.9999992847442627,0.000999997219123879,0.001,False,128.0,128.0,,
train,,,,,,,124.60378623008728,4.0,400.0,1807.0,0.8960906863212585,0.9999991655349731,0.0009999982462212836,0.001,False,128.0,128.0,,
train,,,,,,,124.6682960987091,4.0,401.0,1808.0,0.7636411190032959,0.9999992251396179,0.0009999996516818432,0.001,False,128.0,128.0,,
train,,,,,,,124.73440432548523,4.0,402.0,1809.0,0.8533221483230591,0.9999992251396179,0.0009999994124841806,0.001,False,128.0,128.0,,
train,,,,,,,124.81888914108276,4.0,403.0,1810.0,0.9548293352127075,0.9999992847442627,0.0010000013943980135,0.001,False,128.0,128.0,,
train,,,,,,,124.88722586631775,4.0,404.0,1811.0,0.8278489708900452,0.9999992847442627,0.0009999993611363343,0.001,False,128.0,128.0,,
train,,,,,,,124.95756483078003,4.0,405.0,1812.0,0.8279587030410767,0.9999992847442627,0.0010000017148356357,0.001,False,128.0,128.0,,
train,,,,,,,125.0194411277771,4.0,406.0,1813.0,0.8602717518806458,0.9999991655349731,0.0009999975188848844,0.001,False,128.0,128.0,,
train,,,,,,,125.08806276321411,4.0,407.0,1814.0,0.814204216003418,0.9999992847442627,0.0009999995699138855,0.001,False,128.0,128.0,,
train,,,,,,,125.16345691680908,4.0,408.0,1815.0,0.8335261940956116,0.9999991059303284,0.0010000007300135056,0.001,False,128.0,128.0,,
train,,,,,,,125.23422718048096,4.0,409.0,1816.0,0.8640753626823425,0.9999992251396179,0.0010000001747079556,0.001,False,128.0,128.0,,
train,,,,,,,125.30095100402832,4.0,410.0,1817.0,0.8695302605628967,0.9999992847442627,0.0010000010863947728,0.001,False,128.0,128.0,,
train,,,,,,,125.37589836120605,4.0,411.0,1818.0,0.8685054779052734,0.9999991655349731,0.0009999985668264484,0.001,False,128.0,128.0,,
train,,,,,,,125.4526720046997,4.0,412.0,1819.0,0.8525385856628418,0.9999992847442627,0.000999999407488174,0.001,False,128.0,128.0,,
train,,,,,,,125.52067565917969,4.0,413.0,1820.0,0.8991061449050903,0.9999993443489075,0.0010000005075527047,0.001,False,128.0,128.0,,
train,,,,,,,125.5857195854187,4.0,414.0,1821.0,0.9032543897628784,0.9999991059303284,0.0010000015825250249,0.001,False,128.0,128.0,,
train,,,,,,,125.6538679599762,4.0,415.0,1822.0,0.8352017402648926,0.9999992251396179,0.000999999632141911,0.001,False,128.0,128.0,,
train,,,,,,,125.71760773658752,4.0,416.0,1823.0,0.8082829713821411,0.9999992847442627,0.000999999626979372,0.001,False,128.0,128.0,,
train,,,,,,,125.79056429862976,4.0,417.0,1824.0,0.9479007720947266,0.9999992251396179,0.0009999994613617768,0.001,False,128.0,128.0,,
train,,,,,,,125.85731172561646,4.0,418.0,1825.0,0.8917976021766663,0.9999992847442627,0.0009999989277048947,0.001,False,128.0,128.0,,
train,,,,,,,125.92426013946533,4.0,419.0,1826.0,0.8531844615936279,0.9999992251396179,0.0009999986869249889,0.001,False,128.0,128.0,,
train,,,,,,,125.98996424674988,4.0,420.0,1827.0,0.8898823857307434,0.9999992847442627,0.0010000006125797441,0.001,False,128.0,128.0,,
train,,,,,,,126.05260920524597,4.0,421.0,1828.0,0.8613373637199402,0.9999992251396179,0.0010000007353703278,0.001,False,128.0,128.0,,
train,,,,,,,126.13364863395691,4.0,422.0,1829.0,0.9025707840919495,0.9999992847442627,0.0009999991012051687,0.001,False,128.0,128.0,,
train,,,,,,,126.20585989952087,4.0,423.0,1830.0,0.8635016679763794,0.9999991655349731,0.0009999993826746744,0.001,False,128.0,128.0,,
train,,,,,,,126.2705295085907,4.0,424.0,1831.0,0.9412424564361572,0.9999992847442627,0.0009999993165608503,0.001,False,128.0,128.0,,
train,,,,,,,126.33905529975891,4.0,425.0,1832.0,0.8418871760368347,0.9999992847442627,0.0010000012782688402,0.001,False,128.0,128.0,,
train,,,,,,,126.41018795967102,4.0,426.0,1833.0,0.8287860155105591,0.9999991655349731,0.0009999973575135544,0.001,False,128.0,128.0,,
train,,,,,,,126.4782452583313,4.0,427.0,1834.0,0.8245102763175964,0.9999992251396179,0.000999996595232121,0.001,False,128.0,128.0,,
train,,,,,,,126.53848004341125,4.0,428.0,1835.0,0.825317919254303,0.9999992251396179,0.0009999991152772581,0.001,False,128.0,128.0,,
train,,,,,,,126.59578037261963,4.0,429.0,1836.0,0.804444432258606,0.9999992251396179,0.0009999969891405136,0.001,False,128.0,128.0,,
train,,,,,,,126.66009449958801,4.0,430.0,1837.0,0.8226067423820496,0.9999990463256836,0.0009999992759821702,0.001,False,128.0,128.0,,
train,,,,,,,126.72563314437866,4.0,431.0,1838.0,0.852290153503418,0.9999992847442627,0.0009999994519526315,0.001,False,128.0,128.0,,
train,,,,,,,126.79024648666382,4.0,432.0,1839.0,0.885251522064209,0.9999992251396179,0.0009999986525912963,0.001,False,128.0,128.0,,
train,,,,,,,126.86252307891846,4.0,433.0,1840.0,0.788620114326477,0.9999992847442627,0.001000000931352284,0.001,False,128.0,128.0,,
train,,,,,,,126.92704272270203,4.0,434.0,1841.0,0.8238900899887085,0.9999990463256836,0.0009999979655563713,0.001,False,128.0,128.0,,
train,,,,,,,126.9939022064209,4.0,435.0,1842.0,0.88969886302948,0.9999991059303284,0.0009999996278397952,0.001,False,128.0,128.0,,
train,,,,,,,127.05959391593933,4.0,436.0,1843.0,0.8234955072402954,0.9999991655349731,0.0009999987579515977,0.001,False,128.0,128.0,,
train,,,,,,,127.13759350776672,4.0,437.0,1844.0,0.8465096950531006,0.9999994039535522,0.0009999996353338033,0.001,False,128.0,128.0,,
train,,,,,,,127.21796417236328,4.0,438.0,1845.0,0.8921670913696289,0.9999992847442627,0.0009999994858144517,0.001,False,128.0,128.0,,
train,,,,,,,127.28457641601562,4.0,439.0,1846.0,0.8826433420181274,0.9999992251396179,0.0010000000292409985,0.001,False,128.0,128.0,,
train,,,,,,,127.35162663459778,4.0,440.0,1847.0,0.8430145978927612,0.9999992251396179,0.0009999970422093325,0.001,False,128.0,128.0,,
train,,,,,,,127.40981698036194,4.0,441.0,1848.0,0.8400641679763794,0.9999992847442627,0.0009999997924859175,0.001,False,128.0,128.0,,
train,,,,,,,127.46858286857605,4.0,442.0,1849.0,0.8740266561508179,0.9999992847442627,0.000999996581742865,0.001,False,128.0,128.0,,
train,,,,,,,127.536856174469,4.0,443.0,1850.0,0.837451696395874,0.9999991655349731,0.0009999996826015648,0.001,False,128.0,128.0,,
train,,,,,,,127.59710168838501,4.0,444.0,1851.0,0.7689006924629211,0.9999992251396179,0.000999999506298077,0.001,False,128.0,128.0,,
train,,,,,,,127.65615367889404,4.0,445.0,1852.0,0.8455509543418884,0.9999992251396179,0.0010000000041499586,0.001,False,128.0,128.0,,
train,,,,,,,127.71273016929626,4.0,446.0,1853.0,0.8560312986373901,0.9999992251396179,0.0009999983729257005,0.001,False,128.0,128.0,,
train,,,,,,,127.77266073226929,4.0,447.0,1854.0,0.8151202201843262,0.9999991059303284,0.0009999991006500568,0.001,False,128.0,128.0,,
train,,,,,,,127.83417129516602,4.0,448.0,1855.0,0.7878090143203735,0.9999992847442627,0.0009999995126818624,0.001,False,128.0,128.0,,
train,,,,,,,127.91329336166382,4.0,449.0,1856.0,0.7661305665969849,0.9999992251396179,0.0010000008398977432,0.001,False,128.0,128.0,,
train,,,,,,,127.97342491149902,4.0,450.0,1857.0,0.8947592973709106,0.9999991655349731,0.0010000002304411401,0.001,False,128.0,128.0,,
train,,,,,,,128.03122973442078,4.0,451.0,1858.0,0.9679926633834839,0.9999992251396179,0.000999997864553621,0.001,False,128.0,128.0,,
train,,,,,,,128.09122729301453,4.0,452.0,1859.0,0.8854316473007202,0.9999992847442627,0.0009999978740182925,0.001,False,128.0,128.0,,
train,,,,,,,128.15340375900269,4.0,453.0,1860.0,0.9189338088035583,0.9999992847442627,0.0009999991978779208,0.001,False,128.0,128.0,,
train,,,,,,,128.21306467056274,4.0,454.0,1861.0,0.8447403311729431,0.9999991655349731,0.0009999990016735802,0.001,False,128.0,128.0,,
train,,,,,,,128.27127122879028,4.0,455.0,1862.0,0.8456088304519653,0.9999992847442627,0.0009999991811690508,0.001,False,128.0,128.0,,
train,,,,,,,128.32834362983704,4.0,456.0,1863.0,0.8679680824279785,0.9999992847442627,0.0009999989643978042,0.001,False,128.0,128.0,,
train,,,,,,,128.38766264915466,4.0,457.0,1864.0,0.8686726689338684,0.9999992847442627,0.0009999998953203412,0.001,False,128.0,128.0,,
train,,,,,,,128.44833397865295,4.0,458.0,1865.0,0.7615059614181519,0.9999991655349731,0.001000000551545269,0.001,False,128.0,128.0,,
train,,,,,,,128.50588417053223,4.0,459.0,1866.0,0.8954090476036072,0.9999991655349731,0.0010000002628041333,0.001,False,128.0,128.0,,
train,,,,,,,128.56410217285156,4.0,460.0,1867.0,0.8153468370437622,0.9999992847442627,0.0010000003241439374,0.001,False,128.0,128.0,,
train,,,,,,,128.6257450580597,4.0,461.0,1868.0,0.8160536289215088,0.9999991655349731,0.0010000003179822016,0.001,False,128.0,128.0,,
train,,,,,,,128.68127751350403,4.0,462.0,1869.0,0.9333023428916931,0.9999991655349731,0.0009999996512099981,0.001,False,128.0,128.0,,
train,,,,,,,128.7376401424408,4.0,463.0,1870.0,0.7994502782821655,0.9999992847442627,0.0009999969871976174,0.001,False,128.0,128.0,,
train,,,,,,,128.79255652427673,4.0,464.0,1871.0,0.7707487940788269,0.9999992251396179,0.000999999017549785,0.001,False,128.0,128.0,,
train,,,,,,,128.85038590431213,4.0,465.0,1872.0,0.8700698018074036,0.9999992847442627,0.001000001551549851,0.001,False,128.0,128.0,,
train,,,,,,,128.90828609466553,4.0,466.0,1873.0,0.8284995555877686,0.9999991655349731,0.0009999975790036086,0.001,False,128.0,128.0,,
train,,,,,,,128.96776223182678,4.0,467.0,1874.0,0.7303051352500916,0.9999991655349731,0.0010000005617870704,0.001,False,128.0,128.0,,
train,,,,,,,129.02369713783264,4.0,468.0,1875.0,0.8252014517784119,0.9999992251396179,0.0010000006901565274,0.001,False,128.0,128.0,,
train,,,,,,,129.0732707977295,4.0,469.0,1876.0,0.8305279612541199,0.9999991655349731,0.0009999990518279542,0.001,False,128.0,128.0,,
eval,,,,,,,132.94523906707764,4.0,,1876.0,,,,,False,128.0,128.0,0.8221410600662231,0.838
train,,,,,,,133.0105378627777,5.0,1.0,1877.0,0.7877112627029419,0.9999992251396179,0.0009999982098059038,0.001,False,128.0,128.0,,
train,,,,,,,133.06870937347412,5.0,2.0,1878.0,0.9227476716041565,0.9999992847442627,0.000999998658919576,0.001,False,128.0,128.0,,
train,,,,,,,133.12889313697815,5.0,3.0,1879.0,0.784400224685669,0.9999991655349731,0.000999999252500936,0.001,False,128.0,128.0,,
train,,,,,,,133.18930959701538,5.0,4.0,1880.0,0.830027163028717,0.9999992847442627,0.0009999986848155625,0.001,False,128.0,128.0,,
train,,,,,,,133.25239300727844,5.0,5.0,1881.0,0.7559590339660645,0.9999991059303284,0.0009999987935898004,0.001,False,128.0,128.0,,
train,,,,,,,133.3133807182312,5.0,6.0,1882.0,0.8271660208702087,0.9999990463256836,0.0009999980633394585,0.001,False,128.0,128.0,,
train,,,,,,,133.38118696212769,5.0,7.0,1883.0,0.8228668570518494,0.9999992251396179,0.000999997745287651,0.001,False,128.0,128.0,,
train,,,,,,,133.4629955291748,5.0,8.0,1884.0,0.8780195116996765,0.9999993443489075,0.0009999983534967657,0.001,False,128.0,128.0,,
train,,,,,,,133.5372302532196,5.0,9.0,1885.0,0.8641617298126221,0.9999991655349731,0.0010000011350502428,0.001,False,128.0,128.0,,
train,,,,,,,133.59491658210754,5.0,10.0,1886.0,0.7514922618865967,0.9999994039535522,0.0009999992272988541,0.001,False,128.0,128.0,,
train,,,,,,,133.6550862789154,5.0,11.0,1887.0,0.9206992387771606,0.9999992251396179,0.0009999985854227105,0.001,False,128.0,128.0,,
train,,,,,,,133.7123875617981,5.0,12.0,1888.0,1.0071825981140137,0.9999992847442627,0.0009999985504506351,0.001,False,128.0,128.0,,
train,,,,,,,133.7721598148346,5.0,13.0,1889.0,0.8104766607284546,0.9999991655349731,0.0009999979881217,0.001,False,128.0,128.0,,
train,,,,,,,133.83365178108215,5.0,14.0,1890.0,0.9110358357429504,0.9999992251396179,0.0010000001614407926,0.001,False,128.0,128.0,,
train,,,,,,,133.89511251449585,5.0,15.0,1891.0,0.8919593691825867,0.9999991655349731,0.0009999988140179286,0.001,False,128.0,128.0,,
train,,,,,,,133.9536008834839,5.0,16.0,1892.0,0.8983893990516663,0.9999992251396179,0.0009999988278402215,0.001,False,128.0,128.0,,
train,,,,,,,134.01364755630493,5.0,17.0,1893.0,0.6827353239059448,0.9999992847442627,0.0009999997068599453,0.001,False,128.0,128.0,,
train,,,,,,,134.07159757614136,5.0,18.0,1894.0,0.8489962816238403,0.9999992847442627,0.0010000002117893975,0.001,False,128.0,128.0,,
train,,,,,,,134.13332390785217,5.0,19.0,1895.0,0.7771645784378052,0.9999991655349731,0.0009999982949879143,0.001,False,128.0,128.0,,
train,,,,,,,134.1923439502716,5.0,20.0,1896.0,0.8581745624542236,0.9999991655349731,0.0009999997714194308,0.001,False,128.0,128.0,,
train,,,,,,,134.2510006427765,5.0,21.0,1897.0,0.8676466941833496,0.9999992847442627,0.0009999988882919341,0.001,False,128.0,128.0,,
train,,,,,,,134.3151981830597,5.0,22.0,1898.0,0.8603906631469727,0.9999992847442627,0.000999998067558314,0.001,False,128.0,128.0,,
train,,,,,,,134.3825421333313,5.0,23.0,1899.0,0.8245334625244141,0.9999991655349731,0.0009999985533372191,0.001,False,128.0,128.0,,
train,,,,,,,134.45058298110962,5.0,24.0,1900.0,0.7865250110626221,0.9999992847442627,0.0010000011307481336,0.001,False,128.0,128.0,,
train,,,,,,,134.5140676498413,5.0,25.0,1901.0,0.7587684392929077,0.9999992251396179,0.0009999993165608503,0.001,False,128.0,128.0,,
train,,,,,,,134.5752294063568,5.0,26.0,1902.0,0.8724735975265503,0.9999992847442627,0.0009999996038589686,0.001,False,128.0,128.0,,
train,,,,,,,134.63376545906067,5.0,27.0,1903.0,0.8844537734985352,0.9999991655349731,0.000999998363655323,0.001,False,128.0,128.0,,
train,,,,,,,134.6912591457367,5.0,28.0,1904.0,0.7070020437240601,0.9999992251396179,0.0009999985119258396,0.001,False,128.0,128.0,,
train,,,,,,,134.7484474182129,5.0,29.0,1905.0,0.918061375617981,0.9999992251396179,0.0009999996424669888,0.001,False,128.0,128.0,,
train,,,,,,,134.81617140769958,5.0,30.0,1906.0,0.7654250860214233,0.9999992847442627,0.0009999991730921716,0.001,False,128.0,128.0,,
train,,,,,,,134.88149166107178,5.0,31.0,1907.0,0.9143617153167725,0.9999990463256836,0.0009999980805479485,0.001,False,128.0,128.0,,
train,,,,,,,134.94408917427063,5.0,32.0,1908.0,0.870887279510498,0.9999992251396179,0.0009999985075404521,0.001,False,128.0,128.0,,
train,,,,,,,135.0055751800537,5.0,33.0,1909.0,0.8954629898071289,0.9999992251396179,0.0009999990102500615,0.001,False,128.0,128.0,,
train,,,,,,,135.06519317626953,5.0,34.0,1910.0,0.8902897238731384,0.9999992847442627,0.000999998271062567,0.001,False,128.0,128.0,,
train,,,,,,,135.1247308254242,5.0,35.0,1911.0,0.8527860045433044,0.9999991059303284,0.001000001565094551,0.001,False,128.0,128.0,,
train,,,,,,,135.18419194221497,5.0,36.0,1912.0,0.7213783860206604,0.9999993443489075,0.0009999985396814562,0.001,False,128.0,128.0,,
train,,,,,,,135.24451899528503,5.0,37.0,1913.0,0.8107365369796753,0.9999992251396179,0.0009999981458291855,0.001,False,128.0,128.0,,
train,,,,,,,135.3027744293213,5.0,38.0,1914.0,0.80787193775177,0.9999992847442627,0.000999999870812165,0.001,False,128.0,128.0,,
train,,,,,,,135.36613535881042,5.0,39.0,1915.0,0.8740353584289551,0.9999991655349731,0.0009999995943388025,0.001,False,128.0,128.0,,
train,,,,,,,135.42794847488403,5.0,40.0,1916.0,0.7766051292419434,0.9999991655349731,0.000999999717074,0.001,False,128.0,128.0,,
train,,,,,,,135.49149250984192,5.0,41.0,1917.0,0.8221415281295776,0.9999992251396179,0.0009999984936626435,0.001,False,128.0,128.0,,
train,,,,,,,135.55396628379822,5.0,42.0,1918.0,0.8198510408401489,0.9999993443489075,0.0010000010202255503,0.001,False,128.0,128.0,,
train,,,,,,,135.6161642074585,5.0,43.0,1919.0,0.7851439714431763,0.9999992847442627,0.0010000010225292607,0.001,False,128.0,128.0,,
train,,,,,,,135.67754912376404,5.0,44.0,1920.0,0.8490481376647949,0.9999993443489075,0.0010000006894071273,0.001,False,128.0,128.0,,
train,,,,,,,135.73938727378845,5.0,45.0,1921.0,0.7845526933670044,0.9999992847442627,0.0010000005220133523,0.001,False,128.0,128.0,,
train,,,,,,,135.79995918273926,5.0,46.0,1922.0,0.8691904544830322,0.9999991059303284,0.000999997885509125,0.001,False,128.0,128.0,,
train,,,,,,,135.85784888267517,5.0,47.0,1923.0,0.776317834854126,0.9999991655349731,0.0010000000278809753,0.001,False,128.0,128.0,,
train,,,,,,,135.91879057884216,5.0,48.0,1924.0,0.8224236369132996,0.9999991655349731,0.0010000001714883093,0.001,False,128.0,128.0,,
train,,,,,,,135.98001551628113,5.0,49.0,1925.0,0.8098727464675903,0.9999990463256836,0.000999999337655102,0.001,False,128.0,128.0,,
train,,,,,,,136.04204964637756,5.0,50.0,1926.0,0.8007717132568359,0.9999992847442627,0.0009999983170258786,0.001,False,128.0,128.0,,
train,,,,,,,136.1064887046814,5.0,51.0,1927.0,0.7843490839004517,0.9999991655349731,0.0010000011614180095,0.001,False,128.0,128.0,,
train,,,,,,,136.16820859909058,5.0,52.0,1928.0,0.7825881242752075,0.9999991059303284,0.0010000005411369337,0.001,False,128.0,128.0,,
train,,,,,,,136.22978329658508,5.0,53.0,1929.0,0.8880065679550171,0.9999991655349731,0.0009999988843228825,0.001,False,128.0,128.0,,
train,,,,,,,136.28933024406433,5.0,54.0,1930.0,0.857227087020874,0.9999991059303284,0.0010000003431842558,0.001,False,128.0,128.0,,
train,,,,,,,136.34910416603088,5.0,55.0,1931.0,0.8283829689025879,0.9999992251396179,0.0010000004472398678,0.001,False,128.0,128.0,,
train,,,,,,,136.40785384178162,5.0,56.0,1932.0,0.8497298359870911,0.9999991655349731,0.000999999149749713,0.001,False,128.0,128.0,,
train,,,,,,,136.46506309509277,5.0,57.0,1933.0,0.8138899207115173,0.9999994039535522,0.001000000406300411,0.001,False,128.0,128.0,,
train,,,,,,,136.52587413787842,5.0,58.0,1934.0,0.8409173488616943,0.9999991655349731,0.0009999987944224688,0.001,False,128.0,128.0,,
train,,,,,,,136.5908613204956,5.0,59.0,1935.0,0.8308232426643372,0.9999991655349731,0.0010000011859539095,0.001,False,128.0,128.0,,
train,,,,,,,136.65316605567932,5.0,60.0,1936.0,0.8280893564224243,0.9999992251396179,0.001000000855662897,0.001,False,128.0,128.0,,
train,,,,,,,136.71370434761047,5.0,61.0,1937.0,0.7584760189056396,0.9999992251396179,0.001000001237801262,0.001,False,128.0,128.0,,
train,,,,,,,136.7758560180664,5.0,62.0,1938.0,0.9132056832313538,0.9999991655349731,0.0009999997956222982,0.001,False,128.0,128.0,,
train,,,,,,,136.841646194458,5.0,63.0,1939.0,0.9069764614105225,0.9999991655349731,0.0009999997103016375,0.001,False,128.0,128.0,,
train,,,,,,,136.9061403274536,5.0,64.0,1940.0,0.763325035572052,0.9999992251396179,0.0009999986480393756,0.001,False,128.0,128.0,,
train,,,,,,,136.9704020023346,5.0,65.0,1941.0,0.7874503135681152,0.9999992847442627,0.0009999972278946655,0.001,False,128.0,128.0,,
train,,,,,,,137.03943395614624,5.0,66.0,1942.0,0.9043006896972656,0.9999991059303284,0.0010000005083298604,0.001,False,128.0,128.0,,
train,,,,,,,137.10327649116516,5.0,67.0,1943.0,0.8579788208007812,0.9999991059303284,0.0010000000919685955,0.001,False,128.0,128.0,,
train,,,,,,,137.16558647155762,5.0,68.0,1944.0,0.7976150512695312,0.9999992251396179,0.0009999974236830193,0.001,False,128.0,128.0,,
train,,,,,,,137.22877383232117,5.0,69.0,1945.0,0.7559195756912231,0.9999992251396179,0.0010000014499923523,0.001,False,128.0,128.0,,
train,,,,,,,137.2939624786377,5.0,70.0,1946.0,0.7818511128425598,0.9999992251396179,0.0009999990250160423,0.001,False,128.0,128.0,,
train,,,,,,,137.35872149467468,5.0,71.0,1947.0,0.8355386257171631,0.9999992251396179,0.0009999996677245713,0.001,False,128.0,128.0,,
train,,,,,,,137.41979789733887,5.0,72.0,1948.0,0.7994227409362793,0.9999992847442627,0.0010000001166155443,0.001,False,128.0,128.0,,
train,,,,,,,137.47896003723145,5.0,73.0,1949.0,0.85822594165802,0.9999994039535522,0.0009999980982837952,0.001,False,128.0,128.0,,
train,,,,,,,137.53808975219727,5.0,74.0,1950.0,0.8084557056427002,0.9999991655349731,0.0010000008329588551,0.001,False,128.0,128.0,,
train,,,,,,,137.59713649749756,5.0,75.0,1951.0,0.827774167060852,0.9999992251396179,0.001000002079793007,0.001,False,128.0,128.0,,
train,,,,,,,137.65966081619263,5.0,76.0,1952.0,0.8831460475921631,0.9999991059303284,0.0009999981046675897,0.001,False,128.0,128.0,,
train,,,,,,,137.71988368034363,5.0,77.0,1953.0,0.9760487675666809,0.9999990463256836,0.0009999984648800678,0.001,False,128.0,128.0,,
train,,,,,,,137.78083062171936,5.0,78.0,1954.0,0.7758583426475525,0.9999992251396179,0.00100000072873675,0.001,False,128.0,128.0,,
train,,,,,,,137.8453516960144,5.0,79.0,1955.0,0.8148044347763062,0.9999992251396179,0.0009999984875564076,0.001,False,128.0,128.0,,
train,,,,,,,137.90429735183716,5.0,80.0,1956.0,0.8281397223472595,0.9999993443489075,0.000999997831135836,0.001,False,128.0,128.0,,
train,,,,,,,137.96293210983276,5.0,81.0,1957.0,0.7938176989555359,0.9999992251396179,0.0009999963750741212,0.001,False,128.0,128.0,,
train,,,,,,,138.02149772644043,5.0,82.0,1958.0,0.8718301057815552,0.9999990463256836,0.0010000003346355415,0.001,False,128.0,128.0,,
train,,,,,,,138.08146834373474,5.0,83.0,1959.0,0.8052995204925537,0.9999992847442627,0.0009999987632251636,0.001,False,128.0,128.0,,
train,,,,,,,138.1530842781067,5.0,84.0,1960.0,0.913309633731842,0.9999991655349731,0.0010000003781007573,0.001,False,128.0,128.0,,
train,,,,,,,138.2282519340515,5.0,85.0,1961.0,0.779699444770813,0.9999991655349731,0.0010000002836763203,0.001,False,128.0,128.0,,
train,,,,,,,138.28960037231445,5.0,86.0,1962.0,0.8675045967102051,0.9999992251396179,0.0009999980367218094,0.001,False,128.0,128.0,,
train,,,,,,,138.3519217967987,5.0,87.0,1963.0,0.7932453155517578,0.9999991655349731,0.0010000010367678563,0.001,False,128.0,128.0,,
train,,,,,,,138.41143488883972,5.0,88.0,1964.0,0.8279881477355957,0.9999992251396179,0.0009999992139484118,0.001,False,128.0,128.0,,
train,,,,,,,138.47145462036133,5.0,89.0,1965.0,0.8910113573074341,0.9999990463256836,0.001000001572921611,0.001,False,128.0,128.0,,
train,,,,,,,138.52925491333008,5.0,90.0,1966.0,0.7654775381088257,0.9999992251396179,0.0009999989405279843,0.001,False,128.0,128.0,,
train,,,,,,,138.58797550201416,5.0,91.0,1967.0,0.8068231344223022,0.9999991059303284,0.0009999988264801966,0.001,False,128.0,128.0,,
train,,,,,,,138.64999532699585,5.0,92.0,1968.0,0.7698132991790771,0.9999991059303284,0.000999998564328443,0.001,False,128.0,128.0,,
train,,,,,,,138.70963096618652,5.0,93.0,1969.0,0.8503761291503906,0.9999995231628418,0.000999997911294109,0.001,False,128.0,128.0,,
train,,,,,,,138.77049684524536,5.0,94.0,1970.0,0.8550339341163635,0.9999991655349731,0.0009999984885556098,0.001,False,128.0,128.0,,
train,,,,,,,138.83735418319702,5.0,95.0,1971.0,0.7372272610664368,0.9999993443489075,0.0009999994746567047,0.001,False,128.0,128.0,,
train,,,,,,,138.9038577079773,5.0,96.0,1972.0,0.8282471299171448,0.9999991655349731,0.0010000001534749437,0.001,False,128.0,128.0,,
train,,,,,,,138.96826720237732,5.0,97.0,1973.0,0.759044349193573,0.9999991655349731,0.0009999989669235642,0.001,False,128.0,128.0,,
train,,,,,,,139.02643489837646,5.0,98.0,1974.0,0.8086110353469849,0.9999990463256836,0.0009999959182988532,0.001,False,128.0,128.0,,
train,,,,,,,139.0839605331421,5.0,99.0,1975.0,0.8475086688995361,0.9999991059303284,0.0009999984500863232,0.001,False,128.0,128.0,,
train,,,,,,,139.13944959640503,5.0,100.0,1976.0,0.8143548965454102,0.9999991655349731,0.0009999993195584545,0.001,False,128.0,128.0,,
train,,,,,,,139.2020297050476,5.0,101.0,1977.0,0.8098261952400208,0.9999992847442627,0.0010000003889531833,0.001,False,128.0,128.0,,
train,,,,,,,139.2660937309265,5.0,102.0,1978.0,0.8400369882583618,0.9999991655349731,0.001000000996994157,0.001,False,128.0,128.0,,
train,,,,,,,139.33069610595703,5.0,103.0,1979.0,0.7494306564331055,0.9999991059303284,0.0010000007497477053,0.001,False,128.0,128.0,,
train,,,,,,,139.38958144187927,5.0,104.0,1980.0,0.8010299801826477,0.9999991655349731,0.0009999988303382261,0.001,False,128.0,128.0,,
train,,,,,,,139.44813537597656,5.0,105.0,1981.0,0.8407455086708069,0.9999992847442627,0.0009999991492501122,0.001,False,128.0,128.0,,
train,,,,,,,139.5079460144043,5.0,106.0,1982.0,0.8317999839782715,0.9999991059303284,0.0010000008937990244,0.001,False,128.0,128.0,,
train,,,,,,,139.57317519187927,5.0,107.0,1983.0,0.9585033655166626,0.9999991655349731,0.0009999988657543814,0.001,False,128.0,128.0,,
train,,,,,,,139.63203358650208,5.0,108.0,1984.0,0.893333911895752,0.9999992847442627,0.0009999995626974328,0.001,False,128.0,128.0,,
train,,,,,,,139.6925003528595,5.0,109.0,1985.0,0.8061394095420837,0.9999991655349731,0.0009999996569554045,0.001,False,128.0,128.0,,
train,,,,,,,139.75327229499817,5.0,110.0,1986.0,0.9045782089233398,0.9999991655349731,0.0009999971378275687,0.001,False,128.0,128.0,,
train,,,,,,,139.81489849090576,5.0,111.0,1987.0,0.7695490717887878,0.9999992847442627,0.00100000031717729,0.001,False,128.0,128.0,,
train,,,,,,,139.87462329864502,5.0,112.0,1988.0,0.910459041595459,0.9999991059303284,0.0010000025826118427,0.001,False,128.0,128.0,,
train,,,,,,,139.93451738357544,5.0,113.0,1989.0,0.7901396751403809,0.9999992251396179,0.0010000009770101622,0.001,False,128.0,128.0,,
train,,,,,,,139.98864817619324,5.0,114.0,1990.0,0.8325799703598022,0.9999991655349731,0.001000000018166524,0.001,False,128.0,128.0,,
train,,,,,,,140.04723000526428,5.0,115.0,1991.0,0.7933135032653809,0.9999994039535522,0.0009999995875386836,0.001,False,128.0,128.0,,
train,,,,,,,140.1094081401825,5.0,116.0,1992.0,0.769311785697937,0.9999991655349731,0.0009999990694805167,0.001,False,128.0,128.0,,
train,,,,,,,140.16996884346008,5.0,117.0,1993.0,0.8261521458625793,0.9999991655349731,0.0010000001981614124,0.001,False,128.0,128.0,,
train,,,,,,,140.23047852516174,5.0,118.0,1994.0,0.7751501202583313,0.9999991655349731,0.0009999993447327785,0.001,False,128.0,128.0,,
train,,,,,,,140.29134392738342,5.0,119.0,1995.0,0.7304334044456482,0.9999991655349731,0.000999998779212395,0.001,False,128.0,128.0,,
train,,,,,,,140.35091590881348,5.0,120.0,1996.0,0.7795351147651672,0.9999991655349731,0.0010000003075183528,0.001,False,128.0,128.0,,
train,,,,,,,140.4109184741974,5.0,121.0,1997.0,0.7714955806732178,0.9999992847442627,0.0009999991642658912,0.001,False,128.0,128.0,,
train,,,,,,,140.46905851364136,5.0,122.0,1998.0,0.772594153881073,0.9999992847442627,0.0009999986800138414,0.001,False,128.0,128.0,,
train,,,,,,,140.53077602386475,5.0,123.0,1999.0,0.8019801378250122,0.9999991059303284,0.0009953592098483923,0.001,False,128.0,128.0,,
train,,,,,,,140.5896761417389,5.0,124.0,2000.0,0.7691067457199097,0.9953590035438538,0.0009999996638387894,0.001,False,128.0,128.0,,
train,,,,,,,140.64931178092957,5.0,125.0,2001.0,0.7558512687683105,0.9999993443489075,0.000999999148084377,0.001,False,128.0,128.0,,
train,,,,,,,140.7100648880005,5.0,126.0,2002.0,0.8439787030220032,0.9999992251396179,0.0009999994233643725,0.001,False,128.0,128.0,,
train,,,,,,,140.77084159851074,5.0,127.0,2003.0,0.6892910003662109,0.9999990463256836,0.0009999978744623826,0.001,False,128.0,128.0,,
train,,,,,,,140.8311846256256,5.0,128.0,2004.0,0.7175899147987366,0.9999991655349731,0.0009999984015695007,0.001,False,128.0,128.0,,
train,,,,,,,140.89001297950745,5.0,129.0,2005.0,0.8094133138656616,0.9999991655349731,0.0009999994697162096,0.001,False,128.0,128.0,,
train,,,,,,,140.95028495788574,5.0,130.0,2006.0,0.811237096786499,0.9999991655349731,0.0010000002909205236,0.001,False,128.0,128.0,,
train,,,,,,,141.01126527786255,5.0,131.0,2007.0,0.8845394253730774,0.9999992847442627,0.000999998365265149,0.001,False,128.0,128.0,,
train,,,,,,,141.0736482143402,5.0,132.0,2008.0,0.7176103591918945,0.9999991655349731,0.0009999985943045073,0.001,False,128.0,128.0,,
train,,,,,,,141.13827300071716,5.0,133.0,2009.0,0.8128170371055603,0.9999992251396179,0.0010000012321946426,0.001,False,128.0,128.0,,
train,,,,,,,141.20957374572754,5.0,134.0,2010.0,0.6988078355789185,0.9999992847442627,0.0009999994562269925,0.001,False,128.0,128.0,,
train,,,,,,,141.27430534362793,5.0,135.0,2011.0,0.8155279159545898,0.9999991059303284,0.000999999193381514,0.001,False,128.0,128.0,,
train,,,,,,,141.34106636047363,5.0,136.0,2012.0,0.7112956047058105,0.9999991655349731,0.00100000280440605,0.001,False,128.0,128.0,,
train,,,,,,,141.4088430404663,5.0,137.0,2013.0,0.8344630599021912,0.9999991655349731,0.0009999975446976334,0.001,False,128.0,128.0,,
train,,,,,,,141.47004795074463,5.0,138.0,2014.0,0.8108424544334412,0.9999991655349731,0.000999997644312634,0.001,False,128.0,128.0,,
train,,,,,,,141.53506088256836,5.0,139.0,2015.0,0.8029979467391968,0.9999992251396179,0.0009999998670374062,0.001,False,128.0,128.0,,
train,,,,,,,141.5969684123993,5.0,140.0,2016.0,0.8313306570053101,0.9999991655349731,0.0009999997281762334,0.001,False,128.0,128.0,,
train,,,,,,,141.6579954624176,5.0,141.0,2017.0,0.7618966102600098,0.9999992251396179,0.0009999986671074817,0.001,False,128.0,128.0,,
train,,,,,,,141.71732997894287,5.0,142.0,2018.0,0.7490495443344116,0.9999991655349731,0.000999998616203687,0.001,False,128.0,128.0,,
train,,,,,,,141.7783818244934,5.0,143.0,2019.0,0.7743303775787354,0.9999992251396179,0.0010000010338535239,0.001,False,128.0,128.0,,
train,,,,,,,141.84115266799927,5.0,144.0,2020.0,0.8443373441696167,0.9999993443489075,0.0009999992124773652,0.001,False,128.0,128.0,,
train,,,,,,,141.92821598052979,5.0,145.0,2021.0,0.7637379169464111,0.9999993443489075,0.0009999980799373245,0.001,False,128.0,128.0,,
train,,,,,,,141.99323058128357,5.0,146.0,2022.0,0.8168864250183105,0.9999991059303284,0.0009999976232461022,0.001,False,128.0,128.0,,
train,,,,,,,142.05502891540527,5.0,147.0,2023.0,0.7805532217025757,0.9999993443489075,0.0010000009320739283,0.001,False,128.0,128.0,,
train,,,,,,,142.1168336868286,5.0,148.0,2024.0,0.8104071021080017,0.9999992251396179,0.0010000035503070193,0.001,False,128.0,128.0,,
train,,,,,,,142.17970514297485,5.0,149.0,2025.0,0.7559075355529785,0.9999992251396179,0.0010000017931339773,0.001,False,128.0,128.0,,
train,,,,,,,142.24246525764465,5.0,150.0,2026.0,0.9274120926856995,0.9999992847442627,0.0010000006516318143,0.001,False,128.0,128.0,,
train,,,,,,,142.3039538860321,5.0,151.0,2027.0,0.7951356172561646,0.9999991655349731,0.0010000002427368571,0.001,False,128.0,128.0,,
train,,,,,,,142.36547422409058,5.0,152.0,2028.0,0.7270687818527222,0.9999993443489075,0.0009999994946962405,0.001,False,128.0,128.0,,
train,,,,,,,142.4275221824646,5.0,153.0,2029.0,0.7458409070968628,0.9999992251396179,0.0010000028163686695,0.001,False,128.0,128.0,,
train,,,,,,,142.49129700660706,5.0,154.0,2030.0,0.8109557628631592,0.9999992251396179,0.0010000002897825452,0.001,False,128.0,128.0,,
train,,,,,,,142.55488967895508,5.0,155.0,2031.0,0.7546546459197998,0.9999992847442627,0.0009999990835803621,0.001,False,128.0,128.0,,
train,,,,,,,142.6160249710083,5.0,156.0,2032.0,0.7734779119491577,0.9999990463256836,0.0009999981953452228,0.001,False,128.0,128.0,,
train,,,,,,,142.67928314208984,5.0,157.0,2033.0,0.7169798016548157,0.9999991655349731,0.0010000002012422809,0.001,False,128.0,128.0,,
train,,,,,,,142.7388777732849,5.0,158.0,2034.0,0.6862491965293884,0.9999991059303284,0.0009999967258502958,0.001,False,128.0,128.0,,
train,,,,,,,142.7994954586029,5.0,159.0,2035.0,0.7700226306915283,0.9999991655349731,0.0009999991780881793,0.001,False,128.0,128.0,,
train,,,,,,,142.86343789100647,5.0,160.0,2036.0,0.8639755249023438,0.9999992251396179,0.0009999993207797007,0.001,False,128.0,128.0,,
train,,,,,,,142.92591404914856,5.0,161.0,2037.0,0.8428382873535156,0.9999991059303284,0.0009999985643839543,0.001,False,128.0,128.0,,
train,,,,,,,142.98526549339294,5.0,162.0,2038.0,0.7555890679359436,0.9999992251396179,0.0009999983241035623,0.001,False,128.0,128.0,,
train,,,,,,,143.0445692539215,5.0,163.0,2039.0,0.80439293384552,0.9999992251396179,0.0009999996947585106,0.001,False,128.0,128.0,,
train,,,,,,,143.105881690979,5.0,164.0,2040.0,0.8013044595718384,0.9999992847442627,0.000999998883851037,0.001,False,128.0,128.0,,
train,,,,,,,143.16418933868408,5.0,165.0,2041.0,0.8031719923019409,0.9999991655349731,0.0009999982280968606,0.001,False,128.0,128.0,,
train,,,,,,,143.22585129737854,5.0,166.0,2042.0,0.7935053706169128,0.9999991655349731,0.0009999995476539041,0.001,False,128.0,128.0,,
train,,,,,,,143.28862047195435,5.0,167.0,2043.0,0.814643144607544,0.9999991655349731,0.000999999164765492,0.001,False,128.0,128.0,,
train,,,,,,,143.35014700889587,5.0,168.0,2044.0,0.8021280169487,0.9999991059303284,0.0009999982577398676,0.001,False,128.0,128.0,,
train,,,,,,,143.4181296825409,5.0,169.0,2045.0,0.6927017569541931,0.9999991655349731,0.0009999980557899271,0.001,False,128.0,128.0,,
train,,,,,,,143.48717713356018,5.0,170.0,2046.0,0.6666585206985474,0.9999990463256836,0.000999997883094385,0.001,False,128.0,128.0,,
train,,,,,,,143.55169343948364,5.0,171.0,2047.0,0.8007966876029968,0.9999991655349731,0.000999998124041018,0.001,False,128.0,128.0,,
train,,,,,,,143.61327266693115,5.0,172.0,2048.0,0.7310739755630493,0.9999991655349731,0.0009999987529278323,0.001,False,128.0,128.0,,
train,,,,,,,143.67920446395874,5.0,173.0,2049.0,0.9027385711669922,0.9999989867210388,0.0009999979080467,0.001,False,128.0,128.0,,
train,,,,,,,143.7406029701233,5.0,174.0,2050.0,0.8264410495758057,0.9999991655349731,0.000999999701808429,0.001,False,128.0,128.0,,
train,,,,,,,143.80189418792725,5.0,175.0,2051.0,0.7666314840316772,0.9999991059303284,0.0009999982172166557,0.001,False,128.0,128.0,,
train,,,,,,,143.86176705360413,5.0,176.0,2052.0,0.766664445400238,0.9999992251396179,0.000999998427881828,0.001,False,128.0,128.0,,
train,,,,,,,143.92316555976868,5.0,177.0,2053.0,0.8861116170883179,0.9999992251396179,0.0009999998958199416,0.001,False,128.0,128.0,,
train,,,,,,,143.98250555992126,5.0,178.0,2054.0,0.7202394604682922,0.9999991655349731,0.000999997918121995,0.001,False,128.0,128.0,,
train,,,,,,,144.04706454277039,5.0,179.0,2055.0,0.8425434827804565,0.9999992251396179,0.0010000000224963939,0.001,False,128.0,128.0,,
train,,,,,,,144.12049674987793,5.0,180.0,2056.0,0.7640179395675659,0.9999991655349731,0.000999999577963006,0.001,False,128.0,128.0,,
train,,,,,,,144.18578457832336,5.0,181.0,2057.0,0.8250738382339478,0.9999990463256836,0.000999998455415402,0.001,False,128.0,128.0,,
train,,,,,,,144.2469642162323,5.0,182.0,2058.0,0.7915149331092834,0.9999991059303284,0.0009999989528792284,0.001,False,128.0,128.0,,
train,,,,,,,144.30630493164062,5.0,183.0,2059.0,0.8471323251724243,0.9999990463256836,0.0009999978882014218,0.001,False,128.0,128.0,,
train,,,,,,,144.36804103851318,5.0,184.0,2060.0,0.9046373963356018,0.9999993443489075,0.0009999981304248122,0.001,False,128.0,128.0,,
train,,,,,,,144.43125653266907,5.0,185.0,2061.0,0.8292217254638672,0.9999993443489075,0.0009999997683663169,0.001,False,128.0,128.0,,
train,,,,,,,144.49488520622253,5.0,186.0,2062.0,0.778305172920227,0.9999993443489075,0.0009999995175390905,0.001,False,128.0,128.0,,
train,,,,,,,144.55530548095703,5.0,187.0,2063.0,0.7976385354995728,0.9999991655349731,0.0009999979484866574,0.001,False,128.0,128.0,,
train,,,,,,,144.61503100395203,5.0,188.0,2064.0,0.7223731279373169,0.9999992251396179,0.0010000012801284614,0.001,False,128.0,128.0,,
train,,,,,,,144.6763060092926,5.0,189.0,2065.0,0.8130179643630981,0.9999993443489075,0.0010000008332919218,0.001,False,128.0,128.0,,
train,,,,,,,144.73518204689026,5.0,190.0,2066.0,0.646453857421875,0.9999992251396179,0.0009999983239092729,0.001,False,128.0,128.0,,
train,,,,,,,144.79638624191284,5.0,191.0,2067.0,0.7664729356765747,0.9999991059303284,0.0010000001427335375,0.001,False,128.0,128.0,,
train,,,,,,,144.85734844207764,5.0,192.0,2068.0,0.7720121145248413,0.9999989867210388,0.000999998702939977,0.001,False,128.0,128.0,,
train,,,,,,,144.92019939422607,5.0,193.0,2069.0,0.84881991147995,0.9999992251396179,0.0009999994568931267,0.001,False,128.0,128.0,,
train,,,,,,,144.97876572608948,5.0,194.0,2070.0,0.8153510093688965,0.9999991059303284,0.0009999995787124069,0.001,False,128.0,128.0,,
train,,,,,,,145.03867411613464,5.0,195.0,2071.0,0.7905808687210083,0.9999992847442627,0.0009999982142745595,0.001,False,128.0,128.0,,
train,,,,,,,145.09916996955872,5.0,196.0,2072.0,0.7068924903869629,0.9999992251396179,0.0009999972899007912,0.001,False,128.0,128.0,,
train,,,,,,,145.16352248191833,5.0,197.0,2073.0,0.7403489351272583,0.9999992251396179,0.0010000000320443117,0.001,False,128.0,128.0,,
train,,,,,,,145.22695446014404,5.0,198.0,2074.0,0.6971889734268188,0.9999992251396179,0.0009999994988873346,0.001,False,128.0,128.0,,
train,,,,,,,145.28934812545776,5.0,199.0,2075.0,0.7454302310943604,0.9999992251396179,0.0009999976808668124,0.001,False,128.0,128.0,,
train,,,,,,,145.3515100479126,5.0,200.0,2076.0,0.7038215398788452,0.9999991655349731,0.0009999978458740785,0.001,False,128.0,128.0,,
train,,,,,,,145.41907358169556,5.0,201.0,2077.0,0.7893161177635193,0.9999991059303284,0.0009999989909599172,0.001,False,128.0,128.0,,
train,,,,,,,145.48605465888977,5.0,202.0,2078.0,0.806869626045227,0.9999991059303284,0.0009779609047824453,0.001,False,128.0,128.0,,
train,,,,,,,145.55082535743713,5.0,203.0,2079.0,0.7640796899795532,0.9779607057571411,0.0009999999495824956,0.001,False,128.0,128.0,,
train,,,,,,,145.61052441596985,5.0,204.0,2080.0,0.7746661901473999,0.9999993443489075,0.0010000008299612556,0.001,False,128.0,128.0,,
train,,,,,,,145.67247080802917,5.0,205.0,2081.0,0.8012593388557434,0.9999993443489075,0.0009999988910952505,0.001,False,128.0,128.0,,
train,,,,,,,145.74056029319763,5.0,206.0,2082.0,0.7677289247512817,0.9999991655349731,0.0009999983881080249,0.001,False,128.0,128.0,,
train,,,,,,,145.80600929260254,5.0,207.0,2083.0,0.8286275863647461,0.9999991059303284,0.0010000002196719792,0.001,False,128.0,128.0,,
train,,,,,,,145.86688089370728,5.0,208.0,2084.0,0.6899365186691284,0.9999991655349731,0.001000000424008461,0.001,False,128.0,128.0,,
train,,,,,,,145.92907285690308,5.0,209.0,2085.0,0.8033576607704163,0.9999991059303284,0.000999999342651109,0.001,False,128.0,128.0,,
train,,,,,,,145.99012184143066,5.0,210.0,2086.0,0.698546290397644,0.9999992251396179,0.0009897712796456007,0.001,False,128.0,128.0,,
train,,,,,,,146.05626487731934,5.0,211.0,2087.0,0.7269891500473022,0.98977130651474,0.0009999969540018484,0.001,False,128.0,128.0,,
train,,,,,,,146.11844611167908,5.0,212.0,2088.0,0.7086282968521118,0.9999991655349731,0.0009999983835283475,0.001,False,128.0,128.0,,
train,,,,,,,146.17911624908447,5.0,213.0,2089.0,0.7725969552993774,0.9999991655349731,0.0010000010389050334,0.001,False,128.0,128.0,,
train,,,,,,,146.2424943447113,5.0,214.0,2090.0,0.7442457675933838,0.9999992251396179,0.000999999092295621,0.001,False,128.0,128.0,,
train,,,,,,,146.30859208106995,5.0,215.0,2091.0,0.7652150392532349,0.9999992251396179,0.0009999997511301003,0.001,False,128.0,128.0,,
train,,,,,,,146.3704297542572,5.0,216.0,2092.0,0.8140367865562439,0.9999992251396179,0.0009999999067001283,0.001,False,128.0,128.0,,
train,,,,,,,146.4359838962555,5.0,217.0,2093.0,0.7457290887832642,0.9999992847442627,0.0009999990730332339,0.001,False,128.0,128.0,,
train,,,,,,,146.5031418800354,5.0,218.0,2094.0,0.6699835658073425,0.9999991059303284,0.0009999980082722882,0.001,False,128.0,128.0,,
train,,,,,,,146.56796288490295,5.0,219.0,2095.0,0.8373607397079468,0.9999991059303284,0.0010000002794574741,0.001,False,128.0,128.0,,
train,,,,,,,146.62857246398926,5.0,220.0,2096.0,0.7972705364227295,0.9999990463256836,0.00100000048237841,0.001,False,128.0,128.0,,
train,,,,,,,146.6916844844818,5.0,221.0,2097.0,0.7582359313964844,0.9999991655349731,0.000999999908032396,0.001,False,128.0,128.0,,
train,,,,,,,146.7545931339264,5.0,222.0,2098.0,0.7724006175994873,0.9999991059303284,0.0009999992408435854,0.001,False,128.0,128.0,,
train,,,,,,,146.81646418571472,5.0,223.0,2099.0,0.7092527747154236,0.9999991655349731,0.0009999988272851093,0.001,False,128.0,128.0,,
train,,,,,,,146.8782844543457,5.0,224.0,2100.0,0.8259766697883606,0.9999991059303284,0.0009999999511090523,0.001,False,128.0,128.0,,
train,,,,,,,146.93607902526855,5.0,225.0,2101.0,0.819770097732544,0.9999993443489075,0.0010000000159044447,0.001,False,128.0,128.0,,
train,,,,,,,146.99809384346008,5.0,226.0,2102.0,0.832116425037384,0.9999991655349731,0.000999998446894427,0.001,False,128.0,128.0,,
train,,,,,,,147.05954456329346,5.0,227.0,2103.0,0.8820888996124268,0.9999991655349731,0.000999999706332589,0.001,False,128.0,128.0,,
train,,,,,,,147.12302136421204,5.0,228.0,2104.0,0.6312398314476013,0.9999991059303284,0.00099999607275925,0.001,False,128.0,128.0,,
train,,,,,,,147.18662881851196,5.0,229.0,2105.0,0.8498144149780273,0.9999991655349731,0.0010000002774035622,0.001,False,128.0,128.0,,
train,,,,,,,147.2538492679596,5.0,230.0,2106.0,0.7308818101882935,0.9999993443489075,0.000999998634883215,0.001,False,128.0,128.0,,
train,,,,,,,147.3135530948639,5.0,231.0,2107.0,0.6988667845726013,0.9999993443489075,0.0009999992811724665,0.001,False,128.0,128.0,,
train,,,,,,,147.37687039375305,5.0,232.0,2108.0,0.6665312647819519,0.9999992251396179,0.0009999990575456081,0.001,False,128.0,128.0,,
train,,,,,,,147.44334745407104,5.0,233.0,2109.0,0.7473180294036865,0.9999992251396179,0.001000000686548305,0.001,False,128.0,128.0,,
train,,,,,,,147.5043079853058,5.0,234.0,2110.0,0.7233086824417114,0.9999992847442627,0.0009999998405308276,0.001,False,128.0,128.0,,
train,,,,,,,147.56309032440186,5.0,235.0,2111.0,0.7350260019302368,0.9999991655349731,0.001000001461954988,0.001,False,128.0,128.0,,
train,,,,,,,147.62759947776794,5.0,236.0,2112.0,0.7614048719406128,0.9999992251396179,0.0009999993325480727,0.001,False,128.0,128.0,,
train,,,,,,,147.6953866481781,5.0,237.0,2113.0,0.756305456161499,0.9999991059303284,0.0009999971383549261,0.001,False,128.0,128.0,,
train,,,,,,,147.7602400779724,5.0,238.0,2114.0,0.7036517858505249,0.9999991655349731,0.000999998964619849,0.001,False,128.0,128.0,,
train,,,,,,,147.81904888153076,5.0,239.0,2115.0,0.7576115131378174,0.9999992251396179,0.000999998686064565,0.001,False,128.0,128.0,,
train,,,,,,,147.88012957572937,5.0,240.0,2116.0,0.6763527989387512,0.9999992251396179,0.0009999998863275336,0.001,False,128.0,128.0,,
train,,,,,,,147.94130158424377,5.0,241.0,2117.0,0.7098692655563354,0.9999989867210388,0.0009999978614449899,0.001,False,128.0,128.0,,
train,,,,,,,148.00779390335083,5.0,242.0,2118.0,0.7068397998809814,0.9999992847442627,0.0010000004369425538,0.001,False,128.0,128.0,,
train,,,,,,,148.07468175888062,5.0,243.0,2119.0,0.7255149483680725,0.9999991655349731,0.000999999204983354,0.001,False,128.0,128.0,,
train,,,,,,,148.13719129562378,5.0,244.0,2120.0,0.7533197402954102,0.9999991059303284,0.0010000007191610834,0.001,False,128.0,128.0,,
train,,,,,,,148.2004792690277,5.0,245.0,2121.0,0.7669488191604614,0.9999992251396179,0.0010000001909172087,0.001,False,128.0,128.0,,
train,,,,,,,148.2647922039032,5.0,246.0,2122.0,0.723224401473999,0.9999992251396179,0.00099999918855204,0.001,False,128.0,128.0,,
train,,,,,,,148.33426117897034,5.0,247.0,2123.0,0.7591152191162109,0.9999991059303284,0.000999997859085761,0.001,False,128.0,128.0,,
train,,,,,,,148.39850664138794,5.0,248.0,2124.0,0.7682256102561951,0.9999990463256836,0.0009999993186425198,0.001,False,128.0,128.0,,
train,,,,,,,148.45710587501526,5.0,249.0,2125.0,0.8022210001945496,0.9999992251396179,0.0010000004918708123,0.001,False,128.0,128.0,,
train,,,,,,,148.52054738998413,5.0,250.0,2126.0,0.7287735342979431,0.9999992847442627,0.0009999982381721526,0.001,False,128.0,128.0,,
train,,,,,,,148.58643436431885,5.0,251.0,2127.0,0.7559798955917358,0.9999991059303284,0.0009999992432305667,0.001,False,128.0,128.0,,
train,,,,,,,148.65704703330994,5.0,252.0,2128.0,0.7598439455032349,0.9999992251396179,0.0009999988599812151,0.001,False,128.0,128.0,,
train,,,,,,,148.7209026813507,5.0,253.0,2129.0,0.7988405227661133,0.9999993443489075,0.0009999991445316602,0.001,False,128.0,128.0,,
train,,,,,,,148.78703045845032,5.0,254.0,2130.0,0.6851106882095337,0.9999992847442627,0.0010000006472186806,0.001,False,128.0,128.0,,
train,,,,,,,148.85284066200256,5.0,255.0,2131.0,0.652599036693573,0.9999991059303284,0.0010000003406862548,0.001,False,128.0,128.0,,
train,,,,,,,148.91842794418335,5.0,256.0,2132.0,0.7128555178642273,0.9999989867210388,0.0009999997499921215,0.001,False,128.0,128.0,,
train,,,,,,,148.98598647117615,5.0,257.0,2133.0,0.6815758943557739,0.9999994039535522,0.0009999997136323077,0.001,False,128.0,128.0,,
train,,,,,,,149.04755330085754,5.0,258.0,2134.0,0.8255324363708496,0.9999990463256836,0.0009999987815161103,0.001,False,128.0,128.0,,
train,,,,,,,149.11054682731628,5.0,259.0,2135.0,0.7372839450836182,0.9999992251396179,0.000999998189627564,0.001,False,128.0,128.0,,
train,,,,,,,149.1751000881195,5.0,260.0,2136.0,0.7360929250717163,0.9999992847442627,0.0010000004156262808,0.001,False,128.0,128.0,,
train,,,,,,,149.23727869987488,5.0,261.0,2137.0,0.8118358850479126,0.9999992847442627,0.0009999988276736878,0.001,False,128.0,128.0,,
train,,,,,,,149.3000123500824,5.0,262.0,2138.0,0.7709876298904419,0.9999992251396179,0.0010000011308591557,0.001,False,128.0,128.0,,
train,,,,,,,149.36312556266785,5.0,263.0,2139.0,0.8156701326370239,0.9999992251396179,0.0009999956688029345,0.001,False,128.0,128.0,,
train,,,,,,,149.42837023735046,5.0,264.0,2140.0,0.7266196012496948,0.9999991655349731,0.000999999399661097,0.001,False,128.0,128.0,,
train,,,,,,,149.48946285247803,5.0,265.0,2141.0,0.6999102830886841,0.9999992847442627,0.0009999971667767167,0.001,False,128.0,128.0,,
train,,,,,,,149.54768586158752,5.0,266.0,2142.0,0.7021211981773376,0.9999992847442627,0.0009999997127163734,0.001,False,128.0,128.0,,
train,,,,,,,149.60861587524414,5.0,267.0,2143.0,0.6782954335212708,0.9999991655349731,0.0009999994888120554,0.001,False,128.0,128.0,,
train,,,,,,,149.67056584358215,5.0,268.0,2144.0,0.8389264941215515,0.9999991655349731,0.001000000319036913,0.001,False,128.0,128.0,,
train,,,,,,,149.73612999916077,5.0,269.0,2145.0,0.7742782831192017,0.9999993443489075,0.0009999985355458694,0.001,False,128.0,128.0,,
train,,,,,,,149.8011314868927,5.0,270.0,2146.0,0.724603533744812,0.9999991655349731,0.0009999993721830603,0.001,False,128.0,128.0,,
train,,,,,,,149.86693382263184,5.0,271.0,2147.0,0.8433115482330322,0.9999991059303284,0.0010000000064536714,0.001,False,128.0,128.0,,
train,,,,,,,149.93216109275818,5.0,272.0,2148.0,0.7237486839294434,0.9999992251396179,0.0009999988112423675,0.001,False,128.0,128.0,,
train,,,,,,,149.99406480789185,5.0,273.0,2149.0,0.7635200023651123,0.9999993443489075,0.0010000002218924246,0.001,False,128.0,128.0,,
train,,,,,,,150.05376195907593,5.0,274.0,2150.0,0.6997716426849365,0.9999991655349731,0.0010000000210253484,0.001,False,128.0,128.0,,
train,,,,,,,150.12465000152588,5.0,275.0,2151.0,0.7842295169830322,0.9999989867210388,0.0009999982995120807,0.001,False,128.0,128.0,,
train,,,,,,,150.18738317489624,5.0,276.0,2152.0,0.7367888689041138,0.9999990463256836,0.0009999973869900531,0.001,False,128.0,128.0,,
train,,,,,,,150.2527678012848,5.0,277.0,2153.0,0.7565122842788696,0.9999990463256836,0.0009999996429110782,0.001,False,128.0,128.0,,
train,,,,,,,150.31676149368286,5.0,278.0,2154.0,0.6425226926803589,0.9999990463256836,0.0009668417548450827,0.001,False,128.0,128.0,,
train,,,,,,,150.3828010559082,5.0,279.0,2155.0,0.7139122486114502,0.9668406844139099,0.000999998761781872,0.001,False,128.0,128.0,,
train,,,,,,,150.45561575889587,5.0,280.0,2156.0,0.6563276052474976,0.9999991655349731,0.0010000000674604242,0.001,False,128.0,128.0,,
train,,,,,,,150.52304005622864,5.0,281.0,2157.0,0.8104419708251953,0.9999992251396179,0.0009999989784698956,0.001,False,128.0,128.0,,
train,,,,,,,150.58713698387146,5.0,282.0,2158.0,0.7984257936477661,0.9999991655349731,0.0009999973464112947,0.001,False,128.0,128.0,,
train,,,,,,,150.6562476158142,5.0,283.0,2159.0,0.8257966041564941,0.9999992847442627,0.0009999992408990966,0.001,False,128.0,128.0,,
train,,,,,,,150.72220063209534,5.0,284.0,2160.0,0.8261237740516663,0.9999992251396179,0.0010000002878951667,0.001,False,128.0,128.0,,
train,,,,,,,150.78544759750366,5.0,285.0,2161.0,0.7080759406089783,0.9999992847442627,0.0009999988879866226,0.001,False,128.0,128.0,,
train,,,,,,,150.8528265953064,5.0,286.0,2162.0,0.6998991370201111,0.9999990463256836,0.0009999964293642225,0.001,False,128.0,128.0,,
train,,,,,,,150.951495885849,5.0,287.0,2163.0,0.7222059965133667,0.9999991059303284,0.0010000001324084649,0.001,False,128.0,128.0,,
train,,,,,,,151.0237419605255,5.0,288.0,2164.0,0.7835334539413452,0.9999993443489075,0.0010000001730981324,0.001,False,128.0,128.0,,
train,,,,,,,151.0925087928772,5.0,289.0,2165.0,0.8065583109855652,0.9999992847442627,0.0009999986784040161,0.001,False,128.0,128.0,,
train,,,,,,,151.15431475639343,5.0,290.0,2166.0,0.6729775667190552,0.9999991655349731,0.000999999725733742,0.001,False,128.0,128.0,,
train,,,,,,,151.21831560134888,5.0,291.0,2167.0,0.7738066911697388,0.9999992251396179,0.0009999991648487589,0.001,False,128.0,128.0,,
train,,,,,,,151.28983855247498,5.0,292.0,2168.0,0.7044873237609863,0.9999992251396179,0.0009999977999662565,0.001,False,128.0,128.0,,
train,,,,,,,151.35726618766785,5.0,293.0,2169.0,0.7175256609916687,0.9999991655349731,0.0009999974519660233,0.001,False,128.0,128.0,,
train,,,,,,,151.42833709716797,5.0,294.0,2170.0,0.6686341762542725,0.9999989867210388,0.0009999987246726207,0.001,False,128.0,128.0,,
train,,,,,,,151.4902834892273,5.0,295.0,2171.0,0.6575789451599121,0.9999992251396179,0.0009999978825115166,0.001,False,128.0,128.0,,
train,,,,,,,151.55740880966187,5.0,296.0,2172.0,0.7923096418380737,0.9999991655349731,0.000999999118413641,0.001,False,128.0,128.0,,
train,,,,,,,151.6224558353424,5.0,297.0,2173.0,0.8300390243530273,0.9999992251396179,0.0009999974980959064,0.001,False,128.0,128.0,,
train,,,,,,,151.69464659690857,5.0,298.0,2174.0,0.758983850479126,0.9999991655349731,0.000999997813594274,0.001,False,128.0,128.0,,
train,,,,,,,151.76062893867493,5.0,299.0,2175.0,0.7693259716033936,0.9999992847442627,0.000999999508463013,0.001,False,128.0,128.0,,
train,,,,,,,151.8271062374115,5.0,300.0,2176.0,0.7080423831939697,0.9999992251396179,0.000999998903390984,0.001,False,128.0,128.0,,
train,,,,,,,151.89375948905945,5.0,301.0,2177.0,0.8193119764328003,0.9999991655349731,0.0010000009453133253,0.001,False,128.0,128.0,,
train,,,,,,,151.96200847625732,5.0,302.0,2178.0,0.6252123117446899,0.9999994039535522,0.0010000002744892274,0.001,False,128.0,128.0,,
train,,,,,,,152.02864813804626,5.0,303.0,2179.0,0.7515226602554321,0.9999990463256836,0.0010000002039068155,0.001,False,128.0,128.0,,
train,,,,,,,152.0888693332672,5.0,304.0,2180.0,0.730796754360199,0.9999992251396179,0.0009999983448092562,0.001,False,128.0,128.0,,
train,,,,,,,152.16030836105347,5.0,305.0,2181.0,0.7588485479354858,0.9999990463256836,0.001000000233272208,0.001,False,128.0,128.0,,
train,,,,,,,152.2258117198944,5.0,306.0,2182.0,0.646597146987915,0.999998927116394,0.0009999990026727818,0.001,False,128.0,128.0,,
train,,,,,,,152.30367636680603,5.0,307.0,2183.0,0.6551687717437744,0.9999991059303284,0.0009999992314066826,0.001,False,128.0,128.0,,
train,,,,,,,152.3768379688263,5.0,308.0,2184.0,0.797793984413147,0.9999991655349731,0.0009999980469913925,0.001,False,128.0,128.0,,
train,,,,,,,152.45278930664062,5.0,309.0,2185.0,0.7125271558761597,0.9999991059303284,0.001000000066905313,0.001,False,128.0,128.0,,
train,,,,,,,152.51548671722412,5.0,310.0,2186.0,0.7334513664245605,0.9999992251396179,0.0010000010532824066,0.001,False,128.0,128.0,,
train,,,,,,,152.5985472202301,5.0,311.0,2187.0,0.8688502311706543,0.9999991059303284,0.0010000023481888292,0.001,False,128.0,128.0,,
train,,,,,,,152.67231225967407,5.0,312.0,2188.0,0.7316219210624695,0.9999992847442627,0.0010000007153585723,0.001,False,128.0,128.0,,
train,,,,,,,152.7458791732788,5.0,313.0,2189.0,0.7359573841094971,0.9999992251396179,0.000999998366153329,0.001,False,128.0,128.0,,
train,,,,,,,152.81187796592712,5.0,314.0,2190.0,0.683752179145813,0.9999991059303284,0.000975117185870422,0.001,False,128.0,128.0,,
train,,,,,,,152.88249731063843,5.0,315.0,2191.0,0.7126107215881348,0.9751165509223938,0.000999999922964897,0.001,False,128.0,128.0,,
train,,,,,,,152.95034289360046,5.0,316.0,2192.0,0.770708441734314,0.9999992251396179,0.0010000008556351413,0.001,False,128.0,128.0,,
train,,,,,,,153.02010703086853,5.0,317.0,2193.0,0.7097673416137695,0.9999992251396179,0.0009999979845689792,0.001,False,128.0,128.0,,
train,,,,,,,153.08266639709473,5.0,318.0,2194.0,0.7928431034088135,0.9999993443489075,0.000999999193242736,0.001,False,128.0,128.0,,
train,,,,,,,153.14835238456726,5.0,319.0,2195.0,0.8313565850257874,0.9999991059303284,0.0009999996410792096,0.001,False,128.0,128.0,,
train,,,,,,,153.2140989303589,5.0,320.0,2196.0,0.6810795068740845,0.9999992847442627,0.000999997791223231,0.001,False,128.0,128.0,,
train,,,,,,,153.27548933029175,5.0,321.0,2197.0,0.7068783044815063,0.9999991059303284,0.0009999997456067394,0.001,False,128.0,128.0,,
train,,,,,,,153.35110211372375,5.0,322.0,2198.0,0.7199802994728088,0.9999991059303284,0.0009999984670727618,0.001,False,128.0,128.0,,
train,,,,,,,153.4189531803131,5.0,323.0,2199.0,0.7497867345809937,0.9999989867210388,0.0009999997239573846,0.001,False,128.0,128.0,,
train,,,,,,,153.4882824420929,5.0,324.0,2200.0,0.7008858919143677,0.9999992251396179,0.0009999984405939016,0.001,False,128.0,128.0,,
train,,,,,,,153.55295825004578,5.0,325.0,2201.0,0.6938440799713135,0.9999991655349731,0.000999999534914089,0.001,False,128.0,128.0,,
train,,,,,,,153.6210401058197,5.0,326.0,2202.0,0.7494546175003052,0.9999992251396179,0.0009999996214282547,0.001,False,128.0,128.0,,
train,,,,,,,153.68649458885193,5.0,327.0,2203.0,0.7852263450622559,0.9999991655349731,0.0010000008561347412,0.001,False,128.0,128.0,,
train,,,,,,,153.75249767303467,5.0,328.0,2204.0,0.6779752969741821,0.9999991059303284,0.0009999989229309305,0.001,False,128.0,128.0,,
train,,,,,,,153.8165090084076,5.0,329.0,2205.0,0.727587103843689,0.9999991655349731,0.000999999458225395,0.001,False,128.0,128.0,,
train,,,,,,,153.8784203529358,5.0,330.0,2206.0,0.816486120223999,0.9999991655349731,0.0009999990426130942,0.001,False,128.0,128.0,,
train,,,,,,,153.95927119255066,5.0,331.0,2207.0,0.7335572838783264,0.9999992251396179,0.0009999972235925393,0.001,False,128.0,128.0,,
train,,,,,,,154.03065085411072,5.0,332.0,2208.0,0.6447434425354004,0.9999991655349731,0.0010000008726492944,0.001,False,128.0,128.0,,
train,,,,,,,154.10995745658875,5.0,333.0,2209.0,0.7966655492782593,0.9999991655349731,0.001000000947311725,0.001,False,128.0,128.0,,
train,,,,,,,154.1800811290741,5.0,334.0,2210.0,0.720596194267273,0.9999994039535522,0.0009999993460372914,0.001,False,128.0,128.0,,
train,,,,,,,154.2601819038391,5.0,335.0,2211.0,0.6961737275123596,0.9999991059303284,0.0009999984215535468,0.001,False,128.0,128.0,,
train,,,,,,,154.330180644989,5.0,336.0,2212.0,0.696712851524353,0.9999991059303284,0.0009999972813520507,0.001,False,128.0,128.0,,
train,,,,,,,154.40288543701172,5.0,337.0,2213.0,0.7566666603088379,0.9999992847442627,0.0009999990866334783,0.001,False,128.0,128.0,,
train,,,,,,,154.46786093711853,5.0,338.0,2214.0,0.7579456567764282,0.9999991059303284,0.0009926879701752545,0.001,False,128.0,128.0,,
train,,,,,,,154.54066729545593,5.0,339.0,2215.0,0.68446946144104,0.9926870465278625,0.001000000667952082,0.001,False,128.0,128.0,,
train,,,,,,,154.61279606819153,5.0,340.0,2216.0,0.8329319953918457,0.9999992847442627,0.0009999973494644163,0.001,False,128.0,128.0,,
train,,,,,,,154.67951846122742,5.0,341.0,2217.0,0.6932983994483948,0.9999992847442627,0.0009999988202629405,0.001,False,128.0,128.0,,
train,,,,,,,154.7551724910736,5.0,342.0,2218.0,0.7097992897033691,0.9999990463256836,0.0010000013940927026,0.001,False,128.0,128.0,,
train,,,,,,,154.8183012008667,5.0,343.0,2219.0,0.707076907157898,0.9999992847442627,0.0009264024901326964,0.001,False,128.0,128.0,,
train,,,,,,,154.91061329841614,5.0,344.0,2220.0,0.7666150331497192,0.9264013767242432,0.000999998584451264,0.001,False,128.0,128.0,,
train,,,,,,,154.97574710845947,5.0,345.0,2221.0,0.6989753246307373,0.9999991059303284,0.0009999997811893958,0.001,False,128.0,128.0,,
train,,,,,,,155.05298042297363,5.0,346.0,2222.0,0.7616862058639526,0.9999992251396179,0.0010000007415043055,0.001,False,128.0,128.0,,
train,,,,,,,155.12012147903442,5.0,347.0,2223.0,0.7685741782188416,0.9999991655349731,0.0009999994884234771,0.001,False,128.0,128.0,,
train,,,,,,,155.1991090774536,5.0,348.0,2224.0,0.7147033214569092,0.9999991655349731,0.0009999999195509609,0.001,False,128.0,128.0,,
train,,,,,,,155.26870346069336,5.0,349.0,2225.0,0.7033467888832092,0.9999992251396179,0.000999999597447428,0.001,False,128.0,128.0,,
train,,,,,,,155.34678864479065,5.0,350.0,2226.0,0.7527585029602051,0.9999992251396179,0.0009999996824627867,0.001,False,128.0,128.0,,
train,,,,,,,155.4159598350525,5.0,351.0,2227.0,0.7106562256813049,0.9999991059303284,0.0009999995256159669,0.001,False,128.0,128.0,,
train,,,,,,,155.4918134212494,5.0,352.0,2228.0,0.656519889831543,0.9999991059303284,0.0010000000107835412,0.001,False,128.0,128.0,,
train,,,,,,,155.56218910217285,5.0,353.0,2229.0,0.7207812070846558,0.9999992251396179,0.0009999997362253525,0.001,False,128.0,128.0,,
train,,,,,,,155.6370074748993,5.0,354.0,2230.0,0.7743646502494812,0.9999991059303284,0.000999998187407114,0.001,False,128.0,128.0,,
train,,,,,,,155.7150444984436,5.0,355.0,2231.0,0.6540380120277405,0.9999994039535522,0.0009661635462712984,0.001,False,128.0,128.0,,
train,,,,,,,155.78226351737976,5.0,356.0,2232.0,0.7648667097091675,0.9661641716957092,0.0009999983797813387,0.001,False,128.0,128.0,,
train,,,,,,,155.85772061347961,5.0,357.0,2233.0,0.6859780550003052,0.9999992251396179,0.0010000002572530195,0.001,False,128.0,128.0,,
train,,,,,,,155.92631220817566,5.0,358.0,2234.0,0.7315895557403564,0.9999991059303284,0.0009999982084458782,0.001,False,128.0,128.0,,
train,,,,,,,155.99568462371826,5.0,359.0,2235.0,0.6961743831634521,0.9999991059303284,0.0009999993892249944,0.001,False,128.0,128.0,,
train,,,,,,,156.06102395057678,5.0,360.0,2236.0,0.6948195695877075,0.9999992251396179,0.0010000001347676883,0.001,False,128.0,128.0,,
train,,,,,,,156.1389183998108,5.0,361.0,2237.0,0.7699108123779297,0.9999991059303284,0.0009999976053159576,0.001,False,128.0,128.0,,
train,,,,,,,156.20513272285461,5.0,362.0,2238.0,0.7804884314537048,0.9999991655349731,0.0009999968181101271,0.001,False,128.0,128.0,,
train,,,,,,,156.27740359306335,5.0,363.0,2239.0,0.7086731195449829,0.9999993443489075,0.0009999974732823596,0.001,False,128.0,128.0,,
train,,,,,,,156.34849858283997,5.0,364.0,2240.0,0.7400525212287903,0.9999992847442627,0.001000000479852654,0.001,False,128.0,128.0,,
train,,,,,,,156.4219524860382,5.0,365.0,2241.0,0.7460463047027588,0.9999992251396179,0.001000000166520062,0.001,False,128.0,128.0,,
train,,,,,,,156.49100422859192,5.0,366.0,2242.0,0.6800051331520081,0.9999991655349731,0.0010000005751652503,0.001,False,128.0,128.0,,
train,,,,,,,156.56231307983398,5.0,367.0,2243.0,0.7123149633407593,0.9999991655349731,0.0010000002721855152,0.001,False,128.0,128.0,,
train,,,,,,,156.63542366027832,5.0,368.0,2244.0,0.773624062538147,0.9999991655349731,0.001000000380543247,0.001,False,128.0,128.0,,
train,,,,,,,156.7056291103363,5.0,369.0,2245.0,0.7533262968063354,0.9999989867210388,0.000999999478153909,0.001,False,128.0,128.0,,
train,,,,,,,156.78255224227905,5.0,370.0,2246.0,0.654285192489624,0.9999991059303284,0.0009682148708304905,0.001,False,128.0,128.0,,
train,,,,,,,156.85166478157043,5.0,371.0,2247.0,0.7881022691726685,0.9682140350341797,0.0009999984050111975,0.001,False,128.0,128.0,,
train,,,,,,,156.92773818969727,5.0,372.0,2248.0,0.7238543629646301,0.9999991655349731,0.0009999989193782129,0.001,False,128.0,128.0,,
train,,,,,,,156.99112701416016,5.0,373.0,2249.0,0.6999375820159912,0.9999991059303284,0.0009999983188577497,0.001,False,128.0,128.0,,
train,,,,,,,157.06156182289124,5.0,374.0,2250.0,0.743890643119812,0.9999991655349731,0.0009999977611361201,0.001,False,128.0,128.0,,
train,,,,,,,157.12512636184692,5.0,375.0,2251.0,0.7135634422302246,0.9999991059303284,0.0010000006334796795,0.001,False,128.0,128.0,,
train,,,,,,,157.1996009349823,5.0,376.0,2252.0,0.761252760887146,0.9999991655349731,0.000999997283156168,0.001,False,128.0,128.0,,
train,,,,,,,157.26953411102295,5.0,377.0,2253.0,0.801872968673706,0.9999990463256836,0.0009999970245012227,0.001,False,128.0,128.0,,
train,,,,,,,157.34127926826477,5.0,378.0,2254.0,0.7357674837112427,0.9999992847442627,0.000999999925712699,0.001,False,128.0,128.0,,
train,,,,,,,157.41288948059082,5.0,379.0,2255.0,0.7126123309135437,0.9999992251396179,0.0009999996773280037,0.001,False,128.0,128.0,,
train,,,,,,,157.48298978805542,5.0,380.0,2256.0,0.6841994524002075,0.9999991655349731,0.0009999988255920173,0.001,False,128.0,128.0,,
train,,,,,,,157.55084562301636,5.0,381.0,2257.0,0.761083722114563,0.9999991059303284,0.0009999999293764353,0.001,False,128.0,128.0,,
train,,,,,,,157.62195205688477,5.0,382.0,2258.0,0.6965476870536804,0.9999991059303284,0.000999999026514845,0.001,False,128.0,128.0,,
train,,,,,,,157.70300006866455,5.0,383.0,2259.0,0.7605565786361694,0.9999991655349731,0.0009999978565599981,0.001,False,128.0,128.0,,
train,,,,,,,157.77897715568542,5.0,384.0,2260.0,0.7295672297477722,0.9999992251396179,0.0009999976614101086,0.001,False,128.0,128.0,,
train,,,,,,,157.8522870540619,5.0,385.0,2261.0,0.6574837565422058,0.9999991655349731,0.00099999830148273,0.001,False,128.0,128.0,,
train,,,,,,,157.94061088562012,5.0,386.0,2262.0,0.8167888522148132,0.9999991059303284,0.0009999981377800536,0.001,False,128.0,128.0,,
train,,,,,,,158.01849961280823,5.0,387.0,2263.0,0.7642349600791931,0.9999992251396179,0.000999997221843933,0.001,False,128.0,128.0,,
train,,,,,,,158.09684586524963,5.0,388.0,2264.0,0.6938873529434204,0.9999991655349731,0.0009999974376718654,0.001,False,128.0,128.0,,
train,,,,,,,158.1790280342102,5.0,389.0,2265.0,0.6681248545646667,0.9999992251396179,0.0009999987834312474,0.001,False,128.0,128.0,,
train,,,,,,,158.25486373901367,5.0,390.0,2266.0,0.7729057669639587,0.9999991655349731,0.0010000019064042719,0.001,False,128.0,128.0,,
train,,,,,,,158.32304739952087,5.0,391.0,2267.0,0.6773751974105835,0.9999991655349731,0.00099999830794979,0.001,False,128.0,128.0,,
train,,,,,,,158.39580464363098,5.0,392.0,2268.0,0.6678941249847412,0.9999991655349731,0.000999999731728948,0.001,False,128.0,128.0,,
train,,,,,,,158.4668984413147,5.0,393.0,2269.0,0.647124171257019,0.9999989867210388,0.0010000007309849501,0.001,False,128.0,128.0,,
train,,,,,,,158.53415727615356,5.0,394.0,2270.0,0.68955397605896,0.9999990463256836,0.000999997945044959,0.001,False,128.0,128.0,,
train,,,,,,,158.6092483997345,5.0,395.0,2271.0,0.7214925289154053,0.9999992847442627,0.0009999984930797756,0.001,False,128.0,128.0,,
train,,,,,,,158.6764669418335,5.0,396.0,2272.0,0.6650747060775757,0.9999992847442627,0.0010000009251072853,0.001,False,128.0,128.0,,
train,,,,,,,158.74926948547363,5.0,397.0,2273.0,0.780039370059967,0.9999991059303284,0.00099999818502013,0.001,False,128.0,128.0,,
train,,,,,,,158.81477737426758,5.0,398.0,2274.0,0.7228943109512329,0.9999990463256836,0.0009896323239523693,0.001,False,128.0,128.0,,
train,,,,,,,158.88816165924072,5.0,399.0,2275.0,0.678885281085968,0.9896315336227417,0.0009999990205196347,0.001,False,128.0,128.0,,
train,,,,,,,158.95659494400024,5.0,400.0,2276.0,0.7815696001052856,0.9999991059303284,0.0009999981344493783,0.001,False,128.0,128.0,,
train,,,,,,,159.02831435203552,5.0,401.0,2277.0,0.8054155111312866,0.9999991059303284,0.000999999604774903,0.001,False,128.0,128.0,,
train,,,,,,,159.0941505432129,5.0,402.0,2278.0,0.7270559072494507,0.9999991059303284,0.000999997780065465,0.001,False,128.0,128.0,,
train,,,,,,,159.17029285430908,5.0,403.0,2279.0,0.6938807964324951,0.9999992251396179,0.0009999988254809947,0.001,False,128.0,128.0,,
train,,,,,,,159.24276685714722,5.0,404.0,2280.0,0.6525166630744934,0.9999992251396179,0.000999998662361272,0.001,False,128.0,128.0,,
train,,,,,,,159.3125445842743,5.0,405.0,2281.0,0.646172046661377,0.9999993443489075,0.0010000018016826792,0.001,False,128.0,128.0,,
train,,,,,,,159.38188552856445,5.0,406.0,2282.0,0.7249518632888794,0.9999991059303284,0.0009999987775470582,0.001,False,128.0,128.0,,
train,,,,,,,159.45484566688538,5.0,407.0,2283.0,0.7207211256027222,0.9999992251396179,0.0009999985523935283,0.001,False,128.0,128.0,,
train,,,,,,,159.53135418891907,5.0,408.0,2284.0,0.7381958961486816,0.9999991655349731,0.0009999990022286922,0.001,False,128.0,128.0,,
train,,,,,,,159.61030173301697,5.0,409.0,2285.0,0.6861239075660706,0.9999992251396179,0.0009999993093443957,0.001,False,128.0,128.0,,
train,,,,,,,159.68169140815735,5.0,410.0,2286.0,0.6938660144805908,0.9999992847442627,0.000999998412643993,0.001,False,128.0,128.0,,
train,,,,,,,159.75168561935425,5.0,411.0,2287.0,0.6646665334701538,0.9999992251396179,0.0009862855732768719,0.001,False,128.0,128.0,,
train,,,,,,,159.831152677536,5.0,412.0,2288.0,0.6427121162414551,0.9862836599349976,0.0010000012087134542,0.001,False,128.0,128.0,,
train,,,,,,,159.91241669654846,5.0,413.0,2289.0,0.6801366806030273,0.9999991655349731,0.0010000005760811839,0.001,False,128.0,128.0,,
train,,,,,,,159.98536729812622,5.0,414.0,2290.0,0.7389168739318848,0.9999990463256836,0.000999998205281737,0.001,False,128.0,128.0,,
train,,,,,,,160.05889987945557,5.0,415.0,2291.0,0.6693222522735596,0.9999991655349731,0.001000000102543469,0.001,False,128.0,128.0,,
train,,,,,,,160.12395000457764,5.0,416.0,2292.0,0.7397404909133911,0.9999991655349731,0.0009999968383717615,0.001,False,128.0,128.0,,
train,,,,,,,160.19978022575378,5.0,417.0,2293.0,0.7324899435043335,0.9999991655349731,0.001000000904817978,0.001,False,128.0,128.0,,
train,,,,,,,160.27045893669128,5.0,418.0,2294.0,0.6546388864517212,0.9999991655349731,0.0009999994515640532,0.001,False,128.0,128.0,,
train,,,,,,,160.34631085395813,5.0,419.0,2295.0,0.6633723378181458,0.9999991655349731,0.0009999992460061264,0.001,False,128.0,128.0,,
train,,,,,,,160.41334295272827,5.0,420.0,2296.0,0.8419833183288574,0.9999992847442627,0.00099999872214686,0.001,False,128.0,128.0,,
train,,,,,,,160.47975397109985,5.0,421.0,2297.0,0.6869629621505737,0.9999991655349731,0.000999996368829094,0.001,False,128.0,128.0,,
train,,,,,,,160.5493402481079,5.0,422.0,2298.0,0.6851882934570312,0.9999992251396179,0.000999998598495605,0.001,False,128.0,128.0,,
train,,,,,,,160.6223967075348,5.0,423.0,2299.0,0.6837642192840576,0.9999992251396179,0.0009999978306362346,0.001,False,128.0,128.0,,
train,,,,,,,160.69347739219666,5.0,424.0,2300.0,0.7781855463981628,0.9999991655349731,0.000999999633085601,0.001,False,128.0,128.0,,
train,,,,,,,160.75886607170105,5.0,425.0,2301.0,0.6317582130432129,0.9999994039535522,0.0010000021281431181,0.001,False,128.0,128.0,,
train,,,,,,,160.82689809799194,5.0,426.0,2302.0,0.7578539848327637,0.9999992847442627,0.0009999978013817941,0.001,False,128.0,128.0,,
train,,,,,,,160.89180779457092,5.0,427.0,2303.0,0.7308027148246765,0.9999992251396179,0.0010000001387367352,0.001,False,128.0,128.0,,
train,,,,,,,160.96062707901,5.0,428.0,2304.0,0.764103889465332,0.9999992847442627,0.0009999990964867167,0.001,False,128.0,128.0,,
train,,,,,,,161.0264060497284,5.0,429.0,2305.0,0.6820765733718872,0.9999992251396179,0.0009999999017041242,0.001,False,128.0,128.0,,
train,,,,,,,161.09845161437988,5.0,430.0,2306.0,0.6919006109237671,0.9999989867210388,0.0009999976300184787,0.001,False,128.0,128.0,,
train,,,,,,,161.16844511032104,5.0,431.0,2307.0,0.7546358108520508,0.9999990463256836,0.0010000011779325577,0.001,False,128.0,128.0,,
train,,,,,,,161.23871517181396,5.0,432.0,2308.0,0.7058120965957642,0.9999990463256836,0.0009999991511930042,0.001,False,128.0,128.0,,
train,,,,,,,161.30809330940247,5.0,433.0,2309.0,0.7486507296562195,0.9999990463256836,0.0010000010633299144,0.001,False,128.0,128.0,,
train,,,,,,,161.38021326065063,5.0,434.0,2310.0,0.6978706121444702,0.9999991655349731,0.0009999990718674986,0.001,False,128.0,128.0,,
train,,,,,,,161.45113587379456,5.0,435.0,2311.0,0.645334780216217,0.9999991655349731,0.0009867040027897122,0.001,False,128.0,128.0,,
train,,,,,,,161.52851366996765,5.0,436.0,2312.0,0.6057388782501221,0.986703097820282,0.0009651814982414309,0.001,False,128.0,128.0,,
train,,,,,,,161.59950399398804,5.0,437.0,2313.0,0.6929001808166504,0.9651846885681152,0.0009999991244921172,0.001,False,128.0,128.0,,
train,,,,,,,161.67325067520142,5.0,438.0,2314.0,0.6029772162437439,0.9999990463256836,0.0009999983115302653,0.001,False,128.0,128.0,,
train,,,,,,,161.74104928970337,5.0,439.0,2315.0,0.6217911243438721,0.9999991059303284,0.0009483530807313028,0.001,False,128.0,128.0,,
train,,,,,,,161.81979751586914,5.0,440.0,2316.0,0.7071714401245117,0.9483510255813599,0.0009440544043839693,0.001,False,128.0,128.0,,
train,,,,,,,161.89063048362732,5.0,441.0,2317.0,0.7050715088844299,0.9440545439720154,0.0009999976898041286,0.001,False,128.0,128.0,,
train,,,,,,,161.96098279953003,5.0,442.0,2318.0,0.6753755807876587,0.9999991059303284,0.0009999988644776236,0.001,False,128.0,128.0,,
train,,,,,,,162.0287184715271,5.0,443.0,2319.0,0.6520724296569824,0.9999993443489075,0.000999999412595203,0.001,False,128.0,128.0,,
train,,,,,,,162.09918856620789,5.0,444.0,2320.0,0.652062177658081,0.9999991059303284,0.0009999973030014584,0.001,False,128.0,128.0,,
train,,,,,,,162.16797852516174,5.0,445.0,2321.0,0.7033993601799011,0.9999991655349731,0.0009999991431993915,0.001,False,128.0,128.0,,
train,,,,,,,162.23957586288452,5.0,446.0,2322.0,0.738438606262207,0.9999991655349731,0.0009999981784142911,0.001,False,128.0,128.0,,
train,,,,,,,162.30870866775513,5.0,447.0,2323.0,0.7034882307052612,0.9999992251396179,0.0010000016646813954,0.001,False,128.0,128.0,,
train,,,,,,,162.3759250640869,5.0,448.0,2324.0,0.7434755563735962,0.9999989867210388,0.0009999981849091075,0.001,False,128.0,128.0,,
train,,,,,,,162.4442343711853,5.0,449.0,2325.0,0.7233738899230957,0.9999989867210388,0.0009999973881280348,0.001,False,128.0,128.0,,
train,,,,,,,162.51014804840088,5.0,450.0,2326.0,0.6700424551963806,0.9999992251396179,0.00099999943074736,0.001,False,128.0,128.0,,
train,,,,,,,162.577481508255,5.0,451.0,2327.0,0.765272319316864,0.9999992847442627,0.000999998230289555,0.001,False,128.0,128.0,,
train,,,,,,,162.63826870918274,5.0,452.0,2328.0,0.7018077373504639,0.9999991655349731,0.0009999985246934232,0.001,False,128.0,128.0,,
train,,,,,,,162.71179819107056,5.0,453.0,2329.0,0.7474095225334167,0.9999991059303284,0.0009626382258848504,0.001,False,128.0,128.0,,
train,,,,,,,162.7786991596222,5.0,454.0,2330.0,0.6974047422409058,0.9626377820968628,0.0009999994566155708,0.001,False,128.0,128.0,,
train,,,,,,,162.8567099571228,5.0,455.0,2331.0,0.6870595812797546,0.9999991655349731,0.0010000004543175363,0.001,False,128.0,128.0,,
train,,,,,,,162.92122435569763,5.0,456.0,2332.0,0.6061548590660095,0.9999992847442627,0.0009999983227435367,0.001,False,128.0,128.0,,
train,,,,,,,162.9955439567566,5.0,457.0,2333.0,0.6537339091300964,0.9999990463256836,0.0009735994587043619,0.001,False,128.0,128.0,,
train,,,,,,,163.06138586997986,5.0,458.0,2334.0,0.7583810091018677,0.9736002087593079,0.0010000013333635858,0.001,False,128.0,128.0,,
train,,,,,,,163.13379096984863,5.0,459.0,2335.0,0.6444219946861267,0.9999991655349731,0.000999998602880992,0.001,False,128.0,128.0,,
train,,,,,,,163.20335364341736,5.0,460.0,2336.0,0.6972976922988892,0.9999989867210388,0.0009999979026343515,0.001,False,128.0,128.0,,
train,,,,,,,163.2745406627655,5.0,461.0,2337.0,0.766569972038269,0.9999991059303284,0.0009999980578438436,0.001,False,128.0,128.0,,
train,,,,,,,163.34770154953003,5.0,462.0,2338.0,0.6982118487358093,0.9999992251396179,0.0009999982774186048,0.001,False,128.0,128.0,,
train,,,,,,,163.43052697181702,5.0,463.0,2339.0,0.7137427926063538,0.9999992251396179,0.001000001993695387,0.001,False,128.0,128.0,,
train,,,,,,,163.50099778175354,5.0,464.0,2340.0,0.6990312337875366,0.9999991059303284,0.0009999995187325809,0.001,False,128.0,128.0,,
train,,,,,,,163.57215332984924,5.0,465.0,2341.0,0.6973376870155334,0.9999991655349731,0.0009999988957304366,0.001,False,128.0,128.0,,
train,,,,,,,163.63670444488525,5.0,466.0,2342.0,0.7807205319404602,0.9999991059303284,0.0009999997416099355,0.001,False,128.0,128.0,,
train,,,,,,,163.7037329673767,5.0,467.0,2343.0,0.6800501346588135,0.9999992847442627,0.0009999996319753775,0.001,False,128.0,128.0,,
train,,,,,,,163.76973819732666,5.0,468.0,2344.0,0.7049356698989868,0.9999991655349731,0.0010000007591290827,0.001,False,128.0,128.0,,
train,,,,,,,163.8281650543213,5.0,469.0,2345.0,0.7963752150535583,0.9999992251396179,0.0009999987767143898,0.001,False,128.0,128.0,,
eval,,,,,,,167.91080379486084,5.0,,2345.0,,,,,False,128.0,128.0,0.6725189692974091,0.8577
train,,,,,,,167.98910212516785,6.0,1.0,2346.0,0.807887613773346,0.9999992847442627,0.000999999141700589,0.001,False,128.0,128.0,,
train,,,,,,,168.05599641799927,6.0,2.0,2347.0,0.7491942048072815,0.9999989867210388,0.0009999968199975121,0.001,False,128.0,128.0,,
train,,,,,,,168.12741613388062,6.0,3.0,2348.0,0.6839414238929749,0.9999990463256836,0.0010000003173715791,0.001,False,128.0,128.0,,
train,,,,,,,168.19351983070374,6.0,4.0,2349.0,0.7186991572380066,0.9999990463256836,0.0009999983370654376,0.001,False,128.0,128.0,,
train,,,,,,,168.26207518577576,6.0,5.0,2350.0,0.6951656341552734,0.9999992251396179,0.0009999980460754568,0.001,False,128.0,128.0,,
train,,,,,,,168.3286955356598,6.0,6.0,2351.0,0.7037326097488403,0.9999991655349731,0.0009999993685470777,0.001,False,128.0,128.0,,
train,,,,,,,168.39279556274414,6.0,7.0,2352.0,0.6623855829238892,0.9999991655349731,0.0009999997677556942,0.001,False,128.0,128.0,,
train,,,,,,,168.4721622467041,6.0,8.0,2353.0,0.7629263401031494,0.9999991655349731,0.0009999991414785443,0.001,False,128.0,128.0,,
train,,,,,,,168.5398552417755,6.0,9.0,2354.0,0.7491182088851929,0.9999990463256836,0.0009999985305637362,0.001,False,128.0,128.0,,
train,,,,,,,168.61653876304626,6.0,10.0,2355.0,0.6336207389831543,0.9999991059303284,0.0009999991990991672,0.001,False,128.0,128.0,,
train,,,,,,,168.69729781150818,6.0,11.0,2356.0,0.6537144184112549,0.9999991655349731,0.0009999995249775884,0.001,False,128.0,128.0,,
train,,,,,,,168.76884198188782,6.0,12.0,2357.0,0.7025454044342041,0.9999991655349731,0.0009999978734354241,0.001,False,128.0,128.0,,
train,,,,,,,168.83651638031006,6.0,13.0,2358.0,0.5977315902709961,0.9999992251396179,0.000937296735623866,0.001,False,128.0,128.0,,
train,,,,,,,168.9012849330902,6.0,14.0,2359.0,0.6003519296646118,0.9372959733009338,0.001000000938374438,0.001,False,128.0,128.0,,
train,,,,,,,168.96776604652405,6.0,15.0,2360.0,0.7062845230102539,0.9999989867210388,0.0009999971723278474,0.001,False,128.0,128.0,,
train,,,,,,,169.0419647693634,6.0,16.0,2361.0,0.6992847919464111,0.9999991059303284,0.0009999996280895954,0.001,False,128.0,128.0,,
train,,,,,,,169.1069688796997,6.0,17.0,2362.0,0.7777888774871826,0.9999992251396179,0.00099999933943146,0.001,False,128.0,128.0,,
train,,,,,,,169.173006772995,6.0,18.0,2363.0,0.7078685760498047,0.9999993443489075,0.00099999897408451,0.001,False,128.0,128.0,,
train,,,,,,,169.23618721961975,6.0,19.0,2364.0,0.6602482199668884,0.9999991059303284,0.0009999976488368034,0.001,False,128.0,128.0,,
train,,,,,,,169.30812239646912,6.0,20.0,2365.0,0.7422766089439392,0.9999991059303284,0.001000000003345047,0.001,False,128.0,128.0,,
train,,,,,,,169.3740358352661,6.0,21.0,2366.0,0.5853177309036255,0.9999992251396179,0.0009999984685160539,0.001,False,128.0,128.0,,
train,,,,,,,169.44835352897644,6.0,22.0,2367.0,0.7341867685317993,0.9999992251396179,0.0009999984044560851,0.001,False,128.0,128.0,,
train,,,,,,,169.52877616882324,6.0,23.0,2368.0,0.7433857321739197,0.9999990463256836,0.00099999940776573,0.001,False,128.0,128.0,,
train,,,,,,,169.61991262435913,6.0,24.0,2369.0,0.7306623458862305,0.9999992847442627,0.0010000001980226348,0.001,False,128.0,128.0,,
train,,,,,,,169.68578147888184,6.0,25.0,2370.0,0.6475171446800232,0.9999991059303284,0.000999997874878717,0.001,False,128.0,128.0,,
train,,,,,,,169.75074243545532,6.0,26.0,2371.0,0.6822100877761841,0.9999990463256836,0.0010000006124132107,0.001,False,128.0,128.0,,
train,,,,,,,169.81594491004944,6.0,27.0,2372.0,0.6270546317100525,0.9999991655349731,0.0010000010140360633,0.001,False,128.0,128.0,,
train,,,,,,,169.8846161365509,6.0,28.0,2373.0,0.6658227443695068,0.9999991059303284,0.0009810119705026012,0.001,False,128.0,128.0,,
train,,,,,,,169.95118761062622,6.0,29.0,2374.0,0.6009257435798645,0.9810110926628113,0.0009999982979300103,0.001,False,128.0,128.0,,
train,,,,,,,170.0224540233612,6.0,30.0,2375.0,0.6383078098297119,0.9999989867210388,0.0009919435976725598,0.001,False,128.0,128.0,,
train,,,,,,,170.0878551006317,6.0,31.0,2376.0,0.5564078092575073,0.991940438747406,0.000999997469563103,0.001,False,128.0,128.0,,
train,,,,,,,170.15338444709778,6.0,32.0,2377.0,0.7029925584793091,0.9999991655349731,0.0009959878353819585,0.001,False,128.0,128.0,,
train,,,,,,,170.22341990470886,6.0,33.0,2378.0,0.6724415421485901,0.9959893226623535,0.0009999992240236938,0.001,False,128.0,128.0,,
train,,,,,,,170.2953429222107,6.0,34.0,2379.0,0.7637335062026978,0.9999992251396179,0.0009999986522443512,0.001,False,128.0,128.0,,
train,,,,,,,170.36376070976257,6.0,35.0,2380.0,0.6855838894844055,0.9999991655349731,0.0009999989875737335,0.001,False,128.0,128.0,,
train,,,,,,,170.43369483947754,6.0,36.0,2381.0,0.6193481683731079,0.9999990463256836,0.0009999980303657702,0.001,False,128.0,128.0,,
train,,,,,,,170.4987325668335,6.0,37.0,2382.0,0.6745586395263672,0.9999992251396179,0.0010000003248655822,0.001,False,128.0,128.0,,
train,,,,,,,170.56606912612915,6.0,38.0,2383.0,0.7267154455184937,0.9999991059303284,0.0009999991913275997,0.001,False,128.0,128.0,,
train,,,,,,,170.63435864448547,6.0,39.0,2384.0,0.7720130681991577,0.9999992251396179,0.0009999988847392166,0.001,False,128.0,128.0,,
train,,,,,,,170.70340180397034,6.0,40.0,2385.0,0.6646229028701782,0.9999992251396179,0.0010000012233128692,0.001,False,128.0,128.0,,
train,,,,,,,170.7766900062561,6.0,41.0,2386.0,0.6370536088943481,0.9999991655349731,0.0010000005633413818,0.001,False,128.0,128.0,,
train,,,,,,,170.84426140785217,6.0,42.0,2387.0,0.6562227606773376,0.9999991655349731,0.0009901819886615737,0.001,False,128.0,128.0,,
train,,,,,,,170.9213945865631,6.0,43.0,2388.0,0.6742305755615234,0.9901830554008484,0.0009999993134799793,0.001,False,128.0,128.0,,
train,,,,,,,171.00923109054565,6.0,44.0,2389.0,0.6679918766021729,0.9999991059303284,0.001000002209550045,0.001,False,128.0,128.0,,
train,,,,,,,171.08045434951782,6.0,45.0,2390.0,0.6524906158447266,0.9999992251396179,0.000999999184888301,0.001,False,128.0,128.0,,
train,,,,,,,171.15158247947693,6.0,46.0,2391.0,0.6496284604072571,0.9999992847442627,0.0009999972216773992,0.001,False,128.0,128.0,,
train,,,,,,,171.22432661056519,6.0,47.0,2392.0,0.6964356303215027,0.9999990463256836,0.0009999990403093792,0.001,False,128.0,128.0,,
train,,,,,,,171.29534769058228,6.0,48.0,2393.0,0.6291128993034363,0.999998927116394,0.0009999997778032147,0.001,False,128.0,128.0,,
train,,,,,,,171.36617922782898,6.0,49.0,2394.0,0.6546995639801025,0.9999990463256836,0.001000000352066037,0.001,False,128.0,128.0,,
train,,,,,,,171.44070887565613,6.0,50.0,2395.0,0.6981645226478577,0.9999991655349731,0.0010000007708696823,0.001,False,128.0,128.0,,
train,,,,,,,171.5109407901764,6.0,51.0,2396.0,0.7255756855010986,0.9999991655349731,0.0010000000175003903,0.001,False,128.0,128.0,,
train,,,,,,,171.57882285118103,6.0,52.0,2397.0,0.8046656250953674,0.9999992251396179,0.0010000010774574872,0.001,False,128.0,128.0,,
train,,,,,,,171.65159440040588,6.0,53.0,2398.0,0.7340683937072754,0.9999993443489075,0.0009999992833096476,0.001,False,128.0,128.0,,
train,,,,,,,171.7268841266632,6.0,54.0,2399.0,0.5886516571044922,0.9999992847442627,0.0009999981853809532,0.001,False,128.0,128.0,,
train,,,,,,,171.80304503440857,6.0,55.0,2400.0,0.6884996294975281,0.9999991655349731,0.0009999997115228833,0.001,False,128.0,128.0,,
train,,,,,,,171.8770616054535,6.0,56.0,2401.0,0.666688084602356,0.9999992251396179,0.000999998885904952,0.001,False,128.0,128.0,,
train,,,,,,,171.94529271125793,6.0,57.0,2402.0,0.6829178929328918,0.9999989867210388,0.0009999988383318412,0.001,False,128.0,128.0,,
train,,,,,,,172.017817735672,6.0,58.0,2403.0,0.6609309911727905,0.9999992251396179,0.0010000001399024692,0.001,False,128.0,128.0,,
train,,,,,,,172.08864283561707,6.0,59.0,2404.0,0.6393306851387024,0.9999991059303284,0.0009999981618441821,0.001,False,128.0,128.0,,
train,,,,,,,172.1777892112732,6.0,60.0,2405.0,0.7179513573646545,0.9999991655349731,0.0009999991947970495,0.001,False,128.0,128.0,,
train,,,,,,,172.2485008239746,6.0,61.0,2406.0,0.8025910258293152,0.9999992847442627,0.0010000000540267265,0.001,False,128.0,128.0,,
train,,,,,,,172.3214075565338,6.0,62.0,2407.0,0.6254644989967346,0.9999992251396179,0.0010000005687259604,0.001,False,128.0,128.0,,
train,,,,,,,172.3857114315033,6.0,63.0,2408.0,0.6465471386909485,0.9999989867210388,0.001000002272638327,0.001,False,128.0,128.0,,
train,,,,,,,172.464359998703,6.0,64.0,2409.0,0.6280239224433899,0.9999992251396179,0.0009999981962889141,0.001,False,128.0,128.0,,
train,,,,,,,172.5386130809784,6.0,65.0,2410.0,0.6156567931175232,0.9999991655349731,0.0009999985569732047,0.001,False,128.0,128.0,,
train,,,,,,,172.6167013645172,6.0,66.0,2411.0,0.6808664202690125,0.9999991059303284,0.0009999997014753619,0.001,False,128.0,128.0,,
train,,,,,,,172.69726181030273,6.0,67.0,2412.0,0.6963608264923096,0.9999991655349731,0.0009999995708575755,0.001,False,128.0,128.0,,
train,,,,,,,172.76872181892395,6.0,68.0,2413.0,0.6029550433158875,0.9999991059303284,0.0009999991997653014,0.001,False,128.0,128.0,,
train,,,,,,,172.84839010238647,6.0,69.0,2414.0,0.619189441204071,0.9999991059303284,0.0009999975423384037,0.001,False,128.0,128.0,,
train,,,,,,,172.9375355243683,6.0,70.0,2415.0,0.7909728288650513,0.9999992251396179,0.0009999968855841437,0.001,False,128.0,128.0,,
train,,,,,,,173.01733016967773,6.0,71.0,2416.0,0.6284477710723877,0.9999992251396179,0.0009999995281694811,0.001,False,128.0,128.0,,
train,,,,,,,173.08431792259216,6.0,72.0,2417.0,0.6955705881118774,0.9999990463256836,0.0010000000566912617,0.001,False,128.0,128.0,,
train,,,,,,,173.1606080532074,6.0,73.0,2418.0,0.6670405864715576,0.9999992251396179,0.0009999974496623047,0.001,False,128.0,128.0,,
train,,,,,,,173.2465147972107,6.0,74.0,2419.0,0.6656509637832642,0.9999990463256836,0.0009999991161654374,0.001,False,128.0,128.0,,
train,,,,,,,173.3325560092926,6.0,75.0,2420.0,0.7125017642974854,0.9999990463256836,0.0009986701474083877,0.001,False,128.0,128.0,,
train,,,,,,,173.4055905342102,6.0,76.0,2421.0,0.6612840890884399,0.9986709952354431,0.0010000011612792317,0.001,False,128.0,128.0,,
train,,,,,,,173.4808382987976,6.0,77.0,2422.0,0.6976630687713623,0.9999992251396179,0.000999996698844032,0.001,False,128.0,128.0,,
train,,,,,,,173.55647492408752,6.0,78.0,2423.0,0.5811929702758789,0.9999990463256836,0.0009999968869996826,0.001,False,128.0,128.0,,
train,,,,,,,173.62685871124268,6.0,79.0,2424.0,0.6821907758712769,0.9999991059303284,0.0010000000573018842,0.001,False,128.0,128.0,,
train,,,,,,,173.7000994682312,6.0,80.0,2425.0,0.7109339833259583,0.9999992251396179,0.0010000004957843465,0.001,False,128.0,128.0,,
train,,,,,,,173.77007460594177,6.0,81.0,2426.0,0.6370562314987183,0.9999991655349731,0.0010000000181942797,0.001,False,128.0,128.0,,
train,,,,,,,173.8409984111786,6.0,82.0,2427.0,0.5702483654022217,0.9999991655349731,0.000999999772418632,0.001,False,128.0,128.0,,
train,,,,,,,173.9187524318695,6.0,83.0,2428.0,0.7417672872543335,0.9999991059303284,0.00099999764847598,0.001,False,128.0,128.0,,
train,,,,,,,174.0071632862091,6.0,84.0,2429.0,0.5850499272346497,0.9999992251396179,0.0009999977525873836,0.001,False,128.0,128.0,,
train,,,,,,,174.07733702659607,6.0,85.0,2430.0,0.7203508019447327,0.9999990463256836,0.000999998730279254,0.001,False,128.0,128.0,,
train,,,,,,,174.148184299469,6.0,86.0,2431.0,0.7320061326026917,0.9999991655349731,0.0009999989702819923,0.001,False,128.0,128.0,,
train,,,,,,,174.2264461517334,6.0,87.0,2432.0,0.6724793910980225,0.9999993443489075,0.0010000024293459384,0.001,False,128.0,128.0,,
train,,,,,,,174.30029606819153,6.0,88.0,2433.0,0.6810271739959717,0.9999991059303284,0.0010000002694377141,0.001,False,128.0,128.0,,
train,,,,,,,174.37512111663818,6.0,89.0,2434.0,0.6286441087722778,0.9999991655349731,0.000999999625369548,0.001,False,128.0,128.0,,
train,,,,,,,174.44672107696533,6.0,90.0,2435.0,0.7504077553749084,0.9999991655349731,0.000999999942144001,0.001,False,128.0,128.0,,
train,,,,,,,174.52894616127014,6.0,91.0,2436.0,0.7007536888122559,0.9999991655349731,0.0009999977819806038,0.001,False,128.0,128.0,,
train,,,,,,,174.6008574962616,6.0,92.0,2437.0,0.6990065574645996,0.9999990463256836,0.0009999975083377394,0.001,False,128.0,128.0,,
train,,,,,,,174.66604208946228,6.0,93.0,2438.0,0.6038618087768555,0.9999990463256836,0.0009666994013007172,0.001,False,128.0,128.0,,
train,,,,,,,174.73436164855957,6.0,94.0,2439.0,0.5673253536224365,0.9666997790336609,0.000999999815106716,0.001,False,128.0,128.0,,
train,,,,,,,174.79974699020386,6.0,95.0,2440.0,0.6760622262954712,0.9999992251396179,0.0010000007103903277,0.001,False,128.0,128.0,,
train,,,,,,,174.8761501312256,6.0,96.0,2441.0,0.6813226938247681,0.9999991059303284,0.0009999983555784373,0.001,False,128.0,128.0,,
train,,,,,,,174.95103859901428,6.0,97.0,2442.0,0.6201725602149963,0.9999991059303284,0.000999998506596761,0.001,False,128.0,128.0,,
train,,,,,,,175.01951837539673,6.0,98.0,2443.0,0.712758481502533,0.9999991059303284,0.0009999974475528755,0.001,False,128.0,128.0,,
train,,,,,,,175.08743524551392,6.0,99.0,2444.0,0.6724284887313843,0.9999990463256836,0.0009999978304141895,0.001,False,128.0,128.0,,
train,,,,,,,175.1527440547943,6.0,100.0,2445.0,0.7325253486633301,0.9999991655349731,0.0009999985590826315,0.001,False,128.0,128.0,,
train,,,,,,,175.21770644187927,6.0,101.0,2446.0,0.7808684706687927,0.9999990463256836,0.0009999990450833428,0.001,False,128.0,128.0,,
train,,,,,,,175.28491187095642,6.0,102.0,2447.0,0.6619986891746521,0.9999991655349731,0.0010000005263987308,0.001,False,128.0,128.0,,
train,,,,,,,175.3496356010437,6.0,103.0,2448.0,0.6808416843414307,0.9999990463256836,0.0009999973243177977,0.001,False,128.0,128.0,,
train,,,,,,,175.42361617088318,6.0,104.0,2449.0,0.7052538394927979,0.9999991059303284,0.0009999987862623196,0.001,False,128.0,128.0,,
train,,,,,,,175.4904282093048,6.0,105.0,2450.0,0.6741771697998047,0.9999992251396179,0.0009999977777062356,0.001,False,128.0,128.0,,
train,,,,,,,175.60632967948914,6.0,106.0,2451.0,0.7307714223861694,0.9999990463256836,0.000999999890990471,0.001,False,128.0,128.0,,
train,,,,,,,175.72999215126038,6.0,107.0,2452.0,0.6709154844284058,0.9999991059303284,0.0010000002406274338,0.001,False,128.0,128.0,,
train,,,,,,,175.84525799751282,6.0,108.0,2453.0,0.6231148838996887,0.9999990463256836,0.0009999974943766502,0.001,False,128.0,128.0,,
train,,,,,,,175.92300987243652,6.0,109.0,2454.0,0.6661146879196167,0.9999990463256836,0.000999693447567279,0.001,False,128.0,128.0,,
train,,,,,,,176.01080632209778,6.0,110.0,2455.0,0.6665035486221313,0.9996924996376038,0.0010000000944665971,0.001,False,128.0,128.0,,
train,,,,,,,176.08704018592834,6.0,111.0,2456.0,0.7050716876983643,0.9999991059303284,0.0010000006630393483,0.001,False,128.0,128.0,,
train,,,,,,,176.16547298431396,6.0,112.0,2457.0,0.5628790259361267,0.9999992251396179,0.000999999635222781,0.001,False,128.0,128.0,,
train,,,,,,,176.2429506778717,6.0,113.0,2458.0,0.6362429857254028,0.9999990463256836,0.001000000043701653,0.001,False,128.0,128.0,,
train,,,,,,,176.32582569122314,6.0,114.0,2459.0,0.6814477443695068,0.9999991655349731,0.0010000004534293583,0.001,False,128.0,128.0,,
train,,,,,,,176.40570783615112,6.0,115.0,2460.0,0.7255746126174927,0.9999991655349731,0.0009999990995675882,0.001,False,128.0,128.0,,
train,,,,,,,176.47974014282227,6.0,116.0,2461.0,0.6587059497833252,0.9999992251396179,0.0009999993821750738,0.001,False,128.0,128.0,,
train,,,,,,,176.55808067321777,6.0,117.0,2462.0,0.5788081884384155,0.9999991655349731,0.0009177469491501817,0.001,False,128.0,128.0,,
train,,,,,,,176.6347291469574,6.0,118.0,2463.0,0.7059383392333984,0.9177467226982117,0.0010000002647192674,0.001,False,128.0,128.0,,
train,,,,,,,176.70884585380554,6.0,119.0,2464.0,0.5873998403549194,0.9999992847442627,0.000957185439960458,0.001,False,128.0,128.0,,
train,,,,,,,176.78007698059082,6.0,120.0,2465.0,0.6323182582855225,0.9571840763092041,0.0009024307658674655,0.001,False,128.0,128.0,,
train,,,,,,,176.8561978340149,6.0,121.0,2466.0,0.7310577034950256,0.902431070804596,0.0009999979849020467,0.001,False,128.0,128.0,,
train,,,,,,,176.92838954925537,6.0,122.0,2467.0,0.6426469087600708,0.9999991059303284,0.0010000013084668674,0.001,False,128.0,128.0,,
train,,,,,,,177.00518035888672,6.0,123.0,2468.0,0.7377818822860718,0.9999992847442627,0.0009999987065482064,0.001,False,128.0,128.0,,
train,,,,,,,177.09367990493774,6.0,124.0,2469.0,0.7372723817825317,0.9999991655349731,0.0010000002609167546,0.001,False,128.0,128.0,,
train,,,,,,,177.17745923995972,6.0,125.0,2470.0,0.5853166580200195,0.9999989867210388,0.0009999989499371342,0.001,False,128.0,128.0,,
train,,,,,,,177.2497820854187,6.0,126.0,2471.0,0.7393462657928467,0.9999991059303284,0.0009999999442256693,0.001,False,128.0,128.0,,
train,,,,,,,177.3352770805359,6.0,127.0,2472.0,0.6524763107299805,0.9999989867210388,0.0009999974977905944,0.001,False,128.0,128.0,,
train,,,,,,,177.40417218208313,6.0,128.0,2473.0,0.5485560894012451,0.9999989867210388,0.0009390491871730127,0.001,False,128.0,128.0,,
train,,,,,,,177.48521852493286,6.0,129.0,2474.0,0.7269245386123657,0.939048707485199,0.0009999983621842752,0.001,False,128.0,128.0,,
train,,,,,,,177.5526626110077,6.0,130.0,2475.0,0.5824834108352661,0.9999990463256836,0.00100000094883828,0.001,False,128.0,128.0,,
train,,,,,,,177.62689566612244,6.0,131.0,2476.0,0.5796147584915161,0.9999990463256836,0.0009999974895749234,0.001,False,128.0,128.0,,
train,,,,,,,177.6950545310974,6.0,132.0,2477.0,0.66975337266922,0.9999990463256836,0.0009999998094445775,0.001,False,128.0,128.0,,
train,,,,,,,177.7649426460266,6.0,133.0,2478.0,0.6071682572364807,0.9999991655349731,0.0009999996912057958,0.001,False,128.0,128.0,,
train,,,,,,,177.83330488204956,6.0,134.0,2479.0,0.7346399426460266,0.9999992847442627,0.0009999988141289509,0.001,False,128.0,128.0,,
train,,,,,,,177.93055510520935,6.0,135.0,2480.0,0.5982750654220581,0.9999992847442627,0.0010000012203985375,0.001,False,128.0,128.0,,
train,,,,,,,177.9999041557312,6.0,136.0,2481.0,0.7920142412185669,0.9999991059303284,0.0009999996371379163,0.001,False,128.0,128.0,,
train,,,,,,,178.07890939712524,6.0,137.0,2482.0,0.7428715229034424,0.9999991059303284,0.0009999994863695637,0.001,False,128.0,128.0,,
train,,,,,,,178.15389132499695,6.0,138.0,2483.0,0.6591944694519043,0.9999992847442627,0.0009999992088968932,0.001,False,128.0,128.0,,
train,,,,,,,178.22937488555908,6.0,139.0,2484.0,0.6434336304664612,0.9999992251396179,0.0010000001724875098,0.001,False,128.0,128.0,,
train,,,,,,,178.29797887802124,6.0,140.0,2485.0,0.6878944039344788,0.9999992847442627,0.0009999998036714166,0.001,False,128.0,128.0,,
train,,,,,,,178.37131643295288,6.0,141.0,2486.0,0.656540036201477,0.9999991059303284,0.0009999974630682817,0.001,False,128.0,128.0,,
train,,,,,,,178.4396710395813,6.0,142.0,2487.0,0.7225947380065918,0.9999990463256836,0.0010000004304755075,0.001,False,128.0,128.0,,
train,,,,,,,178.51049828529358,6.0,143.0,2488.0,0.6498240232467651,0.9999992847442627,0.0009598722234358735,0.001,False,128.0,128.0,,
train,,,,,,,178.58286452293396,6.0,144.0,2489.0,0.6193057894706726,0.9598727226257324,0.0010000006019216096,0.001,False,128.0,128.0,,
train,,,,,,,178.67137694358826,6.0,145.0,2490.0,0.6565382480621338,0.9999990463256836,0.0010000007808894373,0.001,False,128.0,128.0,,
train,,,,,,,178.74487590789795,6.0,146.0,2491.0,0.6935480833053589,0.9999991655349731,0.0009999979240617005,0.001,False,128.0,128.0,,
train,,,,,,,178.81351494789124,6.0,147.0,2492.0,0.6789523959159851,0.9999992251396179,0.0010000006403908133,0.001,False,128.0,128.0,,
train,,,,,,,178.89707159996033,6.0,148.0,2493.0,0.6879598498344421,0.9999992847442627,0.001000000877867338,0.001,False,128.0,128.0,,
train,,,,,,,179.00799560546875,6.0,149.0,2494.0,0.7435590028762817,0.9999991655349731,0.0009999992317397497,0.001,False,128.0,128.0,,
train,,,,,,,179.08057641983032,6.0,150.0,2495.0,0.6586798429489136,0.9999990463256836,0.0009999994215325035,0.001,False,128.0,128.0,,
train,,,,,,,179.16596293449402,6.0,151.0,2496.0,0.6679766178131104,0.9999991059303284,0.0010000023141050617,0.001,False,128.0,128.0,,
train,,,,,,,179.24060249328613,6.0,152.0,2497.0,0.6013336181640625,0.9999992251396179,0.0009999979272258426,0.001,False,128.0,128.0,,
train,,,,,,,179.3361954689026,6.0,153.0,2498.0,0.7336242198944092,0.9999990463256836,0.0009999998388932484,0.001,False,128.0,128.0,,
train,,,,,,,179.41527199745178,6.0,154.0,2499.0,0.6893507242202759,0.9999992847442627,0.000999999404768126,0.001,False,128.0,128.0,,
train,,,,,,,179.49152135849,6.0,155.0,2500.0,0.6612286567687988,0.9999989867210388,0.0009999981219593458,0.001,False,128.0,128.0,,
train,,,,,,,179.56566047668457,6.0,156.0,2501.0,0.7461327314376831,0.9999991059303284,0.0010000007647912158,0.001,False,128.0,128.0,,
train,,,,,,,179.64653754234314,6.0,157.0,2502.0,0.7129632234573364,0.9999992251396179,0.0010000002097909962,0.001,False,128.0,128.0,,
train,,,,,,,179.72519326210022,6.0,158.0,2503.0,0.5809082388877869,0.9999992251396179,0.0009999981875181364,0.001,False,128.0,128.0,,
train,,,,,,,179.807532787323,6.0,159.0,2504.0,0.6103812456130981,0.9999991655349731,0.0009426819585919905,0.001,False,128.0,128.0,,
train,,,,,,,179.88680267333984,6.0,160.0,2505.0,0.6526119709014893,0.9426815509796143,0.001000001581803381,0.001,False,128.0,128.0,,
train,,,,,,,179.96484112739563,6.0,161.0,2506.0,0.6444658041000366,0.9999991655349731,0.0009726315657050848,0.001,False,128.0,128.0,,
train,,,,,,,180.04273200035095,6.0,162.0,2507.0,0.5570695400238037,0.9726322293281555,0.0009999989843818393,0.001,False,128.0,128.0,,
train,,,,,,,180.12768959999084,6.0,163.0,2508.0,0.6521326303482056,0.9999991059303284,0.0010000000987964665,0.001,False,128.0,128.0,,
train,,,,,,,180.20847272872925,6.0,164.0,2509.0,0.6355929374694824,0.9999991059303284,0.0009999978674957184,0.001,False,128.0,128.0,,
train,,,,,,,180.28940868377686,6.0,165.0,2510.0,0.6115192174911499,0.9999991059303284,0.0009999971138744382,0.001,False,128.0,128.0,,
train,,,,,,,180.3699460029602,6.0,166.0,2511.0,0.6366806626319885,0.9999991655349731,0.0009999984618547055,0.001,False,128.0,128.0,,
train,,,,,,,180.44830989837646,6.0,167.0,2512.0,0.6431488990783691,0.9999992251396179,0.0009999987731616718,0.001,False,128.0,128.0,,
train,,,,,,,180.54195022583008,6.0,168.0,2513.0,0.7125271558761597,0.9999991059303284,0.0010000011277782903,0.001,False,128.0,128.0,,
train,,,,,,,180.62040829658508,6.0,169.0,2514.0,0.6628836393356323,0.9999991655349731,0.0009819178912994226,0.001,False,128.0,128.0,,
train,,,,,,,180.70065450668335,6.0,170.0,2515.0,0.7526206970214844,0.9819185137748718,0.0009707947136956898,0.001,False,128.0,128.0,,
train,,,,,,,180.77638030052185,6.0,171.0,2516.0,0.6331126689910889,0.9707944393157959,0.0009999995656950363,0.001,False,128.0,128.0,,
train,,,,,,,180.86127519607544,6.0,172.0,2517.0,0.6349105834960938,0.9999991059303284,0.000999998112328143,0.001,False,128.0,128.0,,
train,,,,,,,180.94287633895874,6.0,173.0,2518.0,0.7040426731109619,0.9999992251396179,0.0009999981584024845,0.001,False,128.0,128.0,,
train,,,,,,,181.03078627586365,6.0,174.0,2519.0,0.5837806463241577,0.9999990463256836,0.0009999979262543955,0.001,False,128.0,128.0,,
train,,,,,,,181.1164174079895,6.0,175.0,2520.0,0.6429822444915771,0.9999990463256836,0.0009999999373422862,0.001,False,128.0,128.0,,
train,,,,,,,181.1887812614441,6.0,176.0,2521.0,0.6008046865463257,0.9999992847442627,0.0009999988876535552,0.001,False,128.0,128.0,,
train,,,,,,,181.27140164375305,6.0,177.0,2522.0,0.786164402961731,0.9999992251396179,0.000999999330133336,0.001,False,128.0,128.0,,
train,,,,,,,181.34623956680298,6.0,178.0,2523.0,0.6759136915206909,0.9999991655349731,0.00099999812656678,0.001,False,128.0,128.0,,
train,,,,,,,181.42738366127014,6.0,179.0,2524.0,0.6076551079750061,0.9999991655349731,0.0009999999210220066,0.001,False,128.0,128.0,,
train,,,,,,,181.49771523475647,6.0,180.0,2525.0,0.5902942419052124,0.9999990463256836,0.0009999996860432573,0.001,False,128.0,128.0,,
train,,,,,,,181.57974815368652,6.0,181.0,2526.0,0.678963840007782,0.9999990463256836,0.0010000012286696888,0.001,False,128.0,128.0,,
train,,,,,,,181.6556694507599,6.0,182.0,2527.0,0.6442485451698303,0.9999991655349731,0.0010000005088849717,0.001,False,128.0,128.0,,
train,,,,,,,181.73864364624023,6.0,183.0,2528.0,0.7590183019638062,0.9999992847442627,0.0009999984237184852,0.001,False,128.0,128.0,,
train,,,,,,,181.8141713142395,6.0,184.0,2529.0,0.6524410247802734,0.9999989867210388,0.0009999997182397345,0.001,False,128.0,128.0,,
train,,,,,,,181.89052534103394,6.0,185.0,2530.0,0.5817177295684814,0.9999992847442627,0.0009889809980952,0.001,False,128.0,128.0,,
train,,,,,,,181.96862363815308,6.0,186.0,2531.0,0.5697741508483887,0.9889823198318481,0.000999999377262334,0.001,False,128.0,128.0,,
train,,,,,,,182.05258464813232,6.0,187.0,2532.0,0.6472930908203125,0.9999991059303284,0.0009999980323641756,0.001,False,128.0,128.0,,
train,,,,,,,182.13526368141174,6.0,188.0,2533.0,0.6486139297485352,0.9999990463256836,0.0009999994142605385,0.001,False,128.0,128.0,,
train,,,,,,,182.21564722061157,6.0,189.0,2534.0,0.6762654781341553,0.9999991059303284,0.0010000008054808578,0.001,False,128.0,128.0,,
train,,,,,,,182.28387808799744,6.0,190.0,2535.0,0.6548752784729004,0.9999991059303284,0.0009999981186841818,0.001,False,128.0,128.0,,
train,,,,,,,182.36259245872498,6.0,191.0,2536.0,0.5193248391151428,0.9999991655349731,0.0009999992587181896,0.001,False,128.0,128.0,,
train,,,,,,,182.43088579177856,6.0,192.0,2537.0,0.715404748916626,0.9999990463256836,0.0009999971769907973,0.001,False,128.0,128.0,,
train,,,,,,,182.5100085735321,6.0,193.0,2538.0,0.6858054399490356,0.9999992251396179,0.0009999997488541427,0.001,False,128.0,128.0,,
train,,,,,,,182.582426071167,6.0,194.0,2539.0,0.6853523254394531,0.9999991655349731,0.0009999988651992694,0.001,False,128.0,128.0,,
train,,,,,,,182.6696493625641,6.0,195.0,2540.0,0.7393507957458496,0.9999991059303284,0.001000000480935121,0.001,False,128.0,128.0,,
train,,,,,,,182.73803305625916,6.0,196.0,2541.0,0.6710985898971558,0.9999991059303284,0.0009999984441188652,0.001,False,128.0,128.0,,
train,,,,,,,182.83373022079468,6.0,197.0,2542.0,0.6930282115936279,0.9999989867210388,0.0009999975568268497,0.001,False,128.0,128.0,,
train,,,,,,,182.917471408844,6.0,198.0,2543.0,0.581477165222168,0.9999991059303284,0.0009999988079672057,0.001,False,128.0,128.0,,
train,,,,,,,182.99476790428162,6.0,199.0,2544.0,0.6229879856109619,0.9999992251396179,0.0009999972142943955,0.001,False,128.0,128.0,,
train,,,,,,,183.0685396194458,6.0,200.0,2545.0,0.6940631866455078,0.9999990463256836,0.0009999985006015478,0.001,False,128.0,128.0,,
train,,,,,,,183.16054773330688,6.0,201.0,2546.0,0.5844532251358032,0.9999992251396179,0.0009999980660317545,0.001,False,128.0,128.0,,
train,,,,,,,183.24692368507385,6.0,202.0,2547.0,0.6796747446060181,0.9999992251396179,0.001000000334413497,0.001,False,128.0,128.0,,
train,,,,,,,183.32780504226685,6.0,203.0,2548.0,0.593218982219696,0.9999991059303284,0.0009999982909355933,0.001,False,128.0,128.0,,
train,,,,,,,183.41588735580444,6.0,204.0,2549.0,0.6114243268966675,0.9999991655349731,0.001000000333636341,0.001,False,128.0,128.0,,
train,,,,,,,183.48932433128357,6.0,205.0,2550.0,0.6171717643737793,0.9999991655349731,0.0010000008248542338,0.001,False,128.0,128.0,,
train,,,,,,,183.56864142417908,6.0,206.0,2551.0,0.5536935329437256,0.9999991059303284,0.0009999992094242495,0.001,False,128.0,128.0,,
train,,,,,,,183.65117239952087,6.0,207.0,2552.0,0.4876508116722107,0.9999992847442627,0.000999999122021869,0.001,False,128.0,128.0,,
train,,,,,,,183.7333652973175,6.0,208.0,2553.0,0.6166306138038635,0.9999990463256836,0.0009837979883670486,0.001,False,128.0,128.0,,
train,,,,,,,183.82333993911743,6.0,209.0,2554.0,0.6673282384872437,0.9837955832481384,0.0010000001425114929,0.001,False,128.0,128.0,,
train,,,,,,,183.90130424499512,6.0,210.0,2555.0,0.7395297884941101,0.9999991655349731,0.0009190215374984549,0.001,False,128.0,128.0,,
train,,,,,,,183.97428846359253,6.0,211.0,2556.0,0.6049463748931885,0.9190212488174438,0.0010000023403340195,0.001,False,128.0,128.0,,
train,,,,,,,184.0523235797882,6.0,212.0,2557.0,0.6082234382629395,0.9999991059303284,0.0009999980328915324,0.001,False,128.0,128.0,,
train,,,,,,,184.13892602920532,6.0,213.0,2558.0,0.6748545169830322,0.9999989867210388,0.0009999987802115967,0.001,False,128.0,128.0,,
train,,,,,,,184.20652270317078,6.0,214.0,2559.0,0.6906082034111023,0.9999992251396179,0.0009999990154126038,0.001,False,128.0,128.0,,
train,,,,,,,184.2838671207428,6.0,215.0,2560.0,0.5471136569976807,0.9999992847442627,0.0008970178081868364,0.001,False,128.0,128.0,,
train,,,,,,,184.35889983177185,6.0,216.0,2561.0,0.6073610782623291,0.8970192074775696,0.0010000005521281355,0.001,False,128.0,128.0,,
train,,,,,,,184.4398763179779,6.0,217.0,2562.0,0.6933523416519165,0.9999989867210388,0.0009999988251201718,0.001,False,128.0,128.0,,
train,,,,,,,184.51242637634277,6.0,218.0,2563.0,0.6484672427177429,0.9999990463256836,0.0010000011536464572,0.001,False,128.0,128.0,,
train,,,,,,,184.58793258666992,6.0,219.0,2564.0,0.5720676779747009,0.9999991059303284,0.0009355925587331295,0.001,False,128.0,128.0,,
train,,,,,,,184.65982508659363,6.0,220.0,2565.0,0.7708123326301575,0.9355947375297546,0.0009999992700979838,0.001,False,128.0,128.0,,
train,,,,,,,184.7359209060669,6.0,221.0,2566.0,0.7222822904586792,0.9999992251396179,0.001000000883002115,0.001,False,128.0,128.0,,
train,,,,,,,184.8116021156311,6.0,222.0,2567.0,0.6886396408081055,0.9999991059303284,0.001000000406300411,0.001,False,128.0,128.0,,
train,,,,,,,184.91063284873962,6.0,223.0,2568.0,0.6277794241905212,0.9999991059303284,0.0010000015880206202,0.001,False,128.0,128.0,,
train,,,,,,,184.98347282409668,6.0,224.0,2569.0,0.6047841906547546,0.9999991059303284,0.0009999992813390002,0.001,False,128.0,128.0,,
train,,,,,,,185.05581307411194,6.0,225.0,2570.0,0.6978005170822144,0.9999991059303284,0.0009999998950427854,0.001,False,128.0,128.0,,
train,,,,,,,185.1302571296692,6.0,226.0,2571.0,0.7089856266975403,0.9999992847442627,0.00099999995821448,0.001,False,128.0,128.0,,
train,,,,,,,185.22472262382507,6.0,227.0,2572.0,0.6184744834899902,0.9999991059303284,0.0010000006461362138,0.001,False,128.0,128.0,,
train,,,,,,,185.32412791252136,6.0,228.0,2573.0,0.7092305421829224,0.9999991655349731,0.0010000002931687246,0.001,False,128.0,128.0,,
train,,,,,,,185.39767813682556,6.0,229.0,2574.0,0.5615333914756775,0.9999992251396179,0.0010000016453080357,0.001,False,128.0,128.0,,
train,,,,,,,185.47782802581787,6.0,230.0,2575.0,0.6457769870758057,0.9999990463256836,0.0009999981070545737,0.001,False,128.0,128.0,,
train,,,,,,,185.55850768089294,6.0,231.0,2576.0,0.5803431272506714,0.9999991059303284,0.0009999987130430196,0.001,False,128.0,128.0,,
train,,,,,,,185.649405002594,6.0,232.0,2577.0,0.6564976572990417,0.9999990463256836,0.0009999985288012545,0.001,False,128.0,128.0,,
train,,,,,,,185.73601722717285,6.0,233.0,2578.0,0.6273409128189087,0.9999990463256836,0.0009753986588243538,0.001,False,128.0,128.0,,
train,,,,,,,185.8114833831787,6.0,234.0,2579.0,0.6084868907928467,0.9753968715667725,0.0009511098542401178,0.001,False,128.0,128.0,,
train,,,,,,,185.89237809181213,6.0,235.0,2580.0,0.6347194910049438,0.9511104822158813,0.0009999978122064922,0.001,False,128.0,128.0,,
train,,,,,,,185.97408032417297,6.0,236.0,2581.0,0.5968365669250488,0.9999991059303284,0.0009614638411677973,0.001,False,128.0,128.0,,
train,,,,,,,186.0558876991272,6.0,237.0,2582.0,0.6214370727539062,0.961465060710907,0.000999998961400199,0.001,False,128.0,128.0,,
train,,,,,,,186.13271141052246,6.0,238.0,2583.0,0.5531958341598511,0.9999990463256836,0.001000001531066268,0.001,False,128.0,128.0,,
train,,,,,,,186.22819113731384,6.0,239.0,2584.0,0.611549973487854,0.9999992847442627,0.0010000001802590696,0.001,False,128.0,128.0,,
train,,,,,,,186.30237483978271,6.0,240.0,2585.0,0.6298773288726807,0.9999992251396179,0.0009999985805377223,0.001,False,128.0,128.0,,
train,,,,,,,186.3916985988617,6.0,241.0,2586.0,0.6135148406028748,0.9999992251396179,0.0009555094100150187,0.001,False,128.0,128.0,,
train,,,,,,,186.47561407089233,6.0,242.0,2587.0,0.6464720964431763,0.9555110931396484,0.0009999979216469604,0.001,False,128.0,128.0,,
train,,,,,,,186.55866146087646,6.0,243.0,2588.0,0.5679417848587036,0.9999990463256836,0.0009999979558141445,0.001,False,128.0,128.0,,
train,,,,,,,186.6368625164032,6.0,244.0,2589.0,0.6644125580787659,0.9999992251396179,0.0009999995479869712,0.001,False,128.0,128.0,,
train,,,,,,,186.71697545051575,6.0,245.0,2590.0,0.7652868032455444,0.9999991059303284,0.0009999994744346599,0.001,False,128.0,128.0,,
train,,,,,,,186.79453301429749,6.0,246.0,2591.0,0.6753307580947876,0.9999990463256836,0.0010000015467203885,0.001,False,128.0,128.0,,
train,,,,,,,186.87194108963013,6.0,247.0,2592.0,0.6021325588226318,0.9999992251396179,0.000999998388385581,0.001,False,128.0,128.0,,
train,,,,,,,186.95649909973145,6.0,248.0,2593.0,0.6597048044204712,0.9999991059303284,0.0009999989534065848,0.001,False,128.0,128.0,,
train,,,,,,,187.02906250953674,6.0,249.0,2594.0,0.6835596561431885,0.9999991059303284,0.0010000003880927609,0.001,False,128.0,128.0,,
train,,,,,,,187.12106037139893,6.0,250.0,2595.0,0.7203767895698547,0.9999991059303284,0.0009999985487852982,0.001,False,128.0,128.0,,
train,,,,,,,187.2169806957245,6.0,251.0,2596.0,0.6644240021705627,0.9999991655349731,0.0009999996387477404,0.001,False,128.0,128.0,,
train,,,,,,,187.29863691329956,6.0,252.0,2597.0,0.6322842836380005,0.9999989867210388,0.0010000003819032699,0.001,False,128.0,128.0,,
train,,,,,,,187.38652515411377,6.0,253.0,2598.0,0.6481184959411621,0.9999991059303284,0.0009999998248211692,0.001,False,128.0,128.0,,
train,,,,,,,187.46449184417725,6.0,254.0,2599.0,0.6923703551292419,0.9999991655349731,0.0009999993324370502,0.001,False,128.0,128.0,,
train,,,,,,,187.56612467765808,6.0,255.0,2600.0,0.6007146239280701,0.9999992251396179,0.0010000009299367509,0.001,False,128.0,128.0,,
train,,,,,,,187.6581699848175,6.0,256.0,2601.0,0.6124300956726074,0.9999991655349731,0.0010000007083364167,0.001,False,128.0,128.0,,
train,,,,,,,187.74111127853394,6.0,257.0,2602.0,0.6337940096855164,0.9999993443489075,0.001000002480527094,0.001,False,128.0,128.0,,
train,,,,,,,187.81989073753357,6.0,258.0,2603.0,0.6680231094360352,0.9999991059303284,0.0009999987419643662,0.001,False,128.0,128.0,,
train,,,,,,,187.90820503234863,6.0,259.0,2604.0,0.5727500915527344,0.9999992251396179,0.0009999986488165328,0.001,False,128.0,128.0,,
train,,,,,,,187.9968752861023,6.0,260.0,2605.0,0.6533889770507812,0.9999991655349731,0.001000000204906016,0.001,False,128.0,128.0,,
train,,,,,,,188.07659316062927,6.0,261.0,2606.0,0.5727629065513611,0.9999992251396179,0.0009999992402329623,0.001,False,128.0,128.0,,
train,,,,,,,188.16131258010864,6.0,262.0,2607.0,0.6853612661361694,0.9999992847442627,0.001000000794767214,0.001,False,128.0,128.0,,
train,,,,,,,188.25613284111023,6.0,263.0,2608.0,0.7344542741775513,0.9999991655349731,0.0010000005737774724,0.001,False,128.0,128.0,,
train,,,,,,,188.33692955970764,6.0,264.0,2609.0,0.5763511657714844,0.9999991655349731,0.0009999979340537283,0.001,False,128.0,128.0,,
train,,,,,,,188.42419862747192,6.0,265.0,2610.0,0.626865804195404,0.9999992251396179,0.0009498886472257487,0.001,False,128.0,128.0,,
train,,,,,,,188.50396347045898,6.0,266.0,2611.0,0.7440661191940308,0.9498888850212097,0.0010000000695976035,0.001,False,128.0,128.0,,
train,,,,,,,188.58813548088074,6.0,267.0,2612.0,0.6210888624191284,0.9999990463256836,0.0009999986731304496,0.001,False,128.0,128.0,,
train,,,,,,,188.6716067790985,6.0,268.0,2613.0,0.665454626083374,0.9999991059303284,0.0010000015441668795,0.001,False,128.0,128.0,,
train,,,,,,,188.7618112564087,6.0,269.0,2614.0,0.5418466925621033,0.9999989867210388,0.0009999985435672424,0.001,False,128.0,128.0,,
train,,,,,,,188.8696801662445,6.0,270.0,2615.0,0.6928846836090088,0.9999990463256836,0.0010000000120602977,0.001,False,128.0,128.0,,
train,,,,,,,188.95514345169067,6.0,271.0,2616.0,0.7457886934280396,0.9999993443489075,0.0010000012361914405,0.001,False,128.0,128.0,,
train,,,,,,,189.04722785949707,6.0,272.0,2617.0,0.6303521990776062,0.9999994039535522,0.000992049608889771,0.001,False,128.0,128.0,,
train,,,,,,,189.13667559623718,6.0,273.0,2618.0,0.5791665315628052,0.9920493960380554,0.0010000000707078263,0.001,False,128.0,128.0,,
train,,,,,,,189.2157084941864,6.0,274.0,2619.0,0.5697970390319824,0.9999991655349731,0.0008936392826061718,0.001,False,128.0,128.0,,
train,,,,,,,189.2987096309662,6.0,275.0,2620.0,0.6754469871520996,0.8936387300491333,0.0010000014281765013,0.001,False,128.0,128.0,,
train,,,,,,,189.382719039917,6.0,276.0,2621.0,0.5457679033279419,0.9999991059303284,0.001000001294033987,0.001,False,128.0,128.0,,
train,,,,,,,189.4820532798767,6.0,277.0,2622.0,0.6799324750900269,0.9999992251396179,0.0009506826302321774,0.001,False,128.0,128.0,,
train,,,,,,,189.57256627082825,6.0,278.0,2623.0,0.6696164608001709,0.9506821632385254,0.00099999900925086,0.001,False,128.0,128.0,,
train,,,,,,,189.6532688140869,6.0,279.0,2624.0,0.6998631954193115,0.9999992251396179,0.000999999046332345,0.001,False,128.0,128.0,,
train,,,,,,,189.7339310646057,6.0,280.0,2625.0,0.6632215976715088,0.9999992251396179,0.0009999996738308,0.001,False,128.0,128.0,,
train,,,,,,,189.8072373867035,6.0,281.0,2626.0,0.7048441171646118,0.9999991655349731,0.0009999998960974973,0.001,False,128.0,128.0,,
train,,,,,,,189.88544058799744,6.0,282.0,2627.0,0.6353709101676941,0.9999991655349731,0.0009774789122986064,0.001,False,128.0,128.0,,
train,,,,,,,189.96020221710205,6.0,283.0,2628.0,0.7153504490852356,0.9774788618087769,0.0009999992297968579,0.001,False,128.0,128.0,,
train,,,,,,,190.04966163635254,6.0,284.0,2629.0,0.6052903532981873,0.9999992251396179,0.0010000003621968183,0.001,False,128.0,128.0,,
train,,,,,,,190.12798810005188,6.0,285.0,2630.0,0.6302167773246765,0.9999991655349731,0.0009263408585415578,0.001,False,128.0,128.0,,
train,,,,,,,190.22384238243103,6.0,286.0,2631.0,0.6040313839912415,0.9263415932655334,0.000994523171367491,0.001,False,128.0,128.0,,
train,,,,,,,190.31249237060547,6.0,287.0,2632.0,0.6632339954376221,0.9945218563079834,0.0009999995557307803,0.001,False,128.0,128.0,,
train,,,,,,,190.38297724723816,6.0,288.0,2633.0,0.6634396314620972,0.9999992251396179,0.0009999985355181138,0.001,False,128.0,128.0,,
train,,,,,,,190.46117496490479,6.0,289.0,2634.0,0.7408636212348938,0.9999991655349731,0.0009999994284714015,0.001,False,128.0,128.0,,
train,,,,,,,190.54026699066162,6.0,290.0,2635.0,0.6493813991546631,0.999998927116394,0.0009999985023779073,0.001,False,128.0,128.0,,
train,,,,,,,190.62536883354187,6.0,291.0,2636.0,0.7045176029205322,0.9999991059303284,0.0010000020452096312,0.001,False,128.0,128.0,,
train,,,,,,,190.7026355266571,6.0,292.0,2637.0,0.6302073001861572,0.9999992847442627,0.0009999962949434808,0.001,False,128.0,128.0,,
train,,,,,,,190.79125690460205,6.0,293.0,2638.0,0.6023917198181152,0.9999992251396179,0.0009999988628955538,0.001,False,128.0,128.0,,
train,,,,,,,190.86550045013428,6.0,294.0,2639.0,0.6433802247047424,0.9999992251396179,0.0009999973419703909,0.001,False,128.0,128.0,,
train,,,,,,,190.9384834766388,6.0,295.0,2640.0,0.563392162322998,0.9999991655349731,0.0009999996354448258,0.001,False,128.0,128.0,,
train,,,,,,,191.02171635627747,6.0,296.0,2641.0,0.6164872646331787,0.9999992251396179,0.000999998050405335,0.001,False,128.0,128.0,,
train,,,,,,,191.10677003860474,6.0,297.0,2642.0,0.6710265874862671,0.9999991655349731,0.0009999986937806252,0.001,False,128.0,128.0,,
train,,,,,,,191.1858720779419,6.0,298.0,2643.0,0.6251561641693115,0.999999463558197,0.0009999994692166088,0.001,False,128.0,128.0,,
train,,,,,,,191.25798654556274,6.0,299.0,2644.0,0.684065580368042,0.9999992847442627,0.0009999999828336763,0.001,False,128.0,128.0,,
train,,,,,,,191.3345971107483,6.0,300.0,2645.0,0.6076397895812988,0.9999991059303284,0.0009506806321833396,0.001,False,128.0,128.0,,
train,,,,,,,191.4075529575348,6.0,301.0,2646.0,0.7005323767662048,0.9506790637969971,0.0009999989806903438,0.001,False,128.0,128.0,,
train,,,,,,,191.48445773124695,6.0,302.0,2647.0,0.6540210247039795,0.9999994039535522,0.0009999979920629995,0.001,False,128.0,128.0,,
train,,,,,,,191.55597972869873,6.0,303.0,2648.0,0.6775617599487305,0.9999992847442627,0.0009702289599513913,0.001,False,128.0,128.0,,
train,,,,,,,191.63328456878662,6.0,304.0,2649.0,0.6589557528495789,0.9702267050743103,0.0009999989753890234,0.001,False,128.0,128.0,,
train,,,,,,,191.70473623275757,6.0,305.0,2650.0,0.6017612218856812,0.9999991655349731,0.0009999987969759848,0.001,False,128.0,128.0,,
train,,,,,,,191.78736543655396,6.0,306.0,2651.0,0.5301477909088135,0.9999989867210388,0.001000000041536718,0.001,False,128.0,128.0,,
train,,,,,,,191.8630669116974,6.0,307.0,2652.0,0.568435549736023,0.9999989867210388,0.0009955152562080567,0.001,False,128.0,128.0,,
train,,,,,,,191.94983386993408,6.0,308.0,2653.0,0.6343247890472412,0.9955164194107056,0.0009999983319584032,0.001,False,128.0,128.0,,
train,,,,,,,192.02130889892578,6.0,309.0,2654.0,0.6123425960540771,0.9999991059303284,0.0009999995389386495,0.001,False,128.0,128.0,,
train,,,,,,,192.1016309261322,6.0,310.0,2655.0,0.6478791832923889,0.9999991655349731,0.0009999992491702644,0.001,False,128.0,128.0,,
train,,,,,,,192.17365765571594,6.0,311.0,2656.0,0.7045106887817383,0.9999993443489075,0.0009999995055209204,0.001,False,128.0,128.0,,
train,,,,,,,192.26382875442505,6.0,312.0,2657.0,0.597837507724762,0.9999991655349731,0.000999998897118217,0.001,False,128.0,128.0,,
train,,,,,,,192.33375597000122,6.0,313.0,2658.0,0.5602455139160156,0.9999991059303284,0.0009999967522181788,0.001,False,128.0,128.0,,
train,,,,,,,192.4141161441803,6.0,314.0,2659.0,0.5787964463233948,0.9999992251396179,0.0009999995718567767,0.001,False,128.0,128.0,,
train,,,,,,,192.48198628425598,6.0,315.0,2660.0,0.5538804531097412,0.9999990463256836,0.0009999968645453517,0.001,False,128.0,128.0,,
train,,,,,,,192.57423734664917,6.0,316.0,2661.0,0.6641952991485596,0.9999991059303284,0.0009999989968441053,0.001,False,128.0,128.0,,
train,,,,,,,192.64616775512695,6.0,317.0,2662.0,0.6326667070388794,0.9999991059303284,0.0009999963832620458,0.001,False,128.0,128.0,,
train,,,,,,,192.72453355789185,6.0,318.0,2663.0,0.604867160320282,0.9999992251396179,0.000999997664768541,0.001,False,128.0,128.0,,
train,,,,,,,192.8000545501709,6.0,319.0,2664.0,0.6992248296737671,0.9999989867210388,0.000999999193936626,0.001,False,128.0,128.0,,
train,,,,,,,192.88815760612488,6.0,320.0,2665.0,0.604557991027832,0.9999991059303284,0.001000000305325663,0.001,False,128.0,128.0,,
train,,,,,,,192.96861720085144,6.0,321.0,2666.0,0.6663506031036377,0.9999991059303284,0.0009999983846940837,0.001,False,128.0,128.0,,
train,,,,,,,193.04525208473206,6.0,322.0,2667.0,0.6567246913909912,0.9999991059303284,0.0009999985623300386,0.001,False,128.0,128.0,,
train,,,,,,,193.11576890945435,6.0,323.0,2668.0,0.542206883430481,0.9999992251396179,0.0010000019362969694,0.001,False,128.0,128.0,,
train,,,,,,,193.1944944858551,6.0,324.0,2669.0,0.6355804800987244,0.9999992251396179,0.0010000014754441779,0.001,False,128.0,128.0,,
train,,,,,,,193.27384757995605,6.0,325.0,2670.0,0.5504425764083862,0.9999991059303284,0.0009999976786463612,0.001,False,128.0,128.0,,
train,,,,,,,193.3521764278412,6.0,326.0,2671.0,0.5993890762329102,0.9999990463256836,0.0009900399536773023,0.001,False,128.0,128.0,,
train,,,,,,,193.42936825752258,6.0,327.0,2672.0,0.7434791922569275,0.9900386929512024,0.0009999970858412255,0.001,False,128.0,128.0,,
train,,,,,,,193.50622582435608,6.0,328.0,2673.0,0.5754367113113403,0.9999992847442627,0.0008432667938655311,0.001,False,128.0,128.0,,
train,,,,,,,193.5835337638855,6.0,329.0,2674.0,0.6663966178894043,0.8432675004005432,0.0009999983990714948,0.001,False,128.0,128.0,,
train,,,,,,,193.65758204460144,6.0,330.0,2675.0,0.60187166929245,0.9999991655349731,0.0009999979951993859,0.001,False,128.0,128.0,,
train,,,,,,,193.73050546646118,6.0,331.0,2676.0,0.6776407957077026,0.9999991059303284,0.0010000018337125553,0.001,False,128.0,128.0,,
train,,,,,,,193.81402611732483,6.0,332.0,2677.0,0.5380281209945679,0.9999991655349731,0.0009999995484310607,0.001,False,128.0,128.0,,
train,,,,,,,193.89210724830627,6.0,333.0,2678.0,0.6834784150123596,0.9999991059303284,0.0009999990509397749,0.001,False,128.0,128.0,,
train,,,,,,,193.97267985343933,6.0,334.0,2679.0,0.6055593490600586,0.9999990463256836,0.0010000003913124063,0.001,False,128.0,128.0,,
train,,,,,,,194.06983542442322,6.0,335.0,2680.0,0.5388399958610535,0.9999992251396179,0.0009308986560311049,0.001,False,128.0,128.0,,
train,,,,,,,194.1454975605011,6.0,336.0,2681.0,0.6709789037704468,0.9308965802192688,0.0009999998026167045,0.001,False,128.0,128.0,,
train,,,,,,,194.22264051437378,6.0,337.0,2682.0,0.5549976229667664,0.9999991655349731,0.000999999702863141,0.001,False,128.0,128.0,,
train,,,,,,,194.29510879516602,6.0,338.0,2683.0,0.6079542636871338,0.9999990463256836,0.0009999991470851755,0.001,False,128.0,128.0,,
train,,,,,,,194.37466740608215,6.0,339.0,2684.0,0.5541492700576782,0.9999992251396179,0.0009999967892164805,0.001,False,128.0,128.0,,
train,,,,,,,194.44569087028503,6.0,340.0,2685.0,0.6331070065498352,0.9999990463256836,0.0009999980542911232,0.001,False,128.0,128.0,,
train,,,,,,,194.53579473495483,6.0,341.0,2686.0,0.7002217769622803,0.9999992847442627,0.0010000001222499253,0.001,False,128.0,128.0,,
train,,,,,,,194.60994148254395,6.0,342.0,2687.0,0.5891048908233643,0.9999991059303284,0.0009999994333008742,0.001,False,128.0,128.0,,
train,,,,,,,194.69774842262268,6.0,343.0,2688.0,0.6022429466247559,0.9999990463256836,0.0009999998191590309,0.001,False,128.0,128.0,,
train,,,,,,,194.7965223789215,6.0,344.0,2689.0,0.6334916949272156,0.9999990463256836,0.0009999998865218226,0.001,False,128.0,128.0,,
train,,,,,,,194.87711310386658,6.0,345.0,2690.0,0.555816113948822,0.9999991655349731,0.000980568995282595,0.001,False,128.0,128.0,,
train,,,,,,,194.94481658935547,6.0,346.0,2691.0,0.5951840281486511,0.9805680513381958,0.0009451170797478506,0.001,False,128.0,128.0,,
train,,,,,,,195.024338722229,6.0,347.0,2692.0,0.6646523475646973,0.9451178312301636,0.0010000008748697385,0.001,False,128.0,128.0,,
train,,,,,,,195.09122323989868,6.0,348.0,2693.0,0.6342366933822632,0.9999991059303284,0.0009654683944587419,0.001,False,128.0,128.0,,
train,,,,,,,195.17236876487732,6.0,349.0,2694.0,0.49446016550064087,0.9654694199562073,0.0010000000261601296,0.001,False,128.0,128.0,,
train,,,,,,,195.24217295646667,6.0,350.0,2695.0,0.5673511028289795,0.9999991655349731,0.0009316087862048502,0.001,False,128.0,128.0,,
train,,,,,,,195.31740975379944,6.0,351.0,2696.0,0.4919350743293762,0.9316078424453735,0.000998768693126569,0.001,False,128.0,128.0,,
train,,,,,,,195.3856508731842,6.0,352.0,2697.0,0.5639317631721497,0.9987680315971375,0.0009999997686716284,0.001,False,128.0,128.0,,
train,,,,,,,195.46025800704956,6.0,353.0,2698.0,0.6975225210189819,0.9999989867210388,0.0009999996807974517,0.001,False,128.0,128.0,,
train,,,,,,,195.53336262702942,6.0,354.0,2699.0,0.5904528498649597,0.9999991655349731,0.0010000007179675945,0.001,False,128.0,128.0,,
train,,,,,,,195.6128613948822,6.0,355.0,2700.0,0.6120425462722778,0.9999992251396179,0.0009999985021281069,0.001,False,128.0,128.0,,
train,,,,,,,195.67848134040833,6.0,356.0,2701.0,0.6327124238014221,0.9999990463256836,0.0009999990143301353,0.001,False,128.0,128.0,,
train,,,,,,,195.7525453567505,6.0,357.0,2702.0,0.6182878613471985,0.9999990463256836,0.0009890420059369995,0.001,False,128.0,128.0,,
train,,,,,,,195.82233309745789,6.0,358.0,2703.0,0.6420947313308716,0.9890410900115967,0.0009999975474176866,0.001,False,128.0,128.0,,
train,,,,,,,195.89274549484253,6.0,359.0,2704.0,0.7521873116493225,0.9999991655349731,0.0009999981962889141,0.001,False,128.0,128.0,,
train,,,,,,,195.9668288230896,6.0,360.0,2705.0,0.6336588263511658,0.9999993443489075,0.0008562770326544592,0.001,False,128.0,128.0,,
train,,,,,,,196.11627459526062,6.0,361.0,2706.0,0.5189217329025269,0.8562756776809692,0.0010000006888797718,0.001,False,128.0,128.0,,
train,,,,,,,196.21051239967346,6.0,362.0,2707.0,0.5568075180053711,0.9999989867210388,0.0009258495988958081,0.001,False,128.0,128.0,,
train,,,,,,,196.2840416431427,6.0,363.0,2708.0,0.5901892781257629,0.9258516430854797,0.000999998265816754,0.001,False,128.0,128.0,,
train,,,,,,,196.36615991592407,6.0,364.0,2709.0,0.6360039710998535,0.9999992251396179,0.001000001133329399,0.001,False,128.0,128.0,,
train,,,,,,,196.4431562423706,6.0,365.0,2710.0,0.523270308971405,0.9999991059303284,0.0009150051799613652,0.001,False,128.0,128.0,,
train,,,,,,,196.5203583240509,6.0,366.0,2711.0,0.6418964862823486,0.915005624294281,0.0008954551456084769,0.001,False,128.0,128.0,,
train,,,,,,,196.59341979026794,6.0,367.0,2712.0,0.5047589540481567,0.8954566717147827,0.0010000003007459943,0.001,False,128.0,128.0,,
train,,,,,,,196.67219233512878,6.0,368.0,2713.0,0.6349326372146606,0.9999992251396179,0.0009999969432881635,0.001,False,128.0,128.0,,
train,,,,,,,196.7478358745575,6.0,369.0,2714.0,0.5654179453849792,0.9999993443489075,0.0009974207733719825,0.001,False,128.0,128.0,,
train,,,,,,,196.83828043937683,6.0,370.0,2715.0,0.5812634229660034,0.9974184632301331,0.000999995873806483,0.001,False,128.0,128.0,,
train,,,,,,,196.91160774230957,6.0,371.0,2716.0,0.5939580202102661,0.9999991655349731,0.000999998944413769,0.001,False,128.0,128.0,,
train,,,,,,,196.98367857933044,6.0,372.0,2717.0,0.7181479930877686,0.9999991059303284,0.000999998274892843,0.001,False,128.0,128.0,,
train,,,,,,,197.05720901489258,6.0,373.0,2718.0,0.6395845413208008,0.9999992251396179,0.0009999989807736108,0.001,False,128.0,128.0,,
train,,,,,,,197.1603558063507,6.0,374.0,2719.0,0.7154465317726135,0.9999992847442627,0.0009999977652161989,0.001,False,128.0,128.0,,
train,,,,,,,197.24158596992493,6.0,375.0,2720.0,0.5814450979232788,0.9999993443489075,0.0009999971974744698,0.001,False,128.0,128.0,,
train,,,,,,,197.32825589179993,6.0,376.0,2721.0,0.6338295936584473,0.9999990463256836,0.0009999984552211125,0.001,False,128.0,128.0,,
train,,,,,,,197.4082748889923,6.0,377.0,2722.0,0.7877720594406128,0.9999991655349731,0.0010000001129795643,0.001,False,128.0,128.0,,
train,,,,,,,197.48638224601746,6.0,378.0,2723.0,0.638321042060852,0.9999993443489075,0.0010000000304344883,0.001,False,128.0,128.0,,
train,,,,,,,197.5745084285736,6.0,379.0,2724.0,0.5748969316482544,0.9999991059303284,0.0009999996278397952,0.001,False,128.0,128.0,,
train,,,,,,,197.65927147865295,6.0,380.0,2725.0,0.5821202993392944,0.9999989867210388,0.0009999972919547094,0.001,False,128.0,128.0,,
train,,,,,,,197.73916935920715,6.0,381.0,2726.0,0.6032746434211731,0.9999990463256836,0.0010000006486619696,0.001,False,128.0,128.0,,
train,,,,,,,197.81931519508362,6.0,382.0,2727.0,0.7044366002082825,0.9999991655349731,0.0010000000578292401,0.001,False,128.0,128.0,,
train,,,,,,,197.8949818611145,6.0,383.0,2728.0,0.6064020395278931,0.9999990463256836,0.00099999778594966,0.001,False,128.0,128.0,,
train,,,,,,,197.97854614257812,6.0,384.0,2729.0,0.7314704656600952,0.9999991655349731,0.0009999984841424668,0.001,False,128.0,128.0,,
train,,,,,,,198.06105494499207,6.0,385.0,2730.0,0.6073304414749146,0.9999989867210388,0.000999999363884138,0.001,False,128.0,128.0,,
train,,,,,,,198.14044189453125,6.0,386.0,2731.0,0.6343517303466797,0.9999991059303284,0.0009999995463216358,0.001,False,128.0,128.0,,
train,,,,,,,198.2484827041626,6.0,387.0,2732.0,0.5921408534049988,0.9999992251396179,0.0010000014445245117,0.001,False,128.0,128.0,,
train,,,,,,,198.32296991348267,6.0,388.0,2733.0,0.5789044499397278,0.9999989867210388,0.0009999978275831147,0.001,False,128.0,128.0,,
train,,,,,,,198.40054750442505,6.0,389.0,2734.0,0.6870138645172119,0.9999991059303284,0.0009999986263899972,0.001,False,128.0,128.0,,
train,,,,,,,198.47301030158997,6.0,390.0,2735.0,0.5195024609565735,0.9999992251396179,0.000987204672532948,0.001,False,128.0,128.0,,
train,,,,,,,198.54579782485962,6.0,391.0,2736.0,0.6770634055137634,0.9872066378593445,0.0009911399472138527,0.001,False,128.0,128.0,,
train,,,,,,,198.63161945343018,6.0,392.0,2737.0,0.6585802435874939,0.9911403656005859,0.0009999951237364313,0.001,False,128.0,128.0,,
train,,,,,,,198.704181432724,6.0,393.0,2738.0,0.521166980266571,0.9999992251396179,0.000999999484981784,0.001,False,128.0,128.0,,
train,,,,,,,198.78236079216003,6.0,394.0,2739.0,0.6634752154350281,0.9999993443489075,0.0009999975978774456,0.001,False,128.0,128.0,,
train,,,,,,,198.85300946235657,6.0,395.0,2740.0,0.6139401197433472,0.9999993443489075,0.0009357268210870285,0.001,False,128.0,128.0,,
train,,,,,,,198.92595148086548,6.0,396.0,2741.0,0.7686803340911865,0.935728132724762,0.0009999995085740352,0.001,False,128.0,128.0,,
train,,,,,,,198.99754667282104,6.0,397.0,2742.0,0.6441456079483032,0.9999992251396179,0.0009705298666925922,0.001,False,128.0,128.0,,
train,,,,,,,199.0693941116333,6.0,398.0,2743.0,0.6300039291381836,0.970528244972229,0.0009778613338727504,0.001,False,128.0,128.0,,
train,,,,,,,199.14385604858398,6.0,399.0,2744.0,0.6439576148986816,0.9778604507446289,0.0010000020481517162,0.001,False,128.0,128.0,,
train,,,,,,,199.23094034194946,6.0,400.0,2745.0,0.7027826309204102,0.9999991655349731,0.0010000010979965908,0.001,False,128.0,128.0,,
train,,,,,,,199.3102855682373,6.0,401.0,2746.0,0.48972731828689575,0.9999991655349731,0.0009999985359066923,0.001,False,128.0,128.0,,
train,,,,,,,199.3938925266266,6.0,402.0,2747.0,0.6636025309562683,0.9999992251396179,0.0009796368910333214,0.001,False,128.0,128.0,,
train,,,,,,,199.47299981117249,6.0,403.0,2748.0,0.6337260603904724,0.9796358942985535,0.0009999967341769958,0.001,False,128.0,128.0,,
train,,,,,,,199.5559823513031,6.0,404.0,2749.0,0.6165568828582764,0.9999991655349731,0.0009999973577911108,0.001,False,128.0,128.0,,
train,,,,,,,199.6269941329956,6.0,405.0,2750.0,0.7201946377754211,0.9999993443489075,0.0009999997933463403,0.001,False,128.0,128.0,,
train,,,,,,,199.70672631263733,6.0,406.0,2751.0,0.6188322901725769,0.9999993443489075,0.0009648818179785687,0.001,False,128.0,128.0,,
train,,,,,,,199.79077243804932,6.0,407.0,2752.0,0.6143086552619934,0.96488356590271,0.0010000001505050976,0.001,False,128.0,128.0,,
train,,,,,,,199.87895345687866,6.0,408.0,2753.0,0.6458950638771057,0.9999992251396179,0.0009846112785446234,0.001,False,128.0,128.0,,
train,,,,,,,199.94978642463684,6.0,409.0,2754.0,0.6205618381500244,0.984611451625824,0.0010000006269016122,0.001,False,128.0,128.0,,
train,,,,,,,200.02834844589233,6.0,410.0,2755.0,0.5023618936538696,0.9999992251396179,0.0009999974680365425,0.001,False,128.0,128.0,,
train,,,,,,,200.09984493255615,6.0,411.0,2756.0,0.5765167474746704,0.9999991655349731,0.0009999995432962768,0.001,False,128.0,128.0,,
train,,,,,,,200.1777229309082,6.0,412.0,2757.0,0.5388365387916565,0.9999990463256836,0.0010000008543861415,0.001,False,128.0,128.0,,
train,,,,,,,200.24638319015503,6.0,413.0,2758.0,0.507117748260498,0.9999991655349731,0.0009999998995391891,0.001,False,128.0,128.0,,
train,,,,,,,200.3236095905304,6.0,414.0,2759.0,0.6216294765472412,0.9999992251396179,0.0010000008535534749,0.001,False,128.0,128.0,,
train,,,,,,,200.39780569076538,6.0,415.0,2760.0,0.6535521745681763,0.9999992251396179,0.0009999994872022314,0.001,False,128.0,128.0,,
train,,,,,,,200.48157954216003,6.0,416.0,2761.0,0.774612307548523,0.9999991655349731,0.000984902316442284,0.001,False,128.0,128.0,,
train,,,,,,,200.5621201992035,6.0,417.0,2762.0,0.6458019018173218,0.9849017262458801,0.0009999984012364332,0.001,False,128.0,128.0,,
train,,,,,,,200.63596153259277,6.0,418.0,2763.0,0.5859382748603821,0.9999992251396179,0.0008679321942341544,0.001,False,128.0,128.0,,
train,,,,,,,200.71185636520386,6.0,419.0,2764.0,0.6128091812133789,0.8679327964782715,0.0009999989405834954,0.001,False,128.0,128.0,,
train,,,,,,,200.7876374721527,6.0,420.0,2765.0,0.6653536558151245,0.9999990463256836,0.0009999998137744481,0.001,False,128.0,128.0,,
train,,,,,,,200.86155486106873,6.0,421.0,2766.0,0.5964458584785461,0.9999991655349731,0.0009823951767497137,0.001,False,128.0,128.0,,
train,,,,,,,200.93662238121033,6.0,422.0,2767.0,0.5274732112884521,0.982396125793457,0.0009556070896851275,0.001,False,128.0,128.0,,
train,,,,,,,201.00974297523499,6.0,423.0,2768.0,0.6953834295272827,0.9556049704551697,0.0009999987751600759,0.001,False,128.0,128.0,,
train,,,,,,,201.08333349227905,6.0,424.0,2769.0,0.5898190140724182,0.9999991655349731,0.0009999995907305761,0.001,False,128.0,128.0,,
train,,,,,,,201.16901922225952,6.0,425.0,2770.0,0.5615249276161194,0.9999993443489075,0.000998635923593912,0.001,False,128.0,128.0,,
train,,,,,,,201.2546203136444,6.0,426.0,2771.0,0.5408257842063904,0.9986357092857361,0.0010000001493948745,0.001,False,128.0,128.0,,
train,,,,,,,201.33256840705872,6.0,427.0,2772.0,0.6039142608642578,0.9999990463256836,0.0009647854625986727,0.001,False,128.0,128.0,,
train,,,,,,,201.40854954719543,6.0,428.0,2773.0,0.641965925693512,0.96478670835495,0.0009999991831674538,0.001,False,128.0,128.0,,
train,,,,,,,201.49469876289368,6.0,429.0,2774.0,0.636339545249939,0.9999991059303284,0.0009999980762180703,0.001,False,128.0,128.0,,
train,,,,,,,201.57718014717102,6.0,430.0,2775.0,0.5778758525848389,0.9999991655349731,0.0009999991143890788,0.001,False,128.0,128.0,,
train,,,,,,,201.65058970451355,6.0,431.0,2776.0,0.6604201197624207,0.9999992251396179,0.0009999993193364099,0.001,False,128.0,128.0,,
train,,,,,,,201.73738718032837,6.0,432.0,2777.0,0.584979236125946,0.9999991655349731,0.0010000015556021588,0.001,False,128.0,128.0,,
train,,,,,,,201.8175985813141,6.0,433.0,2778.0,0.5266448259353638,0.9999993443489075,0.000999998386636977,0.001,False,128.0,128.0,,
train,,,,,,,201.90129733085632,6.0,434.0,2779.0,0.632221519947052,0.9999991059303284,0.000999998995733881,0.001,False,128.0,128.0,,
train,,,,,,,201.9809832572937,6.0,435.0,2780.0,0.6440316438674927,0.9999989867210388,0.0009999974516329555,0.001,False,128.0,128.0,,
train,,,,,,,202.0587260723114,6.0,436.0,2781.0,0.7141396999359131,0.9999992251396179,0.0010000004878462558,0.001,False,128.0,128.0,,
train,,,,,,,202.13569259643555,6.0,437.0,2782.0,0.5719661116600037,0.9999992251396179,0.0009724044337470846,0.001,False,128.0,128.0,,
train,,,,,,,202.21541333198547,6.0,438.0,2783.0,0.6460731029510498,0.9724035263061523,0.0009999978171747511,0.001,False,128.0,128.0,,
train,,,,,,,202.2927565574646,6.0,439.0,2784.0,0.6014628410339355,0.9999990463256836,0.0009663272881829686,0.001,False,128.0,128.0,,
train,,,,,,,202.36575174331665,6.0,440.0,2785.0,0.6198519468307495,0.966327428817749,0.0009096370554441424,0.001,False,128.0,128.0,,
train,,,,,,,202.46549892425537,6.0,441.0,2786.0,0.6262006759643555,0.9096357822418213,0.0009570226589396366,0.001,False,128.0,128.0,,
train,,,,,,,202.55032658576965,6.0,442.0,2787.0,0.5325862169265747,0.9570223093032837,0.0010000003968635193,0.001,False,128.0,128.0,,
train,,,,,,,202.62694835662842,6.0,443.0,2788.0,0.5974549055099487,0.9999992251396179,0.0010000010968031024,0.001,False,128.0,128.0,,
train,,,,,,,202.69981718063354,6.0,444.0,2789.0,0.5949634909629822,0.9999991059303284,0.0009999991197736653,0.001,False,128.0,128.0,,
train,,,,,,,202.78185081481934,6.0,445.0,2790.0,0.6543838977813721,0.9999991059303284,0.0009999998516885707,0.001,False,128.0,128.0,,
train,,,,,,,202.86265349388123,6.0,446.0,2791.0,0.6325896382331848,0.9999992251396179,0.0009595149630350838,0.001,False,128.0,128.0,,
train,,,,,,,202.95009803771973,6.0,447.0,2792.0,0.5700579881668091,0.9595161080360413,0.0009999977175320122,0.001,False,128.0,128.0,,
train,,,,,,,203.04422855377197,6.0,448.0,2793.0,0.619814395904541,0.9999991655349731,0.0009999987979196754,0.001,False,128.0,128.0,,
train,,,,,,,203.12762713432312,6.0,449.0,2794.0,0.6962762475013733,0.9999991655349731,0.000999999398772918,0.001,False,128.0,128.0,,
train,,,,,,,203.2062063217163,6.0,450.0,2795.0,0.5972038507461548,0.9999992847442627,0.0009999993934716,0.001,False,128.0,128.0,,
train,,,,,,,203.28577852249146,6.0,451.0,2796.0,0.5152338743209839,0.9999991059303284,0.0009999991495831793,0.001,False,128.0,128.0,,
train,,,,,,,203.36610293388367,6.0,452.0,2797.0,0.6816955208778381,0.9999991655349731,0.0009999988537362035,0.001,False,128.0,128.0,,
train,,,,,,,203.44521498680115,6.0,453.0,2798.0,0.569524347782135,0.9999992251396179,0.0009999998826637972,0.001,False,128.0,128.0,,
train,,,,,,,203.52748036384583,6.0,454.0,2799.0,0.4704863727092743,0.9999991059303284,0.0009999996077169951,0.001,False,128.0,128.0,,
train,,,,,,,203.5973072052002,6.0,455.0,2800.0,0.5867356061935425,0.9999991059303284,0.0009999978355767379,0.001,False,128.0,128.0,,
train,,,,,,,203.66630387306213,6.0,456.0,2801.0,0.6385217905044556,0.9999991059303284,0.0009922876731773978,0.001,False,128.0,128.0,,
train,,,,,,,203.7483263015747,6.0,457.0,2802.0,0.5539873838424683,0.9922888278961182,0.0009999990697303171,0.001,False,128.0,128.0,,
train,,,,,,,203.82826590538025,6.0,458.0,2803.0,0.5723474025726318,0.9999992251396179,0.0009015085069421058,0.001,False,128.0,128.0,,
train,,,,,,,203.90527629852295,6.0,459.0,2804.0,0.5860115885734558,0.9015070796012878,0.0009999971308608992,0.001,False,128.0,128.0,,
train,,,,,,,203.97092509269714,6.0,460.0,2805.0,0.620664119720459,0.9999989867210388,0.0009999992077034023,0.001,False,128.0,128.0,,
train,,,,,,,204.0454661846161,6.0,461.0,2806.0,0.545041561126709,0.9999992251396179,0.0009999983136396928,0.001,False,128.0,128.0,,
train,,,,,,,204.11654019355774,6.0,462.0,2807.0,0.6534029245376587,0.9999992847442627,0.0010000003870658048,0.001,False,128.0,128.0,,
train,,,,,,,204.18179607391357,6.0,463.0,2808.0,0.6556890606880188,0.9999991655349731,0.001000001305913358,0.001,False,128.0,128.0,,
train,,,,,,,204.25054907798767,6.0,464.0,2809.0,0.5831953287124634,0.9999992251396179,0.0009999995910913986,0.001,False,128.0,128.0,,
train,,,,,,,204.31723165512085,6.0,465.0,2810.0,0.5330603122711182,0.9999991059303284,0.0009999999571597682,0.001,False,128.0,128.0,,
train,,,,,,,204.3817458152771,6.0,466.0,2811.0,0.5881919860839844,0.9999989867210388,0.000999999807085353,0.001,False,128.0,128.0,,
train,,,,,,,204.44782519340515,6.0,467.0,2812.0,0.6499729156494141,0.9999990463256836,0.0009908315660131163,0.001,False,128.0,128.0,,
train,,,,,,,204.51662874221802,6.0,468.0,2813.0,0.6229206323623657,0.9908317923545837,0.0009999994220598598,0.001,False,128.0,128.0,,
train,,,,,,,204.5712971687317,6.0,469.0,2814.0,0.6169658303260803,0.9999991059303284,0.0009999996827680982,0.001,False,128.0,128.0,,
eval,,,,,,,209.07143235206604,6.0,,2814.0,,,,,False,128.0,128.0,0.5788495920181275,0.8694
train,,,,,,,209.14256739616394,7.0,1.0,2815.0,0.6092557907104492,0.9999992251396179,0.0009666992574551287,0.001,False,128.0,128.0,,
train,,,,,,,209.21187496185303,7.0,2.0,2816.0,0.5946564078330994,0.9666977524757385,0.001000001006819621,0.001,False,128.0,128.0,,
train,,,,,,,209.2825207710266,7.0,3.0,2817.0,0.6494549512863159,0.9999991059303284,0.001000000224834515,0.001,False,128.0,128.0,,
train,,,,,,,209.3500270843506,7.0,4.0,2818.0,0.6811954975128174,0.9999990463256836,0.0010000013311708984,0.001,False,128.0,128.0,,
train,,,,,,,209.4212338924408,7.0,5.0,2819.0,0.6479210257530212,0.9999992251396179,0.0009999990855787655,0.001,False,128.0,128.0,,
train,,,,,,,209.49296689033508,7.0,6.0,2820.0,0.5472778081893921,0.9999990463256836,0.0008844979030784385,0.001,False,128.0,128.0,,
train,,,,,,,209.56111192703247,7.0,7.0,2821.0,0.6203933358192444,0.8844993114471436,0.0010000009546114344,0.001,False,128.0,128.0,,
train,,,,,,,209.63380813598633,7.0,8.0,2822.0,0.6087433099746704,0.9999992847442627,0.0010000000290467095,0.001,False,128.0,128.0,,
train,,,,,,,209.70871925354004,7.0,9.0,2823.0,0.5168508291244507,0.9999990463256836,0.0009999982801386558,0.001,False,128.0,128.0,,
train,,,,,,,209.78014373779297,7.0,10.0,2824.0,0.6849167943000793,0.9999991059303284,0.0009999990068083667,0.001,False,128.0,128.0,,
train,,,,,,,209.84592366218567,7.0,11.0,2825.0,0.6243938207626343,0.9999992847442627,0.0009999986938083807,0.001,False,128.0,128.0,,
train,,,,,,,209.91746592521667,7.0,12.0,2826.0,0.5715080499649048,0.9999991655349731,0.0009888198853164815,0.001,False,128.0,128.0,,
train,,,,,,,209.99641013145447,7.0,13.0,2827.0,0.6840898394584656,0.9888205528259277,0.0009999969375704975,0.001,False,128.0,128.0,,
train,,,,,,,210.06841492652893,7.0,14.0,2828.0,0.6563509106636047,0.9999991655349731,0.0009999983068118095,0.001,False,128.0,128.0,,
train,,,,,,,210.1364221572876,7.0,15.0,2829.0,0.6193961501121521,0.9999992251396179,0.0010000006929598386,0.001,False,128.0,128.0,,
train,,,,,,,210.21213579177856,7.0,16.0,2830.0,0.5049182772636414,0.9999992251396179,0.0008932857116209786,0.001,False,128.0,128.0,,
train,,,,,,,210.28444051742554,7.0,17.0,2831.0,0.607207179069519,0.8932874798774719,0.0009999991303763045,0.001,False,128.0,128.0,,
train,,,,,,,210.353178024292,7.0,18.0,2832.0,0.7208424806594849,0.9999991059303284,0.0009999992144757682,0.001,False,128.0,128.0,,
train,,,,,,,210.42196393013,7.0,19.0,2833.0,0.6802841424942017,0.9999991655349731,0.000999999088742904,0.001,False,128.0,128.0,,
train,,,,,,,210.4908618927002,7.0,20.0,2834.0,0.5407714247703552,0.9999991059303284,0.0009999969470629335,0.001,False,128.0,128.0,,
train,,,,,,,210.5617778301239,7.0,21.0,2835.0,0.637688398361206,0.9999992251396179,0.000999999814246293,0.001,False,128.0,128.0,,
train,,,,,,,210.62760996818542,7.0,22.0,2836.0,0.6123858094215393,0.9999989867210388,0.000999999414760139,0.001,False,128.0,128.0,,
train,,,,,,,210.7386064529419,7.0,23.0,2837.0,0.5344238877296448,0.9999991655349731,0.0009999975421996256,0.001,False,128.0,128.0,,
train,,,,,,,210.81599259376526,7.0,24.0,2838.0,0.5797711610794067,0.9999991059303284,0.0009459005542176325,0.001,False,128.0,128.0,,
train,,,,,,,210.89052844047546,7.0,25.0,2839.0,0.6126428842544556,0.9459021091461182,0.000999999747632897,0.001,False,128.0,128.0,,
train,,,,,,,210.97423195838928,7.0,26.0,2840.0,0.6294021606445312,0.9999992847442627,0.000999999712466573,0.001,False,128.0,128.0,,
train,,,,,,,211.0469934940338,7.0,27.0,2841.0,0.6030703783035278,0.9999992847442627,0.0010000005020015924,0.001,False,128.0,128.0,,
train,,,,,,,211.11743450164795,7.0,28.0,2842.0,0.5936778783798218,0.9999991655349731,0.0009169061802883669,0.001,False,128.0,128.0,,
train,,,,,,,211.18532586097717,7.0,29.0,2843.0,0.6125267744064331,0.91690593957901,0.0009999970293862186,0.001,False,128.0,128.0,,
train,,,,,,,211.25038194656372,7.0,30.0,2844.0,0.5658502578735352,0.9999991059303284,0.0009549061094439635,0.001,False,128.0,128.0,,
train,,,,,,,211.31837797164917,7.0,31.0,2845.0,0.5795196294784546,0.9549062252044678,0.001000001015701396,0.001,False,128.0,128.0,,
train,,,,,,,211.38505959510803,7.0,32.0,2846.0,0.5167500972747803,0.9999992847442627,0.0008842162354653375,0.001,False,128.0,128.0,,
train,,,,,,,211.45842599868774,7.0,33.0,2847.0,0.6851271390914917,0.8842164874076843,0.0009999992548324062,0.001,False,128.0,128.0,,
train,,,,,,,211.52936673164368,7.0,34.0,2848.0,0.6600555181503296,0.9999991655349731,0.000999999546515925,0.001,False,128.0,128.0,,
train,,,,,,,211.59912204742432,7.0,35.0,2849.0,0.6023640632629395,0.9999989867210388,0.0009999998155230496,0.001,False,128.0,128.0,,
train,,,,,,,211.6637725830078,7.0,36.0,2850.0,0.5239391326904297,0.9999990463256836,0.0009980051733689637,0.001,False,128.0,128.0,,
train,,,,,,,211.7307629585266,7.0,37.0,2851.0,0.5055056214332581,0.9980072379112244,0.0010000008140295682,0.001,False,128.0,128.0,,
train,,,,,,,211.7972309589386,7.0,38.0,2852.0,0.656657338142395,0.9999991655349731,0.0009999981242908185,0.001,False,128.0,128.0,,
train,,,,,,,211.8689181804657,7.0,39.0,2853.0,0.6533522605895996,0.9999992251396179,0.0010000014464118883,0.001,False,128.0,128.0,,
train,,,,,,,211.9389955997467,7.0,40.0,2854.0,0.5347973108291626,0.9999992251396179,0.000999997193755212,0.001,False,128.0,128.0,,
train,,,,,,,212.07280945777893,7.0,41.0,2855.0,0.5808241367340088,0.9999990463256836,0.000930335085914991,0.001,False,128.0,128.0,,
train,,,,,,,212.19971776008606,7.0,42.0,2856.0,0.6160635948181152,0.9303342700004578,0.0009999986584754861,0.001,False,128.0,128.0,,
train,,,,,,,212.27765917778015,7.0,43.0,2857.0,0.6388052105903625,0.9999991655349731,0.0009999987602275578,0.001,False,128.0,128.0,,
train,,,,,,,212.35539531707764,7.0,44.0,2858.0,0.5657379627227783,0.9999991059303284,0.0009285584614336634,0.001,False,128.0,128.0,,
train,,,,,,,212.43243193626404,7.0,45.0,2859.0,0.5297009944915771,0.9285544753074646,0.0008701616217252144,0.001,False,128.0,128.0,,
train,,,,,,,212.51769542694092,7.0,46.0,2860.0,0.629960298538208,0.8701610565185547,0.0009999976220803654,0.001,False,128.0,128.0,,
train,,,,,,,212.6108889579773,7.0,47.0,2861.0,0.47317180037498474,0.9999991655349731,0.0008416205683469676,0.001,False,128.0,128.0,,
train,,,,,,,212.7118260860443,7.0,48.0,2862.0,0.6965142488479614,0.841618001461029,0.0009999974003127641,0.001,False,128.0,128.0,,
train,,,,,,,212.84713339805603,7.0,49.0,2863.0,0.6086517572402954,0.9999990463256836,0.0009999978868691513,0.001,False,128.0,128.0,,
train,,,,,,,212.96175479888916,7.0,50.0,2864.0,0.49590015411376953,0.9999991059303284,0.0009299904708696253,0.001,False,128.0,128.0,,
train,,,,,,,213.0390603542328,7.0,51.0,2865.0,0.5736883282661438,0.9299882650375366,0.0009763771766785193,0.001,False,128.0,128.0,,
train,,,,,,,213.13228130340576,7.0,52.0,2866.0,0.5412991642951965,0.9763777256011963,0.0010000005979525647,0.001,False,128.0,128.0,,
train,,,,,,,213.22188115119934,7.0,53.0,2867.0,0.6331347823143005,0.9999990463256836,0.0009999968802828123,0.001,False,128.0,128.0,,
train,,,,,,,213.30133056640625,7.0,54.0,2868.0,0.5712863802909851,0.9999991655349731,0.0009478978022661724,0.001,False,128.0,128.0,,
train,,,,,,,213.3846197128296,7.0,55.0,2869.0,0.4873676300048828,0.9478981494903564,0.0009999982769190036,0.001,False,128.0,128.0,,
train,,,,,,,213.4712495803833,7.0,56.0,2870.0,0.5673145651817322,0.9999991655349731,0.0010000000361521366,0.001,False,128.0,128.0,,
train,,,,,,,213.5556035041809,7.0,57.0,2871.0,0.6381369829177856,0.9999989867210388,0.0009999999856369895,0.001,False,128.0,128.0,,
train,,,,,,,213.64983248710632,7.0,58.0,2872.0,0.5611833930015564,0.9999991059303284,0.0008851782903322566,0.001,False,128.0,128.0,,
train,,,,,,,213.74631094932556,7.0,59.0,2873.0,0.6126658916473389,0.8851763606071472,0.001000000543634934,0.001,False,128.0,128.0,,
train,,,,,,,213.90835094451904,7.0,60.0,2874.0,0.5794199705123901,0.9999991059303284,0.0009625994960965608,0.001,False,128.0,128.0,,
train,,,,,,,214.0075397491455,7.0,61.0,2875.0,0.6384129524230957,0.962598979473114,0.001000003370590289,0.001,False,128.0,128.0,,
train,,,,,,,214.08849501609802,7.0,62.0,2876.0,0.48482590913772583,0.9999989867210388,0.0009060518331291563,0.001,False,128.0,128.0,,
train,,,,,,,214.17193031311035,7.0,63.0,2877.0,0.559816837310791,0.9060522317886353,0.0009999978299700995,0.001,False,128.0,128.0,,
train,,,,,,,214.25684356689453,7.0,64.0,2878.0,0.6465601921081543,0.9999991059303284,0.0010000007856078815,0.001,False,128.0,128.0,,
train,,,,,,,214.33636379241943,7.0,65.0,2879.0,0.600905179977417,0.9999992847442627,0.000949830243278612,0.001,False,128.0,128.0,,
train,,,,,,,214.40539717674255,7.0,66.0,2880.0,0.6204138994216919,0.9498298168182373,0.0010000001223609476,0.001,False,128.0,128.0,,
train,,,,,,,214.47620487213135,7.0,67.0,2881.0,0.7986521124839783,0.9999991059303284,0.0009999984549158008,0.001,False,128.0,128.0,,
train,,,,,,,214.5442430973053,7.0,68.0,2882.0,0.5835376381874084,0.9999991655349731,0.0009999967211318326,0.001,False,128.0,128.0,,
train,,,,,,,214.6175675392151,7.0,69.0,2883.0,0.7171856164932251,0.9999990463256836,0.0009999988343072782,0.001,False,128.0,128.0,,
train,,,,,,,214.68635845184326,7.0,70.0,2884.0,0.5570812821388245,0.9999991059303284,0.0009699104596545995,0.001,False,128.0,128.0,,
train,,,,,,,214.754296541214,7.0,71.0,2885.0,0.539758563041687,0.9699094891548157,0.000999997620859117,0.001,False,128.0,128.0,,
train,,,,,,,214.8217442035675,7.0,72.0,2886.0,0.5887130498886108,0.9999991655349731,0.000999998290075169,0.001,False,128.0,128.0,,
train,,,,,,,214.89019346237183,7.0,73.0,2887.0,0.5105313062667847,0.9999992251396179,0.0009999951930146835,0.001,False,128.0,128.0,,
train,,,,,,,214.9571771621704,7.0,74.0,2888.0,0.5825453400611877,0.9999991655349731,0.001000000305325663,0.001,False,128.0,128.0,,
train,,,,,,,215.0279221534729,7.0,75.0,2889.0,0.6646876931190491,0.9999991655349731,0.0009999992809226663,0.001,False,128.0,128.0,,
train,,,,,,,215.10984539985657,7.0,76.0,2890.0,0.6455351114273071,0.9999993443489075,0.0009999976929127602,0.001,False,128.0,128.0,,
train,,,,,,,215.188378572464,7.0,77.0,2891.0,0.6235754489898682,0.9999992251396179,0.000999998483032242,0.001,False,128.0,128.0,,
train,,,,,,,215.26952648162842,7.0,78.0,2892.0,0.5039337873458862,0.9999992847442627,0.0009758404953078136,0.001,False,128.0,128.0,,
train,,,,,,,215.34513759613037,7.0,79.0,2893.0,0.5384393930435181,0.97584068775177,0.000994538731058026,0.001,False,128.0,128.0,,
train,,,,,,,215.4167938232422,7.0,80.0,2894.0,0.5660414695739746,0.9945406317710876,0.00099999850204484,0.001,False,128.0,128.0,,
train,,,,,,,215.5106110572815,7.0,81.0,2895.0,0.6024593114852905,0.9999992847442627,0.000999999365105384,0.001,False,128.0,128.0,,
train,,,,,,,215.5895688533783,7.0,82.0,2896.0,0.6140646934509277,0.9999990463256836,0.0009999992416484978,0.001,False,128.0,128.0,,
train,,,,,,,215.66587162017822,7.0,83.0,2897.0,0.5887259244918823,0.9999991059303284,0.0009999988961467707,0.001,False,128.0,128.0,,
train,,,,,,,215.73821187019348,7.0,84.0,2898.0,0.67790687084198,0.9999991655349731,0.0009999983719542536,0.001,False,128.0,128.0,,
train,,,,,,,215.81428027153015,7.0,85.0,2899.0,0.5420817136764526,0.9999992251396179,0.000999998881519566,0.001,False,128.0,128.0,,
train,,,,,,,215.88338541984558,7.0,86.0,2900.0,0.5676021575927734,0.9999990463256836,0.0009999982815819483,0.001,False,128.0,128.0,,
train,,,,,,,215.95422267913818,7.0,87.0,2901.0,0.5913251638412476,0.9999991059303284,0.0009964109145941865,0.001,False,128.0,128.0,,
train,,,,,,,216.02696990966797,7.0,88.0,2902.0,0.5725558996200562,0.9964109659194946,0.0009591686429371678,0.001,False,128.0,128.0,,
train,,,,,,,216.09976315498352,7.0,89.0,2903.0,0.44838181138038635,0.9591675996780396,0.0008149920534221037,0.001,False,128.0,128.0,,
train,,,,,,,216.17116498947144,7.0,90.0,2904.0,0.5987172722816467,0.8149933218955994,0.0010000009452578143,0.001,False,128.0,128.0,,
train,,,,,,,216.24989771842957,7.0,91.0,2905.0,0.561773419380188,0.9999992847442627,0.0009227235762302925,0.001,False,128.0,128.0,,
train,,,,,,,216.33019423484802,7.0,92.0,2906.0,0.6166329383850098,0.9227227568626404,0.0009723251983308752,0.001,False,128.0,128.0,,
train,,,,,,,216.39788794517517,7.0,93.0,2907.0,0.630014181137085,0.9723253846168518,0.0010000013312819204,0.001,False,128.0,128.0,,
train,,,,,,,216.46690917015076,7.0,94.0,2908.0,0.6437581777572632,0.9999992251396179,0.0009999979776855825,0.001,False,128.0,128.0,,
train,,,,,,,216.53564357757568,7.0,95.0,2909.0,0.583611011505127,0.9999993443489075,0.0008842786756614126,0.001,False,128.0,128.0,,
train,,,,,,,216.60641980171204,7.0,96.0,2910.0,0.5627812147140503,0.8842777609825134,0.0009339580791020229,0.001,False,128.0,128.0,,
train,,,,,,,216.68692326545715,7.0,97.0,2911.0,0.5608711242675781,0.9339593648910522,0.000999997483579704,0.001,False,128.0,128.0,,
train,,,,,,,216.770357131958,7.0,98.0,2912.0,0.5894370675086975,0.9999990463256836,0.0009999991390360517,0.001,False,128.0,128.0,,
train,,,,,,,216.839040517807,7.0,99.0,2913.0,0.637542724609375,0.9999992251396179,0.0009999983045358486,0.001,False,128.0,128.0,,
train,,,,,,,216.91251921653748,7.0,100.0,2914.0,0.6929762363433838,0.9999991655349731,0.000999999822795012,0.001,False,128.0,128.0,,
train,,,,,,,216.98043084144592,7.0,101.0,2915.0,0.5171236991882324,0.9999991059303284,0.0009488960482710024,0.001,False,128.0,128.0,,
train,,,,,,,217.05631685256958,7.0,102.0,2916.0,0.4821952283382416,0.9488943815231323,0.0009563068050565631,0.001,False,128.0,128.0,,
train,,,,,,,217.1470332145691,7.0,103.0,2917.0,0.573051393032074,0.9563060998916626,0.0009846346199153429,0.001,False,128.0,128.0,,
train,,,,,,,217.22433876991272,7.0,104.0,2918.0,0.624232292175293,0.9846345782279968,0.0010000009093421326,0.001,False,128.0,128.0,,
train,,,,,,,217.30588006973267,7.0,105.0,2919.0,0.5828487277030945,0.9999990463256836,0.0009999981456071405,0.001,False,128.0,128.0,,
train,,,,,,,217.38359832763672,7.0,106.0,2920.0,0.4780128300189972,0.9999991059303284,0.0009521427188879712,0.001,False,128.0,128.0,,
train,,,,,,,217.45882892608643,7.0,107.0,2921.0,0.5830866098403931,0.9521421790122986,0.0010000007713970378,0.001,False,128.0,128.0,,
train,,,,,,,217.53071069717407,7.0,108.0,2922.0,0.5320081114768982,0.9999990463256836,0.0009737527006399255,0.001,False,128.0,128.0,,
train,,,,,,,217.60279846191406,7.0,109.0,2923.0,0.49706628918647766,0.973752498626709,0.0008580703785462268,0.001,False,128.0,128.0,,
train,,,,,,,217.670672416687,7.0,110.0,2924.0,0.6234209537506104,0.8580713868141174,0.0009999997240961625,0.001,False,128.0,128.0,,
train,,,,,,,217.74367475509644,7.0,111.0,2925.0,0.5822799801826477,0.9999991655349731,0.000999998558610786,0.001,False,128.0,128.0,,
train,,,,,,,217.82633209228516,7.0,112.0,2926.0,0.5920422077178955,0.999998927116394,0.0009672841463620665,0.001,False,128.0,128.0,,
train,,,,,,,217.90968585014343,7.0,113.0,2927.0,0.5009818077087402,0.9672845602035522,0.0009999987068257626,0.001,False,128.0,128.0,,
train,,,,,,,217.9855773448944,7.0,114.0,2928.0,0.5908248424530029,0.9999991059303284,0.000980556746758256,0.001,False,128.0,128.0,,
train,,,,,,,218.0626630783081,7.0,115.0,2929.0,0.5605953931808472,0.9805589318275452,0.0009802054337491328,0.001,False,128.0,128.0,,
train,,,,,,,218.14841961860657,7.0,116.0,2930.0,0.608413815498352,0.9802044034004211,0.0009999997577081734,0.001,False,128.0,128.0,,
train,,,,,,,218.22365045547485,7.0,117.0,2931.0,0.4660852551460266,0.9999991059303284,0.0009063943179812596,0.001,False,128.0,128.0,,
train,,,,,,,218.29444479942322,7.0,118.0,2932.0,0.5710830092430115,0.9063926339149475,0.0009999995478204376,0.001,False,128.0,128.0,,
train,,,,,,,218.37165760993958,7.0,119.0,2933.0,0.5040040016174316,0.9999992847442627,0.0010000013406077815,0.001,False,128.0,128.0,,
train,,,,,,,218.44639945030212,7.0,120.0,2934.0,0.5342878103256226,0.9999990463256836,0.0009999989149928272,0.001,False,128.0,128.0,,
train,,,,,,,218.52448987960815,7.0,121.0,2935.0,0.5547080636024475,0.9999991655349731,0.0009999990893535273,0.001,False,128.0,128.0,,
train,,,,,,,218.63943362236023,7.0,122.0,2936.0,0.6271518468856812,0.9999992251396179,0.0010000001180310784,0.001,False,128.0,128.0,,
train,,,,,,,218.73658871650696,7.0,123.0,2937.0,0.5538535118103027,0.9999990463256836,0.0010000005146581284,0.001,False,128.0,128.0,,
train,,,,,,,218.83432340621948,7.0,124.0,2938.0,0.6694934368133545,0.9999991059303284,0.0009945248710728632,0.001,False,128.0,128.0,,
train,,,,,,,218.9163634777069,7.0,125.0,2939.0,0.6123861074447632,0.9945247173309326,0.001000000503611415,0.001,False,128.0,128.0,,
train,,,,,,,218.99258995056152,7.0,126.0,2940.0,0.48492807149887085,0.9999991655349731,0.0009469504372132421,0.001,False,128.0,128.0,,
train,,,,,,,219.07160449028015,7.0,127.0,2941.0,0.632442057132721,0.9469483494758606,0.0009999993856167674,0.001,False,128.0,128.0,,
train,,,,,,,219.14799904823303,7.0,128.0,2942.0,0.5968680381774902,0.9999991655349731,0.0009999996905119062,0.001,False,128.0,128.0,,
train,,,,,,,219.21888303756714,7.0,129.0,2943.0,0.5736181735992432,0.9999991655349731,0.0009999970787912887,0.001,False,128.0,128.0,,
train,,,,,,,219.28579545021057,7.0,130.0,2944.0,0.5713526606559753,0.9999989867210388,0.0009371041758143506,0.001,False,128.0,128.0,,
train,,,,,,,219.35941576957703,7.0,131.0,2945.0,0.6048263311386108,0.937103807926178,0.0009999967780309476,0.001,False,128.0,128.0,,
train,,,,,,,219.43558812141418,7.0,132.0,2946.0,0.6261053085327148,0.9999991059303284,0.0009999993148400034,0.001,False,128.0,128.0,,
train,,,,,,,219.53479385375977,7.0,133.0,2947.0,0.5192759037017822,0.9999991655349731,0.0009999980376377451,0.001,False,128.0,128.0,,
train,,,,,,,219.64572286605835,7.0,134.0,2948.0,0.5466346740722656,0.9999990463256836,0.0009488121255243657,0.001,False,128.0,128.0,,
train,,,,,,,219.73385787010193,7.0,135.0,2949.0,0.5394047498703003,0.948811948299408,0.0009116998174652253,0.001,False,128.0,128.0,,
train,,,,,,,219.80145382881165,7.0,136.0,2950.0,0.523855984210968,0.9117000102996826,0.0008716596779173761,0.001,False,128.0,128.0,,
train,,,,,,,219.88448286056519,7.0,137.0,2951.0,0.48040056228637695,0.8716608285903931,0.0010000007192721057,0.001,False,128.0,128.0,,
train,,,,,,,219.96375918388367,7.0,138.0,2952.0,0.5713052749633789,0.9999990463256836,0.0009999988476022143,0.001,False,128.0,128.0,,
train,,,,,,,220.0421326160431,7.0,139.0,2953.0,0.4933958053588867,0.9999991655349731,0.0008585289951198989,0.001,False,128.0,128.0,,
train,,,,,,,220.1335482597351,7.0,140.0,2954.0,0.5565256476402283,0.8585297465324402,0.000999996705588659,0.001,False,128.0,128.0,,
train,,,,,,,220.22680640220642,7.0,141.0,2955.0,0.4694151282310486,0.9999990463256836,0.0009348447091760262,0.001,False,128.0,128.0,,
train,,,,,,,220.31099200248718,7.0,142.0,2956.0,0.6216558218002319,0.9348434805870056,0.0009999973818275026,0.001,False,128.0,128.0,,
train,,,,,,,220.39718985557556,7.0,143.0,2957.0,0.5924930572509766,0.9999990463256836,0.0009999982876326742,0.001,False,128.0,128.0,,
train,,,,,,,220.46728897094727,7.0,144.0,2958.0,0.47801604866981506,0.9999991059303284,0.0009999994114017125,0.001,False,128.0,128.0,,
train,,,,,,,220.54797458648682,7.0,145.0,2959.0,0.6027421951293945,0.9999991059303284,0.0009642484737443992,0.001,False,128.0,128.0,,
train,,,,,,,220.6368284225464,7.0,146.0,2960.0,0.6266753673553467,0.9642489552497864,0.0009999996087161963,0.001,False,128.0,128.0,,
train,,,,,,,220.72632670402527,7.0,147.0,2961.0,0.6538029909133911,0.9999990463256836,0.0009999975905499558,0.001,False,128.0,128.0,,
train,,,,,,,220.8195402622223,7.0,148.0,2962.0,0.6310616135597229,0.9999990463256836,0.0009999984430086404,0.001,False,128.0,128.0,,
train,,,,,,,220.90518617630005,7.0,149.0,2963.0,0.5894462466239929,0.9999989867210388,0.0009174462223887885,0.001,False,128.0,128.0,,
train,,,,,,,220.97771430015564,7.0,150.0,2964.0,0.5588858127593994,0.9174464344978333,0.0009999976289637644,0.001,False,128.0,128.0,,
train,,,,,,,221.06225156784058,7.0,151.0,2965.0,0.5943822860717773,0.9999991059303284,0.0009999980197908749,0.001,False,128.0,128.0,,
train,,,,,,,221.1424539089203,7.0,152.0,2966.0,0.5201247930526733,0.9999991059303284,0.000999997639594175,0.001,False,128.0,128.0,,
train,,,,,,,221.22035956382751,7.0,153.0,2967.0,0.6089494228363037,0.9999991059303284,0.0009999984015139894,0.001,False,128.0,128.0,,
train,,,,,,,221.29860091209412,7.0,154.0,2968.0,0.6353061199188232,0.9999989867210388,0.0009999979316944996,0.001,False,128.0,128.0,,
train,,,,,,,221.37747836112976,7.0,155.0,2969.0,0.6719600558280945,0.9999990463256836,0.000999997675426707,0.001,False,128.0,128.0,,
train,,,,,,,221.45520877838135,7.0,156.0,2970.0,0.5652217268943787,0.9999989867210388,0.0009746516484215806,0.001,False,128.0,128.0,,
train,,,,,,,221.5261800289154,7.0,157.0,2971.0,0.5522196888923645,0.9746524691581726,0.0009990005142459062,0.001,False,128.0,128.0,,
train,,,,,,,221.60551524162292,7.0,158.0,2972.0,0.6011408567428589,0.9990019202232361,0.0010000006207676337,0.001,False,128.0,128.0,,
train,,,,,,,221.68087244033813,7.0,159.0,2973.0,0.6191743612289429,0.9999991655349731,0.0009999974804710716,0.001,False,128.0,128.0,,
train,,,,,,,221.756769657135,7.0,160.0,2974.0,0.5538097023963928,0.9999991059303284,0.0009999973053884442,0.001,False,128.0,128.0,,
train,,,,,,,221.83445620536804,7.0,161.0,2975.0,0.4913836717605591,0.9999991059303284,0.0009999980438550064,0.001,False,128.0,128.0,,
train,,,,,,,221.9050257205963,7.0,162.0,2976.0,0.5935243368148804,0.9999992251396179,0.0009377229280098559,0.001,False,128.0,128.0,,
train,,,,,,,221.97343468666077,7.0,163.0,2977.0,0.5004473924636841,0.9377198815345764,0.0008910626489192689,0.001,False,128.0,128.0,,
train,,,,,,,222.038503408432,7.0,164.0,2978.0,0.524610161781311,0.8910611271858215,0.000999998316859345,0.001,False,128.0,128.0,,
train,,,,,,,222.11171770095825,7.0,165.0,2979.0,0.5576555728912354,0.9999991059303284,0.0010000004558440923,0.001,False,128.0,128.0,,
train,,,,,,,222.18337225914001,7.0,166.0,2980.0,0.6227661371231079,0.9999992251396179,0.0009999990240445963,0.001,False,128.0,128.0,,
train,,,,,,,222.26027655601501,7.0,167.0,2981.0,0.6388097405433655,0.9999991059303284,0.0010000011603632987,0.001,False,128.0,128.0,,
train,,,,,,,222.353089094162,7.0,168.0,2982.0,0.47458168864250183,0.9999992251396179,0.0009613913179638221,0.001,False,128.0,128.0,,
train,,,,,,,222.4452748298645,7.0,169.0,2983.0,0.5840482711791992,0.9613906741142273,0.0009921110570243969,0.001,False,128.0,128.0,,
train,,,,,,,222.53223538398743,7.0,170.0,2984.0,0.44406309723854065,0.9921094179153442,0.0010000016903275043,0.001,False,128.0,128.0,,
train,,,,,,,222.62689590454102,7.0,171.0,2985.0,0.7076035737991333,0.9999991059303284,0.0009999974014785014,0.001,False,128.0,128.0,,
train,,,,,,,222.73888158798218,7.0,172.0,2986.0,0.6340922117233276,0.9999991655349731,0.000999999804448573,0.001,False,128.0,128.0,,
train,,,,,,,222.8389060497284,7.0,173.0,2987.0,0.566959798336029,0.9999992847442627,0.0009999966489670968,0.001,False,128.0,128.0,,
train,,,,,,,222.99011707305908,7.0,174.0,2988.0,0.5525634288787842,0.9999991655349731,0.0009999979347753748,0.001,False,128.0,128.0,,
train,,,,,,,223.16357278823853,7.0,175.0,2989.0,0.6238194108009338,0.9999989867210388,0.0009999985113013383,0.001,False,128.0,128.0,,
train,,,,,,,223.23902940750122,7.0,176.0,2990.0,0.5908300876617432,0.9999990463256836,0.000999996720854276,0.001,False,128.0,128.0,,
train,,,,,,,223.30995965003967,7.0,177.0,2991.0,0.5293042063713074,0.9999991655349731,0.0009999978930864133,0.001,False,128.0,128.0,,
train,,,,,,,223.38573598861694,7.0,178.0,2992.0,0.4534042477607727,0.9999991059303284,0.0008425527035698636,0.001,False,128.0,128.0,,
train,,,,,,,223.4617578983307,7.0,179.0,2993.0,0.5265036821365356,0.842552900314331,0.0009999984215535468,0.001,False,128.0,128.0,,
train,,,,,,,223.54011178016663,7.0,180.0,2994.0,0.6556706428527832,0.9999991655349731,0.0009999991814466068,0.001,False,128.0,128.0,,
train,,,,,,,223.6137146949768,7.0,181.0,2995.0,0.6457358598709106,0.9999992251396179,0.0009999992035955739,0.001,False,128.0,128.0,,
train,,,,,,,223.68790340423584,7.0,182.0,2996.0,0.4449814558029175,0.9999991655349731,0.0009999989519077822,0.001,False,128.0,128.0,,
train,,,,,,,223.75934600830078,7.0,183.0,2997.0,0.513130784034729,0.9999991059303284,0.0009999978439034286,0.001,False,128.0,128.0,,
train,,,,,,,223.83509302139282,7.0,184.0,2998.0,0.597214937210083,0.9999989867210388,0.0010000004086318786,0.001,False,128.0,128.0,,
train,,,,,,,223.90660881996155,7.0,185.0,2999.0,0.5178608894348145,0.9999990463256836,0.000999999491421081,0.001,False,128.0,128.0,,
train,,,,,,,223.97161626815796,7.0,186.0,3000.0,0.4964057207107544,0.9999992847442627,0.0008254505248044841,0.001,False,128.0,128.0,,
train,,,,,,,224.04099464416504,7.0,187.0,3001.0,0.5352267026901245,0.8254510164260864,0.0010000005871001409,0.001,False,128.0,128.0,,
train,,,,,,,224.11551666259766,7.0,188.0,3002.0,0.5375168323516846,0.9999990463256836,0.000921269081704277,0.001,False,128.0,128.0,,
train,,,,,,,224.19284749031067,7.0,189.0,3003.0,0.5669936537742615,0.9212703108787537,0.0009726432954802052,0.001,False,128.0,128.0,,
train,,,,,,,224.26918840408325,7.0,190.0,3004.0,0.5328394174575806,0.9726449847221375,0.0009446707787685977,0.001,False,128.0,128.0,,
train,,,,,,,224.3455605506897,7.0,191.0,3005.0,0.6095329523086548,0.9446691274642944,0.0009999998012289256,0.001,False,128.0,128.0,,
train,,,,,,,224.41236448287964,7.0,192.0,3006.0,0.5593944787979126,0.9999991059303284,0.0008916937237732911,0.001,False,128.0,128.0,,
train,,,,,,,224.48599553108215,7.0,193.0,3007.0,0.6233839988708496,0.8916941285133362,0.000982458363404118,0.001,False,128.0,128.0,,
train,,,,,,,224.55438137054443,7.0,194.0,3008.0,0.6265266537666321,0.9824570417404175,0.0009999983820850552,0.001,False,128.0,128.0,,
train,,,,,,,224.62668466567993,7.0,195.0,3009.0,0.5468049049377441,0.9999991059303284,0.0010000008724827612,0.001,False,128.0,128.0,,
train,,,,,,,224.69388484954834,7.0,196.0,3010.0,0.5810819864273071,0.9999992251396179,0.0009999978588082045,0.001,False,128.0,128.0,,
train,,,,,,,224.7644464969635,7.0,197.0,3011.0,0.5992103815078735,0.9999990463256836,0.0009984211312906103,0.001,False,128.0,128.0,,
train,,,,,,,224.8385715484619,7.0,198.0,3012.0,0.5635610818862915,0.998421311378479,0.0009999996137122018,0.001,False,128.0,128.0,,
train,,,,,,,224.9155023097992,7.0,199.0,3013.0,0.6723815202713013,0.9999992251396179,0.000999999191716178,0.001,False,128.0,128.0,,
train,,,,,,,224.9845929145813,7.0,200.0,3014.0,0.5273767709732056,0.9999992251396179,0.0010000024049210909,0.001,False,128.0,128.0,,
train,,,,,,,225.0709948539734,7.0,201.0,3015.0,0.5814286470413208,0.9999991059303284,0.0009999999518862086,0.001,False,128.0,128.0,,
train,,,,,,,225.14818668365479,7.0,202.0,3016.0,0.536603569984436,0.9999991655349731,0.0009999982251547644,0.001,False,128.0,128.0,,
train,,,,,,,225.2223334312439,7.0,203.0,3017.0,0.5421785116195679,0.9999991655349731,0.0008179144086850007,0.001,False,128.0,128.0,,
train,,,,,,,225.29101371765137,7.0,204.0,3018.0,0.5978444814682007,0.8179143071174622,0.0009392932822994467,0.001,False,128.0,128.0,,
train,,,,,,,225.359787940979,7.0,205.0,3019.0,0.6449047327041626,0.9392937421798706,0.0010000011648041856,0.001,False,128.0,128.0,,
train,,,,,,,225.4392364025116,7.0,206.0,3020.0,0.47795936465263367,0.9999992847442627,0.0008451857491058137,0.001,False,128.0,128.0,,
train,,,,,,,225.517680644989,7.0,207.0,3021.0,0.5467058420181274,0.8451841473579407,0.0009999989544057866,0.001,False,128.0,128.0,,
train,,,,,,,225.59660482406616,7.0,208.0,3022.0,0.5522568225860596,0.9999991059303284,0.0010000002701871145,0.001,False,128.0,128.0,,
train,,,,,,,225.6766448020935,7.0,209.0,3023.0,0.6220239400863647,0.9999990463256836,0.000999999993658351,0.001,False,128.0,128.0,,
train,,,,,,,225.74154615402222,7.0,210.0,3024.0,0.6562973260879517,0.9999992251396179,0.0009999975971557988,0.001,False,128.0,128.0,,
train,,,,,,,225.8117618560791,7.0,211.0,3025.0,0.5659657120704651,0.9999991655349731,0.0008926052470509436,0.001,False,128.0,128.0,,
train,,,,,,,225.87836742401123,7.0,212.0,3026.0,0.5747053623199463,0.8926036953926086,0.0009754846090854779,0.001,False,128.0,128.0,,
train,,,,,,,225.95161056518555,7.0,213.0,3027.0,0.482681006193161,0.9754840135574341,0.0009869014590590554,0.001,False,128.0,128.0,,
train,,,,,,,226.0198700428009,7.0,214.0,3028.0,0.5719602108001709,0.9869009852409363,0.0009999992380402701,0.001,False,128.0,128.0,,
train,,,,,,,226.09079360961914,7.0,215.0,3029.0,0.5081179141998291,0.9999990463256836,0.0009999996451592807,0.001,False,128.0,128.0,,
train,,,,,,,226.15920972824097,7.0,216.0,3030.0,0.5516720414161682,0.9999991655349731,0.0009949308482945882,0.001,False,128.0,128.0,,
train,,,,,,,226.22818779945374,7.0,217.0,3031.0,0.6304547786712646,0.9949279427528381,0.0009999991523309837,0.001,False,128.0,128.0,,
train,,,,,,,226.29534220695496,7.0,218.0,3032.0,0.6448991894721985,0.9999989867210388,0.0010000001264687723,0.001,False,128.0,128.0,,
train,,,,,,,226.36443638801575,7.0,219.0,3033.0,0.5846725702285767,0.9999990463256836,0.0010000008235774784,0.001,False,128.0,128.0,,
train,,,,,,,226.43822407722473,7.0,220.0,3034.0,0.5244578123092651,0.9999991059303284,0.0010000004237309054,0.001,False,128.0,128.0,,
train,,,,,,,226.51108956336975,7.0,221.0,3035.0,0.5880085229873657,0.9999989867210388,0.0009999972578152584,0.001,False,128.0,128.0,,
train,,,,,,,226.58230209350586,7.0,222.0,3036.0,0.5470453500747681,0.9999990463256836,0.0009999999287103015,0.001,False,128.0,128.0,,
train,,,,,,,226.6501395702362,7.0,223.0,3037.0,0.613984227180481,0.9999991059303284,0.0009999978726027551,0.001,False,128.0,128.0,,
train,,,,,,,226.71984362602234,7.0,224.0,3038.0,0.5688142776489258,0.9999991655349731,0.0009999993283847336,0.001,False,128.0,128.0,,
train,,,,,,,226.7904999256134,7.0,225.0,3039.0,0.5808759927749634,0.9999991655349731,0.000999996389673607,0.001,False,128.0,128.0,,
train,,,,,,,226.8613166809082,7.0,226.0,3040.0,0.5467153787612915,0.9999989867210388,0.0009951180218604216,0.001,False,128.0,128.0,,
train,,,,,,,226.93343091011047,7.0,227.0,3041.0,0.657025933265686,0.9951169490814209,0.0009999979623644736,0.001,False,128.0,128.0,,
train,,,,,,,227.00053596496582,7.0,228.0,3042.0,0.5211477875709534,0.9999991655349731,0.000978422182886221,0.001,False,128.0,128.0,,
train,,,,,,,227.0714032649994,7.0,229.0,3043.0,0.6064156293869019,0.978421151638031,0.0009999992868623636,0.001,False,128.0,128.0,,
train,,,,,,,227.14944648742676,7.0,230.0,3044.0,0.6791195869445801,0.9999989867210388,0.0009999977120363956,0.001,False,128.0,128.0,,
train,,,,,,,227.2216694355011,7.0,231.0,3045.0,0.541007936000824,0.9999990463256836,0.0009999974891308331,0.001,False,128.0,128.0,,
train,,,,,,,227.29162192344666,7.0,232.0,3046.0,0.6210329532623291,0.9999992251396179,0.0009812848849816624,0.001,False,128.0,128.0,,
train,,,,,,,227.36383366584778,7.0,233.0,3047.0,0.3940197825431824,0.9812850952148438,0.0008711168604808772,0.001,False,128.0,128.0,,
train,,,,,,,227.4421989917755,7.0,234.0,3048.0,0.5090566277503967,0.8711161017417908,0.0009999987969204734,0.001,False,128.0,128.0,,
train,,,,,,,227.51780247688293,7.0,235.0,3049.0,0.5719870328903198,0.9999990463256836,0.0009381920124404916,0.001,False,128.0,128.0,,
train,,,,,,,227.59241604804993,7.0,236.0,3050.0,0.5764345526695251,0.9381915330886841,0.0009999990479421699,0.001,False,128.0,128.0,,
train,,,,,,,227.67478942871094,7.0,237.0,3051.0,0.5377651453018188,0.9999992847442627,0.0009537829617143605,0.001,False,128.0,128.0,,
train,,,,,,,227.76050281524658,7.0,238.0,3052.0,0.5272225737571716,0.9537829756736755,0.0009999996309761764,0.001,False,128.0,128.0,,
train,,,,,,,227.8314323425293,7.0,239.0,3053.0,0.6538782119750977,0.9999992847442627,0.0009761804552298004,0.001,False,128.0,128.0,,
train,,,,,,,227.89921951293945,7.0,240.0,3054.0,0.6838510036468506,0.9761814475059509,0.0009999991927431352,0.001,False,128.0,128.0,,
train,,,,,,,227.97190022468567,7.0,241.0,3055.0,0.5419967770576477,0.9999991059303284,0.0008967528864673782,0.001,False,128.0,128.0,,
train,,,,,,,228.03783679008484,7.0,242.0,3056.0,0.61598801612854,0.8967546224594116,0.0009999997899601595,0.001,False,128.0,128.0,,
train,,,,,,,228.11003255844116,7.0,243.0,3057.0,0.5635333061218262,0.9999992251396179,0.0010000016697329017,0.001,False,128.0,128.0,,
train,,,,,,,228.18302607536316,7.0,244.0,3058.0,0.4360553026199341,0.9999991059303284,0.0009008914052526568,0.001,False,128.0,128.0,,
train,,,,,,,228.24907755851746,7.0,245.0,3059.0,0.49147331714630127,0.9008888006210327,0.0009999983972951351,0.001,False,128.0,128.0,,
train,,,,,,,228.3225405216217,7.0,246.0,3060.0,0.5567156672477722,0.9999991655349731,0.0010000001080945834,0.001,False,128.0,128.0,,
train,,,,,,,228.39607524871826,7.0,247.0,3061.0,0.5121043920516968,0.9999991655349731,0.0009613150410669965,0.001,False,128.0,128.0,,
train,,,,,,,228.47181630134583,7.0,248.0,3062.0,0.6291344165802002,0.9613162279129028,0.0009999989602344635,0.001,False,128.0,128.0,,
train,,,,,,,228.56693029403687,7.0,249.0,3063.0,0.5721413493156433,0.9999991059303284,0.0009999988468805685,0.001,False,128.0,128.0,,
train,,,,,,,228.64489722251892,7.0,250.0,3064.0,0.5535616278648376,0.9999994039535522,0.0010000008326257884,0.001,False,128.0,128.0,,
train,,,,,,,228.72940325737,7.0,251.0,3065.0,0.526800274848938,0.9999991655349731,0.0009999972237868288,0.001,False,128.0,128.0,,
train,,,,,,,228.81253242492676,7.0,252.0,3066.0,0.6064664125442505,0.9999991059303284,0.0009999981708092495,0.001,False,128.0,128.0,,
train,,,,,,,228.8922302722931,7.0,253.0,3067.0,0.5262875556945801,0.9999991655349731,0.0009999982333426737,0.001,False,128.0,128.0,,
train,,,,,,,228.96867847442627,7.0,254.0,3068.0,0.5732815265655518,0.9999991059303284,0.0010000008773677382,0.001,False,128.0,128.0,,
train,,,,,,,229.06417965888977,7.0,255.0,3069.0,0.418087363243103,0.9999990463256836,0.0009596227478603754,0.001,False,128.0,128.0,,
train,,,,,,,229.16191244125366,7.0,256.0,3070.0,0.5599421262741089,0.9596214890480042,0.000999998888930313,0.001,False,128.0,128.0,,
train,,,,,,,229.25935673713684,7.0,257.0,3071.0,0.6014565229415894,0.9999992847442627,0.0009452026295774687,0.001,False,128.0,128.0,,
train,,,,,,,229.34663343429565,7.0,258.0,3072.0,0.53276127576828,0.9452002644538879,0.000999998911495621,0.001,False,128.0,128.0,,
train,,,,,,,229.42427372932434,7.0,259.0,3073.0,0.5777909755706787,0.9999991059303284,0.000999998121348722,0.001,False,128.0,128.0,,
train,,,,,,,229.4973521232605,7.0,260.0,3074.0,0.5659240484237671,0.9999991059303284,0.001000000054581838,0.001,False,128.0,128.0,,
train,,,,,,,229.5689570903778,7.0,261.0,3075.0,0.5728814601898193,0.9999991059303284,0.0009764891221949776,0.001,False,128.0,128.0,,
train,,,,,,,229.64396739006042,7.0,262.0,3076.0,0.4442574977874756,0.9764899611473083,0.000962240215369497,0.001,False,128.0,128.0,,
train,,,,,,,229.73166394233704,7.0,263.0,3077.0,0.5134046673774719,0.9622392654418945,0.0009999989931526098,0.001,False,128.0,128.0,,
train,,,,,,,229.81191039085388,7.0,264.0,3078.0,0.5932831168174744,0.9999991059303284,0.0009999989456905267,0.001,False,128.0,128.0,,
train,,,,,,,229.88735032081604,7.0,265.0,3079.0,0.5812409520149231,0.9999992251396179,0.0009477806647930361,0.001,False,128.0,128.0,,
train,,,,,,,229.97646117210388,7.0,266.0,3080.0,0.6288295984268188,0.9477792382240295,0.0009999994196451232,0.001,False,128.0,128.0,,
train,,,,,,,230.05480647087097,7.0,267.0,3081.0,0.6011351346969604,0.9999991655349731,0.0009999989536286296,0.001,False,128.0,128.0,,
train,,,,,,,230.12679052352905,7.0,268.0,3082.0,0.5712128281593323,0.9999991059303284,0.0009999980660039987,0.001,False,128.0,128.0,,
train,,,,,,,230.20657920837402,7.0,269.0,3083.0,0.5434418320655823,0.9999991655349731,0.0010000004122401019,0.001,False,128.0,128.0,,
train,,,,,,,230.2824649810791,7.0,270.0,3084.0,0.600126326084137,0.9999991059303284,0.000999999688263704,0.001,False,128.0,128.0,,
train,,,,,,,230.36130046844482,7.0,271.0,3085.0,0.49219775199890137,0.9999989867210388,0.0009999998263199705,0.001,False,128.0,128.0,,
train,,,,,,,230.43861627578735,7.0,272.0,3086.0,0.5973858833312988,0.9999991059303284,0.0009999983029260224,0.001,False,128.0,128.0,,
train,,,,,,,230.50573062896729,7.0,273.0,3087.0,0.4997047483921051,0.9999991655349731,0.0009999990705907408,0.001,False,128.0,128.0,,
train,,,,,,,230.5834732055664,7.0,274.0,3088.0,0.5588302612304688,0.9999991655349731,0.0010000000113108971,0.001,False,128.0,128.0,,
train,,,,,,,230.65627026557922,7.0,275.0,3089.0,0.5109018087387085,0.9999990463256836,0.0009999967098630318,0.001,False,128.0,128.0,,
train,,,,,,,230.7243812084198,7.0,276.0,3090.0,0.6085088849067688,0.9999989867210388,0.0009999981388347675,0.001,False,128.0,128.0,,
train,,,,,,,230.8075888156891,7.0,277.0,3091.0,0.5169039368629456,0.9999990463256836,0.0009391111864451938,0.001,False,128.0,128.0,,
train,,,,,,,230.88717675209045,7.0,278.0,3092.0,0.5577223300933838,0.939112663269043,0.0009037600808579514,0.001,False,128.0,128.0,,
train,,,,,,,230.96446585655212,7.0,279.0,3093.0,0.5568287372589111,0.9037598371505737,0.001000000974678696,0.001,False,128.0,128.0,,
train,,,,,,,231.03826808929443,7.0,280.0,3094.0,0.5839980244636536,0.9999991655349731,0.0010000011944471055,0.001,False,128.0,128.0,,
train,,,,,,,231.10927510261536,7.0,281.0,3095.0,0.596054196357727,0.9999992847442627,0.0010000000833366124,0.001,False,128.0,128.0,,
train,,,,,,,231.18026566505432,7.0,282.0,3096.0,0.6519889831542969,0.9999991655349731,0.000999998352442052,0.001,False,128.0,128.0,,
train,,,,,,,231.2563943862915,7.0,283.0,3097.0,0.740719199180603,0.9999991655349731,0.000999999222968981,0.001,False,128.0,128.0,,
train,,,,,,,231.34158849716187,7.0,284.0,3098.0,0.5187323093414307,0.9999992251396179,0.0009999994558384142,0.001,False,128.0,128.0,,
train,,,,,,,231.41621112823486,7.0,285.0,3099.0,0.5362088680267334,0.9999990463256836,0.0009414939525323313,0.001,False,128.0,128.0,,
train,,,,,,,231.49405717849731,7.0,286.0,3100.0,0.5191386938095093,0.9414930939674377,0.0010000008445051648,0.001,False,128.0,128.0,,
train,,,,,,,231.57989859580994,7.0,287.0,3101.0,0.5338737368583679,0.9999990463256836,0.0009700603120331536,0.001,False,128.0,128.0,,
train,,,,,,,231.6500313282013,7.0,288.0,3102.0,0.6427422165870667,0.9700609445571899,0.0009999992995189152,0.001,False,128.0,128.0,,
train,,,,,,,231.7332479953766,7.0,289.0,3103.0,0.5767560005187988,0.9999991655349731,0.0010000016773934277,0.001,False,128.0,128.0,,
train,,,,,,,231.8154571056366,7.0,290.0,3104.0,0.6273956894874573,0.9999990463256836,0.0010000000890542605,0.001,False,128.0,128.0,,
train,,,,,,,231.9004683494568,7.0,291.0,3105.0,0.5079908967018127,0.9999992847442627,0.0009999993734043065,0.001,False,128.0,128.0,,
train,,,,,,,231.98924207687378,7.0,292.0,3106.0,0.5330559611320496,0.9999991655349731,0.0009999992790352857,0.001,False,128.0,128.0,,
train,,,,,,,232.07498335838318,7.0,293.0,3107.0,0.4858062267303467,0.9999991059303284,0.0009989129023780735,0.001,False,128.0,128.0,,
train,,,,,,,232.1478374004364,7.0,294.0,3108.0,0.5288046002388,0.9989141225814819,0.0009999979126818909,0.001,False,128.0,128.0,,
train,,,,,,,232.2591428756714,7.0,295.0,3109.0,0.5934696793556213,0.9999991655349731,0.0010000000596888637,0.001,False,128.0,128.0,,
train,,,,,,,232.37023210525513,7.0,296.0,3110.0,0.5461989641189575,0.9999990463256836,0.0010000012769365743,0.001,False,128.0,128.0,,
train,,,,,,,232.45896792411804,7.0,297.0,3111.0,0.6346993446350098,0.9999992847442627,0.0009572876802076361,0.001,False,128.0,128.0,,
train,,,,,,,232.53556990623474,7.0,298.0,3112.0,0.5484517216682434,0.9572882056236267,0.0009999983847773504,0.001,False,128.0,128.0,,
train,,,,,,,232.6212477684021,7.0,299.0,3113.0,0.46907418966293335,0.9999991655349731,0.0009999975616563318,0.001,False,128.0,128.0,,
train,,,,,,,232.7099380493164,7.0,300.0,3114.0,0.5805506706237793,0.9999991655349731,0.0009564941930825257,0.001,False,128.0,128.0,,
train,,,,,,,232.79825091362,7.0,301.0,3115.0,0.52643221616745,0.9564952850341797,0.0009999973537942975,0.001,False,128.0,128.0,,
train,,,,,,,232.8796787261963,7.0,302.0,3116.0,0.5326718091964722,0.9999991059303284,0.0010000020453761642,0.001,False,128.0,128.0,,
train,,,,,,,232.9597682952881,7.0,303.0,3117.0,0.4953977167606354,0.9999991655349731,0.0009999989942628342,0.001,False,128.0,128.0,,
train,,,,,,,233.04446411132812,7.0,304.0,3118.0,0.543279230594635,0.9999990463256836,0.0008637270787646598,0.001,False,128.0,128.0,,
train,,,,,,,233.12725639343262,7.0,305.0,3119.0,0.5632846355438232,0.8637259602546692,0.0010000006121356551,0.001,False,128.0,128.0,,
train,,,,,,,233.20673990249634,7.0,306.0,3120.0,0.6005885601043701,0.9999992251396179,0.0009999964106568976,0.001,False,128.0,128.0,,
train,,,,,,,233.29802346229553,7.0,307.0,3121.0,0.5734065771102905,0.9999991655349731,0.000999998733415638,0.001,False,128.0,128.0,,
train,,,,,,,233.3928554058075,7.0,308.0,3122.0,0.6416535377502441,0.9999991059303284,0.0009999999746457813,0.001,False,128.0,128.0,,
train,,,,,,,233.48045182228088,7.0,309.0,3123.0,0.5541131496429443,0.9999992251396179,0.0010000007243791279,0.001,False,128.0,128.0,,
train,,,,,,,233.56237864494324,7.0,310.0,3124.0,0.5826612710952759,0.9999991655349731,0.000999999756459172,0.001,False,128.0,128.0,,
train,,,,,,,233.64708065986633,7.0,311.0,3125.0,0.5567001700401306,0.9999992251396179,0.0010000016877184845,0.001,False,128.0,128.0,,
train,,,,,,,233.72895884513855,7.0,312.0,3126.0,0.45766475796699524,0.9999991059303284,0.0008546898870887208,0.001,False,128.0,128.0,,
train,,,,,,,233.86068511009216,7.0,313.0,3127.0,0.5062036514282227,0.854688823223114,0.0010000002371024766,0.001,False,128.0,128.0,,
train,,,,,,,233.95208549499512,7.0,314.0,3128.0,0.5606619715690613,0.9999990463256836,0.0010000011497606812,0.001,False,128.0,128.0,,
train,,,,,,,234.03860020637512,7.0,315.0,3129.0,0.5692791938781738,0.9999990463256836,0.0009999988081892508,0.001,False,128.0,128.0,,
train,,,,,,,234.11200141906738,7.0,316.0,3130.0,0.7130708694458008,0.9999991655349731,0.0009999998125532026,0.001,False,128.0,128.0,,
train,,,,,,,234.1834580898285,7.0,317.0,3131.0,0.5139263868331909,0.9999992847442627,0.0009999980818247074,0.001,False,128.0,128.0,,
train,,,,,,,234.2775478363037,7.0,318.0,3132.0,0.5689603090286255,0.9999991059303284,0.0009422318523015478,0.001,False,128.0,128.0,,
train,,,,,,,234.3618893623352,7.0,319.0,3133.0,0.47426652908325195,0.9422321915626526,0.0009999988330027646,0.001,False,128.0,128.0,,
train,,,,,,,234.46492791175842,7.0,320.0,3134.0,0.6542009711265564,0.9999990463256836,0.0009999995134035078,0.001,False,128.0,128.0,,
train,,,,,,,234.5657639503479,7.0,321.0,3135.0,0.5716876983642578,0.9999989867210388,0.0009338694430263897,0.001,False,128.0,128.0,,
train,,,,,,,234.67128610610962,7.0,322.0,3136.0,0.6713943481445312,0.9338703751564026,0.001000000433362086,0.001,False,128.0,128.0,,
train,,,,,,,234.77613067626953,7.0,323.0,3137.0,0.4725465178489685,0.9999990463256836,0.0009999986539235657,0.001,False,128.0,128.0,,
train,,,,,,,234.85947561264038,7.0,324.0,3138.0,0.5764046907424927,0.9999990463256836,0.001000001633539691,0.001,False,128.0,128.0,,
train,,,,,,,234.93794989585876,7.0,325.0,3139.0,0.6355873346328735,0.9999990463256836,0.0009999997352816625,0.001,False,128.0,128.0,,
train,,,,,,,235.01895427703857,7.0,326.0,3140.0,0.6359536647796631,0.9999991655349731,0.0009999991632944454,0.001,False,128.0,128.0,,
train,,,,,,,235.10521340370178,7.0,327.0,3141.0,0.5161393880844116,0.9999992847442627,0.000844321103413468,0.001,False,128.0,128.0,,
train,,,,,,,235.18823909759521,7.0,328.0,3142.0,0.48868146538734436,0.8443199396133423,0.0009725881299532323,0.001,False,128.0,128.0,,
train,,,,,,,235.26841402053833,7.0,329.0,3143.0,0.5017945766448975,0.9725885391235352,0.0008685964828610784,0.001,False,128.0,128.0,,
train,,,,,,,235.35962057113647,7.0,330.0,3144.0,0.6067215204238892,0.8685978651046753,0.0009272767020997447,0.001,False,128.0,128.0,,
train,,,,,,,235.44134163856506,7.0,331.0,3145.0,0.4397278428077698,0.9272772669792175,0.0009005436416511949,0.001,False,128.0,128.0,,
train,,,,,,,235.5176224708557,7.0,332.0,3146.0,0.6478262543678284,0.9005423188209534,0.0010000005052767486,0.001,False,128.0,128.0,,
train,,,,,,,235.60123133659363,7.0,333.0,3147.0,0.6095776557922363,0.9999991059303284,0.0009999990301230732,0.001,False,128.0,128.0,,
train,,,,,,,235.67740106582642,7.0,334.0,3148.0,0.5023967027664185,0.9999992251396179,0.0009522741699005926,0.001,False,128.0,128.0,,
train,,,,,,,235.75230598449707,7.0,335.0,3149.0,0.6220877170562744,0.9522733688354492,0.000999998455415402,0.001,False,128.0,128.0,,
train,,,,,,,235.82863068580627,7.0,336.0,3150.0,0.6036107540130615,0.9999991655349731,0.0010000003839571816,0.001,False,128.0,128.0,,
train,,,,,,,235.896301984787,7.0,337.0,3151.0,0.5321676135063171,0.9999990463256836,0.0010000004690279847,0.001,False,128.0,128.0,,
train,,,,,,,235.96266436576843,7.0,338.0,3152.0,0.4781811833381653,0.9999989867210388,0.0008785313109515757,0.001,False,128.0,128.0,,
train,,,,,,,236.0280089378357,7.0,339.0,3153.0,0.5707061290740967,0.8785309195518494,0.0009669398178730191,0.001,False,128.0,128.0,,
train,,,,,,,236.0981023311615,7.0,340.0,3154.0,0.5546329021453857,0.9669408798217773,0.0009999995150965987,0.001,False,128.0,128.0,,
train,,,,,,,236.16928577423096,7.0,341.0,3155.0,0.6420913934707642,0.9999991655349731,0.0009999980526257854,0.001,False,128.0,128.0,,
train,,,,,,,236.23762154579163,7.0,342.0,3156.0,0.514532208442688,0.9999990463256836,0.0010000000689037141,0.001,False,128.0,128.0,,
train,,,,,,,236.31693315505981,7.0,343.0,3157.0,0.5625487565994263,0.9999991059303284,0.0010000008893581362,0.001,False,128.0,128.0,,
train,,,,,,,236.383483171463,7.0,344.0,3158.0,0.6715787649154663,0.9999992251396179,0.0009999999513033413,0.001,False,128.0,128.0,,
train,,,,,,,236.45445275306702,7.0,345.0,3159.0,0.4265854060649872,0.9999991655349731,0.0007899264100148245,0.001,False,128.0,128.0,,
train,,,,,,,236.5208387374878,7.0,346.0,3160.0,0.5385936498641968,0.7899268865585327,0.0009731489359886569,0.001,False,128.0,128.0,,
train,,,,,,,236.58781027793884,7.0,347.0,3161.0,0.5136244297027588,0.9731472730636597,0.0008515590604575338,0.001,False,128.0,128.0,,
train,,,,,,,236.65588569641113,7.0,348.0,3162.0,0.6199734210968018,0.8515581488609314,0.000916443190649658,0.001,False,128.0,128.0,,
train,,,,,,,236.72287249565125,7.0,349.0,3163.0,0.6573652625083923,0.9164422154426575,0.0010000003703569548,0.001,False,128.0,128.0,,
train,,,,,,,236.78696727752686,7.0,350.0,3164.0,0.5377280712127686,0.9999991655349731,0.0008198886671714025,0.001,False,128.0,128.0,,
train,,,,,,,236.8539798259735,7.0,351.0,3165.0,0.43567556142807007,0.8198890686035156,0.0009999968549141368,0.001,False,128.0,128.0,,
train,,,,,,,236.92696046829224,7.0,352.0,3166.0,0.7868553400039673,0.9999990463256836,0.0009999995809606094,0.001,False,128.0,128.0,,
train,,,,,,,237.00162506103516,7.0,353.0,3167.0,0.5616888999938965,0.9999993443489075,0.0010000006568221035,0.001,False,128.0,128.0,,
train,,,,,,,237.0724377632141,7.0,354.0,3168.0,0.5959934592247009,0.9999990463256836,0.0009999974149122349,0.001,False,128.0,128.0,,
train,,,,,,,237.1526322364807,7.0,355.0,3169.0,0.5680020451545715,0.9999991059303284,0.0008576729712263803,0.001,False,128.0,128.0,,
train,,,,,,,237.22355246543884,7.0,356.0,3170.0,0.523483157157898,0.8576729893684387,0.0009684888849156052,0.001,False,128.0,128.0,,
train,,,,,,,237.3005919456482,7.0,357.0,3171.0,0.5604471564292908,0.9684866070747375,0.0009999963919495721,0.001,False,128.0,128.0,,
train,,,,,,,237.38338971138,7.0,358.0,3172.0,0.5604041814804077,0.9999991059303284,0.000999998111495474,0.001,False,128.0,128.0,,
train,,,,,,,237.48251152038574,7.0,359.0,3173.0,0.5730307102203369,0.9999989867210388,0.0010000002339383418,0.001,False,128.0,128.0,,
train,,,,,,,237.56040024757385,7.0,360.0,3174.0,0.6034852266311646,0.9999991059303284,0.0009705488171339816,0.001,False,128.0,128.0,,
train,,,,,,,237.62826371192932,7.0,361.0,3175.0,0.5017110109329224,0.9705497026443481,0.001000001272440177,0.001,False,128.0,128.0,,
train,,,,,,,237.69483470916748,7.0,362.0,3176.0,0.510755181312561,0.9999992847442627,0.0009999976937454295,0.001,False,128.0,128.0,,
train,,,,,,,237.76312470436096,7.0,363.0,3177.0,0.6290794610977173,0.9999989867210388,0.0009999992150308802,0.001,False,128.0,128.0,,
train,,,,,,,237.8319230079651,7.0,364.0,3178.0,0.5736714601516724,0.9999991655349731,0.0009999999760335603,0.001,False,128.0,128.0,,
train,,,,,,,237.89883875846863,7.0,365.0,3179.0,0.5828084349632263,0.9999990463256836,0.0010000010862837507,0.001,False,128.0,128.0,,
train,,,,,,,237.96836042404175,7.0,366.0,3180.0,0.48829761147499084,0.9999992251396179,0.0009999988487124386,0.001,False,128.0,128.0,,
train,,,,,,,238.03195977210999,7.0,367.0,3181.0,0.6763591766357422,0.9999992251396179,0.0009999973870455645,0.001,False,128.0,128.0,,
train,,,,,,,238.11229825019836,7.0,368.0,3182.0,0.5795769691467285,0.9999991059303284,0.0009999995808218315,0.001,False,128.0,128.0,,
train,,,,,,,238.1951196193695,7.0,369.0,3183.0,0.5646307468414307,0.9999991059303284,0.0009585028039018518,0.001,False,128.0,128.0,,
train,,,,,,,238.26659750938416,7.0,370.0,3184.0,0.5689603090286255,0.9585009813308716,0.0009219414328958999,0.001,False,128.0,128.0,,
train,,,,,,,238.3364462852478,7.0,371.0,3185.0,0.5358748435974121,0.9219424724578857,0.0009752221731834502,0.001,False,128.0,128.0,,
train,,,,,,,238.40404748916626,7.0,372.0,3186.0,0.5502583980560303,0.9752234220504761,0.0009999997774146367,0.001,False,128.0,128.0,,
train,,,,,,,238.47165632247925,7.0,373.0,3187.0,0.6101341247558594,0.9999990463256836,0.000999997179821874,0.001,False,128.0,128.0,,
train,,,,,,,238.53908920288086,7.0,374.0,3188.0,0.5270475149154663,0.9999992847442627,0.0010000003699683767,0.001,False,128.0,128.0,,
train,,,,,,,238.61122512817383,7.0,375.0,3189.0,0.43541961908340454,0.9999991655349731,0.0008171262222102354,0.001,False,128.0,128.0,,
train,,,,,,,238.6824197769165,7.0,376.0,3190.0,0.48123204708099365,0.8171253800392151,0.0009617254848426749,0.001,False,128.0,128.0,,
train,,,,,,,238.7481918334961,7.0,377.0,3191.0,0.5616151094436646,0.9617257714271545,0.0008942118365911527,0.001,False,128.0,128.0,,
train,,,,,,,238.8173122406006,7.0,378.0,3192.0,0.5694113969802856,0.8942112326622009,0.0008337246278258924,0.001,False,128.0,128.0,,
train,,,,,,,238.88406801223755,7.0,379.0,3193.0,0.5757385492324829,0.8337230682373047,0.0009999995161235555,0.001,False,128.0,128.0,,
train,,,,,,,238.9520547389984,7.0,380.0,3194.0,0.560794472694397,0.9999991655349731,0.0009999971586720656,0.001,False,128.0,128.0,,
train,,,,,,,239.0211465358734,7.0,381.0,3195.0,0.6202793717384338,0.9999989867210388,0.0009999993619134908,0.001,False,128.0,128.0,,
train,,,,,,,239.0923366546631,7.0,382.0,3196.0,0.5402409434318542,0.9999992251396179,0.0009999987610047147,0.001,False,128.0,128.0,,
train,,,,,,,239.2129487991333,7.0,383.0,3197.0,0.5362101793289185,0.9999992251396179,0.000999998970448526,0.001,False,128.0,128.0,,
train,,,,,,,239.30133056640625,7.0,384.0,3198.0,0.5932265520095825,0.9999991059303284,0.0008683198587179218,0.001,False,128.0,128.0,,
train,,,,,,,239.38198447227478,7.0,385.0,3199.0,0.39775413274765015,0.8683196306228638,0.000912717998100174,0.001,False,128.0,128.0,,
train,,,,,,,239.45581769943237,7.0,386.0,3200.0,0.48602813482284546,0.9127169847488403,0.0008067496094263022,0.001,False,128.0,128.0,,
train,,,,,,,239.53135585784912,7.0,387.0,3201.0,0.6941077709197998,0.8067476749420166,0.000999995924654906,0.001,False,128.0,128.0,,
train,,,,,,,239.60262751579285,7.0,388.0,3202.0,0.5594487190246582,0.9999991059303284,0.0009233170969223174,0.001,False,128.0,128.0,,
train,,,,,,,239.67422199249268,7.0,389.0,3203.0,0.5604710578918457,0.9233160018920898,0.0009999969977447678,0.001,False,128.0,128.0,,
train,,,,,,,239.74221205711365,7.0,390.0,3204.0,0.4410095810890198,0.9999992251396179,0.00089118166458431,0.001,False,128.0,128.0,,
train,,,,,,,239.8125422000885,7.0,391.0,3205.0,0.46345165371894836,0.8911828994750977,0.0009881217618639636,0.001,False,128.0,128.0,,
train,,,,,,,239.8924901485443,7.0,392.0,3206.0,0.5565192699432373,0.9881232976913452,0.0009999996154885593,0.001,False,128.0,128.0,,
train,,,,,,,239.96068263053894,7.0,393.0,3207.0,0.5846037864685059,0.9999989867210388,0.0009920268648276728,0.001,False,128.0,128.0,,
train,,,,,,,240.03148484230042,7.0,394.0,3208.0,0.5597687363624573,0.9920281171798706,0.0009763511103533377,0.001,False,128.0,128.0,,
train,,,,,,,240.10516476631165,7.0,395.0,3209.0,0.5461099743843079,0.9763497114181519,0.0009653348713043987,0.001,False,128.0,128.0,,
train,,,,,,,240.18055820465088,7.0,396.0,3210.0,0.5418782234191895,0.965335488319397,0.0009999970439024276,0.001,False,128.0,128.0,,
train,,,,,,,240.2499840259552,7.0,397.0,3211.0,0.4683659076690674,0.9999991059303284,0.0008047626051021754,0.001,False,128.0,128.0,,
train,,,,,,,240.32044625282288,7.0,398.0,3212.0,0.5884273648262024,0.8047627806663513,0.0009999999854427004,0.001,False,128.0,128.0,,
train,,,,,,,240.40080761909485,7.0,399.0,3213.0,0.5755282640457153,0.9999992251396179,0.0010000003155952227,0.001,False,128.0,128.0,,
train,,,,,,,240.47359108924866,7.0,400.0,3214.0,0.6232857704162598,0.9999992251396179,0.0010000007404218389,0.001,False,128.0,128.0,,
train,,,,,,,240.54475617408752,7.0,401.0,3215.0,0.5050416588783264,0.9999991655349731,0.0009999981619829602,0.001,False,128.0,128.0,,
train,,,,,,,240.62019085884094,7.0,402.0,3216.0,0.5962803363800049,0.9999992251396179,0.0009999965039714732,0.001,False,128.0,128.0,,
train,,,,,,,240.69490385055542,7.0,403.0,3217.0,0.6328952312469482,0.9999990463256836,0.000999999332048472,0.001,False,128.0,128.0,,
train,,,,,,,240.76297187805176,7.0,404.0,3218.0,0.5564446449279785,0.9999992251396179,0.0009999998374499582,0.001,False,128.0,128.0,,
train,,,,,,,240.83330535888672,7.0,405.0,3219.0,0.43683022260665894,0.9999991059303284,0.0007948866933706776,0.001,False,128.0,128.0,,
train,,,,,,,240.90479230880737,7.0,406.0,3220.0,0.5967496037483215,0.7948881983757019,0.0010000001614963038,0.001,False,128.0,128.0,,
train,,,,,,,240.98684787750244,7.0,407.0,3221.0,0.5918397903442383,0.9999992847442627,0.0010000004443532892,0.001,False,128.0,128.0,,
train,,,,,,,241.06717443466187,7.0,408.0,3222.0,0.48630088567733765,0.9999991059303284,0.0009235506143776979,0.001,False,128.0,128.0,,
train,,,,,,,241.14227318763733,7.0,409.0,3223.0,0.4523058235645294,0.9235520958900452,0.0009999985299114793,0.001,False,128.0,128.0,,
train,,,,,,,241.22179746627808,7.0,410.0,3224.0,0.4370952844619751,0.9999991655349731,0.0007947228662501843,0.001,False,128.0,128.0,,
train,,,,,,,241.29637336730957,7.0,411.0,3225.0,0.5906701683998108,0.7947226762771606,0.0009792275291116914,0.001,False,128.0,128.0,,
train,,,,,,,241.37019681930542,7.0,412.0,3226.0,0.6887056231498718,0.9792270064353943,0.0009999995668885265,0.001,False,128.0,128.0,,
train,,,,,,,241.4478883743286,7.0,413.0,3227.0,0.6128017902374268,0.9999992251396179,0.001000000312958444,0.001,False,128.0,128.0,,
train,,,,,,,241.5257031917572,7.0,414.0,3228.0,0.5361928939819336,0.9999992251396179,0.00097841813843979,0.001,False,128.0,128.0,,
train,,,,,,,241.61619663238525,7.0,415.0,3229.0,0.6621057987213135,0.9784191250801086,0.0009889745056702406,0.001,False,128.0,128.0,,
train,,,,,,,241.69745349884033,7.0,416.0,3230.0,0.563559889793396,0.9889736771583557,0.0009999988537084479,0.001,False,128.0,128.0,,
train,,,,,,,241.77557611465454,7.0,417.0,3231.0,0.5890498757362366,0.9999990463256836,0.0009999986423772306,0.001,False,128.0,128.0,,
train,,,,,,,241.84823846817017,7.0,418.0,3232.0,0.5091474056243896,0.9999991655349731,0.0009706945382008113,0.001,False,128.0,128.0,,
train,,,,,,,241.91771841049194,7.0,419.0,3233.0,0.7270169258117676,0.9706944227218628,0.000999999572911489,0.001,False,128.0,128.0,,
train,,,,,,,241.98785543441772,7.0,420.0,3234.0,0.5242224931716919,0.9999992847442627,0.0010000004858200999,0.001,False,128.0,128.0,,
train,,,,,,,242.0541923046112,7.0,421.0,3235.0,0.5778673887252808,0.9999992251396179,0.0010000008598262296,0.001,False,128.0,128.0,,
train,,,,,,,242.1227478981018,7.0,422.0,3236.0,0.5119401216506958,0.9999990463256836,0.000999997444610777,0.001,False,128.0,128.0,,
train,,,,,,,242.19213438034058,7.0,423.0,3237.0,0.5608255863189697,0.9999989867210388,0.001000000391395673,0.001,False,128.0,128.0,,
train,,,,,,,242.26386666297913,7.0,424.0,3238.0,0.5627942085266113,0.9999991655349731,0.0009999966691732233,0.001,False,128.0,128.0,,
train,,,,,,,242.33445024490356,7.0,425.0,3239.0,0.5421767830848694,0.9999990463256836,0.0010000004244386724,0.001,False,128.0,128.0,,
train,,,,,,,242.4075312614441,7.0,426.0,3240.0,0.5321264266967773,0.9999990463256836,0.0009999978706598607,0.001,False,128.0,128.0,,
train,,,,,,,242.47990369796753,7.0,427.0,3241.0,0.5653700828552246,0.9999991059303284,0.0009999976841974893,0.001,False,128.0,128.0,,
train,,,,,,,242.55234241485596,7.0,428.0,3242.0,0.4956560730934143,0.9999991059303284,0.0009468087157819619,0.001,False,128.0,128.0,,
train,,,,,,,242.62476325035095,7.0,429.0,3243.0,0.5646864175796509,0.9468089938163757,0.0009999996500720193,0.001,False,128.0,128.0,,
train,,,,,,,242.69461584091187,7.0,430.0,3244.0,0.5153483748435974,0.9999991059303284,0.0009999982521054758,0.001,False,128.0,128.0,,
train,,,,,,,242.7649691104889,7.0,431.0,3245.0,0.5144432783126831,0.9999991655349731,0.000999998153739539,0.001,False,128.0,128.0,,
train,,,,,,,242.83743453025818,7.0,432.0,3246.0,0.46893414855003357,0.9999990463256836,0.0010000000107835412,0.001,False,128.0,128.0,,
train,,,,,,,242.9128119945526,7.0,433.0,3247.0,0.5028948783874512,0.9999991655349731,0.0009166707363249379,0.001,False,128.0,128.0,,
train,,,,,,,242.97999238967896,7.0,434.0,3248.0,0.5459481477737427,0.9166696071624756,0.0009347801562308193,0.001,False,128.0,128.0,,
train,,,,,,,243.05193161964417,7.0,435.0,3249.0,0.564523458480835,0.934781014919281,0.0009905506976935915,0.001,False,128.0,128.0,,
train,,,,,,,243.12212324142456,7.0,436.0,3250.0,0.5241035223007202,0.9905489087104797,0.0010000004192345041,0.001,False,128.0,128.0,,
train,,,,,,,243.19433283805847,7.0,437.0,3251.0,0.463778018951416,0.9999992251396179,0.0009999970162300365,0.001,False,128.0,128.0,,
train,,,,,,,243.2652735710144,7.0,438.0,3252.0,0.5730549693107605,0.9999991655349731,0.0009999994895059452,0.001,False,128.0,128.0,,
train,,,,,,,243.33873343467712,7.0,439.0,3253.0,0.6037725210189819,0.9999990463256836,0.0010000004398846435,0.001,False,128.0,128.0,,
train,,,,,,,243.4167034626007,7.0,440.0,3254.0,0.6254522800445557,0.9999991655349731,0.0010000007431973943,0.001,False,128.0,128.0,,
train,,,,,,,243.48541402816772,7.0,441.0,3255.0,0.5428239703178406,0.9999993443489075,0.001000002421685418,0.001,False,128.0,128.0,,
train,,,,,,,243.5532808303833,7.0,442.0,3256.0,0.4369347095489502,0.9999990463256836,0.0007884812024154214,0.001,False,128.0,128.0,,
train,,,,,,,243.62399411201477,7.0,443.0,3257.0,0.5587658882141113,0.788482129573822,0.0010000012482373453,0.001,False,128.0,128.0,,
train,,,,,,,243.69575810432434,7.0,444.0,3258.0,0.5578233003616333,0.9999991059303284,0.0010000017782015042,0.001,False,128.0,128.0,,
train,,,,,,,243.76792550086975,7.0,445.0,3259.0,0.4637485146522522,0.9999991655349731,0.0009820121363964623,0.001,False,128.0,128.0,,
train,,,,,,,243.84191250801086,7.0,446.0,3260.0,0.5202058553695679,0.9820122122764587,0.0009482389697439744,0.001,False,128.0,128.0,,
train,,,,,,,243.92296147346497,7.0,447.0,3261.0,0.430794358253479,0.9482383131980896,0.0009170290551707374,0.001,False,128.0,128.0,,
train,,,,,,,243.997323513031,7.0,448.0,3262.0,0.5104552507400513,0.917028546333313,0.0007915788860366253,0.001,False,128.0,128.0,,
train,,,,,,,244.07114815711975,7.0,449.0,3263.0,0.4636722803115845,0.7915773391723633,0.0009537312807964722,0.001,False,128.0,128.0,,
train,,,,,,,244.14023160934448,7.0,450.0,3264.0,0.5473920106887817,0.9537306427955627,0.0010000017037334245,0.001,False,128.0,128.0,,
train,,,,,,,244.20734930038452,7.0,451.0,3265.0,0.6920375823974609,0.9999992251396179,0.000999999459446641,0.001,False,128.0,128.0,,
train,,,,,,,244.2742989063263,7.0,452.0,3266.0,0.5795497298240662,0.9999991655349731,0.0009662528095095216,0.001,False,128.0,128.0,,
train,,,,,,,244.34611463546753,7.0,453.0,3267.0,0.5830003619194031,0.9662538766860962,0.000999998957680948,0.001,False,128.0,128.0,,
train,,,,,,,244.42022156715393,7.0,454.0,3268.0,0.4152061939239502,0.9999991059303284,0.0008893634425923714,0.001,False,128.0,128.0,,
train,,,,,,,244.49788689613342,7.0,455.0,3269.0,0.49443554878234863,0.8893621563911438,0.000971462131239312,0.001,False,128.0,128.0,,
train,,,,,,,244.56936860084534,7.0,456.0,3270.0,0.49252432584762573,0.9714616537094116,0.000979938846002121,0.001,False,128.0,128.0,,
train,,,,,,,244.64504408836365,7.0,457.0,3271.0,0.49066734313964844,0.9799371361732483,0.0009143443275769978,0.001,False,128.0,128.0,,
train,,,,,,,244.7164056301117,7.0,458.0,3272.0,0.6613009572029114,0.9143443703651428,0.000999999000840912,0.001,False,128.0,128.0,,
train,,,,,,,244.7917456626892,7.0,459.0,3273.0,0.6042671203613281,0.9999990463256836,0.0009999993249430398,0.001,False,128.0,128.0,,
train,,,,,,,244.86376976966858,7.0,460.0,3274.0,0.615350067615509,0.9999991655349731,0.0009999986480671314,0.001,False,128.0,128.0,,
train,,,,,,,244.93230485916138,7.0,461.0,3275.0,0.5471405982971191,0.9999992251396179,0.0008736871702492653,0.001,False,128.0,128.0,,
train,,,,,,,245.0027277469635,7.0,462.0,3276.0,0.5481857657432556,0.8736885786056519,0.0009999990353411264,0.001,False,128.0,128.0,,
train,,,,,,,245.07635140419006,7.0,463.0,3277.0,0.5538454651832581,0.9999991059303284,0.0009999985929722377,0.001,False,128.0,128.0,,
train,,,,,,,245.15239191055298,7.0,464.0,3278.0,0.5800063014030457,0.9999991655349731,0.0010000003292509616,0.001,False,128.0,128.0,,
train,,,,,,,245.2245671749115,7.0,465.0,3279.0,0.4734094440937042,0.9999990463256836,0.0009999997000320715,0.001,False,128.0,128.0,,
train,,,,,,,245.2932095527649,7.0,466.0,3280.0,0.45741498470306396,0.9999991059303284,0.0010000004436038889,0.001,False,128.0,128.0,,
train,,,,,,,245.37111735343933,7.0,467.0,3281.0,0.4882545471191406,0.9999992251396179,0.0008656096946901567,0.001,False,128.0,128.0,,
train,,,,,,,245.45349168777466,7.0,468.0,3282.0,0.5617716312408447,0.8656095862388611,0.000999999630809643,0.001,False,128.0,128.0,,
train,,,,,,,245.5304193496704,7.0,469.0,3283.0,0.5154472589492798,0.9999991655349731,0.0010000007571306828,0.001,False,128.0,128.0,,
eval,,,,,,,250.54880356788635,7.0,,3283.0,,,,,False,128.0,128.0,0.5172165559291839,0.8773
train,,,,,,,250.6328375339508,8.0,1.0,3284.0,0.6512607336044312,0.9999993443489075,0.0010000012867620355,0.001,False,128.0,128.0,,
train,,,,,,,250.70411777496338,8.0,2.0,3285.0,0.6555437445640564,0.9999991655349731,0.0009999988768566242,0.001,False,128.0,128.0,,
train,,,,,,,250.78339171409607,8.0,3.0,3286.0,0.6010133028030396,0.9999991059303284,0.0009111832701128852,0.001,False,128.0,128.0,,
train,,,,,,,250.8611922264099,8.0,4.0,3287.0,0.5316522717475891,0.9111810326576233,0.0009690994170658084,0.001,False,128.0,128.0,,
train,,,,,,,250.97170400619507,8.0,5.0,3288.0,0.5106029510498047,0.9690994620323181,0.0009999991221051358,0.001,False,128.0,128.0,,
train,,,,,,,251.05312776565552,8.0,6.0,3289.0,0.5704088807106018,0.9999992251396179,0.0009999979220077836,0.001,False,128.0,128.0,,
train,,,,,,,251.13952016830444,8.0,7.0,3290.0,0.46957919001579285,0.9999989867210388,0.0008271354099721978,0.001,False,128.0,128.0,,
train,,,,,,,251.22479701042175,8.0,8.0,3291.0,0.4406301975250244,0.8271364569664001,0.0009124749696052796,0.001,False,128.0,128.0,,
train,,,,,,,251.31426453590393,8.0,9.0,3292.0,0.5323902368545532,0.9124745726585388,0.0009807671493172675,0.001,False,128.0,128.0,,
train,,,,,,,251.3997824192047,8.0,10.0,3293.0,0.5670871138572693,0.9807671308517456,0.0008795406874812899,0.001,False,128.0,128.0,,
train,,,,,,,251.472998380661,8.0,11.0,3294.0,0.4913458824157715,0.8795405626296997,0.0008906309639710667,0.001,False,128.0,128.0,,
train,,,,,,,251.54786157608032,8.0,12.0,3295.0,0.6103515625,0.890631377696991,0.0009999988953973693,0.001,False,128.0,128.0,,
train,,,,,,,251.62404417991638,8.0,13.0,3296.0,0.6378374099731445,0.9999990463256836,0.000999999069536028,0.001,False,128.0,128.0,,
train,,,,,,,251.70255732536316,8.0,14.0,3297.0,0.5297466516494751,0.9999991059303284,0.0009936933297645144,0.001,False,128.0,128.0,,
train,,,,,,,251.78743934631348,8.0,15.0,3298.0,0.6296835541725159,0.9936933517456055,0.0009999993553354153,0.001,False,128.0,128.0,,
train,,,,,,,251.86461973190308,8.0,16.0,3299.0,0.31932488083839417,0.9999991059303284,0.0007321332200266703,0.001,False,128.0,128.0,,
train,,,,,,,251.93557715415955,8.0,17.0,3300.0,0.41529908776283264,0.732132613658905,0.0009081135393190273,0.001,False,128.0,128.0,,
train,,,,,,,252.01139092445374,8.0,18.0,3301.0,0.5213746428489685,0.9081138968467712,0.0009999984972708738,0.001,False,128.0,128.0,,
train,,,,,,,252.08598470687866,8.0,19.0,3302.0,0.5185249447822571,0.9999993443489075,0.0009999994397401715,0.001,False,128.0,128.0,,
train,,,,,,,252.16370177268982,8.0,20.0,3303.0,0.597057580947876,0.9999989867210388,0.0010000018229989226,0.001,False,128.0,128.0,,
train,,,,,,,252.25334978103638,8.0,21.0,3304.0,0.45339757204055786,0.9999992847442627,0.0009252633288832705,0.001,False,128.0,128.0,,
train,,,,,,,252.32824230194092,8.0,22.0,3305.0,0.5594154596328735,0.9252623319625854,0.0010000008964635573,0.001,False,128.0,128.0,,
train,,,,,,,252.41062450408936,8.0,23.0,3306.0,0.4973536431789398,0.9999989867210388,0.0009999990304561403,0.001,False,128.0,128.0,,
train,,,,,,,252.49137687683105,8.0,24.0,3307.0,0.5354371070861816,0.9999990463256836,0.0009756067144444979,0.001,False,128.0,128.0,,
train,,,,,,,252.57547807693481,8.0,25.0,3308.0,0.6235314011573792,0.9756073355674744,0.0009999992198048428,0.001,False,128.0,128.0,,
train,,,,,,,252.6442356109619,8.0,26.0,3309.0,0.41726449131965637,0.9999990463256836,0.0009293481986816644,0.001,False,128.0,128.0,,
train,,,,,,,252.71294355392456,8.0,27.0,3310.0,0.5133647918701172,0.9293464422225952,0.0010000001315202864,0.001,False,128.0,128.0,,
train,,,,,,,252.78538537025452,8.0,28.0,3311.0,0.5001931190490723,0.9999990463256836,0.000999999813330359,0.001,False,128.0,128.0,,
train,,,,,,,252.8673541545868,8.0,29.0,3312.0,0.5174046158790588,0.9999991059303284,0.0008409300944733501,0.001,False,128.0,128.0,,
train,,,,,,,252.94971179962158,8.0,30.0,3313.0,0.5476440191268921,0.8409305810928345,0.0009999995396047835,0.001,False,128.0,128.0,,
train,,,,,,,253.0286910533905,8.0,31.0,3314.0,0.551250696182251,0.9999992251396179,0.0009903001080975268,0.001,False,128.0,128.0,,
train,,,,,,,253.1054503917694,8.0,32.0,3315.0,0.4753563106060028,0.9903005957603455,0.0009999978455687666,0.001,False,128.0,128.0,,
train,,,,,,,253.19674825668335,8.0,33.0,3316.0,0.4943489134311676,0.9999991655349731,0.0009452670251027906,0.001,False,128.0,128.0,,
train,,,,,,,253.2987642288208,8.0,34.0,3317.0,0.4640498161315918,0.9452673196792603,0.0008733677848288467,0.001,False,128.0,128.0,,
train,,,,,,,253.3926911354065,8.0,35.0,3318.0,0.4662269055843353,0.8733702301979065,0.0010000000298793768,0.001,False,128.0,128.0,,
train,,,,,,,253.48371171951294,8.0,36.0,3319.0,0.5400012731552124,0.9999992251396179,0.0009999974627907253,0.001,False,128.0,128.0,,
train,,,,,,,253.56289386749268,8.0,37.0,3320.0,0.5967000126838684,0.9999991059303284,0.0009999988907899388,0.001,False,128.0,128.0,,
train,,,,,,,253.6351499557495,8.0,38.0,3321.0,0.4538150429725647,0.9999990463256836,0.000963932513719711,0.001,False,128.0,128.0,,
train,,,,,,,253.7021324634552,8.0,39.0,3322.0,0.6257742643356323,0.9639331102371216,0.0009999981982873193,0.001,False,128.0,128.0,,
train,,,,,,,253.769939661026,8.0,40.0,3323.0,0.44114840030670166,0.9999990463256836,0.0008994444199066151,0.001,False,128.0,128.0,,
train,,,,,,,253.84060311317444,8.0,41.0,3324.0,0.5248398184776306,0.8994467854499817,0.0009791577831525548,0.001,False,128.0,128.0,,
train,,,,,,,253.90893745422363,8.0,42.0,3325.0,0.494882732629776,0.9791564345359802,0.0008465361605834052,0.001,False,128.0,128.0,,
train,,,,,,,253.98132967948914,8.0,43.0,3326.0,0.4974798560142517,0.8465366363525391,0.0008357882759135724,0.001,False,128.0,128.0,,
train,,,,,,,254.08006477355957,8.0,44.0,3327.0,0.5229299068450928,0.8357881307601929,0.000999999760455976,0.001,False,128.0,128.0,,
train,,,,,,,254.2015392780304,8.0,45.0,3328.0,0.5349715352058411,0.9999991059303284,0.001000000325698249,0.001,False,128.0,128.0,,
train,,,,,,,254.2707405090332,8.0,46.0,3329.0,0.48955971002578735,0.9999990463256836,0.0009999973006144724,0.001,False,128.0,128.0,,
train,,,,,,,254.34608793258667,8.0,47.0,3330.0,0.6094254851341248,0.9999992251396179,0.0010000005393605777,0.001,False,128.0,128.0,,
train,,,,,,,254.41836619377136,8.0,48.0,3331.0,0.4833412170410156,0.9999992847442627,0.0009999986636380302,0.001,False,128.0,128.0,,
train,,,,,,,254.48407220840454,8.0,49.0,3332.0,0.5356122255325317,0.9999990463256836,0.000999998082518598,0.001,False,128.0,128.0,,
train,,,,,,,254.55204272270203,8.0,50.0,3333.0,0.4734470248222351,0.9999992847442627,0.0009999990542704472,0.001,False,128.0,128.0,,
train,,,,,,,254.6217610836029,8.0,51.0,3334.0,0.6337004899978638,0.9999991059303284,0.0009541506123872264,0.001,False,128.0,128.0,,
train,,,,,,,254.69096302986145,8.0,52.0,3335.0,0.47287192940711975,0.9541503190994263,0.0009999988457703442,0.001,False,128.0,128.0,,
train,,,,,,,254.76053047180176,8.0,53.0,3336.0,0.49220356345176697,0.9999990463256836,0.00100000133924776,0.001,False,128.0,128.0,,
train,,,,,,,254.82695698738098,8.0,54.0,3337.0,0.6522142887115479,0.9999991655349731,0.0010000006260134343,0.001,False,128.0,128.0,,
train,,,,,,,254.8958818912506,8.0,55.0,3338.0,0.5436133146286011,0.9999991655349731,0.0010000001939703214,0.001,False,128.0,128.0,,
train,,,,,,,254.97542810440063,8.0,56.0,3339.0,0.4434451460838318,0.9999990463256836,0.0009670930660276854,0.001,False,128.0,128.0,,
train,,,,,,,255.05005288124084,8.0,57.0,3340.0,0.5791944265365601,0.9670936465263367,0.0009605756870214816,0.001,False,128.0,128.0,,
train,,,,,,,255.1186294555664,8.0,58.0,3341.0,0.5773740410804749,0.9605759382247925,0.0009999995962261823,0.001,False,128.0,128.0,,
train,,,,,,,255.186598777771,8.0,59.0,3342.0,0.4032282531261444,0.9999990463256836,0.0008579826431652624,0.001,False,128.0,128.0,,
train,,,,,,,255.25344562530518,8.0,60.0,3343.0,0.47974860668182373,0.8579825758934021,0.0009999988471026133,0.001,False,128.0,128.0,,
train,,,,,,,255.32459950447083,8.0,61.0,3344.0,0.5958137512207031,0.9999991655349731,0.000910534514205985,0.001,False,128.0,128.0,,
train,,,,,,,255.4049732685089,8.0,62.0,3345.0,0.618834376335144,0.910534143447876,0.0009344950367747317,0.001,False,128.0,128.0,,
train,,,,,,,255.49180603027344,8.0,63.0,3346.0,0.567016065120697,0.9344956278800964,0.0009839869510640737,0.001,False,128.0,128.0,,
train,,,,,,,255.57998657226562,8.0,64.0,3347.0,0.5028254389762878,0.9839866161346436,0.0009999969467853768,0.001,False,128.0,128.0,,
train,,,,,,,255.65805172920227,8.0,65.0,3348.0,0.5379037857055664,0.9999991059303284,0.0009999975838886016,0.001,False,128.0,128.0,,
train,,,,,,,255.727801322937,8.0,66.0,3349.0,0.5618752241134644,0.9999990463256836,0.0009999989215986613,0.001,False,128.0,128.0,,
train,,,,,,,255.79857683181763,8.0,67.0,3350.0,0.5846929550170898,0.9999992251396179,0.0009604065326039963,0.001,False,128.0,128.0,,
train,,,,,,,255.86716556549072,8.0,68.0,3351.0,0.6700034141540527,0.9604084491729736,0.0009999996923437749,0.001,False,128.0,128.0,,
train,,,,,,,255.93567204475403,8.0,69.0,3352.0,0.6315448880195618,0.9999989867210388,0.0009918551383385442,0.001,False,128.0,128.0,,
train,,,,,,,256.0063452720642,8.0,70.0,3353.0,0.5614619851112366,0.9918541312217712,0.0010000004611454049,0.001,False,128.0,128.0,,
train,,,,,,,256.0822148323059,8.0,71.0,3354.0,0.5958706140518188,0.9999991059303284,0.0009999988202351849,0.001,False,128.0,128.0,,
train,,,,,,,256.1523253917694,8.0,72.0,3355.0,0.5520850419998169,0.9999992251396179,0.0009999989190451457,0.001,False,128.0,128.0,,
train,,,,,,,256.23744773864746,8.0,73.0,3356.0,0.500065803527832,0.9999991655349731,0.0009484239628440152,0.001,False,128.0,128.0,,
train,,,,,,,256.31231904029846,8.0,74.0,3357.0,0.5485377311706543,0.9484239220619202,0.0009409085607989049,0.001,False,128.0,128.0,,
train,,,,,,,256.38704347610474,8.0,75.0,3358.0,0.5275410413742065,0.9409105181694031,0.0010000003339971635,0.001,False,128.0,128.0,,
train,,,,,,,256.46023082733154,8.0,76.0,3359.0,0.46257781982421875,0.9999991059303284,0.000954080752655685,0.001,False,128.0,128.0,,
train,,,,,,,256.5375452041626,8.0,77.0,3360.0,0.6192942261695862,0.9540806412696838,0.0009261435983027356,0.001,False,128.0,128.0,,
train,,,,,,,256.62001943588257,8.0,78.0,3361.0,0.6089344620704651,0.9261413216590881,0.0009999981872960914,0.001,False,128.0,128.0,,
train,,,,,,,256.70414543151855,8.0,79.0,3362.0,0.5817304849624634,0.9999994039535522,0.0009999978670516283,0.001,False,128.0,128.0,,
train,,,,,,,256.7795615196228,8.0,80.0,3363.0,0.43594080209732056,0.9999991059303284,0.0009999987359691543,0.001,False,128.0,128.0,,
train,,,,,,,256.8590450286865,8.0,81.0,3364.0,0.4881899952888489,0.9999991655349731,0.0008831168519969628,0.001,False,128.0,128.0,,
train,,,,,,,256.9334673881531,8.0,82.0,3365.0,0.5201586484909058,0.8831179141998291,0.000999997675204662,0.001,False,128.0,128.0,,
train,,,,,,,257.0099024772644,8.0,83.0,3366.0,0.5218926668167114,0.9999991655349731,0.0010000000936061745,0.001,False,128.0,128.0,,
train,,,,,,,257.0949718952179,8.0,84.0,3367.0,0.563157320022583,0.9999990463256836,0.0009999963458473937,0.001,False,128.0,128.0,,
train,,,,,,,257.179799079895,8.0,85.0,3368.0,0.3878704905509949,0.9999991059303284,0.0007986126160318676,0.001,False,128.0,128.0,,
train,,,,,,,257.26954197883606,8.0,86.0,3369.0,0.5334305763244629,0.7986136674880981,0.0009999977507555114,0.001,False,128.0,128.0,,
train,,,,,,,257.35977602005005,8.0,87.0,3370.0,0.44278302788734436,0.9999990463256836,0.0009999995197040265,0.001,False,128.0,128.0,,
train,,,,,,,257.4466242790222,8.0,88.0,3371.0,0.5165507197380066,0.9999991059303284,0.000976442656544493,0.001,False,128.0,128.0,,
train,,,,,,,257.5386743545532,8.0,89.0,3372.0,0.6118712425231934,0.9764422178268433,0.0009999980104372275,0.001,False,128.0,128.0,,
train,,,,,,,257.6463086605072,8.0,90.0,3373.0,0.5022099018096924,0.9999992251396179,0.0009999997376131315,0.001,False,128.0,128.0,,
train,,,,,,,257.7312297821045,8.0,91.0,3374.0,0.5255277752876282,0.9999991059303284,0.0009999993679364546,0.001,False,128.0,128.0,,
train,,,,,,,257.8125915527344,8.0,92.0,3375.0,0.47932878136634827,0.9999990463256836,0.0009999969082605195,0.001,False,128.0,128.0,,
train,,,,,,,257.91361784935,8.0,93.0,3376.0,0.5184170007705688,0.9999989867210388,0.0009999991914663778,0.001,False,128.0,128.0,,
train,,,,,,,258.0053017139435,8.0,94.0,3377.0,0.642302393913269,0.9999990463256836,0.0010000003339971635,0.001,False,128.0,128.0,,
train,,,,,,,258.0947334766388,8.0,95.0,3378.0,0.5272315740585327,0.9999991059303284,0.0008687311053300705,0.001,False,128.0,128.0,,
train,,,,,,,258.18075704574585,8.0,96.0,3379.0,0.5641616582870483,0.8687326908111572,0.0009403968640054659,0.001,False,128.0,128.0,,
train,,,,,,,258.2735126018524,8.0,97.0,3380.0,0.5223201513290405,0.9403977990150452,0.0009469787886148022,0.001,False,128.0,128.0,,
train,,,,,,,258.35142636299133,8.0,98.0,3381.0,0.5727406740188599,0.9469773769378662,0.000999997958561952,0.001,False,128.0,128.0,,
train,,,,,,,258.442684173584,8.0,99.0,3382.0,0.6435152292251587,0.9999989867210388,0.0009999972540404897,0.001,False,128.0,128.0,,
train,,,,,,,258.52378511428833,8.0,100.0,3383.0,0.49871933460235596,0.9999991655349731,0.0009884101627588827,0.001,False,128.0,128.0,,
train,,,,,,,258.61210799217224,8.0,101.0,3384.0,0.5041673183441162,0.9884100556373596,0.0009374699246424205,0.001,False,128.0,128.0,,
train,,,,,,,258.71690821647644,8.0,102.0,3385.0,0.5789824724197388,0.9374713897705078,0.0009999999982935322,0.001,False,128.0,128.0,,
train,,,,,,,258.8039131164551,8.0,103.0,3386.0,0.511979877948761,0.9999991655349731,0.0010000002031574152,0.001,False,128.0,128.0,,
train,,,,,,,258.88523292541504,8.0,104.0,3387.0,0.4505345821380615,0.9999989867210388,0.0009794971479420826,0.001,False,128.0,128.0,,
train,,,,,,,258.969033241272,8.0,105.0,3388.0,0.49847882986068726,0.9794955253601074,0.0009816778570958613,0.001,False,128.0,128.0,,
train,,,,,,,259.0510799884796,8.0,106.0,3389.0,0.5500723123550415,0.9816792607307434,0.0010000001184196565,0.001,False,128.0,128.0,,
train,,,,,,,259.15857911109924,8.0,107.0,3390.0,0.3552802801132202,0.9999991655349731,0.0008509847545520507,0.001,False,128.0,128.0,,
train,,,,,,,259.24803829193115,8.0,108.0,3391.0,0.5764974355697632,0.850985050201416,0.0010000013449931566,0.001,False,128.0,128.0,,
train,,,,,,,259.31465888023376,8.0,109.0,3392.0,0.6045785546302795,0.9999992251396179,0.0010000018099815813,0.001,False,128.0,128.0,,
train,,,,,,,259.3837049007416,8.0,110.0,3393.0,0.5261048674583435,0.9999990463256836,0.0009692134413633238,0.001,False,128.0,128.0,,
train,,,,,,,259.4554555416107,8.0,111.0,3394.0,0.5530462265014648,0.9692140817642212,0.0010000008910234692,0.001,False,128.0,128.0,,
train,,,,,,,259.52131247520447,8.0,112.0,3395.0,0.5983301401138306,0.9999991655349731,0.0009328021032926343,0.001,False,128.0,128.0,,
train,,,,,,,259.5840220451355,8.0,113.0,3396.0,0.3908315598964691,0.9328005313873291,0.0010000004092980122,0.001,False,128.0,128.0,,
train,,,,,,,259.65223956108093,8.0,114.0,3397.0,0.5359591245651245,0.9999990463256836,0.0010000009042351115,0.001,False,128.0,128.0,,
train,,,,,,,259.72657346725464,8.0,115.0,3398.0,0.5042848587036133,0.9999991655349731,0.0009999994970832213,0.001,False,128.0,128.0,,
train,,,,,,,259.79237389564514,8.0,116.0,3399.0,0.5567700862884521,0.9999992251396179,0.00099999977519419,0.001,False,128.0,128.0,,
train,,,,,,,259.8587954044342,8.0,117.0,3400.0,0.5022256970405579,0.9999992847442627,0.0009999973274819418,0.001,False,128.0,128.0,,
train,,,,,,,259.9273979663849,8.0,118.0,3401.0,0.4965076446533203,0.9999991059303284,0.000999998572544105,0.001,False,128.0,128.0,,
train,,,,,,,259.99612069129944,8.0,119.0,3402.0,0.4855974316596985,0.9999991655349731,0.0009999978599461857,0.001,False,128.0,128.0,,
train,,,,,,,260.0594985485077,8.0,120.0,3403.0,0.6021395921707153,0.9999989867210388,0.0010000005901532525,0.001,False,128.0,128.0,,
train,,,,,,,260.1257646083832,8.0,121.0,3404.0,0.474682092666626,0.9999991655349731,0.0009999970869514518,0.001,False,128.0,128.0,,
train,,,,,,,260.1947021484375,8.0,122.0,3405.0,0.5177436470985413,0.9999989867210388,0.0009999999457799816,0.001,False,128.0,128.0,,
train,,,,,,,260.26788902282715,8.0,123.0,3406.0,0.528643012046814,0.9999994039535522,0.0008698680846303302,0.001,False,128.0,128.0,,
train,,,,,,,260.3383324146271,8.0,124.0,3407.0,0.4573981761932373,0.8698686361312866,0.0009999974287900584,0.001,False,128.0,128.0,,
train,,,,,,,260.40241718292236,8.0,125.0,3408.0,0.5880641341209412,0.9999989867210388,0.0009999991051187083,0.001,False,128.0,128.0,,
train,,,,,,,260.48503708839417,8.0,126.0,3409.0,0.45657265186309814,0.9999990463256836,0.0009999979223963625,0.001,False,128.0,128.0,,
train,,,,,,,260.5674624443054,8.0,127.0,3410.0,0.5332903861999512,0.9999989867210388,0.0009999996765508474,0.001,False,128.0,128.0,,
train,,,,,,,260.6459503173828,8.0,128.0,3411.0,0.6321823000907898,0.9999991059303284,0.0009999984843645116,0.001,False,128.0,128.0,,
train,,,,,,,260.7513315677643,8.0,129.0,3412.0,0.582736074924469,0.9999989867210388,0.0009999994933639722,0.001,False,128.0,128.0,,
train,,,,,,,260.8276867866516,8.0,130.0,3413.0,0.45889559388160706,0.9999990463256836,0.0009999989053893876,0.001,False,128.0,128.0,,
train,,,,,,,260.90355110168457,8.0,131.0,3414.0,0.48089975118637085,0.9999991059303284,0.0009639208371204431,0.001,False,128.0,128.0,,
train,,,,,,,260.977831363678,8.0,132.0,3415.0,0.5484576225280762,0.9639221429824829,0.0009999996576770497,0.001,False,128.0,128.0,,
train,,,,,,,261.0573241710663,8.0,133.0,3416.0,0.5028970241546631,0.9999991655349731,0.000999998868474431,0.001,False,128.0,128.0,,
train,,,,,,,261.13179206848145,8.0,134.0,3417.0,0.5791853666305542,0.9999992847442627,0.000999995798755094,0.001,False,128.0,128.0,,
train,,,,,,,261.2053334712982,8.0,135.0,3418.0,0.4493779242038727,0.9999992847442627,0.0009999994691610977,0.001,False,128.0,128.0,,
train,,,,,,,261.2828154563904,8.0,136.0,3419.0,0.5725806951522827,0.9999990463256836,0.0009999977660211123,0.001,False,128.0,128.0,,
train,,,,,,,261.36600828170776,8.0,137.0,3420.0,0.5750463604927063,0.9999991655349731,0.0008687034516041917,0.001,False,128.0,128.0,,
train,,,,,,,261.4575762748718,8.0,138.0,3421.0,0.4783870279788971,0.8687028288841248,0.0007773722293562143,0.001,False,128.0,128.0,,
train,,,,,,,261.53320026397705,8.0,139.0,3422.0,0.45191827416419983,0.7773720026016235,0.0009492637009938626,0.001,False,128.0,128.0,,
train,,,,,,,261.61613178253174,8.0,140.0,3423.0,0.6541756987571716,0.9492660164833069,0.0010000015142464147,0.001,False,128.0,128.0,,
train,,,,,,,261.6898672580719,8.0,141.0,3424.0,0.47467678785324097,0.9999992251396179,0.000988641711300324,0.001,False,128.0,128.0,,
train,,,,,,,261.7720055580139,8.0,142.0,3425.0,0.44559919834136963,0.9886404275894165,0.0010000004042187438,0.001,False,128.0,128.0,,
train,,,,,,,261.8533399105072,8.0,143.0,3426.0,0.4838815927505493,0.9999991655349731,0.0009999982253212983,0.001,False,128.0,128.0,,
train,,,,,,,261.9267864227295,8.0,144.0,3427.0,0.6792137622833252,0.9999991655349731,0.0009999993010732285,0.001,False,128.0,128.0,,
train,,,,,,,262.00016689300537,8.0,145.0,3428.0,0.5491625070571899,0.9999991059303284,0.0010000008604090962,0.001,False,128.0,128.0,,
train,,,,,,,262.0708782672882,8.0,146.0,3429.0,0.583864152431488,0.9999991059303284,0.0010000016770048503,0.001,False,128.0,128.0,,
train,,,,,,,262.145631313324,8.0,147.0,3430.0,0.5437385439872742,0.9999992251396179,0.0008623314313601023,0.001,False,128.0,128.0,,
train,,,,,,,262.2159011363983,8.0,148.0,3431.0,0.47750717401504517,0.8623306751251221,0.0009999982842187325,0.001,False,128.0,128.0,,
train,,,,,,,262.294597864151,8.0,149.0,3432.0,0.5919833183288574,0.9999990463256836,0.0009999993696017903,0.001,False,128.0,128.0,,
train,,,,,,,262.36855363845825,8.0,150.0,3433.0,0.47768962383270264,0.9999990463256836,0.000999998250023804,0.001,False,128.0,128.0,,
train,,,,,,,262.4399106502533,8.0,151.0,3434.0,0.5502442121505737,0.9999989867210388,0.000917042815071053,0.001,False,128.0,128.0,,
train,,,,,,,262.50989985466003,8.0,152.0,3435.0,0.5585538148880005,0.9170414209365845,0.0009545284035595023,0.001,False,128.0,128.0,,
train,,,,,,,262.5820474624634,8.0,153.0,3436.0,0.4862680435180664,0.9545289874076843,0.0010000013291724995,0.001,False,128.0,128.0,,
train,,,,,,,262.65455317497253,8.0,154.0,3437.0,0.4985423684120178,0.9999990463256836,0.0009999983534412543,0.001,False,128.0,128.0,,
train,,,,,,,262.7320351600647,8.0,155.0,3438.0,0.5642895698547363,0.9999992251396179,0.0009741486347162037,0.001,False,128.0,128.0,,
train,,,,,,,262.8144302368164,8.0,156.0,3439.0,0.514479398727417,0.9741485118865967,0.0009430189438536978,0.001,False,128.0,128.0,,
train,,,,,,,262.9012143611908,8.0,157.0,3440.0,0.4645370841026306,0.9430172443389893,0.000985438968514187,0.001,False,128.0,128.0,,
train,,,,,,,262.9716763496399,8.0,158.0,3441.0,0.5067042708396912,0.9854382872581482,0.000862326187556557,0.001,False,128.0,128.0,,
train,,,,,,,263.0445101261139,8.0,159.0,3442.0,0.5431200861930847,0.8623273372650146,0.0009999992827545356,0.001,False,128.0,128.0,,
train,,,,,,,263.1210312843323,8.0,160.0,3443.0,0.4943276047706604,0.9999990463256836,0.001000000436664998,0.001,False,128.0,128.0,,
train,,,,,,,263.2286705970764,8.0,161.0,3444.0,0.5315072536468506,0.9999989867210388,0.000999999455449836,0.001,False,128.0,128.0,,
train,,,,,,,263.3048961162567,8.0,162.0,3445.0,0.6174906492233276,0.9999991655349731,0.0009552916063420015,0.001,False,128.0,128.0,,
train,,,,,,,263.3809406757355,8.0,163.0,3446.0,0.513018786907196,0.9552919864654541,0.0009999968212187614,0.001,False,128.0,128.0,,
train,,,,,,,263.4521253108978,8.0,164.0,3447.0,0.5182992219924927,0.9999990463256836,0.001000000822800323,0.001,False,128.0,128.0,,
train,,,,,,,263.53802037239075,8.0,165.0,3448.0,0.5420966744422913,0.9999992251396179,0.000999999690789462,0.001,False,128.0,128.0,,
train,,,,,,,263.62256836891174,8.0,166.0,3449.0,0.4797552227973938,0.9999991059303284,0.000952901447002989,0.001,False,128.0,128.0,,
train,,,,,,,263.69748616218567,8.0,167.0,3450.0,0.4349321722984314,0.9529024958610535,0.0009232177527461386,0.001,False,128.0,128.0,,
train,,,,,,,263.7790639400482,8.0,168.0,3451.0,0.6212831139564514,0.9232190251350403,0.000999999235098177,0.001,False,128.0,128.0,,
train,,,,,,,263.86002588272095,8.0,169.0,3452.0,0.5447412729263306,0.9999992251396179,0.0009999973506023979,0.001,False,128.0,128.0,,
train,,,,,,,263.9340054988861,8.0,170.0,3453.0,0.5448011159896851,0.9999989867210388,0.0009999995382725152,0.001,False,128.0,128.0,,
train,,,,,,,264.00656056404114,8.0,171.0,3454.0,0.4884902238845825,0.9999991059303284,0.001000000177705557,0.001,False,128.0,128.0,,
train,,,,,,,264.07503390312195,8.0,172.0,3455.0,0.5676171779632568,0.9999991655349731,0.0009999993399588162,0.001,False,128.0,128.0,,
train,,,,,,,264.15882182121277,8.0,173.0,3456.0,0.4769322872161865,0.9999992251396179,0.0009714795699207489,0.001,False,128.0,128.0,,
train,,,,,,,264.23120498657227,8.0,174.0,3457.0,0.5317826271057129,0.9714770317077637,0.0009999984981035423,0.001,False,128.0,128.0,,
train,,,,,,,264.32265758514404,8.0,175.0,3458.0,0.498668372631073,0.9999991059303284,0.0008216428097208216,0.001,False,128.0,128.0,,
train,,,,,,,264.4031445980072,8.0,176.0,3459.0,0.5973497033119202,0.8216429352760315,0.0009999998821086857,0.001,False,128.0,128.0,,
train,,,,,,,264.4850172996521,8.0,177.0,3460.0,0.4552622437477112,0.9999992251396179,0.0009999978354657154,0.001,False,128.0,128.0,,
train,,,,,,,264.5805490016937,8.0,178.0,3461.0,0.5029957294464111,0.9999991059303284,0.0009512731408581338,0.001,False,128.0,128.0,,
train,,,,,,,264.6671316623688,8.0,179.0,3462.0,0.4377474784851074,0.9512713551521301,0.0009934249562809307,0.001,False,128.0,128.0,,
train,,,,,,,264.7542803287506,8.0,180.0,3463.0,0.4507664442062378,0.993427574634552,0.0009999974258479598,0.001,False,128.0,128.0,,
train,,,,,,,264.8514652252197,8.0,181.0,3464.0,0.4917089343070984,0.9999990463256836,0.0009332044722232881,0.001,False,128.0,128.0,,
train,,,,,,,264.9379630088806,8.0,182.0,3465.0,0.4357220530509949,0.9332026839256287,0.0009745024577501539,0.001,False,128.0,128.0,,
train,,,,,,,265.0173897743225,8.0,183.0,3466.0,0.5216756463050842,0.9745021462440491,0.0009999997852417107,0.001,False,128.0,128.0,,
train,,,,,,,265.1026644706726,8.0,184.0,3467.0,0.5600353479385376,0.9999991059303284,0.0010000007909924588,0.001,False,128.0,128.0,,
train,,,,,,,265.1987977027893,8.0,185.0,3468.0,0.5235384106636047,0.9999991059303284,0.0009999988543745826,0.001,False,128.0,128.0,,
train,,,,,,,265.28697180747986,8.0,186.0,3469.0,0.5926841497421265,0.9999991059303284,0.0010000002387955662,0.001,False,128.0,128.0,,
train,,,,,,,265.3659317493439,8.0,187.0,3470.0,0.4507337808609009,0.9999990463256836,0.0009092698434148128,0.001,False,128.0,128.0,,
train,,,,,,,265.43866324424744,8.0,188.0,3471.0,0.5704297423362732,0.9092707633972168,0.0008663687764596965,0.001,False,128.0,128.0,,
train,,,,,,,265.51219153404236,8.0,189.0,3472.0,0.49175354838371277,0.8663706183433533,0.0009999989997029324,0.001,False,128.0,128.0,,
train,,,,,,,265.5810658931732,8.0,190.0,3473.0,0.38022130727767944,0.9999992251396179,0.000803509204224555,0.001,False,128.0,128.0,,
train,,,,,,,265.65318274497986,8.0,191.0,3474.0,0.589941143989563,0.8035106658935547,0.0009999996637000115,0.001,False,128.0,128.0,,
train,,,,,,,265.72293877601624,8.0,192.0,3475.0,0.6876017451286316,0.9999991059303284,0.000999997399147027,0.001,False,128.0,128.0,,
train,,,,,,,265.79582357406616,8.0,193.0,3476.0,0.6215072870254517,0.9999990463256836,0.0009999987244505757,0.001,False,128.0,128.0,,
train,,,,,,,265.87143993377686,8.0,194.0,3477.0,0.4996832311153412,0.9999991059303284,0.000970449450225626,0.001,False,128.0,128.0,,
train,,,,,,,265.9423940181732,8.0,195.0,3478.0,0.6410850882530212,0.9704492092132568,0.0009999991858875026,0.001,False,128.0,128.0,,
train,,,,,,,266.01695799827576,8.0,196.0,3479.0,0.5719568729400635,0.9999992847442627,0.0009999975662082572,0.001,False,128.0,128.0,,
train,,,,,,,266.08911514282227,8.0,197.0,3480.0,0.5886778831481934,0.9999991059303284,0.000911122533040483,0.001,False,128.0,128.0,,
train,,,,,,,266.1626286506653,8.0,198.0,3481.0,0.5460706353187561,0.9111217260360718,0.000933222487598002,0.001,False,128.0,128.0,,
train,,,,,,,266.2339115142822,8.0,199.0,3482.0,0.49815529584884644,0.9332231879234314,0.0009524666338125642,0.001,False,128.0,128.0,,
train,,,,,,,266.297949552536,8.0,200.0,3483.0,0.45589500665664673,0.9524666666984558,0.0008604658022601882,0.001,False,128.0,128.0,,
train,,,,,,,266.3625831604004,8.0,201.0,3484.0,0.47802552580833435,0.8604649901390076,0.0009999983516648947,0.001,False,128.0,128.0,,
train,,,,,,,266.4269778728485,8.0,202.0,3485.0,0.47833824157714844,0.9999992251396179,0.0009999967689826006,0.001,False,128.0,128.0,,
train,,,,,,,266.49208426475525,8.0,203.0,3486.0,0.5560824871063232,0.9999991059303284,0.0009790265239396699,0.001,False,128.0,128.0,,
train,,,,,,,266.5557882785797,8.0,204.0,3487.0,0.4637036919593811,0.9790247678756714,0.0009470827348514822,0.001,False,128.0,128.0,,
train,,,,,,,266.6220369338989,8.0,205.0,3488.0,0.4618806838989258,0.9470845460891724,0.0009019383445462708,0.001,False,128.0,128.0,,
train,,,,,,,266.6902301311493,8.0,206.0,3489.0,0.4949774742126465,0.9019392132759094,0.0009999986057120647,0.001,False,128.0,128.0,,
train,,,,,,,266.75751209259033,8.0,207.0,3490.0,0.5291488170623779,0.9999990463256836,0.0010000003528154373,0.001,False,128.0,128.0,,
train,,,,,,,266.8432869911194,8.0,208.0,3491.0,0.549185037612915,0.9999991655349731,0.0010000009288542845,0.001,False,128.0,128.0,,
train,,,,,,,266.90888595581055,8.0,209.0,3492.0,0.4768800437450409,0.9999991059303284,0.0008781031440424979,0.001,False,128.0,128.0,,
train,,,,,,,266.9742679595947,8.0,210.0,3493.0,0.629682183265686,0.878101646900177,0.0009999969734863217,0.001,False,128.0,128.0,,
train,,,,,,,267.03713035583496,8.0,211.0,3494.0,0.5686427354812622,0.9999992847442627,0.000995847367813318,0.001,False,128.0,128.0,,
train,,,,,,,267.09880685806274,8.0,212.0,3495.0,0.5328297019004822,0.9958459138870239,0.0009077304107671977,0.001,False,128.0,128.0,,
train,,,,,,,267.16226863861084,8.0,213.0,3496.0,0.5926417112350464,0.9077303409576416,0.0009999991467798638,0.001,False,128.0,128.0,,
train,,,,,,,267.2281029224396,8.0,214.0,3497.0,0.5202853083610535,0.9999991655349731,0.0009231696115853908,0.001,False,128.0,128.0,,
train,,,,,,,267.29256677627563,8.0,215.0,3498.0,0.492377370595932,0.9231696128845215,0.000999997128140845,0.001,False,128.0,128.0,,
train,,,,,,,267.3588342666626,8.0,216.0,3499.0,0.4795927405357361,0.9999989867210388,0.001000000590430808,0.001,False,128.0,128.0,,
train,,,,,,,267.43009662628174,8.0,217.0,3500.0,0.5484350919723511,0.9999991059303284,0.0009403580357276465,0.001,False,128.0,128.0,,
train,,,,,,,267.50465178489685,8.0,218.0,3501.0,0.5779589414596558,0.9403574466705322,0.0009999992095352718,0.001,False,128.0,128.0,,
train,,,,,,,267.5700218677521,8.0,219.0,3502.0,0.4865879416465759,0.9999991655349731,0.000897813086211139,0.001,False,128.0,128.0,,
train,,,,,,,267.6347625255585,8.0,220.0,3503.0,0.61897873878479,0.8978117108345032,0.000999999840364294,0.001,False,128.0,128.0,,
train,,,,,,,267.70184874534607,8.0,221.0,3504.0,0.4705563485622406,0.9999991059303284,0.0008947081428800667,0.001,False,128.0,128.0,,
train,,,,,,,267.76716208457947,8.0,222.0,3505.0,0.591193437576294,0.8947086930274963,0.0009577518284416785,0.001,False,128.0,128.0,,
train,,,,,,,267.8331604003906,8.0,223.0,3506.0,0.6628742218017578,0.9577512145042419,0.0010000003199528468,0.001,False,128.0,128.0,,
train,,,,,,,267.8968024253845,8.0,224.0,3507.0,0.6516040563583374,0.9999991655349731,0.0009999978737684919,0.001,False,128.0,128.0,,
train,,,,,,,267.96205949783325,8.0,225.0,3508.0,0.646730363368988,0.9999991655349731,0.0009999997709753416,0.001,False,128.0,128.0,,
train,,,,,,,268.02580523490906,8.0,226.0,3509.0,0.6399668455123901,0.9999991655349731,0.000999999447844804,0.001,False,128.0,128.0,,
train,,,,,,,268.0924527645111,8.0,227.0,3510.0,0.5304045677185059,0.9999991059303284,0.0008553302508641524,0.001,False,128.0,128.0,,
train,,,,,,,268.15664649009705,8.0,228.0,3511.0,0.48861563205718994,0.855329155921936,0.0009253273864814941,0.001,False,128.0,128.0,,
train,,,,,,,268.2224991321564,8.0,229.0,3512.0,0.5582035183906555,0.925328254699707,0.0010000009242191075,0.001,False,128.0,128.0,,
train,,,,,,,268.2910075187683,8.0,230.0,3513.0,0.44684380292892456,0.9999990463256836,0.0009999973799401185,0.001,False,128.0,128.0,,
train,,,,,,,268.3552887439728,8.0,231.0,3514.0,0.5106949210166931,0.9999992847442627,0.0009951753657981076,0.001,False,128.0,128.0,,
train,,,,,,,268.42323565483093,8.0,232.0,3515.0,0.597896933555603,0.9951754808425903,0.0010000000962151984,0.001,False,128.0,128.0,,
train,,,,,,,268.4888973236084,8.0,233.0,3516.0,0.4625764489173889,0.9999992251396179,0.0008505531092498121,0.001,False,128.0,128.0,,
train,,,,,,,268.55185198783875,8.0,234.0,3517.0,0.6046181917190552,0.8505538105964661,0.0009999987825430679,0.001,False,128.0,128.0,,
train,,,,,,,268.6166546344757,8.0,235.0,3518.0,0.4917723536491394,0.9999990463256836,0.0009502614669486414,0.001,False,128.0,128.0,,
train,,,,,,,268.68237805366516,8.0,236.0,3519.0,0.49877792596817017,0.9502596259117126,0.0009365307531717099,0.001,False,128.0,128.0,,
train,,,,,,,268.74629950523376,8.0,237.0,3520.0,0.49096059799194336,0.9365296363830566,0.0009910584940149984,0.001,False,128.0,128.0,,
train,,,,,,,268.81264567375183,8.0,238.0,3521.0,0.49112144112586975,0.9910562634468079,0.0009205871186948645,0.001,False,128.0,128.0,,
train,,,,,,,268.88069009780884,8.0,239.0,3522.0,0.45948636531829834,0.9205890893936157,0.000909812097628016,0.001,False,128.0,128.0,,
train,,,,,,,268.94665813446045,8.0,240.0,3523.0,0.5355591773986816,0.9098115563392639,0.0010000005322551543,0.001,False,128.0,128.0,,
train,,,,,,,269.0110652446747,8.0,241.0,3524.0,0.6038718223571777,0.9999991655349731,0.0009435899842992871,0.001,False,128.0,128.0,,
train,,,,,,,269.0767300128937,8.0,242.0,3525.0,0.5709882974624634,0.9435899257659912,0.000999996750108748,0.001,False,128.0,128.0,,
train,,,,,,,269.1461501121521,8.0,243.0,3526.0,0.4858372211456299,0.9999992251396179,0.0008885582055266959,0.001,False,128.0,128.0,,
train,,,,,,,269.20952224731445,8.0,244.0,3527.0,0.5333772897720337,0.8885607719421387,0.0009999981743064584,0.001,False,128.0,128.0,,
train,,,,,,,269.2733726501465,8.0,245.0,3528.0,0.5169668197631836,0.9999990463256836,0.0009999998217125443,0.001,False,128.0,128.0,,
train,,,,,,,269.3381280899048,8.0,246.0,3529.0,0.5674445629119873,0.9999991655349731,0.0009999979587562414,0.001,False,128.0,128.0,,
train,,,,,,,269.40193462371826,8.0,247.0,3530.0,0.4975590705871582,0.9999991655349731,0.0009999990929062442,0.001,False,128.0,128.0,,
train,,,,,,,269.46666955947876,8.0,248.0,3531.0,0.4744536280632019,0.9999991059303284,0.0009999974021168813,0.001,False,128.0,128.0,,
train,,,,,,,269.53328680992126,8.0,249.0,3532.0,0.48367422819137573,0.9999991655349731,0.0009999978213658522,0.001,False,128.0,128.0,,
train,,,,,,,269.59825587272644,8.0,250.0,3533.0,0.5515081882476807,0.9999990463256836,0.0009999998315380198,0.001,False,128.0,128.0,,
train,,,,,,,269.6678981781006,8.0,251.0,3534.0,0.6643816232681274,0.9999993443489075,0.0009999985561960475,0.001,False,128.0,128.0,,
train,,,,,,,269.7519316673279,8.0,252.0,3535.0,0.5776059627532959,0.9999993443489075,0.0008522836527945938,0.001,False,128.0,128.0,,
train,,,,,,,269.82128620147705,8.0,253.0,3536.0,0.5177292227745056,0.8522845506668091,0.0008740170818709582,0.001,False,128.0,128.0,,
train,,,,,,,269.88682103157043,8.0,254.0,3537.0,0.49907416105270386,0.8740156888961792,0.0009999967346210864,0.001,False,128.0,128.0,,
train,,,,,,,269.956502199173,8.0,255.0,3538.0,0.577164888381958,0.9999991655349731,0.0009999985845345308,0.001,False,128.0,128.0,,
train,,,,,,,270.0238299369812,8.0,256.0,3539.0,0.5076038837432861,0.9999991059303284,0.0009999994560049479,0.001,False,128.0,128.0,,
train,,,,,,,270.09265303611755,8.0,257.0,3540.0,0.5440117716789246,0.9999992251396179,0.0009999992115336748,0.001,False,128.0,128.0,,
train,,,,,,,270.16089701652527,8.0,258.0,3541.0,0.49560415744781494,0.9999991059303284,0.0009999965289515785,0.001,False,128.0,128.0,,
train,,,,,,,270.23448491096497,8.0,259.0,3542.0,0.5038073658943176,0.9999991655349731,0.0009652436052214903,0.001,False,128.0,128.0,,
train,,,,,,,270.3031494617462,8.0,260.0,3543.0,0.4260708689689636,0.9652433395385742,0.0009432793443313207,0.001,False,128.0,128.0,,
train,,,,,,,270.3755443096161,8.0,261.0,3544.0,0.5216628909111023,0.9432796835899353,0.000999998844715631,0.001,False,128.0,128.0,,
train,,,,,,,270.4440987110138,8.0,262.0,3545.0,0.44941842555999756,0.9999992251396179,0.0008491201176329815,0.001,False,128.0,128.0,,
train,,,,,,,270.5177252292633,8.0,263.0,3546.0,0.44363558292388916,0.8491219878196716,0.000999999217584395,0.001,False,128.0,128.0,,
train,,,,,,,270.5844612121582,8.0,264.0,3547.0,0.5426870584487915,0.9999990463256836,0.0009404857442040397,0.001,False,128.0,128.0,,
train,,,,,,,270.6502583026886,8.0,265.0,3548.0,0.4843106269836426,0.9404861330986023,0.0009999985085951655,0.001,False,128.0,128.0,,
train,,,,,,,270.7226781845093,8.0,266.0,3549.0,0.39755216240882874,0.9999990463256836,0.0007585367754155315,0.001,False,128.0,128.0,,
train,,,,,,,270.793904542923,8.0,267.0,3550.0,0.5544999837875366,0.7585365772247314,0.0009999990831362727,0.001,False,128.0,128.0,,
train,,,,,,,270.8593316078186,8.0,268.0,3551.0,0.5199774503707886,0.9999992251396179,0.0009999997360588188,0.001,False,128.0,128.0,,
train,,,,,,,270.92526483535767,8.0,269.0,3552.0,0.42998984456062317,0.9999994039535522,0.000997138786480375,0.001,False,128.0,128.0,,
train,,,,,,,270.99211716651917,8.0,270.0,3553.0,0.4122847616672516,0.9971386790275574,0.0008058371181422594,0.001,False,128.0,128.0,,
train,,,,,,,271.06246161460876,8.0,271.0,3554.0,0.4816618859767914,0.8058392405509949,0.000999999643521701,0.001,False,128.0,128.0,,
train,,,,,,,271.1328213214874,8.0,272.0,3555.0,0.588534951210022,0.9999991059303284,0.0009530025557842016,0.001,False,128.0,128.0,,
train,,,,,,,271.2054214477539,8.0,273.0,3556.0,0.4729515016078949,0.9530033469200134,0.0009999991976003648,0.001,False,128.0,128.0,,
train,,,,,,,271.2740972042084,8.0,274.0,3557.0,0.4162653088569641,0.9999991655349731,0.0009326842486111417,0.001,False,128.0,128.0,,
train,,,,,,,271.34050583839417,8.0,275.0,3558.0,0.4712563753128052,0.9326853156089783,0.0009446219141931226,0.001,False,128.0,128.0,,
train,,,,,,,271.41058230400085,8.0,276.0,3559.0,0.49166208505630493,0.9446200132369995,0.0009781575932822511,0.001,False,128.0,128.0,,
train,,,,,,,271.48238611221313,8.0,277.0,3560.0,0.5325202345848083,0.978157103061676,0.0009748279309617175,0.001,False,128.0,128.0,,
train,,,,,,,271.5525288581848,8.0,278.0,3561.0,0.48660901188850403,0.9748263955116272,0.0009282250878877067,0.001,False,128.0,128.0,,
train,,,,,,,271.6191825866699,8.0,279.0,3562.0,0.5301883220672607,0.9282268285751343,0.000974546494019204,0.001,False,128.0,128.0,,
train,,,,,,,271.6851363182068,8.0,280.0,3563.0,0.5593289136886597,0.9745463728904724,0.0010000010270256594,0.001,False,128.0,128.0,,
train,,,,,,,271.7534484863281,8.0,281.0,3564.0,0.44213372468948364,0.9999991655349731,0.0009845474947217186,0.001,False,128.0,128.0,,
train,,,,,,,271.8206088542938,8.0,282.0,3565.0,0.4381835460662842,0.984546422958374,0.0008869964120164463,0.001,False,128.0,128.0,,
train,,,,,,,271.88788294792175,8.0,283.0,3566.0,0.4745211601257324,0.886999249458313,0.000998481532674355,0.001,False,128.0,128.0,,
train,,,,,,,271.9658212661743,8.0,284.0,3567.0,0.507660448551178,0.9984804391860962,0.0009999986037414162,0.001,False,128.0,128.0,,
train,,,,,,,272.0394570827484,8.0,285.0,3568.0,0.46675464510917664,0.9999991059303284,0.0010000021950061552,0.001,False,128.0,128.0,,
train,,,,,,,272.11315393447876,8.0,286.0,3569.0,0.5123845338821411,0.9999989867210388,0.001000000365111153,0.001,False,128.0,128.0,,
train,,,,,,,272.18079829216003,8.0,287.0,3570.0,0.49634578824043274,0.9999990463256836,0.0009136993504342293,0.001,False,128.0,128.0,,
train,,,,,,,272.24812388420105,8.0,288.0,3571.0,0.4349290132522583,0.9136964082717896,0.0009558133137920424,0.001,False,128.0,128.0,,
train,,,,,,,272.3187508583069,8.0,289.0,3572.0,0.47992563247680664,0.9558125138282776,0.0009254869209916281,0.001,False,128.0,128.0,,
train,,,,,,,272.38778162002563,8.0,290.0,3573.0,0.45020219683647156,0.9254870414733887,0.0009660888810297219,0.001,False,128.0,128.0,,
train,,,,,,,272.460324048996,8.0,291.0,3574.0,0.4854066073894501,0.9660912156105042,0.0008520313898171616,0.001,False,128.0,128.0,,
train,,,,,,,272.53196716308594,8.0,292.0,3575.0,0.5021622776985168,0.852031409740448,0.0008887404754791512,0.001,False,128.0,128.0,,
train,,,,,,,272.60830426216125,8.0,293.0,3576.0,0.4105575382709503,0.8887418508529663,0.0008600513373874962,0.001,False,128.0,128.0,,
train,,,,,,,272.67923760414124,8.0,294.0,3577.0,0.523441731929779,0.8600518703460693,0.000990836556074443,0.001,False,128.0,128.0,,
train,,,,,,,272.74616026878357,8.0,295.0,3578.0,0.4994986951351166,0.9908369183540344,0.0009083138007898,0.001,False,128.0,128.0,,
train,,,,,,,272.8122613430023,8.0,296.0,3579.0,0.4583350419998169,0.9083145260810852,0.001000000202130459,0.001,False,128.0,128.0,,
train,,,,,,,272.8786292076111,8.0,297.0,3580.0,0.5623488426208496,0.9999990463256836,0.000999998463131464,0.001,False,128.0,128.0,,
train,,,,,,,272.94509077072144,8.0,298.0,3581.0,0.5023462176322937,0.9999991655349731,0.0009717150746292162,0.001,False,128.0,128.0,,
train,,,,,,,273.0153305530548,8.0,299.0,3582.0,0.480642706155777,0.9717161655426025,0.0009507201967800786,0.001,False,128.0,128.0,,
train,,,,,,,273.0849986076355,8.0,300.0,3583.0,0.5892448425292969,0.9507200717926025,0.0008955088386946886,0.001,False,128.0,128.0,,
train,,,,,,,273.1605088710785,8.0,301.0,3584.0,0.4534134268760681,0.8955100178718567,0.0008524762841095951,0.001,False,128.0,128.0,,
train,,,,,,,273.2275469303131,8.0,302.0,3585.0,0.5313470959663391,0.8524753451347351,0.0009489349677731096,0.001,False,128.0,128.0,,
train,,,,,,,273.29395508766174,8.0,303.0,3586.0,0.49540531635284424,0.9489347338676453,0.0008052698827284438,0.001,False,128.0,128.0,,
train,,,,,,,273.361661195755,8.0,304.0,3587.0,0.5162085294723511,0.8052720427513123,0.0009999982212134657,0.001,False,128.0,128.0,,
train,,,,,,,273.43232226371765,8.0,305.0,3588.0,0.5079950094223022,0.9999992251396179,0.0008869711171495298,0.001,False,128.0,128.0,,
train,,,,,,,273.5006322860718,8.0,306.0,3589.0,0.5611469149589539,0.8869732022285461,0.000999997915540721,0.001,False,128.0,128.0,,
train,,,,,,,273.5676329135895,8.0,307.0,3590.0,0.4606723189353943,0.9999992251396179,0.0010000009220541748,0.001,False,128.0,128.0,,
train,,,,,,,273.63694190979004,8.0,308.0,3591.0,0.5070801973342896,0.9999990463256836,0.0009999993077623268,0.001,False,128.0,128.0,,
train,,,,,,,273.70451068878174,8.0,309.0,3592.0,0.5555148720741272,0.9999989867210388,0.0009999965895977198,0.001,False,128.0,128.0,,
train,,,,,,,273.77843618392944,8.0,310.0,3593.0,0.52052903175354,0.9999991059303284,0.0008980426988163967,0.001,False,128.0,128.0,,
train,,,,,,,273.849853515625,8.0,311.0,3594.0,0.4618503451347351,0.8980441689491272,0.0010000008183039233,0.001,False,128.0,128.0,,
train,,,,,,,273.9175250530243,8.0,312.0,3595.0,0.4271324872970581,0.9999991655349731,0.0009520694129180578,0.001,False,128.0,128.0,,
train,,,,,,,273.98434376716614,8.0,313.0,3596.0,0.41665947437286377,0.9520689845085144,0.0009408517862201408,0.001,False,128.0,128.0,,
train,,,,,,,274.0517785549164,8.0,314.0,3597.0,0.5221830010414124,0.9408538341522217,0.0009999977915007873,0.001,False,128.0,128.0,,
train,,,,,,,274.1175436973572,8.0,315.0,3598.0,0.5885486006736755,0.9999992251396179,0.0009999997658128033,0.001,False,128.0,128.0,,
train,,,,,,,274.19097232818604,8.0,316.0,3599.0,0.4410865902900696,0.9999991655349731,0.0009454628910176684,0.001,False,128.0,128.0,,
train,,,,,,,274.2661657333374,8.0,317.0,3600.0,0.42459002137184143,0.9454639554023743,0.000999998230816912,0.001,False,128.0,128.0,,
train,,,,,,,274.33748722076416,8.0,318.0,3601.0,0.48488330841064453,0.9999991059303284,0.0009212227328053548,0.001,False,128.0,128.0,,
train,,,,,,,274.4067294597626,8.0,319.0,3602.0,0.5224609375,0.9212228655815125,0.0009999993566399282,0.001,False,128.0,128.0,,
train,,,,,,,274.4784846305847,8.0,320.0,3603.0,0.41183584928512573,0.9999991059303284,0.000999997960588113,0.001,False,128.0,128.0,,
train,,,,,,,274.54945969581604,8.0,321.0,3604.0,0.49838024377822876,0.9999992847442627,0.0009999972205116617,0.001,False,128.0,128.0,,
train,,,,,,,274.6196675300598,8.0,322.0,3605.0,0.5431381464004517,0.9999990463256836,0.001000000746528061,0.001,False,128.0,128.0,,
train,,,,,,,274.6909456253052,8.0,323.0,3606.0,0.5036771893501282,0.9999990463256836,0.0009955191086321877,0.001,False,128.0,128.0,,
train,,,,,,,274.76206636428833,8.0,324.0,3607.0,0.5273418426513672,0.9955178499221802,0.00099999847373411,0.001,False,128.0,128.0,,
train,,,,,,,274.8302698135376,8.0,325.0,3608.0,0.5298709869384766,0.999999463558197,0.0010000003250321154,0.001,False,128.0,128.0,,
train,,,,,,,274.89496207237244,8.0,326.0,3609.0,0.4926545023918152,0.9999992847442627,0.00099999878354227,0.001,False,128.0,128.0,,
train,,,,,,,274.964875459671,8.0,327.0,3610.0,0.547436535358429,0.9999989867210388,0.0010000000059818266,0.001,False,128.0,128.0,,
train,,,,,,,275.0445477962494,8.0,328.0,3611.0,0.5267499685287476,0.9999990463256836,0.0010000026611044048,0.001,False,128.0,128.0,,
train,,,,,,,275.1271436214447,8.0,329.0,3612.0,0.37696343660354614,0.9999991059303284,0.0007809319057724987,0.001,False,128.0,128.0,,
train,,,,,,,275.1955027580261,8.0,330.0,3613.0,0.577046811580658,0.7809296250343323,0.0010000002739063605,0.001,False,128.0,128.0,,
train,,,,,,,275.2639727592468,8.0,331.0,3614.0,0.514970600605011,0.9999990463256836,0.000999998524859957,0.001,False,128.0,128.0,,
train,,,,,,,275.33024621009827,8.0,332.0,3615.0,0.47294366359710693,0.9999991655349731,0.0009110558192802592,0.001,False,128.0,128.0,,
train,,,,,,,275.3963632583618,8.0,333.0,3616.0,0.4970921277999878,0.911054790019989,0.0009999981314517705,0.001,False,128.0,128.0,,
train,,,,,,,275.46647453308105,8.0,334.0,3617.0,0.5374200344085693,0.9999991059303284,0.0009999980461864793,0.001,False,128.0,128.0,,
train,,,,,,,275.5364935398102,8.0,335.0,3618.0,0.5034635066986084,0.9999991059303284,0.0010000029758517452,0.001,False,128.0,128.0,,
train,,,,,,,275.6092541217804,8.0,336.0,3619.0,0.44727733731269836,0.9999991059303284,0.0007981149186797042,0.001,False,128.0,128.0,,
train,,,,,,,275.6778795719147,8.0,337.0,3620.0,0.5554699897766113,0.7981147766113281,0.000999997870715372,0.001,False,128.0,128.0,,
train,,,,,,,275.7486505508423,8.0,338.0,3621.0,0.5851483345031738,0.9999991059303284,0.000872730376576821,0.001,False,128.0,128.0,,
train,,,,,,,275.83593010902405,8.0,339.0,3622.0,0.5784323215484619,0.8727297782897949,0.0010000008715668278,0.001,False,128.0,128.0,,
train,,,,,,,275.90567898750305,8.0,340.0,3623.0,0.6389586925506592,0.9999991059303284,0.001000000430503263,0.001,False,128.0,128.0,,
train,,,,,,,275.9732789993286,8.0,341.0,3624.0,0.46754661202430725,0.9999991059303284,0.0009837007218757054,0.001,False,128.0,128.0,,
train,,,,,,,276.04219484329224,8.0,342.0,3625.0,0.4362441897392273,0.9837005734443665,0.0008341236472928728,0.001,False,128.0,128.0,,
train,,,,,,,276.10944986343384,8.0,343.0,3626.0,0.7092625498771667,0.8341229557991028,0.000999998073164951,0.001,False,128.0,128.0,,
train,,,,,,,276.17666506767273,8.0,344.0,3627.0,0.4607470631599426,0.9999991059303284,0.000881209267229018,0.001,False,128.0,128.0,,
train,,,,,,,276.2472593784332,8.0,345.0,3628.0,0.4461759328842163,0.8812084197998047,0.000965636276205157,0.001,False,128.0,128.0,,
train,,,,,,,276.3190131187439,8.0,346.0,3629.0,0.5262125730514526,0.9656388759613037,0.0009727712486688338,0.001,False,128.0,128.0,,
train,,,,,,,276.3871874809265,8.0,347.0,3630.0,0.49120453000068665,0.972772479057312,0.0009999997544330147,0.001,False,128.0,128.0,,
train,,,,,,,276.45340061187744,8.0,348.0,3631.0,0.5671151876449585,0.9999991059303284,0.0009999990877437024,0.001,False,128.0,128.0,,
train,,,,,,,276.52788162231445,8.0,349.0,3632.0,0.44945526123046875,0.9999991655349731,0.0009238986071692216,0.001,False,128.0,128.0,,
train,,,,,,,276.6046793460846,8.0,350.0,3633.0,0.5018328428268433,0.9238988161087036,0.0009585300025684564,0.001,False,128.0,128.0,,
train,,,,,,,276.6858797073364,8.0,351.0,3634.0,0.6368439197540283,0.9585299491882324,0.0009999991257133637,0.001,False,128.0,128.0,,
train,,,,,,,276.7527861595154,8.0,352.0,3635.0,0.6327965259552002,0.9999992251396179,0.0009999994792086215,0.001,False,128.0,128.0,,
train,,,,,,,276.82179713249207,8.0,353.0,3636.0,0.4576597511768341,0.9999992847442627,0.000993786255017609,0.001,False,128.0,128.0,,
train,,,,,,,276.88902163505554,8.0,354.0,3637.0,0.5453752279281616,0.9937868714332581,0.0009999991921047565,0.001,False,128.0,128.0,,
train,,,,,,,276.9556927680969,8.0,355.0,3638.0,0.5064940452575684,0.9999991059303284,0.00099999564509957,0.001,False,128.0,128.0,,
train,,,,,,,277.0217785835266,8.0,356.0,3639.0,0.44089066982269287,0.9999991655349731,0.0009957996440665363,0.001,False,128.0,128.0,,
train,,,,,,,277.0900967121124,8.0,357.0,3640.0,0.41350996494293213,0.9957998394966125,0.0008853053709056893,0.001,False,128.0,128.0,,
train,,,,,,,277.1577727794647,8.0,358.0,3641.0,0.6963194608688354,0.885302722454071,0.001000000279846052,0.001,False,128.0,128.0,,
train,,,,,,,277.22842288017273,8.0,359.0,3642.0,0.4572899639606476,0.9999993443489075,0.0008180078800258487,0.001,False,128.0,128.0,,
train,,,,,,,277.3008556365967,8.0,360.0,3643.0,0.5929197072982788,0.8180086612701416,0.000999998690061373,0.001,False,128.0,128.0,,
train,,,,,,,277.36830496788025,8.0,361.0,3644.0,0.5639916658401489,0.9999991655349731,0.000999998415780378,0.001,False,128.0,128.0,,
train,,,,,,,277.4377202987671,8.0,362.0,3645.0,0.44204476475715637,0.9999991059303284,0.0009308720847707435,0.001,False,128.0,128.0,,
train,,,,,,,277.506712436676,8.0,363.0,3646.0,0.5789464712142944,0.9308700561523438,0.0009999979835697763,0.001,False,128.0,128.0,,
train,,,,,,,277.5778052806854,8.0,364.0,3647.0,0.5111681222915649,0.9999992251396179,0.001000001194225061,0.001,False,128.0,128.0,,
train,,,,,,,277.64429903030396,8.0,365.0,3648.0,0.584996223449707,0.9999992251396179,0.0009999995514564197,0.001,False,128.0,128.0,,
train,,,,,,,277.71341276168823,8.0,366.0,3649.0,0.4235086441040039,0.9999991059303284,0.0009209949407841176,0.001,False,128.0,128.0,,
train,,,,,,,277.78221130371094,8.0,367.0,3650.0,0.40018346905708313,0.9209933876991272,0.0009505756685573772,0.001,False,128.0,128.0,,
train,,,,,,,277.84906220436096,8.0,368.0,3651.0,0.5355953574180603,0.9505760073661804,0.0009547045011326226,0.001,False,128.0,128.0,,
train,,,,,,,277.9191870689392,8.0,369.0,3652.0,0.5141816139221191,0.9547060132026672,0.0009372302842403334,0.001,False,128.0,128.0,,
train,,,,,,,277.98558378219604,8.0,370.0,3653.0,0.5382168889045715,0.9372283816337585,0.0009999986544786778,0.001,False,128.0,128.0,,
train,,,,,,,278.05430936813354,8.0,371.0,3654.0,0.4827432334423065,0.9999992847442627,0.0009999986877299017,0.001,False,128.0,128.0,,
train,,,,,,,278.1255886554718,8.0,372.0,3655.0,0.532848596572876,0.9999990463256836,0.0009999988417735367,0.001,False,128.0,128.0,,
train,,,,,,,278.1950387954712,8.0,373.0,3656.0,0.46315303444862366,0.9999990463256836,0.0010000006260134343,0.001,False,128.0,128.0,,
train,,,,,,,278.2634253501892,8.0,374.0,3657.0,0.4939737319946289,0.9999992251396179,0.0009712080948651603,0.001,False,128.0,128.0,,
train,,,,,,,278.3324489593506,8.0,375.0,3658.0,0.420269250869751,0.9712074995040894,0.0009999993433727544,0.001,False,128.0,128.0,,
train,,,,,,,278.39951634407043,8.0,376.0,3659.0,0.51841139793396,0.9999991059303284,0.0009999972356940037,0.001,False,128.0,128.0,,
train,,,,,,,278.4704191684723,8.0,377.0,3660.0,0.43007397651672363,0.9999991059303284,0.0009940490498806557,0.001,False,128.0,128.0,,
train,,,,,,,278.5452206134796,8.0,378.0,3661.0,0.4918924570083618,0.9940474629402161,0.0009646009964595587,0.001,False,128.0,128.0,,
train,,,,,,,278.61423540115356,8.0,379.0,3662.0,0.4420415461063385,0.9646002650260925,0.000999998249579714,0.001,False,128.0,128.0,,
train,,,,,,,278.68321561813354,8.0,380.0,3663.0,0.47783011198043823,0.9999990463256836,0.0009999978465402139,0.001,False,128.0,128.0,,
train,,,,,,,278.7558822631836,8.0,381.0,3664.0,0.434154748916626,0.9999991655349731,0.0009650323169583684,0.001,False,128.0,128.0,,
train,,,,,,,278.82959628105164,8.0,382.0,3665.0,0.5871213674545288,0.9650304317474365,0.0010000006562114812,0.001,False,128.0,128.0,,
train,,,,,,,278.9068500995636,8.0,383.0,3666.0,0.49758636951446533,0.9999992251396179,0.0009000045797606989,0.001,False,128.0,128.0,,
train,,,,,,,278.9753563404083,8.0,384.0,3667.0,0.4679464101791382,0.9000041484832764,0.0009999974059471607,0.001,False,128.0,128.0,,
train,,,,,,,279.0468029975891,8.0,385.0,3668.0,0.5221662521362305,0.9999991059303284,0.0009145674893554346,0.001,False,128.0,128.0,,
train,,,,,,,279.1155345439911,8.0,386.0,3669.0,0.5442720651626587,0.9145669341087341,0.0009999970846754878,0.001,False,128.0,128.0,,
train,,,,,,,279.1868987083435,8.0,387.0,3670.0,0.5271120071411133,0.9999990463256836,0.0009999987049938922,0.001,False,128.0,128.0,,
train,,,,,,,279.2574381828308,8.0,388.0,3671.0,0.4644606411457062,0.9999991059303284,0.0009999968725667382,0.001,False,128.0,128.0,,
train,,,,,,,279.3260190486908,8.0,389.0,3672.0,0.44395911693573,0.9999989867210388,0.000724847104327991,0.001,False,128.0,128.0,,
train,,,,,,,279.39767837524414,8.0,390.0,3673.0,0.547365665435791,0.724845826625824,0.0009999991591866167,0.001,False,128.0,128.0,,
train,,,,,,,279.47749423980713,8.0,391.0,3674.0,0.5208591818809509,0.9999992251396179,0.0010000008575225187,0.001,False,128.0,128.0,,
train,,,,,,,279.54997158050537,8.0,392.0,3675.0,0.5363022089004517,0.9999991655349731,0.00099999940449057,0.001,False,128.0,128.0,,
train,,,,,,,279.61862897872925,8.0,393.0,3676.0,0.48391440510749817,0.9999991655349731,0.0009999996114362438,0.001,False,128.0,128.0,,
train,,,,,,,279.6861538887024,8.0,394.0,3677.0,0.5105417966842651,0.9999990463256836,0.0009267796708734202,0.001,False,128.0,128.0,,
train,,,,,,,279.7556879520416,8.0,395.0,3678.0,0.5550976395606995,0.9267796874046326,0.000999996760655901,0.001,False,128.0,128.0,,
train,,,,,,,279.82313203811646,8.0,396.0,3679.0,0.5157809257507324,0.9999991059303284,0.0009738822270157988,0.001,False,128.0,128.0,,
train,,,,,,,279.893257856369,8.0,397.0,3680.0,0.442809134721756,0.9738821983337402,0.0008641274613643998,0.001,False,128.0,128.0,,
train,,,,,,,279.96244978904724,8.0,398.0,3681.0,0.5087887644767761,0.8641273379325867,0.0009999979849020467,0.001,False,128.0,128.0,,
train,,,,,,,280.03607416152954,8.0,399.0,3682.0,0.4646476209163666,0.9999992251396179,0.0009664815123964405,0.001,False,128.0,128.0,,
train,,,,,,,280.1136226654053,8.0,400.0,3683.0,0.44436419010162354,0.9664813876152039,0.0009551133962542179,0.001,False,128.0,128.0,,
train,,,,,,,280.1832265853882,8.0,401.0,3684.0,0.5582578778266907,0.9551132321357727,0.0009999994937525505,0.001,False,128.0,128.0,,
train,,,,,,,280.25251507759094,8.0,402.0,3685.0,0.48464083671569824,0.9999991655349731,0.001000000383929426,0.001,False,128.0,128.0,,
train,,,,,,,280.31882977485657,8.0,403.0,3686.0,0.4149840176105499,0.9999992251396179,0.000897318379772022,0.001,False,128.0,128.0,,
train,,,,,,,280.3837606906891,8.0,404.0,3687.0,0.5038183927536011,0.8973190784454346,0.0009138217646405781,0.001,False,128.0,128.0,,
train,,,,,,,280.4511229991913,8.0,405.0,3688.0,0.5068719983100891,0.9138212203979492,0.0009999968930504168,0.001,False,128.0,128.0,,
train,,,,,,,280.5219762325287,8.0,406.0,3689.0,0.4256547689437866,0.9999991059303284,0.0009999995684150838,0.001,False,128.0,128.0,,
train,,,,,,,280.5966908931732,8.0,407.0,3690.0,0.5011687278747559,0.9999991059303284,0.0010000029576996525,0.001,False,128.0,128.0,,
train,,,,,,,280.6664984226227,8.0,408.0,3691.0,0.5575040578842163,0.9999991059303284,0.0009999973915974908,0.001,False,128.0,128.0,,
train,,,,,,,280.7359733581543,8.0,409.0,3692.0,0.47805094718933105,0.9999989867210388,0.0009642414384859437,0.001,False,128.0,128.0,,
train,,,,,,,280.8101990222931,8.0,410.0,3693.0,0.4973556399345398,0.9642402529716492,0.0010000002267774048,0.001,False,128.0,128.0,,
train,,,,,,,280.88366413116455,8.0,411.0,3694.0,0.5216154456138611,0.9999991059303284,0.0009755801044174328,0.001,False,128.0,128.0,,
train,,,,,,,280.9505441188812,8.0,412.0,3695.0,0.46481814980506897,0.9755804538726807,0.0009459682501250405,0.001,False,128.0,128.0,,
train,,,,,,,281.02135491371155,8.0,413.0,3696.0,0.5525224208831787,0.945968747138977,0.0009999975574374739,0.001,False,128.0,128.0,,
train,,,,,,,281.09529423713684,8.0,414.0,3697.0,0.4977659285068512,0.9999991059303284,0.0009999992124496097,0.001,False,128.0,128.0,,
train,,,,,,,281.1738336086273,8.0,415.0,3698.0,0.5248273611068726,0.9999991059303284,0.0009999984261609795,0.001,False,128.0,128.0,,
train,,,,,,,281.2452435493469,8.0,416.0,3699.0,0.6509743332862854,0.9999991655349731,0.0010000002661348015,0.001,False,128.0,128.0,,
train,,,,,,,281.3135418891907,8.0,417.0,3700.0,0.5268980264663696,0.9999990463256836,0.0010000006904063274,0.001,False,128.0,128.0,,
train,,,,,,,281.3825283050537,8.0,418.0,3701.0,0.4731407165527344,0.9999990463256836,0.0010000018914162895,0.001,False,128.0,128.0,,
train,,,,,,,281.4506154060364,8.0,419.0,3702.0,0.49734488129615784,0.9999992251396179,0.0008567705601951116,0.001,False,128.0,128.0,,
train,,,,,,,281.51779079437256,8.0,420.0,3703.0,0.5301007032394409,0.8567714691162109,0.0009999998389765151,0.001,False,128.0,128.0,,
train,,,,,,,281.5879981517792,8.0,421.0,3704.0,0.46029001474380493,0.9999990463256836,0.0009999982749483542,0.001,False,128.0,128.0,,
train,,,,,,,281.6600260734558,8.0,422.0,3705.0,0.41312479972839355,0.9999989867210388,0.0008894156040909181,0.001,False,128.0,128.0,,
train,,,,,,,281.7346341609955,8.0,423.0,3706.0,0.57950758934021,0.8894187808036804,0.0008636596080298901,0.001,False,128.0,128.0,,
train,,,,,,,281.8031976222992,8.0,424.0,3707.0,0.442493736743927,0.8636593222618103,0.0008595664704995894,0.001,False,128.0,128.0,,
train,,,,,,,281.8706886768341,8.0,425.0,3708.0,0.42516028881073,0.8595679402351379,0.000900257875676508,0.001,False,128.0,128.0,,
train,,,,,,,281.9388771057129,8.0,426.0,3709.0,0.5514093637466431,0.9002570509910583,0.0009999993473973155,0.001,False,128.0,128.0,,
train,,,,,,,282.007536649704,8.0,427.0,3710.0,0.5329191088676453,0.9999992251396179,0.0009509376953490312,0.001,False,128.0,128.0,,
train,,,,,,,282.0770058631897,8.0,428.0,3711.0,0.3933321535587311,0.9509395956993103,0.0009654971168036028,0.001,False,128.0,128.0,,
train,,,,,,,282.1484160423279,8.0,429.0,3712.0,0.5162273645401001,0.9654958248138428,0.000999999712605351,0.001,False,128.0,128.0,,
train,,,,,,,282.2194323539734,8.0,430.0,3713.0,0.5249813199043274,0.9999990463256836,0.0009561634375352559,0.001,False,128.0,128.0,,
train,,,,,,,282.2865216732025,8.0,431.0,3714.0,0.4780462086200714,0.9561648964881897,0.0009999973781360013,0.001,False,128.0,128.0,,
train,,,,,,,282.35889530181885,8.0,432.0,3715.0,0.44630181789398193,0.9999989867210388,0.0008195581468469325,0.001,False,128.0,128.0,,
train,,,,,,,282.42798614501953,8.0,433.0,3716.0,0.5284212231636047,0.8195578455924988,0.0009282415070451069,0.001,False,128.0,128.0,,
train,,,,,,,282.4992182254791,8.0,434.0,3717.0,0.513291597366333,0.9282411932945251,0.0009932821881598931,0.001,False,128.0,128.0,,
train,,,,,,,282.5753915309906,8.0,435.0,3718.0,0.5653165578842163,0.9932807087898254,0.0010000004056342777,0.001,False,128.0,128.0,,
train,,,,,,,282.6495518684387,8.0,436.0,3719.0,0.39126062393188477,0.9999992251396179,0.0009252082407562984,0.001,False,128.0,128.0,,
train,,,,,,,282.71999287605286,8.0,437.0,3720.0,0.48819854855537415,0.9252070784568787,0.0008831439265019973,0.001,False,128.0,128.0,,
train,,,,,,,282.7919020652771,8.0,438.0,3721.0,0.45411959290504456,0.8831440210342407,0.000999998070555922,0.001,False,128.0,128.0,,
train,,,,,,,282.8751163482666,8.0,439.0,3722.0,0.47229063510894775,0.9999990463256836,0.0008408070740404576,0.001,False,128.0,128.0,,
train,,,,,,,282.94194746017456,8.0,440.0,3723.0,0.5135249495506287,0.8408066630363464,0.0009999993516439213,0.001,False,128.0,128.0,,
train,,,,,,,283.01113986968994,8.0,441.0,3724.0,0.5063974857330322,0.9999990463256836,0.0009247802777004064,0.001,False,128.0,128.0,,
train,,,,,,,283.0821475982666,8.0,442.0,3725.0,0.4253966808319092,0.924780011177063,0.0008103759967703791,0.001,False,128.0,128.0,,
train,,,,,,,283.1498215198517,8.0,443.0,3726.0,0.4913773238658905,0.8103762865066528,0.0009999994133723595,0.001,False,128.0,128.0,,
train,,,,,,,283.22010016441345,8.0,444.0,3727.0,0.4119383990764618,0.9999990463256836,0.0008994501221216987,0.001,False,128.0,128.0,,
train,,,,,,,283.28732800483704,8.0,445.0,3728.0,0.4850230813026428,0.8994507193565369,0.0009999987989188774,0.001,False,128.0,128.0,,
train,,,,,,,283.3591089248657,8.0,446.0,3729.0,0.41823631525039673,0.9999991059303284,0.0008730266481686702,0.001,False,128.0,128.0,,
train,,,,,,,283.4346332550049,8.0,447.0,3730.0,0.4489668607711792,0.8730280995368958,0.0008707685319852833,0.001,False,128.0,128.0,,
train,,,,,,,283.50813150405884,8.0,448.0,3731.0,0.4762348532676697,0.8707689642906189,0.0010000004137389023,0.001,False,128.0,128.0,,
train,,,,,,,283.58079767227173,8.0,449.0,3732.0,0.5028972625732422,0.9999991655349731,0.000990624058497557,0.001,False,128.0,128.0,,
train,,,,,,,283.6515636444092,8.0,450.0,3733.0,0.4396556615829468,0.9906246662139893,0.000999999570885331,0.001,False,128.0,128.0,,
train,,,,,,,283.7222661972046,8.0,451.0,3734.0,0.5452107191085815,0.9999991059303284,0.0009896009969164,0.001,False,128.0,128.0,,
train,,,,,,,283.79147934913635,8.0,452.0,3735.0,0.4858521521091461,0.9896001219749451,0.000999997544586611,0.001,False,128.0,128.0,,
train,,,,,,,283.86077332496643,8.0,453.0,3736.0,0.4735531508922577,0.9999990463256836,0.0009445495090676805,0.001,False,128.0,128.0,,
train,,,,,,,283.9297544956207,8.0,454.0,3737.0,0.4446642994880676,0.9445483684539795,0.0008365744973116312,0.001,False,128.0,128.0,,
train,,,,,,,283.996798992157,8.0,455.0,3738.0,0.47093790769577026,0.8365745544433594,0.0008997518465883179,0.001,False,128.0,128.0,,
train,,,,,,,284.0647656917572,8.0,456.0,3739.0,0.5506582260131836,0.8997528553009033,0.0010000004790199871,0.001,False,128.0,128.0,,
train,,,,,,,284.13297057151794,8.0,457.0,3740.0,0.44610241055488586,0.9999992251396179,0.0008754315396427545,0.001,False,128.0,128.0,,
train,,,,,,,284.20011019706726,8.0,458.0,3741.0,0.4882417321205139,0.8754311800003052,0.0010000000850574578,0.001,False,128.0,128.0,,
train,,,,,,,284.2717344760895,8.0,459.0,3742.0,0.5708271861076355,0.9999991059303284,0.001000001505531177,0.001,False,128.0,128.0,,
train,,,,,,,284.33963441848755,8.0,460.0,3743.0,0.47607290744781494,0.9999991655349731,0.0010000005191545293,0.001,False,128.0,128.0,,
train,,,,,,,284.4099943637848,8.0,461.0,3744.0,0.4710223078727722,0.9999991059303284,0.0009999983811413641,0.001,False,128.0,128.0,,
train,,,,,,,284.48058819770813,8.0,462.0,3745.0,0.5335649251937866,0.9999991059303284,0.0009999965945659847,0.001,False,128.0,128.0,,
train,,,,,,,284.55180978775024,8.0,463.0,3746.0,0.4711575210094452,0.9999992251396179,0.0008238104539879634,0.001,False,128.0,128.0,,
train,,,,,,,284.62013506889343,8.0,464.0,3747.0,0.5111232995986938,0.8238104581832886,0.0010000023098029574,0.001,False,128.0,128.0,,
train,,,,,,,284.68776059150696,8.0,465.0,3748.0,0.4647170901298523,0.9999991059303284,0.0010000002477051038,0.001,False,128.0,128.0,,
train,,,,,,,284.75839281082153,8.0,466.0,3749.0,0.40584027767181396,0.9999991655349731,0.0008947679638230358,0.001,False,128.0,128.0,,
train,,,,,,,284.82700061798096,8.0,467.0,3750.0,0.5936319828033447,0.8947678208351135,0.0010000021891497415,0.001,False,128.0,128.0,,
train,,,,,,,284.8973972797394,8.0,468.0,3751.0,0.5515749454498291,0.9999990463256836,0.0009999994256680866,0.001,False,128.0,128.0,,
train,,,,,,,284.95454025268555,8.0,469.0,3752.0,0.5334559679031372,0.9999990463256836,0.000999995982553271,0.001,False,128.0,128.0,,
eval,,,,,,,291.07935404777527,8.0,,3752.0,,,,,False,128.0,128.0,0.4745153541088104,0.8833
train,,,,,,,291.17931938171387,9.0,1.0,3753.0,0.4891529679298401,0.9999991059303284,0.0009999979444620906,0.001,False,128.0,128.0,,
train,,,,,,,291.27889680862427,9.0,2.0,3754.0,0.5879666805267334,0.9999991059303284,0.000999996809283826,0.001,False,128.0,128.0,,
train,,,,,,,291.40680718421936,9.0,3.0,3755.0,0.573826789855957,0.9999991655349731,0.0010000002747390276,0.001,False,128.0,128.0,,
train,,,,,,,291.5296936035156,9.0,4.0,3756.0,0.6027019023895264,0.9999992251396179,0.0009999962592774332,0.001,False,128.0,128.0,,
train,,,,,,,291.64729142189026,9.0,5.0,3757.0,0.44272172451019287,0.9999991059303284,0.0009316770443026179,0.001,False,128.0,128.0,,
train,,,,,,,291.7292375564575,9.0,6.0,3758.0,0.5523055791854858,0.9316747784614563,0.0010000004890119896,0.001,False,128.0,128.0,,
train,,,,,,,291.91282296180725,9.0,7.0,3759.0,0.5256073474884033,0.9999991655349731,0.0009764028686434482,0.001,False,128.0,128.0,,
train,,,,,,,292.050409078598,9.0,8.0,3760.0,0.45235246419906616,0.976401686668396,0.000977035584816437,0.001,False,128.0,128.0,,
train,,,,,,,292.1503715515137,9.0,9.0,3761.0,0.4594845771789551,0.9770366549491882,0.0008793083579512001,0.001,False,128.0,128.0,,
train,,,,,,,292.2517852783203,9.0,10.0,3762.0,0.5757637023925781,0.8793099522590637,0.0010000003275856277,0.001,False,128.0,128.0,,
train,,,,,,,292.36595726013184,9.0,11.0,3763.0,0.42672428488731384,0.9999993443489075,0.0009633086841426876,0.001,False,128.0,128.0,,
train,,,,,,,292.46057057380676,9.0,12.0,3764.0,0.5536117553710938,0.9633082747459412,0.0009999963452645246,0.001,False,128.0,128.0,,
train,,,,,,,292.5626800060272,9.0,13.0,3765.0,0.44812941551208496,0.9999989867210388,0.0009816106480879838,0.001,False,128.0,128.0,,
train,,,,,,,292.6686074733734,9.0,14.0,3766.0,0.49359095096588135,0.981609582901001,0.0010000014358647847,0.001,False,128.0,128.0,,
train,,,,,,,292.7820746898651,9.0,15.0,3767.0,0.626098096370697,0.9999990463256836,0.000999998058648757,0.001,False,128.0,128.0,,
train,,,,,,,292.8686852455139,9.0,16.0,3768.0,0.5100585222244263,0.9999990463256836,0.0010000002137322873,0.001,False,128.0,128.0,,
train,,,,,,,292.9473967552185,9.0,17.0,3769.0,0.4776454567909241,0.9999989867210388,0.0010000012305848211,0.001,False,128.0,128.0,,
train,,,,,,,293.0336105823517,9.0,18.0,3770.0,0.5921506285667419,0.9999989867210388,0.0010000000777299865,0.001,False,128.0,128.0,,
train,,,,,,,293.1135935783386,9.0,19.0,3771.0,0.4161762297153473,0.9999991655349731,0.0009908084101278984,0.001,False,128.0,128.0,,
train,,,,,,,293.20194244384766,9.0,20.0,3772.0,0.5475410223007202,0.9908093214035034,0.0009999978489549542,0.001,False,128.0,128.0,,
train,,,,,,,293.2819082736969,9.0,21.0,3773.0,0.47787562012672424,0.9999990463256836,0.0009185080482374864,0.001,False,128.0,128.0,,
train,,,,,,,293.3712775707245,9.0,22.0,3774.0,0.44966790080070496,0.9185091853141785,0.0009939935899292603,0.001,False,128.0,128.0,,
train,,,,,,,293.45257806777954,9.0,23.0,3775.0,0.5729056596755981,0.993994414806366,0.0009999985870880474,0.001,False,128.0,128.0,,
train,,,,,,,293.54239416122437,9.0,24.0,3776.0,0.41230636835098267,0.9999992251396179,0.0008806637772121661,0.001,False,128.0,128.0,,
train,,,,,,,293.6212296485901,9.0,25.0,3777.0,0.5209683179855347,0.8806650638580322,0.0008888580092311693,0.001,False,128.0,128.0,,
train,,,,,,,293.70614361763,9.0,26.0,3778.0,0.43651849031448364,0.8888573050498962,0.0009530390400853077,0.001,False,128.0,128.0,,
train,,,,,,,293.79345440864563,9.0,27.0,3779.0,0.49927306175231934,0.9530397057533264,0.000912237734782967,0.001,False,128.0,128.0,,
train,,,,,,,293.8827986717224,9.0,28.0,3780.0,0.47511130571365356,0.9122356176376343,0.0010000009891670924,0.001,False,128.0,128.0,,
train,,,,,,,293.9679899215698,9.0,29.0,3781.0,0.5132914781570435,0.9999991059303284,0.0009374978330797571,0.001,False,128.0,128.0,,
train,,,,,,,294.04920983314514,9.0,30.0,3782.0,0.609163224697113,0.9374986886978149,0.0009999987178724958,0.001,False,128.0,128.0,,
train,,,,,,,294.13001465797424,9.0,31.0,3783.0,0.41527172923088074,0.9999992251396179,0.0009999990591831886,0.001,False,128.0,128.0,,
train,,,,,,,294.2156159877777,9.0,32.0,3784.0,0.3865770399570465,0.9999991655349731,0.0007575744881719885,0.001,False,128.0,128.0,,
train,,,,,,,294.297611951828,9.0,33.0,3785.0,0.37459397315979004,0.7575740814208984,0.0008560732474538431,0.001,False,128.0,128.0,,
train,,,,,,,294.3916540145874,9.0,34.0,3786.0,0.3735032379627228,0.8560752868652344,0.00099999977519419,0.001,False,128.0,128.0,,
train,,,,,,,294.4806911945343,9.0,35.0,3787.0,0.5491646528244019,0.9999991655349731,0.000999998561219814,0.001,False,128.0,128.0,,
train,,,,,,,294.5725176334381,9.0,36.0,3788.0,0.4384445548057556,0.9999990463256836,0.0009002037664280556,0.001,False,128.0,128.0,,
train,,,,,,,294.68708324432373,9.0,37.0,3789.0,0.5302834510803223,0.9002038836479187,0.0009928488342599907,0.001,False,128.0,128.0,,
train,,,,,,,294.8011853694916,9.0,38.0,3790.0,0.5307908654212952,0.9928478598594666,0.0009586966847564368,0.001,False,128.0,128.0,,
train,,,,,,,294.90329027175903,9.0,39.0,3791.0,0.3875125050544739,0.9586977362632751,0.000872676542931947,0.001,False,128.0,128.0,,
train,,,,,,,294.99344277381897,9.0,40.0,3792.0,0.6035031676292419,0.8726743459701538,0.00100000017054462,0.001,False,128.0,128.0,,
train,,,,,,,295.09453082084656,9.0,41.0,3793.0,0.39393091201782227,0.9999990463256836,0.0007876794690895199,0.001,False,128.0,128.0,,
train,,,,,,,295.1966154575348,9.0,42.0,3794.0,0.4613876938819885,0.7876774072647095,0.000897911629606325,0.001,False,128.0,128.0,,
train,,,,,,,295.289751291275,9.0,43.0,3795.0,0.4455311596393585,0.8979133367538452,0.0008732158858167832,0.001,False,128.0,128.0,,
train,,,,,,,295.3814609050751,9.0,44.0,3796.0,0.40709710121154785,0.8732166290283203,0.0009999988544300937,0.001,False,128.0,128.0,,
train,,,,,,,295.4648187160492,9.0,45.0,3797.0,0.5558605790138245,0.9999990463256836,0.0009999996760234912,0.001,False,128.0,128.0,,
train,,,,,,,295.5493037700653,9.0,46.0,3798.0,0.5294619798660278,0.9999991059303284,0.0009999994475672481,0.001,False,128.0,128.0,,
train,,,,,,,295.6425688266754,9.0,47.0,3799.0,0.38516539335250854,0.9999990463256836,0.0008172360057928082,0.001,False,128.0,128.0,,
train,,,,,,,295.73603987693787,9.0,48.0,3800.0,0.48204007744789124,0.8172354102134705,0.0009999978465679695,0.001,False,128.0,128.0,,
train,,,,,,,295.8372428417206,9.0,49.0,3801.0,0.5314818620681763,0.9999992847442627,0.0009999992755103252,0.001,False,128.0,128.0,,
train,,,,,,,295.9600489139557,9.0,50.0,3802.0,0.42305782437324524,0.9999992847442627,0.0009497379069841119,0.001,False,128.0,128.0,,
train,,,,,,,296.0648353099823,9.0,51.0,3803.0,0.4903658926486969,0.9497365355491638,0.0009930336491416226,0.001,False,128.0,128.0,,
train,,,,,,,296.1619746685028,9.0,52.0,3804.0,0.5042881965637207,0.993033766746521,0.0008896725986494726,0.001,False,128.0,128.0,,
train,,,,,,,296.26957154273987,9.0,53.0,3805.0,0.4954848289489746,0.8896723985671997,0.000999999721403871,0.001,False,128.0,128.0,,
train,,,,,,,296.3657555580139,9.0,54.0,3806.0,0.6633058786392212,0.9999992251396179,0.0009999989527959615,0.001,False,128.0,128.0,,
train,,,,,,,296.46302938461304,9.0,55.0,3807.0,0.5919047594070435,0.9999992251396179,0.0009999973691154156,0.001,False,128.0,128.0,,
train,,,,,,,296.5653097629547,9.0,56.0,3808.0,0.5584530234336853,0.9999993443489075,0.0010000003170385122,0.001,False,128.0,128.0,,
train,,,,,,,296.66912841796875,9.0,57.0,3809.0,0.4794621765613556,0.9999992251396179,0.0009275974714492509,0.001,False,128.0,128.0,,
train,,,,,,,296.7600169181824,9.0,58.0,3810.0,0.4259563684463501,0.9275984168052673,0.0009340861108794329,0.001,False,128.0,128.0,,
train,,,,,,,296.8514699935913,9.0,59.0,3811.0,0.42397576570510864,0.9340872764587402,0.0009579792457418024,0.001,False,128.0,128.0,,
train,,,,,,,296.94282698631287,9.0,60.0,3812.0,0.43586134910583496,0.9579771757125854,0.0008477741549561854,0.001,False,128.0,128.0,,
train,,,,,,,297.05383944511414,9.0,61.0,3813.0,0.5113503932952881,0.8477756381034851,0.0008973844371495747,0.001,False,128.0,128.0,,
train,,,,,,,297.1863281726837,9.0,62.0,3814.0,0.45349010825157166,0.8973832726478577,0.0007575671618247196,0.001,False,128.0,128.0,,
train,,,,,,,297.2931938171387,9.0,63.0,3815.0,0.38208523392677307,0.757568895816803,0.0009444920134738088,0.001,False,128.0,128.0,,
train,,,,,,,297.3957393169403,9.0,64.0,3816.0,0.41971060633659363,0.9444894790649414,0.0009386860309984533,0.001,False,128.0,128.0,,
train,,,,,,,297.4988224506378,9.0,65.0,3817.0,0.5353249907493591,0.938685953617096,0.0009999981376135197,0.001,False,128.0,128.0,,
train,,,,,,,297.59303522109985,9.0,66.0,3818.0,0.5078483819961548,0.9999992847442627,0.0009999992807561326,0.001,False,128.0,128.0,,
train,,,,,,,297.674512386322,9.0,67.0,3819.0,0.4700322151184082,0.9999991655349731,0.0009999983158046311,0.001,False,128.0,128.0,,
train,,,,,,,297.76087284088135,9.0,68.0,3820.0,0.5014523863792419,0.9999990463256836,0.0009397037923924259,0.001,False,128.0,128.0,,
train,,,,,,,297.8419542312622,9.0,69.0,3821.0,0.5054540634155273,0.9397041201591492,0.0009999982385884868,0.001,False,128.0,128.0,,
train,,,,,,,297.9380235671997,9.0,70.0,3822.0,0.4185468852519989,0.9999990463256836,0.0009999984826436633,0.001,False,128.0,128.0,,
train,,,,,,,298.05727910995483,9.0,71.0,3823.0,0.38000157475471497,0.9999990463256836,0.001000001552382517,0.001,False,128.0,128.0,,
train,,,,,,,298.1541910171509,9.0,72.0,3824.0,0.6242551803588867,0.9999991655349731,0.00099999586886597,0.001,False,128.0,128.0,,
train,,,,,,,298.2392027378082,9.0,73.0,3825.0,0.3750237822532654,0.9999991059303284,0.0008073572180200064,0.001,False,128.0,128.0,,
train,,,,,,,298.3216805458069,9.0,74.0,3826.0,0.3825806975364685,0.8073562383651733,0.0009343254243210771,0.001,False,128.0,128.0,,
train,,,,,,,298.40420269966125,9.0,75.0,3827.0,0.5429363250732422,0.9343261122703552,0.0009999992182505295,0.001,False,128.0,128.0,,
train,,,,,,,298.49044966697693,9.0,76.0,3828.0,0.44376426935195923,0.9999991059303284,0.0009129804768856891,0.001,False,128.0,128.0,,
train,,,,,,,298.5767066478729,9.0,77.0,3829.0,0.4766654968261719,0.9129812121391296,0.0009999973716966909,0.001,False,128.0,128.0,,
train,,,,,,,298.65665006637573,9.0,78.0,3830.0,0.4410818815231323,0.9999991655349731,0.0009456051038003074,0.001,False,128.0,128.0,,
train,,,,,,,298.7387647628784,9.0,79.0,3831.0,0.49777770042419434,0.94560706615448,0.0009999981438307802,0.001,False,128.0,128.0,,
train,,,,,,,298.8200092315674,9.0,80.0,3832.0,0.6028094291687012,0.9999991655349731,0.0009999999432819798,0.001,False,128.0,128.0,,
train,,,,,,,298.89627027511597,9.0,81.0,3833.0,0.4548139274120331,0.9999990463256836,0.0009999993808983165,0.001,False,128.0,128.0,,
train,,,,,,,298.9763901233673,9.0,82.0,3834.0,0.49865561723709106,0.9999990463256836,0.000991867737856175,0.001,False,128.0,128.0,,
train,,,,,,,299.083083152771,9.0,83.0,3835.0,0.5227853059768677,0.9918647408485413,0.0009999984798403458,0.001,False,128.0,128.0,,
train,,,,,,,299.1877145767212,9.0,84.0,3836.0,0.49430301785469055,0.9999993443489075,0.0009790489324572283,0.001,False,128.0,128.0,,
train,,,,,,,299.26884937286377,9.0,85.0,3837.0,0.5328234434127808,0.979049026966095,0.0009965569718279274,0.001,False,128.0,128.0,,
train,,,,,,,299.3501329421997,9.0,86.0,3838.0,0.4670255184173584,0.9965567588806152,0.0008550273660923323,0.001,False,128.0,128.0,,
train,,,,,,,299.4405505657196,9.0,87.0,3839.0,0.6233268976211548,0.8550280928611755,0.0009999965382219728,0.001,False,128.0,128.0,,
train,,,,,,,299.5270416736603,9.0,88.0,3840.0,0.4659966826438904,0.9999990463256836,0.000948678289115564,0.001,False,128.0,128.0,,
train,,,,,,,299.60299038887024,9.0,89.0,3841.0,0.5027819275856018,0.9486780166625977,0.0009814564067294122,0.001,False,128.0,128.0,,
train,,,,,,,299.68227529525757,9.0,90.0,3842.0,0.5138404369354248,0.9814586043357849,0.0010000009166973535,0.001,False,128.0,128.0,,
train,,,,,,,299.7637150287628,9.0,91.0,3843.0,0.37757861614227295,0.9999991059303284,0.0008639156359979802,0.001,False,128.0,128.0,,
train,,,,,,,299.83781456947327,9.0,92.0,3844.0,0.5260881185531616,0.8639154434204102,0.0009999987447954384,0.001,False,128.0,128.0,,
train,,,,,,,299.91493701934814,9.0,93.0,3845.0,0.46436378359794617,0.9999991059303284,0.00100000054541129,0.001,False,128.0,128.0,,
train,,,,,,,299.99898171424866,9.0,94.0,3846.0,0.3623533248901367,0.9999991059303284,0.0008785660769981581,0.001,False,128.0,128.0,,
train,,,,,,,300.07303047180176,9.0,95.0,3847.0,0.5575107336044312,0.8785677552223206,0.00099999956114312,0.001,False,128.0,128.0,,
train,,,,,,,300.17602348327637,9.0,96.0,3848.0,0.42558449506759644,0.9999991655349731,0.0009058641656738676,0.001,False,128.0,128.0,,
train,,,,,,,300.26459097862244,9.0,97.0,3849.0,0.4385661780834198,0.9058651328086853,0.0009022999732786744,0.001,False,128.0,128.0,,
train,,,,,,,300.3438539505005,9.0,98.0,3850.0,0.4230940043926239,0.902299702167511,0.0009413606916919828,0.001,False,128.0,128.0,,
train,,,,,,,300.42799496650696,9.0,99.0,3851.0,0.4161491394042969,0.9413613080978394,0.0008900015188411628,0.001,False,128.0,128.0,,
train,,,,,,,300.51358675956726,9.0,100.0,3852.0,0.5166468620300293,0.8900015354156494,0.000999999338543281,0.001,False,128.0,128.0,,
train,,,,,,,300.58187198638916,9.0,101.0,3853.0,0.43432050943374634,0.9999989867210388,0.0008541191331377031,0.001,False,128.0,128.0,,
train,,,,,,,300.6527752876282,9.0,102.0,3854.0,0.4554283618927002,0.8541199564933777,0.0009999989134385134,0.001,False,128.0,128.0,,
train,,,,,,,300.73130345344543,9.0,103.0,3855.0,0.4121360778808594,0.9999992251396179,0.000965985187761074,0.001,False,128.0,128.0,,
train,,,,,,,300.8083870410919,9.0,104.0,3856.0,0.49627798795700073,0.9659841656684875,0.00100000234008422,0.001,False,128.0,128.0,,
train,,,,,,,300.884742975235,9.0,105.0,3857.0,0.4849143326282501,0.9999991059303284,0.0010000005964537644,0.001,False,128.0,128.0,,
train,,,,,,,300.9716477394104,9.0,106.0,3858.0,0.4519650340080261,0.9999990463256836,0.0009999995847353692,0.001,False,128.0,128.0,,
train,,,,,,,301.0460686683655,9.0,107.0,3859.0,0.5752922892570496,0.9999991059303284,0.0009999975576317633,0.001,False,128.0,128.0,,
train,,,,,,,301.117746591568,9.0,108.0,3860.0,0.4239233732223511,0.9999991655349731,0.0007894665702398502,0.001,False,128.0,128.0,,
train,,,,,,,301.190550327301,9.0,109.0,3861.0,0.5434098243713379,0.7894659042358398,0.0010000008109209463,0.001,False,128.0,128.0,,
train,,,,,,,301.2652699947357,9.0,110.0,3862.0,0.5651467442512512,0.9999989867210388,0.0009999995909526207,0.001,False,128.0,128.0,,
train,,,,,,,301.3407244682312,9.0,111.0,3863.0,0.5844652652740479,0.9999991655349731,0.0009999975244360134,0.001,False,128.0,128.0,,
train,,,,,,,301.4133608341217,9.0,112.0,3864.0,0.5906314849853516,0.9999991059303284,0.0009999990021454254,0.001,False,128.0,128.0,,
train,,,,,,,301.4935266971588,9.0,113.0,3865.0,0.5502485632896423,0.9999989867210388,0.0009999984461450254,0.001,False,128.0,128.0,,
train,,,,,,,301.5676124095917,9.0,114.0,3866.0,0.4335918128490448,0.9999990463256836,0.0009262402237911252,0.001,False,128.0,128.0,,
train,,,,,,,301.63885712623596,9.0,115.0,3867.0,0.5461718440055847,0.9262390732765198,0.0009349302656286094,0.001,False,128.0,128.0,,
train,,,,,,,301.71697211265564,9.0,116.0,3868.0,0.458495557308197,0.9349298477172852,0.0008998687701609292,0.001,False,128.0,128.0,,
train,,,,,,,301.79698610305786,9.0,117.0,3869.0,0.5022157430648804,0.8998689651489258,0.000999998385970842,0.001,False,128.0,128.0,,
train,,,,,,,301.8769500255585,9.0,118.0,3870.0,0.45274728536605835,0.9999991655349731,0.000885803696481806,0.001,False,128.0,128.0,,
train,,,,,,,301.97060203552246,9.0,119.0,3871.0,0.4727267026901245,0.8858026266098022,0.0010000021183176652,0.001,False,128.0,128.0,,
train,,,,,,,302.06386828422546,9.0,120.0,3872.0,0.4909701347351074,0.9999991655349731,0.0008959206474529644,0.001,False,128.0,128.0,,
train,,,,,,,302.1487920284271,9.0,121.0,3873.0,0.43919599056243896,0.8959190845489502,0.0009255111841879244,0.001,False,128.0,128.0,,
train,,,,,,,302.27291202545166,9.0,122.0,3874.0,0.4140215516090393,0.9255136847496033,0.0009999990892425048,0.001,False,128.0,128.0,,
train,,,,,,,302.3554735183716,9.0,123.0,3875.0,0.4593934416770935,0.9999991059303284,0.0007752309279318224,0.001,False,128.0,128.0,,
train,,,,,,,302.44126868247986,9.0,124.0,3876.0,0.5258461236953735,0.7752317786216736,0.0009999998102217338,0.001,False,128.0,128.0,,
train,,,,,,,302.53109979629517,9.0,125.0,3877.0,0.6269329190254211,0.9999992251396179,0.0010000014240409264,0.001,False,128.0,128.0,,
train,,,,,,,302.62171936035156,9.0,126.0,3878.0,0.40380799770355225,0.9999992847442627,0.0009135420449591751,0.001,False,128.0,128.0,,
train,,,,,,,302.7004129886627,9.0,127.0,3879.0,0.5424913167953491,0.9135438203811646,0.0010000008432839206,0.001,False,128.0,128.0,,
train,,,,,,,302.7774863243103,9.0,128.0,3880.0,0.43685227632522583,0.9999991655349731,0.0009999980419953792,0.001,False,128.0,128.0,,
train,,,,,,,302.8589434623718,9.0,129.0,3881.0,0.3931654393672943,0.9999990463256836,0.0007815720184020453,0.001,False,128.0,128.0,,
train,,,,,,,302.9366102218628,9.0,130.0,3882.0,0.48719170689582825,0.7815689444541931,0.0009761824405787609,0.001,False,128.0,128.0,,
train,,,,,,,303.0190975666046,9.0,131.0,3883.0,0.4295647144317627,0.9761828780174255,0.0008964361066032055,0.001,False,128.0,128.0,,
train,,,,,,,303.1058089733124,9.0,132.0,3884.0,0.5373198986053467,0.8964375853538513,0.000999998667079726,0.001,False,128.0,128.0,,
train,,,,,,,303.19113945961,9.0,133.0,3885.0,0.4587130844593048,0.9999991059303284,0.0009999990932393114,0.001,False,128.0,128.0,,
train,,,,,,,303.2737407684326,9.0,134.0,3886.0,0.47572365403175354,0.9999991655349731,0.0009999976207480945,0.001,False,128.0,128.0,,
train,,,,,,,303.3535726070404,9.0,135.0,3887.0,0.40038248896598816,0.9999991059303284,0.0007901420103112884,0.001,False,128.0,128.0,,
train,,,,,,,303.4434654712677,9.0,136.0,3888.0,0.4110044836997986,0.7901420593261719,0.000924840887494779,0.001,False,128.0,128.0,,
train,,,,,,,303.5247986316681,9.0,137.0,3889.0,0.505406379699707,0.924841046333313,0.0010000022049981405,0.001,False,128.0,128.0,,
train,,,,,,,303.6234378814697,9.0,138.0,3890.0,0.45535269379615784,0.9999991059303284,0.0010000002921417685,0.001,False,128.0,128.0,,
train,,,,,,,303.71913719177246,9.0,139.0,3891.0,0.4534783363342285,0.9999991655349731,0.0008889465250300852,0.001,False,128.0,128.0,,
train,,,,,,,303.8131175041199,9.0,140.0,3892.0,0.4790993332862854,0.888947069644928,0.000898147676414399,0.001,False,128.0,128.0,,
train,,,,,,,303.9055051803589,9.0,141.0,3893.0,0.44452857971191406,0.8981488347053528,0.0010000005025567037,0.001,False,128.0,128.0,,
train,,,,,,,304.0217671394348,9.0,142.0,3894.0,0.5389338731765747,0.9999991059303284,0.0008611813117454564,0.001,False,128.0,128.0,,
train,,,,,,,304.14245223999023,9.0,143.0,3895.0,0.49462002515792847,0.8611792922019958,0.0009645054500910026,0.001,False,128.0,128.0,,
train,,,,,,,304.24765276908875,9.0,144.0,3896.0,0.41142693161964417,0.9645043611526489,0.0008444321934601528,0.001,False,128.0,128.0,,
train,,,,,,,304.34341073036194,9.0,145.0,3897.0,0.4511204957962036,0.8444331288337708,0.0008804261114304107,0.001,False,128.0,128.0,,
train,,,,,,,304.4449689388275,9.0,146.0,3898.0,0.3207068145275116,0.8804274797439575,0.0009096142844006857,0.001,False,128.0,128.0,,
train,,,,,,,304.53909182548523,9.0,147.0,3899.0,0.3737447261810303,0.9096131920814514,0.0008338709513109593,0.001,False,128.0,128.0,,
train,,,,,,,304.62452244758606,9.0,148.0,3900.0,0.42225971817970276,0.833870530128479,0.0009642548213768471,0.001,False,128.0,128.0,,
train,,,,,,,304.7080864906311,9.0,149.0,3901.0,0.4598030149936676,0.9642518162727356,0.0008456786133898732,0.001,False,128.0,128.0,,
train,,,,,,,304.8298692703247,9.0,150.0,3902.0,0.49664124846458435,0.8456776738166809,0.0009686058428250219,0.001,False,128.0,128.0,,
train,,,,,,,304.9392876625061,9.0,151.0,3903.0,0.4751831293106079,0.9686068296432495,0.000973575620932545,0.001,False,128.0,128.0,,
train,,,,,,,305.0432240962982,9.0,152.0,3904.0,0.4853880703449249,0.9735729694366455,0.0009355524018555076,0.001,False,128.0,128.0,,
train,,,,,,,305.1395573616028,9.0,153.0,3905.0,0.5383550524711609,0.9355526566505432,0.0009845698431266744,0.001,False,128.0,128.0,,
train,,,,,,,305.27659463882446,9.0,154.0,3906.0,0.49149471521377563,0.9845716953277588,0.000974302007237229,0.001,False,128.0,128.0,,
train,,,,,,,305.4312913417816,9.0,155.0,3907.0,0.44186916947364807,0.9743006825447083,0.0007851693663345539,0.001,False,128.0,128.0,,
train,,,,,,,305.52293848991394,9.0,156.0,3908.0,0.48992180824279785,0.7851686477661133,0.001000002525657547,0.001,False,128.0,128.0,,
train,,,,,,,305.6119327545166,9.0,157.0,3909.0,0.6357808113098145,0.9999992251396179,0.000999999972369824,0.001,False,128.0,128.0,,
train,,,,,,,305.6965570449829,9.0,158.0,3910.0,0.4550417363643646,0.9999991655349731,0.0009999999357879737,0.001,False,128.0,128.0,,
train,,,,,,,305.78716135025024,9.0,159.0,3911.0,0.5282313823699951,0.9999992251396179,0.0009999975203836891,0.001,False,128.0,128.0,,
train,,,,,,,305.8858652114868,9.0,160.0,3912.0,0.4815838932991028,0.9999991655349731,0.0009485645039165987,0.001,False,128.0,128.0,,
train,,,,,,,305.97271728515625,9.0,161.0,3913.0,0.4214506447315216,0.9485636353492737,0.0009407747551111415,0.001,False,128.0,128.0,,
train,,,,,,,306.0548894405365,9.0,162.0,3914.0,0.5211673974990845,0.9407753348350525,0.0009999976036228634,0.001,False,128.0,128.0,,
train,,,,,,,306.14547085762024,9.0,163.0,3915.0,0.38921529054641724,0.9999991059303284,0.000930369971238868,0.001,False,128.0,128.0,,
train,,,,,,,306.2432744503021,9.0,164.0,3916.0,0.35078439116477966,0.9303690791130066,0.0009675143545668253,0.001,False,128.0,128.0,,
train,,,,,,,306.354097366333,9.0,165.0,3917.0,0.4947768747806549,0.9675152897834778,0.0008994847982825139,0.001,False,128.0,128.0,,
train,,,,,,,306.4431161880493,9.0,166.0,3918.0,0.4850621819496155,0.89948570728302,0.0009771968106777567,0.001,False,128.0,128.0,,
train,,,,,,,306.5421085357666,9.0,167.0,3919.0,0.4930397868156433,0.9771979451179504,0.0009990355771839804,0.001,False,128.0,128.0,,
train,,,,,,,306.6382827758789,9.0,168.0,3920.0,0.4534016251564026,0.9990338087081909,0.0008575288162764934,0.001,False,128.0,128.0,,
train,,,,,,,306.73885226249695,9.0,169.0,3921.0,0.3762192726135254,0.8575292825698853,0.001000001500646203,0.001,False,128.0,128.0,,
train,,,,,,,306.8427059650421,9.0,170.0,3922.0,0.5187270641326904,0.9999991059303284,0.0008994977307012288,0.001,False,128.0,128.0,,
train,,,,,,,306.93636417388916,9.0,171.0,3923.0,0.45828887820243835,0.8994977474212646,0.0009724926600471958,0.001,False,128.0,128.0,,
train,,,,,,,307.0275158882141,9.0,172.0,3924.0,0.4697735607624054,0.972492516040802,0.001000000484154766,0.001,False,128.0,128.0,,
train,,,,,,,307.1434977054596,9.0,173.0,3925.0,0.35583657026290894,0.9999991655349731,0.0008930681941201672,0.001,False,128.0,128.0,,
train,,,,,,,307.25702571868896,9.0,174.0,3926.0,0.35655543208122253,0.8930686712265015,0.0009364067907406196,0.001,False,128.0,128.0,,
train,,,,,,,307.39016604423523,9.0,175.0,3927.0,0.41439640522003174,0.9364038705825806,0.0009508589297076365,0.001,False,128.0,128.0,,
train,,,,,,,307.4842302799225,9.0,176.0,3928.0,0.4489295184612274,0.9508571028709412,0.0010000002865628995,0.001,False,128.0,128.0,,
train,,,,,,,307.5880630016327,9.0,177.0,3929.0,0.5631572008132935,0.9999991059303284,0.0009552671422940929,0.001,False,128.0,128.0,,
train,,,,,,,307.675856590271,9.0,178.0,3930.0,0.5094987750053406,0.9552667140960693,0.0010000008193586343,0.001,False,128.0,128.0,,
train,,,,,,,307.7663836479187,9.0,179.0,3931.0,0.4853805899620056,0.9999991059303284,0.0010000002630261777,0.001,False,128.0,128.0,,
train,,,,,,,307.8462450504303,9.0,180.0,3932.0,0.6559080481529236,0.9999990463256836,0.0009999997634813345,0.001,False,128.0,128.0,,
train,,,,,,,307.92775082588196,9.0,181.0,3933.0,0.4891684651374817,0.9999992251396179,0.0008939875132839791,0.001,False,128.0,128.0,,
train,,,,,,,308.02466440200806,9.0,182.0,3934.0,0.47713834047317505,0.8939874172210693,0.0008770726520615755,0.001,False,128.0,128.0,,
train,,,,,,,308.1146652698517,9.0,183.0,3935.0,0.48429811000823975,0.8770738840103149,0.0009999981447189603,0.001,False,128.0,128.0,,
train,,,,,,,308.1976430416107,9.0,184.0,3936.0,0.42829155921936035,0.9999991655349731,0.0008839827158744052,0.001,False,128.0,128.0,,
train,,,,,,,308.2881989479065,9.0,185.0,3937.0,0.45852115750312805,0.8839831948280334,0.0009999990750871482,0.001,False,128.0,128.0,,
train,,,,,,,308.3733777999878,9.0,186.0,3938.0,0.39148062467575073,0.9999992847442627,0.0008494638985255068,0.001,False,128.0,128.0,,
train,,,,,,,308.45560002326965,9.0,187.0,3939.0,0.4219726324081421,0.8494647145271301,0.0009842272100986347,0.001,False,128.0,128.0,,
train,,,,,,,308.54708337783813,9.0,188.0,3940.0,0.5270128846168518,0.9842256307601929,0.000999998127843539,0.001,False,128.0,128.0,,
train,,,,,,,308.66021060943604,9.0,189.0,3941.0,0.48501473665237427,0.9999991655349731,0.0009999982458604605,0.001,False,128.0,128.0,,
train,,,,,,,308.7702660560608,9.0,190.0,3942.0,0.6960018873214722,0.9999992251396179,0.0009999980731371955,0.001,False,128.0,128.0,,
train,,,,,,,308.8541283607483,9.0,191.0,3943.0,0.4140007197856903,0.9999992847442627,0.0009058211134648782,0.001,False,128.0,128.0,,
train,,,,,,,308.9325489997864,9.0,192.0,3944.0,0.4208506941795349,0.9058200716972351,0.0010000000219967935,0.001,False,128.0,128.0,,
train,,,,,,,309.0076870918274,9.0,193.0,3945.0,0.5346097946166992,0.9999992251396179,0.0009999993475360933,0.001,False,128.0,128.0,,
train,,,,,,,309.08349895477295,9.0,194.0,3946.0,0.5949134230613708,0.9999989867210388,0.000999996366775174,0.001,False,128.0,128.0,,
train,,,,,,,309.158695936203,9.0,195.0,3947.0,0.5065897703170776,0.9999991059303284,0.000981001017817548,0.001,False,128.0,128.0,,
train,,,,,,,309.2425036430359,9.0,196.0,3948.0,0.47213760018348694,0.9809984564781189,0.0009862727326114908,0.001,False,128.0,128.0,,
train,,,,,,,309.3235716819763,9.0,197.0,3949.0,0.46938055753707886,0.9862720966339111,0.0008773774664792106,0.001,False,128.0,128.0,,
train,,,,,,,309.39487648010254,9.0,198.0,3950.0,0.4543878436088562,0.87737637758255,0.001000000019998392,0.001,False,128.0,128.0,,
train,,,,,,,309.47212052345276,9.0,199.0,3951.0,0.46228522062301636,0.9999992251396179,0.0008805069364383766,0.001,False,128.0,128.0,,
train,,,,,,,309.5441267490387,9.0,200.0,3952.0,0.5403252243995667,0.8805069327354431,0.0010000006834951938,0.001,False,128.0,128.0,,
train,,,,,,,309.6179714202881,9.0,201.0,3953.0,0.429383784532547,0.9999991655349731,0.0008881868604974541,0.001,False,128.0,128.0,,
train,,,,,,,309.69111919403076,9.0,202.0,3954.0,0.38686326146125793,0.8881874680519104,0.0009588019271142675,0.001,False,128.0,128.0,,
train,,,,,,,309.7672908306122,9.0,203.0,3955.0,0.5010923743247986,0.958800733089447,0.000999998525137513,0.001,False,128.0,128.0,,
train,,,,,,,309.84016585350037,9.0,204.0,3956.0,0.39154118299484253,0.9999991059303284,0.0010000006878250606,0.001,False,128.0,128.0,,
train,,,,,,,309.9211723804474,9.0,205.0,3957.0,0.6695621013641357,0.9999991059303284,0.0009999989202663924,0.001,False,128.0,128.0,,
train,,,,,,,310.0249936580658,9.0,206.0,3958.0,0.5582585334777832,0.9999992251396179,0.000999998432045171,0.001,False,128.0,128.0,,
train,,,,,,,310.12073493003845,9.0,207.0,3959.0,0.5080260038375854,0.9999991655349731,0.0008983842171576969,0.001,False,128.0,128.0,,
train,,,,,,,310.1966004371643,9.0,208.0,3960.0,0.5218382477760315,0.8983845710754395,0.000999999776470947,0.001,False,128.0,128.0,,
train,,,,,,,310.2714457511902,9.0,209.0,3961.0,0.5190004110336304,0.9999992251396179,0.000882218555440353,0.001,False,128.0,128.0,,
train,,,,,,,310.354288816452,9.0,210.0,3962.0,0.4470006227493286,0.8822188973426819,0.0008947077303192913,0.001,False,128.0,128.0,,
train,,,,,,,310.426881313324,9.0,211.0,3963.0,0.5420483350753784,0.8947093486785889,0.0009999993092333734,0.001,False,128.0,128.0,,
train,,,,,,,310.50036883354187,9.0,212.0,3964.0,0.45789387822151184,0.9999991059303284,0.0009607282539056051,0.001,False,128.0,128.0,,
train,,,,,,,310.57667541503906,9.0,213.0,3965.0,0.4533456265926361,0.9607270359992981,0.000837653484905792,0.001,False,128.0,128.0,,
train,,,,,,,310.6501660346985,9.0,214.0,3966.0,0.45387789607048035,0.8376533389091492,0.0009999995550924018,0.001,False,128.0,128.0,,
train,,,,,,,310.72605538368225,9.0,215.0,3967.0,0.5236400365829468,0.9999991655349731,0.0009999994192010338,0.001,False,128.0,128.0,,
train,,,,,,,310.80272912979126,9.0,216.0,3968.0,0.470456600189209,0.9999990463256836,0.000999998721647259,0.001,False,128.0,128.0,,
train,,,,,,,310.8875381946564,9.0,217.0,3969.0,0.5695279836654663,0.9999991059303284,0.0009999992125883875,0.001,False,128.0,128.0,,
train,,,,,,,310.9686028957367,9.0,218.0,3970.0,0.5921814441680908,0.9999991655349731,0.0009834306554448063,0.001,False,128.0,128.0,,
train,,,,,,,311.0427300930023,9.0,219.0,3971.0,0.48892220854759216,0.9834307432174683,0.0010000002347154977,0.001,False,128.0,128.0,,
train,,,,,,,311.12171840667725,9.0,220.0,3972.0,0.6187126636505127,0.9999991655349731,0.0010000003246712931,0.001,False,128.0,128.0,,
train,,,,,,,311.1987085342407,9.0,221.0,3973.0,0.4180942177772522,0.9999991059303284,0.0009999990936556454,0.001,False,128.0,128.0,,
train,,,,,,,311.2742326259613,9.0,222.0,3974.0,0.6644801497459412,0.9999991655349731,0.000999997826417378,0.001,False,128.0,128.0,,
train,,,,,,,311.3466007709503,9.0,223.0,3975.0,0.4652221202850342,0.9999991655349731,0.0009999980575662874,0.001,False,128.0,128.0,,
train,,,,,,,311.4210755825043,9.0,224.0,3976.0,0.4758225381374359,0.9999991059303284,0.0009999997038345866,0.001,False,128.0,128.0,,
train,,,,,,,311.4911382198334,9.0,225.0,3977.0,0.497293621301651,0.9999992251396179,0.0009544082750138278,0.001,False,128.0,128.0,,
train,,,,,,,311.5652883052826,9.0,226.0,3978.0,0.38649797439575195,0.9544081091880798,0.0008330088124204173,0.001,False,128.0,128.0,,
train,,,,,,,311.63828206062317,9.0,227.0,3979.0,0.4213622212409973,0.8330084681510925,0.0008541736230082263,0.001,False,128.0,128.0,,
train,,,,,,,311.7170977592468,9.0,228.0,3980.0,0.46857768297195435,0.8541743755340576,0.001000000575387295,0.001,False,128.0,128.0,,
train,,,,,,,311.7935366630554,9.0,229.0,3981.0,0.4809562861919403,0.9999992251396179,0.0008828251927463948,0.001,False,128.0,128.0,,
train,,,,,,,311.8760116100311,9.0,230.0,3982.0,0.4873066544532776,0.8828243613243103,0.0009441791478835806,0.001,False,128.0,128.0,,
train,,,,,,,311.95336389541626,9.0,231.0,3983.0,0.4668789207935333,0.9441799521446228,0.0009999971651113773,0.001,False,128.0,128.0,,
train,,,,,,,312.0313251018524,9.0,232.0,3984.0,0.5082183480262756,0.9999991655349731,0.0009409279377323209,0.001,False,128.0,128.0,,
train,,,,,,,312.11269068717957,9.0,233.0,3985.0,0.3915075361728668,0.9409271478652954,0.0008217101408582976,0.001,False,128.0,128.0,,
train,,,,,,,312.19329857826233,9.0,234.0,3986.0,0.49938780069351196,0.8217107057571411,0.0009999986708822451,0.001,False,128.0,128.0,,
train,,,,,,,312.26561665534973,9.0,235.0,3987.0,0.4565691351890564,0.9999991059303284,0.0008660968438176342,0.001,False,128.0,128.0,,
train,,,,,,,312.360249042511,9.0,236.0,3988.0,0.5961312651634216,0.8660956621170044,0.0010000019670223315,0.001,False,128.0,128.0,,
train,,,,,,,312.4548306465149,9.0,237.0,3989.0,0.4946288466453552,0.9999992251396179,0.0009875623001950567,0.001,False,128.0,128.0,,
train,,,,,,,312.5314977169037,9.0,238.0,3990.0,0.45260947942733765,0.9875635504722595,0.0009999986878964353,0.001,False,128.0,128.0,,
train,,,,,,,312.60764479637146,9.0,239.0,3991.0,0.46573933959007263,0.9999992251396179,0.000999997807265989,0.001,False,128.0,128.0,,
train,,,,,,,312.6828544139862,9.0,240.0,3992.0,0.5278369188308716,0.9999991059303284,0.0010000006889630383,0.001,False,128.0,128.0,,
train,,,,,,,312.75798296928406,9.0,241.0,3993.0,0.4856661260128021,0.9999991655349731,0.0009999989125780895,0.001,False,128.0,128.0,,
train,,,,,,,312.8332552909851,9.0,242.0,3994.0,0.45502933859825134,0.9999991059303284,0.0009999992861962294,0.001,False,128.0,128.0,,
train,,,,,,,312.9090139865875,9.0,243.0,3995.0,0.43520671129226685,0.9999991655349731,0.0009026379799035861,0.001,False,128.0,128.0,,
train,,,,,,,312.99304962158203,9.0,244.0,3996.0,0.5757266879081726,0.9026360511779785,0.0010000012037729678,0.001,False,128.0,128.0,,
train,,,,,,,313.06356477737427,9.0,245.0,3997.0,0.5736336708068848,0.9999992251396179,0.0009999980979784832,0.001,False,128.0,128.0,,
train,,,,,,,313.13878989219666,9.0,246.0,3998.0,0.5716750621795654,0.9999991655349731,0.0010000003994447867,0.001,False,128.0,128.0,,
train,,,,,,,313.21792244911194,9.0,247.0,3999.0,0.4149100184440613,0.9999991059303284,0.0009999994457631349,0.001,False,128.0,128.0,,
train,,,,,,,313.2921197414398,9.0,248.0,4000.0,0.4228990375995636,0.9999991655349731,0.0009999983936313933,0.001,False,128.0,128.0,,
train,,,,,,,313.3700604438782,9.0,249.0,4001.0,0.5035009980201721,0.9999991655349731,0.0009999992505580443,0.001,False,128.0,128.0,,
train,,,,,,,313.4474267959595,9.0,250.0,4002.0,0.49061670899391174,0.9999990463256836,0.00100000152415514,0.001,False,128.0,128.0,,
train,,,,,,,313.5338649749756,9.0,251.0,4003.0,0.43173468112945557,0.9999991655349731,0.000980207227146428,0.001,False,128.0,128.0,,
train,,,,,,,313.6146893501282,9.0,252.0,4004.0,0.4186255633831024,0.9802064895629883,0.0008325451089068296,0.001,False,128.0,128.0,,
train,,,,,,,313.69047832489014,9.0,253.0,4005.0,0.4796537458896637,0.8325436115264893,0.0009999975883572601,0.001,False,128.0,128.0,,
train,,,,,,,313.7731204032898,9.0,254.0,4006.0,0.3928918242454529,0.9999992847442627,0.000792673426881415,0.001,False,128.0,128.0,,
train,,,,,,,313.8530652523041,9.0,255.0,4007.0,0.5148391127586365,0.7926733493804932,0.0009999985170883843,0.001,False,128.0,128.0,,
train,,,,,,,313.92923974990845,9.0,256.0,4008.0,0.5390393733978271,0.9999993443489075,0.0010000004143911581,0.001,False,128.0,128.0,,
train,,,,,,,314.00448060035706,9.0,257.0,4009.0,0.56830894947052,0.9999991059303284,0.0010000000736776727,0.001,False,128.0,128.0,,
train,,,,,,,314.078866481781,9.0,258.0,4010.0,0.37025344371795654,0.9999991655349731,0.0008218832181231401,0.001,False,128.0,128.0,,
train,,,,,,,314.1602454185486,9.0,259.0,4011.0,0.4748381972312927,0.8218827247619629,0.0009999985050979578,0.001,False,128.0,128.0,,
train,,,,,,,314.25098061561584,9.0,260.0,4012.0,0.4603281021118164,0.9999991655349731,0.001000000300385172,0.001,False,128.0,128.0,,
train,,,,,,,314.33339738845825,9.0,261.0,4013.0,0.37286025285720825,0.9999991059303284,0.0009117414600389522,0.001,False,128.0,128.0,,
train,,,,,,,314.4148852825165,9.0,262.0,4014.0,0.4233676493167877,0.9117404818534851,0.0009999964586742145,0.001,False,128.0,128.0,,
train,,,,,,,314.5013782978058,9.0,263.0,4015.0,0.49707093834877014,0.9999989867210388,0.001000000365610753,0.001,False,128.0,128.0,,
train,,,,,,,314.5763189792633,9.0,264.0,4016.0,0.4367316961288452,0.9999992847442627,0.0008692314744088249,0.001,False,128.0,128.0,,
train,,,,,,,314.65459275245667,9.0,265.0,4017.0,0.3489909768104553,0.8692323565483093,0.0008979358542139456,0.001,False,128.0,128.0,,
train,,,,,,,314.738890171051,9.0,266.0,4018.0,0.5796921849250793,0.8979359269142151,0.0010000006627340372,0.001,False,128.0,128.0,,
train,,,,,,,314.81789112091064,9.0,267.0,4019.0,0.5216337442398071,0.9999992847442627,0.0009999987433799023,0.001,False,128.0,128.0,,
train,,,,,,,314.8965952396393,9.0,268.0,4020.0,0.560072660446167,0.9999991655349731,0.0009120644174460586,0.001,False,128.0,128.0,,
train,,,,,,,315.0025782585144,9.0,269.0,4021.0,0.6389058232307434,0.9120636582374573,0.0009999981230140596,0.001,False,128.0,128.0,,
train,,,,,,,315.07523584365845,9.0,270.0,4022.0,0.6802303791046143,0.9999992251396179,0.0009999984408714578,0.001,False,128.0,128.0,,
train,,,,,,,315.14596486091614,9.0,271.0,4023.0,0.39170128107070923,0.9999991059303284,0.0010000005538489804,0.001,False,128.0,128.0,,
train,,,,,,,315.23087978363037,9.0,272.0,4024.0,0.5126931071281433,0.9999990463256836,0.0009796545637893047,0.001,False,128.0,128.0,,
train,,,,,,,315.30347418785095,9.0,273.0,4025.0,0.400246262550354,0.9796528220176697,0.000995665303824084,0.001,False,128.0,128.0,,
train,,,,,,,315.38343954086304,9.0,274.0,4026.0,0.48581022024154663,0.9956647753715515,0.0008075119490358269,0.001,False,128.0,128.0,,
train,,,,,,,315.45754981040955,9.0,275.0,4027.0,0.5200721621513367,0.8075099587440491,0.0009999976474490213,0.001,False,128.0,128.0,,
train,,,,,,,315.5295009613037,9.0,276.0,4028.0,0.4310208559036255,0.9999991059303284,0.0008356493733963804,0.001,False,128.0,128.0,,
train,,,,,,,315.60166668891907,9.0,277.0,4029.0,0.5246737003326416,0.8356482982635498,0.0008890425015617873,0.001,False,128.0,128.0,,
train,,,,,,,315.6759777069092,9.0,278.0,4030.0,0.5485137701034546,0.889043927192688,0.0009999992559981412,0.001,False,128.0,128.0,,
train,,,,,,,315.7506511211395,9.0,279.0,4031.0,0.3992828130722046,0.9999992251396179,0.0009965669742707552,0.001,False,128.0,128.0,,
train,,,,,,,315.82355189323425,9.0,280.0,4032.0,0.4621766209602356,0.9965677261352539,0.0009999996313092435,0.001,False,128.0,128.0,,
train,,,,,,,315.8969669342041,9.0,281.0,4033.0,0.4070146381855011,0.9999989867210388,0.0009462494477949559,0.001,False,128.0,128.0,,
train,,,,,,,315.96944975852966,9.0,282.0,4034.0,0.5205702781677246,0.9462490081787109,0.0009137353215488228,0.001,False,128.0,128.0,,
train,,,,,,,316.0395157337189,9.0,283.0,4035.0,0.5752750635147095,0.9137349128723145,0.000999998498048031,0.001,False,128.0,128.0,,
train,,,,,,,316.1092984676361,9.0,284.0,4036.0,0.6163264513015747,0.9999991059303284,0.000999997148430229,0.001,False,128.0,128.0,,
train,,,,,,,316.1817193031311,9.0,285.0,4037.0,0.48167240619659424,0.9999992251396179,0.0008199791169543078,0.001,False,128.0,128.0,,
train,,,,,,,316.25567150115967,9.0,286.0,4038.0,0.4642742872238159,0.8199779987335205,0.0009999964132104196,0.001,False,128.0,128.0,,
train,,,,,,,316.32565116882324,9.0,287.0,4039.0,0.4401330351829529,0.9999992847442627,0.000999999880831929,0.001,False,128.0,128.0,,
train,,,,,,,316.39756202697754,9.0,288.0,4040.0,0.4723382592201233,0.9999991655349731,0.0009999988587599685,0.001,False,128.0,128.0,,
train,,,,,,,316.4663498401642,9.0,289.0,4041.0,0.3850375711917877,0.9999991655349731,0.0008183899660487356,0.001,False,128.0,128.0,,
train,,,,,,,316.53878259658813,9.0,290.0,4042.0,0.44182026386260986,0.8183903098106384,0.0009223665375798349,0.001,False,128.0,128.0,,
train,,,,,,,316.60873651504517,9.0,291.0,4043.0,0.47480663657188416,0.9223670363426208,0.0008538050844634661,0.001,False,128.0,128.0,,
train,,,,,,,316.6788823604584,9.0,292.0,4044.0,0.44481366872787476,0.8538061380386353,0.000856178615657859,0.001,False,128.0,128.0,,
train,,,,,,,316.7528667449951,9.0,293.0,4045.0,0.5288069248199463,0.8561792373657227,0.0009539504100627878,0.001,False,128.0,128.0,,
train,,,,,,,316.8290009498596,9.0,294.0,4046.0,0.38845473527908325,0.9539530277252197,0.0009140523892966991,0.001,False,128.0,128.0,,
train,,,,,,,316.9011697769165,9.0,295.0,4047.0,0.4342956244945526,0.9140515327453613,0.0009999997907373158,0.001,False,128.0,128.0,,
train,,,,,,,316.99422430992126,9.0,296.0,4048.0,0.5033809542655945,0.9999990463256836,0.0009484323557006095,0.001,False,128.0,128.0,,
train,,,,,,,317.1028501987457,9.0,297.0,4049.0,0.5045387148857117,0.9484332799911499,0.0009999961485045105,0.001,False,128.0,128.0,,
train,,,,,,,317.18276047706604,9.0,298.0,4050.0,0.44511014223098755,0.9999991059303284,0.0009369034949968127,0.001,False,128.0,128.0,,
train,,,,,,,317.25727558135986,9.0,299.0,4051.0,0.460763156414032,0.9369028806686401,0.000990232306617408,0.001,False,128.0,128.0,,
train,,,,,,,317.326278924942,9.0,300.0,4052.0,0.5372002124786377,0.9902328252792358,0.0009999988688630095,0.001,False,128.0,128.0,,
train,,,,,,,317.3951404094696,9.0,301.0,4053.0,0.46293312311172485,0.9999992847442627,0.0009607204595448146,0.001,False,128.0,128.0,,
train,,,,,,,317.47537302970886,9.0,302.0,4054.0,0.431657075881958,0.9607203006744385,0.0009999963444873655,0.001,False,128.0,128.0,,
train,,,,,,,317.5550832748413,9.0,303.0,4055.0,0.5803975462913513,0.9999991059303284,0.0010000021532618603,0.001,False,128.0,128.0,,
train,,,,,,,317.630646944046,9.0,304.0,4056.0,0.45974263548851013,0.9999992251396179,0.0009999978059337185,0.001,False,128.0,128.0,,
train,,,,,,,317.70186376571655,9.0,305.0,4057.0,0.5092841386795044,0.9999992847442627,0.0009999965991179147,0.001,False,128.0,128.0,,
train,,,,,,,317.7726049423218,9.0,306.0,4058.0,0.5021156668663025,0.9999991059303284,0.0009999996290887966,0.001,False,128.0,128.0,,
train,,,,,,,317.8479688167572,9.0,307.0,4059.0,0.4638439416885376,0.9999991059303284,0.0009999989196835246,0.001,False,128.0,128.0,,
train,,,,,,,317.9230761528015,9.0,308.0,4060.0,0.4925861656665802,0.9999991655349731,0.0009999988580383227,0.001,False,128.0,128.0,,
train,,,,,,,318.0056209564209,9.0,309.0,4061.0,0.4957706332206726,0.9999991059303284,0.0008820975079374914,0.001,False,128.0,128.0,,
train,,,,,,,318.0845241546631,9.0,310.0,4062.0,0.4828711450099945,0.8820959329605103,0.0010000006298992125,0.001,False,128.0,128.0,,
train,,,,,,,318.15540194511414,9.0,311.0,4063.0,0.4887232184410095,0.999998927116394,0.0009427362414611822,0.001,False,128.0,128.0,,
train,,,,,,,318.22929644584656,9.0,312.0,4064.0,0.5303347110748291,0.9427365660667419,0.0009762204534067035,0.001,False,128.0,128.0,,
train,,,,,,,318.33818769454956,9.0,313.0,4065.0,0.566582441329956,0.9762205481529236,0.0009999981248459311,0.001,False,128.0,128.0,,
train,,,,,,,318.4121949672699,9.0,314.0,4066.0,0.4418647587299347,0.9999992251396179,0.000999997633404667,0.001,False,128.0,128.0,,
train,,,,,,,318.4815628528595,9.0,315.0,4067.0,0.483018159866333,0.9999992251396179,0.001000001304275781,0.001,False,128.0,128.0,,
train,,,,,,,318.55273151397705,9.0,316.0,4068.0,0.44939011335372925,0.9999991655349731,0.000999998377866201,0.001,False,128.0,128.0,,
train,,,,,,,318.6355195045471,9.0,317.0,4069.0,0.474307656288147,0.9999990463256836,0.0009430284159639269,0.001,False,128.0,128.0,,
train,,,,,,,318.70852398872375,9.0,318.0,4070.0,0.4392269253730774,0.9430282115936279,0.0009901492713209265,0.001,False,128.0,128.0,,
train,,,,,,,318.77932024002075,9.0,319.0,4071.0,0.5474804639816284,0.9901478290557861,0.0009999967251841599,0.001,False,128.0,128.0,,
train,,,,,,,318.85484743118286,9.0,320.0,4072.0,0.38693079352378845,0.9999990463256836,0.0008947096767271825,0.001,False,128.0,128.0,,
train,,,,,,,318.93232774734497,9.0,321.0,4073.0,0.5339078307151794,0.8947104811668396,0.0008259327370016922,0.001,False,128.0,128.0,,
train,,,,,,,319.005597114563,9.0,322.0,4074.0,0.6131871938705444,0.8259331583976746,0.0009999975531908604,0.001,False,128.0,128.0,,
train,,,,,,,319.07497382164,9.0,323.0,4075.0,0.4181884527206421,0.9999992251396179,0.0009999999127508442,0.001,False,128.0,128.0,,
train,,,,,,,319.14976716041565,9.0,324.0,4076.0,0.5683630108833313,0.9999991059303284,0.001000001000491356,0.001,False,128.0,128.0,,
train,,,,,,,319.2358298301697,9.0,325.0,4077.0,0.48602360486984253,0.9999991655349731,0.0010000004641985167,0.001,False,128.0,128.0,,
train,,,,,,,319.33493161201477,9.0,326.0,4078.0,0.4603722095489502,0.9999990463256836,0.0009999992607721037,0.001,False,128.0,128.0,,
train,,,,,,,319.44445276260376,9.0,327.0,4079.0,0.4420619010925293,0.9999991655349731,0.0008792908149545195,0.001,False,128.0,128.0,,
train,,,,,,,319.531699180603,9.0,328.0,4080.0,0.5444822311401367,0.8792896866798401,0.0009937546313493464,0.001,False,128.0,128.0,,
train,,,,,,,319.60653376579285,9.0,329.0,4081.0,0.5342170596122742,0.9937531352043152,0.0009999984393726544,0.001,False,128.0,128.0,,
train,,,,,,,319.6855387687683,9.0,330.0,4082.0,0.46562254428863525,0.9999991059303284,0.0008048997232341725,0.001,False,128.0,128.0,,
train,,,,,,,319.76718378067017,9.0,331.0,4083.0,0.3849286437034607,0.8048991560935974,0.0008428387483771377,0.001,False,128.0,128.0,,
train,,,,,,,319.84985733032227,9.0,332.0,4084.0,0.5828959345817566,0.8428410887718201,0.000999997149235143,0.001,False,128.0,128.0,,
train,,,,,,,319.92537236213684,9.0,333.0,4085.0,0.3872751295566559,0.9999991059303284,0.0009527290310353921,0.001,False,128.0,128.0,,
train,,,,,,,319.9964396953583,9.0,334.0,4086.0,0.3165390193462372,0.9527270197868347,0.0009989939642731436,0.001,False,128.0,128.0,,
train,,,,,,,320.0737192630768,9.0,335.0,4087.0,0.6759595274925232,0.9989961385726929,0.000999999006863878,0.001,False,128.0,128.0,,
train,,,,,,,320.1480116844177,9.0,336.0,4088.0,0.4519476294517517,0.9999992251396179,0.0009999968361513085,0.001,False,128.0,128.0,,
train,,,,,,,320.22503209114075,9.0,337.0,4089.0,0.44703009724617004,0.9999990463256836,0.0009999969870310836,0.001,False,128.0,128.0,,
train,,,,,,,320.2997660636902,9.0,338.0,4090.0,0.5817019939422607,0.9999991655349731,0.0009999992742613232,0.001,False,128.0,128.0,,
train,,,,,,,320.37739419937134,9.0,339.0,4091.0,0.543520450592041,0.9999990463256836,0.0009999996129905566,0.001,False,128.0,128.0,,
train,,,,,,,320.4530899524689,9.0,340.0,4092.0,0.4728044271469116,0.9999990463256836,0.0010000008709284503,0.001,False,128.0,128.0,,
train,,,,,,,320.5262806415558,9.0,341.0,4093.0,0.37160587310791016,0.9999991059303284,0.000927198619964396,0.001,False,128.0,128.0,,
train,,,,,,,320.60582637786865,9.0,342.0,4094.0,0.518150806427002,0.9271982312202454,0.0009999967372578747,0.001,False,128.0,128.0,,
train,,,,,,,320.6805992126465,9.0,343.0,4095.0,0.4416097402572632,0.9999992251396179,0.0009099918489225402,0.001,False,128.0,128.0,,
train,,,,,,,320.7637610435486,9.0,344.0,4096.0,0.4610597789287567,0.9099928140640259,0.0008518396617488615,0.001,False,128.0,128.0,,
train,,,,,,,320.8371834754944,9.0,345.0,4097.0,0.4654558300971985,0.851841390132904,0.0010000015169942126,0.001,False,128.0,128.0,,
train,,,,,,,320.9090313911438,9.0,346.0,4098.0,0.3782026767730713,0.9999994039535522,0.0009008193284405934,0.001,False,128.0,128.0,,
train,,,,,,,320.98625445365906,9.0,347.0,4099.0,0.4487098753452301,0.9008187651634216,0.0009999992839757818,0.001,False,128.0,128.0,,
train,,,,,,,321.0693325996399,9.0,348.0,4100.0,0.5167990922927856,0.9999991059303284,0.001000002196449442,0.001,False,128.0,128.0,,
train,,,,,,,321.147577047348,9.0,349.0,4101.0,0.5815150737762451,0.9999990463256836,0.0009999990277360913,0.001,False,128.0,128.0,,
train,,,,,,,321.2286298274994,9.0,350.0,4102.0,0.4691758155822754,0.9999991655349731,0.0009999996719434203,0.001,False,128.0,128.0,,
train,,,,,,,321.31809544563293,9.0,351.0,4103.0,0.3867645263671875,0.9999990463256836,0.0010000003918675176,0.001,False,128.0,128.0,,
train,,,,,,,321.3992371559143,9.0,352.0,4104.0,0.554428219795227,0.9999990463256836,0.001000003452246914,0.001,False,128.0,128.0,,
train,,,,,,,321.4723310470581,9.0,353.0,4105.0,0.4736686944961548,0.9999992847442627,0.0009923903624757533,0.001,False,128.0,128.0,,
train,,,,,,,321.5481879711151,9.0,354.0,4106.0,0.4896886348724365,0.9923907518386841,0.001000001066771602,0.001,False,128.0,128.0,,
train,,,,,,,321.63142704963684,9.0,355.0,4107.0,0.4122108221054077,0.9999991059303284,0.000814564346305968,0.001,False,128.0,128.0,,
train,,,,,,,321.72309470176697,9.0,356.0,4108.0,0.449080228805542,0.8145642876625061,0.000999998905222854,0.001,False,128.0,128.0,,
train,,,,,,,321.80463337898254,9.0,357.0,4109.0,0.4482525587081909,0.9999990463256836,0.0009999993372665236,0.001,False,128.0,128.0,,
train,,,,,,,321.8773488998413,9.0,358.0,4110.0,0.4567130208015442,0.9999993443489075,0.0008187444961456432,0.001,False,128.0,128.0,,
train,,,,,,,321.9517328739166,9.0,359.0,4111.0,0.4346473515033722,0.8187414407730103,0.0009299664863635674,0.001,False,128.0,128.0,,
train,,,,,,,322.03781366348267,9.0,360.0,4112.0,0.5198957920074463,0.9299655556678772,0.0009820526963548043,0.001,False,128.0,128.0,,
train,,,,,,,322.12420129776,9.0,361.0,4113.0,0.518734872341156,0.9820516109466553,0.0010000004207888157,0.001,False,128.0,128.0,,
train,,,,,,,322.208211183548,9.0,362.0,4114.0,0.49732857942581177,0.9999991059303284,0.0009999997878507353,0.001,False,128.0,128.0,,
train,,,,,,,322.2797393798828,9.0,363.0,4115.0,0.3992961645126343,0.9999992251396179,0.0009999988613134843,0.001,False,128.0,128.0,,
train,,,,,,,322.35038590431213,9.0,364.0,4116.0,0.5858748555183411,0.9999990463256836,0.0009999985526433289,0.001,False,128.0,128.0,,
train,,,,,,,322.4257125854492,9.0,365.0,4117.0,0.41584885120391846,0.9999992251396179,0.0008474462394808167,0.001,False,128.0,128.0,,
train,,,,,,,322.4977915287018,9.0,366.0,4118.0,0.42621588706970215,0.847447395324707,0.000999999705860744,0.001,False,128.0,128.0,,
train,,,,,,,322.570600271225,9.0,367.0,4119.0,0.5002691149711609,0.9999990463256836,0.0008588445990002978,0.001,False,128.0,128.0,,
train,,,,,,,322.65086483955383,9.0,368.0,4120.0,0.5047599673271179,0.8588448166847229,0.0010000013811863777,0.001,False,128.0,128.0,,
train,,,,,,,322.73860263824463,9.0,369.0,4121.0,0.41885271668434143,0.9999990463256836,0.00085803233973647,0.001,False,128.0,128.0,,
train,,,,,,,322.81680488586426,9.0,370.0,4122.0,0.5391128659248352,0.8580306768417358,0.00099999942230966,0.001,False,128.0,128.0,,
train,,,,,,,322.8981204032898,9.0,371.0,4123.0,0.42117828130722046,0.9999992847442627,0.000997186790415245,0.001,False,128.0,128.0,,
train,,,,,,,322.9737994670868,9.0,372.0,4124.0,0.5304501056671143,0.9971864819526672,0.000901502493162987,0.001,False,128.0,128.0,,
train,,,,,,,323.0461735725403,9.0,373.0,4125.0,0.5831711888313293,0.9015000462532043,0.0009999991957684955,0.001,False,128.0,128.0,,
train,,,,,,,323.1220529079437,9.0,374.0,4126.0,0.4736907184123993,0.9999990463256836,0.001000000301994995,0.001,False,128.0,128.0,,
train,,,,,,,323.24275827407837,9.0,375.0,4127.0,0.4912339150905609,0.9999991059303284,0.000969935426690916,0.001,False,128.0,128.0,,
train,,,,,,,323.32791471481323,9.0,376.0,4128.0,0.41791027784347534,0.969932496547699,0.0008374988114294712,0.001,False,128.0,128.0,,
train,,,,,,,323.4107210636139,9.0,377.0,4129.0,0.5101455450057983,0.8374980092048645,0.0009480990697832721,0.001,False,128.0,128.0,,
train,,,,,,,323.48747181892395,9.0,378.0,4130.0,0.44649738073349,0.9480983018875122,0.000999999171621125,0.001,False,128.0,128.0,,
train,,,,,,,323.56043672561646,9.0,379.0,4131.0,0.4164510667324066,0.9999989867210388,0.0008035298648552986,0.001,False,128.0,128.0,,
train,,,,,,,323.6376402378082,9.0,380.0,4132.0,0.506881058216095,0.8035300970077515,0.0009999997612331322,0.001,False,128.0,128.0,,
train,,,,,,,323.71880173683167,9.0,381.0,4133.0,0.4599684774875641,0.9999991655349731,0.0009999993884478378,0.001,False,128.0,128.0,,
train,,,,,,,323.7961058616638,9.0,382.0,4134.0,0.5187476277351379,0.9999990463256836,0.0010000007076147721,0.001,False,128.0,128.0,,
train,,,,,,,323.8758010864258,9.0,383.0,4135.0,0.4553968608379364,0.9999991059303284,0.000960267549586093,0.001,False,128.0,128.0,,
train,,,,,,,323.96075105667114,9.0,384.0,4136.0,0.4586682617664337,0.9602673053741455,0.000999997266530533,0.001,False,128.0,128.0,,
train,,,,,,,324.0378465652466,9.0,385.0,4137.0,0.4415019154548645,0.9999991059303284,0.0008820777538464704,0.001,False,128.0,128.0,,
train,,,,,,,324.14133763313293,9.0,386.0,4138.0,0.4392715096473694,0.8820768594741821,0.0008512437871161001,0.001,False,128.0,128.0,,
train,,,,,,,324.23048424720764,9.0,387.0,4139.0,0.46703168749809265,0.8512445688247681,0.0009999999587695916,0.001,False,128.0,128.0,,
train,,,,,,,324.3026707172394,9.0,388.0,4140.0,0.3926522433757782,0.9999991059303284,0.0009303312961595643,0.001,False,128.0,128.0,,
train,,,,,,,324.3759844303131,9.0,389.0,4141.0,0.3866196274757385,0.9303338527679443,0.0007939863267228335,0.001,False,128.0,128.0,,
train,,,,,,,324.4500164985657,9.0,390.0,4142.0,0.4906757175922394,0.793986976146698,0.0009999990893257717,0.001,False,128.0,128.0,,
train,,,,,,,324.52072191238403,9.0,391.0,4143.0,0.5021932125091553,0.9999990463256836,0.000999999671082997,0.001,False,128.0,128.0,,
train,,,,,,,324.59415912628174,9.0,392.0,4144.0,0.5913404226303101,0.9999991059303284,0.001000000489289545,0.001,False,128.0,128.0,,
train,,,,,,,324.66781759262085,9.0,393.0,4145.0,0.4363405108451843,0.9999989867210388,0.0008773854549171448,0.001,False,128.0,128.0,,
train,,,,,,,324.74338245391846,9.0,394.0,4146.0,0.4211425483226776,0.8773845434188843,0.000987681392081626,0.001,False,128.0,128.0,,
train,,,,,,,324.8137209415436,9.0,395.0,4147.0,0.3923036456108093,0.9876833558082581,0.0009999959360347383,0.001,False,128.0,128.0,,
train,,,,,,,324.88844561576843,9.0,396.0,4148.0,0.48337382078170776,0.9999991059303284,0.0009999990339533463,0.001,False,128.0,128.0,,
train,,,,,,,324.9656710624695,9.0,397.0,4149.0,0.3762933611869812,0.9999993443489075,0.0009905372017409673,0.001,False,128.0,128.0,,
train,,,,,,,325.0369076728821,9.0,398.0,4150.0,0.5112420320510864,0.990536093711853,0.0009924695373406585,0.001,False,128.0,128.0,,
train,,,,,,,325.1091196537018,9.0,399.0,4151.0,0.6224823594093323,0.9924692511558533,0.0009999973277594982,0.001,False,128.0,128.0,,
train,,,,,,,325.1858928203583,9.0,400.0,4152.0,0.5294791460037231,0.9999990463256836,0.0009713075290687359,0.001,False,128.0,128.0,,
train,,,,,,,325.26112246513367,9.0,401.0,4153.0,0.43190160393714905,0.9713055491447449,0.0010000009933859358,0.001,False,128.0,128.0,,
train,,,,,,,325.3361678123474,9.0,402.0,4154.0,0.46029573678970337,0.9999992847442627,0.0009999980644774392,0.001,False,128.0,128.0,,
train,,,,,,,325.40762519836426,9.0,403.0,4155.0,0.5147629976272583,0.9999991059303284,0.0009999983272954587,0.001,False,128.0,128.0,,
train,,,,,,,325.48733019828796,9.0,404.0,4156.0,0.3601074814796448,0.9999990463256836,0.0008797327070953182,0.001,False,128.0,128.0,,
train,,,,,,,325.5554196834564,9.0,405.0,4157.0,0.4093816578388214,0.8797321915626526,0.0009632837893138973,0.001,False,128.0,128.0,,
train,,,,,,,325.6284337043762,9.0,406.0,4158.0,0.47702261805534363,0.9632837772369385,0.0009999998126087137,0.001,False,128.0,128.0,,
train,,,,,,,325.7020363807678,9.0,407.0,4159.0,0.3936002850532532,0.9999990463256836,0.0009999961903878346,0.001,False,128.0,128.0,,
train,,,,,,,325.7794952392578,9.0,408.0,4160.0,0.6705700755119324,0.9999991655349731,0.000999999634889714,0.001,False,128.0,128.0,,
train,,,,,,,325.85080909729004,9.0,409.0,4161.0,0.3914570212364197,0.9999992847442627,0.0009379960498768482,0.001,False,128.0,128.0,,
train,,,,,,,325.9267876148224,9.0,410.0,4162.0,0.44374871253967285,0.9379948973655701,0.0008246162479658835,0.001,False,128.0,128.0,,
train,,,,,,,325.99737524986267,9.0,411.0,4163.0,0.5127555131912231,0.8246161341667175,0.0009999996171538945,0.001,False,128.0,128.0,,
train,,,,,,,326.07343888282776,9.0,412.0,4164.0,0.36829912662506104,0.9999991059303284,0.0009674092056370135,0.001,False,128.0,128.0,,
train,,,,,,,326.1531229019165,9.0,413.0,4165.0,0.47518348693847656,0.9674082398414612,0.000999997909018147,0.001,False,128.0,128.0,,
train,,,,,,,326.23010182380676,9.0,414.0,4166.0,0.4994162917137146,0.9999991655349731,0.0008847702500872627,0.001,False,128.0,128.0,,
train,,,,,,,326.30536699295044,9.0,415.0,4167.0,0.5526604652404785,0.8847697973251343,0.0009999983062289415,0.001,False,128.0,128.0,,
train,,,,,,,326.38504338264465,9.0,416.0,4168.0,0.4218229353427887,0.9999991059303284,0.0009857541563655528,0.001,False,128.0,128.0,,
train,,,,,,,326.4609742164612,9.0,417.0,4169.0,0.49860015511512756,0.9857529401779175,0.0009629650649727745,0.001,False,128.0,128.0,,
train,,,,,,,326.53544306755066,9.0,418.0,4170.0,0.46406784653663635,0.9629677534103394,0.0008857550986223796,0.001,False,128.0,128.0,,
train,,,,,,,326.6104528903961,9.0,419.0,4171.0,0.43583860993385315,0.8857527375221252,0.0009799977803584305,0.001,False,128.0,128.0,,
train,,,,,,,326.6852960586548,9.0,420.0,4172.0,0.4910675883293152,0.9799973368644714,0.0009999975024535428,0.001,False,128.0,128.0,,
train,,,,,,,326.75619649887085,9.0,421.0,4173.0,0.39846158027648926,0.9999990463256836,0.0009771370607747159,0.001,False,128.0,128.0,,
train,,,,,,,326.8326859474182,9.0,422.0,4174.0,0.3487013280391693,0.9771355986595154,0.0009102563200797,0.001,False,128.0,128.0,,
train,,,,,,,326.9077467918396,9.0,423.0,4175.0,0.4360910952091217,0.9102557897567749,0.000973638036615152,0.001,False,128.0,128.0,,
train,,,,,,,326.97771644592285,9.0,424.0,4176.0,0.4973151981830597,0.973638653755188,0.0009999991463080185,0.001,False,128.0,128.0,,
train,,,,,,,327.0565941333771,9.0,425.0,4177.0,0.382219523191452,0.9999992251396179,0.0010000007811669929,0.001,False,128.0,128.0,,
train,,,,,,,327.13822722435,9.0,426.0,4178.0,0.42060795426368713,0.9999991059303284,0.0010000000161126115,0.001,False,128.0,128.0,,
train,,,,,,,327.21219754219055,9.0,427.0,4179.0,0.543352484703064,0.9999990463256836,0.0009224194678700782,0.001,False,128.0,128.0,,
train,,,,,,,327.285315990448,9.0,428.0,4180.0,0.4551421105861664,0.9224194288253784,0.0009173131273100868,0.001,False,128.0,128.0,,
train,,,,,,,327.3618869781494,9.0,429.0,4181.0,0.4687006175518036,0.9173140525817871,0.0009449082606107987,0.001,False,128.0,128.0,,
train,,,,,,,327.4412486553192,9.0,430.0,4182.0,0.4922543466091156,0.9449086785316467,0.0008936635879288773,0.001,False,128.0,128.0,,
train,,,,,,,327.52640533447266,9.0,431.0,4183.0,0.4295523464679718,0.89366215467453,0.0007822412529680007,0.001,False,128.0,128.0,,
train,,,,,,,327.59932470321655,9.0,432.0,4184.0,0.43628332018852234,0.782242476940155,0.0009206481635710382,0.001,False,128.0,128.0,,
train,,,,,,,327.6720676422119,9.0,433.0,4185.0,0.5552669763565063,0.9206463694572449,0.0009999998634569365,0.001,False,128.0,128.0,,
train,,,,,,,327.7591404914856,9.0,434.0,4186.0,0.42735588550567627,0.9999991655349731,0.0009999957309756913,0.001,False,128.0,128.0,,
train,,,,,,,327.8372468948364,9.0,435.0,4187.0,0.4234119653701782,0.9999989867210388,0.0009018360808339317,0.001,False,128.0,128.0,,
train,,,,,,,327.9159119129181,9.0,436.0,4188.0,0.44996172189712524,0.90183424949646,0.0009733168459279059,0.001,False,128.0,128.0,,
train,,,,,,,327.9925515651703,9.0,437.0,4189.0,0.506420910358429,0.9733150601387024,0.0010000006796926826,0.001,False,128.0,128.0,,
train,,,,,,,328.0694341659546,9.0,438.0,4190.0,0.5280791521072388,0.9999991059303284,0.0009194611400026706,0.001,False,128.0,128.0,,
train,,,,,,,328.1406514644623,9.0,439.0,4191.0,0.43713992834091187,0.9194602966308594,0.0008561618322060337,0.001,False,128.0,128.0,,
train,,,,,,,328.22057723999023,9.0,440.0,4192.0,0.49535295367240906,0.8561632633209229,0.0009080956070946205,0.001,False,128.0,128.0,,
train,,,,,,,328.29840183258057,9.0,441.0,4193.0,0.41789373755455017,0.908096969127655,0.0009494629070743217,0.001,False,128.0,128.0,,
train,,,,,,,328.3804042339325,9.0,442.0,4194.0,0.4356720447540283,0.9494655132293701,0.0009999992353479773,0.001,False,128.0,128.0,,
train,,,,,,,328.4693191051483,9.0,443.0,4195.0,0.5218688249588013,0.9999991655349731,0.0009999992814777783,0.001,False,128.0,128.0,,
train,,,,,,,328.5517990589142,9.0,444.0,4196.0,0.46989676356315613,0.9999991059303284,0.000999998873192884,0.001,False,128.0,128.0,,
train,,,,,,,328.63705587387085,9.0,445.0,4197.0,0.41071435809135437,0.9999990463256836,0.0008738916926264189,0.001,False,128.0,128.0,,
train,,,,,,,328.72237825393677,9.0,446.0,4198.0,0.5231136679649353,0.8738906979560852,0.0009999999940191735,0.001,False,128.0,128.0,,
train,,,,,,,328.8033390045166,9.0,447.0,4199.0,0.47651615738868713,0.9999989867210388,0.000999999536329624,0.001,False,128.0,128.0,,
train,,,,,,,328.8813533782959,9.0,448.0,4200.0,0.45165005326271057,0.9999991059303284,0.000989810860398528,0.001,False,128.0,128.0,,
train,,,,,,,328.9602806568146,9.0,449.0,4201.0,0.4386557936668396,0.989811360836029,0.0009999983182748817,0.001,False,128.0,128.0,,
train,,,,,,,329.0386846065521,9.0,450.0,4202.0,0.4279656410217285,0.9999991059303284,0.0009972479722177895,0.001,False,128.0,128.0,,
train,,,,,,,329.11631751060486,9.0,451.0,4203.0,0.46650218963623047,0.9972477555274963,0.0008740275441855867,0.001,False,128.0,128.0,,
train,,,,,,,329.1918132305145,9.0,452.0,4204.0,0.5427841544151306,0.8740275502204895,0.0009999999804189412,0.001,False,128.0,128.0,,
train,,,,,,,329.2711269855499,9.0,453.0,4205.0,0.3309659957885742,0.9999991059303284,0.0009406768245768433,0.001,False,128.0,128.0,,
train,,,,,,,329.3472230434418,9.0,454.0,4206.0,0.4256546199321747,0.9406743049621582,0.0008958111662377221,0.001,False,128.0,128.0,,
train,,,,,,,329.42360496520996,9.0,455.0,4207.0,0.40202924609184265,0.8958109021186829,0.000799521847440854,0.001,False,128.0,128.0,,
train,,,,,,,329.4972355365753,9.0,456.0,4208.0,0.5270780324935913,0.7995191812515259,0.001000001936019414,0.001,False,128.0,128.0,,
train,,,,,,,329.5764968395233,9.0,457.0,4209.0,0.442842960357666,0.9999992847442627,0.0008165494846959391,0.001,False,128.0,128.0,,
train,,,,,,,329.6553304195404,9.0,458.0,4210.0,0.3641941547393799,0.816548228263855,0.00099999948337196,0.001,False,128.0,128.0,,
train,,,,,,,329.73293709754944,9.0,459.0,4211.0,0.4121391475200653,0.9999990463256836,0.0008293445235886882,0.001,False,128.0,128.0,,
train,,,,,,,329.8048298358917,9.0,460.0,4212.0,0.42847636342048645,0.8293436765670776,0.0009999995391329385,0.001,False,128.0,128.0,,
train,,,,,,,329.8761968612671,9.0,461.0,4213.0,0.5152733325958252,0.999998927116394,0.000999999387004547,0.001,False,128.0,128.0,,
train,,,,,,,329.94748854637146,9.0,462.0,4214.0,0.49350568652153015,0.9999991059303284,0.0009993661864922591,0.001,False,128.0,128.0,,
train,,,,,,,330.01865243911743,9.0,463.0,4215.0,0.4404333829879761,0.9993637800216675,0.0009142513904266558,0.001,False,128.0,128.0,,
train,,,,,,,330.0983543395996,9.0,464.0,4216.0,0.4733419418334961,0.9142500758171082,0.0010000011280836014,0.001,False,128.0,128.0,,
train,,,,,,,330.17703676223755,9.0,465.0,4217.0,0.4660075306892395,0.9999992847442627,0.0009999969561945456,0.001,False,128.0,128.0,,
train,,,,,,,330.26629734039307,9.0,466.0,4218.0,0.4796161651611328,0.9999991059303284,0.00093580643197701,0.001,False,128.0,128.0,,
train,,,,,,,330.34162068367004,9.0,467.0,4219.0,0.5629364848136902,0.9358052611351013,0.000999997980738702,0.001,False,128.0,128.0,,
train,,,,,,,330.4262282848358,9.0,468.0,4220.0,0.48167747259140015,0.9999991655349731,0.0010000003424626112,0.001,False,128.0,128.0,,
train,,,,,,,330.50904536247253,9.0,469.0,4221.0,0.4388939142227173,0.9999991655349731,0.0009999999221877408,0.001,False,128.0,128.0,,
eval,,,,,,,335.56128454208374,9.0,,4221.0,,,,,False,128.0,128.0,0.44361858406066895,0.8874
train,,,,,,,335.6606934070587,10.0,1.0,4222.0,0.3847564458847046,0.9999991655349731,0.0009162619790557892,0.001,False,128.0,128.0,,
train,,,,,,,335.7505714893341,10.0,2.0,4223.0,0.46660181879997253,0.9162602424621582,0.0010000007875507703,0.001,False,128.0,128.0,,
train,,,,,,,335.8442802429199,10.0,3.0,4224.0,0.5585929155349731,0.9999991059303284,0.0009999990291238714,0.001,False,128.0,128.0,,
train,,,,,,,335.9186384677887,10.0,4.0,4225.0,0.4558563232421875,0.9999992251396179,0.0009739269552898128,0.001,False,128.0,128.0,,
train,,,,,,,335.9975266456604,10.0,5.0,4226.0,0.5356113314628601,0.9739271402359009,0.0009999992330720184,0.001,False,128.0,128.0,,
train,,,,,,,336.0696816444397,10.0,6.0,4227.0,0.4981383681297302,0.9999992251396179,0.0009312491096787019,0.001,False,128.0,128.0,,
train,,,,,,,336.150093793869,10.0,7.0,4228.0,0.3697374761104584,0.9312486052513123,0.0008517713264505315,0.001,False,128.0,128.0,,
train,,,,,,,336.22317361831665,10.0,8.0,4229.0,0.5208662152290344,0.8517730832099915,0.0009999970876175875,0.001,False,128.0,128.0,,
train,,,,,,,336.306911945343,10.0,9.0,4230.0,0.4443768262863159,0.9999990463256836,0.0009999996987553148,0.001,False,128.0,128.0,,
train,,,,,,,336.39083337783813,10.0,10.0,4231.0,0.45043182373046875,0.9999992251396179,0.0009999989791082745,0.001,False,128.0,128.0,,
train,,,,,,,336.4714026451111,10.0,11.0,4232.0,0.43250805139541626,0.9999991655349731,0.0008214349795600188,0.001,False,128.0,128.0,,
train,,,,,,,336.55015230178833,10.0,12.0,4233.0,0.3733844757080078,0.8214341402053833,0.0007406226719275006,0.001,False,128.0,128.0,,
train,,,,,,,336.6314709186554,10.0,13.0,4234.0,0.5509179830551147,0.7406237721443176,0.000999998419277586,0.001,False,128.0,128.0,,
train,,,,,,,336.71770191192627,10.0,14.0,4235.0,0.4258986711502075,0.9999991655349731,0.0009999975159427862,0.001,False,128.0,128.0,,
train,,,,,,,336.79637455940247,10.0,15.0,4236.0,0.5912137031555176,0.9999991059303284,0.000999999156244523,0.001,False,128.0,128.0,,
train,,,,,,,336.8869938850403,10.0,16.0,4237.0,0.4335879683494568,0.9999992847442627,0.0009999970273878113,0.001,False,128.0,128.0,,
train,,,,,,,336.97187995910645,10.0,17.0,4238.0,0.4030030369758606,0.9999991655349731,0.0009075522564034572,0.001,False,128.0,128.0,,
train,,,,,,,337.06873393058777,10.0,18.0,4239.0,0.38120996952056885,0.9075530171394348,0.0007625554012138532,0.001,False,128.0,128.0,,
train,,,,,,,337.15425157546997,10.0,19.0,4240.0,0.4339315891265869,0.7625565528869629,0.0010000019617765381,0.001,False,128.0,128.0,,
train,,,,,,,337.236798286438,10.0,20.0,4241.0,0.4018726944923401,0.9999992251396179,0.0008768674902451772,0.001,False,128.0,128.0,,
train,,,,,,,337.3161120414734,10.0,21.0,4242.0,0.45069247484207153,0.8768669366836548,0.0009999994778208418,0.001,False,128.0,128.0,,
train,,,,,,,337.39741230010986,10.0,22.0,4243.0,0.6186385750770569,0.9999992847442627,0.000999998084378225,0.001,False,128.0,128.0,,
train,,,,,,,337.49696135520935,10.0,23.0,4244.0,0.4478311538696289,0.9999992847442627,0.0009393545704449266,0.001,False,128.0,128.0,,
train,,,,,,,337.5757873058319,10.0,24.0,4245.0,0.46735700964927673,0.9393539428710938,0.0009999980952584316,0.001,False,128.0,128.0,,
train,,,,,,,337.6548640727997,10.0,25.0,4246.0,0.5364851355552673,0.9999991655349731,0.000912226489454515,0.001,False,128.0,128.0,,
train,,,,,,,337.74275302886963,10.0,26.0,4247.0,0.3501116633415222,0.912225604057312,0.0006926011673662138,0.001,False,128.0,128.0,,
train,,,,,,,337.8294987678528,10.0,27.0,4248.0,0.5460305213928223,0.6925997734069824,0.0009999998257093478,0.001,False,128.0,128.0,,
train,,,,,,,337.930379152298,10.0,28.0,4249.0,0.49921315908432007,0.9999991059303284,0.0010000003642229747,0.001,False,128.0,128.0,,
train,,,,,,,338.0190780162811,10.0,29.0,4250.0,0.4721130132675171,0.9999991059303284,0.0010000011603910543,0.001,False,128.0,128.0,,
train,,,,,,,338.1012418270111,10.0,30.0,4251.0,0.452729195356369,0.9999991655349731,0.0010000007198827279,0.001,False,128.0,128.0,,
train,,,,,,,338.1909763813019,10.0,31.0,4252.0,0.38167715072631836,0.9999991655349731,0.0009359544656167019,0.001,False,128.0,128.0,,
train,,,,,,,338.2643048763275,10.0,32.0,4253.0,0.4065243899822235,0.9359543919563293,0.0008851348463351509,0.001,False,128.0,128.0,,
train,,,,,,,338.34893441200256,10.0,33.0,4254.0,0.4958428740501404,0.8851369619369507,0.0009810406795507268,0.001,False,128.0,128.0,,
train,,,,,,,338.4269003868103,10.0,34.0,4255.0,0.4559834599494934,0.9810388088226318,0.000999998161483359,0.001,False,128.0,128.0,,
train,,,,,,,338.5182192325592,10.0,35.0,4256.0,0.36745768785476685,0.9999990463256836,0.0006913187297762607,0.001,False,128.0,128.0,,
train,,,,,,,338.6001822948456,10.0,36.0,4257.0,0.416795939207077,0.6913211941719055,0.00087191433151052,0.001,False,128.0,128.0,,
train,,,,,,,338.680077791214,10.0,37.0,4258.0,0.559436559677124,0.8719144463539124,0.0010000008656271399,0.001,False,128.0,128.0,,
train,,,,,,,338.7905857563019,10.0,38.0,4259.0,0.4021701514720917,0.9999991059303284,0.0009999989198778139,0.001,False,128.0,128.0,,
train,,,,,,,338.88307332992554,10.0,39.0,4260.0,0.46626049280166626,0.9999991655349731,0.0009999970153973668,0.001,False,128.0,128.0,,
train,,,,,,,338.9679808616638,10.0,40.0,4261.0,0.4855828583240509,0.9999991655349731,0.0009999994576147721,0.001,False,128.0,128.0,,
train,,,,,,,339.04857087135315,10.0,41.0,4262.0,0.4476880431175232,0.9999991059303284,0.0009999999425603346,0.001,False,128.0,128.0,,
train,,,,,,,339.13103890419006,10.0,42.0,4263.0,0.48822516202926636,0.9999991059303284,0.000999997226950973,0.001,False,128.0,128.0,,
train,,,,,,,339.21151328086853,10.0,43.0,4264.0,0.46777260303497314,0.9999991059303284,0.0009999999775323614,0.001,False,128.0,128.0,,
train,,,,,,,339.29119896888733,10.0,44.0,4265.0,0.49762511253356934,0.9999991059303284,0.0009579111247941392,0.001,False,128.0,128.0,,
train,,,,,,,339.3746461868286,10.0,45.0,4266.0,0.49510297179222107,0.957912266254425,0.000999998606211666,0.001,False,128.0,128.0,,
train,,,,,,,339.44982385635376,10.0,46.0,4267.0,0.5416824817657471,0.9999991655349731,0.0010000010402372997,0.001,False,128.0,128.0,,
train,,,,,,,339.5302460193634,10.0,47.0,4268.0,0.5182094573974609,0.9999992847442627,0.0010000002524513062,0.001,False,128.0,128.0,,
train,,,,,,,339.6104338169098,10.0,48.0,4269.0,0.43959057331085205,0.9999991059303284,0.0009999996005560538,0.001,False,128.0,128.0,,
train,,,,,,,339.69654655456543,10.0,49.0,4270.0,0.47346433997154236,0.9999991059303284,0.0009999992892215893,0.001,False,128.0,128.0,,
train,,,,,,,339.77980518341064,10.0,50.0,4271.0,0.4329092502593994,0.9999990463256836,0.0009114445167875083,0.001,False,128.0,128.0,,
train,,,,,,,339.86403608322144,10.0,51.0,4272.0,0.42350274324417114,0.911445140838623,0.0008215651710707566,0.001,False,128.0,128.0,,
train,,,,,,,339.9523768424988,10.0,52.0,4273.0,0.48511335253715515,0.8215662240982056,0.0009999994155372957,0.001,False,128.0,128.0,,
train,,,,,,,340.02667689323425,10.0,53.0,4274.0,0.4667738676071167,0.9999992251396179,0.0008980953520414249,0.001,False,128.0,128.0,,
train,,,,,,,340.11207151412964,10.0,54.0,4275.0,0.4733050465583801,0.8980940580368042,0.0009999963493168534,0.001,False,128.0,128.0,,
train,,,,,,,340.19581389427185,10.0,55.0,4276.0,0.46309590339660645,0.9999990463256836,0.0009275508405436506,0.001,False,128.0,128.0,,
train,,,,,,,340.2779462337494,10.0,56.0,4277.0,0.5743663311004639,0.9275481700897217,0.000999999031732898,0.001,False,128.0,128.0,,
train,,,,,,,340.36597084999084,10.0,57.0,4278.0,0.4800165593624115,0.9999992251396179,0.0008842243010814883,0.001,False,128.0,128.0,,
train,,,,,,,340.4431869983673,10.0,58.0,4279.0,0.45695960521698,0.8842241764068604,0.001000000154612922,0.001,False,128.0,128.0,,
train,,,,,,,340.5275218486786,10.0,59.0,4280.0,0.550076425075531,0.9999992847442627,0.0010000006846331716,0.001,False,128.0,128.0,,
train,,,,,,,340.6016504764557,10.0,60.0,4281.0,0.35565316677093506,0.9999991059303284,0.0009793943029476958,0.001,False,128.0,128.0,,
train,,,,,,,340.68447947502136,10.0,61.0,4282.0,0.4443928003311157,0.9793933629989624,0.0010000009667406092,0.001,False,128.0,128.0,,
train,,,,,,,340.8136351108551,10.0,62.0,4283.0,0.43548715114593506,0.9999992251396179,0.0010000008327923219,0.001,False,128.0,128.0,,
train,,,,,,,340.9135766029358,10.0,63.0,4284.0,0.35797396302223206,0.9999991655349731,0.0008665040431663789,0.001,False,128.0,128.0,,
train,,,,,,,340.9943354129791,10.0,64.0,4285.0,0.4567311704158783,0.866503119468689,0.0009999988831849026,0.001,False,128.0,128.0,,
train,,,,,,,341.08802485466003,10.0,65.0,4286.0,0.4763576090335846,0.9999991655349731,0.0009999980518486278,0.001,False,128.0,128.0,,
train,,,,,,,341.1767373085022,10.0,66.0,4287.0,0.4628461003303528,0.9999991655349731,0.0009521547320267277,0.001,False,128.0,128.0,,
train,,,,,,,341.26422214508057,10.0,67.0,4288.0,0.49207690358161926,0.9521557092666626,0.0009999982609040087,0.001,False,128.0,128.0,,
train,,,,,,,341.3493552207947,10.0,68.0,4289.0,0.5317164659500122,0.9999990463256836,0.0009999966584595353,0.001,False,128.0,128.0,,
train,,,,,,,341.4624927043915,10.0,69.0,4290.0,0.5396728515625,0.9999992251396179,0.0010000016492770765,0.001,False,128.0,128.0,,
train,,,,,,,341.5473916530609,10.0,70.0,4291.0,0.4851560592651367,0.9999991655349731,0.0009318958009087419,0.001,False,128.0,128.0,,
train,,,,,,,341.63361144065857,10.0,71.0,4292.0,0.36775410175323486,0.9318951964378357,0.0007931081994874066,0.001,False,128.0,128.0,,
train,,,,,,,341.72574949264526,10.0,72.0,4293.0,0.5273181200027466,0.7931087017059326,0.0009583956316442078,0.001,False,128.0,128.0,,
train,,,,,,,341.81625962257385,10.0,73.0,4294.0,0.5612793564796448,0.9583961963653564,0.000999997756917263,0.001,False,128.0,128.0,,
train,,,,,,,341.8943946361542,10.0,74.0,4295.0,0.44683706760406494,0.9999989867210388,0.0008856790929952558,0.001,False,128.0,128.0,,
train,,,,,,,341.9885256290436,10.0,75.0,4296.0,0.4337971806526184,0.88567715883255,0.0009685193073051117,0.001,False,128.0,128.0,,
train,,,,,,,342.0686182975769,10.0,76.0,4297.0,0.5632456541061401,0.9685213565826416,0.0010000019379623006,0.001,False,128.0,128.0,,
train,,,,,,,342.15662574768066,10.0,77.0,4298.0,0.30778804421424866,0.9999991059303284,0.0009117531400946557,0.001,False,128.0,128.0,,
train,,,,,,,342.25026273727417,10.0,78.0,4299.0,0.5027028322219849,0.9117514491081238,0.0009999993112872873,0.001,False,128.0,128.0,,
train,,,,,,,342.32997274398804,10.0,79.0,4300.0,0.40549612045288086,0.9999991059303284,0.0007718389984901251,0.001,False,128.0,128.0,,
train,,,,,,,342.41871905326843,10.0,80.0,4301.0,0.432539165019989,0.7718373537063599,0.0008783254090825116,0.001,False,128.0,128.0,,
train,,,,,,,342.5003366470337,10.0,81.0,4302.0,0.4263697862625122,0.878325879573822,0.000867296181428768,0.001,False,128.0,128.0,,
train,,,,,,,342.5945494174957,10.0,82.0,4303.0,0.3933905363082886,0.8672949075698853,0.0008168797529885495,0.001,False,128.0,128.0,,
train,,,,,,,342.6880667209625,10.0,83.0,4304.0,0.5055088400840759,0.8168809413909912,0.0009861456606264452,0.001,False,128.0,128.0,,
train,,,,,,,342.7640280723572,10.0,84.0,4305.0,0.39197275042533875,0.9861459136009216,0.0009046208049361011,0.001,False,128.0,128.0,,
train,,,,,,,342.8502039909363,10.0,85.0,4306.0,0.4390321969985962,0.9046191573143005,0.0008859308686946482,0.001,False,128.0,128.0,,
train,,,,,,,342.9302136898041,10.0,86.0,4307.0,0.413404643535614,0.8859307765960693,0.0009999987943114463,0.001,False,128.0,128.0,,
train,,,,,,,343.01263093948364,10.0,87.0,4308.0,0.44098877906799316,0.9999990463256836,0.001000001026192993,0.001,False,128.0,128.0,,
train,,,,,,,343.09275460243225,10.0,88.0,4309.0,0.45722007751464844,0.9999991655349731,0.0009244469315679799,0.001,False,128.0,128.0,,
train,,,,,,,343.1774034500122,10.0,89.0,4310.0,0.3868679404258728,0.9244459271430969,0.0007839997433230448,0.001,False,128.0,128.0,,
train,,,,,,,343.2666902542114,10.0,90.0,4311.0,0.4394862651824951,0.7839983701705933,0.0010000005062204378,0.001,False,128.0,128.0,,
train,,,,,,,343.35027027130127,10.0,91.0,4312.0,0.41845741868019104,0.9999991655349731,0.0009999986034083487,0.001,False,128.0,128.0,,
train,,,,,,,343.43784284591675,10.0,92.0,4313.0,0.4330396056175232,0.9999990463256836,0.0009999995965592494,0.001,False,128.0,128.0,,
train,,,,,,,343.5255055427551,10.0,93.0,4314.0,0.5250654220581055,0.9999991059303284,0.0010000004023313655,0.001,False,128.0,128.0,,
train,,,,,,,343.6092677116394,10.0,94.0,4315.0,0.44537627696990967,0.9999992847442627,0.0009071881815982479,0.001,False,128.0,128.0,,
train,,,,,,,343.6961040496826,10.0,95.0,4316.0,0.5419226884841919,0.9071884751319885,0.0008984825081609087,0.001,False,128.0,128.0,,
train,,,,,,,343.78549098968506,10.0,96.0,4317.0,0.4386552572250366,0.8984843492507935,0.000999998075718469,0.001,False,128.0,128.0,,
train,,,,,,,343.8925006389618,10.0,97.0,4318.0,0.5033506155014038,0.9999990463256836,0.0010000020840396013,0.001,False,128.0,128.0,,
train,,,,,,,343.98403429985046,10.0,98.0,4319.0,0.49420881271362305,0.9999991059303284,0.0009535934063044184,0.001,False,128.0,128.0,,
train,,,,,,,344.0682668685913,10.0,99.0,4320.0,0.48083949089050293,0.9535939693450928,0.0010000022542086663,0.001,False,128.0,128.0,,
train,,,,,,,344.15404176712036,10.0,100.0,4321.0,0.3940533399581909,0.9999991059303284,0.0009999995742160017,0.001,False,128.0,128.0,,
train,,,,,,,344.23668360710144,10.0,101.0,4322.0,0.39251190423965454,0.9999990463256836,0.0007376610518667555,0.001,False,128.0,128.0,,
train,,,,,,,344.3230884075165,10.0,102.0,4323.0,0.5354424715042114,0.7376604676246643,0.0009999988900405374,0.001,False,128.0,128.0,,
train,,,,,,,344.4084486961365,10.0,103.0,4324.0,0.5003317594528198,0.9999991655349731,0.0009774386897786552,0.001,False,128.0,128.0,,
train,,,,,,,344.49034881591797,10.0,104.0,4325.0,0.3939489722251892,0.9774357080459595,0.0009235674732416543,0.001,False,128.0,128.0,,
train,,,,,,,344.57717084884644,10.0,105.0,4326.0,0.48538315296173096,0.9235655069351196,0.0010000003979182307,0.001,False,128.0,128.0,,
train,,,,,,,344.6541931629181,10.0,106.0,4327.0,0.4133722186088562,0.9999991655349731,0.0008932713310720238,0.001,False,128.0,128.0,,
train,,,,,,,344.7564105987549,10.0,107.0,4328.0,0.4058144986629486,0.8932712078094482,0.0008581281654061081,0.001,False,128.0,128.0,,
train,,,,,,,344.84797716140747,10.0,108.0,4329.0,0.44312602281570435,0.8581270575523376,0.0009411572195598901,0.001,False,128.0,128.0,,
train,,,,,,,344.9355220794678,10.0,109.0,4330.0,0.4236910939216614,0.9411578178405762,0.0009786478732767524,0.001,False,128.0,128.0,,
train,,,,,,,345.01685643196106,10.0,110.0,4331.0,0.48398852348327637,0.9786473512649536,0.0008714234393601911,0.001,False,128.0,128.0,,
train,,,,,,,345.0942106246948,10.0,111.0,4332.0,0.34854835271835327,0.8714231252670288,0.0006829447173001193,0.001,False,128.0,128.0,,
train,,,,,,,345.18245220184326,10.0,112.0,4333.0,0.36173415184020996,0.6829436421394348,0.00086295847107933,0.001,False,128.0,128.0,,
train,,,,,,,345.25818848609924,10.0,113.0,4334.0,0.4321722984313965,0.862960696220398,0.0008752706684215775,0.001,False,128.0,128.0,,
train,,,,,,,345.3458762168884,10.0,114.0,4335.0,0.46844351291656494,0.8752707839012146,0.0009999970796517141,0.001,False,128.0,128.0,,
train,,,,,,,345.4242889881134,10.0,115.0,4336.0,0.3598460555076599,0.9999991059303284,0.0009999995650289023,0.001,False,128.0,128.0,,
train,,,,,,,345.4976980686188,10.0,116.0,4337.0,0.4314342439174652,0.9999990463256836,0.0010000001437882491,0.001,False,128.0,128.0,,
train,,,,,,,345.57553029060364,10.0,117.0,4338.0,0.4995165169239044,0.9999990463256836,0.0009999960025373655,0.001,False,128.0,128.0,,
train,,,,,,,345.65440225601196,10.0,118.0,4339.0,0.3484358489513397,0.9999990463256836,0.001000000473135808,0.001,False,128.0,128.0,,
train,,,,,,,345.7355422973633,10.0,119.0,4340.0,0.4076540470123291,0.9999989867210388,0.0007893100079764076,0.001,False,128.0,128.0,,
train,,,,,,,345.82100892066956,10.0,120.0,4341.0,0.5124243497848511,0.7893109321594238,0.0009999972535963994,0.001,False,128.0,128.0,,
train,,,,,,,345.89857006073,10.0,121.0,4342.0,0.5038104057312012,0.9999990463256836,0.0009999986084876262,0.001,False,128.0,128.0,,
train,,,,,,,345.97331190109253,10.0,122.0,4343.0,0.48985201120376587,0.9999991059303284,0.0009754466557900195,0.001,False,128.0,128.0,,
train,,,,,,,346.05448746681213,10.0,123.0,4344.0,0.48586609959602356,0.9754440188407898,0.0009999986433209215,0.001,False,128.0,128.0,,
train,,,,,,,346.13017892837524,10.0,124.0,4345.0,0.4300873279571533,0.9999991655349731,0.0008421227606576502,0.001,False,128.0,128.0,,
train,,,,,,,346.2105851173401,10.0,125.0,4346.0,0.4203141927719116,0.8421213626861572,0.0009999993983843397,0.001,False,128.0,128.0,,
train,,,,,,,346.2870137691498,10.0,126.0,4347.0,0.4638400673866272,0.9999989867210388,0.0010000006905173495,0.001,False,128.0,128.0,,
train,,,,,,,346.37055110931396,10.0,127.0,4348.0,0.4119378626346588,0.9999991059303284,0.000999999102509682,0.001,False,128.0,128.0,,
train,,,,,,,346.4439890384674,10.0,128.0,4349.0,0.4110207259654999,0.9999990463256836,0.0009142286168834479,0.001,False,128.0,128.0,,
train,,,,,,,346.53209400177,10.0,129.0,4350.0,0.4596998691558838,0.9142270684242249,0.0009999980798818134,0.001,False,128.0,128.0,,
train,,,,,,,346.61220121383667,10.0,130.0,4351.0,0.4707967936992645,0.9999989867210388,0.0008842527635417772,0.001,False,128.0,128.0,,
train,,,,,,,346.69876170158386,10.0,131.0,4352.0,0.4955604076385498,0.8842516541481018,0.0010000007917696143,0.001,False,128.0,128.0,,
train,,,,,,,346.78645753860474,10.0,132.0,4353.0,0.4430370032787323,0.9999991059303284,0.0009787455720389755,0.001,False,128.0,128.0,,
train,,,,,,,346.8652923107147,10.0,133.0,4354.0,0.4820985496044159,0.9787453413009644,0.0009180149407378876,0.001,False,128.0,128.0,,
train,,,,,,,346.9465239048004,10.0,134.0,4355.0,0.5053950548171997,0.9180155396461487,0.0010000011084326757,0.001,False,128.0,128.0,,
train,,,,,,,347.0423903465271,10.0,135.0,4356.0,0.42314428091049194,0.9999991059303284,0.0009448282073615701,0.001,False,128.0,128.0,,
train,,,,,,,347.1459639072418,10.0,136.0,4357.0,0.47856831550598145,0.9448269009590149,0.0009458971064069044,0.001,False,128.0,128.0,,
train,,,,,,,347.24626064300537,10.0,137.0,4358.0,0.40125906467437744,0.9458982348442078,0.0009177877963279052,0.001,False,128.0,128.0,,
train,,,,,,,347.3208770751953,10.0,138.0,4359.0,0.568164050579071,0.9177866578102112,0.0009999974475528755,0.001,False,128.0,128.0,,
train,,,,,,,347.4160666465759,10.0,139.0,4360.0,0.451663076877594,0.9999991059303284,0.0009999989917093186,0.001,False,128.0,128.0,,
train,,,,,,,347.5002977848053,10.0,140.0,4361.0,0.5888572931289673,0.9999990463256836,0.0010000003364674089,0.001,False,128.0,128.0,,
train,,,,,,,347.57911491394043,10.0,141.0,4362.0,0.5246483683586121,0.9999991655349731,0.0009333075378491292,0.001,False,128.0,128.0,,
train,,,,,,,347.66122460365295,10.0,142.0,4363.0,0.40146976709365845,0.9333087801933289,0.0009999967645139387,0.001,False,128.0,128.0,,
train,,,,,,,347.7396638393402,10.0,143.0,4364.0,0.4562913179397583,0.9999992251396179,0.0009999984751218908,0.001,False,128.0,128.0,,
train,,,,,,,347.82046818733215,10.0,144.0,4365.0,0.5669522285461426,0.9999991059303284,0.0009999982970973415,0.001,False,128.0,128.0,,
train,,,,,,,347.8986577987671,10.0,145.0,4366.0,0.36348289251327515,0.9999991655349731,0.0009999997825494193,0.001,False,128.0,128.0,,
train,,,,,,,347.9960310459137,10.0,146.0,4367.0,0.39429771900177,0.9999991655349731,0.0008448518412409959,0.001,False,128.0,128.0,,
train,,,,,,,348.0882909297943,10.0,147.0,4368.0,0.4063408374786377,0.8448513150215149,0.0008843445424216908,0.001,False,128.0,128.0,,
train,,,,,,,348.1645224094391,10.0,148.0,4369.0,0.37875911593437195,0.884343683719635,0.0008043458626832418,0.001,False,128.0,128.0,,
train,,,,,,,348.26129055023193,10.0,149.0,4370.0,0.4114167094230652,0.8043454885482788,0.0008843954705146082,0.001,False,128.0,128.0,,
train,,,,,,,348.34105587005615,10.0,150.0,4371.0,0.5425131320953369,0.8843929767608643,0.0009570025078156242,0.001,False,128.0,128.0,,
train,,,,,,,348.43194484710693,10.0,151.0,4372.0,0.44509994983673096,0.9570043087005615,0.000999999217861951,0.001,False,128.0,128.0,,
train,,,,,,,348.52899289131165,10.0,152.0,4373.0,0.43411335349082947,0.9999992251396179,0.0008345132786799948,0.001,False,128.0,128.0,,
train,,,,,,,348.61941146850586,10.0,153.0,4374.0,0.42959117889404297,0.8345143795013428,0.0010000023068886287,0.001,False,128.0,128.0,,
train,,,,,,,348.71106243133545,10.0,154.0,4375.0,0.4603581428527832,0.9999992251396179,0.0009380355601311164,0.001,False,128.0,128.0,,
train,,,,,,,348.798100233078,10.0,155.0,4376.0,0.37943145632743835,0.9380365610122681,0.0008741112474981395,0.001,False,128.0,128.0,,
train,,,,,,,348.8831374645233,10.0,156.0,4377.0,0.5221099853515625,0.8741103410720825,0.0010000003669985312,0.001,False,128.0,128.0,,
train,,,,,,,348.9695966243744,10.0,157.0,4378.0,0.40221935510635376,0.9999992847442627,0.0009783792090929634,0.001,False,128.0,128.0,,
train,,,,,,,349.0531780719757,10.0,158.0,4379.0,0.4225175380706787,0.9783787727355957,0.0009999970358532868,0.001,False,128.0,128.0,,
train,,,,,,,349.1479260921478,10.0,159.0,4380.0,0.4755662679672241,0.9999989867210388,0.0009999990598215675,0.001,False,128.0,128.0,,
train,,,,,,,349.23092889785767,10.0,160.0,4381.0,0.39198338985443115,0.9999990463256836,0.0009695120715069907,0.001,False,128.0,128.0,,
train,,,,,,,349.33348965644836,10.0,161.0,4382.0,0.5112658739089966,0.969511866569519,0.000999998632718277,0.001,False,128.0,128.0,,
train,,,,,,,349.4233465194702,10.0,162.0,4383.0,0.4969433546066284,0.9999992251396179,0.0009999995239506315,0.001,False,128.0,128.0,,
train,,,,,,,349.5055720806122,10.0,163.0,4384.0,0.4414748549461365,0.9999991655349731,0.0009471809119120662,0.001,False,128.0,128.0,,
train,,,,,,,349.59941816329956,10.0,164.0,4385.0,0.4924341142177582,0.9471815228462219,0.000999996016748277,0.001,False,128.0,128.0,,
train,,,,,,,349.71111512184143,10.0,165.0,4386.0,0.44109565019607544,0.9999990463256836,0.0009999987748825197,0.001,False,128.0,128.0,,
train,,,,,,,349.79111194610596,10.0,166.0,4387.0,0.512392520904541,0.9999992847442627,0.000999999007141434,0.001,False,128.0,128.0,,
train,,,,,,,349.879150390625,10.0,167.0,4388.0,0.44626909494400024,0.9999991655349731,0.0009999976029289725,0.001,False,128.0,128.0,,
train,,,,,,,349.967276096344,10.0,168.0,4389.0,0.44161257147789,0.9999991655349731,0.0008501619056908047,0.001,False,128.0,128.0,,
train,,,,,,,350.05952405929565,10.0,169.0,4390.0,0.4652822017669678,0.8501620292663574,0.0008498451937075228,0.001,False,128.0,128.0,,
train,,,,,,,350.1601197719574,10.0,170.0,4391.0,0.5127708911895752,0.8498452305793762,0.0009250238402716739,0.001,False,128.0,128.0,,
train,,,,,,,350.2703764438629,10.0,171.0,4392.0,0.36029210686683655,0.9250227212905884,0.0009489013757165872,0.001,False,128.0,128.0,,
train,,,,,,,350.3573079109192,10.0,172.0,4393.0,0.46820729970932007,0.9489009976387024,0.0009661006940054902,0.001,False,128.0,128.0,,
train,,,,,,,350.4583773612976,10.0,173.0,4394.0,0.4338245987892151,0.9660993218421936,0.0008379816797985437,0.001,False,128.0,128.0,,
train,,,,,,,350.53623247146606,10.0,174.0,4395.0,0.45570483803749084,0.8379818797111511,0.000999997568872799,0.001,False,128.0,128.0,,
train,,,,,,,350.63913774490356,10.0,175.0,4396.0,0.5437926054000854,0.9999990463256836,0.0009999988683634085,0.001,False,128.0,128.0,,
train,,,,,,,350.72376894950867,10.0,176.0,4397.0,0.4440705180168152,0.9999991059303284,0.0009795440797483806,0.001,False,128.0,128.0,,
train,,,,,,,350.80359506607056,10.0,177.0,4398.0,0.4433180093765259,0.9795443415641785,0.0009999999033694588,0.001,False,128.0,128.0,,
train,,,,,,,350.9147746562958,10.0,178.0,4399.0,0.5190441608428955,0.9999990463256836,0.0009999992392337607,0.001,False,128.0,128.0,,
train,,,,,,,351.0121650695801,10.0,179.0,4400.0,0.44725754857063293,0.9999991059303284,0.000872827882595073,0.001,False,128.0,128.0,,
train,,,,,,,351.0912923812866,10.0,180.0,4401.0,0.6369218826293945,0.8728277683258057,0.0009999979809329914,0.001,False,128.0,128.0,,
train,,,,,,,351.1837294101715,10.0,181.0,4402.0,0.45033538341522217,0.9999991655349731,0.0007985187941429829,0.001,False,128.0,128.0,,
train,,,,,,,351.28705883026123,10.0,182.0,4403.0,0.4923956096172333,0.7985202074050903,0.0009943016235649791,0.001,False,128.0,128.0,,
train,,,,,,,351.368572473526,10.0,183.0,4404.0,0.5236575603485107,0.9943025708198547,0.00099999956044923,0.001,False,128.0,128.0,,
train,,,,,,,351.45587396621704,10.0,184.0,4405.0,0.3624153137207031,0.9999991059303284,0.0009654071064837828,0.001,False,128.0,128.0,,
train,,,,,,,351.5387508869171,10.0,185.0,4406.0,0.4022461473941803,0.9654079675674438,0.0008861746870747806,0.001,False,128.0,128.0,,
train,,,,,,,351.62544894218445,10.0,186.0,4407.0,0.5058878660202026,0.8861753344535828,0.0010000030806842368,0.001,False,128.0,128.0,,
train,,,,,,,351.70575737953186,10.0,187.0,4408.0,0.34127962589263916,0.9999991059303284,0.0009999991122241422,0.001,False,128.0,128.0,,
train,,,,,,,351.78291034698486,10.0,188.0,4409.0,0.4262027144432068,0.9999990463256836,0.0009999975878299029,0.001,False,128.0,128.0,,
train,,,,,,,351.8787534236908,10.0,189.0,4410.0,0.4607621431350708,0.9999991655349731,0.0009999991173311725,0.001,False,128.0,128.0,,
train,,,,,,,351.96901059150696,10.0,190.0,4411.0,0.4336841106414795,0.9999992251396179,0.0009057612383320215,0.001,False,128.0,128.0,,
train,,,,,,,352.05695509910583,10.0,191.0,4412.0,0.40141087770462036,0.9057623147964478,0.000943627340590314,0.001,False,128.0,128.0,,
train,,,,,,,352.14624762535095,10.0,192.0,4413.0,0.4159719944000244,0.943625271320343,0.0009917392292648319,0.001,False,128.0,128.0,,
train,,,,,,,352.236430644989,10.0,193.0,4414.0,0.41862159967422485,0.9917413592338562,0.0010000002178956226,0.001,False,128.0,128.0,,
train,,,,,,,352.3390829563141,10.0,194.0,4415.0,0.4571748375892639,0.9999991655349731,0.0009999996197629197,0.001,False,128.0,128.0,,
train,,,,,,,352.43150520324707,10.0,195.0,4416.0,0.47114402055740356,0.9999991059303284,0.000896111571558188,0.001,False,128.0,128.0,,
train,,,,,,,352.504478931427,10.0,196.0,4417.0,0.4445348381996155,0.8961102962493896,0.0009999990448890535,0.001,False,128.0,128.0,,
train,,,,,,,352.5873119831085,10.0,197.0,4418.0,0.6269423961639404,0.9999991655349731,0.000999998990488072,0.001,False,128.0,128.0,,
train,,,,,,,352.6660680770874,10.0,198.0,4419.0,0.4119756817817688,0.9999991655349731,0.0008183783859436474,0.001,False,128.0,128.0,,
train,,,,,,,352.7471492290497,10.0,199.0,4420.0,0.5407085418701172,0.8183778524398804,0.000999996630676111,0.001,False,128.0,128.0,,
train,,,,,,,352.8306245803833,10.0,200.0,4421.0,0.5691196918487549,0.9999991655349731,0.0009617476671601339,0.001,False,128.0,128.0,,
train,,,,,,,352.90847516059875,10.0,201.0,4422.0,0.4478169083595276,0.9617482423782349,0.0009073077319615701,0.001,False,128.0,128.0,,
train,,,,,,,352.9830479621887,10.0,202.0,4423.0,0.4976235330104828,0.907306969165802,0.0009658785940081189,0.001,False,128.0,128.0,,
train,,,,,,,353.05970549583435,10.0,203.0,4424.0,0.4727816581726074,0.9658789038658142,0.0008929032881683568,0.001,False,128.0,128.0,,
train,,,,,,,353.15071082115173,10.0,204.0,4425.0,0.49916934967041016,0.8929036855697632,0.0009999991498052241,0.001,False,128.0,128.0,,
train,,,,,,,353.242112159729,10.0,205.0,4426.0,0.44830769300460815,0.9999990463256836,0.0009948221260278837,0.001,False,128.0,128.0,,
train,,,,,,,353.32064867019653,10.0,206.0,4427.0,0.4594050645828247,0.9948230385780334,0.0008505097059133066,0.001,False,128.0,128.0,,
train,,,,,,,353.4031181335449,10.0,207.0,4428.0,0.523414134979248,0.8505089282989502,0.0009999989325898812,0.001,False,128.0,128.0,,
train,,,,,,,353.48494362831116,10.0,208.0,4429.0,0.40224361419677734,0.9999992847442627,0.0009064321008715646,0.001,False,128.0,128.0,,
train,,,,,,,353.57647013664246,10.0,209.0,4430.0,0.4084707200527191,0.9064337015151978,0.0009999989946514124,0.001,False,128.0,128.0,,
train,,,,,,,353.667676448822,10.0,210.0,4431.0,0.4562593698501587,0.9999990463256836,0.0010000000457000542,0.001,False,128.0,128.0,,
train,,,,,,,353.7674479484558,10.0,211.0,4432.0,0.4825107455253601,0.9999990463256836,0.0009826661140470093,0.001,False,128.0,128.0,,
train,,,,,,,353.90582942962646,10.0,212.0,4433.0,0.3832674026489258,0.9826661944389343,0.0008975738617258672,0.001,False,128.0,128.0,,
train,,,,,,,354.0410144329071,10.0,213.0,4434.0,0.45496684312820435,0.8975739479064941,0.0010000009976602901,0.001,False,128.0,128.0,,
train,,,,,,,354.2652690410614,10.0,214.0,4435.0,0.5245065689086914,0.9999991059303284,0.0009999982607097192,0.001,False,128.0,128.0,,
train,,,,,,,354.45568799972534,10.0,215.0,4436.0,0.3490959107875824,0.9999989867210388,0.0010000005720566276,0.001,False,128.0,128.0,,
train,,,,,,,354.6129562854767,10.0,216.0,4437.0,0.4694163203239441,0.9999992847442627,0.0009466481582499802,0.001,False,128.0,128.0,,
train,,,,,,,354.8822331428528,10.0,217.0,4438.0,0.44673413038253784,0.9466498494148254,0.0009021262768171872,0.001,False,128.0,128.0,,
train,,,,,,,355.05523681640625,10.0,218.0,4439.0,0.4660990238189697,0.9021257162094116,0.000999999885383844,0.001,False,128.0,128.0,,
train,,,,,,,355.1651117801666,10.0,219.0,4440.0,0.4108649790287018,0.9999991655349731,0.0009999978133167177,0.001,False,128.0,128.0,,
train,,,,,,,355.2795059680939,10.0,220.0,4441.0,0.5649199485778809,0.9999991655349731,0.0009999996171538945,0.001,False,128.0,128.0,,
train,,,,,,,355.3765890598297,10.0,221.0,4442.0,0.37413766980171204,0.9999991655349731,0.0008686863439471496,0.001,False,128.0,128.0,,
train,,,,,,,355.45499086380005,10.0,222.0,4443.0,0.3763883411884308,0.8686882853507996,0.0008961143544782176,0.001,False,128.0,128.0,,
train,,,,,,,355.54505729675293,10.0,223.0,4444.0,0.42226725816726685,0.8961141109466553,0.0008244813247853928,0.001,False,128.0,128.0,,
train,,,,,,,355.6265618801117,10.0,224.0,4445.0,0.42051365971565247,0.8244802951812744,0.0010000009091755994,0.001,False,128.0,128.0,,
train,,,,,,,355.70819091796875,10.0,225.0,4446.0,0.4616283178329468,0.9999990463256836,0.0009999985110654155,0.001,False,128.0,128.0,,
train,,,,,,,355.7927052974701,10.0,226.0,4447.0,0.39924439787864685,0.9999990463256836,0.000814171044542091,0.001,False,128.0,128.0,,
train,,,,,,,355.88357734680176,10.0,227.0,4448.0,0.4177549481391907,0.8141706585884094,0.0010000011326632662,0.001,False,128.0,128.0,,
train,,,,,,,355.98724484443665,10.0,228.0,4449.0,0.5385310649871826,0.9999990463256836,0.0010000007478603275,0.001,False,128.0,128.0,,
train,,,,,,,356.0844233036041,10.0,229.0,4450.0,0.34630486369132996,0.9999991059303284,0.000999999180391894,0.001,False,128.0,128.0,,
train,,,,,,,356.1677794456482,10.0,230.0,4451.0,0.3217012882232666,0.9999990463256836,0.0008698455032200972,0.001,False,128.0,128.0,,
train,,,,,,,356.2767436504364,10.0,231.0,4452.0,0.4513148367404938,0.8698432445526123,0.0009283863814240366,0.001,False,128.0,128.0,,
train,,,,,,,356.36141896247864,10.0,232.0,4453.0,0.3678237199783325,0.9283846616744995,0.0008563391642988112,0.001,False,128.0,128.0,,
train,,,,,,,356.43465089797974,10.0,233.0,4454.0,0.41242238879203796,0.8563399314880371,0.0008592570234600331,0.001,False,128.0,128.0,,
train,,,,,,,356.51747155189514,10.0,234.0,4455.0,0.4643647074699402,0.8592560291290283,0.0009589724619175365,0.001,False,128.0,128.0,,
train,,,,,,,356.59478855133057,10.0,235.0,4456.0,0.5238964557647705,0.9589729309082031,0.0009999975793366764,0.001,False,128.0,128.0,,
train,,,,,,,356.6851005554199,10.0,236.0,4457.0,0.5308773517608643,0.9999992251396179,0.0009999981819670113,0.001,False,128.0,128.0,,
train,,,,,,,356.78322863578796,10.0,237.0,4458.0,0.3280545771121979,0.9999991655349731,0.0008255559353610291,0.001,False,128.0,128.0,,
train,,,,,,,356.87091064453125,10.0,238.0,4459.0,0.47720661759376526,0.825554370880127,0.000999999873448945,0.001,False,128.0,128.0,,
train,,,,,,,356.95863103866577,10.0,239.0,4460.0,0.444598913192749,0.9999990463256836,0.0009188809618984172,0.001,False,128.0,128.0,,
train,,,,,,,357.03745889663696,10.0,240.0,4461.0,0.43393704295158386,0.9188797473907471,0.0008883911098838313,0.001,False,128.0,128.0,,
train,,,,,,,357.13329219818115,10.0,241.0,4462.0,0.5033061504364014,0.88839191198349,0.0009347624024792809,0.001,False,128.0,128.0,,
train,,,,,,,357.21476316452026,10.0,242.0,4463.0,0.45713570713996887,0.9347620606422424,0.0009999980548462358,0.001,False,128.0,128.0,,
train,,,,,,,357.2938094139099,10.0,243.0,4464.0,0.39989611506462097,0.9999991655349731,0.0009999998095000886,0.001,False,128.0,128.0,,
train,,,,,,,357.3739187717438,10.0,244.0,4465.0,0.5374417304992676,0.9999991059303284,0.0010000000216637266,0.001,False,128.0,128.0,,
train,,,,,,,357.4593012332916,10.0,245.0,4466.0,0.4402933716773987,0.9999991655349731,0.001000000121889103,0.001,False,128.0,128.0,,
train,,,,,,,357.5498626232147,10.0,246.0,4467.0,0.40116381645202637,0.9999991655349731,0.0008548980919313308,0.001,False,128.0,128.0,,
train,,,,,,,357.6285138130188,10.0,247.0,4468.0,0.48492079973220825,0.8548972010612488,0.0009999993469254702,0.001,False,128.0,128.0,,
train,,,,,,,357.71002435684204,10.0,248.0,4469.0,0.5684089660644531,0.9999992251396179,0.00099999664868954,0.001,False,128.0,128.0,,
train,,,,,,,357.78357672691345,10.0,249.0,4470.0,0.5017492771148682,0.9999990463256836,0.0009999981365032948,0.001,False,128.0,128.0,,
train,,,,,,,357.86025166511536,10.0,250.0,4471.0,0.47936490178108215,0.9999991655349731,0.0009070021487004869,0.001,False,128.0,128.0,,
train,,,,,,,357.9444487094879,10.0,251.0,4472.0,0.4389992952346802,0.9070026874542236,0.0008781626968166234,0.001,False,128.0,128.0,,
train,,,,,,,358.02995586395264,10.0,252.0,4473.0,0.5129307508468628,0.8781619668006897,0.0010000005840886627,0.001,False,128.0,128.0,,
train,,,,,,,358.11501598358154,10.0,253.0,4474.0,0.4572190046310425,0.9999991059303284,0.000972622315815016,0.001,False,128.0,128.0,,
train,,,,,,,358.1941087245941,10.0,254.0,4475.0,0.48980751633644104,0.9726223349571228,0.0009457412374173149,0.001,False,128.0,128.0,,
train,,,,,,,358.28016448020935,10.0,255.0,4476.0,0.3691868782043457,0.9457405209541321,0.0009575094762288692,0.001,False,128.0,128.0,,
train,,,,,,,358.39163398742676,10.0,256.0,4477.0,0.3784797191619873,0.9575086832046509,0.0009999989490211993,0.001,False,128.0,128.0,,
train,,,,,,,358.4870800971985,10.0,257.0,4478.0,0.532103419303894,0.9999990463256836,0.0009440230795625843,0.001,False,128.0,128.0,,
train,,,,,,,358.5750689506531,10.0,258.0,4479.0,0.4454202651977539,0.9440228939056396,0.0009829129853464143,0.001,False,128.0,128.0,,
train,,,,,,,358.65649223327637,10.0,259.0,4480.0,0.46928128600120544,0.9829128384590149,0.0009999981594849539,0.001,False,128.0,128.0,,
train,,,,,,,358.73211193084717,10.0,260.0,4481.0,0.5370816588401794,0.9999991059303284,0.0009618570778513954,0.001,False,128.0,128.0,,
train,,,,,,,358.80814719200134,10.0,261.0,4482.0,0.3233390748500824,0.9618582129478455,0.000999998248247444,0.001,False,128.0,128.0,,
train,,,,,,,358.892783164978,10.0,262.0,4483.0,0.2791634798049927,0.9999991059303284,0.0007938208437393882,0.001,False,128.0,128.0,,
train,,,,,,,358.98874855041504,10.0,263.0,4484.0,0.4475668668746948,0.793820858001709,0.0009999993343244307,0.001,False,128.0,128.0,,
train,,,,,,,359.07073974609375,10.0,264.0,4485.0,0.44119054079055786,0.9999991059303284,0.0009999974282349454,0.001,False,128.0,128.0,,
train,,,,,,,359.15877079963684,10.0,265.0,4486.0,0.4262855052947998,0.9999991059303284,0.0008747339538976834,0.001,False,128.0,128.0,,
train,,,,,,,359.2505507469177,10.0,266.0,4487.0,0.5514313578605652,0.8747317790985107,0.0009784780931232282,0.001,False,128.0,128.0,,
train,,,,,,,359.3343458175659,10.0,267.0,4488.0,0.4636281728744507,0.9784777760505676,0.000999997867218162,0.001,False,128.0,128.0,,
train,,,,,,,359.41753578186035,10.0,268.0,4489.0,0.4334830343723297,0.9999991059303284,0.0009896914058940558,0.001,False,128.0,128.0,,
train,,,,,,,359.4885241985321,10.0,269.0,4490.0,0.4599846601486206,0.9896912574768066,0.0009294917138163052,0.001,False,128.0,128.0,,
train,,,,,,,359.5632755756378,10.0,270.0,4491.0,0.44901782274246216,0.9294913411140442,0.000999999166708384,0.001,False,128.0,128.0,,
train,,,,,,,359.6354522705078,10.0,271.0,4492.0,0.438707172870636,0.9999992251396179,0.0008223389297542392,0.001,False,128.0,128.0,,
train,,,,,,,359.7179956436157,10.0,272.0,4493.0,0.4096900522708893,0.8223386406898499,0.000865382522187271,0.001,False,128.0,128.0,,
train,,,,,,,359.8034179210663,10.0,273.0,4494.0,0.47973212599754333,0.8653831481933594,0.00100000080709068,0.001,False,128.0,128.0,,
train,,,,,,,359.8823993206024,10.0,274.0,4495.0,0.45868945121765137,0.9999991059303284,0.0009314461237496501,0.001,False,128.0,128.0,,
train,,,,,,,359.9980640411377,10.0,275.0,4496.0,0.4650554656982422,0.9314454197883606,0.0009999965721949145,0.001,False,128.0,128.0,,
train,,,,,,,360.0813262462616,10.0,276.0,4497.0,0.37660759687423706,0.9999991059303284,0.0009618509561255565,0.001,False,128.0,128.0,,
train,,,,,,,360.16315746307373,10.0,277.0,4498.0,0.4183608591556549,0.961848795413971,0.0009999993248320175,0.001,False,128.0,128.0,,
train,,,,,,,360.2565495967865,10.0,278.0,4499.0,0.5235142707824707,0.9999991655349731,0.0009410389372119869,0.001,False,128.0,128.0,,
train,,,,,,,360.3351078033447,10.0,279.0,4500.0,0.5320214033126831,0.9410374164581299,0.0009040558673513465,0.001,False,128.0,128.0,,
train,,,,,,,360.41850328445435,10.0,280.0,4501.0,0.4827718436717987,0.9040549993515015,0.0009999996737197776,0.001,False,128.0,128.0,,
train,,,,,,,360.4940950870514,10.0,281.0,4502.0,0.36401522159576416,0.9999989867210388,0.0008024984327475687,0.001,False,128.0,128.0,,
train,,,,,,,360.5761036872864,10.0,282.0,4503.0,0.4703882038593292,0.8024976849555969,0.0009999992446738577,0.001,False,128.0,128.0,,
train,,,,,,,360.64937710762024,10.0,283.0,4504.0,0.41037848591804504,0.9999990463256836,0.0009999989376414014,0.001,False,128.0,128.0,,
train,,,,,,,360.728303194046,10.0,284.0,4505.0,0.5020959377288818,0.999998927116394,0.000899858174404565,0.001,False,128.0,128.0,,
train,,,,,,,360.8070013523102,10.0,285.0,4506.0,0.4570586681365967,0.8998575806617737,0.0010000007270991723,0.001,False,128.0,128.0,,
train,,,,,,,360.89996004104614,10.0,286.0,4507.0,0.5140008330345154,0.9999991655349731,0.001000000690683883,0.001,False,128.0,128.0,,
train,,,,,,,360.99073553085327,10.0,287.0,4508.0,0.410707950592041,0.9999991655349731,0.000971064004789667,0.001,False,128.0,128.0,,
train,,,,,,,361.0764534473419,10.0,288.0,4509.0,0.31908249855041504,0.9710627794265747,0.0007805501632354988,0.001,False,128.0,128.0,,
train,,,,,,,361.2044954299927,10.0,289.0,4510.0,0.39908504486083984,0.7805502414703369,0.0008224569228713925,0.001,False,128.0,128.0,,
train,,,,,,,361.292929649353,10.0,290.0,4511.0,0.46936196088790894,0.8224571347236633,0.0009999980594536703,0.001,False,128.0,128.0,,
train,,,,,,,361.3744421005249,10.0,291.0,4512.0,0.625429093837738,0.9999990463256836,0.0009999987004974831,0.001,False,128.0,128.0,,
train,,,,,,,361.46031379699707,10.0,292.0,4513.0,0.4824993908405304,0.9999992251396179,0.0010000008500007642,0.001,False,128.0,128.0,,
train,,,,,,,361.54672741889954,10.0,293.0,4514.0,0.3590605854988098,0.9999991059303284,0.0009999952091129945,0.001,False,128.0,128.0,,
train,,,,,,,361.6304564476013,10.0,294.0,4515.0,0.3258468508720398,0.9999990463256836,0.0009289198021648757,0.001,False,128.0,128.0,,
train,,,,,,,361.7222533226013,10.0,295.0,4516.0,0.40892577171325684,0.9289202094078064,0.000926395424751823,0.001,False,128.0,128.0,,
train,,,,,,,361.8023133277893,10.0,296.0,4517.0,0.37062495946884155,0.9263939261436462,0.0007610748170306954,0.001,False,128.0,128.0,,
train,,,,,,,361.89225006103516,10.0,297.0,4518.0,0.37569659948349,0.7610759735107422,0.0009380734353846413,0.001,False,128.0,128.0,,
train,,,,,,,361.9704146385193,10.0,298.0,4519.0,0.5277827978134155,0.9380730986595154,0.000999998202020451,0.001,False,128.0,128.0,,
train,,,,,,,362.0656771659851,10.0,299.0,4520.0,0.415404349565506,0.9999989867210388,0.0008788693793207023,0.001,False,128.0,128.0,,
train,,,,,,,362.15297961235046,10.0,300.0,4521.0,0.3640640377998352,0.8788684606552124,0.0009040226346856042,0.001,False,128.0,128.0,,
train,,,,,,,362.24371910095215,10.0,301.0,4522.0,0.41439366340637207,0.9040226936340332,0.0008574242738459367,0.001,False,128.0,128.0,,
train,,,,,,,362.32719564437866,10.0,302.0,4523.0,0.40646547079086304,0.8574233651161194,0.000937478162222036,0.001,False,128.0,128.0,,
train,,,,,,,362.40517568588257,10.0,303.0,4524.0,0.533978283405304,0.937477171421051,0.000999996927217636,0.001,False,128.0,128.0,,
train,,,,,,,362.4819118976593,10.0,304.0,4525.0,0.4106817841529846,0.9999989867210388,0.0009999981476610568,0.001,False,128.0,128.0,,
train,,,,,,,362.56417965888977,10.0,305.0,4526.0,0.4282333254814148,0.9999991655349731,0.0008630786971853717,0.001,False,128.0,128.0,,
train,,,,,,,362.6580595970154,10.0,306.0,4527.0,0.46907082200050354,0.8630774021148682,0.000913724741697144,0.001,False,128.0,128.0,,
train,,,,,,,362.7462227344513,10.0,307.0,4528.0,0.327982634305954,0.9137234091758728,0.0007537281372860766,0.001,False,128.0,128.0,,
train,,,,,,,362.8268938064575,10.0,308.0,4529.0,0.4242587685585022,0.7537283301353455,0.000869489686173676,0.001,False,128.0,128.0,,
train,,,,,,,362.916818857193,10.0,309.0,4530.0,0.2857608199119568,0.8694932460784912,0.0008118628954049239,0.001,False,128.0,128.0,,
train,,,,,,,363.00230407714844,10.0,310.0,4531.0,0.43287283182144165,0.811863899230957,0.0009597081101902456,0.001,False,128.0,128.0,,
train,,,,,,,363.0862469673157,10.0,311.0,4532.0,0.3968941569328308,0.9597083926200867,0.0009393659409617926,0.001,False,128.0,128.0,,
train,,,,,,,363.1723618507385,10.0,312.0,4533.0,0.34968870878219604,0.9393672943115234,0.0009540427386765418,0.001,False,128.0,128.0,,
train,,,,,,,363.2694938182831,10.0,313.0,4534.0,0.4383808672428131,0.9540445804595947,0.000970033046668357,0.001,False,128.0,128.0,,
train,,,,,,,363.3749315738678,10.0,314.0,4535.0,0.39976343512535095,0.9700328707695007,0.0008654164358391624,0.001,False,128.0,128.0,,
train,,,,,,,363.46291995048523,10.0,315.0,4536.0,0.5509505867958069,0.8654149174690247,0.0009999994535069446,0.001,False,128.0,128.0,,
train,,,,,,,363.54346203804016,10.0,316.0,4537.0,0.47379112243652344,0.9999992847442627,0.001000000192193965,0.001,False,128.0,128.0,,
train,,,,,,,363.63546085357666,10.0,317.0,4538.0,0.4235221743583679,0.9999989867210388,0.001000001143876506,0.001,False,128.0,128.0,,
train,,,,,,,363.7198061943054,10.0,318.0,4539.0,0.3386509418487549,0.9999990463256836,0.0009569791341774703,0.001,False,128.0,128.0,,
train,,,,,,,363.80433654785156,10.0,319.0,4540.0,0.3680889904499054,0.9569776058197021,0.0009548494994849906,0.001,False,128.0,128.0,,
train,,,,,,,363.8923771381378,10.0,320.0,4541.0,0.564699649810791,0.9548476934432983,0.0009161868586021866,0.001,False,128.0,128.0,,
train,,,,,,,363.97754645347595,10.0,321.0,4542.0,0.5115472078323364,0.9161846041679382,0.000999997905326648,0.001,False,128.0,128.0,,
train,,,,,,,364.07841515541077,10.0,322.0,4543.0,0.4254940450191498,0.9999991059303284,0.0009999985467313826,0.001,False,128.0,128.0,,
train,,,,,,,364.15866923332214,10.0,323.0,4544.0,0.5053074359893799,0.9999991059303284,0.0009664110409496442,0.001,False,128.0,128.0,,
train,,,,,,,364.2367923259735,10.0,324.0,4545.0,0.5481684803962708,0.9664101600646973,0.0009758721345251844,0.001,False,128.0,128.0,,
train,,,,,,,364.3193027973175,10.0,325.0,4546.0,0.39277735352516174,0.9758697748184204,0.0010000005167397955,0.001,False,128.0,128.0,,
train,,,,,,,364.3978855609894,10.0,326.0,4547.0,0.5180758237838745,0.9999992251396179,0.0010000005803832955,0.001,False,128.0,128.0,,
train,,,,,,,364.4786911010742,10.0,327.0,4548.0,0.3989681601524353,0.9999991655349731,0.0009474912437014891,0.001,False,128.0,128.0,,
train,,,,,,,364.5606105327606,10.0,328.0,4549.0,0.46252885460853577,0.947492778301239,0.0010000009453410808,0.001,False,128.0,128.0,,
train,,,,,,,364.64294600486755,10.0,329.0,4550.0,0.4973697066307068,0.9999990463256836,0.0009038092027659928,0.001,False,128.0,128.0,,
train,,,,,,,364.7199795246124,10.0,330.0,4551.0,0.4717743396759033,0.9038097262382507,0.0009728181657758985,0.001,False,128.0,128.0,,
train,,,,,,,364.8126177787781,10.0,331.0,4552.0,0.4427620470523834,0.9728200435638428,0.0009075148121971697,0.001,False,128.0,128.0,,
train,,,,,,,364.89290285110474,10.0,332.0,4553.0,0.4366908073425293,0.9075168371200562,0.0009728525291996129,0.001,False,128.0,128.0,,
train,,,,,,,364.9788055419922,10.0,333.0,4554.0,0.45684391260147095,0.9728536605834961,0.000999999260050458,0.001,False,128.0,128.0,,
train,,,,,,,365.0604546070099,10.0,334.0,4555.0,0.37604278326034546,0.9999990463256836,0.000999999337988169,0.001,False,128.0,128.0,,
train,,,,,,,365.1395306587219,10.0,335.0,4556.0,0.48142296075820923,0.9999991655349731,0.0009999990155236261,0.001,False,128.0,128.0,,
train,,,,,,,365.2461745738983,10.0,336.0,4557.0,0.46588677167892456,0.9999991059303284,0.000856194156109762,0.001,False,128.0,128.0,,
train,,,,,,,365.34114122390747,10.0,337.0,4558.0,0.4736158847808838,0.8561948537826538,0.0010000006496056586,0.001,False,128.0,128.0,,
train,,,,,,,365.42105197906494,10.0,338.0,4559.0,0.40872126817703247,0.9999991655349731,0.0008775836999512131,0.001,False,128.0,128.0,,
train,,,,,,,365.5085997581482,10.0,339.0,4560.0,0.45999875664711,0.8775840401649475,0.0009999993927777102,0.001,False,128.0,128.0,,
train,,,,,,,365.5919818878174,10.0,340.0,4561.0,0.5633971691131592,0.9999991655349731,0.0009999993691577006,0.001,False,128.0,128.0,,
train,,,,,,,365.67785906791687,10.0,341.0,4562.0,0.37506937980651855,0.9999991655349731,0.0009672387661819075,0.001,False,128.0,128.0,,
train,,,,,,,365.75800108909607,10.0,342.0,4563.0,0.3920130133628845,0.9672409892082214,0.0009699595416686143,0.001,False,128.0,128.0,,
train,,,,,,,365.8460168838501,10.0,343.0,4564.0,0.45789504051208496,0.9699608683586121,0.0010000002641919116,0.001,False,128.0,128.0,,
train,,,,,,,365.92284774780273,10.0,344.0,4565.0,0.470977783203125,0.9999990463256836,0.0009297488305948757,0.001,False,128.0,128.0,,
train,,,,,,,366.0050804615021,10.0,345.0,4566.0,0.4539628326892853,0.9297505021095276,0.0009849463985558034,0.001,False,128.0,128.0,,
train,,,,,,,366.10217571258545,10.0,346.0,4567.0,0.4456094205379486,0.9849453568458557,0.0008968404428209603,0.001,False,128.0,128.0,,
train,,,,,,,366.2046480178833,10.0,347.0,4568.0,0.4274613559246063,0.8968419432640076,0.0009255781155912779,0.001,False,128.0,128.0,,
train,,,,,,,366.293657541275,10.0,348.0,4569.0,0.48849064111709595,0.9255794882774353,0.0009536830200707581,0.001,False,128.0,128.0,,
train,,,,,,,366.3738806247711,10.0,349.0,4570.0,0.6042206287384033,0.9536824226379395,0.0009999999740351586,0.001,False,128.0,128.0,,
train,,,,,,,366.4626441001892,10.0,350.0,4571.0,0.479774534702301,0.9999992847442627,0.0009999991229100481,0.001,False,128.0,128.0,,
train,,,,,,,366.5468451976776,10.0,351.0,4572.0,0.3821564018726349,0.9999990463256836,0.0009037445586593125,0.001,False,128.0,128.0,,
train,,,,,,,366.62213110923767,10.0,352.0,4573.0,0.45201826095581055,0.9037445187568665,0.00097284918723554,0.001,False,128.0,128.0,,
train,,,,,,,366.71298146247864,10.0,353.0,4574.0,0.3478921055793762,0.972851574420929,0.000989995339207075,0.001,False,128.0,128.0,,
train,,,,,,,366.8037395477295,10.0,354.0,4575.0,0.4158942699432373,0.9899939894676208,0.0008442275890199749,0.001,False,128.0,128.0,,
train,,,,,,,366.8936357498169,10.0,355.0,4576.0,0.47223997116088867,0.8442271947860718,0.0009999957979779346,0.001,False,128.0,128.0,,
train,,,,,,,366.98341178894043,10.0,356.0,4577.0,0.43120574951171875,0.9999989867210388,0.0009183078126490014,0.001,False,128.0,128.0,,
train,,,,,,,367.0666916370392,10.0,357.0,4578.0,0.48988187313079834,0.918307900428772,0.0009999996064402382,0.001,False,128.0,128.0,,
train,,,,,,,367.160847902298,10.0,358.0,4579.0,0.35486775636672974,0.9999991655349731,0.000815614503524404,0.001,False,128.0,128.0,,
train,,,,,,,367.2551898956299,10.0,359.0,4580.0,0.5012543201446533,0.8156124353408813,0.0009999957950358313,0.001,False,128.0,128.0,,
train,,,,,,,367.3330588340759,10.0,360.0,4581.0,0.4129449129104614,0.9999991059303284,0.00078277163413369,0.001,False,128.0,128.0,,
train,,,,,,,367.4225902557373,10.0,361.0,4582.0,0.4971367120742798,0.7827709317207336,0.0009999977921946782,0.001,False,128.0,128.0,,
train,,,,,,,367.5054154396057,10.0,362.0,4583.0,0.40619945526123047,0.9999992251396179,0.0009999988441882746,0.001,False,128.0,128.0,,
train,,,,,,,367.59827494621277,10.0,363.0,4584.0,0.4795576333999634,0.9999991059303284,0.0010000000385946273,0.001,False,128.0,128.0,,
train,,,,,,,367.6887321472168,10.0,364.0,4585.0,0.4765600264072418,0.9999991655349731,0.0010000002903931679,0.001,False,128.0,128.0,,
train,,,,,,,367.7675750255585,10.0,365.0,4586.0,0.5158239603042603,0.9999992251396179,0.00099999876261454,0.001,False,128.0,128.0,,
train,,,,,,,367.85835337638855,10.0,366.0,4587.0,0.4304342269897461,0.9999992847442627,0.0009612902063188359,0.001,False,128.0,128.0,,
train,,,,,,,367.94968485832214,10.0,367.0,4588.0,0.5078203678131104,0.9612904191017151,0.0009763470944830105,0.001,False,128.0,128.0,,
train,,,,,,,368.0344145298004,10.0,368.0,4589.0,0.3382442593574524,0.9763472676277161,0.0008196412886413651,0.001,False,128.0,128.0,,
train,,,,,,,368.1349833011627,10.0,369.0,4590.0,0.5063371062278748,0.8196399211883545,0.0009999991659867384,0.001,False,128.0,128.0,,
train,,,,,,,368.21894001960754,10.0,370.0,4591.0,0.45734143257141113,0.9999991059303284,0.0009999984646302672,0.001,False,128.0,128.0,,
train,,,,,,,368.3014576435089,10.0,371.0,4592.0,0.45500466227531433,0.9999991059303284,0.0009999984769815172,0.001,False,128.0,128.0,,
train,,,,,,,368.3831880092621,10.0,372.0,4593.0,0.4792223274707794,0.9999992847442627,0.0009802414005989988,0.001,False,128.0,128.0,,
train,,,,,,,368.4721326828003,10.0,373.0,4594.0,0.5088329315185547,0.9802399277687073,0.0010000005503517798,0.001,False,128.0,128.0,,
train,,,,,,,368.55828046798706,10.0,374.0,4595.0,0.5172502398490906,0.9999992251396179,0.0009809187910962433,0.001,False,128.0,128.0,,
train,,,,,,,368.6509265899658,10.0,375.0,4596.0,0.5388039350509644,0.9809195399284363,0.000999997993089958,0.001,False,128.0,128.0,,
train,,,,,,,368.7377815246582,10.0,376.0,4597.0,0.49133479595184326,0.9999991655349731,0.001000000455538781,0.001,False,128.0,128.0,,
train,,,,,,,368.82527256011963,10.0,377.0,4598.0,0.43520089983940125,0.9999992847442627,0.0009999996184306514,0.001,False,128.0,128.0,,
train,,,,,,,368.90273690223694,10.0,378.0,4599.0,0.4629012942314148,0.9999991655349731,0.001000000438385843,0.001,False,128.0,128.0,,
train,,,,,,,368.9869718551636,10.0,379.0,4600.0,0.42922988533973694,0.9999992251396179,0.0009999993098995076,0.001,False,128.0,128.0,,
train,,,,,,,369.0686192512512,10.0,380.0,4601.0,0.45876753330230713,0.9999990463256836,0.000999997172272336,0.001,False,128.0,128.0,,
train,,,,,,,369.15467739105225,10.0,381.0,4602.0,0.4509657621383667,0.9999991059303284,0.001000000458591893,0.001,False,128.0,128.0,,
train,,,,,,,369.24321269989014,10.0,382.0,4603.0,0.4158317744731903,0.9999990463256836,0.0010000009364870607,0.001,False,128.0,128.0,,
train,,,,,,,369.33720445632935,10.0,383.0,4604.0,0.4787057638168335,0.9999991655349731,0.0009513543765447155,0.001,False,128.0,128.0,,
train,,,,,,,369.42534041404724,10.0,384.0,4605.0,0.4397905468940735,0.9513539671897888,0.0008846051764421252,0.001,False,128.0,128.0,,
train,,,,,,,369.50119256973267,10.0,385.0,4606.0,0.398094117641449,0.8846060037612915,0.000999996217144311,0.001,False,128.0,128.0,,
train,,,,,,,369.60452342033386,10.0,386.0,4607.0,0.4829583168029785,0.9999991655349731,0.0009999999000387895,0.001,False,128.0,128.0,,
train,,,,,,,369.6916980743408,10.0,387.0,4608.0,0.4514811038970947,0.9999991059303284,0.0009999981677561306,0.001,False,128.0,128.0,,
train,,,,,,,369.7738380432129,10.0,388.0,4609.0,0.4696120619773865,0.9999990463256836,0.0009999980148503727,0.001,False,128.0,128.0,,
train,,,,,,,369.8643367290497,10.0,389.0,4610.0,0.46684953570365906,0.9999990463256836,0.0008411656833047883,0.001,False,128.0,128.0,,
train,,,,,,,369.9384846687317,10.0,390.0,4611.0,0.47885292768478394,0.8411638140678406,0.0009781424016765783,0.001,False,128.0,128.0,,
train,,,,,,,370.02177596092224,10.0,391.0,4612.0,0.5135782361030579,0.9781418442726135,0.0009386859340727735,0.001,False,128.0,128.0,,
train,,,,,,,370.1137652397156,10.0,392.0,4613.0,0.4349484443664551,0.93868488073349,0.0010000003584775727,0.001,False,128.0,128.0,,
train,,,,,,,370.20765924453735,10.0,393.0,4614.0,0.4697020649909973,0.9999990463256836,0.0009596212912177905,0.001,False,128.0,128.0,,
train,,,,,,,370.310343503952,10.0,394.0,4615.0,0.5103883743286133,0.9596202373504639,0.0007292771797500073,0.001,False,128.0,128.0,,
train,,,,,,,370.4038944244385,10.0,395.0,4616.0,0.3760959506034851,0.7292769551277161,0.0010000002656907123,0.001,False,128.0,128.0,,
train,,,,,,,370.4997718334198,10.0,396.0,4617.0,0.46484890580177307,0.9999990463256836,0.000999997696076903,0.001,False,128.0,128.0,,
train,,,,,,,370.5892972946167,10.0,397.0,4618.0,0.5433235168457031,0.9999991655349731,0.000999998772662071,0.001,False,128.0,128.0,,
train,,,,,,,370.67186212539673,10.0,398.0,4619.0,0.41247668862342834,0.9999991059303284,0.000990694585489801,0.001,False,128.0,128.0,,
train,,,,,,,370.7811553478241,10.0,399.0,4620.0,0.36360692977905273,0.9906956553459167,0.0008004070443362321,0.001,False,128.0,128.0,,
train,,,,,,,370.87652373313904,10.0,400.0,4621.0,0.49953630566596985,0.8004083037376404,0.0009999981375580086,0.001,False,128.0,128.0,,
train,,,,,,,370.9619252681732,10.0,401.0,4622.0,0.4339336156845093,0.9999991059303284,0.0008929437805089253,0.001,False,128.0,128.0,,
train,,,,,,,371.0499596595764,10.0,402.0,4623.0,0.4829025864601135,0.8929443359375,0.0009055490403839053,0.001,False,128.0,128.0,,
train,,,,,,,371.1382772922516,10.0,403.0,4624.0,0.38178759813308716,0.905551016330719,0.000849940110040508,0.001,False,128.0,128.0,,
train,,,,,,,371.22932982444763,10.0,404.0,4625.0,0.44480735063552856,0.8499391674995422,0.0010000018511985356,0.001,False,128.0,128.0,,
train,,,,,,,371.31970286369324,10.0,405.0,4626.0,0.4107360243797302,0.9999991059303284,0.0009332622753062438,0.001,False,128.0,128.0,,
train,,,,,,,371.4013514518738,10.0,406.0,4627.0,0.4769698977470398,0.9332616925239563,0.0009999981993697887,0.001,False,128.0,128.0,,
train,,,,,,,371.50413250923157,10.0,407.0,4628.0,0.4595591425895691,0.9999991059303284,0.0008072729110954013,0.001,False,128.0,128.0,,
train,,,,,,,371.5876474380493,10.0,408.0,4629.0,0.5073486566543579,0.8072735071182251,0.0009999980779944306,0.001,False,128.0,128.0,,
train,,,,,,,371.6724832057953,10.0,409.0,4630.0,0.5500540733337402,0.9999991655349731,0.0009999998255983255,0.001,False,128.0,128.0,,
train,,,,,,,371.7620921134949,10.0,410.0,4631.0,0.47229689359664917,0.9999991655349731,0.0009745208899088534,0.001,False,128.0,128.0,,
train,,,,,,,371.8774642944336,10.0,411.0,4632.0,0.388180673122406,0.9745197892189026,0.0009112250143149387,0.001,False,128.0,128.0,,
train,,,,,,,372.0251386165619,10.0,412.0,4633.0,0.6221004128456116,0.9112231731414795,0.0010000000787014317,0.001,False,128.0,128.0,,
train,,,,,,,372.127423286438,10.0,413.0,4634.0,0.599678099155426,0.9999990463256836,0.0009999975445310995,0.001,False,128.0,128.0,,
train,,,,,,,372.2370505332947,10.0,414.0,4635.0,0.4194064736366272,0.9999992251396179,0.0009999995442677224,0.001,False,128.0,128.0,,
train,,,,,,,372.3689832687378,10.0,415.0,4636.0,0.4314436912536621,0.9999991655349731,0.0009999983612128283,0.001,False,128.0,128.0,,
train,,,,,,,372.5000092983246,10.0,416.0,4637.0,0.510123610496521,0.9999991059303284,0.0009999969644379765,0.001,False,128.0,128.0,,
train,,,,,,,372.59790992736816,10.0,417.0,4638.0,0.45085108280181885,0.9999991059303284,0.0010000024387273,0.001,False,128.0,128.0,,
train,,,,,,,372.7037265300751,10.0,418.0,4639.0,0.37469232082366943,0.999998927116394,0.0009653518179777282,0.001,False,128.0,128.0,,
train,,,,,,,372.8241128921509,10.0,419.0,4640.0,0.35576415061950684,0.9653515219688416,0.0009999989525184055,0.001,False,128.0,128.0,,
train,,,,,,,372.9271607398987,10.0,420.0,4641.0,0.37629592418670654,0.9999990463256836,0.0008921895693671883,0.001,False,128.0,128.0,,
train,,,,,,,373.05939507484436,10.0,421.0,4642.0,0.36863139271736145,0.8921902179718018,0.0008448061502421549,0.001,False,128.0,128.0,,
train,,,,,,,373.24593234062195,10.0,422.0,4643.0,0.42758846282958984,0.8448058366775513,0.000999999226355164,0.001,False,128.0,128.0,,
train,,,,,,,373.34248423576355,10.0,423.0,4644.0,0.4559476971626282,0.9999992251396179,0.001000000401082365,0.001,False,128.0,128.0,,
train,,,,,,,373.46010756492615,10.0,424.0,4645.0,0.340530127286911,0.9999990463256836,0.0007326320008516534,0.001,False,128.0,128.0,,
train,,,,,,,373.6043746471405,10.0,425.0,4646.0,0.3219888210296631,0.7326328158378601,0.000722242595021234,0.001,False,128.0,128.0,,
train,,,,,,,373.7171676158905,10.0,426.0,4647.0,0.5257443189620972,0.7222440838813782,0.0009999989156589618,0.001,False,128.0,128.0,,
train,,,,,,,373.81703901290894,10.0,427.0,4648.0,0.44190675020217896,0.9999989867210388,0.0009701667106677273,0.001,False,128.0,128.0,,
train,,,,,,,373.91573119163513,10.0,428.0,4649.0,0.4137720465660095,0.9701663851737976,0.0008670062100334897,0.001,False,128.0,128.0,,
train,,,,,,,374.04072165489197,10.0,429.0,4650.0,0.5692930221557617,0.8670057058334351,0.0009474021946770351,0.001,False,128.0,128.0,,
train,,,,,,,374.22371554374695,10.0,430.0,4651.0,0.4591161608695984,0.9474019408226013,0.0010000000828925232,0.001,False,128.0,128.0,,
train,,,,,,,374.43845796585083,10.0,431.0,4652.0,0.3488534688949585,0.9999991655349731,0.0009433610285399259,0.001,False,128.0,128.0,,
train,,,,,,,374.56355690956116,10.0,432.0,4653.0,0.41408050060272217,0.9433600902557373,0.0009115868492238464,0.001,False,128.0,128.0,,
train,,,,,,,374.67227149009705,10.0,433.0,4654.0,0.49181127548217773,0.9115843772888184,0.0009906837498265767,0.001,False,128.0,128.0,,
train,,,,,,,374.77345538139343,10.0,434.0,4655.0,0.49977976083755493,0.990683913230896,0.0009751443440122472,0.001,False,128.0,128.0,,
train,,,,,,,374.8677411079407,10.0,435.0,4656.0,0.3754349946975708,0.975144624710083,0.0008700484637828585,0.001,False,128.0,128.0,,
train,,,,,,,375.00681376457214,10.0,436.0,4657.0,0.3865633010864258,0.8700495958328247,0.0008609282980943065,0.001,False,128.0,128.0,,
train,,,,,,,375.1026289463043,10.0,437.0,4658.0,0.4840487837791443,0.8609288930892944,0.0009068426739211497,0.001,False,128.0,128.0,,
train,,,,,,,375.20577573776245,10.0,438.0,4659.0,0.45609143376350403,0.9068431854248047,0.000999998498408854,0.001,False,128.0,128.0,,
train,,,,,,,375.31454944610596,10.0,439.0,4660.0,0.4864448606967926,0.9999990463256836,0.0008539570993216646,0.001,False,128.0,128.0,,
train,,,,,,,375.415962934494,10.0,440.0,4661.0,0.43684059381484985,0.8539578318595886,0.0010000002131216647,0.001,False,128.0,128.0,,
train,,,,,,,375.507919549942,10.0,441.0,4662.0,0.41100606322288513,0.9999989867210388,0.0009854540711269635,0.001,False,128.0,128.0,,
train,,,,,,,375.60961413383484,10.0,442.0,4663.0,0.47078871726989746,0.9854544401168823,0.0009999979679156,0.001,False,128.0,128.0,,
train,,,,,,,375.6901321411133,10.0,443.0,4664.0,0.38800549507141113,0.9999991059303284,0.0007187645091942945,0.001,False,128.0,128.0,,
train,,,,,,,375.77040576934814,10.0,444.0,4665.0,0.4505610764026642,0.7187631130218506,0.0009578934641888172,0.001,False,128.0,128.0,,
train,,,,,,,375.856404542923,10.0,445.0,4666.0,0.3432089686393738,0.957892894744873,0.000823674138957411,0.001,False,128.0,128.0,,
train,,,,,,,375.9426794052124,10.0,446.0,4667.0,0.3769063949584961,0.8236750960350037,0.0007640750111777596,0.001,False,128.0,128.0,,
train,,,,,,,376.0420582294464,10.0,447.0,4668.0,0.35538142919540405,0.7640740275382996,0.0009112780659812201,0.001,False,128.0,128.0,,
train,,,,,,,376.1334185600281,10.0,448.0,4669.0,0.423994243144989,0.9112758636474609,0.0008574080944538613,0.001,False,128.0,128.0,,
train,,,,,,,376.2308382987976,10.0,449.0,4670.0,0.5003660917282104,0.8574084639549255,0.0009477440439299022,0.001,False,128.0,128.0,,
train,,,,,,,376.3185098171234,10.0,450.0,4671.0,0.4402017295360565,0.9477433562278748,0.0009182298776198284,0.001,False,128.0,128.0,,
train,,,,,,,376.3938663005829,10.0,451.0,4672.0,0.37929344177246094,0.9182294011116028,0.0009029603181767576,0.001,False,128.0,128.0,,
train,,,,,,,376.4805152416229,10.0,452.0,4673.0,0.6065559983253479,0.9029600620269775,0.0009999971772961095,0.001,False,128.0,128.0,,
train,,,,,,,376.55655670166016,10.0,453.0,4674.0,0.34652242064476013,0.9999991655349731,0.000871954520850308,0.001,False,128.0,128.0,,
train,,,,,,,376.63835310935974,10.0,454.0,4675.0,0.40399038791656494,0.8719550967216492,0.0009542432334373325,0.001,False,128.0,128.0,,
train,,,,,,,376.71513414382935,10.0,455.0,4676.0,0.4328530728816986,0.95424485206604,0.0008610662922867013,0.001,False,128.0,128.0,,
train,,,,,,,376.7921097278595,10.0,456.0,4677.0,0.4625518023967743,0.8610675930976868,0.0009999985634402632,0.001,False,128.0,128.0,,
train,,,,,,,376.8753705024719,10.0,457.0,4678.0,0.5335378646850586,0.9999990463256836,0.0009999979088516134,0.001,False,128.0,128.0,,
train,,,,,,,376.95299196243286,10.0,458.0,4679.0,0.3819613456726074,0.9999991059303284,0.0009171609815793278,0.001,False,128.0,128.0,,
train,,,,,,,377.03189849853516,10.0,459.0,4680.0,0.36566412448883057,0.9171607494354248,0.0008850274152286386,0.001,False,128.0,128.0,,
train,,,,,,,377.11346983909607,10.0,460.0,4681.0,0.35027357935905457,0.8850285410881042,0.0008445400503100332,0.001,False,128.0,128.0,,
train,,,,,,,377.20853877067566,10.0,461.0,4682.0,0.4805811643600464,0.8445394039154053,0.000999999234126731,0.001,False,128.0,128.0,,
train,,,,,,,377.29000186920166,10.0,462.0,4683.0,0.43217068910598755,0.9999991655349731,0.0010000011291660675,0.001,False,128.0,128.0,,
train,,,,,,,377.3743233680725,10.0,463.0,4684.0,0.4130537509918213,0.9999990463256836,0.0009999982743932418,0.001,False,128.0,128.0,,
train,,,,,,,377.45780754089355,10.0,464.0,4685.0,0.4788968563079834,0.9999990463256836,0.0009109207622952608,0.001,False,128.0,128.0,,
train,,,,,,,377.5489282608032,10.0,465.0,4686.0,0.42633605003356934,0.9109200835227966,0.0009429346144811941,0.001,False,128.0,128.0,,
train,,,,,,,377.65487265586853,10.0,466.0,4687.0,0.42952805757522583,0.9429338574409485,0.0009999993590546648,0.001,False,128.0,128.0,,
train,,,,,,,377.7430226802826,10.0,467.0,4688.0,0.3681107759475708,0.9999990463256836,0.0008991505303125734,0.001,False,128.0,128.0,,
train,,,,,,,377.83397221565247,10.0,468.0,4689.0,0.4833359718322754,0.8991495966911316,0.0010000009067608665,0.001,False,128.0,128.0,,
train,,,,,,,377.926607131958,10.0,469.0,4690.0,0.34273484349250793,0.9999991655349731,0.000999998888375201,0.001,False,128.0,128.0,,
eval,,,,,,,382.9049987792969,10.0,,4690.0,,,,,False,128.0,128.0,0.4198738959789276,0.8924
