iteration,loss,grad_norm,x,y,optimizer,elapsed_seconds,test_acc
0,1.0,2.0,0.1000000014901161,0.0,SGD_Momentum_start6,0.0,0.01
5,1.049571514129639,0.3839103877544403,0.4339777529239654,0.12200728058815,SGD_Momentum_start6,0.005,0.01
10,0.5350321531295776,0.583641767501831,0.5779553651809692,0.3289051949977875,SGD_Momentum_start6,0.01,0.01
15,0.1669956743717193,0.7992625832557678,0.7239876985549927,0.5150332450866699,SGD_Momentum_start6,0.015,0.01
20,0.0571606084704399,0.9859838485717772,0.8084458112716675,0.6874591112136841,SGD_Momentum_start6,0.02,0.01
25,0.1295323967933654,1.1055573225021362,0.9003407955169678,0.7836350202560425,SGD_Momentum_start6,0.025,0.01
30,0.0843819007277488,1.1942390203475952,0.9110408425331116,0.8688880205154419,SGD_Momentum_start6,0.03,0.01
35,0.2373970001935959,1.2297351360321045,0.9565776586532592,0.8964582085609436,SGD_Momentum_start6,0.035,0.01
40,0.0054450593888759,1.262438178062439,0.9323523044586182,0.9376327395439148,SGD_Momentum_start6,0.04,0.01
45,0.8314812779426575,1.2648396492004397,0.9222329258918762,0.9581156969070436,SGD_Momentum_start6,0.045,0.01
50,0.3156955540180206,1.2840957641601562,0.9165728092193604,0.9571810364723206,SGD_Momentum_start6,0.05,0.01
55,9.740164756774902,1.3085687160491943,1.0471372604370115,0.8630119562149048,SGD_Momentum_start6,0.055,0.01
60,17.768756866455078,1.1612714529037476,0.778232991695404,0.928992509841919,SGD_Momentum_start6,0.06,0.01
65,15.04839038848877,1.1841137409210205,0.9830528497695924,0.6941930651664734,SGD_Momentum_start6,0.065,0.01
70,15.29206085205078,0.9575036764144896,0.6376590728759766,0.7466121912002563,SGD_Momentum_start6,0.07,0.01
75,17.465600967407227,0.965160608291626,0.9284332990646362,0.3926514685153961,SGD_Momentum_start6,0.075,0.01
80,1.804460883140564,0.72886061668396,0.5126093626022339,0.5086790919303894,SGD_Momentum_start6,0.08,0.01
85,2.993565559387207,0.5641732215881348,0.4972588121891022,0.2991476058959961,SGD_Momentum_start6,0.085,0.01
90,4.848517894744873,0.5467292070388794,0.529734194278717,0.1112327426671981,SGD_Momentum_start6,0.09,0.01
95,1.183037519454956,0.4061104357242584,0.3625773787498474,0.2188442051410675,SGD_Momentum_start6,0.095,0.01
100,1.212018370628357,0.4390012323856354,0.4528021216392517,0.1053159236907959,SGD_Momentum_start6,0.1,0.01
105,1.1494511365890503,0.4109705090522766,0.3695281445980072,0.23137167096138,SGD_Momentum_start6,0.105,0.01
110,0.7850722074508667,0.4621268212795257,0.4676476716995239,0.1487333476543426,SGD_Momentum_start6,0.11,0.01
115,0.446317046880722,0.4662118554115295,0.4623506367206573,0.2096613347530365,SGD_Momentum_start6,0.115,0.01
120,0.3998263776302337,0.5815829038619995,0.5628864169120789,0.3191359639167785,SGD_Momentum_start6,0.12,0.01
125,0.1539784222841262,0.7192428112030029,0.6390430331230164,0.4433062672615051,SGD_Momentum_start6,0.125,0.01
130,0.0784464851021766,0.374027281999588,0.7385249137878418,0.5533454418182373,SGD_Momentum_start6,0.13,0.01
135,0.4371844828128814,0.988839030265808,0.8406001925468445,0.6784226298332214,SGD_Momentum_start6,0.135,0.01
140,0.0191119574010372,1.0947972536087036,0.965557336807251,0.7231673002243042,SGD_Momentum_start6,0.14,0.01
145,4.614121437072754,1.1132056713104248,0.7468439340591431,0.8882656097412109,SGD_Momentum_start6,0.145,0.01
150,7.792420864105225,1.169019341468811,1.0600519180297852,0.6732597351074219,SGD_Momentum_start6,0.15,0.01
155,2.8289716243743896,1.032038331031799,0.692899227142334,0.7885560989379883,SGD_Momentum_start6,0.155,0.01
160,0.1875349879264831,0.9556565284729004,0.836778998374939,0.5592647790908813,SGD_Momentum_start6,0.16,0.01
165,2.6135237216949463,0.8367214202880859,0.6542968153953552,0.5671008825302124,SGD_Momentum_start6,0.165,0.01
170,2.196714401245117,0.8201783895492554,0.7051902413368225,0.4384048283100128,SGD_Momentum_start6,0.17,0.01
175,0.671960711479187,0.7144811749458313,0.6564807891845703,0.3893003463745117,SGD_Momentum_start6,0.175,0.01
180,0.1950578689575195,0.6847895383834839,0.6279807686805725,0.3708669543266296,SGD_Momentum_start6,0.18,0.01
185,0.1644238084554672,0.7106273770332336,0.6827773451805115,0.3768106997013092,SGD_Momentum_start6,0.185,0.01
190,0.2113206833600998,0.7536840438842773,0.6815899014472961,0.4582094550132751,SGD_Momentum_start6,0.19,0.01
195,0.1327555924654007,0.880418598651886,0.7486431002616882,0.5721095204353333,SGD_Momentum_start6,0.195,0.01
200,0.0412696078419685,0.9781110882759094,0.8368257284164429,0.6532382369041443,SGD_Momentum_start6,0.2,0.01
205,0.2701939046382904,1.090892314910889,0.8696065545082092,0.7644748687744141,SGD_Momentum_start6,0.205,0.01
210,0.0368678905069828,1.162555694580078,0.9340367317199708,0.8263945579528809,SGD_Momentum_start6,0.21,0.01
215,0.1381884068250656,1.222529053688049,0.9249241948127748,0.8901686668395996,SGD_Momentum_start6,0.215,0.01
220,0.2553163766860962,1.2389484643936155,0.9590035676956176,0.903710663318634,SGD_Momentum_start6,0.22,0.01
225,0.0018611779669299,0.4672338962554931,1.0050536394119265,0.8982378840446472,SGD_Momentum_start6,0.225,0.01
230,0.0041331718675792,1.26636803150177,1.05890154838562,0.873802900314331,SGD_Momentum_start6,0.23,0.01
235,7.265265941619873,1.2123894691467283,0.7652316689491272,0.9906816482543944,SGD_Momentum_start6,0.235,0.01
240,4.745087623596191,1.2051323652267456,1.0589139461517334,0.7268370389938354,SGD_Momentum_start6,0.24,0.01
245,4.901727676391602,1.0432066917419434,0.6750897169113159,0.8152257204055786,SGD_Momentum_start6,0.245,0.01
250,0.0799502655863761,0.9371492266654968,0.8834581971168518,0.512520432472229,SGD_Momentum_start6,0.25,0.01
255,8.626486778259277,0.8881044983863831,0.734809935092926,0.4461932480335235,SGD_Momentum_start6,0.255,0.01
260,9.378226280212402,0.6369801759719849,0.4467681348323822,0.4542590975761413,SGD_Momentum_start6,0.26,0.01
265,3.710763931274414,0.5826888084411621,0.5958827137947083,0.1259340196847915,SGD_Momentum_start6,0.265,0.01
270,0.3323656916618347,0.4380727410316467,0.3875889480113983,0.2111755013465881,SGD_Momentum_start6,0.27,0.01
275,0.3681567013263702,0.4048486948013305,0.4322517812252044,0.120983213186264,SGD_Momentum_start6,0.275,0.01
280,0.406887799501419,0.4265389442443847,0.3899931311607361,0.1984726935625076,SGD_Momentum_start6,0.28,0.01
285,0.4421347081661224,0.4350900650024414,0.4498883485794067,0.1635360121726989,SGD_Momentum_start6,0.285,0.01
290,0.3684712648391723,0.4595718085765838,0.4289770424365997,0.230165496468544,SGD_Momentum_start6,0.29,0.01
295,0.3254931271076202,0.547971785068512,0.5212535858154297,0.2843145728111267,SGD_Momentum_start6,0.295,0.01
300,0.2250996828079223,0.6675401329994202,0.6119278073310852,0.3961851298809051,SGD_Momentum_start6,0.3,0.01
305,0.202429249882698,0.7759502530097961,0.7107058167457581,0.4657501578330993,SGD_Momentum_start6,0.305,0.01
310,0.1955233663320541,0.8675950169563293,0.7528142929077148,0.5375533103942871,SGD_Momentum_start6,0.31,0.01
315,0.0874973684549331,0.9197323322296144,0.7385988235473633,0.6174857020378113,SGD_Momentum_start6,0.315,0.01
320,0.8767822980880737,0.9510013461112976,0.7621394991874695,0.6696063876152039,SGD_Momentum_start6,0.32,0.01
325,0.3343034982681274,1.0316267013549805,0.8745079040527344,0.7005527019500732,SGD_Momentum_start6,0.325,0.01
330,0.9294111728668212,1.1098787784576416,0.9126076102256776,0.7401170134544373,SGD_Momentum_start6,0.33,0.01
335,0.9249887466430664,1.137109637260437,0.8739628791809082,0.7920471429824829,SGD_Momentum_start6,0.335,0.01
340,0.210278645157814,1.1261354684829712,0.8722686767578125,0.8038418292999268,SGD_Momentum_start6,0.34,0.01
345,0.4734473824501037,1.1217626333236694,0.9086989164352416,0.7795637845993042,SGD_Momentum_start6,0.345,0.01
350,0.0352671928703784,1.1251288652420044,0.8847903609275818,0.7813528776168823,SGD_Momentum_start6,0.35,0.01
355,0.0490757785737514,1.1377902030944824,0.8767361640930176,0.8074767589569092,SGD_Momentum_start6,0.355,0.01
360,0.144998088479042,1.1437833309173584,0.911344349384308,0.8051775693893433,SGD_Momentum_start6,0.36,0.01
365,0.0463222041726112,1.162348389625549,0.8865968585014343,0.8313747048377991,SGD_Momentum_start6,0.365,0.01
370,0.33317431807518,1.160475254058838,0.9122981429100036,0.8289445042610168,SGD_Momentum_start6,0.37,0.01
375,4.742315769195557,1.225940823554993,0.9702902436256408,0.8273860812187195,SGD_Momentum_start6,0.375,0.01
380,0.4123686552047729,1.2001062631607056,0.9606723189353944,0.8243734240531921,SGD_Momentum_start6,0.38,0.01
385,0.029811006039381,1.1839909553527832,0.9199888110160828,0.8374006152153015,SGD_Momentum_start6,0.385,0.01
390,0.0075690727680921,0.5399882197380066,0.8889884948730469,0.8521984219551086,SGD_Momentum_start6,0.39,0.01
395,1.0740474462509155,1.1849428415298462,0.941815197467804,0.8546897768974304,SGD_Momentum_start6,0.395,0.01
400,0.1554981023073196,1.2187764644622805,0.9464554786682128,0.8650395274162292,SGD_Momentum_start6,0.4,0.01
405,0.0363674461841583,1.2132943868637085,0.8815624713897705,0.8948583006858826,SGD_Momentum_start6,0.405,0.01
410,1.29459810256958,1.220683455467224,0.964313805103302,0.8419907689094543,SGD_Momentum_start6,0.41,0.01
415,0.0468668043613433,1.198924541473389,0.8710598945617676,0.8811866044998169,SGD_Momentum_start6,0.415,0.01
420,9.263809204101562,1.2294068336486816,1.009838581085205,0.7795336246490479,SGD_Momentum_start6,0.42,0.01
425,11.861685752868652,1.0891484022140503,0.7687761783599854,0.8409959673881531,SGD_Momentum_start6,0.425,0.01
430,17.41792869567871,1.1287754774093628,0.964239239692688,0.621067464351654,SGD_Momentum_start6,0.43,0.01
435,10.305712699890137,0.9053632616996764,0.636443555355072,0.6789640188217163,SGD_Momentum_start6,0.435,0.01
440,1.3681105375289917,0.8589284420013428,0.7234784960746765,0.484031081199646,SGD_Momentum_start6,0.44,0.01
445,0.3732131719589233,0.748764157295227,0.6955603957176208,0.4002900123596191,SGD_Momentum_start6,0.445,0.01
450,0.6652573943138123,0.6880965828895569,0.5571650862693787,0.4319212436676025,SGD_Momentum_start6,0.45,0.01
455,0.7677857279777527,0.671736478805542,0.6181120276451111,0.3203147649765014,SGD_Momentum_start6,0.455,0.01
460,0.1693100333213806,0.6542036533355713,0.5743337273597717,0.3842532932758331,SGD_Momentum_start6,0.46,0.01
465,1.6316447257995603,0.7426822781562805,0.6857990622520447,0.3784147500991821,SGD_Momentum_start6,0.465,0.01
470,0.1026716902852058,0.8034508228302002,0.7664698362350464,0.4639604389667511,SGD_Momentum_start6,0.47,0.01
475,2.668763399124145,0.8599736094474792,0.6368752717971802,0.6452887058258057,SGD_Momentum_start6,0.475,0.01
480,4.080700874328613,0.9485189914703368,0.9012376070022584,0.4889446496963501,SGD_Momentum_start6,0.48,0.01
485,2.0250418186187744,0.8613508939743042,0.6176786422729492,0.6294416785240173,SGD_Momentum_start6,0.485,0.01
490,0.1618941128253936,0.8223142027854919,0.7464959025382996,0.4479972720146179,SGD_Momentum_start6,0.49,0.01
495,2.05896520614624,0.740645706653595,0.6008961796760559,0.4831843972206116,SGD_Momentum_start6,0.495,0.01
500,1.4621431827545166,0.7439576983451843,0.6521702408790588,0.3842200636863708,SGD_Momentum_start6,0.5,0.01
505,0.7080797553062439,0.6662847399711609,0.6199429631233215,0.3546136021614074,SGD_Momentum_start6,0.505,0.01
510,0.2559150159358978,0.6519383788108826,0.6010675430297852,0.3488037586212158,SGD_Momentum_start6,0.51,0.01
515,0.577563464641571,0.7035958170890808,0.6105057001113892,0.449589729309082,SGD_Momentum_start6,0.515,0.01
520,0.599702775478363,0.8026893734931946,0.6756566166877747,0.4886127710342407,SGD_Momentum_start6,0.52,0.01
525,1.726450800895691,0.8589229583740234,0.7534412741661072,0.4904427230358124,SGD_Momentum_start6,0.525,0.01
530,0.642277717590332,0.8715873956680298,0.7776837348937988,0.5025268197059631,SGD_Momentum_start6,0.53,0.01
535,0.753971517086029,0.8516983985900879,0.7472971081733704,0.5297123789787292,SGD_Momentum_start6,0.535,0.01
540,0.2039961218833923,0.8706119656562805,0.7413274645805359,0.5577932596206665,SGD_Momentum_start6,0.54,0.01
545,1.2632277011871338,0.8904808163642883,0.6880197525024414,0.6314747929573059,SGD_Momentum_start6,0.545,0.01
550,6.656538009643555,0.965109646320343,0.8679600358009338,0.514512836933136,SGD_Momentum_start6,0.55,0.01
555,1.4218496084213257,0.8716701865196228,0.731624960899353,0.5658913850784302,SGD_Momentum_start6,0.555,0.01
560,0.3525601327419281,0.8693010807037354,0.6714176535606384,0.564103901386261,SGD_Momentum_start6,0.56,0.01
565,0.0994725450873375,0.8155333399772644,0.7260853052139282,0.4660661816596985,SGD_Momentum_start6,0.565,0.01
570,0.1551506966352462,0.7875558733940125,0.7291474938392639,0.4386788308620453,SGD_Momentum_start6,0.57,0.01
575,0.3002816438674927,0.7721979022026062,0.6777999401092529,0.4614376425743103,SGD_Momentum_start6,0.575,0.01
580,0.3009186685085296,0.7999997138977051,0.6628774404525757,0.5183396339416504,SGD_Momentum_start6,0.58,0.01
585,0.1509656757116317,0.8324418663978577,0.6680868268013,0.5383684039115906,SGD_Momentum_start6,0.585,0.01
590,0.1621182262897491,0.844902753829956,0.7095307111740112,0.5280528664588928,SGD_Momentum_start6,0.59,0.01
595,0.2129538655281067,0.8944745063781738,0.7455149292945862,0.5981020927429199,SGD_Momentum_start6,0.595,0.01
600,0.6831654906272888,0.9487354755401612,0.8008016347885132,0.6351332664489746,SGD_Momentum_start6,0.6,0.01
605,0.4561638832092285,1.0083601474761963,0.7987698316574097,0.7118594646453857,SGD_Momentum_start6,0.605,0.01
610,0.2887574434280395,1.0731762647628784,0.8223689198493958,0.7558378577232361,SGD_Momentum_start6,0.61,0.01
615,5.636202812194824,1.1438966989517212,0.9450736045837402,0.7314783334732056,SGD_Momentum_start6,0.615,0.01
620,3.138757467269897,1.1523878574371338,0.9783779978752136,0.7370174527168274,SGD_Momentum_start6,0.62,0.01
625,0.360625684261322,1.1190757751464844,0.933862328529358,0.7601831555366516,SGD_Momentum_start6,0.625,0.01
630,3.415905237197876,1.0859363079071045,0.8177270293235779,0.7996758222579956,SGD_Momentum_start6,0.63,0.01
635,0.0294117387384176,1.0849685668945312,0.8332588076591492,0.7590638399124146,SGD_Momentum_start6,0.635,0.01
640,0.1638470292091369,1.0752158164978027,0.7871971130371094,0.7666193842887878,SGD_Momentum_start6,0.64,0.01
645,3.7698123455047607,1.072964429855347,0.9594897031784058,0.6209232211112976,SGD_Momentum_start6,0.645,0.01
650,2.1920101642608643,0.9656625390052797,0.739519476890564,0.6810977458953857,SGD_Momentum_start6,0.65,0.01
655,3.507115125656128,0.967513918876648,0.7980071902275085,0.5714105367660522,SGD_Momentum_start6,0.655,0.01
660,1.667155623435974,0.8483983874320984,0.7351579070091248,0.5248008370399475,SGD_Momentum_start6,0.66,0.01
665,0.6396044492721558,0.8085981607437134,0.6926290392875671,0.4988825023174286,SGD_Momentum_start6,0.665,0.01
670,0.1112248599529266,0.7922213673591614,0.6690709590911865,0.4851115047931671,SGD_Momentum_start6,0.67,0.01
675,0.0881004482507705,0.8234977722167969,0.7376343607902527,0.5033252835273743,SGD_Momentum_start6,0.675,0.01
680,0.4029708504676819,0.8991453647613525,0.8058274388313293,0.567436695098877,SGD_Momentum_start6,0.68,0.01
685,1.0624817609786987,0.9384679198265076,0.7709493041038513,0.6400277614593506,SGD_Momentum_start6,0.685,0.01
690,0.722158670425415,0.956569492816925,0.7411231398582458,0.6726076602935791,SGD_Momentum_start6,0.69,0.01
695,0.0904075801372528,0.9687260389328004,0.7371180057525635,0.6672055125236511,SGD_Momentum_start6,0.695,0.01
700,0.5692446231842041,0.9726263284683228,0.8150109648704529,0.619450032711029,SGD_Momentum_start6,0.7,0.01
705,2.438595533370972,1.00811505317688,0.8959260582923889,0.5930941104888916,SGD_Momentum_start6,0.705,0.01
710,9.159701347351074,0.9422672986984252,0.6555591821670532,0.7372711300849915,SGD_Momentum_start6,0.71,0.01
715,7.563677787780762,0.9964229464530944,0.9001800417900085,0.5232142806053162,SGD_Momentum_start6,0.715,0.01
720,8.692760467529297,0.8415865302085876,0.574003279209137,0.6479561924934387,SGD_Momentum_start6,0.72,0.01
725,4.060561180114746,0.831981360912323,0.8251794576644897,0.3474810421466827,SGD_Momentum_start6,0.725,0.01
730,0.417980432510376,0.7135491967201233,0.5462633371353149,0.4282768070697784,SGD_Momentum_start6,0.73,0.01
735,5.584464550018311,0.5511003136634827,0.4373307228088379,0.3469954431056976,SGD_Momentum_start6,0.735,0.01
740,4.130273342132568,0.539393961429596,0.5411626100540161,0.1026125773787498,SGD_Momentum_start6,0.74,0.01
745,0.86186283826828,0.4000046849250793,0.3492399752140045,0.2095008641481399,SGD_Momentum_start6,0.745,0.01
750,0.73622727394104,0.3929807245731354,0.4201433360576629,0.0802613943815231,SGD_Momentum_start6,0.75,0.01
755,0.4999512135982513,0.3827383816242218,0.3545061945915222,0.1911507844924926,SGD_Momentum_start6,0.755,0.01
760,0.5731474161148071,0.4279293417930603,0.4507236182689667,0.1222937628626823,SGD_Momentum_start6,0.76,0.01
765,0.4483374655246734,0.4454609453678131,0.4330482184886932,0.2130136340856552,SGD_Momentum_start6,0.765,0.01
770,0.2534386217594147,0.5313929319381714,0.5414146184921265,0.2526934444904327,SGD_Momentum_start6,0.77,0.01
775,0.2717655003070831,0.6960655450820923,0.6569003462791443,0.4145057499408722,SGD_Momentum_start6,0.775,0.01
780,2.0008606910705566,0.9228855967521667,0.8568439483642578,0.5445259809494019,SGD_Momentum_start6,0.78,0.01
785,1.3034203052520752,1.0238879919052124,0.8453806638717651,0.7319087386131287,SGD_Momentum_start6,0.785,0.01
790,0.0706855282187461,1.1309961080551147,0.7893178462982178,0.8552220463752747,SGD_Momentum_start6,0.79,0.01
795,0.2753511071205139,1.1300833225250244,0.9993669390678406,0.7321087121963501,SGD_Momentum_start6,0.795,0.01
800,1.1623350381851196,1.1073094606399536,0.7747097611427307,0.7856563925743103,SGD_Momentum_start6,0.8,0.01
805,3.3972742557525635,0.9653499722480774,0.8117718696594238,0.6287866234779358,SGD_Momentum_start6,0.805,0.01
810,1.342186689376831,0.8825214505195618,0.6641885638237,0.611649751663208,SGD_Momentum_start6,0.81,0.01
815,2.746227502822876,0.8575906157493591,0.7671882510185242,0.4420132040977478,SGD_Momentum_start6,0.815,0.01
820,2.1695005893707275,0.7364729046821594,0.6186695098876953,0.4611810743808746,SGD_Momentum_start6,0.82,0.01
825,0.1531979739665985,0.7068681120872498,0.6168542504310608,0.4035789370536804,SGD_Momentum_start6,0.825,0.01
830,0.5969780087471008,0.7070623636245728,0.6358367800712585,0.4191874265670776,SGD_Momentum_start6,0.83,0.01
835,0.1159705072641372,0.6926876306533813,0.6134721040725708,0.5003466606140137,SGD_Momentum_start6,0.835,0.01
840,0.3683851361274719,0.8420982956886292,0.77078777551651,0.4797660112380981,SGD_Momentum_start6,0.84,0.01
845,0.232879489660263,0.8767942190170288,0.7513384222984314,0.543237030506134,SGD_Momentum_start6,0.845,0.01
850,1.8481899499893188,0.930712878704071,0.8439916372299194,0.5273350477218628,SGD_Momentum_start6,0.85,0.01
855,7.22382116317749,0.8825757503509521,0.6355285048484802,0.6747536063194275,SGD_Momentum_start6,0.855,0.01
860,7.426285743713379,0.9495859146118164,0.8721480369567871,0.4770001173019409,SGD_Momentum_start6,0.86,0.01
865,6.986617088317871,0.8053586483001709,0.5658343434333801,0.6066619753837585,SGD_Momentum_start6,0.865,0.01
870,4.296638011932373,0.8109885454177856,0.8131200671195984,0.329522043466568,SGD_Momentum_start6,0.87,0.01
875,0.3434565663337707,0.710128128528595,0.5437449216842651,0.4332827925682068,SGD_Momentum_start6,0.875,0.01
880,6.011839866638184,0.5650416612625122,0.4463842511177063,0.3625563383102417,SGD_Momentum_start6,0.88,0.01
885,4.308192253112793,0.5605209469795227,0.5600763559341431,0.1203630939126014,SGD_Momentum_start6,0.885,0.01
890,1.076371192932129,0.4185579419136047,0.357123851776123,0.2311417311429977,SGD_Momentum_start6,0.89,0.01
895,0.6579839587211609,0.3979991674423218,0.4205255806446075,0.0825714766979217,SGD_Momentum_start6,0.895,0.01
900,0.4420393705368042,0.3688889145851135,0.3459230959415436,0.1687416434288025,SGD_Momentum_start6,0.9,0.01
905,0.5748494863510132,0.4146423935890198,0.4408914744853973,0.1280880272388458,SGD_Momentum_start6,0.905,0.01
910,0.9941316843032836,0.4762175977230072,0.4441922008991241,0.2729917466640472,SGD_Momentum_start6,0.91,0.01
915,0.5017799139022827,0.5781093835830688,0.5353540778160095,0.2872897386550903,SGD_Momentum_start6,0.915,0.01
920,0.226686030626297,0.696032702922821,0.6422834396362305,0.4070278108119964,SGD_Momentum_start6,0.92,0.01
925,1.290270209312439,0.8806101679801941,0.8158090710639954,0.5091591477394104,SGD_Momentum_start6,0.925,0.01
930,0.0651916489005088,0.959378182888031,0.7912619113922119,0.6450469493865967,SGD_Momentum_start6,0.93,0.01
935,0.396172434091568,1.0336931943893433,0.8764998316764832,0.7064766883850098,SGD_Momentum_start6,0.935,0.01
940,1.0674355030059814,1.124393343925476,0.9242237210273744,0.7528941631317139,SGD_Momentum_start6,0.94,0.01
945,1.2152233123779297,1.160383701324463,0.8908770084381104,0.8112130761146545,SGD_Momentum_start6,0.945,0.01
950,0.1131056547164917,1.156366229057312,0.8938843011856079,0.8293114900588989,SGD_Momentum_start6,0.95,0.01
955,0.3151389956474304,1.156642198562622,0.9344809055328368,0.808369517326355,SGD_Momentum_start6,0.955,0.01
960,0.1142948120832443,1.162011742591858,0.9101627469062804,0.8102079629898071,SGD_Momentum_start6,0.96,0.01
965,2.510371923446656,1.1740829944610596,0.9726114869117736,0.7678334712982178,SGD_Momentum_start6,0.965,0.01
970,2.853334903717041,1.1120190620422363,0.8805041313171387,0.7937883734703064,SGD_Momentum_start6,0.97,0.01
975,3.5960235595703125,1.1279027462005615,0.8412285447120667,0.7586147785186768,SGD_Momentum_start6,0.975,0.01
980,3.3259987831115723,1.068005084991455,0.9426674842834472,0.6228795051574707,SGD_Momentum_start6,0.98,0.01
985,4.730201721191406,0.94242125749588,0.69024658203125,0.6902395486831665,SGD_Momentum_start6,0.985,0.01
990,0.3448605835437774,0.913707971572876,0.7252873182296753,0.5821583867073059,SGD_Momentum_start6,0.99,0.01
995,2.609360694885254,0.8917474150657654,0.778333306312561,0.4921569228172302,SGD_Momentum_start6,0.995,0.01
1000,0.1337990164756775,0.8402162194252014,0.7334645390510559,0.515740692615509,SGD_Momentum_start6,1.0,0.01
1005,0.1969237774610519,0.8818327188491821,0.7448113560676575,0.5578965544700623,SGD_Momentum_start6,1.005,0.01
1010,0.054556842893362,0.947201371192932,0.8125754594802856,0.6225664019584656,SGD_Momentum_start6,1.01,0.01
1015,0.1299697160720825,1.032150149345398,0.8286672234535217,0.7093620896339417,SGD_Momentum_start6,1.015,0.01
1020,0.1408864557743072,1.0792357921600342,0.8775866031646729,0.7502442598342896,SGD_Momentum_start6,1.02,0.01
1025,0.0192780792713165,1.1269840002059937,0.8673717379570007,0.807079017162323,SGD_Momentum_start6,1.025,0.01
1030,0.1468786895275116,1.1751104593276978,0.8651344776153564,0.862811267375946,SGD_Momentum_start6,1.03,0.01
1035,7.338764190673828,1.2338913679122925,1.001611828804016,0.8045163750648499,SGD_Momentum_start6,1.035,0.01
1040,16.563018798828125,1.1243736743927002,0.7650067210197449,0.8974848389625549,SGD_Momentum_start6,1.04,0.01
1045,14.009851455688477,1.1681993007659912,0.972714364528656,0.6859820485115051,SGD_Momentum_start6,1.045,0.01
1050,15.618870735168455,0.958727240562439,0.6380853652954102,0.7512098550796509,SGD_Momentum_start6,1.05,0.01
1055,17.712717056274414,0.9750090837478638,0.9359028935432434,0.4034298062324524,SGD_Momentum_start6,1.055,0.01
1060,2.0681283473968506,0.7411735653877258,0.5160810351371765,0.5246343016624451,SGD_Momentum_start6,1.06,0.01
1065,3.301671028137207,0.577262818813324,0.5047632455825806,0.3125786483287811,SGD_Momentum_start6,1.065,0.01
1070,4.967995643615723,0.5586774945259094,0.5398471355438232,0.1205426752567291,SGD_Momentum_start6,1.07,0.01
1075,1.099393606185913,0.4057399034500122,0.3621297478675842,0.2098018229007721,SGD_Momentum_start6,1.075,0.01
1080,1.0122780799865725,0.4401017129421234,0.4529131948947906,0.1272045075893402,SGD_Momentum_start6,1.08,0.01
1085,0.4798207283020019,0.4590167701244354,0.4558849930763244,0.2108827829360962,SGD_Momentum_start6,1.085,0.01
1090,0.2552781105041504,0.5443084836006165,0.4851641952991485,0.307271808385849,SGD_Momentum_start6,1.09,0.01
1095,0.2433115839958191,0.6185219287872314,0.5994394421577454,0.3002769649028778,SGD_Momentum_start6,1.095,0.01
1100,0.1601477414369583,0.6660795211791992,0.6162254810333252,0.3825215399265289,SGD_Momentum_start6,1.1,0.01
1105,0.4019015431404114,0.7918105721473694,0.7121939063072205,0.498079776763916,SGD_Momentum_start6,1.105,0.01
1110,0.4677388668060303,0.9156358242034912,0.7513961791992188,0.6370382308959961,SGD_Momentum_start6,1.11,0.01
1115,0.186175987124443,1.0331664085388184,0.8031729459762573,0.7288466691970825,SGD_Momentum_start6,1.115,0.01
1120,6.5949554443359375,1.136364459991455,0.9527096748352052,0.71433025598526,SGD_Momentum_start6,1.12,0.01
1125,12.477005004882812,1.0610816478729248,0.7515871524810791,0.8288362622261047,SGD_Momentum_start6,1.125,0.01
1130,14.35227108001709,1.1279857158660889,0.9548880457878112,0.6430750489234924,SGD_Momentum_start6,1.13,0.01
1135,13.329022407531738,0.9322800040245056,0.6359913349151611,0.7207731008529663,SGD_Momentum_start6,1.135,0.01
1140,18.08374214172364,0.966460943222046,0.9321305155754088,0.3956581056118011,SGD_Momentum_start6,1.14,0.01
1145,2.243143320083618,0.7442376017570496,0.5164408683776855,0.5327019095420837,SGD_Momentum_start6,1.145,0.01
1150,3.58046293258667,0.5896056890487671,0.5125919580459595,0.3261721134185791,SGD_Momentum_start6,1.15,0.01
1155,4.951672077178955,0.5728411078453064,0.5511762499809265,0.1356609612703323,SGD_Momentum_start6,1.155,0.01
1160,1.254793643951416,0.4103710949420929,0.3593071401119232,0.2149113565683365,SGD_Momentum_start6,1.16,0.01
1165,1.3719868659973145,0.4196449518203735,0.4364953935146332,0.0821640864014625,SGD_Momentum_start6,1.165,0.01
1170,0.8027836084365845,0.3852965533733368,0.3571532666683197,0.1975462734699249,SGD_Momentum_start6,1.17,0.01
1175,0.9653382897377014,0.4411651492118835,0.4528065323829651,0.1254938691854477,SGD_Momentum_start6,1.175,0.01
1180,0.3904932737350464,0.4545104503631592,0.4583659172058105,0.1982055604457855,SGD_Momentum_start6,1.18,0.01
1185,0.3735793828964233,0.5656849145889282,0.5588995814323425,0.2709974646568298,SGD_Momentum_start6,1.185,0.01
1190,0.1665325611829757,0.7383322715759277,0.6517384052276611,0.4784815609455108,SGD_Momentum_start6,1.19,0.01
1195,0.506020188331604,0.9413462281227112,0.8151659369468689,0.6178716421127319,SGD_Momentum_start6,1.195,0.01
1200,0.0203732289373874,0.1483382284641266,0.866969108581543,0.7641900181770325,SGD_Momentum_start6,1.2,0.01
1205,0.7888585329055786,1.171777367591858,0.936645209789276,0.8517600297927856,SGD_Momentum_start6,1.205,0.01
1210,0.0039177481085062,1.2492899894714355,0.9538351893424988,0.9177321195602416,SGD_Momentum_start6,1.21,0.01
1215,0.6650081872940063,1.2746459245681765,0.9923349618911744,0.9359356164932252,SGD_Momentum_start6,1.215,0.01
1220,0.0175971090793609,1.2918044328689575,1.075549602508545,0.8982440233230591,SGD_Momentum_start6,1.22,0.01
1225,6.0476555824279785,1.237714171409607,0.7887526750564575,1.0043410062789917,SGD_Momentum_start6,1.225,0.01
1230,8.301117897033691,1.239819049835205,1.101161003112793,0.7353159189224243,SGD_Momentum_start6,1.23,0.01
1235,3.0637969970703125,1.069111466407776,0.7057494521141052,0.820178747177124,SGD_Momentum_start6,1.235,0.01
1240,0.1588816046714782,0.9668885469436646,0.8414518237113953,0.5676908493041992,SGD_Momentum_start6,1.24,0.01
1245,2.519054412841797,0.8345388770103455,0.6529985666275024,0.5617198944091797,SGD_Momentum_start6,1.245,0.01
1250,2.318533182144165,0.8107340931892395,0.7003673911094666,0.425440102815628,SGD_Momentum_start6,1.25,0.01
1255,0.5462971329689026,0.7011061310768127,0.6495091319084167,0.3730897903442383,SGD_Momentum_start6,1.255,0.01
1260,0.2491033226251602,0.6842697858810425,0.6261250376701355,0.3959525227546692,SGD_Momentum_start6,1.26,0.01
1265,0.6254172325134277,0.7592179775238037,0.6310033202171326,0.5039030313491821,SGD_Momentum_start6,1.265,0.01
1270,0.1180559173226356,0.8226833343505859,0.7180495858192444,0.5107783079147339,SGD_Momentum_start6,1.27,0.01
1275,1.099381923675537,0.922866702079773,0.7789912223815918,0.5774081945419312,SGD_Momentum_start6,1.275,0.01
1280,0.0735930800437927,0.9474234580993652,0.8715688586235046,0.571541428565979,SGD_Momentum_start6,1.28,0.01
1285,0.3230356276035309,0.944360375404358,0.7244587540626526,0.6564449071884155,SGD_Momentum_start6,1.285,0.01
1290,4.911353588104248,0.9732717275619508,0.8540773987770081,0.5412067174911499,SGD_Momentum_start6,1.29,0.01
1295,3.9964873790740967,0.8619040846824646,0.6852185726165771,0.5928531885147095,SGD_Momentum_start6,1.295,0.01
1300,0.414562314748764,0.8380275368690491,0.6839314699172974,0.5417641997337341,SGD_Momentum_start6,1.3,0.01
1305,1.0724868774414062,0.8425986170768738,0.6982036232948303,0.4993002414703369,SGD_Momentum_start6,1.305,0.01
1310,0.2496137917041778,0.8501111268997192,0.7368848323822021,0.5240491628646851,SGD_Momentum_start6,1.31,0.01
1315,1.496968388557434,0.924711525440216,0.8364787697792053,0.5315635800361633,SGD_Momentum_start6,1.315,0.01
1320,0.0718335583806037,0.933201014995575,0.7696284055709839,0.6116969585418701,SGD_Momentum_start6,1.32,0.01
1325,0.0430368781089782,0.9759196043014526,0.7534049153327942,0.6895735263824463,SGD_Momentum_start6,1.325,0.01
1330,1.5552295446395874,1.044969081878662,0.8585227727890015,0.676099419593811,SGD_Momentum_start6,1.33,0.01
1335,0.6453425884246826,1.0483797788619995,0.8865618705749512,0.6682199239730835,SGD_Momentum_start6,1.335,0.01
1340,1.242787480354309,1.00892174243927,0.8432744145393372,0.6763936877250671,SGD_Momentum_start6,1.34,0.01
1345,0.179908812046051,1.0100610256195068,0.8250131011009216,0.6824225783348083,SGD_Momentum_start6,1.345,0.01
1350,1.727556586265564,1.0231746435165403,0.7544816136360168,0.7605036497116089,SGD_Momentum_start6,1.35,0.01
1355,9.993401527404783,1.0980669260025024,0.9591962695121764,0.6272613406181335,SGD_Momentum_start6,1.355,0.01
1360,1.956711173057556,0.9827240705490112,0.7957777976989746,0.6701624989509583,SGD_Momentum_start6,1.36,0.01
1365,0.4691451787948608,0.9695630669593812,0.723704993724823,0.6545635461807251,SGD_Momentum_start6,1.365,0.01
1370,0.0744725540280342,0.8982334733009338,0.7795453667640686,0.5374735593795776,SGD_Momentum_start6,1.37,0.01
1375,0.1470269560813903,0.8513351082801819,0.7725358605384827,0.492872029542923,SGD_Momentum_start6,1.375,0.01
1380,0.2973406314849853,0.8205957412719727,0.7085945010185242,0.5021790266036987,SGD_Momentum_start6,1.38,0.01
1385,1.7097349166870115,0.8447521924972534,0.6537185907363892,0.6051324605941772,SGD_Momentum_start6,1.385,0.01
1390,3.604096174240112,0.9238814115524292,0.8229581713676453,0.508722186088562,SGD_Momentum_start6,1.39,0.01
1395,2.8951735496521,0.848358690738678,0.6946209073066711,0.5702870488166809,SGD_Momentum_start6,1.395,0.01
1400,0.0857935845851898,0.8442766666412354,0.7094545364379883,0.5269753932952881,SGD_Momentum_start6,1.4,0.01
1405,0.8711575269699097,0.8325188755989075,0.7113595604896545,0.5318768620491028,SGD_Momentum_start6,1.405,0.01
1410,0.080705814063549,0.84742671251297,0.7104013562202454,0.5372417569160461,SGD_Momentum_start6,1.41,0.01
1415,0.0675906985998153,0.3847536444664001,0.7480635046958923,0.5674008131027222,SGD_Momentum_start6,1.415,0.01
1420,0.4131675064563751,0.9525701999664308,0.8118927478790283,0.6352099180221558,SGD_Momentum_start6,1.42,0.01
1425,0.0449752435088157,1.022538185119629,0.9116647243499756,0.6530519723892212,SGD_Momentum_start6,1.425,0.01
1430,3.8767952919006334,1.0220978260040283,0.7048598527908325,0.7956069707870483,SGD_Momentum_start6,1.43,0.01
1435,5.133546829223633,1.0622177124023438,0.9784409403800964,0.5846596956253052,SGD_Momentum_start6,1.435,0.01
1440,2.462372303009033,0.9353734850883484,0.6478667259216309,0.6966381669044495,SGD_Momentum_start6,1.44,0.01
1445,0.119513601064682,0.8647670745849609,0.7718815803527832,0.4848370254039764,SGD_Momentum_start6,1.445,0.01
1450,2.279923677444458,0.764129638671875,0.6119941473007202,0.5034835934638977,SGD_Momentum_start6,1.45,0.01
1455,1.5708215236663818,0.7559759616851807,0.6602256298065186,0.3910131454467773,SGD_Momentum_start6,1.455,0.01
1460,0.6671096086502075,0.6686266660690308,0.6221556067466736,0.3537282347679138,SGD_Momentum_start6,1.46,0.01
1465,0.2299929559230804,0.6494271159172058,0.6010726690292358,0.343921959400177,SGD_Momentum_start6,1.465,0.01
1470,0.3508155941963196,0.7418801784515381,0.6873248219490051,0.4170207977294922,SGD_Momentum_start6,1.47,0.01
1475,0.1806924790143966,0.8472003936767578,0.7704448103904724,0.5302593111991882,SGD_Momentum_start6,1.475,0.01
1480,0.5039290189743042,0.950012981891632,0.78460693359375,0.6609017252922058,SGD_Momentum_start6,1.48,0.01
1485,0.0269690472632646,1.0437055826187134,0.8999435305595398,0.6945297122001648,SGD_Momentum_start6,1.485,0.01
1490,4.182034492492676,1.088169813156128,0.8266233205795288,0.8211120963096619,SGD_Momentum_start6,1.49,0.01
1495,0.2393901795148849,1.1481255292892456,0.9186782836914062,0.8161224126815796,SGD_Momentum_start6,1.495,0.01
1500,0.4251576662063598,1.1992781162261963,0.9253373146057128,0.8524947166442871,SGD_Momentum_start6,1.5,0.01
1505,0.67923903465271,1.2224459648132324,0.9895315170288086,0.8375466465950012,SGD_Momentum_start6,1.505,0.01
1510,1.3478436470031738,1.1831265687942505,0.9545656442642212,0.8357919454574585,SGD_Momentum_start6,1.51,0.01
1515,4.631303310394287,1.1414434909820557,0.8396306037902832,0.8580905795097351,SGD_Momentum_start6,1.515,0.01
1520,0.034520000219345,1.134262204170227,0.8602702021598816,0.802554190158844,SGD_Momentum_start6,1.52,0.01
1525,0.3413126766681671,1.1170599460601809,0.8127448558807373,0.7984152436256409,SGD_Momentum_start6,1.525,0.01
1530,5.177073001861572,1.1102126836776731,0.9920698404312134,0.6437979340553284,SGD_Momentum_start6,1.53,0.01
1535,1.740643858909607,0.995048761367798,0.7632232904434204,0.7002277970314026,SGD_Momentum_start6,1.535,0.01
1540,4.845729351043701,1.000217080116272,0.8249642848968506,0.5897180438041687,SGD_Momentum_start6,1.54,0.01
1545,1.362768292427063,0.8753361701965332,0.7596321702003479,0.5420798063278198,SGD_Momentum_start6,1.545,0.01
1550,0.4640204608440399,0.8288167715072632,0.7101303339004517,0.5095192193984985,SGD_Momentum_start6,1.55,0.01
1555,0.0887640044093132,0.8178205490112305,0.6913634538650513,0.5117921829223633,SGD_Momentum_start6,1.555,0.01
1560,0.1104066297411918,0.8546852469444275,0.7480971813201904,0.534355103969574,SGD_Momentum_start6,1.56,0.01
1565,0.1629764437675476,0.9210230112075806,0.7674233913421631,0.5992110967636108,SGD_Momentum_start6,1.565,0.01
1570,0.0598934888839721,0.9738830327987672,0.8242847919464111,0.6447125673294067,SGD_Momentum_start6,1.57,0.01
1575,0.1118204221129417,1.0363057851791382,0.8279860615730286,0.7111799120903015,SGD_Momentum_start6,1.575,0.01
1580,0.1615935862064361,1.0688120126724243,0.8693467974662781,0.739475667476654,SGD_Momentum_start6,1.58,0.01
1585,0.0166908130049705,1.1099259853363037,0.8579939007759094,0.793067455291748,SGD_Momentum_start6,1.585,0.01
1590,0.2650760412216186,1.1489392518997192,0.8830847144126892,0.8360275626182556,SGD_Momentum_start6,1.59,0.01
1595,1.1191750764846802,1.1669063568115234,0.9221481680870056,0.8400068283081055,SGD_Momentum_start6,1.595,0.01
1600,0.6596605181694031,1.180937647819519,0.8829764127731323,0.8729884028434753,SGD_Momentum_start6,1.6,0.01
1605,0.3771148025989532,1.2024646997451782,0.8823450803756714,0.8734425902366638,SGD_Momentum_start6,1.605,0.01
1610,8.963650703430176,1.234183430671692,1.0088169574737549,0.7899196147918701,SGD_Momentum_start6,1.61,0.01
1615,14.181771278381348,1.0998245477676392,0.760286808013916,0.8629104495048523,SGD_Momentum_start6,1.615,0.01
1620,14.058127403259276,1.1323660612106323,0.954171657562256,0.644547164440155,SGD_Momentum_start6,1.62,0.01
1625,13.032293319702148,0.9174563884735109,0.6256155371665955,0.7044331431388855,SGD_Momentum_start6,1.625,0.01
1630,16.05848503112793,0.933612585067749,0.9038007259368896,0.3689611554145813,SGD_Momentum_start6,1.63,0.01
1635,1.777705430984497,0.7098899483680725,0.5031973719596863,0.4938564002513885,SGD_Momentum_start6,1.635,0.01
1640,2.92832088470459,0.5555383563041687,0.491142064332962,0.293771743774414,SGD_Momentum_start6,1.64,0.01
1645,4.507081508636475,0.54081791639328,0.5240259766578674,0.11312947422266,SGD_Momentum_start6,1.645,0.01
1650,1.0819463729858398,0.3939454555511474,0.3525015711784363,0.200604572892189,SGD_Momentum_start6,1.65,0.01
1655,0.9426990747451782,0.4247718453407287,0.4381455481052398,0.1197300031781196,SGD_Momentum_start6,1.655,0.01
1660,0.5084207653999329,0.4457487761974334,0.4435388445854187,0.2033107578754425,SGD_Momentum_start6,1.66,0.01
1665,0.2796578109264374,0.522022545337677,0.4696048498153686,0.2840317785739898,SGD_Momentum_start6,1.665,0.01
1670,0.2802867591381073,0.5871869325637817,0.5754822492599487,0.2710150480270386,SGD_Momentum_start6,1.67,0.01
1675,0.1867957413196563,0.6331892013549805,0.5860124826431274,0.3456080555915832,SGD_Momentum_start6,1.675,0.01
1680,0.6440642476081848,0.7314414978027344,0.6596565246582031,0.4549540281295776,SGD_Momentum_start6,1.68,0.01
1685,0.1229900270700454,0.8230343461036682,0.6966230273246765,0.5295060276985168,SGD_Momentum_start6,1.685,0.01
1690,0.0596192516386508,0.9069926142692566,0.7960983514785767,0.5844085216522217,SGD_Momentum_start6,1.69,0.01
1695,0.4779513776302337,0.9925310611724854,0.8665279150009155,0.654813826084137,SGD_Momentum_start6,1.695,0.01
1700,1.3438174724578855,1.028468132019043,0.8210962414741516,0.7264395952224731,SGD_Momentum_start6,1.7,0.01
1705,0.8879216909408569,1.0407114028930664,0.7836224436759949,0.7537171840667725,SGD_Momentum_start6,1.705,0.01
1710,0.0883396863937377,1.046231746673584,0.7755095958709717,0.7402624487876892,SGD_Momentum_start6,1.71,0.01
1715,1.4547797441482544,1.0457465648651123,0.8842076063156128,0.658288836479187,SGD_Momentum_start6,1.715,0.01
1720,4.035470485687256,0.991929829120636,0.7873075604438782,0.7023460268974304,SGD_Momentum_start6,1.72,0.01
1725,0.5167460441589355,0.9998455047607422,0.7448528409004211,0.6821985840797424,SGD_Momentum_start6,1.725,0.01
1730,0.3824468553066253,0.9459048509597778,0.8276466727256775,0.558702290058136,SGD_Momentum_start6,1.73,0.01
1735,0.1665075123310089,0.8974243998527527,0.752553403377533,0.5550879836082458,SGD_Momentum_start6,1.735,0.01
1740,1.2569619417190552,0.8985742926597595,0.8111596703529358,0.500835657119751,SGD_Momentum_start6,1.74,0.01
1745,0.1002720296382904,0.8735990524291992,0.733420193195343,0.5502890944480896,SGD_Momentum_start6,1.745,0.01
1750,0.4932447075843811,0.9048544764518738,0.7855199575424194,0.5905055999755859,SGD_Momentum_start6,1.75,0.01
1755,0.1716781109571457,0.9803942441940308,0.8196291327476501,0.6401829123497009,SGD_Momentum_start6,1.755,0.01
1760,0.099195584654808,1.014220118522644,0.7898483276367188,0.7011501789093018,SGD_Momentum_start6,1.76,0.01
1765,0.929236888885498,1.0179729461669922,0.7946661710739136,0.7249184846878052,SGD_Momentum_start6,1.765,0.01
1770,0.4672021865844726,1.0723519325256348,0.8287190794944763,0.7449820637702942,SGD_Momentum_start6,1.77,0.01
1775,1.2673633098602295,1.069896221160889,0.8150761723518372,0.7813713550567627,SGD_Momentum_start6,1.775,0.01
1780,4.2415618896484375,1.1271412372589111,0.8828617930412292,0.7410402894020081,SGD_Momentum_start6,1.78,0.01
1785,5.512582302093506,1.025057077407837,0.8157661557197571,0.7229409217834473,SGD_Momentum_start6,1.785,0.01
1790,7.855895042419434,1.0429707765579224,0.8397158980369568,0.6161277294158936,SGD_Momentum_start6,1.79,0.01
1795,7.217020034790039,0.8556712865829468,0.6614087820053101,0.5949480533599854,SGD_Momentum_start6,1.795,0.01
1800,0.1859149932861328,0.8077934384346008,0.6376259326934814,0.5034235119819641,SGD_Momentum_start6,1.8,0.01
1805,0.6884961128234863,0.7533478140830994,0.7066951394081116,0.366419643163681,SGD_Momentum_start6,1.805,0.01
1810,1.8027867078781128,0.6679526567459106,0.5497544407844543,0.4234997630119324,SGD_Momentum_start6,1.81,0.01
1815,0.4642915725708008,0.6632956266403198,0.5814047455787659,0.3488394021987915,SGD_Momentum_start6,1.815,0.01
1820,0.4312348961830139,0.6605708003044128,0.5924215316772461,0.4000456631183624,SGD_Momentum_start6,1.82,0.01
1825,0.18848717212677,0.8018130660057068,0.7461720705032349,0.4976868629455566,SGD_Momentum_start6,1.825,0.01
1830,0.4486226141452789,0.944570004940033,0.7868114709854126,0.6584219932556152,SGD_Momentum_start6,1.83,0.01
1835,0.0270245820283889,1.0612236261367798,0.8249322772026062,0.7616620063781738,SGD_Momentum_start6,1.835,0.01
1840,0.0867920219898223,1.127818584442139,0.8906722664833069,0.8038721084594727,SGD_Momentum_start6,1.84,0.01
1845,0.0093132341280579,1.1722434759140017,0.9671422839164734,0.8154870271682739,SGD_Momentum_start6,1.845,0.01
1850,0.6893028020858765,1.2220802307128906,0.9607258439064026,0.8573354482650757,SGD_Momentum_start6,1.85,0.01
1855,0.0703641697764396,1.2239751815795898,0.8878787755966187,0.9053316712379456,SGD_Momentum_start6,1.855,0.01
1860,1.3821560144424438,1.2393287420272827,0.9769712686538696,0.8601665496826172,SGD_Momentum_start6,1.86,0.01
1865,0.1280746459960937,1.2247798442840576,0.8890339136123657,0.9014858603477478,SGD_Momentum_start6,1.865,0.01
1870,1.068644404411316,1.1985324621200562,0.8978531360626221,0.8892722129821777,SGD_Momentum_start6,1.87,0.01
1875,0.2802968025207519,1.197349190711975,0.9630885720252992,0.8418191075325012,SGD_Momentum_start6,1.875,0.01
1880,0.7418916821479797,1.202337384223938,0.9508110880851746,0.82723069190979,SGD_Momentum_start6,1.88,0.01
1885,0.3564734756946563,1.1786507368087769,0.8770418763160706,0.8419409394264221,SGD_Momentum_start6,1.885,0.01
1890,0.9225271344184875,1.134773850440979,0.8553062081336975,0.827008068561554,SGD_Momentum_start6,1.89,0.01
1895,1.4932668209075928,1.1159274578094482,0.8847823739051819,0.7935827374458313,SGD_Momentum_start6,1.895,0.01
1900,0.4670546054840088,1.1245876550674438,0.7931016683578491,0.8149446249008179,SGD_Momentum_start6,1.9,0.01
1905,0.0988324582576751,1.0524646043777466,0.9498143196105956,0.6436053514480591,SGD_Momentum_start6,1.905,0.01
1910,1.64241361618042,1.0033671855926514,0.7341278195381165,0.665829062461853,SGD_Momentum_start6,1.91,0.01
1915,1.837258219718933,0.8511914014816284,0.7463293075561523,0.5118392109870911,SGD_Momentum_start6,1.915,0.01
1920,0.6684666275978088,0.7710410356521606,0.6112082004547119,0.4963723123073578,SGD_Momentum_start6,1.92,0.01
1925,2.3262481689453125,0.750961184501648,0.6940183639526367,0.3471344709396362,SGD_Momentum_start6,1.925,0.01
1930,1.3282092809677124,0.6484801173210144,0.5683234333992004,0.376488596200943,SGD_Momentum_start6,1.93,0.01
1935,0.1797207295894622,0.6321635246276855,0.5745882391929626,0.3482184112071991,SGD_Momentum_start6,1.935,0.01
1940,0.139134019613266,0.7039439678192139,0.6199302673339844,0.448801726102829,SGD_Momentum_start6,1.94,0.01
1945,3.006190776824951,0.8881644010543823,0.7995125651359558,0.5077736973762512,SGD_Momentum_start6,1.945,0.01
1950,6.487509250640869,0.9050114750862122,0.7027850151062012,0.6695353984832764,SGD_Momentum_start6,1.95,0.01
1955,13.845823287963867,1.0312119722366333,0.9067341089248656,0.5476500391960144,SGD_Momentum_start6,1.955,0.01
1960,9.035200119018556,0.8782230615615845,0.6346421837806702,0.657488226890564,SGD_Momentum_start6,1.96,0.01
1965,1.6495378017425537,0.874306321144104,0.7382404208183289,0.4986873567104339,SGD_Momentum_start6,1.965,0.01
1970,0.3733072280883789,0.7823842763900757,0.7223514318466187,0.4320229589939117,SGD_Momentum_start6,1.97,0.01
1975,0.85047447681427,0.729252815246582,0.5789434909820557,0.4750446677207947,SGD_Momentum_start6,1.975,0.01
1980,0.7087652683258057,0.7155434489250183,0.6475403308868408,0.3622042238712311,SGD_Momentum_start6,1.98,0.01
1985,0.1486970037221908,0.6850137114524841,0.6433612704277039,0.3846805393695831,SGD_Momentum_start6,1.985,0.01
1990,0.1324983239173889,0.8180871605873108,0.7105090618133545,0.5228056311607361,SGD_Momentum_start6,1.99,0.01
1995,0.1310096532106399,0.9342098236083984,0.7999860048294067,0.6224463582038879,SGD_Momentum_start6,1.995,0.01
2000,0.0491688326001167,1.0360146760940552,0.8269041776657104,0.7228356003761292,SGD_Momentum_start6,2.0,0.01
2005,0.2521526217460632,1.0966511964797974,0.8844902515411377,0.7740687727928162,SGD_Momentum_start6,2.005,0.01
2010,0.008823943324387,0.1775906533002853,0.9301612973213196,0.8252683281898499,SGD_Momentum_start6,2.01,0.01
2015,3.546520709991455,1.2472987174987793,0.9677401185035706,0.8676155209541321,SGD_Momentum_start6,2.015,0.01
2020,0.0451037213206291,1.2277042865753174,1.0534541606903076,0.8277338743209839,SGD_Momentum_start6,2.02,0.01
2025,0.3951506316661834,1.1883901357650757,0.843332052230835,0.8863732218742371,SGD_Momentum_start6,2.025,0.01
2030,9.830329895019531,1.1928609609603882,0.9976930022239684,0.7267992496490479,SGD_Momentum_start6,2.03,0.01
2035,6.310273170471191,1.0335190296173096,0.7748315334320068,0.754662811756134,SGD_Momentum_start6,2.035,0.01
2040,0.4496796131134033,0.9815906882286072,0.7647145390510559,0.6697666049003601,SGD_Momentum_start6,2.04,0.01
2045,1.888543605804444,0.9643813371658324,0.7729697227478027,0.5987518429756165,SGD_Momentum_start6,2.045,0.01
2050,0.0570206940174102,0.9516739249229432,0.7771838307380676,0.6365600824356079,SGD_Momentum_start6,2.05,0.01
2055,0.1221394687891006,0.993160843849182,0.8293229937553406,0.6658465266227722,SGD_Momentum_start6,2.055,0.01
2060,0.0667198076844215,1.043201923370361,0.8280162811279297,0.7195978164672852,SGD_Momentum_start6,2.06,0.01
2065,0.206478089094162,1.068907618522644,0.8671388030052185,0.7408058643341064,SGD_Momentum_start6,2.065,0.01
2070,0.0149222584441304,0.4630409181118011,0.887637734413147,0.7810138463973999,SGD_Momentum_start6,2.07,0.01
2075,0.1809965968132019,1.1683523654937744,0.8756879568099976,0.8467767834663391,SGD_Momentum_start6,2.075,0.01
2080,0.6152061223983765,1.173410415649414,0.8884664177894592,0.8618674874305725,SGD_Momentum_start6,2.08,0.01
2085,0.7547380328178406,1.175114393234253,0.934984564781189,0.8362687230110168,SGD_Momentum_start6,2.085,0.01
2090,0.0236602034419775,1.1806927919387815,0.9142249822616576,0.8359197378158569,SGD_Momentum_start6,2.09,0.01
2095,0.2541486322879791,1.1917314529418943,0.9392845630645752,0.8320421576499939,SGD_Momentum_start6,2.095,0.01
2100,0.406290203332901,1.1908464431762695,0.8876635432243347,0.8536380529403687,SGD_Momentum_start6,2.1,0.01
2105,0.5477494597434998,1.15873384475708,0.8783556222915649,0.8419503569602966,SGD_Momentum_start6,2.105,0.01
2110,0.8146936297416687,1.1395225524902344,0.9104904532432556,0.8017024993896484,SGD_Momentum_start6,2.11,0.01
2115,0.0117903342470526,0.3851623237133026,0.9521695971488952,0.7627336382865906,SGD_Momentum_start6,2.115,0.01
2120,6.200855731964111,1.0954078435897827,0.79020094871521,0.8370447158813477,SGD_Momentum_start6,2.12,0.01
2125,6.448369026184082,1.1340231895446775,0.9083116054534912,0.7147052884101868,SGD_Momentum_start6,2.125,0.01
2130,0.9891045093536376,1.0145070552825928,0.8678790926933289,0.6553744673728943,SGD_Momentum_start6,2.13,0.01
2135,3.447950839996338,0.9417932629585266,0.6625903844833374,0.7061164379119873,SGD_Momentum_start6,2.135,0.01
2140,3.908074140548706,0.9369906783103944,0.8877040147781372,0.4650750458240509,SGD_Momentum_start6,2.14,0.01
2145,0.8933975696563721,0.8058330416679382,0.6015097498893738,0.5489196181297302,SGD_Momentum_start6,2.145,0.01
2150,0.4436833560466766,0.740458607673645,0.695724368095398,0.3555446267127991,SGD_Momentum_start6,2.15,0.01
2155,0.8040167689323425,0.6488681435585022,0.558720588684082,0.3771410584449768,SGD_Momentum_start6,2.155,0.01
2160,1.7703003883361816,0.6677320003509521,0.6082367300987244,0.3090938925743103,SGD_Momentum_start6,2.16,0.01
2165,0.3917418122291565,0.6148725152015686,0.5917337536811829,0.302986204624176,SGD_Momentum_start6,2.165,0.01
2170,0.2189608961343765,0.6240726113319397,0.5897207260131836,0.3308134973049164,SGD_Momentum_start6,2.17,0.01
2175,0.1220882385969162,0.746820330619812,0.664671003818512,0.4868621528148651,SGD_Momentum_start6,2.175,0.01
2180,0.0513553656637668,0.9321865439414978,0.802410900592804,0.630824625492096,SGD_Momentum_start6,2.18,0.01
2185,0.9073967933654784,1.096097111701965,0.8689427375793457,0.7642613649368286,SGD_Momentum_start6,2.185,0.01
2190,0.6798753142356873,1.184178352355957,0.9551650881767272,0.8224799633026123,SGD_Momentum_start6,2.19,0.01
2195,1.735116958618164,1.238800883293152,0.9374040365219116,0.8827657699584961,SGD_Momentum_start6,2.195,0.01
2200,0.3023486733436584,1.252887725830078,0.9742093086242676,0.8932393193244934,SGD_Momentum_start6,2.2,0.01
2205,0.5401124358177185,1.2611898183822632,0.9243853092193604,0.921829640865326,SGD_Momentum_start6,2.205,0.01
2210,0.5556729435920715,1.2308287620544434,0.9167524576187134,0.9114058017730712,SGD_Momentum_start6,2.21,0.01
2215,0.8332805037498474,1.21049165725708,0.9517655372619628,0.8684866428375244,SGD_Momentum_start6,2.215,0.01
2220,0.0097349938005208,1.201738357543945,0.9220842123031616,0.8575499057769775,SGD_Momentum_start6,2.22,0.01
2225,0.6406962871551514,1.1748234033584597,0.931020438671112,0.8337694406509399,SGD_Momentum_start6,2.225,0.01
2230,0.0840419605374336,1.1650394201278689,0.9904454350471495,0.7794466018676758,SGD_Momentum_start6,2.23,0.01
2235,5.02893590927124,1.1059740781784058,0.7313433885574341,0.8741620182991028,SGD_Momentum_start6,2.235,0.01
2240,4.749854564666748,1.100631594657898,0.9970966577529908,0.6208186149597168,SGD_Momentum_start6,2.24,0.01
2245,2.704608917236328,0.9491921663284302,0.6498662829399109,0.7082930207252502,SGD_Momentum_start6,2.245,0.01
2250,0.0923284739255905,0.8585128784179688,0.7643404603004456,0.4810598194599151,SGD_Momentum_start6,2.25,0.01
2255,2.2272167205810547,0.7535065412521362,0.6053309440612793,0.4928740561008453,SGD_Momentum_start6,2.255,0.01
2260,1.568901300430298,0.7429158687591553,0.6520450711250305,0.3780053257942199,SGD_Momentum_start6,2.26,0.01
2265,0.5844276547431946,0.6558961868286133,0.614611029624939,0.3401730060577392,SGD_Momentum_start6,2.265,0.01
2270,0.2115964144468307,0.6391429305076599,0.5968758463859558,0.334618866443634,SGD_Momentum_start6,2.27,0.01
2275,0.1603188812732696,0.6870843768119812,0.6705456972122192,0.3581734895706177,SGD_Momentum_start6,2.275,0.01
2280,1.7444443702697754,0.7338036894798279,0.5854151844978333,0.5259116291999817,SGD_Momentum_start6,2.28,0.01
2285,0.6331972479820251,0.8426363468170166,0.7386107444763184,0.4975984692573547,SGD_Momentum_start6,2.285,0.01
2290,1.67801833152771,0.8943778276443481,0.8177448511123657,0.4993728101253509,SGD_Momentum_start6,2.29,0.01
2295,0.0731077939271926,0.903818666934967,0.751767635345459,0.5877258777618408,SGD_Momentum_start6,2.295,0.01
2300,0.0477030985057354,0.9469980001449584,0.8147031664848328,0.6167821884155273,SGD_Momentum_start6,2.3,0.01
2305,0.3527409434318542,1.0476664304733276,0.8190613389015198,0.7343762516975403,SGD_Momentum_start6,2.305,0.01
2310,1.3761414289474487,1.0898693799972534,0.8288028836250305,0.8079904317855835,SGD_Momentum_start6,2.31,0.01
2315,4.821693420410156,1.1749528646469116,0.911090850830078,0.7892791628837585,SGD_Momentum_start6,2.315,0.01
2320,6.154910087585449,1.0841357707977295,0.8518151640892029,0.7804697751998901,SGD_Momentum_start6,2.32,0.01
2325,9.951667785644531,1.110878586769104,0.8819903135299683,0.674293577671051,SGD_Momentum_start6,2.325,0.01
2330,8.397568702697754,0.914681613445282,0.6944655179977417,0.6505644917488098,SGD_Momentum_start6,2.33,0.01
2335,0.2278758883476257,0.8617877960205078,0.6685972809791565,0.548564612865448,SGD_Momentum_start6,2.335,0.01
2340,0.8253775238990784,0.7963476777076721,0.7393546104431152,0.3991360962390899,SGD_Momentum_start6,2.34,0.01
2345,1.9397844076156616,0.6989690661430359,0.5680661201477051,0.4497236013412475,SGD_Momentum_start6,2.345,0.01
2350,0.5121824741363525,0.6871530413627625,0.5974767208099365,0.3660644888877868,SGD_Momentum_start6,2.35,0.01
2355,0.4877572655677795,0.6697397232055664,0.588732898235321,0.4072345495223999,SGD_Momentum_start6,2.355,0.01
2360,1.0198959112167358,0.7501828074455261,0.6523571014404297,0.4207065403461456,SGD_Momentum_start6,2.36,0.01
2365,1.691500186920166,0.7729206681251526,0.6922807097434998,0.4801643192768097,SGD_Momentum_start6,2.365,0.01
2370,4.26635217666626,0.8931936621665955,0.7514687776565552,0.5151045322418213,SGD_Momentum_start6,2.37,0.01
2375,6.341300487518311,0.8201658129692078,0.6531438827514648,0.5728488564491272,SGD_Momentum_start6,2.375,0.01
2380,0.1369770914316177,0.8286401033401489,0.6507680416107178,0.5358878374099731,SGD_Momentum_start6,2.38,0.01
2385,0.6110817790031433,0.8087364435195923,0.7466850280761719,0.4239791929721832,SGD_Momentum_start6,2.385,0.01
2390,2.909331560134888,0.7366148233413696,0.5832287073135376,0.4999648928642273,SGD_Momentum_start6,2.39,0.01
2395,0.3008024096488952,0.739417314529419,0.6264567375183105,0.4276670217514038,SGD_Momentum_start6,2.395,0.01
2400,1.2446577548980713,0.7780657410621643,0.6987012028694153,0.4310684502124786,SGD_Momentum_start6,2.4,0.01
2405,0.2827722728252411,0.8185697793960571,0.7343209385871887,0.4737385809421539,SGD_Momentum_start6,2.405,0.01
2410,1.27515709400177,0.830812931060791,0.7249951362609863,0.5289996862411499,SGD_Momentum_start6,2.41,0.01
2415,2.0003976821899414,0.9033156037330629,0.7272403240203857,0.5589814186096191,SGD_Momentum_start6,2.415,0.01
2420,2.5618736743927,0.9162641167640686,0.8493847250938416,0.4992035627365112,SGD_Momentum_start6,2.42,0.01
2425,3.886324644088745,0.8702561259269714,0.6615379452705383,0.6306428909301758,SGD_Momentum_start6,2.425,0.01
2430,0.3118042349815368,0.8914453983306885,0.7156641483306885,0.569904088973999,SGD_Momentum_start6,2.43,0.01
2435,2.416048288345337,0.8988589644432068,0.7825514674186707,0.5067062377929688,SGD_Momentum_start6,2.435,0.01
2440,1.2878037691116333,0.8909238576889038,0.802898108959198,0.5118598937988281,SGD_Momentum_start6,2.44,0.01
2445,0.6721863150596619,0.8906558752059937,0.7772629261016846,0.5660256743431091,SGD_Momentum_start6,2.445,0.01
2450,0.23891381919384,0.9203563332557678,0.7704964280128479,0.6078013777732849,SGD_Momentum_start6,2.45,0.01
2455,1.6820425987243652,0.9386999607086182,0.7082697153091431,0.6827017664909363,SGD_Momentum_start6,2.455,0.01
2460,6.919541358947754,1.009307026863098,0.8945118188858032,0.5574951767921448,SGD_Momentum_start6,2.46,0.01
2465,1.882826566696167,0.9074128270149232,0.7476967573165894,0.603715181350708,SGD_Momentum_start6,2.465,0.01
2470,0.2724499106407165,0.8978757858276367,0.6830629706382751,0.5943887233734131,SGD_Momentum_start6,2.47,0.01
2475,0.0807036235928535,0.6547734141349792,0.7551242709159851,0.4912261068820953,SGD_Momentum_start6,2.475,0.01
2480,0.4644691348075866,0.8698670268058777,0.7581783533096313,0.5205646753311157,SGD_Momentum_start6,2.48,0.01
2485,0.1711058914661407,0.8906711935997009,0.7236835956573486,0.578752875328064,SGD_Momentum_start6,2.485,0.01
2490,0.695334255695343,0.8969159722328186,0.7283234596252441,0.6102211475372314,SGD_Momentum_start6,2.49,0.01
2495,0.0792853459715843,0.9567226767539978,0.7910642027854919,0.642764687538147,SGD_Momentum_start6,2.495,0.01
2500,0.1970846652984619,1.001710057258606,0.8495088219642639,0.6645897030830383,SGD_Momentum_start6,2.5,0.01
2505,0.1279838383197784,1.0402188301086426,0.8466472029685974,0.6968381404876709,SGD_Momentum_start6,2.505,0.01
2510,0.0294589847326278,1.0516343116760254,0.8874799609184265,0.7007906436920166,SGD_Momentum_start6,2.51,0.01
2515,0.0728743225336074,1.081731200218201,0.8636295199394226,0.7422082424163818,SGD_Momentum_start6,2.515,0.01
2520,3.40049409866333,1.1355087757110596,0.983128547668457,0.7075821161270142,SGD_Momentum_start6,2.52,0.01
2525,10.91303253173828,1.055151343345642,0.7120223641395569,0.840335488319397,SGD_Momentum_start6,2.525,0.01
2530,13.82009983062744,1.109653115272522,0.9926547408103944,0.596630871295929,SGD_Momentum_start6,2.53,0.01
2535,8.603277206420898,0.9192257523536682,0.6213566064834595,0.7081758379936218,SGD_Momentum_start6,2.535,0.01
2540,1.1456893682479858,0.8719908595085144,0.7645655870437622,0.4784902036190033,SGD_Momentum_start6,2.54,0.01
2545,1.9217889308929443,0.7578622102737427,0.6429438591003418,0.469660222530365,SGD_Momentum_start6,2.545,0.01
2550,0.3150373101234436,0.7329433560371399,0.5955430865287781,0.4337667226791382,SGD_Momentum_start6,2.55,0.01
2555,0.2609561085700989,0.6830776929855347,0.6400105953216553,0.333676666021347,SGD_Momentum_start6,2.555,0.01
2560,0.1941465735435485,0.6608635783195496,0.5990328788757324,0.3538601994514465,SGD_Momentum_start6,2.56,0.01
2565,0.7635306119918823,0.7572200298309326,0.7158411741256714,0.4184530973434448,SGD_Momentum_start6,2.565,0.01
2570,0.848071277141571,0.8439148664474487,0.7491099238395691,0.5410432815551758,SGD_Momentum_start6,2.57,0.01
2575,0.2879791259765625,0.9331330060958862,0.7900232076644897,0.6323306560516357,SGD_Momentum_start6,2.575,0.01
2580,1.1870633363723757,1.014251947402954,0.7667242288589478,0.7491461038589478,SGD_Momentum_start6,2.58,0.01
2585,0.1072908788919448,1.064331293106079,0.8590978980064392,0.7354276776313782,SGD_Momentum_start6,2.585,0.01
2590,0.0550311133265495,1.116639494895935,0.8687955141067505,0.7913053035736084,SGD_Momentum_start6,2.59,0.01
2595,0.1321493983268737,1.1438837051391602,0.9137751460075378,0.8075771927833557,SGD_Momentum_start6,2.595,0.01
2600,0.0562390685081481,1.1749308109283447,0.8947437405586243,0.8443478345870972,SGD_Momentum_start6,2.6,0.01
2605,0.3161268234252929,1.178562879562378,0.9232070446014404,0.8461260795593262,SGD_Momentum_start6,2.605,0.01
2610,0.1933089345693588,1.211499571800232,0.8783178925514221,0.8953883051872253,SGD_Momentum_start6,2.61,0.01
2615,5.804343223571777,1.2470128536224363,0.9959641098976136,0.8286856412887573,SGD_Momentum_start6,2.615,0.01
2620,3.948806524276733,1.220131516456604,1.0200133323669434,0.7890005707740784,SGD_Momentum_start6,2.62,0.01
2625,0.1333656311035156,1.1538927555084229,0.9624544978141784,0.7788839340209961,SGD_Momentum_start6,2.625,0.01
2630,2.35950231552124,1.1003670692443848,0.8370862007141113,0.7979941368103027,SGD_Momentum_start6,2.63,0.01
2635,2.632301092147827,1.057407021522522,0.7601794004440308,0.7914386987686157,SGD_Momentum_start6,2.635,0.01
2640,11.430391311645508,1.0965852737426758,0.964786171913147,0.6074782013893127,SGD_Momentum_start6,2.64,0.01
2645,0.750010073184967,0.9600364565849304,0.8021202087402344,0.6242659687995911,SGD_Momentum_start6,2.645,0.01
2650,0.1897796243429184,0.9411437511444092,0.7901080250740051,0.5882337093353271,SGD_Momentum_start6,2.65,0.01
2655,0.1776013076305389,0.9218024611473083,0.7395752668380737,0.5995928049087524,SGD_Momentum_start6,2.655,0.01
2660,0.460002601146698,0.8980605006217957,0.7322595715522766,0.5975293517112732,SGD_Momentum_start6,2.66,0.01
2665,0.6669974327087402,0.9013821482658386,0.7675305008888245,0.5846782326698303,SGD_Momentum_start6,2.665,0.01
2670,0.2945082187652588,0.9577153325080872,0.7766119837760925,0.6589138507843018,SGD_Momentum_start6,2.67,0.01
2675,1.0515143871307373,0.9973968863487244,0.8223890066146851,0.6864429712295532,SGD_Momentum_start6,2.675,0.01
2680,0.1634020805358886,1.039501070976257,0.7482060194015503,0.7491553425788879,SGD_Momentum_start6,2.68,0.01
2685,0.2508891522884369,0.9998802542686462,0.90712708234787,0.607819139957428,SGD_Momentum_start6,2.685,0.01
2690,0.8023282289505005,0.9650450348854064,0.70586758852005,0.648482620716095,SGD_Momentum_start6,2.69,0.01
2695,2.388794183731079,0.831847071647644,0.7247576117515564,0.5060507655143738,SGD_Momentum_start6,2.695,0.01
2700,1.036974310874939,0.7638227939605713,0.6006278395652771,0.5030880570411682,SGD_Momentum_start6,2.7,0.01
2705,1.793900489807129,0.7513770461082458,0.6896398663520813,0.3596376478672027,SGD_Momentum_start6,2.705,0.01
2710,1.7119965553283691,0.6574384570121765,0.569096028804779,0.3927421569824219,SGD_Momentum_start6,2.71,0.01
2715,0.1942422091960907,0.644018828868866,0.5745425224304199,0.3538149297237396,SGD_Momentum_start6,2.715,0.01
2720,0.1581767350435257,0.7078441977500916,0.6425176858901978,0.4213049411773681,SGD_Momentum_start6,2.72,0.01
2725,0.3227762877941131,0.8752533793449402,0.7704778909683228,0.562279462814331,SGD_Momentum_start6,2.725,0.01
2730,0.0411157272756099,1.0133739709854126,0.8718633651733398,0.6844842433929443,SGD_Momentum_start6,2.73,0.01
2735,0.0164323691278696,1.1172454357147217,0.883107602596283,0.797182023525238,SGD_Momentum_start6,2.735,0.01
2740,1.4501534700393677,1.1655503511428833,0.9149166345596312,0.8519929647445679,SGD_Momentum_start6,2.74,0.01
2745,0.0448739156126976,1.204145073890686,0.8104450702667236,0.9216924905776978,SGD_Momentum_start6,2.745,0.01
2750,1.0917013883590698,1.146375060081482,0.9858118295669556,0.7593330144882202,SGD_Momentum_start6,2.75,0.01
2755,0.4018134772777557,1.0938286781311035,0.752587616443634,0.786929190158844,SGD_Momentum_start6,2.755,0.01
2760,4.767744541168213,0.9359193444252014,0.7741230130195618,0.614532470703125,SGD_Momentum_start6,2.76,0.01
2765,19.139301300048828,0.9523910880088806,0.843312680721283,0.4186696410179138,SGD_Momentum_start6,2.765,0.01
2770,10.103472709655762,0.6785632371902466,0.4490047693252563,0.5112171769142151,SGD_Momentum_start6,2.77,0.01
2775,1.0550298690795898,0.5843307375907898,0.6000869274139404,0.1699360907077789,SGD_Momentum_start6,2.775,0.01
2780,1.1451032161712646,0.4909579157829284,0.4293306171894073,0.1896405071020126,SGD_Momentum_start6,2.78,0.01
2785,0.6481268405914307,0.3947110772132873,0.3900881707668304,0.1508249342441558,SGD_Momentum_start6,2.785,0.01
2790,0.5164109468460083,0.4420879185199737,0.418073296546936,0.1896940916776657,SGD_Momentum_start6,2.79,0.01
2795,0.521037220954895,0.51283860206604,0.5272951126098633,0.213278979063034,SGD_Momentum_start6,2.795,0.01
2800,0.2313393056392669,0.6092916131019592,0.6042614579200745,0.3099170625209808,SGD_Momentum_start6,2.8,0.01
2805,0.7133949995040894,0.6849799752235413,0.6124553084373474,0.4172271490097046,SGD_Momentum_start6,2.805,0.01
2810,0.776777446269989,0.7422836422920227,0.6165191531181335,0.4892566502094269,SGD_Momentum_start6,2.81,0.01
2815,0.1069791913032531,0.7949538826942444,0.7036582231521606,0.4808181226253509,SGD_Momentum_start6,2.815,0.01
2820,1.1365959644317627,0.876075267791748,0.7511870861053467,0.528501033782959,SGD_Momentum_start6,2.82,0.01
2825,0.0715633481740951,0.8921757340431213,0.8342683911323547,0.5194237232208252,SGD_Momentum_start6,2.825,0.01
2830,0.2839431464672088,0.8925476670265198,0.6976717114448547,0.6069895625114441,SGD_Momentum_start6,2.83,0.01
2835,4.162304878234863,0.9244295954704284,0.8204885125160217,0.5007335543632507,SGD_Momentum_start6,2.835,0.01
2840,3.589498996734619,0.8231571912765503,0.663348376750946,0.5571977496147156,SGD_Momentum_start6,2.84,0.01
2845,0.4204779863357544,0.8061549067497253,0.6649705171585083,0.5146838426589966,SGD_Momentum_start6,2.845,0.01
2850,0.923776388168335,0.8166013956069946,0.6814970970153809,0.4793316721916199,SGD_Momentum_start6,2.85,0.01
2855,1.1926205158233645,0.8405272960662842,0.7320816516876221,0.4930218756198883,SGD_Momentum_start6,2.855,0.01
2860,0.0728422254323959,0.8631055355072021,0.7519916892051697,0.5408404469490051,SGD_Momentum_start6,2.86,0.01
2865,1.1108338832855225,0.9433718919754028,0.7868141531944275,0.5956245064735413,SGD_Momentum_start6,2.865,0.01
2870,0.2116553783416748,0.9501239061355592,0.8615182638168335,0.5822497010231018,SGD_Momentum_start6,2.87,0.01
2875,0.6983947157859802,0.9355188012123108,0.70770663022995,0.6593049168586731,SGD_Momentum_start6,2.875,0.01
2880,3.2689878940582275,0.9508894085884094,0.8279873132705688,0.5366489887237549,SGD_Momentum_start6,2.88,0.01
2885,4.844048976898193,0.8421763181686401,0.6623513102531433,0.5848042964935303,SGD_Momentum_start6,2.885,0.01
2890,10.816506385803224,0.8977962732315063,0.81645667552948,0.4126684963703155,SGD_Momentum_start6,2.89,0.01
2895,4.1112260818481445,0.7278213500976562,0.5715736746788025,0.4910778701305389,SGD_Momentum_start6,2.895,0.01
2900,1.6646223068237305,0.717674732208252,0.6415027976036072,0.3465294539928436,SGD_Momentum_start6,2.9,0.01
2905,0.1868903636932373,0.6394847631454468,0.6271459460258484,0.2984536290168762,SGD_Momentum_start6,2.905,0.01
2910,0.4266008138656616,0.6141034364700317,0.5203582644462585,0.3633674681186676,SGD_Momentum_start6,2.91,0.01
2915,0.7869881987571716,0.6260804533958435,0.5876389741897583,0.2842881381511688,SGD_Momentum_start6,2.915,0.01
2920,0.1747825145721435,0.6415374875068665,0.6143146753311157,0.3492619097232818,SGD_Momentum_start6,2.92,0.01
2925,0.1348151862621307,0.808831512928009,0.7254538536071777,0.5065747499465942,SGD_Momentum_start6,2.925,0.01
2930,0.1756326556205749,0.9505525827407836,0.770014762878418,0.6480627655982971,SGD_Momentum_start6,2.93,0.01
2935,0.4093324840068817,1.019514799118042,0.814001202583313,0.7196528315544128,SGD_Momentum_start6,2.935,0.01
2940,0.5520078539848328,1.0650824308395386,0.8774850964546204,0.7349777221679688,SGD_Momentum_start6,2.94,0.01
2945,0.0366456843912601,1.101164698600769,0.8748040795326233,0.7626686096191406,SGD_Momentum_start6,2.945,0.01
2950,0.5653199553489685,1.1398051977157593,0.8742724061012268,0.8006919026374817,SGD_Momentum_start6,2.95,0.01
2955,0.0271866619586944,1.1390697956085205,0.8943387866020203,0.8032450675964355,SGD_Momentum_start6,2.955,0.01
2960,0.0163797251880168,1.1530073881149292,0.9527305364608764,0.7902474999427795,SGD_Momentum_start6,2.96,0.01
2965,0.9465224146842957,1.1775693893432615,0.9416362643241882,0.8028302788734436,SGD_Momentum_start6,2.965,0.01
2970,0.3010641634464264,1.166930913925171,0.8699971437454224,0.8350359201431274,SGD_Momentum_start6,2.97,0.01
2975,1.187916874885559,1.132248044013977,0.8495202660560608,0.8314203023910522,SGD_Momentum_start6,2.975,0.01
2980,0.0769517421722412,1.1414378881454468,0.9500134587287904,0.7769876718521118,SGD_Momentum_start6,2.98,0.01
2985,6.372192859649658,1.1060277223587036,0.7968451380729675,0.8470685482025146,SGD_Momentum_start6,2.985,0.01
2990,7.546227931976318,1.1488837003707886,0.9223693013191224,0.7212342619895935,SGD_Momentum_start6,2.99,0.01
2995,0.6490702033042908,1.0283026695251465,0.885032057762146,0.6601069569587708,SGD_Momentum_start6,2.995,0.01
3000,2.811243057250977,0.9532197713851928,0.6752001047134399,0.7073365449905396,SGD_Momentum_start6,3.0,0.01
3005,4.880770206451416,0.947092056274414,0.9014192223548888,0.4642366766929626,SGD_Momentum_start6,3.005,0.01
3010,0.6716910004615784,0.8132075667381287,0.6103233098983765,0.549159824848175,SGD_Momentum_start6,3.01,0.01
3015,0.5863608121871948,0.7486042380332947,0.7051922082901001,0.3566347360610962,SGD_Momentum_start6,3.015,0.01
3020,0.715219259262085,0.6547288298606873,0.5649092793464661,0.3789865970611572,SGD_Momentum_start6,3.02,0.01
3025,0.6710382699966431,0.7029578685760498,0.6156948208808899,0.3936603963375091,SGD_Momentum_start6,3.025,0.01
3030,1.2541946172714231,0.7744235396385193,0.6973273754119873,0.4261750280857086,SGD_Momentum_start6,3.03,0.01
3035,0.3840790688991546,0.8157235980033875,0.7363515496253967,0.4653079509735107,SGD_Momentum_start6,3.035,0.01
3040,0.9918301105499268,0.820713460445404,0.7223630547523499,0.5124092102050781,SGD_Momentum_start6,3.04,0.01
3045,0.1070031076669693,0.8840720057487488,0.7371593713760376,0.5829658508300781,SGD_Momentum_start6,3.045,0.01
3050,0.0936389714479446,0.9658766388893129,0.7369650602340698,0.6806889772415161,SGD_Momentum_start6,3.05,0.01
3055,3.1071455478668213,1.030928134918213,0.9323400259017944,0.5962250828742981,SGD_Momentum_start6,3.055,0.01
3060,2.7964675426483154,0.9638020396232604,0.7343549728393555,0.6930985450744629,SGD_Momentum_start6,3.06,0.01
3065,2.8233675956726074,0.9860334992408752,0.8034244179725647,0.6029704809188843,SGD_Momentum_start6,3.065,0.01
3070,2.4042556285858154,0.8814923763275146,0.7496469616889954,0.5656635761260986,SGD_Momentum_start6,3.07,0.01
3075,7.644610404968262,0.918828785419464,0.7781357765197754,0.4873555600643158,SGD_Momentum_start6,3.075,0.01
3080,3.4800946712493896,0.7613064050674438,0.6316730976104736,0.4878363609313965,SGD_Momentum_start6,3.08,0.01
3085,0.5620598196983337,0.7363598346710205,0.6086064577102661,0.4185526072978973,SGD_Momentum_start6,3.085,0.01
3090,1.09698486328125,0.6961042881011963,0.6729417443275452,0.306234210729599,SGD_Momentum_start6,3.09,0.01
3095,1.1824734210968018,0.6265513896942139,0.5328529477119446,0.3789013028144836,SGD_Momentum_start6,3.095,0.01
3100,0.5659964084625244,0.6354935765266418,0.5658910870552063,0.3214231133460998,SGD_Momentum_start6,3.1,0.01
3105,0.2193889021873474,0.6820324063301086,0.6236045360565186,0.3853914439678192,SGD_Momentum_start6,3.105,0.01
3110,0.0810524597764015,0.5574759840965271,0.7243669033050537,0.5661458373069763,SGD_Momentum_start6,3.11,0.01
3115,0.4454353749752044,1.0465987920761108,0.8048115372657776,0.7569094896316528,SGD_Momentum_start6,3.115,0.01
3120,0.7298151254653931,1.1634482145309448,0.9046356678009032,0.8250889778137207,SGD_Momentum_start6,3.12,0.01
3125,2.5164620876312256,1.2366619110107422,1.009809970855713,0.8396961688995361,SGD_Momentum_start6,3.125,0.01
3130,3.9366064071655273,1.2054802179336548,0.929954469203949,0.8933043479919434,SGD_Momentum_start6,3.13,0.01
3135,4.349195957183838,1.2371424436569214,0.8941640257835388,0.8677472472190857,SGD_Momentum_start6,3.135,0.01
3140,4.260646820068359,1.1798150539398191,1.0154176950454712,0.7262842655181885,SGD_Momentum_start6,3.14,0.01
3145,6.509157657623291,1.0439679622650146,0.7355765104293823,0.7925431728363037,SGD_Momentum_start6,3.145,0.01
3150,0.4123882055282593,1.0093095302581787,0.7774068117141724,0.6702949404716492,SGD_Momentum_start6,3.15,0.01
3155,3.4809136390686035,0.9777998328208924,0.8350587487220764,0.5646065473556519,SGD_Momentum_start6,3.155,0.01
3160,0.1120780408382415,0.9126856327056884,0.7787854671478271,0.579184353351593,SGD_Momentum_start6,3.16,0.01
3165,0.2242230027914047,0.940041720867157,0.7789907455444336,0.6086974740028381,SGD_Momentum_start6,3.165,0.01
3170,0.0459761247038841,0.9983621835708618,0.8418149352073669,0.6695972084999084,SGD_Momentum_start6,3.17,0.01
3175,0.1148217618465423,1.0723556280136108,0.8483200073242188,0.7472988963127136,SGD_Momentum_start6,3.175,0.01
3180,0.1884076595306396,1.1087045669555664,0.8911182880401611,0.7792837023735046,SGD_Momentum_start6,3.18,0.01
3185,0.0101502211764454,0.5182708501815796,0.9060863256454468,0.819196343421936,SGD_Momentum_start6,3.185,0.01
3190,0.0226673204451799,1.2079932689666748,0.9126830697059632,0.8852778077125549,SGD_Momentum_start6,3.19,0.01
3195,0.3063550293445587,1.235680341720581,0.9573470950126648,0.9030417203903198,SGD_Momentum_start6,3.195,0.01
3200,0.0039342367090284,1.2644485235214231,0.9329971671104432,0.9395236372947692,SGD_Momentum_start6,3.2,0.01
3205,1.094728946685791,1.2637234926223757,0.915168523788452,0.962189555168152,SGD_Momentum_start6,3.205,0.01
3210,6.213054656982422,1.3066110610961914,0.9719625115394592,0.9128854274749756,SGD_Momentum_start6,3.21,0.01
3215,10.504403114318848,1.1733717918395996,0.8743988275527954,0.8800202012062073,SGD_Momentum_start6,3.215,0.01
3220,8.360520362854004,1.1702518463134766,0.8994330167770386,0.7464012503623962,SGD_Momentum_start6,3.22,0.01
3225,12.284812927246094,0.956291675567627,0.6939479112625122,0.7042532563209534,SGD_Momentum_start6,3.225,0.01
3230,24.181922912597656,0.9834063649177552,0.9140172600746156,0.3999756276607513,SGD_Momentum_start6,3.23,0.01
3235,6.737159252166748,0.7041217684745789,0.4695645570755005,0.5255684852600098,SGD_Momentum_start6,3.235,0.01
3240,0.5508713722229004,0.5643792152404785,0.5616948008537292,0.2218123227357864,SGD_Momentum_start6,3.24,0.01
3245,3.234745979309082,0.5245643258094788,0.4869877398014068,0.1408990770578384,SGD_Momentum_start6,3.245,0.01
3250,1.1879863739013672,0.4072793126106262,0.3759697377681732,0.2036789357662201,SGD_Momentum_start6,3.25,0.01
3255,1.3332505226135254,0.4446068704128265,0.4440088868141174,0.1210590526461601,SGD_Momentum_start6,3.255,0.01
3260,1.2763043642044067,0.4135784804821014,0.3813026547431946,0.2206845134496688,SGD_Momentum_start6,3.26,0.01
3265,0.7725344896316528,0.4635831415653229,0.4531119465827942,0.1676212549209594,SGD_Momentum_start6,3.265,0.01
3270,0.2935929596424103,0.4790523946285248,0.4922272264957428,0.2151577919721603,SGD_Momentum_start6,3.27,0.01
3275,0.1933571696281433,0.6111812591552734,0.6249982118606567,0.31076380610466,SGD_Momentum_start6,3.275,0.01
3280,0.2928563356399536,0.7411242723464966,0.6738005876541138,0.4524383842945099,SGD_Momentum_start6,3.28,0.01
3285,1.332646369934082,0.8901244401931763,0.7553425431251526,0.6187911629676819,SGD_Momentum_start6,3.285,0.01
3290,0.3836799561977386,1.001494526863098,0.7868056893348694,0.7141135931015015,SGD_Momentum_start6,3.29,0.01
3295,0.9558361768722534,1.074122667312622,0.8187504410743713,0.743857204914093,SGD_Momentum_start6,3.295,0.01
3300,1.71100914478302,1.08988356590271,0.876339316368103,0.7166710495948792,SGD_Momentum_start6,3.3,0.01
3305,0.0931843966245651,1.0594065189361572,0.8707897067070007,0.699289858341217,SGD_Momentum_start6,3.305,0.01
3310,0.0614179968833923,1.0398375988006592,0.8913182020187378,0.6754475831985474,SGD_Momentum_start6,3.31,0.01
3315,3.749634981155396,1.0047134160995483,0.7611095905303955,0.7335647940635681,SGD_Momentum_start6,3.315,0.01
3320,7.885756492614746,1.052906155586243,0.8776243329048157,0.6161664128303528,SGD_Momentum_start6,3.32,0.01
3325,0.1310345828533172,0.9436219930648804,0.8464789986610413,0.5656647682189941,SGD_Momentum_start6,3.325,0.01
3330,1.35516357421875,0.8801833391189575,0.6553025841712952,0.6209174990653992,SGD_Momentum_start6,3.33,0.01
3335,0.5989676117897034,0.8523945212364197,0.7323228716850281,0.491657942533493,SGD_Momentum_start6,3.335,0.01
3340,1.1336474418640137,0.8241004347801208,0.7563449144363403,0.4325044155120849,SGD_Momentum_start6,3.34,0.01
3345,0.1012345626950264,0.7880341410636902,0.6794729232788086,0.4832201302051544,SGD_Momentum_start6,3.345,0.01
3350,0.07925296574831,0.4173423647880554,0.731212317943573,0.5411953926086426,SGD_Momentum_start6,3.35,0.01
3355,0.3619431853294372,0.9472856521606444,0.8133432269096375,0.6322253942489624,SGD_Momentum_start6,3.355,0.01
3360,0.0289087798446416,1.0309484004974363,0.92341148853302,0.6621870994567871,SGD_Momentum_start6,3.36,0.01
3365,3.990846872329712,1.048937439918518,0.7196381688117981,0.8238078355789185,SGD_Momentum_start6,3.365,0.01
3370,6.26279354095459,1.1037594079971311,1.0120327472686768,0.6184999346733093,SGD_Momentum_start6,3.37,0.01
3375,2.6233160495758057,0.9766085147857666,0.6676450371742249,0.7364808917045593,SGD_Momentum_start6,3.375,0.01
3380,0.1408093273639679,0.9065672755241394,0.8020213842391968,0.5193305611610413,SGD_Momentum_start6,3.38,0.01
3385,2.4752511978149414,0.7986525893211365,0.6318608522415161,0.5344260931015015,SGD_Momentum_start6,3.385,0.01
3390,1.7990130186080933,0.786900520324707,0.6814727187156677,0.4149155020713806,SGD_Momentum_start6,3.39,0.01
3395,0.6987197995185852,0.6912617087364197,0.6384279727935791,0.3722878098487854,SGD_Momentum_start6,3.395,0.01
3400,0.2215879559516906,0.6666485667228699,0.613179087638855,0.3574108183383941,SGD_Momentum_start6,3.4,0.01
3405,0.1480356752872467,0.7342848777770996,0.6655508279800415,0.4286237061023712,SGD_Momentum_start6,3.405,0.01
3410,0.1303892582654953,0.8240288496017456,0.6905435919761658,0.5293614268302917,SGD_Momentum_start6,3.41,0.01
3415,0.4395978152751922,0.8781796097755432,0.728739857673645,0.5885744690895081,SGD_Momentum_start6,3.415,0.01
3420,0.5707553625106812,0.9265926480293274,0.7906267046928406,0.6096222400665283,SGD_Momentum_start6,3.42,0.01
3425,0.0379137136042118,0.9857022166252136,0.8144388794898987,0.667625904083252,SGD_Momentum_start6,3.425,0.01
3430,0.3849905431270599,1.053249478340149,0.87449711561203,0.7258169054985046,SGD_Momentum_start6,3.43,0.01
3435,0.0172916129231452,1.105955719947815,0.9679763913154602,0.7263169884681702,SGD_Momentum_start6,3.435,0.01
3440,4.304457187652588,1.093684434890747,0.7364001274108887,0.8633629083633423,SGD_Momentum_start6,3.44,0.01
3445,6.4276533126831055,1.1261028051376345,1.025263786315918,0.6368620991706848,SGD_Momentum_start6,3.445,0.01
3450,2.626457452774048,0.9854623675346376,0.6708440780639648,0.7425360679626465,SGD_Momentum_start6,3.45,0.01
3455,0.1331151723861694,0.9051747918128968,0.8000014424324036,0.5174068212509155,SGD_Momentum_start6,3.455,0.01
3460,2.404527425765991,0.7927573323249817,0.628451943397522,0.5276945233345032,SGD_Momentum_start6,3.46,0.01
3465,1.799122929573059,0.7784257531166077,0.6761600375175476,0.4062660336494446,SGD_Momentum_start6,3.465,0.01
3470,0.648398756980896,0.6822822690010071,0.6327357292175293,0.3631084859371185,SGD_Momentum_start6,3.47,0.01
3475,0.2120752036571502,0.6585112810134888,0.6088135242462158,0.3499331772327423,SGD_Momentum_start6,3.475,0.01
3480,0.148455411195755,0.7016084790229797,0.6833372116088867,0.3692929446697235,SGD_Momentum_start6,3.48,0.01
3485,1.859145283699036,0.7369285821914673,0.5747676491737366,0.5248735547065735,SGD_Momentum_start6,3.485,0.01
3490,2.592916488647461,0.820824384689331,0.8009077310562134,0.3857969343662262,SGD_Momentum_start6,3.49,0.01
3495,1.5660805702209473,0.7538185119628906,0.5653958916664124,0.5291231870651245,SGD_Momentum_start6,3.495,0.01
3500,0.1735469996929168,0.7309988141059875,0.6810873746871948,0.3732207417488098,SGD_Momentum_start6,3.5,0.01
3505,1.6616724729537964,0.6723785400390625,0.5619524121284485,0.4230969846248626,SGD_Momentum_start6,3.505,0.01
3510,1.164991021156311,0.6895519495010376,0.6147348284721375,0.3438519835472107,SGD_Momentum_start6,3.51,0.01
3515,0.6572708487510681,0.631920337677002,0.595716118812561,0.3275946378707886,SGD_Momentum_start6,3.515,0.01
3520,0.2703109979629516,0.6300675868988037,0.5859030485153198,0.3329393267631531,SGD_Momentum_start6,3.52,0.01
3525,0.5027355551719666,0.6880398988723755,0.602698802947998,0.4316721260547638,SGD_Momentum_start6,3.525,0.01
3530,0.7335320711135864,0.787151575088501,0.6697598099708557,0.4687111973762512,SGD_Momentum_start6,3.53,0.01
3535,1.4298055171966553,0.867290735244751,0.7571164965629578,0.5191247463226318,SGD_Momentum_start6,3.535,0.01
3540,0.1478985548019409,0.920842468738556,0.7952075004577637,0.5784108638763428,SGD_Momentum_start6,3.54,0.01
3545,0.0878070145845413,0.959023118019104,0.8429890275001526,0.6111207604408264,SGD_Momentum_start6,3.545,0.01
3550,3.786364078521729,0.9663180112838744,0.7409222722053528,0.7063138484954834,SGD_Momentum_start6,3.55,0.01
3555,6.564188957214356,1.0367339849472046,0.8637993335723877,0.6142594814300537,SGD_Momentum_start6,3.555,0.01
3560,0.2639750242233276,0.9453943967819214,0.8422445058822632,0.5765461921691895,SGD_Momentum_start6,3.56,0.01
3565,1.8359143733978271,0.8895623683929443,0.6540433168411255,0.6391770839691162,SGD_Momentum_start6,3.565,0.01
3570,0.4329455494880676,0.8717708587646484,0.7447384595870972,0.521460235118866,SGD_Momentum_start6,3.57,0.01
3575,1.166738986968994,0.8704302310943604,0.7898802161216736,0.4778646528720855,SGD_Momentum_start6,3.575,0.01
3580,0.0795338079333305,0.6512083411216736,0.7246649861335754,0.5296552777290344,SGD_Momentum_start6,3.58,0.01
3585,0.3586953580379486,0.905344545841217,0.7823880314826965,0.5887593626976013,SGD_Momentum_start6,3.585,0.01
3590,0.0526677966117858,0.9720903635025024,0.8783308863639832,0.6062635779380798,SGD_Momentum_start6,3.59,0.01
3595,3.428288698196411,0.9756304621696472,0.6851981282234192,0.7495513558387756,SGD_Momentum_start6,3.595,0.01
3600,4.510664463043213,1.0189180374145508,0.9469643235206604,0.5480806827545166,SGD_Momentum_start6,3.6,0.01
3605,2.278975248336792,0.9002261757850647,0.6320631504058838,0.6635119915008545,SGD_Momentum_start6,3.605,0.01
3610,0.1198205277323722,0.8357419967651367,0.7517398595809937,0.4610186815261841,SGD_Momentum_start6,3.61,0.01
3615,2.1687045097351074,0.7431671619415283,0.6000415086746216,0.4854673147201538,SGD_Momentum_start6,3.615,0.01
3620,1.4320650100708008,0.7394595742225647,0.6485735177993774,0.3795493543148041,SGD_Momentum_start6,3.62,0.01
3625,0.6746963262557983,0.6585202217102051,0.6144543886184692,0.346617579460144,SGD_Momentum_start6,3.625,0.01
3630,0.2424862086772918,0.643014669418335,0.595832109451294,0.3398689925670624,SGD_Momentum_start6,3.63,0.01
3635,0.1759736984968185,0.7476217150688171,0.7088836431503296,0.4447821080684662,SGD_Momentum_start6,3.635,0.01
3640,0.4189076721668243,0.9321619272232056,0.8082782626152039,0.6206482648849487,SGD_Momentum_start6,3.64,0.01
3645,3.483384609222412,1.1243747472763062,0.985122799873352,0.7178483605384827,SGD_Momentum_start6,3.645,0.01
3650,14.743680000305176,1.1337724924087524,0.7448046803474426,0.9425456523895264,SGD_Momentum_start6,3.65,0.01
3655,19.38859748840332,1.2560832500457764,1.093177318572998,0.7370279431343079,SGD_Momentum_start6,3.655,0.01
3660,15.011375427246094,1.0773062705993652,0.6762818694114685,0.8810093998908997,SGD_Momentum_start6,3.66,0.01
3665,1.5375200510025024,1.0391782522201538,0.8712295889854431,0.6339704990386963,SGD_Momentum_start6,3.665,0.01
3670,3.600293159484864,0.912520945072174,0.730410635471344,0.6203942894935608,SGD_Momentum_start6,3.67,0.01
3675,0.2831542789936065,0.8785514235496521,0.6744945049285889,0.5687769651412964,SGD_Momentum_start6,3.675,0.01
3680,0.1914912760257721,0.8081623911857605,0.72696852684021,0.442209929227829,SGD_Momentum_start6,3.68,0.01
3685,0.13447305560112,0.7619129419326782,0.6632154583930969,0.4398697316646576,SGD_Momentum_start6,3.685,0.01
3690,0.1104762256145477,0.8195702433586121,0.7279641628265381,0.5090731978416443,SGD_Momentum_start6,3.69,0.01
3695,0.0711389407515525,0.9106820821762084,0.7561197280883789,0.6048005223274231,SGD_Momentum_start6,3.695,0.01
3700,0.2278471142053604,0.9850188493728638,0.8227853775024414,0.671698272228241,SGD_Momentum_start6,3.7,0.01
3705,0.0202920567244291,1.0848299264907837,0.8520799875259399,0.7787970900535583,SGD_Momentum_start6,3.705,0.01
3710,0.3551537990570068,1.1682921648025513,0.9243895411491394,0.8498388528823853,SGD_Momentum_start6,3.71,0.01
3715,0.0022645031567662,0.2902045547962188,0.9729189276695251,0.914487361907959,SGD_Momentum_start6,3.715,0.01
3720,2.399078130722046,1.3239295482635498,0.9887467622756958,0.9592393040657043,SGD_Momentum_start6,3.72,0.01
3725,0.9946183562278748,1.2903043031692505,1.0620392560958862,0.9115927219390868,SGD_Momentum_start6,3.725,0.01
3730,2.1210412979125977,1.2397701740264893,0.8375188112258911,0.9638369679450988,SGD_Momentum_start6,3.73,0.01
3735,6.077805995941162,1.2272814512252808,0.9950064420700072,0.7876764535903931,SGD_Momentum_start6,3.735,0.01
3740,10.32990837097168,1.0671231746673584,0.7661541104316711,0.8073711395263672,SGD_Momentum_start6,3.74,0.01
3745,20.98674964904785,1.1023390293121338,0.9625572562217712,0.5687137842178345,SGD_Momentum_start6,3.745,0.01
3750,6.035504341125488,0.8663221001625061,0.6449249982833862,0.6150522828102112,SGD_Momentum_start6,3.75,0.01
3755,3.107544422149658,0.8322228193283081,0.7251092791557312,0.4249776899814605,SGD_Momentum_start6,3.755,0.01
3760,0.1365472972393036,0.718975841999054,0.6410067677497864,0.3946809768676758,SGD_Momentum_start6,3.76,0.01
3765,0.3267267346382141,0.7201108336448669,0.6279976963996887,0.4055292010307312,SGD_Momentum_start6,3.765,0.01
3770,0.130582645535469,0.7440038323402405,0.6608275771141052,0.4436678886413574,SGD_Momentum_start6,3.77,0.01
3775,0.1366533786058426,0.8067955374717712,0.7313517928123474,0.4834916591644287,SGD_Momentum_start6,3.775,0.01
3780,0.2117298245429992,0.8722349405288696,0.7534595131874084,0.5378729701042175,SGD_Momentum_start6,3.78,0.01
3785,0.0716612190008163,0.907814085483551,0.7287570834159851,0.6084455847740173,SGD_Momentum_start6,3.785,0.01
3790,0.6182734370231628,0.9723116159439088,0.8255754113197327,0.6241771578788757,SGD_Momentum_start6,3.79,0.01
3795,0.0400220043957233,1.0199315547943115,0.7866237759590149,0.720499575138092,SGD_Momentum_start6,3.795,0.01
3800,6.289638519287109,1.1004459857940674,0.9321961998939514,0.6729276180267334,SGD_Momentum_start6,3.8,0.01
3805,9.546991348266602,1.0092363357543943,0.736750066280365,0.7657037377357483,SGD_Momentum_start6,3.805,0.01
3810,14.526698112487791,1.0717538595199585,0.9265217781066896,0.578522801399231,SGD_Momentum_start6,3.81,0.01
3815,9.610552787780762,0.8752719163894653,0.6232001185417175,0.6531809568405151,SGD_Momentum_start6,3.815,0.01
3820,1.194585204124451,0.8423939347267151,0.712367594242096,0.4746517837047577,SGD_Momentum_start6,3.82,0.01
3825,0.4258192777633667,0.7447986602783203,0.6915484666824341,0.4010283350944519,SGD_Momentum_start6,3.825,0.01
3830,0.7839637994766235,0.6907052993774414,0.5566365718841553,0.4394592940807342,SGD_Momentum_start6,3.83,0.01
3835,0.6704345345497131,0.6783115267753601,0.6213126182556152,0.3307962715625763,SGD_Momentum_start6,3.835,0.01
3840,0.1655813008546829,0.6478801965713501,0.5925474762916565,0.3902647793292999,SGD_Momentum_start6,3.84,0.01
3845,0.1118393689393997,0.7695148587226868,0.6908195614814758,0.4717501103878021,SGD_Momentum_start6,3.845,0.01
3850,0.6055650115013123,0.911807656288147,0.7656304240226746,0.5882059335708618,SGD_Momentum_start6,3.85,0.01
3855,0.5710880160331726,1.0283455848693848,0.8704473972320557,0.6768693923950195,SGD_Momentum_start6,3.855,0.01
3860,1.2683676481246948,1.120671033859253,0.8786916136741638,0.7795098423957825,SGD_Momentum_start6,3.86,0.01
3865,0.1941395998001098,1.1876460313796997,0.9117521047592164,0.8594866991043091,SGD_Momentum_start6,3.865,0.01
3870,0.2842100262641907,1.228055715560913,0.9534478187561036,0.8982445001602173,SGD_Momentum_start6,3.87,0.01
3875,0.0621284134685993,1.2654469013214111,0.9801329970359802,0.9235241413116456,SGD_Momentum_start6,3.875,0.01
3880,0.0015070148510858,1.1832057237625122,1.0489872694015503,0.9097045063972472,SGD_Momentum_start6,3.88,0.01
3885,5.988177299499512,1.255549430847168,0.887950599193573,0.9796381592750548,SGD_Momentum_start6,3.885,0.01
3890,18.50735855102539,1.3181337118148804,1.0443358421325684,0.8428999185562134,SGD_Momentum_start6,3.89,0.01
3895,0.0232765190303325,1.1777487993240356,1.007425308227539,0.7733892798423767,SGD_Momentum_start6,3.895,0.01
3900,1.6844139099121094,1.09138286113739,0.7612375020980835,0.8171464800834656,SGD_Momentum_start6,3.9,0.01
3905,1.568071961402893,1.0462515354156494,0.8587957620620728,0.6525073051452637,SGD_Momentum_start6,3.905,0.01
3910,0.6370930671691895,0.9828079342842102,0.8204774260520935,0.6196780204772949,SGD_Momentum_start6,3.91,0.01
3915,0.060910016298294,0.9627702832221984,0.8246933221817017,0.6190322041511536,SGD_Momentum_start6,3.915,0.01
3920,0.0690039172768592,0.9774742722511292,0.8715615272521973,0.6081031560897827,SGD_Momentum_start6,3.92,0.01
3925,4.167730808258057,0.9507005214691162,0.6605286002159119,0.7340308427810669,SGD_Momentum_start6,3.925,0.01
3930,2.2755205631256104,0.9724026322364808,0.8962186574935913,0.5285812616348267,SGD_Momentum_start6,3.93,0.01
3935,3.27051329612732,0.858547568321228,0.5974175930023193,0.6403301358222961,SGD_Momentum_start6,3.935,0.01
3940,0.1333870440721511,0.7911404967308044,0.771124005317688,0.3937885165214538,SGD_Momentum_start6,3.94,0.01
3945,4.645933151245117,0.7632716298103333,0.6481489539146423,0.3639154434204101,SGD_Momentum_start6,3.945,0.01
3950,7.356443405151367,0.5703493356704712,0.4156170487403869,0.3970937728881836,SGD_Momentum_start6,3.95,0.01
3955,2.845855474472046,0.5380774736404419,0.5538668632507324,0.109295055270195,SGD_Momentum_start6,3.955,0.01
3960,0.3878410756587982,0.4185325503349304,0.3671318292617798,0.2030485719442367,SGD_Momentum_start6,3.96,0.01
3965,0.4024136662483215,0.3730543851852417,0.400100439786911,0.0991459935903549,SGD_Momentum_start6,3.965,0.01
3970,0.4895552694797516,0.3908975124359131,0.3652427494525909,0.1625983417034149,SGD_Momentum_start6,3.97,0.01
3975,0.3851267695426941,0.402029812335968,0.4278222322463989,0.1314682215452194,SGD_Momentum_start6,3.975,0.01
3980,0.3421971499919891,0.4376742243766784,0.4193617701530456,0.208314761519432,SGD_Momentum_start6,3.98,0.01
3985,0.288878858089447,0.5099272727966309,0.4997545480728149,0.2548593580722809,SGD_Momentum_start6,3.985,0.01
3990,0.1756366640329361,0.6379434466362,0.6340903639793396,0.3666086196899414,SGD_Momentum_start6,3.99,0.01
3995,0.0854069590568542,0.8592565655708313,0.8130086064338684,0.5279674530029297,SGD_Momentum_start6,3.995,0.01
4000,0.1619953662157058,0.9907292127609252,0.8410540223121643,0.6747939586639404,SGD_Momentum_start6,4.0,0.01
4005,1.6596397161483765,1.0799540281295776,0.8126267790794373,0.8133062124252319,SGD_Momentum_start6,4.005,0.01
4010,1.2607274055480957,1.1671994924545288,0.8707000613212585,0.8303853273391724,SGD_Momentum_start6,4.01,0.01
4015,3.7378861904144287,1.1896034479141235,0.9481698274612428,0.7916539311408997,SGD_Momentum_start6,4.015,0.01
4020,0.9177284836769104,1.1560207605361938,0.9487565159797668,0.7646929025650024,SGD_Momentum_start6,4.02,0.01
4025,1.9718496799469,1.0900202989578247,0.88142329454422,0.758262038230896,SGD_Momentum_start6,4.025,0.01
4030,0.4657334089279175,1.0697970390319824,0.8472974896430969,0.7459229230880737,SGD_Momentum_start6,4.03,0.01
4035,2.123308181762696,1.0419458150863647,0.7553159594535828,0.7760120630264282,SGD_Momentum_start6,4.035,0.01
4040,9.223973274230955,1.0838981866836548,0.9463505744934082,0.6124252080917358,SGD_Momentum_start6,4.04,0.01
4045,1.7258611917495728,0.9529426097869872,0.7783460021018982,0.6375720500946045,SGD_Momentum_start6,4.045,0.01
4050,0.5355933904647827,0.9312407970428468,0.7059852480888367,0.6131729483604431,SGD_Momentum_start6,4.05,0.01
4055,0.1100701242685318,0.8573763370513916,0.7545346617698669,0.4955530166625976,SGD_Momentum_start6,4.055,0.01
4060,0.1189528778195381,0.8080757260322571,0.7452009916305542,0.4507244229316711,SGD_Momentum_start6,4.06,0.01
4065,0.2317273616790771,0.7835947871208191,0.6886213421821594,0.4676663875579834,SGD_Momentum_start6,4.065,0.01
4070,0.1773872822523117,0.8294975757598877,0.7130988836288452,0.5111171007156372,SGD_Momentum_start6,4.07,0.01
4075,0.063527911901474,0.9189128875732422,0.7988664507865906,0.6041321754455566,SGD_Momentum_start6,4.075,0.01
4080,0.1009658724069595,1.0347354412078855,0.8308871388435364,0.7182755470275879,SGD_Momentum_start6,4.08,0.01
4085,0.1797306686639785,1.0998047590255735,0.8890358209609985,0.7742816805839539,SGD_Momentum_start6,4.085,0.01
4090,0.0118354344740509,1.158231258392334,0.8835698962211609,0.8408571481704712,SGD_Momentum_start6,4.09,0.01
4095,1.982560515403748,1.1863303184509275,0.859885573387146,0.9095935225486756,SGD_Momentum_start6,4.095,0.01
4100,1.6183035373687744,1.2386739253997805,0.904420018196106,0.8925960659980774,SGD_Momentum_start6,4.1,0.01
4105,4.338375091552734,1.2364872694015503,0.9737687706947328,0.8310683965682983,SGD_Momentum_start6,4.105,0.01
4110,1.033247709274292,1.185758113861084,0.9657869935035706,0.7896538972854614,SGD_Momentum_start6,4.11,0.01
4115,2.02336049079895,1.108143925666809,0.8913111686706543,0.7738571166992188,SGD_Momentum_start6,4.115,0.01
4120,0.4543508291244507,1.0801265239715576,0.8526515364646912,0.7537840008735657,SGD_Momentum_start6,4.12,0.01
4125,2.085519790649414,1.045647144317627,0.7571908235549927,0.7779455780982971,SGD_Momentum_start6,4.125,0.01
4130,9.32773780822754,1.0836178064346311,0.9464309811592102,0.6107763051986694,SGD_Momentum_start6,4.13,0.01
4135,1.6636689901351929,0.9502816796302797,0.777335524559021,0.6339278221130371,SGD_Momentum_start6,4.135,0.01
4140,0.5603866577148438,0.9277341961860656,0.7047128677368164,0.6087562441825867,SGD_Momentum_start6,4.14,0.01
4145,0.117458164691925,0.8534935116767883,0.7523595094680786,0.4911569654941559,SGD_Momentum_start6,4.145,0.01
4150,0.1158845573663711,0.8037357926368713,0.7426482439041138,0.4463964402675628,SGD_Momentum_start6,4.15,0.01
4155,0.2258979976177215,0.7806031107902527,0.6872828006744385,0.4652040898799896,SGD_Momentum_start6,4.155,0.01
4160,0.1718760877847671,0.8263644576072693,0.7106130123138428,0.5087562799453735,SGD_Momentum_start6,4.16,0.01
4165,0.0642289295792579,0.9084140062332152,0.7921534776687622,0.592527449131012,SGD_Momentum_start6,4.165,0.01
4170,0.1146953776478767,1.0203382968902588,0.8236382603645325,0.7030134797096252,SGD_Momentum_start6,4.17,0.01
4175,0.1516574770212173,1.0846102237701416,0.8816491961479187,0.7582658529281616,SGD_Momentum_start6,4.175,0.01
4180,0.0180816780775785,1.142464280128479,0.8761613368988037,0.8231963515281677,SGD_Momentum_start6,4.18,0.01
4185,0.2879521250724792,1.1812386512756348,0.9309121370315552,0.8526629209518433,SGD_Momentum_start6,4.185,0.01
4190,0.0257171466946601,1.2265232801437378,0.9194495677947998,0.8996231555938721,SGD_Momentum_start6,4.19,0.01
4195,0.4001825749874115,1.236824631690979,0.9535074830055236,0.9051083326339722,SGD_Momentum_start6,4.195,0.01
4200,2.1686315536499023,1.2840337753295898,0.96010160446167,0.9204902052879332,SGD_Momentum_start6,4.2,0.01
4205,1.7816964387893677,1.2819604873657229,1.0397794246673584,0.8735393285751343,SGD_Momentum_start6,4.205,0.01
4210,0.2133353352546692,1.2293896675109863,1.0091023445129397,0.852115273475647,SGD_Momentum_start6,4.21,0.01
4215,1.8686485290527344,1.1779108047485352,0.8908230066299438,0.861976683139801,SGD_Momentum_start6,4.215,0.01
4220,1.5662909746170044,1.1333667039871216,0.8152269124984741,0.845676064491272,SGD_Momentum_start6,4.22,0.01
4225,0.0225221123546361,1.0996285676956177,0.8822054862976074,0.7483523488044739,SGD_Momentum_start6,4.225,0.01
4230,2.519948959350586,1.103606939315796,0.8837763667106628,0.719230055809021,SGD_Momentum_start6,4.23,0.01
4235,0.0500023886561393,1.0442525148391724,0.932029664516449,0.6491748690605164,SGD_Momentum_start6,4.235,0.01
4240,0.2049272060394287,0.9946057796478271,0.7510920763015747,0.6916919946670532,SGD_Momentum_start6,4.24,0.01
4245,5.808126926422119,0.9938976168632508,0.869485080242157,0.5491539835929871,SGD_Momentum_start6,4.245,0.01
4250,3.636703968048096,0.8610116839408875,0.6864883303642273,0.5856932997703552,SGD_Momentum_start6,4.25,0.01
4255,0.3193026185035705,0.8253864645957947,0.6781351566314697,0.5242603421211243,SGD_Momentum_start6,4.255,0.01
4260,1.1616647243499756,0.8261212110519409,0.6900045871734619,0.4809290170669555,SGD_Momentum_start6,4.26,0.01
4265,0.1223517805337905,0.8198398351669312,0.7020100951194763,0.5058712959289551,SGD_Momentum_start6,4.265,0.01
4270,0.0721671357750892,0.8678314089775085,0.7642183303833008,0.5459291338920593,SGD_Momentum_start6,4.27,0.01
4275,0.1836351752281189,0.962955117225647,0.795239269733429,0.6434459686279297,SGD_Momentum_start6,4.275,0.01
4280,0.0690720975399017,1.0337995290756226,0.8587425947189331,0.705422580242157,SGD_Momentum_start6,4.28,0.01
4285,0.0724559873342514,1.0994731187820437,0.8593848943710327,0.7752552628517151,SGD_Momentum_start6,4.285,0.01
4290,0.2684201002120971,1.1291834115982056,0.8992038369178772,0.8013027310371399,SGD_Momentum_start6,4.29,0.01
4295,0.322321742773056,1.1679550409317017,0.9108771085739136,0.8464490175247192,SGD_Momentum_start6,4.295,0.01
4300,3.1550991535186768,1.1775352954864502,0.8167996406555176,0.9201782941818236,SGD_Momentum_start6,4.3,0.01
4305,13.236515045166016,1.2446284294128418,1.0484387874603271,0.7631235718727112,SGD_Momentum_start6,4.305,0.01
4310,3.256112575531006,1.1058735847473145,0.8565623760223389,0.7931845188140869,SGD_Momentum_start6,4.31,0.01
4315,0.4746690094470978,1.0787992477416992,0.7736725807189941,0.7602512836456299,SGD_Momentum_start6,4.315,0.01
4320,0.039649486541748,0.9892436265945436,0.8351190090179443,0.6234346628189087,SGD_Momentum_start6,4.32,0.01
4325,0.165964275598526,0.9341623783111572,0.8274930715560913,0.5680394768714905,SGD_Momentum_start6,4.325,0.01
4330,0.322008728981018,0.8929949998855591,0.7536239624023438,0.5667533874511719,SGD_Momentum_start6,4.33,0.01
4335,1.921716928482056,0.9199201464653016,0.7537193894386292,0.6429216265678406,SGD_Momentum_start6,4.335,0.01
4340,0.8276201486587524,0.969936728477478,0.7516021728515625,0.6898812651634216,SGD_Momentum_start6,4.34,0.01
4345,0.2243289649486541,1.0027635097503662,0.7637069821357727,0.6914647817611694,SGD_Momentum_start6,4.345,0.01
4350,0.4613330662250519,0.9985352754592896,0.8057546019554138,0.651595413684845,SGD_Momentum_start6,4.35,0.01
4355,1.629567265510559,1.0323718786239624,0.8884017467498779,0.6462647318840027,SGD_Momentum_start6,4.355,0.01
4360,2.2004406452178955,1.0153613090515137,0.8305098414421082,0.7048369646072388,SGD_Momentum_start6,4.36,0.01
4365,2.7000672817230225,1.055326223373413,0.8030929565429688,0.6983486413955688,SGD_Momentum_start6,4.365,0.01
4370,2.672154426574707,1.017661213874817,0.9076493382453918,0.5838139653205872,SGD_Momentum_start6,4.37,0.01
4375,4.5916056632995605,0.909752607345581,0.6728439927101135,0.6629548668861389,SGD_Momentum_start6,4.375,0.01
4380,0.2607500553131103,0.8911765813827515,0.7111638188362122,0.5669597387313843,SGD_Momentum_start6,4.38,0.01
4385,2.261927843093872,0.877109706401825,0.7666405439376831,0.4842892587184906,SGD_Momentum_start6,4.385,0.01
4390,0.1063689738512039,0.8371923565864563,0.7457585334777832,0.5139986872673035,SGD_Momentum_start6,4.39,0.01
4395,0.1434798538684845,0.8923214673995972,0.8119053244590759,0.5419718623161316,SGD_Momentum_start6,4.395,0.01
4400,0.2672493159770965,0.9163461923599244,0.7777649760246277,0.5943078398704529,SGD_Momentum_start6,4.4,0.01
4405,0.2478343248367309,0.964261531829834,0.7962586283683777,0.6303701400756836,SGD_Momentum_start6,4.405,0.01
4410,0.7252205014228821,1.028408408164978,0.8850539922714233,0.6513805985450745,SGD_Momentum_start6,4.41,0.01
4415,0.4381125271320343,1.026366949081421,0.8778896927833557,0.6769400238990784,SGD_Momentum_start6,4.415,0.01
4420,2.2207462787628174,1.0115617513656616,0.7904680371284485,0.7196671962738037,SGD_Momentum_start6,4.42,0.01
4425,2.1738264560699463,0.995205581188202,0.735138475894928,0.7321969866752625,SGD_Momentum_start6,4.425,0.01
4430,10.806867599487305,1.0559076070785522,0.9414414167404176,0.5714393258094788,SGD_Momentum_start6,4.43,0.01
4435,0.589368999004364,0.9415158033370972,0.796495258808136,0.6071683168411255,SGD_Momentum_start6,4.435,0.01
4440,0.2549636960029602,0.9383549690246582,0.7921616435050964,0.5840466618537903,SGD_Momentum_start6,4.44,0.01
4445,0.2290498912334442,0.92716383934021,0.7453337907791138,0.6025894284248352,SGD_Momentum_start6,4.445,0.01
4450,0.4043943583965301,0.9068964123725892,0.7394487261772156,0.6039844155311584,SGD_Momentum_start6,4.45,0.01
4455,0.6206284165382385,0.9087865352630616,0.7729489803314209,0.5893871784210205,SGD_Momentum_start6,4.455,0.01
4460,0.5848177671432495,0.9557576179504396,0.763632595539093,0.6692757606506348,SGD_Momentum_start6,4.46,0.01
4465,2.629281520843506,1.0377390384674072,0.8268042206764221,0.6745416522026062,SGD_Momentum_start6,4.465,0.01
4470,5.97791051864624,0.9774131178855896,0.7807735204696655,0.691741406917572,SGD_Momentum_start6,4.47,0.01
4475,4.948688983917236,1.0081207752227783,0.8071462512016296,0.6101701855659485,SGD_Momentum_start6,4.475,0.01
4480,8.811481475830078,0.848371684551239,0.6443004608154297,0.6029975414276123,SGD_Momentum_start6,4.48,0.01
4485,16.93929672241211,0.8929305076599121,0.8405809998512268,0.3451873958110809,SGD_Momentum_start6,4.485,0.01
4490,6.311351776123047,0.6579439043998718,0.4464842677116394,0.490636795759201,SGD_Momentum_start6,4.49,0.01
4495,0.5969988107681274,0.542975127696991,0.5425310730934143,0.2121797502040863,SGD_Momentum_start6,4.495,0.01
4500,2.590932846069336,0.5115806460380554,0.4749248623847961,0.1472866684198379,SGD_Momentum_start6,4.5,0.01
4505,1.1099162101745603,0.3849084973335266,0.3554366528987884,0.1798081696033477,SGD_Momentum_start6,4.505,0.01
4510,1.4064594507217407,0.4140137434005737,0.4189478158950805,0.0938857942819595,SGD_Momentum_start6,4.51,0.01
4515,0.9230865240097046,0.3864488005638122,0.3677662312984466,0.189159944653511,SGD_Momentum_start6,4.515,0.01
4520,0.927854597568512,0.4475843906402588,0.4434738159179687,0.1488439291715622,SGD_Momentum_start6,4.52,0.01
4525,0.3066882491111755,0.4765931963920593,0.4758895635604858,0.2099851071834564,SGD_Momentum_start6,4.525,0.01
4530,0.3641764521598816,0.5908438563346863,0.5553831458091736,0.3103207647800445,SGD_Momentum_start6,4.53,0.01
4535,0.484466016292572,0.7692205309867859,0.6743510961532593,0.5214611291885376,SGD_Momentum_start6,4.535,0.01
4540,1.817519307136536,0.99601811170578,0.811480700969696,0.6689978241920471,SGD_Momentum_start6,4.54,0.01
4545,0.3466295301914215,1.1087075471878052,0.8873799443244934,0.7768397927284241,SGD_Momentum_start6,4.545,0.01
4550,1.5021343231201172,1.1953749656677246,0.9937511086463928,0.8021444082260132,SGD_Momentum_start6,4.55,0.01
4555,0.325920820236206,1.189612865447998,0.9840800166130066,0.8253921866416931,SGD_Momentum_start6,4.555,0.01
4560,2.4681732654571533,1.166434407234192,0.8786494135856628,0.862891674041748,SGD_Momentum_start6,4.56,0.01
4565,2.3164894580841064,1.1385278701782229,0.8092514276504517,0.8632247447967529,SGD_Momentum_start6,4.565,0.01
4570,0.1366487592458725,1.11528480052948,0.8818885087966919,0.7743157744407654,SGD_Momentum_start6,4.57,0.01
4575,1.9462640285491943,1.1326124668121338,0.8934409618377686,0.758484423160553,SGD_Momentum_start6,4.575,0.01
4580,0.1518376469612121,1.0807814598083496,0.9495996236801147,0.6907724142074585,SGD_Momentum_start6,4.58,0.01
4585,0.3755687177181244,1.030126452445984,0.763774573802948,0.7320464253425598,SGD_Momentum_start6,4.585,0.01
4590,5.824090003967285,1.025881290435791,0.8875443935394287,0.5811811089515686,SGD_Momentum_start6,4.59,0.01
4595,4.220779895782471,0.8869674205780029,0.69766765832901,0.612756609916687,SGD_Momentum_start6,4.595,0.01
4600,0.3747560381889343,0.8472370505332947,0.6893585324287415,0.5459420084953308,SGD_Momentum_start6,4.6,0.01
4605,1.2038507461547852,0.8432022929191589,0.6999123096466064,0.4952715635299682,SGD_Momentum_start6,4.605,0.01
4610,0.1249927729368209,0.828062891960144,0.7064207792282104,0.5109132528305054,SGD_Momentum_start6,4.61,0.01
4615,0.0703918188810348,0.8699072003364563,0.7664865851402283,0.5487693548202515,SGD_Momentum_start6,4.615,0.01
4620,0.1717837154865265,0.9685794115066528,0.7978137135505676,0.6497099995613098,SGD_Momentum_start6,4.62,0.01
4625,0.0817250609397888,1.0381313562393188,0.8599030375480652,0.7103967666625977,SGD_Momentum_start6,4.625,0.01
4630,0.0561998561024665,1.1019107103347778,0.8592881560325623,0.7789642810821533,SGD_Momentum_start6,4.63,0.01
4635,0.3118041157722473,1.131682276725769,0.8993510007858276,0.8055914640426636,SGD_Momentum_start6,4.635,0.01
4640,3.788629531860352,1.2171891927719116,0.9576441049575806,0.8329495191574097,SGD_Momentum_start6,4.64,0.01
4645,0.0212933365255594,1.2031240463256836,0.944823443889618,0.8498284816741943,SGD_Momentum_start6,4.645,0.01
4650,2.304006338119507,1.2202975749969482,0.9366474747657776,0.8454486727714539,SGD_Momentum_start6,4.65,0.01
4655,0.6131832003593445,1.1585692167282104,0.9837291836738586,0.7777957916259766,SGD_Momentum_start6,4.655,0.01
4660,1.2980259656906128,1.099426031112671,0.7787593603134155,0.8180922865867615,SGD_Momentum_start6,4.66,0.01
4665,4.315784454345703,1.0820969343185425,0.907681167125702,0.6528388857841492,SGD_Momentum_start6,4.665,0.01
4670,6.997165203094482,0.9377042055130004,0.7058098912239075,0.6779311895370483,SGD_Momentum_start6,4.67,0.01
4675,14.100186347961426,0.9739187955856324,0.8714637756347656,0.4666944742202759,SGD_Momentum_start6,4.675,0.01
4680,4.472103595733643,0.7701625823974609,0.5953060984611511,0.5249178409576416,SGD_Momentum_start6,4.68,0.01
4685,2.150455474853516,0.7463101744651794,0.6640380024909973,0.3601969182491302,SGD_Momentum_start6,4.685,0.01
4690,0.1661414802074432,0.5532808899879456,0.6248137354850769,0.3444742560386657,SGD_Momentum_start6,4.69,0.01
4695,0.1343601644039154,0.7233469486236572,0.6504230499267578,0.4254039824008941,SGD_Momentum_start6,4.695,0.01
4700,0.5565189123153687,0.8177797198295593,0.7206449508666992,0.5241745710372925,SGD_Momentum_start6,4.7,0.01
4705,0.056688766926527,0.5338993668556213,0.7054067254066467,0.6472375988960266,SGD_Momentum_start6,4.705,0.01
4710,2.04689359664917,1.01394522190094,0.91330486536026,0.600031852722168,SGD_Momentum_start6,4.71,0.01
4715,4.220137596130371,0.972430408000946,0.7260942459106445,0.7196269035339355,SGD_Momentum_start6,4.715,0.01
4720,1.7497811317443848,1.002976417541504,0.8020385503768921,0.6386539340019226,SGD_Momentum_start6,4.72,0.01
4725,3.4939448833465576,0.9308332204818726,0.7755011320114136,0.6245041489601135,SGD_Momentum_start6,4.725,0.01
4730,8.504473686218262,0.9699497818946838,0.809286892414093,0.5332725644111633,SGD_Momentum_start6,4.73,0.01
4735,4.044661521911621,0.8013809323310852,0.6548281311988831,0.5248184204101562,SGD_Momentum_start6,4.735,0.01
4740,0.6757652163505554,0.7712448835372925,0.6311594843864441,0.4450535178184509,SGD_Momentum_start6,4.74,0.01
4745,1.3448926210403442,0.7255512475967407,0.6986314654350281,0.3255280256271362,SGD_Momentum_start6,4.745,0.01
4750,1.1552164554595947,0.6506668925285339,0.5502061247825623,0.397032618522644,SGD_Momentum_start6,4.75,0.01
4755,0.6785745620727539,0.6580992937088013,0.5830984711647034,0.335466206073761,SGD_Momentum_start6,4.755,0.01
4760,0.6049292087554932,0.6681554317474365,0.6363425850868225,0.3616893887519836,SGD_Momentum_start6,4.76,0.01
4765,0.1603263914585113,0.7111841440200806,0.6600589156150818,0.4030377566814422,SGD_Momentum_start6,4.765,0.01
4770,0.1211692467331886,0.7815526127815247,0.7409290671348572,0.4403633177280426,SGD_Momentum_start6,4.77,0.01
4775,0.5286074280738831,0.8329491019248962,0.7079234719276428,0.5548701286315918,SGD_Momentum_start6,4.775,0.01
4780,0.200504332780838,0.918743371963501,0.8038394451141357,0.5900449752807617,SGD_Momentum_start6,4.78,0.01
4785,0.4146589338779449,0.9863518476486206,0.8302658200263977,0.6338938474655151,SGD_Momentum_start6,4.785,0.01
4790,0.2403270304203033,1.0128130912780762,0.7945788502693176,0.6901431083679199,SGD_Momentum_start6,4.79,0.01
4795,0.6542329788208008,1.008758544921875,0.7938230037689209,0.7084137797355652,SGD_Momentum_start6,4.795,0.01
4800,1.0671374797821045,1.019438862800598,0.8354244232177734,0.7020242810249329,SGD_Momentum_start6,4.8,0.01
4805,0.3548972308635711,1.0555919408798218,0.7624031901359558,0.7545509934425354,SGD_Momentum_start6,4.805,0.01
4810,0.0829222500324249,1.0111256837844849,0.92429381608963,0.6079893708229065,SGD_Momentum_start6,4.81,0.01
4815,1.3650861978530884,0.9768244624137878,0.7198018431663513,0.6468883752822876,SGD_Momentum_start6,4.815,0.01
4820,1.862515926361084,0.8395865559577942,0.7381600141525269,0.5044179558753967,SGD_Momentum_start6,4.82,0.01
4825,0.7533985376358032,0.7671340703964233,0.6075382232666016,0.4969838261604309,SGD_Momentum_start6,4.825,0.01
4830,2.136941432952881,0.7512246966362,0.6926354765892029,0.3518612384796142,SGD_Momentum_start6,4.83,0.01
4835,1.483750820159912,0.6523429751396179,0.5686449408531189,0.3835588097572326,SGD_Momentum_start6,4.835,0.01
4840,0.1833584159612655,0.6371082663536072,0.5726532936096191,0.3461355566978454,SGD_Momentum_start6,4.84,0.01
4845,0.4716998338699341,0.6715348958969116,0.6208851933479309,0.3890599906444549,SGD_Momentum_start6,4.845,0.01
4850,0.1159459426999092,0.7634170651435852,0.6119139790534973,0.5097342133522034,SGD_Momentum_start6,4.85,0.01
4855,0.1160656064748764,0.8159422278404236,0.7896943092346191,0.4449851214885711,SGD_Momentum_start6,4.855,0.01
4860,0.5272049903869629,0.8354074358940125,0.6429513096809387,0.5389777421951294,SGD_Momentum_start6,4.86,0.01
4865,1.575730800628662,0.7616655826568604,0.6875847578048706,0.4425302147865295,SGD_Momentum_start6,4.865,0.01
4870,0.8410500288009644,0.723976194858551,0.5826645493507385,0.4676507115364074,SGD_Momentum_start6,4.87,0.01
4875,1.7100194692611694,0.7316831946372986,0.6766256093978882,0.3462894558906555,SGD_Momentum_start6,4.875,0.01
4880,1.744438409805298,0.6526846885681152,0.566327691078186,0.3918024897575378,SGD_Momentum_start6,4.88,0.01
4885,0.2114916741847992,0.6479840278625488,0.5757889747619629,0.3610946238040924,SGD_Momentum_start6,4.885,0.01
4890,0.1610732674598693,0.691178560256958,0.599726676940918,0.418226957321167,SGD_Momentum_start6,4.89,0.01
4895,1.4799474477767944,0.7846327424049377,0.7100590467453003,0.423706591129303,SGD_Momentum_start6,4.895,0.01
4900,1.1527234315872192,0.837563693523407,0.7736114859580994,0.4707849025726318,SGD_Momentum_start6,4.9,0.01
4905,0.3854889571666717,0.8793230652809143,0.7829691767692566,0.5509214997291565,SGD_Momentum_start6,4.905,0.01
4910,2.5255980491638184,0.9016433954238892,0.7197465300559998,0.6334956884384155,SGD_Momentum_start6,4.91,0.01
4915,0.045204471796751,0.9571420550346376,0.8501120209693909,0.6062923073768616,SGD_Momentum_start6,4.915,0.01
4920,3.495656967163086,0.9793350100517272,0.7533711194992065,0.7170091271400452,SGD_Momentum_start6,4.92,0.01
4925,7.537196636199951,1.0616132020950315,0.8822316527366638,0.6339794397354126,SGD_Momentum_start6,4.925,0.01
4930,0.2271005064249038,0.972818911075592,0.8628801703453064,0.6005628108978271,SGD_Momentum_start6,4.93,0.01
4935,1.9290133714675903,0.9176715016365052,0.6684178113937378,0.6660433411598206,SGD_Momentum_start6,4.935,0.01
4940,0.4640957415103912,0.8967594504356384,0.7586408257484436,0.5415449142456055,SGD_Momentum_start6,4.94,0.01
4945,1.1077011823654177,0.8813169598579407,0.7946538925170898,0.4879010021686554,SGD_Momentum_start6,4.945,0.01
4950,0.0801150277256965,0.8414396047592163,0.7753481864929199,0.4868111908435821,SGD_Momentum_start6,4.95,0.01
4955,0.6843585968017578,0.8446772694587708,0.7127774357795715,0.5452402830123901,SGD_Momentum_start6,4.955,0.01
4960,0.8226834535598755,0.8475719690322876,0.6726588010787964,0.5761827826499939,SGD_Momentum_start6,4.96,0.01
4965,0.0970868021249771,0.8557024598121643,0.7358049750328064,0.5312050580978394,SGD_Momentum_start6,4.965,0.01
4970,1.0602898597717283,0.9005976915359497,0.7602563500404358,0.5485593676567078,SGD_Momentum_start6,4.97,0.01
4975,0.1209295243024826,0.8883302211761475,0.822579562664032,0.5172467827796936,SGD_Momentum_start6,4.975,0.01
4980,0.3502593636512756,0.8685014247894287,0.6796938180923462,0.5847111344337463,SGD_Momentum_start6,4.98,0.01
4985,3.3563895225524902,0.8847415447235107,0.7893745303153992,0.469173789024353,SGD_Momentum_start6,4.985,0.01
4990,3.3186490535736084,0.7823889851570129,0.6370882391929626,0.5198914408683777,SGD_Momentum_start6,4.99,0.01
4995,0.4369397163391113,0.7696167230606079,0.6429224610328674,0.4841982424259186,SGD_Momentum_start6,4.995,0.01
5000,0.8111164569854736,0.7878730297088623,0.6636622548103333,0.4564718008041382,SGD_Momentum_start6,5.0,0.01
5005,1.497994303703308,0.8147705793380737,0.7228932976722717,0.4555844068527221,SGD_Momentum_start6,5.005,0.01
5010,0.3663061261177063,0.8344230651855469,0.7460567951202393,0.480857789516449,SGD_Momentum_start6,5.01,0.01
5015,1.1498500108718872,0.8265838027000427,0.7218691110610962,0.5197553634643555,SGD_Momentum_start6,5.015,0.01
5020,1.298685073852539,0.8744256496429443,0.6800926923751831,0.6224480271339417,SGD_Momentum_start6,5.02,0.01
5025,6.086148738861084,0.9646851420402528,0.8651396036148071,0.5223028063774109,SGD_Momentum_start6,5.025,0.01
5030,1.828120231628418,0.8812511563301086,0.7322527766227722,0.5826007127761841,SGD_Momentum_start6,5.03,0.01
5035,0.2073650658130645,0.8810796737670898,0.6727482676506042,0.5840252041816711,SGD_Momentum_start6,5.035,0.01
5040,0.0844536647200584,0.8294734358787537,0.8008815050125122,0.4434695243835449,SGD_Momentum_start6,5.04,0.01
5045,0.9804245233535768,0.8243576288223267,0.6435126066207886,0.5088352560997009,SGD_Momentum_start6,5.045,0.01
5050,1.042134404182434,0.7297888994216919,0.6708200573921204,0.4031546711921692,SGD_Momentum_start6,5.05,0.01
5055,0.5175075531005859,0.6839199066162109,0.5642731189727783,0.4200493097305298,SGD_Momentum_start6,5.055,0.01
5060,1.812540054321289,0.6884785294532776,0.6474358439445496,0.3036487102508545,SGD_Momentum_start6,5.06,0.01
5065,1.2798997163772583,0.6130719780921936,0.544540286064148,0.3509931862354278,SGD_Momentum_start6,5.065,0.01
5070,0.2032006680965423,0.6120253205299377,0.5550782680511475,0.3279821872711181,SGD_Momentum_start6,5.07,0.01
5075,0.1778198033571243,0.6953927874565125,0.6388006210327148,0.4099898338317871,SGD_Momentum_start6,5.075,0.01
5080,1.08978009223938,0.8570946455001831,0.7431556582450867,0.5879200100898743,SGD_Momentum_start6,5.08,0.01
5085,0.1830300390720367,0.9908576011657716,0.7914283871650696,0.697780430316925,SGD_Momentum_start6,5.085,0.01
5090,1.64812433719635,1.085490584373474,0.8363191485404968,0.7453399896621704,SGD_Momentum_start6,5.09,0.01
5095,2.914979934692383,1.118255615234375,0.9048156142234802,0.7309783697128296,SGD_Momentum_start6,5.095,0.01
5100,0.4231752753257751,1.0955379009246826,0.9044389128684998,0.7201336026191711,SGD_Momentum_start6,5.1,0.01
5105,2.6415841579437256,1.04353129863739,0.8433072566986084,0.7269868850708008,SGD_Momentum_start6,5.105,0.01
5110,4.116098403930664,1.0645015239715576,0.8192591667175293,0.6850335597991943,SGD_Momentum_start6,5.11,0.01
5115,0.088110476732254,0.9827560186386108,0.769230842590332,0.6583954095840454,SGD_Momentum_start6,5.115,0.01
5120,0.3482598662376404,0.943477749824524,0.7629116177558899,0.630893349647522,SGD_Momentum_start6,5.12,0.01
5125,0.3389385044574737,0.9290075898170472,0.7934319972991943,0.594423770904541,SGD_Momentum_start6,5.125,0.01
5130,0.0886086449027061,0.9352943301200868,0.7805370092391968,0.5976823568344116,SGD_Momentum_start6,5.13,0.01
5135,0.0459000132977962,0.3204143345355987,0.8064271211624146,0.6313891410827637,SGD_Momentum_start6,5.135,0.01
5140,1.0183076858520508,1.054002046585083,0.8450798988342285,0.7110350728034973,SGD_Momentum_start6,5.14,0.01
5145,0.186200201511383,1.0932025909423828,0.9645734429359436,0.7159566879272461,SGD_Momentum_start6,5.145,0.01
5150,0.5990737676620483,1.0909298658370972,0.7941319346427917,0.8032782077789307,SGD_Momentum_start6,5.15,0.01
5155,7.372406959533691,1.1189217567443848,0.9492095708847046,0.6691038608551025,SGD_Momentum_start6,5.155,0.01
5160,5.749611854553223,0.9850115776062012,0.7502065300941467,0.7109727263450623,SGD_Momentum_start6,5.16,0.01
5165,0.4532526731491089,0.946638286113739,0.7459333539009094,0.6395102739334106,SGD_Momentum_start6,5.165,0.01
5170,1.6687934398651123,0.9385140538215636,0.7576308846473694,0.5781742930412292,SGD_Momentum_start6,5.17,0.01
5175,0.1224866956472396,0.908192813396454,0.7537716031074524,0.5801519751548767,SGD_Momentum_start6,5.175,0.01
5180,0.051749013364315,0.9296872615814208,0.8033632040023804,0.6021408438682556,SGD_Momentum_start6,5.18,0.01
5185,0.1738892048597335,1.01628839969635,0.8228718638420105,0.6928723454475403,SGD_Momentum_start6,5.185,0.01
5190,0.0999808311462402,1.0711517333984375,0.8760107755661011,0.7412307262420654,SGD_Momentum_start6,5.19,0.01
5195,0.0343321673572063,1.1235519647598269,0.8676539659500122,0.8009955286979675,SGD_Momentum_start6,5.195,0.01
5200,0.0276208277791738,1.158082127571106,0.949844241142273,0.8074936866760254,SGD_Momentum_start6,5.2,0.01
5205,0.0432326756417751,1.1967562437057495,0.9236571192741394,0.857147753238678,SGD_Momentum_start6,5.205,0.01
5210,1.1683189868927002,1.1971280574798584,0.9340802431106568,0.8706371784210205,SGD_Momentum_start6,5.21,0.01
5215,1.5822887420654297,1.2419112920761108,0.9953392744064332,0.8514795899391174,SGD_Momentum_start6,5.215,0.01
5220,6.408533096313477,1.1799702644348145,0.8880417346954346,0.8852173089981079,SGD_Momentum_start6,5.22,0.01
5225,1.443270564079285,1.1846635341644287,0.843504786491394,0.8456317782402039,SGD_Momentum_start6,5.225,0.01
5230,1.306674242019653,1.1149629354476929,0.948303520679474,0.6956983804702759,SGD_Momentum_start6,5.23,0.01
5235,8.514595985412598,0.988122820854187,0.6867214441299438,0.7577683329582214,SGD_Momentum_start6,5.235,0.01
5240,13.436668395996094,1.0160564184188845,0.9372920393943788,0.4912987053394317,SGD_Momentum_start6,5.24,0.01
5245,3.898113250732422,0.8188457489013672,0.6007938981056213,0.5813757181167603,SGD_Momentum_start6,5.245,0.01
5250,2.251180410385132,0.7813726663589478,0.7181423902511597,0.3677506744861603,SGD_Momentum_start6,5.25,0.01
5255,0.5521214008331299,0.667463481426239,0.6038984656333923,0.3618667721748352,SGD_Momentum_start6,5.255,0.01
5260,0.6038789749145508,0.7084629535675049,0.6369729042053223,0.4265511631965637,SGD_Momentum_start6,5.26,0.01
5265,0.1600790619850158,0.7639031410217285,0.6542176008224487,0.4737870991230011,SGD_Momentum_start6,5.265,0.01
5270,0.6629267334938049,0.8302157521247864,0.6880245804786682,0.5136114954948425,SGD_Momentum_start6,5.27,0.01
5275,1.0342352390289309,0.8664820194244385,0.7448790073394775,0.5126656889915466,SGD_Momentum_start6,5.275,0.01
5280,0.1334287822246551,0.8649303317070007,0.7545478343963623,0.5205459594726562,SGD_Momentum_start6,5.28,0.01
5285,0.0805524066090583,0.8782971501350403,0.7913467288017273,0.5312681198120117,SGD_Momentum_start6,5.285,0.01
5290,2.605741024017334,0.8818017244338989,0.7007710933685303,0.6179909706115723,SGD_Momentum_start6,5.29,0.01
5295,5.542582988739014,0.9511466026306152,0.8127855062484741,0.534489631652832,SGD_Momentum_start6,5.295,0.01
5300,0.1681868135929107,0.8712655901908875,0.7958548665046692,0.505919873714447,SGD_Momentum_start6,5.3,0.01
5305,1.362423539161682,0.8259459733963013,0.6259140968322754,0.5755442380905151,SGD_Momentum_start6,5.305,0.01
5310,0.4448344111442566,0.8129671216011047,0.7060065269470215,0.4645152390003204,SGD_Momentum_start6,5.31,0.01
5315,0.9282627105712892,0.8026850819587708,0.7397595643997192,0.4201497733592987,SGD_Momentum_start6,5.315,0.01
5320,0.105952687561512,0.7745498418807983,0.7293140888214111,0.432490587234497,SGD_Momentum_start6,5.32,0.01
5325,0.7731093168258667,0.7989766001701355,0.6821878552436829,0.5110776424407959,SGD_Momentum_start6,5.325,0.01
5330,1.02482271194458,0.8171971440315247,0.6519655585289001,0.5572155714035034,SGD_Momentum_start6,5.33,0.01
5335,0.1467538028955459,0.8523761034011841,0.7350692749023438,0.5397962927818298,SGD_Momentum_start6,5.335,0.01
5340,1.7320398092269895,0.9271233081817628,0.7637622952461243,0.6490699648857117,SGD_Momentum_start6,5.34,0.01
5345,0.6645755171775818,0.990558922290802,0.7681132555007935,0.7064585089683533,SGD_Momentum_start6,5.345,0.01
5350,0.3939926922321319,1.0315485000610352,0.7839074730873108,0.7132202982902527,SGD_Momentum_start6,5.35,0.01
5355,0.7342832684516907,1.0299073457717896,0.8288059234619141,0.6743632555007935,SGD_Momentum_start6,5.355,0.01
5360,0.0436985418200492,0.999273419380188,0.9088684916496276,0.6063239574432373,SGD_Momentum_start6,5.36,0.01
5365,0.048932384699583,0.9675107598304749,0.7524725794792175,0.6549843549728394,SGD_Momentum_start6,5.365,0.01
5370,0.390257716178894,0.9296928644180298,0.7549765706062317,0.6186125874519348,SGD_Momentum_start6,5.37,0.01
5375,0.2321051657199859,0.9175519347190856,0.7912629842758179,0.578586757183075,SGD_Momentum_start6,5.375,0.01
5380,0.2020048946142196,0.9255616664886476,0.7813500165939331,0.5788387060165405,SGD_Momentum_start6,5.38,0.01
5385,0.0761208534240722,0.9217941164970398,0.7338714003562927,0.6139450073242188,SGD_Momentum_start6,5.385,0.01
5390,0.5982893705368042,0.9564937949180604,0.8135422468185425,0.6071957349777222,SGD_Momentum_start6,5.39,0.01
5395,0.0362218245863914,0.8702016472816467,0.7784295082092285,0.6986443996429443,SGD_Momentum_start6,5.395,0.01
5400,0.937429666519165,1.0437355041503906,0.8147886395454407,0.7541752457618713,SGD_Momentum_start6,5.4,0.01
5405,1.0869084596633911,1.0867323875427246,0.8799668550491333,0.7668678760528564,SGD_Momentum_start6,5.405,0.01
5410,0.3678463995456695,1.13219153881073,0.8691782355308533,0.8229779005050659,SGD_Momentum_start6,5.41,0.01
5415,1.5004597902297974,1.145849108695984,0.9027126431465148,0.8263629674911499,SGD_Momentum_start6,5.415,0.01
5420,0.2811468839645386,1.1659674644470217,0.8054972290992737,0.8657254576683044,SGD_Momentum_start6,5.42,0.01
5425,0.3185904920101166,1.0980051755905151,0.9710668325424194,0.6960626244544983,SGD_Momentum_start6,5.425,0.01
5430,1.1594280004501345,1.0461716651916504,0.7463830709457397,0.7187245488166809,SGD_Momentum_start6,5.43,0.01
5435,2.7684171199798584,0.8894230723381042,0.7618083357810974,0.555897057056427,SGD_Momentum_start6,5.435,0.01
5440,1.0560699701309204,0.8052141666412354,0.6236976385116577,0.5368742346763611,SGD_Momentum_start6,5.44,0.01
5445,2.163386583328247,0.7810928821563721,0.7125350832939148,0.3782592415809631,SGD_Momentum_start6,5.445,0.01
5450,1.662970781326294,0.6734921932220459,0.5808694958686829,0.4027585089206695,SGD_Momentum_start6,5.45,0.01
5455,0.1740135848522186,0.6525400280952454,0.5830313563346863,0.3579715490341186,SGD_Momentum_start6,5.455,0.01
5460,0.5333949327468872,0.6718799471855164,0.6144437193870544,0.3894698619842529,SGD_Momentum_start6,5.46,0.01
5465,0.1254158020019531,0.4595266580581665,0.619178295135498,0.4729688167572021,SGD_Momentum_start6,5.465,0.01
5470,0.4757712483406067,0.8447410464286804,0.7290767431259155,0.5171116590499878,SGD_Momentum_start6,5.47,0.01
5475,0.133180484175682,0.8994583487510681,0.7831883430480957,0.5568394660949707,SGD_Momentum_start6,5.475,0.01
5480,0.0439740568399429,0.4400701522827148,0.8336552977561951,0.6278135180473328,SGD_Momentum_start6,5.48,0.01
5485,0.1232420355081558,1.044363021850586,0.9154947996139526,0.6861727833747864,SGD_Momentum_start6,5.485,0.01
5490,0.41758993268013,1.076854944229126,0.8702882528305054,0.7499141097068787,SGD_Momentum_start6,5.49,0.01
5495,0.2446320205926895,1.1183289289474487,0.8786286115646362,0.7768917679786682,SGD_Momentum_start6,5.495,0.01
5500,3.670220851898194,1.1152682304382324,0.8481422662734985,0.8325582146644592,SGD_Momentum_start6,5.5,0.01
5505,1.670634627342224,1.1297179460525513,0.8206512331962585,0.8490379452705383,SGD_Momentum_start6,5.505,0.01
5510,0.1012768149375915,1.1347311735153198,0.8196836113929749,0.8240062594413757,SGD_Momentum_start6,5.51,0.01
5515,0.2750396132469177,1.107346773147583,0.8569444417953491,0.7618926763534546,SGD_Momentum_start6,5.515,0.01
5520,1.552769422531128,1.100960373878479,0.9214197993278505,0.703908383846283,SGD_Momentum_start6,5.52,0.01
5525,2.518206834793091,1.0342423915863037,0.8346364498138428,0.7184281349182129,SGD_Momentum_start6,5.525,0.01
5530,2.8811516761779785,1.04548978805542,0.7983191013336182,0.68081134557724,SGD_Momentum_start6,5.53,0.01
5535,2.7922515869140625,0.9901540279388428,0.8908761143684387,0.5525227189064026,SGD_Momentum_start6,5.535,0.01
5540,3.665698528289795,0.8756386041641235,0.6602757573127747,0.623021125793457,SGD_Momentum_start6,5.54,0.01
5545,0.3639473915100097,0.8539508581161499,0.6929754614830017,0.5258350372314453,SGD_Momentum_start6,5.545,0.01
5550,2.309077024459839,0.8421854376792908,0.7465327382087708,0.4505871832370758,SGD_Momentum_start6,5.55,0.01
5555,0.1456764638423919,0.8117912411689758,0.7171193957328796,0.4949411451816559,SGD_Momentum_start6,5.555,0.01
5560,0.1725083589553833,0.8721965551376343,0.7390318512916565,0.5526043772697449,SGD_Momentum_start6,5.56,0.01
5565,0.0567365884780883,0.9354103207588196,0.8051192760467529,0.6101192831993103,SGD_Momentum_start6,5.565,0.01
5570,0.1494022607803344,1.0178879499435425,0.8219131231307983,0.6942161321640015,SGD_Momentum_start6,5.57,0.01
5575,0.1091898456215858,1.0659536123275757,0.8719371557235718,0.7357977032661438,SGD_Momentum_start6,5.575,0.01
5580,0.0324555747210979,1.1144846677780151,0.8624416589736938,0.7921290397644043,SGD_Momentum_start6,5.58,0.01
5585,0.0152710229158401,1.151793122291565,0.8613856434822083,0.8457561135292053,SGD_Momentum_start6,5.585,0.01
5590,0.6525737047195435,1.178115963935852,0.8934088945388794,0.8684744834899902,SGD_Momentum_start6,5.59,0.01
5595,0.5140870809555054,1.191558599472046,0.9520172476768494,0.8470948338508606,SGD_Momentum_start6,5.595,0.01
5600,0.1803059875965118,1.2038215398788452,0.9366061091423036,0.8475663065910339,SGD_Momentum_start6,5.6,0.01
5605,0.0075865285471081,1.18572199344635,0.8635087609291077,0.8749713897705078,SGD_Momentum_start6,5.605,0.01
5610,10.304457664489746,1.231793999671936,1.0182726383209229,0.7760424613952637,SGD_Momentum_start6,5.61,0.01
5615,10.238998413085938,1.0966938734054563,0.7860360145568848,0.8394225835800171,SGD_Momentum_start6,5.615,0.01
5620,22.05586242675781,1.151357650756836,0.990022361278534,0.6239175796508789,SGD_Momentum_start6,5.62,0.01
5625,9.074859619140623,0.92099791765213,0.6564005613327026,0.684362530708313,SGD_Momentum_start6,5.625,0.01
5630,2.195591688156128,0.8811749219894409,0.7454716563224792,0.4892748892307281,SGD_Momentum_start6,5.63,0.01
5635,0.2198612987995147,0.7629799842834473,0.7127604484558105,0.4034572839736938,SGD_Momentum_start6,5.635,0.01
5640,0.5025894641876221,0.6992550492286682,0.5680148005485535,0.4347407519817352,SGD_Momentum_start6,5.64,0.01
5645,0.945409655570984,0.6812724471092224,0.6274111270904541,0.3221488893032074,SGD_Momentum_start6,5.645,0.01
5650,0.3090653419494629,0.6899337768554688,0.6588507294654846,0.3787144422531128,SGD_Momentum_start6,5.65,0.01
5655,0.6166914701461792,0.738905131816864,0.6509512662887573,0.4540269374847412,SGD_Momentum_start6,5.655,0.01
5660,0.4557763636112213,0.7749283909797668,0.6430382132530212,0.5018468499183655,SGD_Momentum_start6,5.66,0.01
5665,0.1312633454799652,0.8075231313705444,0.6532119512557983,0.5179275870323181,SGD_Momentum_start6,5.665,0.01
5670,0.1799287796020507,0.8240540027618408,0.6979777216911316,0.5071491003036499,SGD_Momentum_start6,5.67,0.01
5675,0.9648721218109132,0.8953303098678589,0.8008260130882263,0.5287929177284241,SGD_Momentum_start6,5.675,0.01
5680,1.3321019411087036,0.9099482893943788,0.7773349285125732,0.6006790399551392,SGD_Momentum_start6,5.68,0.01
5685,1.2015185356140137,1.0051991939544678,0.8665462136268616,0.6299210786819458,SGD_Momentum_start6,5.685,0.01
5690,2.768018245697021,0.9984537363052368,0.8124642968177795,0.6985957026481628,SGD_Momentum_start6,5.69,0.01
5695,1.750982403755188,1.0382661819458008,0.7853586077690125,0.6957847476005554,SGD_Momentum_start6,5.695,0.01
5700,1.749328851699829,1.0017322301864624,0.8878892660140991,0.5818246603012085,SGD_Momentum_start6,5.7,0.01
5705,5.380210876464844,0.898795485496521,0.6587531566619873,0.6611618399620056,SGD_Momentum_start6,5.705,0.01
5710,11.889052391052246,0.9554775953292848,0.8968487977981567,0.4460719227790832,SGD_Momentum_start6,5.71,0.01
5715,4.08849048614502,0.7984621524810791,0.5892391204833984,0.5726662278175354,SGD_Momentum_start6,5.715,0.01
5720,1.812121868133545,0.7832885980606079,0.7161264419555664,0.3824971914291382,SGD_Momentum_start6,5.72,0.01
5725,0.9066504836082458,0.6836280226707458,0.6075021624565125,0.3893409967422485,SGD_Momentum_start6,5.725,0.01
5730,0.4787673950195312,0.6752981543540955,0.5666494369506836,0.3753973245620727,SGD_Momentum_start6,5.73,0.01
5735,0.3527424335479736,0.6410874128341675,0.6122646331787109,0.2951233088970184,SGD_Momentum_start6,5.735,0.01
5740,0.2066161632537841,0.6387023329734802,0.5866938233375549,0.3415253460407257,SGD_Momentum_start6,5.74,0.01
5745,0.8821390271186829,0.8040907382965088,0.7183043360710144,0.48634934425354,SGD_Momentum_start6,5.745,0.01
5750,0.077170729637146,0.925278902053833,0.7989786267280579,0.5988789200782776,SGD_Momentum_start6,5.75,0.01
5755,0.185521200299263,1.0279319286346436,0.7999547719955444,0.7275930643081665,SGD_Momentum_start6,5.755,0.01
5760,5.650699615478516,1.135366678237915,0.9456124305725098,0.7222244143486023,SGD_Momentum_start6,5.76,0.01
5765,0.0425717644393444,1.128341794013977,0.9170938730239868,0.7847902178764343,SGD_Momentum_start6,5.765,0.01
5770,1.0719248056411743,1.1495264768600464,0.9488732218742372,0.8041639924049377,SGD_Momentum_start6,5.77,0.01
5775,2.387777805328369,1.1440608501434326,0.8709743022918701,0.8413035273551941,SGD_Momentum_start6,5.775,0.01
5780,1.5341477394104004,1.1270403861999512,0.8161972165107727,0.8419442176818848,SGD_Momentum_start6,5.78,0.01
5785,0.0221491605043411,1.1112850904464722,0.7997947931289673,0.8091342449188232,SGD_Momentum_start6,5.785,0.01
5790,5.771836757659912,1.1154096126556396,1.0023363828659058,0.6417065858840942,SGD_Momentum_start6,5.79,0.01
5795,0.9157533645629884,1.0046392679214478,0.7863654494285583,0.6954297423362732,SGD_Momentum_start6,5.795,0.01
5800,0.2691165506839752,0.9716614484786988,0.8240802884101868,0.6254920363426208,SGD_Momentum_start6,5.8,0.01
5805,0.3569139540195465,0.9658141136169434,0.8105422258377075,0.6061017513275146,SGD_Momentum_start6,5.805,0.01
5810,0.2025476992130279,0.949760913848877,0.7557806968688965,0.6257576942443848,SGD_Momentum_start6,5.81,0.01
5815,0.5663961172103882,0.9258413314819336,0.7456833124160767,0.627007782459259,SGD_Momentum_start6,5.815,0.01
5820,0.8081159591674805,0.9449348449707032,0.7974153757095337,0.6329249143600464,SGD_Momentum_start6,5.82,0.01
5825,0.4062610566616058,1.0382035970687866,0.8665629029273987,0.685696005821228,SGD_Momentum_start6,5.825,0.01
5830,0.8139615058898926,1.0877578258514404,0.8506646752357483,0.7463724613189697,SGD_Momentum_start6,5.83,0.01
5835,0.091943509876728,1.0929893255233765,0.8624013066291809,0.7672785520553589,SGD_Momentum_start6,5.835,0.01
5840,0.1910628229379654,1.101406455039978,0.9075112342834472,0.752242386341095,SGD_Momentum_start6,5.84,0.01
5845,0.211121380329132,1.1140415668487549,0.8892956972122192,0.759372889995575,SGD_Momentum_start6,5.845,0.01
5850,0.0162384752184152,0.3818098604679107,0.8551418781280518,0.7778545618057251,SGD_Momentum_start6,5.85,0.01
5855,0.0593046173453331,1.1179269552230835,0.9046472311019896,0.7747982144355774,SGD_Momentum_start6,5.855,0.01
5860,0.2829597890377044,1.146613359451294,0.891403079032898,0.803841233253479,SGD_Momentum_start6,5.86,0.01
5865,0.028272220864892,1.154554843902588,0.9256656765937804,0.8085625171661377,SGD_Momentum_start6,5.865,0.01
5870,0.1506710052490234,1.1778024435043335,0.9004778861999512,0.840297520160675,SGD_Momentum_start6,5.87,0.01
5875,0.2031476199626922,1.1753997802734375,0.9246084094047546,0.8381194472312927,SGD_Momentum_start6,5.875,0.01
5880,0.0062596569769084,0.0997323915362358,0.9437035322189332,0.8413985371589661,SGD_Momentum_start6,5.88,0.01
5885,0.0169253405183553,1.205528736114502,1.0005232095718384,0.8315398097038269,SGD_Momentum_start6,5.885,0.01
5890,4.363564491271973,1.1778662204742432,0.8597033023834229,0.8955809473991394,SGD_Momentum_start6,5.89,0.01
5895,0.0508312247693538,1.178524374961853,0.97109192609787,0.8063052892684937,SGD_Momentum_start6,5.895,0.01
5900,6.562963008880615,1.122259497642517,0.8026741743087769,0.8602395057678223,SGD_Momentum_start6,5.9,0.01
5905,7.611497402191162,1.1526440382003784,0.9236116409301758,0.7229653596878052,SGD_Momentum_start6,5.905,0.01
5910,0.6656486392021179,1.0239781141281128,0.8810161352157593,0.6555432677268982,SGD_Momentum_start6,5.91,0.01
5915,2.76237416267395,0.9449435472488404,0.6708228588104248,0.6987509727478027,SGD_Momentum_start6,5.915,0.01
5920,4.65574312210083,0.9357295036315918,0.8920556902885437,0.4549838304519653,SGD_Momentum_start6,5.92,0.01
5925,0.6501497626304626,0.8022146224975586,0.6046621203422546,0.5384976863861084,SGD_Momentum_start6,5.925,0.01
5930,0.5764685273170471,0.7378703355789185,0.6970155239105225,0.3477168977260589,SGD_Momentum_start6,5.93,0.01
5935,0.6903859376907349,0.6456721425056458,0.5593106746673584,0.3708289861679077,SGD_Momentum_start6,5.935,0.01
5940,0.221228152513504,0.6884356737136841,0.5881621241569519,0.4139712154865265,SGD_Momentum_start6,5.94,0.01
5945,0.7761853933334351,0.7704507112503052,0.7204962968826294,0.4260990619659424,SGD_Momentum_start6,5.945,0.01
5950,1.0697845220565796,0.8326407074928284,0.733208179473877,0.5343661308288574,SGD_Momentum_start6,5.95,0.01
5955,0.15175761282444,0.9444024562835692,0.8012741804122925,0.6332284212112427,SGD_Momentum_start6,5.955,0.01
5960,1.6496703624725342,1.0733940601348877,0.8663934469223022,0.7253521680831909,SGD_Momentum_start6,5.96,0.01
5965,0.3799726366996765,1.1070417165756226,0.9631648063659668,0.7369968891143799,SGD_Momentum_start6,5.965,0.01
5970,1.4647542238235474,1.099210262298584,0.7804533839225769,0.8286611437797546,SGD_Momentum_start6,5.97,0.01
5975,4.442557334899902,1.1158539056777954,0.9285550713539124,0.6913113594055176,SGD_Momentum_start6,5.975,0.01
5980,8.516077995300293,0.988002598285675,0.7293269634246826,0.7332276105880737,SGD_Momentum_start6,5.98,0.01
5985,16.210559844970703,1.0340288877487185,0.9123764634132384,0.5212348699569702,SGD_Momentum_start6,5.985,0.01
5990,5.792416572570801,0.823712170124054,0.6194833517074585,0.5806357860565186,SGD_Momentum_start6,5.99,0.01
5995,2.312338829040528,0.7965590953826904,0.6970544457435608,0.4051412045955658,SGD_Momentum_start6,5.995,0.01
6000,0.1466948688030243,0.6946980357170105,0.6738089919090271,0.3402781784534454,SGD_Momentum_start6,6.0,0.01
6005,0.3974493443965912,0.663877010345459,0.5526019930839539,0.4039635360240936,SGD_Momentum_start6,6.005,0.01
6010,0.9603796005249025,0.6705394983291626,0.6218156218528748,0.3158911466598511,SGD_Momentum_start6,6.01,0.01
6015,0.2857630252838135,0.7128592133522034,0.661689043045044,0.3930166065692901,SGD_Momentum_start6,6.015,0.01
6020,0.4860633313655853,0.8230158686637878,0.7086186408996582,0.5138638615608215,SGD_Momentum_start6,6.02,0.01
6025,0.1087405085563659,0.9186874032020568,0.7719241380691528,0.615351140499115,SGD_Momentum_start6,6.025,0.01
6030,0.1711379140615463,0.9941932559013368,0.8494069576263428,0.6598381400108337,SGD_Momentum_start6,6.03,0.01
6035,0.2088614404201507,1.0517364740371704,0.8586165904998779,0.7054450511932373,SGD_Momentum_start6,6.035,0.01
6040,0.0259634926915168,1.0689462423324585,0.8100384473800659,0.7635267972946167,SGD_Momentum_start6,6.04,0.01
6045,7.948739528656006,1.136797308921814,0.960699737071991,0.6954787969589233,SGD_Momentum_start6,6.045,0.01
6050,8.740670204162598,1.0317491292953491,0.757032036781311,0.7782885432243347,SGD_Momentum_start6,6.05,0.01
6055,18.250221252441406,1.097590684890747,0.9521525502204896,0.5851772427558899,SGD_Momentum_start6,6.055,0.01
6060,8.654794692993164,0.8883417844772339,0.6389904618263245,0.6568546295166016,SGD_Momentum_start6,6.06,0.01
6065,1.7721298933029177,0.856000542640686,0.7268960475921631,0.4740670323371887,SGD_Momentum_start6,6.065,0.01
6070,0.2822700440883636,0.7480781674385071,0.6989355683326721,0.3957863748073578,SGD_Momentum_start6,6.07,0.01
6075,0.6055832505226135,0.6895630955696106,0.559590756893158,0.4314607381820678,SGD_Momentum_start6,6.075,0.01
6080,0.7942874431610107,0.6744779944419861,0.6204320192337036,0.3220903873443603,SGD_Momentum_start6,6.08,0.01
6085,0.1664726883172989,0.657202422618866,0.5777616500854492,0.3889196217060089,SGD_Momentum_start6,6.085,0.01
6090,1.7820484638214111,0.756039559841156,0.6975098848342896,0.388899564743042,SGD_Momentum_start6,6.09,0.01
6095,3.782250165939331,0.772670567035675,0.6402166485786438,0.5349889993667603,SGD_Momentum_start6,6.095,0.01
6100,0.5303958654403687,0.8632736802101135,0.7115639448165894,0.5866285562515259,SGD_Momentum_start6,6.1,0.01
6105,1.6611294746398926,0.9554051160812378,0.7753141522407532,0.6086483597755432,SGD_Momentum_start6,6.105,0.01
6110,0.1708373129367828,0.976414144039154,0.8008015751838684,0.6455634832382202,SGD_Momentum_start6,6.11,0.01
6115,2.4449594020843506,1.0020383596420288,0.7965808510780334,0.7206541299819946,SGD_Momentum_start6,6.115,0.01
6120,1.011414647102356,1.037861943244934,0.7842431664466858,0.75480055809021,SGD_Momentum_start6,6.12,0.01
6125,0.2275492548942566,1.059462308883667,0.7908046841621399,0.7450516819953918,SGD_Momentum_start6,6.125,0.01
6130,0.4684503078460693,1.0449395179748535,0.8302476406097412,0.6951934695243835,SGD_Momentum_start6,6.13,0.01
6135,1.7921637296676636,1.0568023920059204,0.9023697972297668,0.6629102826118469,SGD_Momentum_start6,6.135,0.01
6140,2.0820891857147217,1.0186500549316406,0.8325403332710266,0.7032175660133362,SGD_Momentum_start6,6.14,0.01
6145,2.9612927436828613,1.0497112274169922,0.8022619485855103,0.6875729560852051,SGD_Momentum_start6,6.145,0.01
6150,2.8805434703826904,1.0072457790374756,0.9029866456985474,0.5702663660049438,SGD_Momentum_start6,6.15,0.01
6155,4.123988151550293,0.8978109359741211,0.6699038743972778,0.6478828191757202,SGD_Momentum_start6,6.155,0.01
6160,0.320391982793808,0.878928005695343,0.7060229778289795,0.5519859194755554,SGD_Momentum_start6,6.16,0.01
6165,2.333613872528076,0.8650193214416504,0.7601764798164368,0.4715364277362823,SGD_Momentum_start6,6.165,0.01
6170,0.1458004862070083,0.8203255534172058,0.7215636968612671,0.5001685619354248,SGD_Momentum_start6,6.17,0.01
6175,0.2028176486492157,0.8730767965316772,0.7412182688713074,0.551231324672699,SGD_Momentum_start6,6.175,0.01
6180,0.0561047792434692,0.9559625387191772,0.8185688853263855,0.6337475776672363,SGD_Momentum_start6,6.18,0.01
6185,0.1177258789539337,1.0489047765731812,0.8376702070236206,0.7271938323974609,SGD_Momentum_start6,6.185,0.01
6190,0.1593557745218277,1.0987292528152466,0.8880184888839722,0.7701168656349182,SGD_Momentum_start6,6.19,0.01
6195,0.0146681079640984,1.1472558975219729,0.8773915767669678,0.8277777433395386,SGD_Momentum_start6,6.195,0.01
6200,0.0072761103510856,1.189429521560669,0.8928161263465881,0.8757081031799316,SGD_Momentum_start6,6.2,0.01
6205,0.349301666021347,1.232633352279663,0.869081437587738,0.9224178791046144,SGD_Momentum_start6,6.205,0.01
6210,8.033957481384277,1.2621934413909912,1.0981210470199585,0.7827575206756592,SGD_Momentum_start6,6.21,0.01
6215,2.5175085067749023,1.1474298238754272,0.8417280912399292,0.8507169485092163,SGD_Momentum_start6,6.215,0.01
6220,7.9905009269714355,1.158687949180603,0.9215593338012696,0.729213297367096,SGD_Momentum_start6,6.22,0.01
6225,1.8486164808273315,1.0138715505599976,0.848256528377533,0.6689693331718445,SGD_Momentum_start6,6.225,0.01
6230,0.5097098350524902,0.9534408450126648,0.7884719967842102,0.620618462562561,SGD_Momentum_start6,6.23,0.01
6235,1.5478549003601074,0.9346055388450624,0.7612394094467163,0.6371294260025024,SGD_Momentum_start6,6.235,0.01
6240,0.3779956698417663,0.934008777141571,0.7380890250205994,0.6357717514038086,SGD_Momentum_start6,6.24,0.01
6245,0.5245533585548401,0.9388937950134276,0.7374072074890137,0.6127520799636841,SGD_Momentum_start6,6.245,0.01
6250,0.7834386825561523,0.920275628566742,0.7675396203994751,0.5637890100479126,SGD_Momentum_start6,6.25,0.01
6255,0.065899446606636,0.8836449980735779,0.7619457244873047,0.5498547554016113,SGD_Momentum_start6,6.255,0.01
6260,0.4629653394222259,0.9423106908798218,0.8038514852523804,0.6015497446060181,SGD_Momentum_start6,6.26,0.01
6265,0.0394998900592327,0.9944716691970824,0.8535741567611694,0.6542551517486572,SGD_Momentum_start6,6.265,0.01
6270,0.0248821210116148,0.8394862413406372,0.9214740991592408,0.6832901239395142,SGD_Momentum_start6,6.27,0.01
6275,1.0626624822616575,1.0752736330032349,0.8505145907402039,0.7661545276641846,SGD_Momentum_start6,6.275,0.01
6280,1.1880069971084597,1.082153081893921,0.798279881477356,0.7992071509361267,SGD_Momentum_start6,6.28,0.01
6285,0.0191933270543813,0.7341472506523132,0.8632657527923584,0.746969997882843,SGD_Momentum_start6,6.285,0.01
6290,0.7293440699577332,1.0979658365249634,0.8863404989242554,0.7712096571922302,SGD_Momentum_start6,6.29,0.01
6295,0.8624721169471741,1.116477608680725,0.8431533575057983,0.8185180425643921,SGD_Momentum_start6,6.295,0.01
6300,4.181538105010986,1.164871335029602,0.897333562374115,0.7820789217948914,SGD_Momentum_start6,6.3,0.01
6305,7.654483318328857,1.0554592609405518,0.8169240355491638,0.7642325758934021,SGD_Momentum_start6,6.305,0.01
6310,6.068446636199951,1.06221342086792,0.8384933471679688,0.6518669724464417,SGD_Momentum_start6,6.31,0.01
6315,9.592658996582031,0.8749470710754395,0.6556533575057983,0.6260834336280823,SGD_Momentum_start6,6.315,0.01
6320,18.360387802124023,0.9082172513008118,0.8535704016685486,0.3504081666469574,SGD_Momentum_start6,6.32,0.01
6325,5.9525065422058105,0.6591266989707947,0.4493985176086426,0.4863440096378326,SGD_Momentum_start6,6.325,0.01
6330,0.5433534383773804,0.5372309684753418,0.5385943055152893,0.2044868171215057,SGD_Momentum_start6,6.33,0.01
6335,2.7108259201049805,0.5045449137687683,0.4699573814868927,0.1372251510620117,SGD_Momentum_start6,6.335,0.01
6340,1.0042738914489746,0.3819115161895752,0.3565963506698608,0.1748341917991638,SGD_Momentum_start6,6.34,0.01
6345,0.8684730529785156,0.4266877770423889,0.4252620339393616,0.1399749517440796,SGD_Momentum_start6,6.345,0.01
6350,0.3114378750324249,0.4594247341156006,0.488986998796463,0.1829405725002288,SGD_Momentum_start6,6.35,0.01
6355,0.2920669615268707,0.568803071975708,0.555544912815094,0.3140982985496521,SGD_Momentum_start6,6.355,0.01
6360,0.6565427780151367,0.7183864116668701,0.6142107248306274,0.4785744845867157,SGD_Momentum_start6,6.36,0.01
6365,0.0861588045954704,0.8331978917121887,0.7359265685081482,0.5228574275970459,SGD_Momentum_start6,6.365,0.01
6370,1.4224530458450315,0.950955331325531,0.8003829717636108,0.6008859872817993,SGD_Momentum_start6,6.37,0.01
6375,0.0482115149497985,0.9825060367584229,0.8993825912475586,0.60276198387146,SGD_Momentum_start6,6.375,0.01
6380,0.3201012015342712,0.9844015836715698,0.7463410496711731,0.6949285268783569,SGD_Momentum_start6,6.38,0.01
6385,5.676049709320068,1.0167027711868286,0.8837496042251587,0.5786391496658325,SGD_Momentum_start6,6.385,0.01
6390,4.5132365226745605,0.9003173112869263,0.7059305906295776,0.6300560832023621,SGD_Momentum_start6,6.39,0.01
6395,0.4499571323394775,0.8731159567832947,0.7036505341529846,0.574303925037384,SGD_Momentum_start6,6.395,0.01
6400,1.178472876548767,0.8735772371292114,0.7166895270347595,0.5260562896728516,SGD_Momentum_start6,6.4,0.01
6405,0.1409434974193573,0.8684647679328918,0.7383864521980286,0.5488744378089905,SGD_Momentum_start6,6.405,0.01
6410,1.6574218273162842,0.9183736443519592,0.7575345039367676,0.6367414593696594,SGD_Momentum_start6,6.41,0.01
6415,0.5551896095275879,0.9693689346313475,0.7579423189163208,0.6817876100540161,SGD_Momentum_start6,6.415,0.01
6420,0.4523724913597107,1.0038182735443115,0.7712421417236328,0.6828425526618958,SGD_Momentum_start6,6.42,0.01
6425,0.793296754360199,0.9996064901351928,0.8133262991905212,0.6426733136177063,SGD_Momentum_start6,6.425,0.01
6430,0.0426894873380661,0.967074990272522,0.8903902769088745,0.578395664691925,SGD_Momentum_start6,6.43,0.01
6435,0.0627317801117897,0.9506413340568542,0.7424762845039368,0.6428371071815491,SGD_Momentum_start6,6.435,0.01
6440,0.4613969326019287,0.9215266704559326,0.7488354444503784,0.615372359752655,SGD_Momentum_start6,6.44,0.01
6445,0.2991549968719482,0.9167124032974244,0.7886039018630981,0.5820775628089905,SGD_Momentum_start6,6.445,0.01
6450,0.1476809084415435,0.9293490052223206,0.7815033793449402,0.5867641568183899,SGD_Momentum_start6,6.45,0.01
6455,0.0570642761886119,0.930262327194214,0.7378133535385132,0.6278983354568481,SGD_Momentum_start6,6.455,0.01
6460,0.0572437718510627,0.968441903591156,0.7511354088783264,0.6776520013809204,SGD_Momentum_start6,6.46,0.01
6465,1.7042500972747805,1.031424641609192,0.8527474999427795,0.6590083837509155,SGD_Momentum_start6,6.465,0.01
6470,0.7577732801437378,1.031843662261963,0.8789010643959045,0.648859441280365,SGD_Momentum_start6,6.47,0.01
6475,1.0240284204483032,0.9912474751472472,0.8355297446250916,0.6562516093254089,SGD_Momentum_start6,6.475,0.01
6480,3.722428798675537,0.9732444286346436,0.7506279945373535,0.7069804668426514,SGD_Momentum_start6,6.48,0.01
6485,10.084030151367188,1.054652452468872,0.8934322595596313,0.6032744646072388,SGD_Momentum_start6,6.485,0.01
6490,0.1134218350052833,0.9695774912834167,0.8060617446899414,0.6196089386940002,SGD_Momentum_start6,6.49,0.01
6495,0.2493453919887542,0.9569127559661864,0.7634577751159668,0.6281037330627441,SGD_Momentum_start6,6.495,0.01
6500,0.280102789402008,0.932799518108368,0.759427547454834,0.6213129758834839,SGD_Momentum_start6,6.5,0.01
6505,0.3885360360145569,0.9280666708946228,0.7914561629295349,0.5974717736244202,SGD_Momentum_start6,6.505,0.01
6510,0.0566908121109008,0.941396415233612,0.7819200158119202,0.6110178232192993,SGD_Momentum_start6,6.51,0.01
6515,0.4431497752666473,1.0042445659637451,0.8475929498672485,0.6492781043052673,SGD_Momentum_start6,6.515,0.01
6520,0.9492403864860536,1.04998779296875,0.8341009020805359,0.7050808072090149,SGD_Momentum_start6,6.52,0.01
6525,0.0482094138860702,1.073837399482727,0.8582814335823059,0.7498842477798462,SGD_Momentum_start6,6.525,0.01
6530,0.1313216239213943,1.1054216623306274,0.9147278666496276,0.7566131353378296,SGD_Momentum_start6,6.53,0.01
6535,0.2917401790618896,1.1328787803649902,0.9033054113388062,0.7765664458274841,SGD_Momentum_start6,6.535,0.01
6540,0.0190471764653921,1.1265170574188232,0.83621746301651,0.8156518936157227,SGD_Momentum_start6,6.54,0.01
6545,8.712356567382812,1.1738760471343994,0.981787383556366,0.7256446480751038,SGD_Momentum_start6,6.545,0.01
6550,9.33535385131836,1.049099326133728,0.7621095180511475,0.7943533062934875,SGD_Momentum_start6,6.55,0.01
6555,18.458818435668945,1.10365629196167,0.955327033996582,0.5890220403671265,SGD_Momentum_start6,6.555,0.01
6560,8.601058006286621,0.886644184589386,0.6374790668487549,0.6540299654006958,SGD_Momentum_start6,6.56,0.01
6565,1.7534308433532717,0.849668025970459,0.7227026224136353,0.4675564765930176,SGD_Momentum_start6,6.565,0.01
6570,0.2687413096427917,0.7400239706039429,0.6933814883232117,0.3877488076686859,SGD_Momentum_start6,6.57,0.01
6575,0.5638885498046875,0.6812748312950134,0.5555333495140076,0.4225268959999084,SGD_Momentum_start6,6.575,0.01
6580,0.8176297545433044,0.6666543483734131,0.6153459548950195,0.3143230378627777,SGD_Momentum_start6,6.58,0.01
6585,0.1635961532592773,0.6588274836540222,0.5947712063789368,0.3991415500640869,SGD_Momentum_start6,6.585,0.01
6590,0.1989703178405761,0.7847411632537842,0.6897876262664795,0.4973905682563782,SGD_Momentum_start6,6.59,0.01
6595,0.0935048907995224,0.8799963593482971,0.7871600985527039,0.5487722754478455,SGD_Momentum_start6,6.595,0.01
6600,0.5448553562164307,0.9613474011421204,0.8199400901794434,0.6084336638450623,SGD_Momentum_start6,6.6,0.01
6605,0.2988145351409912,0.9997569918632508,0.7904797792434692,0.6768476366996765,SGD_Momentum_start6,6.605,0.01
6610,0.5870742201805115,1.003714919090271,0.7930740714073181,0.7031417489051819,SGD_Momentum_start6,6.61,0.01
6615,1.020056962966919,1.0166854858398438,0.8342646956443787,0.6984639167785645,SGD_Momentum_start6,6.615,0.01
6620,0.3203136920928955,1.0582560300827026,0.7630531191825867,0.7599421739578247,SGD_Momentum_start6,6.62,0.01
6625,0.0987480580806732,1.019006609916687,0.9288044571876526,0.6171550154685974,SGD_Momentum_start6,6.625,0.01
6630,1.284570574760437,0.986051857471466,0.7229910492897034,0.6582022309303284,SGD_Momentum_start6,6.63,0.01
6635,2.028043270111084,0.8491206169128418,0.742924153804779,0.5149243474006653,SGD_Momentum_start6,6.635,0.01
6640,0.8304457664489746,0.7762410640716553,0.6113965511322021,0.5072360634803772,SGD_Momentum_start6,6.64,0.01
6645,2.1177287101745605,0.7596198320388794,0.698076069355011,0.3600866198539734,SGD_Momentum_start6,6.645,0.01
6650,1.5700833797454834,0.6593684554100037,0.5723310112953186,0.3907820284366607,SGD_Momentum_start6,6.65,0.01
6655,0.1828804910182953,0.6429874897003174,0.5756978988647461,0.3510406017303467,SGD_Momentum_start6,6.655,0.01
6660,0.4493755102157593,0.6756954193115234,0.6255095601081848,0.3913039565086365,SGD_Momentum_start6,6.66,0.01
6665,0.1536559462547302,0.8005769848823547,0.6850196123123169,0.5199194550514221,SGD_Momentum_start6,6.665,0.01
6670,0.7790501713752747,0.9158000946044922,0.7408085465431213,0.5990839600563049,SGD_Momentum_start6,6.67,0.01
6675,1.421412706375122,0.974700391292572,0.8142979741096497,0.6127008199691772,SGD_Momentum_start6,6.675,0.01
6680,0.1455127596855163,0.9778084754943848,0.8273009657859802,0.6232194304466248,SGD_Momentum_start6,6.68,0.01
6685,0.0484654456377029,0.9841622710227966,0.861449658870697,0.6256288290023804,SGD_Momentum_start6,6.685,0.01
6690,3.287053108215332,0.9730926156044006,0.748894989490509,0.7041297554969788,SGD_Momentum_start6,6.69,0.01
6695,7.550426959991455,1.0363457202911377,0.8683928847312927,0.6038510203361511,SGD_Momentum_start6,6.695,0.01
6700,0.1366091519594192,0.9387502670288086,0.8436269164085388,0.56321120262146,SGD_Momentum_start6,6.7,0.01
6705,1.4419546127319336,0.8815683126449585,0.6552475094795227,0.6248463988304138,SGD_Momentum_start6,6.705,0.01
6710,0.5603071451187134,0.8579813838005066,0.7353496551513672,0.4990895390510559,SGD_Momentum_start6,6.71,0.01
6715,1.090853929519653,0.8324176669120789,0.7613298296928406,0.4414922595024109,SGD_Momentum_start6,6.715,0.01
6720,0.0969684794545173,0.4758937954902649,0.7049893140792847,0.4823513031005859,SGD_Momentum_start6,6.72,0.01
6725,0.5486754775047302,0.8791617751121521,0.7395113706588745,0.5511019825935364,SGD_Momentum_start6,6.725,0.01
6730,0.3810953795909881,0.9548633694648744,0.8193376064300537,0.6076563596725464,SGD_Momentum_start6,6.73,0.01
6735,0.9008085131645204,1.0196822881698608,0.819473385810852,0.6786816120147705,SGD_Momentum_start6,6.735,0.01
6740,0.081198826432228,1.0659675598144531,0.9108991026878356,0.716859757900238,SGD_Momentum_start6,6.74,0.01
6745,5.98512077331543,1.082811713218689,0.7915047407150269,0.8307210206985474,SGD_Momentum_start6,6.745,0.01
6750,7.78871488571167,1.1580429077148438,0.930067777633667,0.7338740229606628,SGD_Momentum_start6,6.75,0.01
6755,0.6606220602989197,1.0558186769485474,0.9047835469245912,0.6879741549491882,SGD_Momentum_start6,6.755,0.01
6760,3.147401809692383,0.9891804456710817,0.6917857527732849,0.7449527382850647,SGD_Momentum_start6,6.76,0.01
6765,5.597187519073486,0.9891510009765624,0.9342063069343568,0.4995401501655578,SGD_Momentum_start6,6.765,0.01
6770,0.7592183947563171,0.8508815765380859,0.6289138793945312,0.5855216383934021,SGD_Momentum_start6,6.77,0.01
6775,0.6181761026382446,0.7829583883285522,0.7308455109596252,0.3851961493492126,SGD_Momentum_start6,6.775,0.01
6780,0.7880927324295044,0.6826802492141724,0.5821393728256226,0.4037776291370392,SGD_Momentum_start6,6.78,0.01
6785,1.5733702182769775,0.7171255350112915,0.6394742727279663,0.3685765266418457,SGD_Momentum_start6,6.785,0.01
6790,0.9783188104629515,0.68140709400177,0.6278799772262573,0.3825588226318359,SGD_Momentum_start6,6.79,0.01
6795,0.5678654909133911,0.6995254158973694,0.625230073928833,0.411741703748703,SGD_Momentum_start6,6.795,0.01
6800,0.1855625808238983,0.7252100706100464,0.62503981590271,0.4372735917568207,SGD_Momentum_start6,6.8,0.01
6805,0.5087215900421143,0.7664744853973389,0.6449161767959595,0.4553644955158233,SGD_Momentum_start6,6.805,0.01
6810,0.7298743724822998,0.787624716758728,0.6900827884674072,0.444921463727951,SGD_Momentum_start6,6.81,0.01
6815,0.126213401556015,0.7852925658226013,0.6999832987785339,0.4530394077301025,SGD_Momentum_start6,6.815,0.01
6820,0.1097497344017028,0.8108544945716858,0.7457799911499023,0.4743476510047912,SGD_Momentum_start6,6.82,0.01
6825,2.2191972732543945,0.8310467600822449,0.6749199628829956,0.5707845091819763,SGD_Momentum_start6,6.825,0.01
6830,4.912684917449951,0.9111047983169556,0.7878579497337341,0.5016034841537476,SGD_Momentum_start6,6.83,0.01
6835,0.1551943719387054,0.8447880744934082,0.7791355848312378,0.4827107191085815,SGD_Momentum_start6,6.835,0.01
6840,1.273151159286499,0.8081538081169128,0.6180065274238586,0.5591877102851868,SGD_Momentum_start6,6.84,0.01
6845,0.458122968673706,0.8014335036277771,0.6991886496543884,0.4538596272468567,SGD_Momentum_start6,6.845,0.01
6850,0.9240819811820984,0.7937266826629639,0.7337791323661804,0.4125270247459411,SGD_Momentum_start6,6.85,0.01
6855,0.108542263507843,0.7683746814727783,0.7252780795097351,0.428189754486084,SGD_Momentum_start6,6.855,0.01
6860,0.8108124732971191,0.7970874309539795,0.6803812980651855,0.5112153887748718,SGD_Momentum_start6,6.86,0.01
6865,1.0957438945770264,0.8182258009910583,0.6516394019126892,0.5604804158210754,SGD_Momentum_start6,6.865,0.01
6870,0.7385186553001404,0.8846706748008728,0.7435427308082581,0.5527623891830444,SGD_Momentum_start6,6.87,0.01
6875,0.0640606582164764,0.970441460609436,0.7952147126197815,0.6621571779251099,SGD_Momentum_start6,6.875,0.01
6880,0.0917720273137092,1.0512646436691284,0.8685550689697266,0.723861038684845,SGD_Momentum_start6,6.88,0.01
6885,0.1101729869842529,1.119875431060791,0.8731135725975037,0.7918305993080139,SGD_Momentum_start6,6.885,0.01
6890,0.1582395881414413,1.1483802795410156,0.9144243001937866,0.8141608238220215,SGD_Momentum_start6,6.89,0.01
6895,0.0176698993891477,1.1805076599121094,0.8935908675193787,0.8554763197898865,SGD_Momentum_start6,6.895,0.01
6900,3.4364285469055176,1.2335695028305054,1.0209945440292358,0.8201014995574951,SGD_Momentum_start6,6.9,0.01
6905,1.3412806987762451,1.194545030593872,0.9571263194084167,0.8518108129501343,SGD_Momentum_start6,6.905,0.01
6910,0.0516608543694019,1.1968085765838623,0.9910029768943788,0.8229423761367798,SGD_Momentum_start6,6.91,0.01
6915,4.075026512145996,1.1575461626052856,0.8503121137619019,0.8722662329673767,SGD_Momentum_start6,6.915,0.01
6920,0.0251867957413196,1.151311278343201,0.957818865776062,0.7764255404472351,SGD_Momentum_start6,6.92,0.01
6925,5.592041492462158,1.0936994552612305,0.7938389182090759,0.8272683024406433,SGD_Momentum_start6,6.925,0.01
6930,7.738494396209717,1.1248620748519895,0.9109413027763368,0.6923578977584839,SGD_Momentum_start6,6.93,0.01
6935,0.470859944820404,0.998542308807373,0.8689303398132324,0.627693235874176,SGD_Momentum_start6,6.935,0.01
6940,2.31370496749878,0.9220691919326782,0.6637554168701172,0.672599196434021,SGD_Momentum_start6,6.94,0.01
6945,4.673149585723877,0.9172361493110656,0.8803477883338928,0.4386796951293945,SGD_Momentum_start6,6.945,0.01
6950,0.6459726095199585,0.7927741408348083,0.6002160906791687,0.5314517617225647,SGD_Momentum_start6,6.95,0.01
6955,0.5549267530441284,0.7351860404014587,0.6948851346969604,0.3473509848117828,SGD_Momentum_start6,6.955,0.01
6960,0.7466796040534973,0.6467858552932739,0.5588672757148743,0.3743651509284973,SGD_Momentum_start6,6.96,0.01
6965,1.6435630321502686,0.6748136878013611,0.6124249696731567,0.3222257196903229,SGD_Momentum_start6,6.965,0.01
6970,0.5288697481155396,0.6316136121749878,0.6004480123519897,0.3251586854457855,SGD_Momentum_start6,6.97,0.01
6975,0.2743580341339111,0.637678861618042,0.5912901163101196,0.3416092991828918,SGD_Momentum_start6,6.975,0.01
6980,0.4965295195579529,0.6968446373939514,0.6084684729576111,0.4377430975437164,SGD_Momentum_start6,6.98,0.01
6985,0.8377065062522888,0.7931588888168335,0.675147533416748,0.47026327252388,SGD_Momentum_start6,6.985,0.01
6990,0.1449763476848602,0.8417267799377441,0.7239686846733093,0.5284016132354736,SGD_Momentum_start6,6.99,0.01
6995,1.6341756582260132,0.9116354584693908,0.7562808990478516,0.6338037252426147,SGD_Momentum_start6,6.995,0.01
7000,0.5537602305412292,0.9782070517539978,0.7645103335380554,0.6920118927955627,SGD_Momentum_start6,7.0,0.01
7005,0.5071833729743958,1.0221505165100098,0.782472550868988,0.7002694010734558,SGD_Momentum_start6,7.005,0.01
7010,0.9139910936355592,1.0227558612823486,0.8284135460853577,0.6630702614784241,SGD_Momentum_start6,7.01,0.01
7015,0.0360677242279052,0.2001382708549499,0.8669372200965881,0.6263971924781799,SGD_Momentum_start6,7.015,0.01
7020,3.370314598083496,0.9715285897254944,0.7454410195350647,0.7034302949905396,SGD_Momentum_start6,7.02,0.01
7025,6.787660121917725,1.0279663801193235,0.8591881990432739,0.6012181043624878,SGD_Momentum_start6,7.025,0.01
7030,0.2340470850467682,0.92823326587677,0.830691933631897,0.5588494539260864,SGD_Momentum_start6,7.03,0.01
7035,1.7024368047714231,0.8694334030151367,0.6441134214401245,0.6186909675598145,SGD_Momentum_start6,7.035,0.01
7040,0.4229534268379211,0.8536849617958069,0.7358301281929016,0.5073077082633972,SGD_Momentum_start6,7.04,0.01
7045,1.3174762725830078,0.8679700493812561,0.7922154664993286,0.4740069806575775,SGD_Momentum_start6,7.045,0.01
7050,0.0865935385227203,0.8511536121368408,0.717982292175293,0.5355403423309326,SGD_Momentum_start6,7.05,0.01
7055,0.0641908347606659,0.534207820892334,0.762472927570343,0.5745435953140259,SGD_Momentum_start6,7.055,0.01
7060,0.3025727570056915,0.9947026371955872,0.7976728081703186,0.6772524118423462,SGD_Momentum_start6,7.06,0.01
7065,0.1245624721050262,1.0414714813232422,0.8365359306335449,0.7240706086158752,SGD_Momentum_start6,7.065,0.01
7070,0.1255951821804046,1.0747379064559937,0.8976650834083557,0.726464569568634,SGD_Momentum_start6,7.07,0.01
7075,0.3825928568840027,1.104168176651001,0.8910784721374512,0.7450609803199768,SGD_Momentum_start6,7.075,0.01
7080,0.0673195868730545,1.1000583171844482,0.8279046416282654,0.782583475112915,SGD_Momentum_start6,7.08,0.01
7085,0.8936908841133118,1.1138644218444824,0.90273916721344,0.745109498500824,SGD_Momentum_start6,7.085,0.01
7090,0.0189390871673822,1.1049573421478271,0.8231387138366699,0.7983848452568054,SGD_Momentum_start6,7.09,0.01
7095,6.678685188293457,1.1511850357055664,0.9581249952316284,0.7179011106491089,SGD_Momentum_start6,7.095,0.01
7100,11.02692413330078,1.0336904525756836,0.7398054003715515,0.7915502786636353,SGD_Momentum_start6,7.1,0.01
7105,13.861116409301758,1.0778744220733645,0.9265338778495787,0.5867995619773865,SGD_Momentum_start6,7.105,0.01
7110,9.964921951293944,0.8730288743972778,0.6179859638214111,0.6521470546722412,SGD_Momentum_start6,7.11,0.01
7115,1.052972674369812,0.8350051045417786,0.7064019441604614,0.4712478220462799,SGD_Momentum_start6,7.115,0.01
7120,0.4351670145988464,0.7416454553604126,0.689358115196228,0.3989917635917663,SGD_Momentum_start6,7.12,0.01
7125,0.7716278433799744,0.6896567940711975,0.5566349029541016,0.4382882118225097,SGD_Momentum_start6,7.125,0.01
7130,0.7006433010101318,0.6790046691894531,0.6225584149360657,0.3302082121372223,SGD_Momentum_start6,7.13,0.01
7135,0.1653345823287964,0.6574693322181702,0.5804747939109802,0.3894826173782348,SGD_Momentum_start6,7.135,0.01
7140,1.2812074422836304,0.7888455390930176,0.7144850492477417,0.4511620104312897,SGD_Momentum_start6,7.14,0.01
7145,0.4847319424152374,0.8832916617393494,0.7880856990814209,0.5299849510192871,SGD_Momentum_start6,7.145,0.01
7150,1.0945252180099487,0.9111810326576232,0.7859102487564087,0.5961717963218689,SGD_Momentum_start6,7.15,0.01
7155,0.2972261905670166,0.9514498114585876,0.7884020805358887,0.6385900378227234,SGD_Momentum_start6,7.155,0.01
7160,1.648772120475769,0.9684092402458192,0.7258749604225159,0.7080424427986145,SGD_Momentum_start6,7.16,0.01
7165,8.42325496673584,1.0403413772583008,0.9202107787132264,0.5770328640937805,SGD_Momentum_start6,7.165,0.01
7170,1.6132662296295166,0.932410478591919,0.7684735059738159,0.6207766532897949,SGD_Momentum_start6,7.17,0.01
7175,0.4743530750274658,0.9234418869018556,0.7016687393188477,0.6098657250404358,SGD_Momentum_start6,7.175,0.01
7180,0.0997492223978042,0.859229326248169,0.7556748986244202,0.5000868439674377,SGD_Momentum_start6,7.18,0.01
7185,0.1309632658958435,0.8161004781723022,0.7498387694358826,0.4601444900035858,SGD_Momentum_start6,7.185,0.01
7190,0.264254480600357,0.7916737794876099,0.6917779445648193,0.4759348332881927,SGD_Momentum_start6,7.19,0.01
7195,0.2318058162927627,0.8723962903022766,0.762389063835144,0.5387146472930908,SGD_Momentum_start6,7.195,0.01
7200,0.4015333652496338,0.9377453923225404,0.7642224431037903,0.6138541102409363,SGD_Momentum_start6,7.2,0.01
7205,0.171737402677536,0.9618110060691832,0.7856242656707764,0.6496424674987793,SGD_Momentum_start6,7.205,0.01
7210,0.2759611904621124,0.9851198196411132,0.8342297077178955,0.6491751074790955,SGD_Momentum_start6,7.21,0.01
7215,0.0942856147885322,1.0105605125427246,0.8268920183181763,0.6694364547729492,SGD_Momentum_start6,7.215,0.01
7220,0.2309875637292862,1.031858205795288,0.8275384902954102,0.7005199790000916,SGD_Momentum_start6,7.22,0.01
7225,0.2428332567214965,1.057145357131958,0.85735684633255,0.7330423593521118,SGD_Momentum_start6,7.225,0.01
7230,0.4481823742389679,1.1074199676513672,0.8544754981994629,0.8037179112434387,SGD_Momentum_start6,7.23,0.01
7235,1.6472324132919312,1.1312183141708374,0.8928237557411194,0.8166641592979431,SGD_Momentum_start6,7.235,0.01
7240,0.1854059547185897,1.1568994522094729,0.798907995223999,0.8615777492523193,SGD_Momentum_start6,7.24,0.01
7245,0.3928126692771911,1.0939664840698242,0.9663035869598388,0.695197343826294,SGD_Momentum_start6,7.245,0.01
7250,1.0172936916351318,1.0439492464065552,0.7435305118560791,0.7198420166969299,SGD_Momentum_start6,7.25,0.01
7255,2.896114587783813,0.8895627856254578,0.7605139017105103,0.5577215552330017,SGD_Momentum_start6,7.255,0.01
7260,1.11944580078125,0.8069403767585754,0.6238507032394409,0.5401854515075684,SGD_Momentum_start6,7.26,0.01
7265,2.1276111602783203,0.7840521931648254,0.7142707109451294,0.381926566362381,SGD_Momentum_start6,7.265,0.01
7270,1.717585206031799,0.67706298828125,0.5827334523200989,0.4067307710647583,SGD_Momentum_start6,7.27,0.01
7275,0.1738198697566986,0.6562226414680481,0.5849577784538269,0.3611460030078888,SGD_Momentum_start6,7.275,0.01
7280,0.5300783514976501,0.6738046407699585,0.6160345077514648,0.3907268047332763,SGD_Momentum_start6,7.28,0.01
7285,0.1249159500002861,0.7324680685997009,0.6014291048049927,0.4865434169769287,SGD_Momentum_start6,7.285,0.01
7290,0.1713703572750091,0.8260489106178284,0.751164436340332,0.4797583818435669,SGD_Momentum_start6,7.29,0.01
7295,0.0730029344558715,0.8620756268501282,0.734639585018158,0.5539529323577881,SGD_Momentum_start6,7.295,0.01
7300,0.993683934211731,0.9170923829078674,0.77051842212677,0.6185308694839478,SGD_Momentum_start6,7.3,0.01
7305,0.0520890802145004,0.9659092426300048,0.7803858518600464,0.6515403985977173,SGD_Momentum_start6,7.305,0.01
7310,0.0358330979943275,0.9940966963768004,0.8442714214324951,0.6579059362411499,SGD_Momentum_start6,7.31,0.01
7315,0.838631272315979,1.0397220849990845,0.8843000531196594,0.702799916267395,SGD_Momentum_start6,7.315,0.01
7320,2.188192129135132,1.0523254871368408,0.8202933073043823,0.757952094078064,SGD_Momentum_start6,7.32,0.01
7325,1.644892334938049,1.049153447151184,0.7739177346229553,0.7735313773155212,SGD_Momentum_start6,7.325,0.01
7330,0.0376013442873954,1.0443261861801147,0.8519571423530579,0.7004461288452148,SGD_Momentum_start6,7.33,0.01
7335,2.290825843811035,1.0672557353973389,0.8646947145462036,0.6881203055381775,SGD_Momentum_start6,7.335,0.01
7340,0.0401697382330894,1.0237997770309448,0.9216430187225342,0.6308756470680237,SGD_Momentum_start6,7.34,0.01
7345,0.1917140781879425,0.9854155778884888,0.7479311227798462,0.6839669942855835,SGD_Momentum_start6,7.345,0.01
7350,5.850751876831055,0.9930166602134703,0.8698098063468933,0.5491186380386353,SGD_Momentum_start6,7.35,0.01
7355,3.66978120803833,0.8651374578475952,0.689484715461731,0.5902440547943115,SGD_Momentum_start6,7.355,0.01
7360,0.3233509659767151,0.8323148488998413,0.6824239492416382,0.5311208963394165,SGD_Momentum_start6,7.36,0.01
7365,1.1791644096374512,0.8339727520942688,0.6947658658027649,0.4881937205791473,SGD_Momentum_start6,7.365,0.01
7370,0.1207720041275024,0.8255139589309692,0.7053371667861938,0.5106346011161804,SGD_Momentum_start6,7.37,0.01
7375,0.0705863833427429,0.8715983629226685,0.7668011784553528,0.5493359565734863,SGD_Momentum_start6,7.375,0.01
7380,0.1842133998870849,0.967254877090454,0.7977275252342224,0.647605836391449,SGD_Momentum_start6,7.38,0.01
7385,0.0700807198882103,1.0379818677902222,0.8610061407089233,0.7094889283180237,SGD_Momentum_start6,7.385,0.01
7390,0.0701491981744766,1.1031697988510132,0.8611180782318115,0.7789532542228699,SGD_Momentum_start6,7.39,0.01
7395,0.2767194509506225,1.1324124336242676,0.9007055163383484,0.8046461343765259,SGD_Momentum_start6,7.395,0.01
7400,0.0088728563860058,1.1783815622329712,0.9455960988998412,0.8342298865318298,SGD_Momentum_start6,7.4,0.01
7405,0.2442600131034851,1.2275677919387815,0.9306949973106384,0.8893710374832153,SGD_Momentum_start6,7.405,0.01
7410,0.1598802357912063,1.2382444143295288,0.961820662021637,0.8986210823059082,SGD_Momentum_start6,7.41,0.01
7415,0.0091067254543304,1.2555458545684814,0.9281927943229676,0.927886962890625,SGD_Momentum_start6,7.415,0.01
7420,1.4084506034851074,1.2457181215286257,0.898514449596405,0.9498897790908812,SGD_Momentum_start6,7.42,0.01
7425,4.219239711761475,1.2794007062911987,0.9460238814353944,0.9003171324729919,SGD_Momentum_start6,7.425,0.01
7430,0.3467274308204651,1.2302298545837402,0.93593567609787,0.8753330111503601,SGD_Momentum_start6,7.43,0.01
7435,2.4314756393432617,1.2392748594284058,0.9438777565956116,0.866892397403717,SGD_Momentum_start6,7.435,0.01
7440,1.306018352508545,1.1770223379135132,0.980508029460907,0.8090785145759583,SGD_Momentum_start6,7.44,0.01
7445,2.7567827701568604,1.117701530456543,0.7679082751274109,0.8558446764945984,SGD_Momentum_start6,7.445,0.01
7450,2.332326650619507,1.093143105506897,0.8963909149169922,0.6875139474868774,SGD_Momentum_start6,7.45,0.01
7455,0.0474430695176124,1.010371446609497,0.7688050270080566,0.6955899000167847,SGD_Momentum_start6,7.455,0.01
7460,3.4707963466644287,1.0064373016357422,0.8546881079673767,0.5947264432907104,SGD_Momentum_start6,7.46,0.01
7465,0.0599323362112045,0.9550861120224,0.8122572898864746,0.6144170165061951,SGD_Momentum_start6,7.465,0.01
7470,0.6081916093826294,0.9683910608291626,0.8410371541976929,0.627814531326294,SGD_Momentum_start6,7.47,0.01
7475,1.3508732318878174,0.9684723615646362,0.7806059122085571,0.6672108173370361,SGD_Momentum_start6,7.475,0.01
7480,0.884024977684021,0.9615275263786316,0.738071858882904,0.6777302026748657,SGD_Momentum_start6,7.48,0.01
7485,0.0581345781683921,0.957712471485138,0.7275134921073914,0.6600958108901978,SGD_Momentum_start6,7.485,0.01
7490,4.047934055328369,0.97661691904068,0.9063491225242616,0.5224087238311768,SGD_Momentum_start6,7.49,0.01
7495,0.7478082776069641,0.8946168422698975,0.725390613079071,0.5949462056159973,SGD_Momentum_start6,7.495,0.01
7500,0.2851845920085907,0.8821201324462891,0.7672418355941772,0.5479512810707092,SGD_Momentum_start6,7.5,0.01
7505,0.2414347529411316,0.8938213586807251,0.7645267248153687,0.5468263030052185,SGD_Momentum_start6,7.505,0.01
7510,0.1373046338558197,0.894268274307251,0.7229666709899902,0.5809453129768372,SGD_Momentum_start6,7.51,0.01
7515,0.6261618733406067,0.887819230556488,0.7235158681869507,0.5973519682884216,SGD_Momentum_start6,7.515,0.01
7520,0.3297562003135681,0.9521859884262084,0.765139102935791,0.6375797390937805,SGD_Momentum_start6,7.52,0.01
7525,1.0789926052093506,0.9819369316101074,0.7727797031402588,0.7032090425491333,SGD_Momentum_start6,7.525,0.01
7530,3.38187837600708,1.0680311918258667,0.8502681255340576,0.6936111450195312,SGD_Momentum_start6,7.53,0.01
7535,4.941298484802246,0.9944248199462892,0.8022733926773071,0.6952261328697205,SGD_Momentum_start6,7.535,0.01
7540,7.355165958404541,1.025923728942871,0.829838752746582,0.6044553518295288,SGD_Momentum_start6,7.54,0.01
7545,7.113491058349609,0.8514195084571838,0.6602800488471985,0.5922490358352661,SGD_Momentum_start6,7.545,0.01
7550,0.1778736114501953,0.8098068833351135,0.6388086676597595,0.5069717168807983,SGD_Momentum_start6,7.55,0.01
7555,0.6705019474029541,0.7591903209686279,0.7107848525047302,0.3728492259979248,SGD_Momentum_start6,7.555,0.01
7560,1.9233561754226685,0.6753522157669067,0.5532158613204956,0.4320828318595886,SGD_Momentum_start6,7.56,0.01
7565,0.4369335770606994,0.67132169008255,0.5860709547996521,0.3575809895992279,SGD_Momentum_start6,7.565,0.01
7570,0.185767263174057,0.6805757284164429,0.6414247751235962,0.3916704058647156,SGD_Momentum_start6,7.57,0.01
7575,0.8471214771270752,0.8141120672225952,0.6830170154571533,0.5665913820266724,SGD_Momentum_start6,7.575,0.01
7580,0.9206324219703674,0.9628086090087892,0.7730736136436462,0.6400803327560425,SGD_Momentum_start6,7.58,0.01
7585,3.159862518310547,1.036872625350952,0.8696925044059753,0.6480468511581421,SGD_Momentum_start6,7.585,0.01
7590,1.1959377527236938,1.0450809001922607,0.8935922384262085,0.6551851630210876,SGD_Momentum_start6,7.59,0.01
7595,0.981265664100647,1.0086350440979004,0.8474675416946411,0.6727049350738525,SGD_Momentum_start6,7.595,0.01
7600,1.5083903074264526,1.0051971673965454,0.8155695199966431,0.6990607380867004,SGD_Momentum_start6,7.6,0.01
7605,0.0353436134755611,1.0255823135375977,0.7311309576034546,0.7473675608634949,SGD_Momentum_start6,7.605,0.01
7610,0.6425528526306152,0.9810678958892822,0.8811019659042358,0.6027021408081055,SGD_Momentum_start6,7.61,0.01
7615,0.3535518050193786,0.942008376121521,0.685255765914917,0.6403155326843262,SGD_Momentum_start6,7.615,0.01
7620,2.9034347534179688,0.8126921653747559,0.703372061252594,0.4972752332687378,SGD_Momentum_start6,7.62,0.01
7625,12.330241203308104,0.8553962707519531,0.768957793712616,0.3656948506832123,SGD_Momentum_start6,7.625,0.01
7630,9.749590873718262,0.6444455981254578,0.4317552745342254,0.4901781678199768,SGD_Momentum_start6,7.63,0.01
7635,0.8664762377738953,0.5783855319023132,0.593712568283081,0.1770321726799011,SGD_Momentum_start6,7.635,0.01
7640,0.7672652006149292,0.4969015717506408,0.4297910332679748,0.2152361869812011,SGD_Momentum_start6,7.64,0.01
7645,0.8950768709182739,0.394775390625,0.3805467784404754,0.1619560122489929,SGD_Momentum_start6,7.645,0.01
7650,1.1118308305740356,0.4028149843215942,0.3924880921840668,0.1082701236009597,SGD_Momentum_start6,7.65,0.01
7655,0.5387168526649475,0.3725108206272125,0.3788462877273559,0.1402069926261901,SGD_Momentum_start6,7.655,0.01
7660,0.4100128412246704,0.4554940462112427,0.4392418563365936,0.2366661131381988,SGD_Momentum_start6,7.66,0.01
7665,0.2396306544542312,0.5608263611793518,0.5113521218299866,0.3137546181678772,SGD_Momentum_start6,7.665,0.01
7670,0.3864627778530121,0.6630265712738037,0.6085231304168701,0.3571168482303619,SGD_Momentum_start6,7.67,0.01
7675,0.1921292245388031,0.7346939444541931,0.6766653656959534,0.4090655744075775,SGD_Momentum_start6,7.675,0.01
7680,0.7181568145751953,0.7956259846687317,0.7205329537391663,0.4904674589633941,SGD_Momentum_start6,7.68,0.01
7685,2.121613025665283,0.863105058670044,0.7111037373542786,0.6016626954078674,SGD_Momentum_start6,7.685,0.01
7690,0.0798355191946029,0.957633376121521,0.7770494818687439,0.6545983552932739,SGD_Momentum_start6,7.69,0.01
7695,0.0468393564224243,1.033650279045105,0.7659514546394348,0.7506788372993469,SGD_Momentum_start6,7.695,0.01
7700,3.043324708938598,1.0921630859375,0.9681825637817384,0.6573757529258728,SGD_Momentum_start6,7.7,0.01
7705,3.818116188049317,1.0166518688201904,0.7540258169174194,0.7501822113990784,SGD_Momentum_start6,7.705,0.01
7710,2.7244210243225098,1.0317379236221311,0.825596272945404,0.6499022841453552,SGD_Momentum_start6,7.71,0.01
7715,3.09732985496521,0.9194052219390868,0.7676647305488586,0.6053332686424255,SGD_Momentum_start6,7.715,0.01
7720,8.403488159179688,0.939522385597229,0.7914590835571289,0.4983535706996918,SGD_Momentum_start6,7.72,0.01
7725,3.290582656860352,0.7621678113937378,0.6331034302711487,0.4835668802261352,SGD_Momentum_start6,7.725,0.01
7730,0.6989634037017822,0.7288539409637451,0.606349527835846,0.404316782951355,SGD_Momentum_start6,7.73,0.01
7735,1.2526867389678955,0.6894732713699341,0.6723289489746094,0.3005734384059906,SGD_Momentum_start6,7.735,0.01
7740,1.2561216354370115,0.6360138654708862,0.5398355722427368,0.391128271818161,SGD_Momentum_start6,7.74,0.01
7745,0.5176014304161072,0.6548997759819031,0.5784652829170227,0.3425045311450958,SGD_Momentum_start6,7.745,0.01
7750,0.1475957632064819,0.6771511435508728,0.6341871619224548,0.4340553879737854,SGD_Momentum_start6,7.75,0.01
7755,0.2550524175167084,0.918462336063385,0.7381978631019592,0.6427950263023376,SGD_Momentum_start6,7.755,0.01
7760,0.572919487953186,1.0602144002914429,0.851487398147583,0.7291907072067261,SGD_Momentum_start6,7.76,0.01
7765,2.220480442047119,1.159581184387207,0.9688994884490968,0.7698970437049866,SGD_Momentum_start6,7.765,0.01
7770,3.124440670013428,1.154438018798828,0.909357249736786,0.8425636887550354,SGD_Momentum_start6,7.77,0.01
7775,4.259762763977051,1.201976656913757,0.8802238702774048,0.8340110182762146,SGD_Momentum_start6,7.775,0.01
7780,4.312799453735352,1.1578471660614014,1.0041050910949707,0.7053642868995667,SGD_Momentum_start6,7.78,0.01
7785,6.095321178436279,1.0306941270828247,0.731881856918335,0.7790592312812805,SGD_Momentum_start6,7.785,0.01
7790,0.4443342089653015,1.002049684524536,0.7747900485992432,0.6629302501678467,SGD_Momentum_start6,7.79,0.01
7795,3.493804216384888,0.9743391871452332,0.8334500193595886,0.561680257320404,SGD_Momentum_start6,7.795,0.01
7800,0.1159428060054779,0.9141800403594972,0.7799015641212463,0.5820432901382446,SGD_Momentum_start6,7.8,0.01
7805,0.2086198031902313,0.9438586831092834,0.7802324295043945,0.6125948429107666,SGD_Momentum_start6,7.805,0.01
7810,0.0427374094724655,0.9892972111701964,0.8367236852645874,0.6583913564682007,SGD_Momentum_start6,7.81,0.01
7815,0.1441506743431091,1.0592975616455078,0.8427262902259827,0.7324212193489075,SGD_Momentum_start6,7.815,0.01
7820,0.1419853717088699,1.0951740741729736,0.8855785131454468,0.7639707326889038,SGD_Momentum_start6,7.82,0.01
7825,0.016715433448553,1.1352217197418213,0.8706507682800293,0.8146640062332153,SGD_Momentum_start6,7.825,0.01
7830,0.0088408021256327,1.1736290454864502,0.8849618434906006,0.8597305417060852,SGD_Momentum_start6,7.83,0.01
7835,0.3437871932983398,1.2160009145736694,0.861753523349762,0.9056618213653564,SGD_Momentum_start6,7.835,0.01
7840,7.747369289398193,1.24552321434021,1.087396264076233,0.7673913836479187,SGD_Momentum_start6,7.84,0.01
7845,2.4141762256622314,1.132612705230713,0.8347808122634888,0.8360309600830078,SGD_Momentum_start6,7.845,0.01
7850,7.68511438369751,1.14470112323761,0.9134628176689148,0.7168004512786865,SGD_Momentum_start6,7.85,0.01
7855,1.7974562644958496,1.0024168491363523,0.8413085341453552,0.6583806276321411,SGD_Momentum_start6,7.855,0.01
7860,0.5053086876869202,0.9435493350028992,0.7824589014053345,0.6117441654205322,SGD_Momentum_start6,7.86,0.01
7865,0.341871976852417,0.93524569272995,0.7942129373550415,0.604841411113739,SGD_Momentum_start6,7.865,0.01
7870,0.076022058725357,0.9494049549102784,0.8550817966461182,0.5807079076766968,SGD_Momentum_start6,7.87,0.01
7875,3.0945160388946533,0.9233624935150146,0.6570053696632385,0.6950640678405762,SGD_Momentum_start6,7.875,0.01
7880,3.058589458465576,0.9434996843338012,0.8848506808280945,0.4882849156856537,SGD_Momentum_start6,7.88,0.01
7885,2.0533440113067627,0.827650249004364,0.5950236320495605,0.5955026149749756,SGD_Momentum_start6,7.885,0.01
7890,0.1170408651232719,0.7641851305961609,0.6999163627624512,0.4062873721122741,SGD_Momentum_start6,7.89,0.01
7895,1.9360604286193848,0.6959348917007446,0.5737786889076233,0.4458495676517486,SGD_Momentum_start6,7.895,0.01
7900,1.253044366836548,0.707638144493103,0.6274866461753845,0.3567008674144745,SGD_Momentum_start6,7.9,0.01
7905,0.6313672661781311,0.6428682804107666,0.6047979593276978,0.3342097997665405,SGD_Momentum_start6,7.905,0.01
7910,0.2408853471279144,0.636476457118988,0.5924338698387146,0.3353559672832489,SGD_Momentum_start6,7.91,0.01
7915,0.1893761605024337,0.7436134219169617,0.6473718285560608,0.4654265940189361,SGD_Momentum_start6,7.915,0.01
7920,0.0789021179080009,0.8723912835121155,0.7890026569366455,0.5611120462417603,SGD_Momentum_start6,7.92,0.01
7925,0.0605218186974525,1.0190296173095703,0.8375301957130432,0.7004342675209045,SGD_Momentum_start6,7.925,0.01
7930,1.553019404411316,1.1113399267196655,0.8360041379928589,0.8406631350517273,SGD_Momentum_start6,7.93,0.01
7935,2.7815582752227783,1.2128098011016846,0.910593807697296,0.8555175065994263,SGD_Momentum_start6,7.935,0.01
7940,0.166807934641838,1.2087345123291016,0.922764778137207,0.8667309284210205,SGD_Momentum_start6,7.94,0.01
7945,2.6985561847686768,1.19343364238739,0.9120547771453856,0.8866256475448608,SGD_Momentum_start6,7.945,0.01
7950,0.0078158555552363,1.20478093624115,0.9076385498046876,0.8715308308601379,SGD_Momentum_start6,7.95,0.01
7955,0.0442193150520324,1.1946860551834106,0.8570972084999084,0.8833762407302856,SGD_Momentum_start6,7.955,0.01
7960,3.077052354812622,1.19880211353302,0.949556052684784,0.8011296391487122,SGD_Momentum_start6,7.96,0.01
7965,1.4859473705291748,1.1548595428466797,0.9579585790634156,0.749197244644165,SGD_Momentum_start6,7.965,0.01
7970,0.8286458253860474,1.0800585746765137,0.8946551084518433,0.7284425497055054,SGD_Momentum_start6,7.97,0.01
7975,3.648076295852661,1.0237993001937866,0.7761347889900208,0.7424924969673157,SGD_Momentum_start6,7.975,0.01
7980,0.8209186792373657,1.0131360292434692,0.781450092792511,0.7180123329162598,SGD_Momentum_start6,7.98,0.01
7985,1.9729405641555784,1.035862922668457,0.8136383295059204,0.6743892431259155,SGD_Momentum_start6,7.985,0.01
7990,0.1278600543737411,1.0023229122161863,0.8087126016616821,0.6656197309494019,SGD_Momentum_start6,7.99,0.01
7995,0.7823737263679504,1.0107985734939575,0.8045852184295654,0.7193190455436707,SGD_Momentum_start6,7.995,0.01
8000,0.3309908211231231,1.0633798837661743,0.8857125639915466,0.7252852320671082,SGD_Momentum_start6,8.0,0.01
8005,0.357300341129303,1.1037160158157349,0.892115592956543,0.7457480430603027,SGD_Momentum_start6,8.005,0.01
8010,0.1332796216011047,1.1063902378082275,0.8359693288803101,0.7839213013648987,SGD_Momentum_start6,8.01,0.01
8015,1.1759575605392456,1.0845543146133425,0.8252049088478088,0.7882908582687378,SGD_Momentum_start6,8.015,0.01
8020,0.8374837636947632,1.1206210851669312,0.830314040184021,0.7926687002182007,SGD_Momentum_start6,8.02,0.01
8025,0.3894677758216858,1.1044416427612305,0.856831967830658,0.7591817378997803,SGD_Momentum_start6,8.025,0.01
8030,1.0827572345733645,1.1055562496185305,0.9164995551109314,0.7200675010681152,SGD_Momentum_start6,8.03,0.01
8035,3.85346269607544,1.0479087829589844,0.828269898891449,0.7467061877250671,SGD_Momentum_start6,8.035,0.01
8040,1.63726544380188,1.057389497756958,0.7907710671424866,0.7124055624008179,SGD_Momentum_start6,8.04,0.01
8045,1.589208483695984,0.9997527003288268,0.8834360837936401,0.5794826149940491,SGD_Momentum_start6,8.045,0.01
8050,5.1924028396606445,0.8863170146942139,0.6515662670135498,0.6471535563468933,SGD_Momentum_start6,8.05,0.01
8055,11.219228744506836,0.9339626431465148,0.88032466173172,0.4261834025382995,SGD_Momentum_start6,8.055,0.01
8060,3.5690364837646484,0.7751055955886841,0.5796788334846497,0.5465822219848633,SGD_Momentum_start6,8.06,0.01
8065,1.8169182538986208,0.7589794993400574,0.699688196182251,0.3592619299888611,SGD_Momentum_start6,8.065,0.01
8070,0.7607078552246094,0.6618250608444214,0.5948454737663269,0.3673512041568756,SGD_Momentum_start6,8.07,0.01
8075,0.5051900744438171,0.6588209867477417,0.557677686214447,0.3602980375289917,SGD_Momentum_start6,8.075,0.01
8080,0.3761222660541534,0.6307793259620667,0.6055235266685486,0.2860634922981262,SGD_Momentum_start6,8.08,0.01
8085,0.1961621642112732,0.6379905343055725,0.5870237946510315,0.3473507165908813,SGD_Momentum_start6,8.085,0.01
8090,0.5502669811248779,0.7542830109596252,0.6892589926719666,0.4776041209697723,SGD_Momentum_start6,8.09,0.01
8095,0.0633371397852897,0.912047564983368,0.6931054592132568,0.6580131649971008,SGD_Momentum_start6,8.095,0.01
8100,0.0584088265895843,0.9886346459388732,0.9207868576049804,0.5992253422737122,SGD_Momentum_start6,8.1,0.01
8105,1.045685648918152,1.0113472938537598,0.7358807325363159,0.6979182362556458,SGD_Momentum_start6,8.105,0.01
8110,2.3187930583953857,0.9145188331604004,0.791278600692749,0.5785412192344666,SGD_Momentum_start6,8.11,0.01
8115,1.0378079414367676,0.8560143113136292,0.6560405492782593,0.5851191878318787,SGD_Momentum_start6,8.115,0.01
8120,2.8305253982543945,0.847288966178894,0.7622320652008057,0.4332086145877838,SGD_Momentum_start6,8.12,0.01
8125,2.16615629196167,0.7358771562576294,0.6190595626831055,0.4622657895088196,SGD_Momentum_start6,8.125,0.01
8130,0.1617018580436706,0.7119122743606567,0.6188670992851257,0.410355657339096,SGD_Momentum_start6,8.13,0.01
8135,0.1380200535058975,0.7527487874031067,0.6675609946250916,0.4565353989601135,SGD_Momentum_start6,8.135,0.01
8140,0.0698236301541328,0.5954851508140564,0.7644826769828796,0.5723922848701477,SGD_Momentum_start6,8.14,0.01
8145,0.7393022179603577,1.043038010597229,0.8399237394332886,0.7172991037368774,SGD_Momentum_start6,8.145,0.01
8150,0.5995312929153442,1.1480963230133057,0.93610817193985,0.791625440120697,SGD_Momentum_start6,8.15,0.01
8155,1.633353590965271,1.2171205282211304,0.9273241758346558,0.8640667796134949,SGD_Momentum_start6,8.155,0.01
8160,0.3153343796730041,1.242342233657837,0.9701058864593506,0.8838749527931213,SGD_Momentum_start6,8.16,0.01
8165,0.5795812010765076,1.2577364444732666,0.9242137670516968,0.9183244705200196,SGD_Momentum_start6,8.165,0.01
8170,0.5072446465492249,1.2316018342971802,0.918696939945221,0.9115630388259888,SGD_Momentum_start6,8.17,0.01
8175,0.7739445567131042,1.2137773036956787,0.9550775289535522,0.8707871437072754,SGD_Momentum_start6,8.175,0.01
8180,0.0160573422908782,1.20634663105011,0.9255797863006592,0.860298752784729,SGD_Momentum_start6,8.18,0.01
8185,0.6018333435058594,1.181312084197998,0.9359177350997924,0.8395007848739624,SGD_Momentum_start6,8.185,0.01
8190,0.0706645026803016,1.1725034713745115,0.9960004091262816,0.7857223749160767,SGD_Momentum_start6,8.19,0.01
8195,5.03513765335083,1.1131376028060913,0.734868049621582,0.880752682685852,SGD_Momentum_start6,8.195,0.01
8200,4.924349784851074,1.1078579425811768,1.002701997756958,0.6264422535896301,SGD_Momentum_start6,8.2,0.01
8205,2.71387267112732,0.9551759362220764,0.6527944803237915,0.7136962413787842,SGD_Momentum_start6,8.205,0.01
8210,0.0931254923343658,0.8637155890464783,0.7680115103721619,0.4850657880306244,SGD_Momentum_start6,8.21,0.01
8215,2.240891456604004,0.7568687796592712,0.6072250604629517,0.4956418573856354,SGD_Momentum_start6,8.215,0.01
8220,1.5893404483795166,0.7452166676521301,0.6536340117454529,0.3795375227928161,SGD_Momentum_start6,8.22,0.01
8225,0.5839318037033081,0.6570356488227844,0.6154259443283081,0.3409429490566253,SGD_Momentum_start6,8.225,0.01
8230,0.2106606066226959,0.6397413611412048,0.5973789095878601,0.3350509405136108,SGD_Momentum_start6,8.23,0.01
8235,0.1613467186689376,0.6869858503341675,0.670063853263855,0.3581145405769348,SGD_Momentum_start6,8.235,0.01
8240,1.622478723526001,0.7368752360343933,0.594188928604126,0.5266366004943848,SGD_Momentum_start6,8.24,0.01
8245,1.3474538326263428,0.8649303317070007,0.7664093971252441,0.4990312457084656,SGD_Momentum_start6,8.245,0.01
8250,0.0923258811235427,0.8908316493034363,0.7167036533355713,0.5933834314346313,SGD_Momentum_start6,8.25,0.01
8255,3.4629929065704346,0.959138035774231,0.8335501551628113,0.5569577813148499,SGD_Momentum_start6,8.255,0.01
8260,7.90925931930542,0.9003363847732544,0.6787119507789612,0.6686133742332458,SGD_Momentum_start6,8.26,0.01
8265,8.991647720336914,0.972066044807434,0.8516457676887512,0.5125735998153687,SGD_Momentum_start6,8.265,0.01
8270,8.994453430175781,0.8130770325660706,0.5870356559753418,0.6025663018226624,SGD_Momentum_start6,8.27,0.01
8275,12.251171112060549,0.8675036430358887,0.8499822616577148,0.3371138274669647,SGD_Momentum_start6,8.275,0.01
8280,2.8523976802825928,0.6990416049957275,0.4881240129470825,0.511875331401825,SGD_Momentum_start6,8.28,0.01
8285,3.8479018211364746,0.586327314376831,0.5096926689147949,0.3322183489799499,SGD_Momentum_start6,8.285,0.01
8290,4.338356971740723,0.5819238424301147,0.5569695830345154,0.1592120081186294,SGD_Momentum_start6,8.29,0.01
8295,1.8353453874588013,0.4295136630535126,0.363372266292572,0.2444556206464767,SGD_Momentum_start6,8.295,0.01
8300,1.196925163269043,0.4208162128925323,0.4335719048976898,0.0837520211935043,SGD_Momentum_start6,8.3,0.01
8305,0.6595249176025391,0.3696052134037018,0.3476970493793487,0.1750329434871673,SGD_Momentum_start6,8.305,0.01
8310,0.5804692506790161,0.4333035945892334,0.4398119449615478,0.1619050949811935,SGD_Momentum_start6,8.31,0.01
8315,0.4507032632827759,0.5291056632995605,0.5354169607162476,0.2276030331850052,SGD_Momentum_start6,8.315,0.01
8320,0.2820901274681091,0.6086391806602478,0.5969713926315308,0.3127197325229645,SGD_Momentum_start6,8.32,0.01
8325,0.8807646036148071,0.6733521223068237,0.598860502243042,0.4121070504188537,SGD_Momentum_start6,8.325,0.01
8330,0.9361991286277772,0.7333465814590454,0.6121333837509155,0.4901690185070038,SGD_Momentum_start6,8.33,0.01
8335,0.0985443815588951,0.8099300265312195,0.7170844674110413,0.4963148236274719,SGD_Momentum_start6,8.335,0.01
8340,1.3138419389724731,0.9158568382263184,0.7800531983375549,0.5703225135803223,SGD_Momentum_start6,8.34,0.01
8345,0.0522457025945186,0.9574737548828124,0.883167564868927,0.5813151597976685,SGD_Momentum_start6,8.345,0.01
8350,0.3444833159446716,0.9670951962471008,0.7370163798332214,0.6808081269264221,SGD_Momentum_start6,8.35,0.01
8355,5.2910237312316895,1.004196286201477,0.874607264995575,0.5702878832817078,SGD_Momentum_start6,8.355,0.01
8360,4.548243045806885,0.8930944800376892,0.7010577321052551,0.6248811483383179,SGD_Momentum_start6,8.36,0.01
8365,0.4869349896907806,0.8691842555999756,0.7006494402885437,0.5727078914642334,SGD_Momentum_start6,8.365,0.01
8370,1.105546236038208,0.8717414140701294,0.7147588729858398,0.5263352394104004,SGD_Momentum_start6,8.37,0.01
8375,0.2512053549289703,0.8686315417289734,0.7130168676376343,0.5599111318588257,SGD_Momentum_start6,8.375,0.01
8380,0.3896658420562744,0.9212024807929992,0.7849856019020081,0.5816701650619507,SGD_Momentum_start6,8.38,0.01
8385,2.356916666030884,0.9875144958496094,0.8855814933776855,0.5776716470718384,SGD_Momentum_start6,8.385,0.01
8390,8.726619720458984,0.9394952654838562,0.659136950969696,0.7337050437927246,SGD_Momentum_start6,8.39,0.01
8395,8.54990291595459,1.006563425064087,0.9118396043777466,0.5268602967262268,SGD_Momentum_start6,8.395,0.01
8400,8.474410057067871,0.8523007035255432,0.5829164385795593,0.6555039882659912,SGD_Momentum_start6,8.4,0.01
8405,4.706222534179688,0.8488346934318542,0.8424180746078491,0.356962114572525,SGD_Momentum_start6,8.405,0.01
8410,0.4577390551567077,0.7309360504150391,0.5565980076789856,0.4428142011165619,SGD_Momentum_start6,8.41,0.01
8415,5.967141151428223,0.5659202337265015,0.4458419978618622,0.3607093691825866,SGD_Momentum_start6,8.415,0.01
8420,4.361611843109131,0.5536454916000366,0.5540214776992798,0.1112626418471336,SGD_Momentum_start6,8.42,0.01
8425,0.912726879119873,0.4087770581245422,0.3537819385528564,0.2174093425273895,SGD_Momentum_start6,8.425,0.01
8430,0.7293618321418762,0.3944721221923828,0.4200296700000763,0.078451007604599,SGD_Momentum_start6,8.43,0.01
8435,0.4525406956672668,0.3742693364620209,0.3499055504798889,0.1766393631696701,SGD_Momentum_start6,8.435,0.01
8440,0.6373356580734253,0.4197800159454345,0.44645756483078,0.1162165477871894,SGD_Momentum_start6,8.44,0.01
8445,0.4800412654876709,0.4489892125129699,0.4349703192710876,0.2199649363756179,SGD_Momentum_start6,8.445,0.01
8450,0.231069266796112,0.5559755563735962,0.5712877511978149,0.2820989787578583,SGD_Momentum_start6,8.45,0.01
8455,0.4373067319393158,0.7477158308029175,0.6974853277206421,0.4319247603416443,SGD_Momentum_start6,8.455,0.01
8460,0.4907568693161011,0.8955292701721191,0.7508750557899475,0.5833800435066223,SGD_Momentum_start6,8.46,0.01
8465,0.1272673904895782,0.9813003540039062,0.8051318526268005,0.6740787029266357,SGD_Momentum_start6,8.465,0.01
8470,0.217302531003952,1.042665719985962,0.8756825923919678,0.7053861021995544,SGD_Momentum_start6,8.47,0.01
8475,0.1790129840373993,1.089017629623413,0.8771713376045227,0.7413176894187927,SGD_Momentum_start6,8.475,0.01
8480,0.0167020726948976,0.4835374653339386,0.8510041236877441,0.7806825637817383,SGD_Momentum_start6,8.48,0.01
8485,0.0670741572976112,1.1471129655838013,0.8802215456962585,0.8233590126037598,SGD_Momentum_start6,8.485,0.01
8490,2.6707682609558105,1.2141238451004028,1.0029069185256958,0.8110617399215698,SGD_Momentum_start6,8.49,0.01
8495,2.140526056289673,1.1818634271621704,0.9375293850898744,0.8520161509513855,SGD_Momentum_start6,8.495,0.01
8500,2.548297643661499,1.218514919281006,0.9941887855529784,0.813663125038147,SGD_Momentum_start6,8.5,0.01
8505,4.229846477508545,1.1508342027664185,0.8887977004051208,0.8420976996421814,SGD_Momentum_start6,8.505,0.01
8510,2.5130207538604736,1.1584738492965698,0.8441302180290222,0.8030006289482117,SGD_Momentum_start6,8.51,0.01
8515,2.189527034759521,1.090717315673828,0.9447214007377625,0.6586776375770569,SGD_Momentum_start6,8.515,0.01
8520,6.500571250915527,0.962383508682251,0.6863217949867249,0.7215795516967773,SGD_Momentum_start6,8.52,0.01
8525,14.299224853515623,1.002160668373108,0.9327601790428162,0.4745844006538391,SGD_Momentum_start6,8.525,0.01
8530,3.713587284088135,0.8170167207717896,0.6027281284332275,0.58021479845047,SGD_Momentum_start6,8.53,0.01
8535,2.310310125350952,0.7895243763923645,0.7244988679885864,0.3762099146842956,SGD_Momentum_start6,8.535,0.01
8540,0.639590859413147,0.6788987517356873,0.6099554300308228,0.3754859864711761,SGD_Momentum_start6,8.54,0.01
8545,0.5427218675613403,0.686291515827179,0.5765251517295837,0.3857626020908355,SGD_Momentum_start6,8.545,0.01
8550,0.3532630801200866,0.6646522879600525,0.6313222646713257,0.3164035081863403,SGD_Momentum_start6,8.55,0.01
8555,0.1889799535274505,0.6595248579978943,0.5992816686630249,0.3578402698040008,SGD_Momentum_start6,8.555,0.01
8560,0.8109763860702515,0.8410565257072449,0.7777445912361145,0.5026108622550964,SGD_Momentum_start6,8.56,0.01
8565,1.1746034622192385,0.9560197591781616,0.8219967484474182,0.6506950259208679,SGD_Momentum_start6,8.565,0.01
8570,0.4416593313217163,1.0456713438034058,0.8433676958084106,0.7389071583747864,SGD_Momentum_start6,8.57,0.01
8575,2.628566265106201,1.0847890377044678,0.7781463265419006,0.8315978050231934,SGD_Momentum_start6,8.575,0.01
8580,11.38412094116211,1.1706602573394775,1.0047975778579712,0.6966567635536194,SGD_Momentum_start6,8.58,0.01
8585,2.5402755737304688,1.0516539812088013,0.8325586318969727,0.7388368844985962,SGD_Momentum_start6,8.585,0.01
8590,0.5366003513336182,1.0362392663955688,0.7566966414451599,0.7175626754760742,SGD_Momentum_start6,8.59,0.01
8595,0.0645914375782013,0.9577815532684326,0.8176531195640564,0.5897269248962402,SGD_Momentum_start6,8.595,0.01
8600,0.1299589127302169,0.9002763628959656,0.8064581155776978,0.5345210433006287,SGD_Momentum_start6,8.6,0.01
8605,0.2721667885780334,0.8610773086547852,0.7354251742362976,0.5363427400588989,SGD_Momentum_start6,8.605,0.01
8610,0.1959331035614013,0.8960946798324585,0.7539726495742798,0.5684094429016113,SGD_Momentum_start6,8.61,0.01
8615,0.1959629654884338,1.0032494068145752,0.7923325896263123,0.7037724256515503,SGD_Momentum_start6,8.615,0.01
8620,0.5856540203094482,1.1047595739364624,0.8964455723762512,0.7580150365829468,SGD_Momentum_start6,8.62,0.01
8625,4.422500133514404,1.1876349449157717,1.0202319622039795,0.756982684135437,SGD_Momentum_start6,8.625,0.01
8630,13.81092643737793,1.1193461418151855,0.7321218252182007,0.9138809442520142,SGD_Momentum_start6,8.63,0.01
8635,14.795904159545898,1.1801172494888306,1.034772515296936,0.6689111590385437,SGD_Momentum_start6,8.635,0.01
8640,12.053948402404783,0.9860862493515016,0.6375629305839539,0.7852796316146851,SGD_Momentum_start6,8.64,0.01
8645,7.474216938018799,0.9678150415420532,0.9419351816177368,0.4440943896770477,SGD_Momentum_start6,8.645,0.01
8650,0.8264633417129517,0.8236867785453796,0.6091671586036682,0.5134811997413635,SGD_Momentum_start6,8.65,0.01
8655,7.439335823059082,0.620557963848114,0.4748685956001282,0.4075305759906769,SGD_Momentum_start6,8.655,0.01
8660,5.561880588531494,0.5955605506896973,0.5924563407897949,0.1271548867225647,SGD_Momentum_start6,8.66,0.01
8665,0.8195803165435791,0.4277316331863403,0.369431585073471,0.2255331575870514,SGD_Momentum_start6,8.665,0.01
8670,0.7485730648040771,0.4138445258140564,0.440359890460968,0.0968727320432663,SGD_Momentum_start6,8.67,0.01
8675,0.6730061769485474,0.4098314046859741,0.3691650331020355,0.2285950481891632,SGD_Momentum_start6,8.675,0.01
8680,0.4030686020851135,0.4574620127677917,0.4719411134719848,0.1565704345703125,SGD_Momentum_start6,8.68,0.01
8685,0.6166181564331055,0.4717614352703094,0.444920927286148,0.2426154613494873,SGD_Momentum_start6,8.685,0.01
8690,0.8774063587188721,0.5599340200424194,0.529624342918396,0.2528524994850158,SGD_Momentum_start6,8.69,0.01
8695,0.4875372052192688,0.5851082801818848,0.5718119740486145,0.2925568222999573,SGD_Momentum_start6,8.695,0.01
8700,0.2539937496185303,0.6287875771522522,0.591339111328125,0.3366961777210235,SGD_Momentum_start6,8.7,0.01
8705,0.6172353029251099,0.7218237519264221,0.626892626285553,0.4731242954730987,SGD_Momentum_start6,8.705,0.01
8710,0.7367465496063232,0.8514263033866882,0.7089849710464478,0.5339843034744263,SGD_Momentum_start6,8.71,0.01
8715,2.3365631103515625,0.9248502254486084,0.8005012273788452,0.5472584366798401,SGD_Momentum_start6,8.715,0.01
8720,0.9436427354812622,0.9445098042488098,0.8301773071289062,0.5644096732139587,SGD_Momentum_start6,8.72,0.01
8725,0.7517112493515015,0.922217071056366,0.7958977818489075,0.5917026400566101,SGD_Momentum_start6,8.725,0.01
8730,2.554502010345459,0.9275571703910828,0.7424958348274231,0.6553993225097656,SGD_Momentum_start6,8.73,0.01
8735,1.8816430568695068,0.9542672038078308,0.7230955958366394,0.6965110898017883,SGD_Momentum_start6,8.735,0.01
8740,0.0877208560705185,0.9849847555160522,0.8164899349212646,0.6539357304573059,SGD_Momentum_start6,8.74,0.01
8745,1.8974528312683103,1.0323864221572876,0.84430330991745,0.661540687084198,SGD_Momentum_start6,8.745,0.01
8750,0.0420627743005752,1.0059633255004885,0.9113620519638062,0.6162710785865784,SGD_Momentum_start6,8.75,0.01
8755,0.1933947503566742,0.9775519371032716,0.7447912693023682,0.6779649257659912,SGD_Momentum_start6,8.755,0.01
8760,5.880168914794922,0.992383599281311,0.8701887130737305,0.549193799495697,SGD_Momentum_start6,8.76,0.01
8765,3.6759870052337646,0.8687725067138672,0.6924145817756653,0.5939287543296814,SGD_Momentum_start6,8.765,0.01
8770,0.3161922991275787,0.8383226990699768,0.6865367293357849,0.5365010499954224,SGD_Momentum_start6,8.77,0.01
8775,1.2192301750183103,0.8415344953536987,0.699769139289856,0.4948198497295379,SGD_Momentum_start6,8.775,0.01
8780,0.118313118815422,0.833418607711792,0.7100417613983154,0.5178437232971191,SGD_Momentum_start6,8.78,0.01
8785,0.0694336593151092,0.8774206042289734,0.7695082426071167,0.5536448955535889,SGD_Momentum_start6,8.785,0.01
8790,0.1868116706609726,0.9667778611183168,0.7970418930053711,0.6460484862327576,SGD_Momentum_start6,8.79,0.01
8795,0.0683171302080154,1.033955216407776,0.8585729598999023,0.7050254344940186,SGD_Momentum_start6,8.795,0.01
8800,0.0716996937990188,1.097499966621399,0.858102560043335,0.773150622844696,SGD_Momentum_start6,8.8,0.01
8805,0.2711711823940277,1.1261924505233765,0.8973411321640015,0.798468291759491,SGD_Momentum_start6,8.805,0.01
8810,0.0307250097393989,1.1709014177322388,0.9347809553146362,0.8305766582489014,SGD_Momentum_start6,8.81,0.01
8815,0.0352079644799232,1.2092622518539429,0.9094880223274232,0.8823462128639221,SGD_Momentum_start6,8.815,0.01
8820,3.4825527667999268,1.2577564716339111,1.032398343086243,0.8426326513290405,SGD_Momentum_start6,8.82,0.01
8825,1.617114782333374,1.208052158355713,0.959920346736908,0.8670614957809448,SGD_Momentum_start6,8.825,0.01
8830,0.437938779592514,1.1952040195465088,0.917036235332489,0.8648018836975098,SGD_Momentum_start6,8.83,0.01
8835,2.939493179321289,1.160204291343689,0.8066074252128601,0.8949884176254272,SGD_Momentum_start6,8.835,0.01
8840,11.96514892578125,1.1982024908065796,1.018412470817566,0.7159959077835083,SGD_Momentum_start6,8.84,0.01
8845,2.573725700378418,1.0493526458740234,0.827904462814331,0.7331015467643738,SGD_Momentum_start6,8.845,0.01
8850,0.5360572338104248,1.0170515775680542,0.7464569211006165,0.6959768533706665,SGD_Momentum_start6,8.85,0.01
8855,0.0683707520365715,0.9286476969718932,0.7982103228569031,0.5622974634170532,SGD_Momentum_start6,8.855,0.01
8860,0.1294091045856475,0.8692768216133118,0.7852701544761658,0.5058553218841553,SGD_Momentum_start6,8.86,0.01
8865,0.2510360777378082,0.8316859602928162,0.7176694869995117,0.5091833472251892,SGD_Momentum_start6,8.865,0.01
8870,0.1818426549434662,0.8630478978157043,0.7326672077178955,0.5386677384376526,SGD_Momentum_start6,8.87,0.01
8875,0.0697823166847229,0.9437158107757568,0.8101065158843994,0.6282550692558289,SGD_Momentum_start6,8.875,0.01
8880,0.0405485704541206,1.0484129190444946,0.8321120738983154,0.7372380495071411,SGD_Momentum_start6,8.88,0.01
8885,0.2063274681568145,1.134069561958313,0.8825312852859497,0.8111146092414856,SGD_Momentum_start6,8.885,0.01
8890,2.7708590030670166,1.2217364311218262,1.007869839668274,0.8209244608879089,SGD_Momentum_start6,8.89,0.01
8895,2.539161443710327,1.197953462600708,0.942542850971222,0.8730931282043457,SGD_Momentum_start6,8.895,0.01
8900,2.13403844833374,1.2365810871124268,0.9983148574829102,0.8357028365135193,SGD_Momentum_start6,8.9,0.01
8905,5.11916971206665,1.1624304056167605,0.887113094329834,0.8586733341217041,SGD_Momentum_start6,8.905,0.01
8910,2.018479585647583,1.163723349571228,0.8410301804542542,0.8143893480300903,SGD_Momentum_start6,8.91,0.01
8915,1.7656835317611694,1.0921552181243896,0.9406211376190186,0.6656062602996826,SGD_Momentum_start6,8.915,0.01
8920,7.056088924407959,0.9633907079696656,0.6823634505271912,0.7263128757476807,SGD_Momentum_start6,8.92,0.01
8925,13.540708541870115,0.994517982006073,0.924638330936432,0.4681724607944488,SGD_Momentum_start6,8.925,0.01
8930,3.429304599761963,0.8018239736557007,0.5954731702804565,0.5624883770942688,SGD_Momentum_start6,8.93,0.01
8935,2.2745907306671143,0.7687994241714478,0.7099273204803467,0.356130838394165,SGD_Momentum_start6,8.935,0.01
8940,0.5294097661972046,0.6586126685142517,0.5982020497322083,0.3543606102466583,SGD_Momentum_start6,8.94,0.01
8945,0.1682970225811004,0.7180654406547546,0.6567922234535217,0.4222063720226288,SGD_Momentum_start6,8.945,0.01
8950,0.0856651961803436,0.8416232466697693,0.7231436967849731,0.551081120967865,SGD_Momentum_start6,8.95,0.01
8955,0.100355252623558,0.9640437960624696,0.821397602558136,0.6475369334220886,SGD_Momentum_start6,8.955,0.01
8960,0.1345198005437851,1.0653685331344604,0.8487952947616577,0.7419567108154297,SGD_Momentum_start6,8.96,0.01
8965,0.0843756794929504,1.1182286739349363,0.903940975666046,0.7842390537261963,SGD_Momentum_start6,8.965,0.01
8970,0.0708884075284004,1.1662427186965942,0.8924538493156433,0.8372881412506104,SGD_Momentum_start6,8.97,0.01
8975,0.3049928545951843,1.1800609827041626,0.9250617027282716,0.8486765027046204,SGD_Momentum_start6,8.975,0.01
8980,0.0176337137818336,1.213180661201477,0.8634228110313416,0.9133764505386353,SGD_Momentum_start6,8.98,0.01
8985,2.203197956085205,1.2407729625701904,0.9618532657623292,0.8594917058944702,SGD_Momentum_start6,8.985,0.01
8990,0.6283731460571289,1.2087501287460327,0.97376948595047,0.8214085102081299,SGD_Momentum_start6,8.99,0.01
8995,2.301522970199585,1.140315294265747,0.9097961187362672,0.8067198991775513,SGD_Momentum_start6,8.995,0.01
9000,0.3859221339225769,1.11530864238739,0.8751642107963562,0.7841163277626038,SGD_Momentum_start6,9.0,0.01
9005,1.8770217895507808,1.0787901878356934,0.7779033780097961,0.8050330877304077,SGD_Momentum_start6,9.005,0.01
9010,11.537694931030272,1.1194758415222168,0.9758241772651672,0.6340366005897522,SGD_Momentum_start6,9.01,0.01
9015,1.4084393978118896,0.9802668690681458,0.8009461760520935,0.656126856803894,SGD_Momentum_start6,9.015,0.01
9020,0.8557925820350647,0.9601886868476868,0.7264836430549622,0.6322330236434937,SGD_Momentum_start6,9.02,0.01
9025,0.1814745664596557,0.8840577006340027,0.7765153646469116,0.5121386051177979,SGD_Momentum_start6,9.025,0.01
9030,0.0874196365475654,0.82833331823349,0.764889121055603,0.4659782946109772,SGD_Momentum_start6,9.03,0.01
9035,0.209971472620964,0.8153802156448364,0.7132991552352905,0.500404417514801,SGD_Momentum_start6,9.035,0.01
9040,0.1306966245174408,0.8703211545944214,0.7351856827735901,0.5532000660896301,SGD_Momentum_start6,9.04,0.01
9045,0.0636198967695236,0.9220820069313048,0.79463791847229,0.5952651500701904,SGD_Momentum_start6,9.045,0.01
9050,0.1563904285430908,0.9932246804237366,0.8078991770744324,0.6687020659446716,SGD_Momentum_start6,9.05,0.01
9055,0.0916017964482307,1.0378241539001465,0.8567501306533813,0.7073147296905518,SGD_Momentum_start6,9.055,0.01
9060,0.0459123626351356,1.0862475633621216,0.8488199710845947,0.7632208466529846,SGD_Momentum_start6,9.06,0.01
9065,0.3381977081298828,1.1112998723983765,0.8872693181037903,0.7876473665237427,SGD_Momentum_start6,9.065,0.01
9070,1.5317281484603882,1.1460416316986084,0.8987550139427185,0.8335890769958496,SGD_Momentum_start6,9.07,0.01
9075,0.0091591048985719,1.1716275215148926,0.8914468288421631,0.8434495329856873,SGD_Momentum_start6,9.075,0.01
9080,0.0078500499948859,0.7672500610351562,0.86214679479599,0.8669193387031555,SGD_Momentum_start6,9.08,0.01
9085,1.27543306350708,1.2068880796432495,0.959652841091156,0.8314017057418823,SGD_Momentum_start6,9.085,0.01
9090,0.0963727459311485,1.2014782428741455,0.8770853281021118,0.8816810250282288,SGD_Momentum_start6,9.09,0.01
9095,10.55175495147705,1.24694561958313,1.0259138345718384,0.793602705001831,SGD_Momentum_start6,9.095,0.01
9100,11.849244117736816,1.1165169477462769,0.7876906394958496,0.8662806153297424,SGD_Momentum_start6,9.1,0.01
9105,20.6638240814209,1.1684672832489014,0.9943429827690125,0.6503267288208008,SGD_Momentum_start6,9.105,0.01
9110,10.929502487182615,0.939905047416687,0.6553635597229004,0.7111622095108032,SGD_Momentum_start6,9.11,0.01
9115,1.7031581401824951,0.8943989276885986,0.7478172779083252,0.5112025737762451,SGD_Momentum_start6,9.115,0.01
9120,0.3543391823768616,0.7764100432395935,0.7165910601615906,0.4222618043422699,SGD_Momentum_start6,9.12,0.01
9125,0.6689630150794983,0.7103080153465271,0.5702815055847168,0.4504632353782654,SGD_Momentum_start6,9.125,0.01
9130,0.8212793469429016,0.689389169216156,0.6310035586357117,0.3332811594009399,SGD_Momentum_start6,9.13,0.01
9135,0.162012368440628,0.6677980422973633,0.5819472670555115,0.3951809108257293,SGD_Momentum_start6,9.135,0.01
9140,1.5894780158996582,0.7484757900238037,0.6880882382392883,0.3838695883750915,SGD_Momentum_start6,9.14,0.01
9145,0.1222339421510696,0.7852083444595337,0.709714949131012,0.475267082452774,SGD_Momentum_start6,9.145,0.01
9150,0.3953253924846649,0.8913671970367432,0.7608056664466858,0.6086758971214294,SGD_Momentum_start6,9.15,0.01
9155,2.525944232940674,0.9976383447647096,0.7395339608192444,0.761013925075531,SGD_Momentum_start6,9.155,0.01
9160,9.598934173583984,1.1300028562545776,0.9786073565483092,0.6716781258583069,SGD_Momentum_start6,9.16,0.01
9165,2.81323504447937,1.0443259477615356,0.8275532722473145,0.739609956741333,SGD_Momentum_start6,9.165,0.01
9170,0.3840138614177704,1.0454469919204712,0.7586783170700073,0.7343868017196655,SGD_Momentum_start6,9.17,0.01
9175,0.0445325374603271,0.9784244298934937,0.8300172686576843,0.6145989894866943,SGD_Momentum_start6,9.175,0.01
9180,0.1648200303316116,0.9318469166755676,0.8266339302062988,0.5671396255493164,SGD_Momentum_start6,9.18,0.01
9185,0.3434856832027435,0.8954033255577087,0.7547065019607544,0.5705140829086304,SGD_Momentum_start6,9.185,0.01
9190,0.7170549631118774,0.9049276113510132,0.7084397077560425,0.6291850209236145,SGD_Momentum_start6,9.19,0.01
9195,0.0998098999261856,0.9193996787071228,0.7726824879646301,0.5932233929634094,SGD_Momentum_start6,9.195,0.01
9200,1.154381513595581,0.982924461364746,0.8093011975288391,0.630441427230835,SGD_Momentum_start6,9.2,0.01
9205,0.1590399146080017,0.978524923324585,0.8835861682891846,0.6030990481376648,SGD_Momentum_start6,9.205,0.01
9210,0.4866178929805755,0.9566638469696044,0.7241578698158264,0.6711788773536682,SGD_Momentum_start6,9.21,0.01
9215,4.263067245483398,0.9698927998542786,0.8466076254844666,0.5428046584129333,SGD_Momentum_start6,9.215,0.01
9220,4.292572498321533,0.8523871898651123,0.674633264541626,0.5868959426879883,SGD_Momentum_start6,9.22,0.01
9225,0.5129608511924744,0.8302616477012634,0.6774861216545105,0.5396670699119568,SGD_Momentum_start6,9.225,0.01
9230,0.952485203742981,0.8395221829414368,0.6950727105140686,0.4999734759330749,SGD_Momentum_start6,9.23,0.01
9235,1.6732012033462524,0.861386239528656,0.753190279006958,0.4988417029380798,SGD_Momentum_start6,9.235,0.01
9240,0.3029057681560516,0.8804454207420349,0.7736056447029114,0.5265787243843079,SGD_Momentum_start6,9.24,0.01
9245,1.574717402458191,0.8736030459403992,0.7477177381515503,0.56918865442276,SGD_Momentum_start6,9.245,0.01
9250,2.291558027267456,0.9225901365280152,0.7377801537513733,0.5687412619590759,SGD_Momentum_start6,9.25,0.01
9255,0.0695929229259491,0.8858838677406311,0.7219023704528809,0.5872364044189453,SGD_Momentum_start6,9.255,0.01
9260,0.2953763604164123,0.9202262163162231,0.7583720088005066,0.616151750087738,SGD_Momentum_start6,9.26,0.01
9265,0.2223260849714279,0.949739634990692,0.8157746195793152,0.6137098670005798,SGD_Momentum_start6,9.265,0.01
9270,0.2021106928586959,0.9808171391487122,0.8160444498062134,0.6339817047119141,SGD_Momentum_start6,9.27,0.01
9275,0.05333162099123,0.986745834350586,0.7686488032341003,0.6787156462669373,SGD_Momentum_start6,9.275,0.01
9280,0.0678782165050506,1.023328185081482,0.8100814819335938,0.716585099697113,SGD_Momentum_start6,9.28,0.01
9285,0.0186073184013366,0.6725807785987854,0.8054289221763611,0.7999028563499451,SGD_Momentum_start6,9.285,0.01
9290,1.5859254598617554,1.152444839477539,0.9138622283935548,0.7840123176574707,SGD_Momentum_start6,9.29,0.01
9295,0.4505812227725982,1.1484651565551758,0.9384989738464355,0.7705651521682739,SGD_Momentum_start6,9.295,0.01
9300,2.255586624145508,1.1002980470657349,0.8866226673126221,0.7725152373313904,SGD_Momentum_start6,9.3,0.01
9305,0.4529962837696075,1.0898078680038452,0.86036217212677,0.7649012804031372,SGD_Momentum_start6,9.305,0.01
9310,2.031445980072021,1.0654511451721191,0.7698049545288086,0.7965711951255798,SGD_Momentum_start6,9.31,0.01
9315,10.773783683776855,1.1120762825012207,0.9689902663230896,0.6319642066955566,SGD_Momentum_start6,9.315,0.01
9320,1.568744421005249,0.9779008030891418,0.7971770167350769,0.6571573615074158,SGD_Momentum_start6,9.32,0.01
9325,0.739073634147644,0.9577742218971252,0.7232497334480286,0.6329919099807739,SGD_Momentum_start6,9.325,0.01
9330,0.1494928747415542,0.8819597959518433,0.7735490798950195,0.5127177834510803,SGD_Momentum_start6,9.33,0.01
9335,0.0941242426633834,0.8271969556808472,0.7617283463478088,0.464899331331253,SGD_Momentum_start6,9.335,0.01
9340,0.2080029249191284,0.8071799874305725,0.7073450088500977,0.4913240373134613,SGD_Momentum_start6,9.34,0.01
9345,0.1424266993999481,0.8561570048332214,0.7268024682998657,0.5384257435798645,SGD_Momentum_start6,9.345,0.01
9350,0.0632183104753494,0.908765971660614,0.7879247069358826,0.5833863615989685,SGD_Momentum_start6,9.35,0.01
9355,0.164068341255188,0.9878597855567932,0.80609130859375,0.6645927429199219,SGD_Momentum_start6,9.355,0.01
9360,0.0868090167641639,1.0392545461654663,0.8585314154624939,0.7092921733856201,SGD_Momentum_start6,9.36,0.01
9365,0.0494778901338577,1.091786503791809,0.8524238467216492,0.7685641050338745,SGD_Momentum_start6,9.365,0.01
9370,0.3299801349639892,1.1173893213272097,0.8906842470169067,0.7926941514015198,SGD_Momentum_start6,9.37,0.01
9375,0.3673566281795501,1.161871314048767,0.9110578298568726,0.8387366533279419,SGD_Momentum_start6,9.375,0.01
9380,1.81172788143158,1.1760553121566772,0.8349870443344116,0.9016419649124146,SGD_Momentum_start6,9.38,0.01
9385,0.285662978887558,1.1772040128707886,0.9095814824104308,0.8452096581459045,SGD_Momentum_start6,9.385,0.01
9390,3.2804529666900635,1.1444140672683716,0.7937086820602417,0.8854221701622009,SGD_Momentum_start6,9.39,0.01
9395,9.513999938964844,1.1797714233398438,0.9975825548171996,0.7124084234237671,SGD_Momentum_start6,9.395,0.01
9400,3.53167462348938,1.0367343425750732,0.8086827993392944,0.732731819152832,SGD_Momentum_start6,9.4,0.01
9405,0.1692910939455032,1.0019562244415283,0.7284964323043823,0.6967461109161377,SGD_Momentum_start6,9.405,0.01
9410,0.0792469978332519,0.9160457253456116,0.8566219806671143,0.5130861401557922,SGD_Momentum_start6,9.41,0.01
9415,1.7380386590957642,0.8699014186859131,0.6735169291496277,0.5279861688613892,SGD_Momentum_start6,9.415,0.01
9420,0.7020368576049805,0.7359358072280884,0.6809556484222412,0.3936790227890014,SGD_Momentum_start6,9.42,0.01
9425,0.2546918392181396,0.6719310283660889,0.5652456879615784,0.3910149931907654,SGD_Momentum_start6,9.425,0.01
9430,0.6409187316894531,0.6907243728637695,0.6263425946235657,0.3716229200363159,SGD_Momentum_start6,9.43,0.01
9435,0.1503286361694336,0.7298978567123413,0.7106437087059021,0.3843028545379638,SGD_Momentum_start6,9.435,0.01
9440,0.4105398058891296,0.7492190003395081,0.612180233001709,0.4850154519081116,SGD_Momentum_start6,9.44,0.01
9445,2.0917882919311523,0.7924572825431824,0.7219926118850708,0.4035625755786896,SGD_Momentum_start6,9.445,0.01
9450,3.01669979095459,0.7255268096923828,0.602807343006134,0.4740055203437805,SGD_Momentum_start6,9.45,0.01
9455,0.908379852771759,0.794182300567627,0.6740598082542419,0.469963014125824,SGD_Momentum_start6,9.455,0.01
9460,1.6856902837753296,0.8517296314239502,0.7490009069442749,0.488439530134201,SGD_Momentum_start6,9.46,0.01
9465,0.4581760764122009,0.8752688765525818,0.7758830785751343,0.5147824287414551,SGD_Momentum_start6,9.465,0.01
9470,1.1397373676300049,0.8637772798538208,0.7480035424232483,0.5509393811225891,SGD_Momentum_start6,9.47,0.01
9475,0.8890946507453918,0.9279415011405944,0.8117217421531677,0.5682126879692078,SGD_Momentum_start6,9.475,0.01
9480,0.5749431848526001,1.008095383644104,0.8584775328636169,0.6526196002960205,SGD_Momentum_start6,9.48,0.01
9485,0.2851108014583587,1.0570893287658691,0.8924453854560852,0.7189294099807739,SGD_Momentum_start6,9.485,0.01
9490,1.5447808504104614,1.131142258644104,0.9346541166305542,0.7504966259002686,SGD_Momentum_start6,9.49,0.01
9495,6.536297798156738,1.1109298467636108,0.8453285098075867,0.8333205580711365,SGD_Momentum_start6,9.495,0.01
9500,0.3200739026069641,1.1392194032669067,0.8045530319213867,0.8309786319732666,SGD_Momentum_start6,9.5,0.01
9505,0.2269073724746704,1.0892605781555176,0.9116886258125304,0.7010428309440613,SGD_Momentum_start6,9.505,0.01
9510,0.0537221878767013,1.032732009887695,0.824506402015686,0.6896502375602722,SGD_Momentum_start6,9.51,0.01
9515,1.2591017484664917,0.9884220361709596,0.8008859753608704,0.6750922799110413,SGD_Momentum_start6,9.515,0.01
9520,0.0544019192457199,0.977234661579132,0.7799187898635864,0.6544198989868164,SGD_Momentum_start6,9.52,0.01
9525,0.0492324121296405,0.9665133357048036,0.8190590143203735,0.6240822076797485,SGD_Momentum_start6,9.525,0.01
9530,0.3673301339149475,0.9916516542434692,0.8676027655601501,0.64258873462677,SGD_Momentum_start6,9.53,0.01
9535,0.6698976755142212,1.003503441810608,0.8179155588150024,0.6853291392326355,SGD_Momentum_start6,9.535,0.01
9540,0.2535687088966369,1.006075143814087,0.7808568477630615,0.7008190155029297,SGD_Momentum_start6,9.54,0.01
9545,0.5162466764450073,1.0102611780166626,0.7722716331481934,0.6842622756958008,SGD_Momentum_start6,9.545,0.01
9550,0.5720909833908081,0.9860325455665588,0.799252986907959,0.6340070962905884,SGD_Momentum_start6,9.55,0.01
9555,0.071127064526081,0.9624165296554564,0.8806475400924683,0.5766525268554688,SGD_Momentum_start6,9.555,0.01
9560,0.0834936648607254,0.9352275133132936,0.7309953570365906,0.628390371799469,SGD_Momentum_start6,9.56,0.01
9565,0.4793058633804321,0.899535596370697,0.7349802255630493,0.5954309701919556,SGD_Momentum_start6,9.565,0.01
9570,0.2974565029144287,0.8949557542800903,0.7746607065200806,0.5622170567512512,SGD_Momentum_start6,9.57,0.01
9575,0.1503468453884124,0.9092676043510436,0.7695847153663635,0.5682742595672607,SGD_Momentum_start6,9.575,0.01
9580,0.0640388056635856,0.9128378629684448,0.7287192344665527,0.6107056736946106,SGD_Momentum_start6,9.58,0.01
9585,0.4394798874855041,0.9721760153770448,0.818345308303833,0.6393663883209229,SGD_Momentum_start6,9.585,0.01
9590,2.126248598098755,1.0687370300292969,0.9318983554840088,0.6662867665290833,SGD_Momentum_start6,9.59,0.01
9595,0.0212493296712636,1.07508647441864,0.8457042574882507,0.7549182176589966,SGD_Momentum_start6,9.595,0.01
9600,0.019374618306756,1.1102122068405151,0.9081361889839172,0.7651417255401611,SGD_Momentum_start6,9.6,0.01
9605,1.2700165510177612,1.1340575218200684,0.9350315928459167,0.7950694561004639,SGD_Momentum_start6,9.605,0.01
9610,3.0679357051849365,1.1331079006195068,0.8564255237579346,0.839866042137146,SGD_Momentum_start6,9.61,0.01
9615,2.287006378173828,1.1188088655471802,0.8017380237579346,0.8453927040100098,SGD_Momentum_start6,9.615,0.01
9620,0.0684428960084915,1.1048665046691897,0.8815823197364807,0.7603572607040405,SGD_Momentum_start6,9.62,0.01
9625,2.361727714538574,1.1151630878448486,0.8886117339134216,0.7330535054206848,SGD_Momentum_start6,9.625,0.01
9630,0.0554289072751998,1.0570133924484253,0.9401240944862366,0.661480188369751,SGD_Momentum_start6,9.63,0.01
9635,0.1977027356624603,1.0064759254455566,0.7577357292175293,0.7023166418075562,SGD_Momentum_start6,9.635,0.01
9640,6.1837897300720215,1.0058640241622925,0.8786235451698303,0.5578588843345642,SGD_Momentum_start6,9.64,0.01
9645,3.623300075531006,0.8708035349845886,0.6933537125587463,0.5935603380203247,SGD_Momentum_start6,9.645,0.01
9650,0.287844717502594,0.834065318107605,0.6844853162765503,0.5302417278289795,SGD_Momentum_start6,9.65,0.01
9655,1.2539478540420532,0.8367104530334473,0.6976737976074219,0.4895840883255005,SGD_Momentum_start6,9.655,0.01
9660,0.110883355140686,0.8390899896621704,0.7139546275138855,0.5260417461395264,SGD_Momentum_start6,9.66,0.01
9665,0.0723873823881149,0.8880163431167603,0.7735641598701477,0.5631544589996338,SGD_Momentum_start6,9.665,0.01
9670,0.1748007237911224,0.9628914594650269,0.7925881743431091,0.6398656368255615,SGD_Momentum_start6,9.67,0.01
9675,0.0700027048587799,1.017014503479004,0.8475846648216248,0.6871164441108704,SGD_Momentum_start6,9.675,0.01
9680,0.0719184726476669,1.0738236904144287,0.8450118899345398,0.749539315700531,SGD_Momentum_start6,9.68,0.01
9685,0.2574639022350311,1.100679636001587,0.8832548260688782,0.7735809087753296,SGD_Momentum_start6,9.685,0.01
9690,0.0574160180985927,1.1469814777374268,0.9181851744651794,0.8113583326339722,SGD_Momentum_start6,9.69,0.01
9695,0.0070686368271708,1.120187759399414,0.994555115699768,0.8176051378250122,SGD_Momentum_start6,9.695,0.01
9700,4.621068000793457,1.1817259788513184,0.8609123229980469,0.9048839211463928,SGD_Momentum_start6,9.7,0.01
9705,0.1083331704139709,1.1977615356445312,0.9795177578926086,0.8312546014785767,SGD_Momentum_start6,9.705,0.01
9710,7.761541843414307,1.1508842706680298,0.8110612034797668,0.8951923251152039,SGD_Momentum_start6,9.71,0.01
9715,7.43063497543335,1.1851390600204468,0.9382706880569458,0.7596638798713684,SGD_Momentum_start6,9.715,0.01
9720,0.956217646598816,1.0568238496780396,0.8969850540161133,0.6915169954299927,SGD_Momentum_start6,9.72,0.01
9725,3.4123098850250244,0.9764647483825684,0.6809423565864563,0.7346049547195435,SGD_Momentum_start6,9.725,0.01
9730,4.718406677246094,0.9650317430496216,0.911943018436432,0.4824237823486328,SGD_Momentum_start6,9.73,0.01
9735,0.7490218281745911,0.8252074718475342,0.6147803068161011,0.561206042766571,SGD_Momentum_start6,9.735,0.01
9740,0.5694218873977661,0.7554697394371033,0.709652841091156,0.3624447286128998,SGD_Momentum_start6,9.74,0.01
9745,0.7104955911636353,0.6583687663078308,0.5673938393592834,0.3812232911586761,SGD_Momentum_start6,9.745,0.01
9750,0.1597004383802414,0.6897458434104919,0.62502521276474,0.400422602891922,SGD_Momentum_start6,9.75,0.01
9755,0.1884284019470214,0.7647807598114014,0.6999901533126831,0.4516735970973968,SGD_Momentum_start6,9.755,0.01
9760,0.1425277888774871,0.8384875059127808,0.7293077111244202,0.5143828988075256,SGD_Momentum_start6,9.76,0.01
9765,0.0637048482894897,0.7625278234481812,0.7301734685897827,0.6016191244125366,SGD_Momentum_start6,9.765,0.01
9770,0.1910819858312606,0.972109854221344,0.7986541390419006,0.664812445640564,SGD_Momentum_start6,9.77,0.01
9775,0.0663751438260078,1.0286448001861572,0.8774497509002686,0.6807038187980652,SGD_Momentum_start6,9.775,0.01
9780,0.7069271802902222,1.076926827430725,0.8859004378318787,0.7112775444984436,SGD_Momentum_start6,9.78,0.01
9785,0.312055230140686,1.0864529609680176,0.8328770399093628,0.757253110408783,SGD_Momentum_start6,9.785,0.01
9790,0.8128861784934998,1.0677013397216797,0.8222386837005615,0.765476644039154,SGD_Momentum_start6,9.79,0.01
9795,0.057281170040369,1.0949232578277588,0.8580458760261536,0.7660729885101318,SGD_Momentum_start6,9.795,0.01
9800,0.0297538638114929,1.1147130727767944,0.9058682918548584,0.7697878479957581,SGD_Momentum_start6,9.8,0.01
9805,0.3074032366275787,1.14922034740448,0.8938981294631958,0.807295560836792,SGD_Momentum_start6,9.805,0.01
9810,0.0341958366334438,1.1630303859710691,0.9298055171966552,0.8184449672698975,SGD_Momentum_start6,9.81,0.01
9815,0.1212195754051208,1.188477873802185,0.904509663581848,0.8527369499206543,SGD_Momentum_start6,9.815,0.01
9820,0.2612242698669433,1.18668794631958,0.928703546524048,0.85133296251297,SGD_Momentum_start6,9.82,0.01
9825,0.0716259032487869,1.210124135017395,0.918180763721466,0.8750212788581848,SGD_Momentum_start6,9.825,0.01
9830,0.0131692048162221,1.217326283454895,0.9634132385253906,0.8652125597000122,SGD_Momentum_start6,9.83,0.01
9835,0.1593691110610962,1.2378556728363037,0.9224280714988708,0.9058161973953248,SGD_Momentum_start6,9.835,0.01
9840,0.4695447385311126,1.2527862787246704,0.8772053122520447,0.9368763566017152,SGD_Momentum_start6,9.84,0.01
9845,7.293802261352539,1.262884497642517,1.092599630355835,0.7866701483726501,SGD_Momentum_start6,9.845,0.01
9850,3.0233314037323,1.139771819114685,0.8302971720695496,0.8480256199836731,SGD_Momentum_start6,9.85,0.01
9855,6.51621675491333,1.1406264305114746,0.9043579697608948,0.7203804850578308,SGD_Momentum_start6,9.855,0.01
9860,2.269111633300781,0.9942219257354736,0.8284996151924133,0.6567450761795044,SGD_Momentum_start6,9.86,0.01
9865,0.7307034134864807,0.9326671361923218,0.7697729468345642,0.6078819036483765,SGD_Momentum_start6,9.865,0.01
9870,0.0610257759690284,0.897595226764679,0.7378782033920288,0.5811198949813843,SGD_Momentum_start6,9.87,0.01
9875,0.0872106775641441,0.9085710048675536,0.7802541255950928,0.5779356360435486,SGD_Momentum_start6,9.875,0.01
9880,0.1884754747152328,0.9523984789848328,0.7848879098892212,0.6241613030433655,SGD_Momentum_start6,9.88,0.01
9885,0.0535532906651496,0.9921444654464722,0.8344612121582031,0.6599574685096741,SGD_Momentum_start6,9.885,0.01
9890,0.1081320941448211,1.0464519262313845,0.8324835300445557,0.7200921773910522,SGD_Momentum_start6,9.89,0.01
9895,0.1806599646806717,1.0732591152191162,0.8704733848571777,0.7439792156219482,SGD_Momentum_start6,9.895,0.01
9900,0.0146085591986775,0.388122946023941,0.8915248513221741,0.7806518077850342,SGD_Momentum_start6,9.9,0.01
9905,0.5269935727119446,1.16868793964386,0.8869529962539673,0.8329446315765381,SGD_Momentum_start6,9.905,0.01
9910,0.1067777723073959,1.170525074005127,0.9040300846099854,0.8409865498542786,SGD_Momentum_start6,9.91,0.01
9915,0.1080494076013565,1.1724183559417725,0.95359069108963,0.8139655590057373,SGD_Momentum_start6,9.915,0.01
9920,0.5272619128227234,1.180172085762024,0.9335138201713562,0.8124337792396545,SGD_Momentum_start6,9.92,0.01
9925,0.0913974270224571,1.1588945388793943,0.8570595979690552,0.8356327414512634,SGD_Momentum_start6,9.925,0.01
9930,1.0609688758850098,1.158883571624756,0.92830890417099,0.7848947644233704,SGD_Momentum_start6,9.93,0.01
9935,0.0176206622272729,1.1402095556259155,0.839576244354248,0.8298320770263672,SGD_Momentum_start6,9.935,0.01
9940,7.176737308502197,1.175919532775879,0.9727319478988647,0.7385342121124268,SGD_Momentum_start6,9.94,0.01
9945,11.539872169494627,1.0487231016159058,0.7453468441963196,0.805934727191925,SGD_Momentum_start6,9.945,0.01
9950,14.245404243469238,1.087934970855713,0.9328734874725342,0.5946662425994873,SGD_Momentum_start6,9.95,0.01
9955,10.126381874084473,0.878118097782135,0.6198656558990479,0.6566757559776306,SGD_Momentum_start6,9.955,0.01
9960,1.0652692317962646,0.8374598026275635,0.7079152464866638,0.4728641510009765,SGD_Momentum_start6,9.96,0.01
9965,0.4292128682136535,0.7422405481338501,0.6898919343948364,0.3989580869674682,SGD_Momentum_start6,9.965,0.01
9970,0.753536581993103,0.6892383694648743,0.5566966533660889,0.4371290206909179,SGD_Momentum_start6,9.97,0.01
9975,0.7162002921104431,0.6779720187187195,0.6220707297325134,0.3285391628742218,SGD_Momentum_start6,9.975,0.01
9980,0.1663306504487991,0.6569890975952148,0.5776413083076477,0.3874222338199615,SGD_Momentum_start6,9.98,0.01
9985,1.912136435508728,0.7567585706710815,0.7002376317977905,0.387412816286087,SGD_Momentum_start6,9.985,0.01
9990,4.003713607788086,0.7522953152656555,0.61696457862854,0.5179927349090576,SGD_Momentum_start6,9.99,0.01
9995,7.365127563476562,0.8551481366157532,0.7785859704017639,0.4079677164554596,SGD_Momentum_start6,9.995,0.01
10000,5.7585883140563965,0.734129786491394,0.5629704594612122,0.5187528729438782,SGD_Momentum_start6,10.0,0.01
10005,0.9564524292945862,0.7403387427330017,0.6488019824028015,0.3908754885196686,SGD_Momentum_start6,10.005,0.01
10010,0.3600875735282898,0.6801084280014038,0.6469612121582031,0.3485943377017975,SGD_Momentum_start6,10.01,0.01
10015,0.7777732610702515,0.6500449776649475,0.5335047841072083,0.4086456596851349,SGD_Momentum_start6,10.015,0.01
10020,0.5690190196037292,0.6560766100883484,0.6050350069999695,0.3189961016178131,SGD_Momentum_start6,10.02,0.01
10025,0.1712634414434433,0.6481714844703674,0.6167060136795044,0.3468906283378601,SGD_Momentum_start6,10.025,0.01
10030,0.1742834746837616,0.7282067537307739,0.697516143321991,0.401055246591568,SGD_Momentum_start6,10.03,0.01
10035,0.2999518513679504,0.7805390357971191,0.6911722421646118,0.4771468937397003,SGD_Momentum_start6,10.035,0.01
10040,0.1552583277225494,0.876261293888092,0.7776944637298584,0.5547891855239868,SGD_Momentum_start6,10.04,0.01
10045,0.1275290697813034,0.9579811692237854,0.8024953007698059,0.625720739364624,SGD_Momentum_start6,10.045,0.01
10050,0.0356238149106502,1.001638650894165,0.8612967729568481,0.658678412437439,SGD_Momentum_start6,10.05,0.01
10055,0.0780950039625167,1.0588785409927368,0.8534550070762634,0.7238600850105286,SGD_Momentum_start6,10.055,0.01
10060,3.3822576999664307,1.12726628780365,0.9792155623435974,0.7014403939247131,SGD_Momentum_start6,10.06,0.01
10065,10.89097023010254,1.055428385734558,0.7132371664047241,0.8416445255279541,SGD_Momentum_start6,10.065,0.01
10070,14.18934440612793,1.1160463094711304,0.9978671669960022,0.6022042632102966,SGD_Momentum_start6,10.07,0.01
10075,8.81326675415039,0.9272177219390868,0.6249242424964905,0.7166723012924194,SGD_Momentum_start6,10.075,0.01
10080,1.1856632232666016,0.8813881874084473,0.7710357904434204,0.4865330159664154,SGD_Momentum_start6,10.08,0.01
10085,1.983955264091492,0.7659162282943726,0.6477526426315308,0.4772237837314605,SGD_Momentum_start6,10.085,0.01
10090,0.3122979402542114,0.7401440143585205,0.5995731949806213,0.440310388803482,SGD_Momentum_start6,10.09,0.01
10095,0.2551217675209045,0.6888791918754578,0.6440483331680298,0.3387519121170044,SGD_Momentum_start6,10.095,0.01
10100,0.1902929842472076,0.6650550961494446,0.6015890836715698,0.3573867082595825,SGD_Momentum_start6,10.1,0.01
10105,0.1210539862513542,0.6870371699333191,0.6584566235542297,0.477045327425003,SGD_Momentum_start6,10.105,0.01
10110,0.0772951543331146,0.9107632040977478,0.7161214351654053,0.6427756547927856,SGD_Momentum_start6,10.11,0.01
10115,4.218977928161621,1.0434423685073853,0.9547618627548218,0.6040937304496765,SGD_Momentum_start6,10.115,0.01
10120,2.330538272857666,1.0076003074645996,0.770633339881897,0.7308682203292847,SGD_Momentum_start6,10.12,0.01
10125,4.8289971351623535,1.0579155683517456,0.8574605584144592,0.6564776301383972,SGD_Momentum_start6,10.125,0.01
10130,2.0342001914978027,0.9551615118980408,0.8080801963806152,0.6246623992919922,SGD_Momentum_start6,10.13,0.01
10135,0.7345396280288696,0.9173057079315186,0.7619484066963196,0.597644031047821,SGD_Momentum_start6,10.135,0.01
10140,0.0678715929389,0.8958763480186462,0.7331470251083374,0.5777366161346436,SGD_Momentum_start6,10.14,0.01
10145,0.0835974812507629,0.893404483795166,0.7710575461387634,0.5611217617988586,SGD_Momentum_start6,10.145,0.01
10150,0.2241172343492508,0.9405969381332396,0.7819055914878845,0.6153802275657654,SGD_Momentum_start6,10.15,0.01
10155,0.0500309988856315,1.007109761238098,0.8460069298744202,0.6784201860427856,SGD_Momentum_start6,10.155,0.01
10160,0.1045342981815338,1.078784465789795,0.8509629368782043,0.7537767291069031,SGD_Momentum_start6,10.16,0.01
10165,0.2034876942634582,1.113081693649292,0.892819344997406,0.7838433384895325,SGD_Momentum_start6,10.165,0.01
10170,0.0095463395118713,0.1211458221077919,0.9334783554077148,0.8095113635063171,SGD_Momentum_start6,10.17,0.01
10175,0.2617709338665008,1.2060052156448364,0.9210241436958312,0.8681240677833557,SGD_Momentum_start6,10.175,0.01
10180,0.1375661790370941,1.2211627960205078,0.9539240598678588,0.8817934393882751,SGD_Momentum_start6,10.18,0.01
10185,0.013253697194159,1.2418714761734009,0.9223999381065368,0.9141680598258972,SGD_Momentum_start6,10.185,0.01
10190,0.7696535587310791,1.2407420873641968,0.9811371564865112,0.897340714931488,SGD_Momentum_start6,10.19,0.01
10195,0.8503423929214478,1.2649779319763184,0.9877901077270508,0.8887087106704712,SGD_Momentum_start6,10.195,0.01
10200,0.6990169286727905,1.2505154609680176,0.9199309945106506,0.9054126143455504,SGD_Momentum_start6,10.2,0.01
10205,0.5866945385932922,1.2075186967849731,0.9020211696624756,0.8887407779693604,SGD_Momentum_start6,10.205,0.01
10210,1.0121757984161377,1.1807191371917725,0.9300457239151,0.843272864818573,SGD_Momentum_start6,10.21,0.01
10215,0.0192296504974365,1.1718850135803225,1.0030421018600464,0.77879798412323,SGD_Momentum_start6,10.215,0.01
10220,3.7142276763916016,1.1135581731796265,0.748466432094574,0.8685763478279114,SGD_Momentum_start6,10.22,0.01
10225,7.283621788024902,1.116958737373352,1.02321195602417,0.6162917017936707,SGD_Momentum_start6,10.225,0.01
10230,1.6903223991394043,0.9612598419189452,0.6692177653312683,0.7045985460281372,SGD_Momentum_start6,10.23,0.01
10235,0.295876145362854,0.8745502233505249,0.785439670085907,0.4786684513092041,SGD_Momentum_start6,10.235,0.01
10240,1.6495075225830078,0.7580260038375854,0.6155744194984436,0.4852549731731415,SGD_Momentum_start6,10.24,0.01
10245,2.0415799617767334,0.7452662587165833,0.6580418348312378,0.3692955672740936,SGD_Momentum_start6,10.245,0.01
10250,0.4492091238498688,0.6524789929389954,0.6158450841903687,0.3312804996967315,SGD_Momentum_start6,10.25,0.01
10255,0.3870825469493866,0.646189272403717,0.5873723030090332,0.3825777173042297,SGD_Momentum_start6,10.255,0.01
10260,0.2122474610805511,0.7355090379714966,0.6820669174194336,0.42657071352005,SGD_Momentum_start6,10.26,0.01
10265,0.2889163196086883,0.8207828402519226,0.7271661162376404,0.4875022768974304,SGD_Momentum_start6,10.265,0.01
10270,0.2046275287866592,0.8726573586463928,0.7185994386672974,0.5623056292533875,SGD_Momentum_start6,10.27,0.01
10275,0.4477206170558929,0.8952444195747375,0.7350392937660217,0.6009793877601624,SGD_Momentum_start6,10.275,0.01
10280,0.7035857439041138,0.925574779510498,0.7847978472709656,0.6109645366668701,SGD_Momentum_start6,10.28,0.01
10285,0.3289401531219482,0.9865922927856444,0.791777491569519,0.6873657703399658,SGD_Momentum_start6,10.285,0.01
10290,1.199846267700195,1.024738907814026,0.8366400003433228,0.7141206860542297,SGD_Momentum_start6,10.29,0.01
10295,0.1482914984226226,1.0638400316238403,0.7581941485404968,0.7734500765800476,SGD_Momentum_start6,10.295,0.01
10300,0.2995945811271667,1.0195220708847046,0.9188079237937928,0.6268609762191772,SGD_Momentum_start6,10.3,0.01
10305,0.8058257102966309,0.98133647441864,0.7131369113922119,0.6640751957893372,SGD_Momentum_start6,10.305,0.01
10310,2.5343024730682373,0.8437984585762024,0.7316373586654663,0.5172895789146423,SGD_Momentum_start6,10.31,0.01
10315,1.0762373208999634,0.7731953263282776,0.6054394245147705,0.5117856860160828,SGD_Momentum_start6,10.315,0.01
10320,1.8459656238555908,0.7590338587760925,0.695269763469696,0.3653922975063324,SGD_Momentum_start6,10.32,0.01
10325,1.7313573360443115,0.662621259689331,0.5725080966949463,0.3968857824802398,SGD_Momentum_start6,10.325,0.01
10330,0.1898697316646576,0.6476905941963196,0.5772883892059326,0.356315016746521,SGD_Momentum_start6,10.33,0.01
10335,0.2027507424354553,0.7012200355529785,0.6685307025909424,0.3983463644981384,SGD_Momentum_start6,10.335,0.01
10340,0.3462112843990326,0.815455436706543,0.710824191570282,0.5358691215515137,SGD_Momentum_start6,10.34,0.01
10345,0.0540746450424194,0.9382200241088868,0.7621923685073853,0.6461342573165894,SGD_Momentum_start6,10.345,0.01
10350,0.0612577833235263,1.0252476930618286,0.8385116457939148,0.7056059837341309,SGD_Momentum_start6,10.35,0.01
10355,1.8761427402496336,1.0846776962280271,0.8154207468032837,0.8181648850440979,SGD_Momentum_start6,10.355,0.01
10360,1.997713923454285,1.1746621131896973,0.8850390315055847,0.8246936798095703,SGD_Momentum_start6,10.36,0.01
10365,5.99885892868042,1.2030435800552368,0.9719088673591614,0.7858229875564575,SGD_Momentum_start6,10.365,0.01
10370,2.374774217605591,1.1756218671798706,0.9791879653930664,0.7624857425689697,SGD_Momentum_start6,10.37,0.01
10375,0.8249859809875488,1.1100213527679443,0.9134209156036376,0.7587738037109375,SGD_Momentum_start6,10.375,0.01
10380,4.409505844116211,1.0591832399368286,0.7898674607276917,0.782693088054657,SGD_Momentum_start6,10.38,0.01
10385,11.853447914123535,1.106208562850952,0.9238789081573486,0.6417562961578369,SGD_Momentum_start6,10.385,0.01
10390,0.1084522232413292,0.9927626252174376,0.8173846006393433,0.6384610533714294,SGD_Momentum_start6,10.39,0.01
10395,0.2233360558748245,0.9641618728637696,0.7650536894798279,0.6343672871589661,SGD_Momentum_start6,10.395,0.01
10400,0.3200153410434723,0.9304636716842652,0.7556577920913696,0.6196634769439697,SGD_Momentum_start6,10.4,0.01
10405,0.4364078342914581,0.9204408526420592,0.7845398187637329,0.5916270613670349,SGD_Momentum_start6,10.405,0.01
10410,0.05251931771636,0.9331915974617004,0.7776249051094055,0.6079249382019043,SGD_Momentum_start6,10.41,0.01
10415,0.3987433910369873,0.9670315980911256,0.8173025250434875,0.6427006721496582,SGD_Momentum_start6,10.415,0.01
10420,0.0610571205615997,1.010554552078247,0.8992296457290649,0.6401567459106445,SGD_Momentum_start6,10.42,0.01
10425,3.77587890625,0.9953987002372742,0.6900336146354675,0.7685611844062805,SGD_Momentum_start6,10.425,0.01
10430,4.135232925415039,1.0234575271606443,0.9461919665336608,0.5546703338623047,SGD_Momentum_start6,10.43,0.01
10435,2.414412260055542,0.8982192873954773,0.6285339593887329,0.6625316143035889,SGD_Momentum_start6,10.435,0.01
10440,0.1023834198713302,0.8276166915893555,0.7442870140075684,0.4566690325736999,SGD_Momentum_start6,10.44,0.01
10445,2.204003095626831,0.7375878691673279,0.5961562395095825,0.4816900193691253,SGD_Momentum_start6,10.445,0.01
10450,1.3868883848190308,0.7353153228759766,0.645624041557312,0.3769304156303406,SGD_Momentum_start6,10.45,0.01
10455,0.6683390736579895,0.6564364433288574,0.6132172346115112,0.344856321811676,SGD_Momentum_start6,10.455,0.01
10460,0.239463984966278,0.6420915126800537,0.5956207513809204,0.3389539718627929,SGD_Momentum_start6,10.46,0.01
10465,0.1424491256475448,0.7368459105491638,0.6370182633399963,0.4662850499153137,SGD_Momentum_start6,10.465,0.01
10470,2.7221250534057617,0.8808008432388306,0.7880883812904358,0.500109851360321,SGD_Momentum_start6,10.47,0.01
10475,1.4088562726974487,0.9242156147956848,0.7963059544563293,0.6215062737464905,SGD_Momentum_start6,10.475,0.01
10480,0.3377637565135956,1.0048859119415283,0.8232689499855042,0.6948246359825134,SGD_Momentum_start6,10.48,0.01
10485,1.8332442045211792,1.042102932929993,0.766008734703064,0.7807494401931763,SGD_Momentum_start6,10.485,0.01
10490,11.940464973449709,1.13117253780365,0.98680317401886,0.651153028011322,SGD_Momentum_start6,10.49,0.01
10495,1.667019248008728,1.0174254179000854,0.8232954740524292,0.6973385810852051,SGD_Momentum_start6,10.495,0.01
10500,0.8393272757530212,1.010119915008545,0.7509863376617432,0.6842634677886963,SGD_Momentum_start6,10.5,0.01
10505,0.1531695425510406,0.9383704662322998,0.8112412095069885,0.5639846920967102,SGD_Momentum_start6,10.505,0.01
10510,0.07937603443861,0.8812966346740723,0.7991650700569153,0.5127065181732178,SGD_Momentum_start6,10.51,0.01
10515,0.2062159180641174,0.8536887764930725,0.736648440361023,0.5318055152893066,SGD_Momentum_start6,10.515,0.01
10520,0.1479679346084594,0.888825535774231,0.7455020546913147,0.565246045589447,SGD_Momentum_start6,10.52,0.01
10525,0.0564285181462764,0.9290681481361388,0.7998520731925964,0.6004667282104492,SGD_Momentum_start6,10.525,0.01
10530,0.1652130931615829,1.0006881952285769,0.812527060508728,0.6757035851478577,SGD_Momentum_start6,10.53,0.01
10535,0.093618206679821,1.0460515022277832,0.8613377213478088,0.7154853343963623,SGD_Momentum_start6,10.535,0.01
10540,0.041313998401165,1.0944234132766724,0.8526979088783264,0.7716694474220276,SGD_Momentum_start6,10.54,0.01
10545,0.36189866065979,1.12083637714386,0.8926977515220642,0.798576831817627,SGD_Momentum_start6,10.545,0.01
10550,3.5591297149658203,1.1478825807571411,0.7969151139259338,0.9011502861976624,SGD_Momentum_start6,10.55,0.01
10555,9.602130889892578,1.220893383026123,1.0206047296524048,0.7616937756538391,SGD_Momentum_start6,10.555,0.01
10560,5.066706657409668,1.0958186388015747,0.8325762748718262,0.8017091751098633,SGD_Momentum_start6,10.56,0.01
10565,0.0398629754781723,1.068265676498413,0.7522295117378235,0.7742589116096497,SGD_Momentum_start6,10.565,0.01
10570,0.190616026520729,0.9864166975021362,0.8994142413139343,0.5846355557441711,SGD_Momentum_start6,10.57,0.01
10575,1.6567950248718262,0.9337944984436036,0.703345775604248,0.5928377509117126,SGD_Momentum_start6,10.575,0.01
10580,1.028624176979065,0.7881927490234375,0.7135586142539978,0.4438599348068237,SGD_Momentum_start6,10.58,0.01
10585,0.3031250834465027,0.7149102687835693,0.5889462828636169,0.4311850368976593,SGD_Momentum_start6,10.585,0.01
10590,2.635270833969116,0.7160234451293945,0.6758295893669128,0.3148330450057983,SGD_Momentum_start6,10.59,0.01
10595,1.1418391466140747,0.6418676376342773,0.5699204206466675,0.3709451556205749,SGD_Momentum_start6,10.595,0.01
10600,0.1732214987277984,0.6434953808784485,0.5830904245376587,0.3582164943218231,SGD_Momentum_start6,10.6,0.01
10605,0.1311551630496978,0.7205876708030701,0.6260955929756165,0.4636147022247314,SGD_Momentum_start6,10.605,0.01
10610,2.1765120029449463,0.8825234770774841,0.7843515872955322,0.5126835107803345,SGD_Momentum_start6,10.61,0.01
10615,0.1000313162803649,0.926009237766266,0.7985626459121704,0.6022449135780334,SGD_Momentum_start6,10.615,0.01
10620,1.5803040266036987,0.9963303208351136,0.7661219835281372,0.7364209890365601,SGD_Momentum_start6,10.62,0.01
10625,0.556332528591156,1.083692193031311,0.8192969560623169,0.7630099654197693,SGD_Momentum_start6,10.625,0.01
10630,1.942665338516236,1.1097739934921265,0.8913475275039673,0.7327454090118408,SGD_Momentum_start6,10.63,0.01
10635,0.2670107185840606,1.083725929260254,0.8935896754264832,0.7126883268356323,SGD_Momentum_start6,10.635,0.01
10640,2.617636442184448,1.0343055725097656,0.838565468788147,0.7185484766960144,SGD_Momentum_start6,10.64,0.01
10645,4.203923225402832,1.0581668615341189,0.8175146579742432,0.6775271892547607,SGD_Momentum_start6,10.645,0.01
10650,0.1238612756133079,0.9811802506446838,0.7710002660751343,0.6539850234985352,SGD_Momentum_start6,10.65,0.01
10655,0.268992155790329,0.9431268572807312,0.7656838893890381,0.6272469162940979,SGD_Momentum_start6,10.655,0.01
10660,0.2599142789840698,0.9292093515396118,0.7966011166572571,0.5912566781044006,SGD_Momentum_start6,10.66,0.01
10665,0.1257257014513015,0.9352100491523744,0.7828397750854492,0.5935826897621155,SGD_Momentum_start6,10.665,0.01
10670,0.0497916042804718,0.3620539307594299,0.792437732219696,0.611108124256134,SGD_Momentum_start6,10.67,0.01
10675,0.7735364437103271,1.0088601112365725,0.8145621418952942,0.668340802192688,SGD_Momentum_start6,10.675,0.01
10680,0.459678053855896,1.056015133857727,0.8771542906761169,0.6974830627441406,SGD_Momentum_start6,10.68,0.01
10685,1.0557917356491089,1.0938209295272827,0.8573328852653503,0.7451673150062561,SGD_Momentum_start6,10.685,0.01
10690,0.0378860719501972,1.1063978672027588,0.8759438395500183,0.7783849835395813,SGD_Momentum_start6,10.69,0.01
10695,0.108928233385086,1.1293901205062866,0.9294780492782592,0.7769052386283875,SGD_Momentum_start6,10.695,0.01
10700,0.3583548367023468,1.1513631343841553,0.9147335290908812,0.7915284633636475,SGD_Momentum_start6,10.7,0.01
10705,0.0276191905140876,1.1403917074203491,0.8437853455543518,0.8259254097938538,SGD_Momentum_start6,10.705,0.01
10710,9.182310104370115,1.1834051609039309,0.98875892162323,0.732425332069397,SGD_Momentum_start6,10.71,0.01
10715,9.35384464263916,1.0560963153839111,0.7663208842277527,0.8003141283988953,SGD_Momentum_start6,10.715,0.01
10720,19.060352325439453,1.110793113708496,0.9607598781585692,0.5937772989273071,SGD_Momentum_start6,10.72,0.01
10725,8.652728080749512,0.8915635943412781,0.6402745246887207,0.6582776308059692,SGD_Momentum_start6,10.725,0.01
10730,1.8082400560379028,0.8540995121002197,0.725848913192749,0.470666229724884,SGD_Momentum_start6,10.73,0.01
10735,0.2641710042953491,0.743148922920227,0.6958763599395752,0.3900201618671417,SGD_Momentum_start6,10.735,0.01
10740,0.5598823428153992,0.6836172938346863,0.5570239424705505,0.4242736995220184,SGD_Momentum_start6,10.74,0.01
10745,0.8271204233169556,0.6684014201164246,0.6166868805885315,0.3154215216636657,SGD_Momentum_start6,10.745,0.01
10750,0.1618771702051162,0.5504726767539978,0.6057137846946716,0.3953090608119964,SGD_Momentum_start6,10.75,0.01
10755,0.1888404786586761,0.832292914390564,0.6837632060050964,0.5598557591438293,SGD_Momentum_start6,10.755,0.01
10760,0.2242637872695922,0.9479038715362548,0.7787741422653198,0.6314439177513123,SGD_Momentum_start6,10.76,0.01
10765,0.2363108545541763,1.0326155424118042,0.8544162511825562,0.7206874489784241,SGD_Momentum_start6,10.765,0.01
10770,0.0284552127122879,1.135193109512329,0.8783138990402222,0.8195679783821106,SGD_Momentum_start6,10.77,0.01
10775,0.3094762563705444,1.188812017440796,0.9335964322090148,0.8623465895652771,SGD_Momentum_start6,10.775,0.01
10780,0.0028378698043525,0.1915645897388458,0.9681671857833862,0.8960713148117065,SGD_Momentum_start6,10.78,0.01
10785,3.6868417263031006,1.298853635787964,0.9899026155471802,0.9158248901367188,SGD_Momentum_start6,10.785,0.01
10790,0.1458332240581512,1.256679892539978,1.063575029373169,0.8581161499023438,SGD_Momentum_start6,10.79,0.01
10795,0.5884872078895569,1.2040793895721436,0.8448528051376343,0.904585063457489,SGD_Momentum_start6,10.795,0.01
10800,9.155242919921877,1.1978849172592163,0.9965612292289734,0.7350399494171143,SGD_Momentum_start6,10.8,0.01
10805,6.770470142364502,1.0337467193603516,0.7706837058067322,0.7572314143180847,SGD_Momentum_start6,10.805,0.01
10810,0.5464426875114441,0.9781603813171388,0.7600933909416199,0.6691697239875793,SGD_Momentum_start6,10.81,0.01
10815,1.717194437980652,0.9581121206283568,0.7675696611404419,0.5949175357818604,SGD_Momentum_start6,10.815,0.01
10820,0.1257284283638,0.9138997793197632,0.7562292814254761,0.5827729105949402,SGD_Momentum_start6,10.82,0.01
10825,0.0510204620659351,0.6865354180335999,0.7943359613418579,0.6117783784866333,SGD_Momentum_start6,10.825,0.01
10830,1.0846774578094482,1.028281807899475,0.832671046257019,0.682545006275177,SGD_Momentum_start6,10.83,0.01
10835,0.4261617958545685,1.0405291318893433,0.9162377119064332,0.6736519932746887,SGD_Momentum_start6,10.835,0.01
10840,1.1931687593460083,1.0243151187896729,0.7456678748130798,0.7523401379585266,SGD_Momentum_start6,10.84,0.01
10845,3.659231662750244,1.0361158847808838,0.8794525861740112,0.617352306842804,SGD_Momentum_start6,10.845,0.01
10850,6.643545150756836,0.915879487991333,0.696104109287262,0.6600373983383179,SGD_Momentum_start6,10.85,0.01
10855,13.229214668273926,0.9633779525756836,0.8630964756011963,0.4632634818553924,SGD_Momentum_start6,10.855,0.01
10860,4.7346696853637695,0.7704168558120728,0.5936397910118103,0.5291673541069031,SGD_Momentum_start6,10.86,0.01
10865,1.985865592956543,0.7503998875617981,0.6653664112091064,0.3683753311634063,SGD_Momentum_start6,10.865,0.01
10870,0.1655635088682174,0.6602964401245117,0.6471179723739624,0.3139855563640594,SGD_Momentum_start6,10.87,0.01
10875,0.431733101606369,0.6390601992607117,0.5365729928016663,0.3858983814716339,SGD_Momentum_start6,10.875,0.01
10880,0.8258920907974243,0.6525384187698364,0.6073980331420898,0.3059914410114288,SGD_Momentum_start6,10.88,0.01
10885,0.1652215868234634,0.5231922268867493,0.6103991866111755,0.3842912316322326,SGD_Momentum_start6,10.885,0.01
10890,0.6439971923828125,0.7963569760322571,0.7091354131698608,0.5138867497444153,SGD_Momentum_start6,10.89,0.01
10895,0.0571053400635719,0.3412004709243774,0.7344790697097778,0.6290642619132996,SGD_Momentum_start6,10.895,0.01
10900,0.6889075040817261,1.0362763404846191,0.8259835243225098,0.7141022086143494,SGD_Momentum_start6,10.9,0.01
10905,0.43635293841362,1.0943682193756104,0.8524154424667358,0.791981041431427,SGD_Momentum_start6,10.905,0.01
10910,0.987266480922699,1.1321316957473757,0.9067078828811646,0.806950032711029,SGD_Momentum_start6,10.91,0.01
10915,0.7095855474472046,1.1920009851455688,0.8926759958267212,0.857552170753479,SGD_Momentum_start6,10.915,0.01
10920,1.3002225160598757,1.1822303533554075,0.875429630279541,0.8852271437644958,SGD_Momentum_start6,10.92,0.01
10925,4.0911946296691895,1.2323501110076904,0.9240148067474364,0.8565181493759155,SGD_Momentum_start6,10.925,0.01
10930,0.1748968064785003,1.2013800144195557,0.916192889213562,0.8572767376899719,SGD_Momentum_start6,10.93,0.01
10935,0.0059517547488212,0.4772414267063141,0.9218464493751526,0.858193039894104,SGD_Momentum_start6,10.935,0.01
10940,0.4114220738410949,1.1974284648895264,0.9536996483802797,0.8524410724639893,SGD_Momentum_start6,10.94,0.01
10945,0.0089977076277136,1.2035592794418335,0.922602653503418,0.863070011138916,SGD_Momentum_start6,10.945,0.01
10950,0.9498516321182252,1.1839046478271484,0.929655909538269,0.8502801060676575,SGD_Momentum_start6,10.95,0.01
10955,0.9434422850608826,1.1745765209197998,0.8703972101211548,0.8706588745117188,SGD_Momentum_start6,10.955,0.01
10960,5.001504421234131,1.2056434154510498,0.9203596711158752,0.8142160177230835,SGD_Momentum_start6,10.96,0.01
10965,7.94581127166748,1.0779273509979248,0.8286757469177246,0.7832394242286682,SGD_Momentum_start6,10.965,0.01
10970,6.699921607971191,1.0770810842514038,0.8485674262046814,0.6605139374732971,SGD_Momentum_start6,10.97,0.01
10975,9.513178825378418,0.8801599740982056,0.6593984365463257,0.6287248730659485,SGD_Momentum_start6,10.975,0.01
10980,18.996564865112305,0.911908745765686,0.8574549555778503,0.3500479161739349,SGD_Momentum_start6,10.98,0.01
10985,5.792241096496582,0.6592231392860413,0.4507185220718384,0.4845190942287445,SGD_Momentum_start6,10.985,0.01
10990,0.521583080291748,0.5363495349884033,0.5384504795074463,0.2025972008705139,SGD_Momentum_start6,10.99,0.01
10995,2.747376680374145,0.5035945773124695,0.4693210422992706,0.1353936493396759,SGD_Momentum_start6,10.995,0.01
11000,0.9964970946311952,0.38224858045578,0.3573928475379944,0.1751956641674041,SGD_Momentum_start6,11.0,0.01
11005,0.8487200736999512,0.4288587272167206,0.4268939793109894,0.1432516425848007,SGD_Momentum_start6,11.005,0.01
11010,0.3117718398571014,0.4618304371833801,0.4882871210575104,0.1806460916996002,SGD_Momentum_start6,11.01,0.01
11015,0.7310587167739868,0.529157817363739,0.4681709408760071,0.3231470286846161,SGD_Momentum_start6,11.015,0.01
11020,0.542385995388031,0.6208832263946533,0.5869132876396179,0.3010022342205047,SGD_Momentum_start6,11.02,0.01
11025,0.1618591248989105,0.6652804017066956,0.6345416903495789,0.3668981790542602,SGD_Momentum_start6,11.025,0.01
11030,0.1366724967956543,0.7699878811836243,0.7335647940635681,0.4370543360710144,SGD_Momentum_start6,11.03,0.01
11035,0.233437955379486,0.8344358801841736,0.7315589189529419,0.5238307118415833,SGD_Momentum_start6,11.035,0.01
11040,0.2568365633487701,0.9185255765914916,0.7746961116790771,0.5941257476806641,SGD_Momentum_start6,11.04,0.01
11045,0.7189790606498718,1.005467653274536,0.8725157380104065,0.6321093440055847,SGD_Momentum_start6,11.045,0.01
11050,0.424723207950592,1.01564621925354,0.8723062872886658,0.6684406995773315,SGD_Momentum_start6,11.05,0.01
11055,2.2279653549194336,1.0083986520767212,0.7891128659248352,0.7180221080780029,SGD_Momentum_start6,11.055,0.01
11060,2.218377113342285,0.9969229102134703,0.7360731363296509,0.735222339630127,SGD_Momentum_start6,11.06,0.01
11065,10.905598640441896,1.0611001253128052,0.94494891166687,0.5767374038696289,SGD_Momentum_start6,11.065,0.01
11070,0.6153586506843567,0.9465339183807372,0.7989667057991028,0.6121289134025574,SGD_Momentum_start6,11.07,0.01
11075,0.2483591437339782,0.942170798778534,0.7941524982452393,0.5877728462219238,SGD_Momentum_start6,11.075,0.01
11080,0.2251382768154144,0.9300836324691772,0.7467487454414368,0.6054312586784363,SGD_Momentum_start6,11.08,0.01
11085,0.4104281663894653,0.9090785384178162,0.7405180335044861,0.6061020493507385,SGD_Momentum_start6,11.085,0.01
11090,0.6268197894096375,0.910480499267578,0.7738709449768066,0.5910201072692871,SGD_Momentum_start6,11.09,0.01
11095,0.3764024078845978,0.9592251777648926,0.7734707593917847,0.6642424464225769,SGD_Momentum_start6,11.095,0.01
11100,0.2018206119537353,1.0364304780960083,0.8019464015960693,0.729267418384552,SGD_Momentum_start6,11.1,0.01
11105,5.551155090332031,1.119749903678894,0.9354171752929688,0.7033239603042603,SGD_Momentum_start6,11.105,0.01
11110,4.46566104888916,1.0701431035995483,0.8408557176589966,0.7777033448219299,SGD_Momentum_start6,11.11,0.01
11115,1.5395780801773071,1.1030073165893557,0.8120737671852112,0.7640911936759949,SGD_Momentum_start6,11.115,0.01
11120,1.6714086532592771,1.0582199096679688,0.9211907386779784,0.6368728876113892,SGD_Momentum_start6,11.12,0.01
11125,6.558651447296143,0.9461046457290648,0.6775416135787964,0.7098597884178162,SGD_Momentum_start6,11.125,0.01
11130,13.591034889221191,0.9902087450027466,0.9230968952178956,0.4656996726989746,SGD_Momentum_start6,11.13,0.01
11135,3.5586130619049072,0.806663990020752,0.5980812311172485,0.5695680975914001,SGD_Momentum_start6,11.135,0.01
11140,2.298389196395874,0.7797864675521851,0.7179557681083679,0.367097795009613,SGD_Momentum_start6,11.14,0.01
11145,0.5913109183311462,0.6709400415420532,0.6056199073791504,0.3672946691513061,SGD_Momentum_start6,11.145,0.01
11150,0.2896965146064758,0.7003189325332642,0.5792057514190674,0.4202322363853454,SGD_Momentum_start6,11.15,0.01
11155,0.1517272889614105,0.6985706090927124,0.6486283540725708,0.3709872663021087,SGD_Momentum_start6,11.155,0.01
11160,0.1837520599365234,0.7121158242225647,0.6768388152122498,0.3800873160362243,SGD_Momentum_start6,11.16,0.01
11165,0.3582698702812195,0.7259567975997925,0.6466865539550781,0.4277968108654022,SGD_Momentum_start6,11.165,0.01
11170,0.2813345193862915,0.7513814568519592,0.6336957812309265,0.4712105095386505,SGD_Momentum_start6,11.17,0.01
11175,0.1946328282356262,0.7813794016838074,0.6409561038017273,0.487337052822113,SGD_Momentum_start6,11.175,0.01
11180,0.2273295521736145,0.7932662963867188,0.6793246865272522,0.4741707146167755,SGD_Momentum_start6,11.18,0.01
11185,0.7358742952346802,0.840335488319397,0.7573860883712769,0.4793629646301269,SGD_Momentum_start6,11.185,0.01
11190,1.4384500980377195,0.8399368524551392,0.7247031927108765,0.5406193137168884,SGD_Momentum_start6,11.19,0.01
11195,1.46023428440094,0.8871638774871826,0.7091151475906372,0.5502788424491882,SGD_Momentum_start6,11.195,0.01
11200,1.588790774345398,0.8703588843345642,0.8030365705490112,0.4606713354587555,SGD_Momentum_start6,11.2,0.01
11205,3.2874460220336914,0.7913341522216797,0.6131665110588074,0.5516189336776733,SGD_Momentum_start6,11.205,0.01
11210,0.212180957198143,0.7914670705795288,0.6538238525390625,0.4820646643638611,SGD_Momentum_start6,11.21,0.01
11215,1.6526907682418823,0.7994197010993958,0.7138315439224243,0.4236150085926056,SGD_Momentum_start6,11.215,0.01
11220,1.0331554412841797,0.7998105883598328,0.7412291169166565,0.429557055234909,SGD_Momentum_start6,11.22,0.01
11225,0.3304040133953094,0.8077341318130493,0.7317922711372375,0.4804795384407043,SGD_Momentum_start6,11.225,0.01
11230,1.943686962127685,0.815470814704895,0.6697455644607544,0.5489006042480469,SGD_Momentum_start6,11.23,0.01
11235,0.3398297429084778,0.8718690872192383,0.7225738763809204,0.5824293494224548,SGD_Momentum_start6,11.235,0.01
11240,0.1794523894786834,0.946595311164856,0.7538810968399048,0.6409469842910767,SGD_Momentum_start6,11.24,0.01
11245,4.623736381530762,1.0267674922943115,0.88065505027771,0.6155465841293335,SGD_Momentum_start6,11.245,0.01
11250,9.649225234985352,0.9575697779655457,0.7022701501846313,0.7263838052749634,SGD_Momentum_start6,11.25,0.01
11255,9.879220962524414,1.020801663398743,0.8814746737480164,0.5567247867584229,SGD_Momentum_start6,11.255,0.01
11260,10.704970359802246,0.8491058349609375,0.5980092883110046,0.6410250067710876,SGD_Momentum_start6,11.26,0.01
11265,13.106293678283691,0.8832792043685913,0.8615372776985168,0.3389882743358612,SGD_Momentum_start6,11.265,0.01
11270,1.9910509586334229,0.6846005320549011,0.4877841174602508,0.4799765348434448,SGD_Momentum_start6,11.27,0.01
11275,2.998105525970459,0.5493572354316711,0.4861437678337097,0.2929643392562866,SGD_Momentum_start6,11.275,0.01
11280,4.121356964111328,0.5396955013275146,0.5223111510276794,0.1213371008634567,SGD_Momentum_start6,11.28,0.01
11285,1.2446749210357666,0.3950936198234558,0.3483671844005584,0.2058725357055664,SGD_Momentum_start6,11.285,0.01
11290,1.305354356765747,0.4077385663986206,0.4251322150230407,0.0756939649581909,SGD_Momentum_start6,11.29,0.01
11295,0.7466506958007812,0.3758603930473327,0.3519167006015777,0.1877494156360626,SGD_Momentum_start6,11.295,0.01
11300,1.004961609840393,0.4386385381221771,0.4523850679397583,0.1236619874835014,SGD_Momentum_start6,11.3,0.01
11305,0.3895991742610931,0.4595235586166382,0.4634007513523102,0.2030970305204391,SGD_Momentum_start6,11.305,0.01
11310,0.3728665113449096,0.5750098824501038,0.5663019418716431,0.2781368494033813,SGD_Momentum_start6,11.31,0.01
11315,0.2015813887119293,0.7466995120048523,0.6593297123908997,0.4789045751094818,SGD_Momentum_start6,11.315,0.01
11320,0.6382186412811279,0.9051921367645264,0.7494045495986938,0.6358467936515808,SGD_Momentum_start6,11.32,0.01
11325,0.9313745498657228,1.03166925907135,0.8581273555755615,0.7271459102630615,SGD_Momentum_start6,11.325,0.01
11330,0.0313150845468044,1.1521869897842407,0.9715177416801452,0.7990689873695374,SGD_Momentum_start6,11.33,0.01
11335,6.429769515991211,1.1852030754089355,0.8499308824539185,0.9277670383453368,SGD_Momentum_start6,11.335,0.01
11340,13.32997989654541,1.2781367301940918,1.010528326034546,0.829886257648468,SGD_Momentum_start6,11.34,0.01
11345,0.3100794553756714,1.1664437055587769,0.9865499138832092,0.7804567217826843,SGD_Momentum_start6,11.345,0.01
11350,2.910107135772705,1.0919523239135742,0.7475424408912659,0.8349648118019104,SGD_Momentum_start6,11.35,0.01
11355,0.8060120940208435,1.051332950592041,0.851272463798523,0.6743117570877075,SGD_Momentum_start6,11.355,0.01
11360,1.732196807861328,1.0010063648223877,0.8758060336112976,0.5860490202903748,SGD_Momentum_start6,11.36,0.01
11365,0.0531300529837608,0.9326375126838684,0.760570764541626,0.6081925630569458,SGD_Momentum_start6,11.365,0.01
11370,0.0542675964534282,0.932784914970398,0.7997137308120728,0.5956120491027832,SGD_Momentum_start6,11.37,0.01
11375,0.4194169342517853,1.002826452255249,0.7968152761459351,0.6837809085845947,SGD_Momentum_start6,11.375,0.01
11380,0.8801060318946838,1.0323270559310913,0.8040670156478882,0.7421011328697205,SGD_Momentum_start6,11.38,0.01
11385,0.048425804823637,1.0955191850662231,0.9131438732147216,0.7546932697296143,SGD_Momentum_start6,11.385,0.01
11390,0.0100606549531221,0.865694522857666,0.911480724811554,0.8217467665672302,SGD_Momentum_start6,11.39,0.01
11395,0.2319274246692657,1.2052457332611084,0.8947248458862305,0.8799741864204407,SGD_Momentum_start6,11.395,0.01
11400,0.5757749676704407,1.2037172317504885,0.905096471309662,0.8889428377151489,SGD_Momentum_start6,11.4,0.01
11405,0.6974239945411682,1.200642704963684,0.9507651925086976,0.8584182262420654,SGD_Momentum_start6,11.405,0.01
11410,0.0440974794328212,1.2024592161178589,0.927394151687622,0.8537583947181702,SGD_Momentum_start6,11.41,0.01
11415,5.496435165405273,1.224387526512146,1.04728102684021,0.7719756364822388,SGD_Momentum_start6,11.415,0.01
11420,9.939644813537598,1.109541654586792,0.7484505772590637,0.8777544498443604,SGD_Momentum_start6,11.42,0.01
11425,20.23730659484864,1.1591789722442627,1.0406436920166016,0.6142680644989014,SGD_Momentum_start6,11.425,0.01
11430,6.977348804473877,0.9437310695648192,0.6473994851112366,0.715362548828125,SGD_Momentum_start6,11.43,0.01
11435,2.1784231662750244,0.8941322565078735,0.7894264459609985,0.4769733250141144,SGD_Momentum_start6,11.435,0.01
11440,1.2994308471679688,0.7607747912406921,0.6536215543746948,0.4581559598445892,SGD_Momentum_start6,11.44,0.01
11445,0.5659227967262268,0.7312754988670349,0.6004340052604675,0.4181848168373108,SGD_Momentum_start6,11.445,0.01
11450,0.3944792151451111,0.6756781935691833,0.638721227645874,0.3177847564220428,SGD_Momentum_start6,11.45,0.01
11455,1.101216435432434,0.6630184054374695,0.5897802114486694,0.4110838770866394,SGD_Momentum_start6,11.455,0.01
11460,0.4661003947257995,0.7526556253433228,0.6621395349502563,0.489297866821289,SGD_Momentum_start6,11.46,0.01
11465,0.2994222939014435,0.8752791881561279,0.774579644203186,0.5614432096481323,SGD_Momentum_start6,11.465,0.01
11470,0.2215521186590194,0.9690155386924744,0.8160498738288879,0.6295772194862366,SGD_Momentum_start6,11.47,0.01
11475,0.1081113144755363,1.0133317708969116,0.7905121445655823,0.7012839913368225,SGD_Momentum_start6,11.475,0.01
11480,0.9574506282806396,1.023165941238403,0.7975101470947266,0.7313313484191895,SGD_Momentum_start6,11.48,0.01
11485,0.4643867909908294,1.0842918157577517,0.8352635502815247,0.7579920887947083,SGD_Momentum_start6,11.485,0.01
11490,1.3271936178207395,1.085840940475464,0.823355495929718,0.7977160811424255,SGD_Momentum_start6,11.49,0.01
11495,4.468233585357666,1.1453098058700562,0.893121600151062,0.7579901218414307,SGD_Momentum_start6,11.495,0.01
11500,5.747472286224365,1.042028307914734,0.8253310322761536,0.7392927408218384,SGD_Momentum_start6,11.5,0.01
11505,8.332436561584473,1.0600301027297974,0.8502246737480164,0.6304529309272766,SGD_Momentum_start6,11.505,0.01
11510,7.491024971008301,0.8691346645355225,0.6687829494476318,0.6074910759925842,SGD_Momentum_start6,11.51,0.01
11515,0.1931307017803192,0.8191704154014587,0.6441393494606018,0.5126644372940063,SGD_Momentum_start6,11.515,0.01
11520,0.7148230075836182,0.7615948915481567,0.7129802703857422,0.3724201917648315,SGD_Momentum_start6,11.52,0.01
11525,1.816030502319336,0.6733133792877197,0.5530130863189697,0.4276997447013855,SGD_Momentum_start6,11.525,0.01
11530,0.4763696789741516,0.6669371128082275,0.5839383006095886,0.3510525822639465,SGD_Momentum_start6,11.53,0.01
11535,0.4552571177482605,0.6599129438400269,0.5878944993019104,0.3996424376964569,SGD_Momentum_start6,11.535,0.01
11540,1.1353089809417725,0.7797254920005798,0.6768186688423157,0.4535742700099945,SGD_Momentum_start6,11.54,0.01
11545,1.8603991270065308,0.8355357646942139,0.739677369594574,0.5392995476722717,SGD_Momentum_start6,11.545,0.01
11550,0.9904637336730956,0.9024043679237366,0.7579231262207031,0.6054742336273193,SGD_Momentum_start6,11.55,0.01
11555,0.1384966969490051,0.9429588317871094,0.7575740814208984,0.6374788284301758,SGD_Momentum_start6,11.555,0.01
11560,1.145878791809082,0.9814423322677612,0.7737611532211304,0.6428819894790649,SGD_Momentum_start6,11.56,0.01
11565,1.659008264541626,0.984539031982422,0.8184283971786499,0.6105588674545288,SGD_Momentum_start6,11.565,0.01
11570,0.1621332764625549,0.9532127976417542,0.8101075291633606,0.5947960019111633,SGD_Momentum_start6,11.57,0.01
11575,0.0547573119401931,0.9467923641204834,0.8368486166000366,0.5902540683746338,SGD_Momentum_start6,11.575,0.01
11580,2.993975877761841,0.9357839822769164,0.7287783622741699,0.6680845022201538,SGD_Momentum_start6,11.58,0.01
11585,6.52907657623291,0.9974953532218932,0.8425931930541992,0.5719264149665833,SGD_Momentum_start6,11.585,0.01
11590,0.1607708632946014,0.9052286148071288,0.8191832304000854,0.534778356552124,SGD_Momentum_start6,11.59,0.01
11595,1.4187020063400269,0.8520033955574036,0.6391813158988953,0.5986194014549255,SGD_Momentum_start6,11.595,0.01
11600,0.477064311504364,0.8323744535446167,0.7182605862617493,0.4797326028347015,SGD_Momentum_start6,11.6,0.01
11605,0.9751877188682556,0.8146408200263977,0.7480663061141968,0.4289002120494842,SGD_Momentum_start6,11.605,0.01
11610,0.1024867072701454,0.7814229130744934,0.7356625199317932,0.4430152475833893,SGD_Momentum_start6,11.61,0.01
11615,1.1010514497756958,0.8198166489601135,0.689620316028595,0.5404443144798279,SGD_Momentum_start6,11.615,0.01
11620,0.764260470867157,0.8641180992126465,0.7131825089454651,0.5915465354919434,SGD_Momentum_start6,11.62,0.01
11625,2.8941915035247803,0.9782518744468688,0.8046970963478088,0.6123159527778625,SGD_Momentum_start6,11.625,0.01
11630,3.341517686843872,0.939176082611084,0.7836651802062988,0.6363459825515747,SGD_Momentum_start6,11.63,0.01
11635,7.646823406219482,0.9928762912750244,0.8164874315261841,0.5697637796401978,SGD_Momentum_start6,11.635,0.01
11640,5.944089889526367,0.834965169429779,0.6603833436965942,0.5719567537307739,SGD_Momentum_start6,11.64,0.01
11645,0.2678130567073822,0.8034645915031433,0.6390934586524963,0.4952833652496338,SGD_Momentum_start6,11.645,0.01
11650,0.7773120999336243,0.7547945380210876,0.7096904516220093,0.3659332990646362,SGD_Momentum_start6,11.65,0.01
11655,1.8240360021591189,0.6718598008155823,0.5522346496582031,0.4277488589286804,SGD_Momentum_start6,11.655,0.01
11660,0.4407267272472381,0.6687239408493042,0.5843687653541565,0.3553808331489563,SGD_Momentum_start6,11.66,0.01
11665,0.149754524230957,0.4980908930301666,0.6427494287490845,0.4169186949729919,SGD_Momentum_start6,11.665,0.01
11670,0.2826933264732361,0.8899831175804138,0.7908720970153809,0.5896353125572205,SGD_Momentum_start6,11.67,0.01
11675,0.0802205204963684,1.0394439697265625,0.8531185984611511,0.7151123285293579,SGD_Momentum_start6,11.675,0.01
11680,0.0148432189598679,1.1201893091201782,0.9356392025947572,0.7733620405197144,SGD_Momentum_start6,11.68,0.01
11685,0.1443305611610412,1.1878446340560913,0.9275648593902588,0.8452188968658447,SGD_Momentum_start6,11.685,0.01
11690,5.018733501434326,1.2446662187576294,1.0554624795913696,0.8032618761062622,SGD_Momentum_start6,11.69,0.01
11695,13.280826568603516,1.1495327949523926,0.7515308260917664,0.9333564043045044,SGD_Momentum_start6,11.695,0.01
11700,18.69612503051757,1.2022006511688232,1.059429168701172,0.67044597864151,SGD_Momentum_start6,11.7,0.01
11705,10.070948600769045,0.9901607632637024,0.6522809267044067,0.7757251262664795,SGD_Momentum_start6,11.705,0.01
11710,1.56205153465271,0.9333302974700928,0.8069333434104919,0.5258954167366028,SGD_Momentum_start6,11.71,0.01
11715,2.0505166053771973,0.799159586429596,0.669203519821167,0.5034739971160889,SGD_Momentum_start6,11.715,0.01
11720,0.3977205753326416,0.7641184329986572,0.6151615381240845,0.4555166959762573,SGD_Momentum_start6,11.72,0.01
11725,0.2981808185577392,0.7028665542602539,0.6556417346000671,0.3455808162689209,SGD_Momentum_start6,11.725,0.01
11730,0.205912098288536,0.6765955686569214,0.6114548444747925,0.3651360273361206,SGD_Momentum_start6,11.73,0.01
11735,0.8623208403587341,0.7294719815254211,0.6951675415039062,0.3622751533985138,SGD_Momentum_start6,11.735,0.01
11740,0.1262046694755554,0.7619230151176453,0.6698504686355591,0.4621372520923614,SGD_Momentum_start6,11.74,0.01
11745,0.0749321430921554,0.3407430350780487,0.7263454794883728,0.5709738731384277,SGD_Momentum_start6,11.745,0.01
11750,0.4255824685096741,1.0042884349822998,0.7781113386154175,0.7062316536903381,SGD_Momentum_start6,11.75,0.01
11755,0.4724116921424866,1.0796425342559814,0.8535588979721069,0.7434330582618713,SGD_Momentum_start6,11.755,0.01
11760,1.5653572082519531,1.1307342052459717,0.9410164952278136,0.742774248123169,SGD_Momentum_start6,11.76,0.01
11765,3.5143277645111084,1.0959874391555786,0.8652402758598328,0.7893893122673035,SGD_Momentum_start6,11.765,0.01
11770,2.626795053482056,1.1217421293258667,0.8311581015586853,0.7656825184822083,SGD_Momentum_start6,11.77,0.01
11775,2.579596996307373,1.0693318843841553,0.9371798038482666,0.6340029239654541,SGD_Momentum_start6,11.775,0.01
11780,5.57316780090332,0.9490063190460204,0.687041163444519,0.7037513852119446,SGD_Momentum_start6,11.78,0.01
11785,0.2140646278858184,0.922976016998291,0.726973831653595,0.598944902420044,SGD_Momentum_start6,11.785,0.01
11790,2.3755784034729004,0.905333936214447,0.7843949198722839,0.5094158053398132,SGD_Momentum_start6,11.79,0.01
11795,0.0796923637390136,0.862550675868988,0.7115410566329956,0.5651916265487671,SGD_Momentum_start6,11.795,0.01
11800,0.170772299170494,0.9067859053611756,0.7574219703674316,0.597458004951477,SGD_Momentum_start6,11.8,0.01
11805,0.0866558253765106,0.94424569606781,0.8219559788703918,0.6007156372070312,SGD_Momentum_start6,11.805,0.01
11810,0.4813581705093384,0.9849580526351928,0.8281996250152588,0.6276337504386902,SGD_Momentum_start6,11.81,0.01
11815,0.1939816176891327,0.9956962466239928,0.7819772958755493,0.6745819449424744,SGD_Momentum_start6,11.815,0.01
11820,0.7892791032791138,0.9849658608436584,0.7763854265213013,0.689619779586792,SGD_Momentum_start6,11.82,0.01
11825,0.3905090987682342,1.031792163848877,0.8056043982505798,0.7072436213493347,SGD_Momentum_start6,11.825,0.01
11830,1.26134192943573,1.0320600271224976,0.7951095104217529,0.7483082413673401,SGD_Momentum_start6,11.83,0.01
11835,3.632305860519409,1.0970531702041626,0.8645707964897156,0.7175686955451965,SGD_Momentum_start6,11.835,0.01
11840,5.385659694671631,1.0054678916931152,0.8041584491729736,0.7062128782272339,SGD_Momentum_start6,11.84,0.01
11845,7.197356700897217,1.0268959999084473,0.8288822770118713,0.6053287982940674,SGD_Momentum_start6,11.845,0.01
11850,7.158862590789795,0.8465097546577454,0.6556458473205566,0.5878030061721802,SGD_Momentum_start6,11.85,0.01
11855,0.1682096421718597,0.8027384281158447,0.6344341039657593,0.5014556646347046,SGD_Momentum_start6,11.855,0.01
11860,0.6609851717948914,0.7534189224243164,0.7065721154212952,0.3681041002273559,SGD_Momentum_start6,11.86,0.01
11865,1.871135115623474,0.670907735824585,0.55110102891922,0.4275958836078644,SGD_Momentum_start6,11.865,0.01
11870,0.4489138722419739,0.6678370237350464,0.5841845870018005,0.3539126515388489,SGD_Momentum_start6,11.87,0.01
11875,0.348399817943573,0.6726638078689575,0.6129286289215088,0.4069985747337341,SGD_Momentum_start6,11.875,0.01
11880,0.118297629058361,0.7837092876434326,0.7261866331100464,0.4626875221729278,SGD_Momentum_start6,11.88,0.01
11885,0.663771390914917,0.8902851343154907,0.7850311994552612,0.5432277321815491,SGD_Momentum_start6,11.885,0.01
11890,0.5328434109687805,0.9685921669006348,0.7845354676246643,0.643653929233551,SGD_Momentum_start6,11.89,0.01
11895,0.2598775029182434,1.0024168491363523,0.8051668405532837,0.6946591734886169,SGD_Momentum_start6,11.895,0.01
11900,0.530341386795044,1.0293333530426023,0.8536970019340515,0.69952791929245,SGD_Momentum_start6,11.9,0.01
11905,0.0238515753298997,1.0566654205322266,0.8489440679550171,0.7288858294487,SGD_Momentum_start6,11.905,0.01
11910,0.5544553399085999,1.081892013549805,0.8825485706329346,0.7518248558044434,SGD_Momentum_start6,11.91,0.01
11915,0.0725265741348266,1.110870122909546,0.96072655916214,0.7332280874252319,SGD_Momentum_start6,11.915,0.01
11920,4.795287132263184,1.0784796476364136,0.7220396995544434,0.8509645462036133,SGD_Momentum_start6,11.92,0.01
11925,4.823680877685547,1.092820405960083,0.9938905239105223,0.6149510145187378,SGD_Momentum_start6,11.925,0.01
11930,2.791846752166748,0.951392412185669,0.6509771347045898,0.7130187749862671,SGD_Momentum_start6,11.93,0.01
11935,0.089784026145935,0.8680702447891235,0.7713140845298767,0.490465372800827,SGD_Momentum_start6,11.935,0.01
11940,2.3751137256622314,0.7652517557144165,0.6114729642868042,0.5053836703300476,SGD_Momentum_start6,11.94,0.01
11945,1.5660723447799685,0.7556597590446472,0.6600247621536255,0.3904249966144562,SGD_Momentum_start6,11.945,0.01
11950,0.6440955400466919,0.6676482558250427,0.622067928314209,0.3518696129322052,SGD_Momentum_start6,11.95,0.01
11955,0.2192083895206451,0.6485123634338379,0.601698100566864,0.3423422574996948,SGD_Momentum_start6,11.955,0.01
11960,0.1414238661527633,0.7013528347015381,0.6896109580993652,0.3725342154502868,SGD_Momentum_start6,11.96,0.01
11965,2.0361762046813965,0.7625274658203125,0.5908733010292053,0.5536807179450989,SGD_Momentum_start6,11.965,0.01
11970,3.261658430099488,0.8676654100418091,0.8413947820663452,0.4231126308441162,SGD_Momentum_start6,11.97,0.01
11975,1.7639414072036743,0.8025986552238464,0.5909008979797363,0.5760194659233093,SGD_Momentum_start6,11.975,0.01
11980,0.180534541606903,0.7812873721122742,0.7190933227539062,0.4136682450771332,SGD_Momentum_start6,11.98,0.01
11985,1.867504000663757,0.7135892510414124,0.5865287780761719,0.4594557881355285,SGD_Momentum_start6,11.985,0.01
11990,1.3460737466812134,0.7253459095954895,0.6396276950836182,0.3710746467113495,SGD_Momentum_start6,11.99,0.01
11995,0.7060691714286804,0.6567524671554565,0.61320960521698,0.3480102717876434,SGD_Momentum_start6,11.995,0.01
12000,0.2690994143486023,0.6477031707763672,0.5976910591125488,0.3469375073909759,SGD_Momentum_start6,12.0,0.01
12005,0.4970148205757141,0.6954434514045715,0.606092095375061,0.4357648193836212,SGD_Momentum_start6,12.005,0.01
12010,0.7498258948326111,0.7849935293197632,0.6679103970527649,0.4648296236991882,SGD_Momentum_start6,12.01,0.01
12015,0.5138971209526062,0.8510807156562805,0.7222781777381897,0.535990834236145,SGD_Momentum_start6,12.015,0.01
12020,0.1499648839235305,0.9216920137405396,0.7676395773887634,0.618094265460968,SGD_Momentum_start6,12.02,0.01
12025,0.2899356186389923,0.9780084490776062,0.8320311903953552,0.6480002999305725,SGD_Momentum_start6,12.025,0.01
12030,0.0790005773305893,1.023848295211792,0.8351554274559021,0.6863256096839905,SGD_Momentum_start6,12.03,0.01
12035,2.257581949234009,1.075964093208313,0.9248952269554138,0.6766915321350098,SGD_Momentum_start6,12.035,0.01
12040,1.0230345726013184,1.0574535131454468,0.8785430788993835,0.7224318981170654,SGD_Momentum_start6,12.04,0.01
12045,0.291319876909256,1.0688897371292114,0.8535919189453125,0.7448797225952148,SGD_Momentum_start6,12.045,0.01
12050,2.2315874099731445,1.0603516101837158,0.7649474740028381,0.7979090213775635,SGD_Momentum_start6,12.05,0.01
12055,9.614967346191406,1.114493727684021,0.965134859085083,0.644317090511322,SGD_Momentum_start6,12.055,0.01
12060,2.218064785003662,0.986648440361023,0.7935577034950256,0.6752712726593018,SGD_Momentum_start6,12.06,0.01
12065,0.4022199511528015,0.9647249579429626,0.7191027998924255,0.6509606838226318,SGD_Momentum_start6,12.065,0.01
12070,0.069065012037754,0.8883565664291382,0.7724241614341736,0.5309584140777588,SGD_Momentum_start6,12.07,0.01
12075,0.1532353907823562,0.8461891412734985,0.7691099643707275,0.4891507029533386,SGD_Momentum_start6,12.075,0.01
12080,0.2947635054588318,0.818265974521637,0.7075451016426086,0.5002502202987671,SGD_Momentum_start6,12.08,0.01
12085,0.12575164437294,0.861261248588562,0.7653249502182007,0.5312954783439636,SGD_Momentum_start6,12.085,0.01
12090,0.1603468805551529,0.9127408862113952,0.7743120789527893,0.5772256255149841,SGD_Momentum_start6,12.09,0.01
12095,0.0485464446246624,0.5420390367507935,0.8061330318450928,0.6141027808189392,SGD_Momentum_start6,12.095,0.01
12100,0.0306213460862636,0.1842989921569824,0.8525639772415161,0.6899089813232422,SGD_Momentum_start6,12.1,0.01
12105,0.0445543676614761,1.1012104749679563,0.9409931898117064,0.7454810738563538,SGD_Momentum_start6,12.105,0.01
12110,4.282309055328369,1.1229901313781738,0.8332417607307434,0.8517594933509827,SGD_Momentum_start6,12.11,0.01
12115,0.885593056678772,1.152727723121643,0.8611028790473938,0.8535805344581604,SGD_Momentum_start6,12.115,0.01
12120,4.340898036956787,1.1981735229492188,0.9128432273864746,0.8152876496315002,SGD_Momentum_start6,12.12,0.01
12125,8.797534942626953,1.083310604095459,0.8266969323158264,0.794676661491394,SGD_Momentum_start6,12.125,0.01
12130,5.960325241088867,1.0855164527893066,0.8485393524169922,0.677021324634552,SGD_Momentum_start6,12.13,0.01
12135,10.692788124084473,0.893936038017273,0.6609978079795837,0.647290825843811,SGD_Momentum_start6,12.135,0.01
12140,18.793832778930664,0.9218358397483826,0.8631674647331238,0.3620699346065521,SGD_Momentum_start6,12.14,0.01
12145,6.183325290679932,0.666938304901123,0.4519194662570953,0.493707925081253,SGD_Momentum_start6,12.145,0.01
12150,0.5542992949485779,0.5402820110321045,0.5407603979110718,0.2064625918865203,SGD_Momentum_start6,12.15,0.01
12155,2.8037025928497314,0.5060129761695862,0.4714600145816803,0.1355982422828674,SGD_Momentum_start6,12.155,0.01
12160,0.981684148311615,0.385219931602478,0.3608283400535583,0.1767685860395431,SGD_Momentum_start6,12.16,0.01
12165,0.5989886522293091,0.4324375987052917,0.4241202771663666,0.1671317368745803,SGD_Momentum_start6,12.165,0.01
12170,0.4536896347999573,0.4841859638690948,0.4925516247749328,0.2148376405239105,SGD_Momentum_start6,12.17,0.01
12175,0.2724471092224121,0.5521339774131775,0.5392889976501465,0.2759089469909668,SGD_Momentum_start6,12.175,0.01
12180,0.4299054741859436,0.7132489085197449,0.6779466867446899,0.3953130841255188,SGD_Momentum_start6,12.18,0.01
12185,1.1909984350204468,0.8257488012313843,0.7326662540435791,0.5371667742729187,SGD_Momentum_start6,12.185,0.01
12190,0.2319982051849365,0.9626740217208862,0.7263755202293396,0.683329164981842,SGD_Momentum_start6,12.19,0.01
12195,0.061010792851448,1.0055240392684937,0.8560364246368408,0.6490811705589294,SGD_Momentum_start6,12.195,0.01
12200,0.1980660855770111,1.0071014165878296,0.8785867094993591,0.64539635181427,SGD_Momentum_start6,12.2,0.01
12205,0.6155951023101807,0.9928810000419616,0.809269368648529,0.6715786457061768,SGD_Momentum_start6,12.205,0.01
12210,0.309993714094162,0.9807753562927246,0.7629197835922241,0.6779077053070068,SGD_Momentum_start6,12.21,0.01
12215,0.3199244737625122,0.9756035208702089,0.7486665844917297,0.6568228602409363,SGD_Momentum_start6,12.215,0.01
12220,0.3254960179328918,0.9481241703033448,0.7714947462081909,0.6065232753753662,SGD_Momentum_start6,12.22,0.01
12225,1.07008695602417,0.9518762826919556,0.8285316824913025,0.5698316693305969,SGD_Momentum_start6,12.225,0.01
12230,1.845021367073059,0.9084122776985168,0.7613053917884827,0.6015797257423401,SGD_Momentum_start6,12.23,0.01
12235,1.7231214046478271,0.9305071830749512,0.7320348024368286,0.584327757358551,SGD_Momentum_start6,12.235,0.01
12240,1.6962100267410278,0.8918931484222412,0.8170318603515625,0.4762900173664093,SGD_Momentum_start6,12.24,0.01
12245,3.314107894897461,0.7987150549888611,0.61617112159729,0.5562524795532227,SGD_Momentum_start6,12.245,0.01
12250,0.2170276045799255,0.789965808391571,0.6523740291595459,0.4790795147418976,SGD_Momentum_start6,12.25,0.01
12255,1.645971417427063,0.792797327041626,0.7091802954673767,0.4167222678661346,SGD_Momentum_start6,12.255,0.01
12260,0.8037256002426147,0.7949343323707581,0.7319561243057251,0.4409326016902923,SGD_Momentum_start6,12.26,0.01
12265,1.2297368049621582,0.8216125965118408,0.7181233763694763,0.5244420766830444,SGD_Momentum_start6,12.265,0.01
12270,1.4219603538513184,0.8884337544441223,0.710946261882782,0.5557620525360107,SGD_Momentum_start6,12.27,0.01
12275,1.6044306755065918,0.8855403661727905,0.8142417669296265,0.4767498075962066,SGD_Momentum_start6,12.275,0.01
12280,3.676250457763672,0.8121997117996216,0.6231030225753784,0.574661910533905,SGD_Momentum_start6,12.28,0.01
12285,0.1885986924171447,0.8170862793922424,0.6687501668930054,0.5081591606140137,SGD_Momentum_start6,12.285,0.01
12290,1.7390750646591189,0.8280704617500305,0.7329751253128052,0.4495977759361267,SGD_Momentum_start6,12.29,0.01
12295,1.1317307949066162,0.8215478658676147,0.7554946541786194,0.4415245950222015,SGD_Momentum_start6,12.295,0.01
12300,0.2205999940633773,0.8084842562675476,0.7359112501144409,0.471853494644165,SGD_Momentum_start6,12.3,0.01
12305,1.4489986896514893,0.802560031414032,0.6674894690513611,0.5264158844947815,SGD_Momentum_start6,12.305,0.01
12310,0.0924118310213089,0.8285402655601501,0.695070207118988,0.5232558846473694,SGD_Momentum_start6,12.31,0.01
12315,0.1487102508544922,0.8651909232139587,0.6839798092842102,0.5735529065132141,SGD_Momentum_start6,12.315,0.01
12320,2.499077320098877,0.9051729440689088,0.8453502655029297,0.4775246977806091,SGD_Momentum_start6,12.32,0.01
12325,1.534679651260376,0.8401600122451782,0.6747137904167175,0.5654162764549255,SGD_Momentum_start6,12.325,0.01
12330,2.3630642890930176,0.8647667169570923,0.7334128022193909,0.4885080754756927,SGD_Momentum_start6,12.33,0.01
12335,1.402413249015808,0.7773382067680359,0.6891703605651855,0.46414315700531,SGD_Momentum_start6,12.335,0.01
12340,0.6246050596237183,0.7622634172439575,0.6641247868537903,0.4621344804763794,SGD_Momentum_start6,12.34,0.01
12345,0.140527456998825,0.7637547850608826,0.6501650214195251,0.4644772708415985,SGD_Momentum_start6,12.345,0.01
12350,0.5526520609855652,0.8077895641326904,0.6709630489349365,0.4957590997219085,SGD_Momentum_start6,12.35,0.01
12355,0.6964845061302185,0.8364270925521851,0.7197254300117493,0.4934495687484741,SGD_Momentum_start6,12.355,0.01
12360,0.083698034286499,0.8355847001075745,0.7327056527137756,0.5082237124443054,SGD_Momentum_start6,12.36,0.01
12365,0.5680432319641113,0.908560037612915,0.7541926503181458,0.5871457457542419,SGD_Momentum_start6,12.365,0.01
12370,0.191831350326538,0.9610716700553894,0.7861385345458984,0.6553003787994385,SGD_Momentum_start6,12.37,0.01
12375,0.4128878116607666,1.0025618076324463,0.841689944267273,0.6732981204986572,SGD_Momentum_start6,12.375,0.01
12380,0.0363947413861751,1.0388590097427368,0.8391510844230652,0.7057620286941528,SGD_Momentum_start6,12.38,0.01
12385,1.3539878129959106,1.0624699592590332,0.8515021800994873,0.7540878653526306,SGD_Momentum_start6,12.385,0.01
12390,0.033807884901762,1.0905274152755735,0.8451619148254395,0.7674684524536133,SGD_Momentum_start6,12.39,0.01
12395,0.0252612419426441,1.0935354232788086,0.8955861330032349,0.7443973422050476,SGD_Momentum_start6,12.395,0.01
12400,1.107379674911499,1.0926405191421509,0.90944242477417,0.7500694990158081,SGD_Momentum_start6,12.4,0.01
12405,2.4957075119018555,1.0771355628967283,0.8287579417228699,0.7802860736846924,SGD_Momentum_start6,12.405,0.01
12410,1.778592228889465,1.05630362033844,0.7743755578994751,0.779646635055542,SGD_Momentum_start6,12.41,0.01
12415,0.0488089323043823,1.0405607223510742,0.8473786115646362,0.6966326236724854,SGD_Momentum_start6,12.415,0.01
12420,2.1511223316192627,1.0550241470336914,0.8561817407608032,0.6761066913604736,SGD_Momentum_start6,12.42,0.01
12425,0.0465884171426296,1.0060036182403564,0.9084467887878418,0.6140738725662231,SGD_Momentum_start6,12.425,0.01
12430,0.1833419352769851,0.965095281600952,0.7373495697975159,0.6637672781944275,SGD_Momentum_start6,12.43,0.01
12435,5.507678031921387,0.9715003967285156,0.8553408980369568,0.5302324891090393,SGD_Momentum_start6,12.435,0.01
12440,3.424324512481689,0.8465132117271423,0.6795464754104614,0.5720812678337097,SGD_Momentum_start6,12.44,0.01
12445,0.3082259893417358,0.8155108094215393,0.6728977560997009,0.5154570937156677,SGD_Momentum_start6,12.445,0.01
12450,1.128920555114746,0.8198800683021545,0.6862589120864868,0.4764275252819061,SGD_Momentum_start6,12.45,0.01
12455,0.1225631237030029,0.8165573477745056,0.7004693746566772,0.5035715699195862,SGD_Momentum_start6,12.455,0.01
12460,0.071327194571495,0.8683813214302063,0.765744686126709,0.5476210117340088,SGD_Momentum_start6,12.46,0.01
12465,0.1848991513252258,0.970406413078308,0.8001070022583008,0.6514600515365601,SGD_Momentum_start6,12.465,0.01
12470,0.0684438943862915,1.0447454452514648,0.8653486371040344,0.7162803411483765,SGD_Momentum_start6,12.47,0.01
12475,0.0735976994037628,1.1116676330566406,0.8659610152244568,0.7870417833328247,SGD_Momentum_start6,12.475,0.01
12480,0.2725434601306915,1.141002535820007,0.9056527018547058,0.8125900626182556,SGD_Momentum_start6,12.48,0.01
12485,0.5432370901107788,1.1756033897399902,0.905633807182312,0.86123126745224,SGD_Momentum_start6,12.485,0.01
12490,4.896077156066895,1.1815897226333618,0.8011707663536072,0.9412349462509156,SGD_Momentum_start6,12.49,0.01
12495,9.01091194152832,1.2422822713851929,1.0284830331802368,0.7859933376312256,SGD_Momentum_start6,12.495,0.01
12500,5.626099586486816,1.1102652549743652,0.8364821076393127,0.817352831363678,SGD_Momentum_start6,12.5,0.01
12505,0.0332141704857349,1.077394723892212,0.7556576132774353,0.7832584381103516,SGD_Momentum_start6,12.505,0.01
12510,0.1866828799247741,0.9926397204399108,0.9040268063545228,0.5894461274147034,SGD_Momentum_start6,12.51,0.01
12515,1.776606559753418,0.9385270476341248,0.7069602608680725,0.5949146151542664,SGD_Momentum_start6,12.515,0.01
12520,0.9634588360786438,0.7909523248672485,0.7170162200927734,0.4442981779575348,SGD_Momentum_start6,12.52,0.01
12525,0.2710562646389007,0.7167807817459106,0.5915126800537109,0.4305507838726043,SGD_Momentum_start6,12.525,0.01
12530,1.8693695068359373,0.7343817949295044,0.6814208030700684,0.3635849058628082,SGD_Momentum_start6,12.53,0.01
12535,3.705482482910156,0.7127429842948914,0.5884397625923157,0.4815064072608948,SGD_Momentum_start6,12.535,0.01
12540,5.380634784698486,0.7976102828979492,0.7312763929367065,0.3691067695617676,SGD_Momentum_start6,12.54,0.01
12545,5.267435550689697,0.6854214072227478,0.5320351123809814,0.4767538011074066,SGD_Momentum_start6,12.545,0.01
12550,0.6596388816833496,0.6958361864089966,0.6168384552001953,0.3635629415512085,SGD_Momentum_start6,12.55,0.01
12555,0.3779332637786865,0.6625834703445435,0.6353124976158142,0.3378360271453857,SGD_Momentum_start6,12.555,0.01
12560,0.8027703762054443,0.6475069522857666,0.53337562084198,0.4092480540275574,SGD_Momentum_start6,12.56,0.01
12565,0.6054457426071167,0.664759635925293,0.6129966378211975,0.3258553147315979,SGD_Momentum_start6,12.565,0.01
12570,0.1633285880088806,0.6598868370056152,0.6266770958900452,0.3596982359886169,SGD_Momentum_start6,12.57,0.01
12575,0.2089201807975769,0.754688024520874,0.7152419090270996,0.4305162727832794,SGD_Momentum_start6,12.575,0.01
12580,0.4428543448448181,0.8136191964149475,0.7080535292625427,0.5137178897857666,SGD_Momentum_start6,12.58,0.01
12585,0.2730182409286499,0.8563717007637024,0.6993017196655273,0.5679977536201477,SGD_Momentum_start6,12.585,0.01
12590,0.2915577888488769,0.8915084004402161,0.7074082493782043,0.5827811360359192,SGD_Momentum_start6,12.59,0.01
12595,0.3683217465877533,0.8951389789581299,0.7448099851608276,0.5581745505332947,SGD_Momentum_start6,12.595,0.01
12600,1.0884974002838137,0.933274745941162,0.8209174275398254,0.5580649375915527,SGD_Momentum_start6,12.6,0.01
12605,1.842856884002685,0.9181442260742188,0.7706448435783386,0.6139113903045654,SGD_Momentum_start6,12.605,0.01
12610,1.7792727947235107,0.956297755241394,0.7467067241668701,0.6117823719978333,SGD_Momentum_start6,12.61,0.01
12615,1.7978768348693848,0.9259595274925232,0.8410263657569885,0.5083088874816895,SGD_Momentum_start6,12.615,0.01
12620,3.869261741638184,0.8331851959228516,0.6326255798339844,0.5919315814971924,SGD_Momentum_start6,12.62,0.01
12625,0.1939125955104828,0.8256595730781555,0.6729400157928467,0.5136346817016602,SGD_Momentum_start6,12.625,0.01
12630,1.7779167890548706,0.8282144069671631,0.7328845262527466,0.4477410018444061,SGD_Momentum_start6,12.63,0.01
12635,1.131559133529663,0.8204703330993652,0.7556567788124084,0.4434327185153961,SGD_Momentum_start6,12.635,0.01
12640,0.2695840895175934,0.8167612552642822,0.7398775815963745,0.4836400747299194,SGD_Momentum_start6,12.64,0.01
12645,1.7221510410308838,0.8160132765769958,0.6724856495857239,0.544034481048584,SGD_Momentum_start6,12.645,0.01
12650,0.0764466151595115,0.3364555239677429,0.7405812740325928,0.5354474782943726,SGD_Momentum_start6,12.65,0.01
12655,0.5030885338783264,0.9429571628570556,0.7746325731277466,0.6158146262168884,SGD_Momentum_start6,12.655,0.01
12660,0.0358067639172077,0.9961689710617064,0.8252734541893005,0.6775299906730652,SGD_Momentum_start6,12.66,0.01
12665,0.265749990940094,1.098813533782959,0.84942227602005,0.7804514765739441,SGD_Momentum_start6,12.665,0.01
12670,0.2672665417194366,1.1367980241775513,0.8817009329795837,0.8208656311035156,SGD_Momentum_start6,12.67,0.01
12675,0.2960664331912994,1.1594148874282837,0.939672589302063,0.8123623728752136,SGD_Momentum_start6,12.675,0.01
12680,0.2427727431058883,1.178326964378357,0.9256621599197388,0.8212382793426514,SGD_Momentum_start6,12.68,0.01
12685,0.0128161013126373,1.1648578643798828,0.8539891839027405,0.8525980710983276,SGD_Momentum_start6,12.685,0.01
12690,9.664117813110352,1.2077231407165527,1.0031448602676392,0.7542564868927002,SGD_Momentum_start6,12.69,0.01
12695,9.791739463806152,1.07469379901886,0.7749429941177368,0.8181001543998718,SGD_Momentum_start6,12.695,0.01
12700,20.29963493347168,1.1279044151306152,0.973125457763672,0.6061172485351562,SGD_Momentum_start6,12.7,0.01
12705,8.775617599487305,0.9030386209487916,0.6468074917793274,0.6679839491844177,SGD_Momentum_start6,12.705,0.01
12710,1.9752277135849,0.8641344308853149,0.733413577079773,0.4768404960632324,SGD_Momentum_start6,12.71,0.01
12715,0.2397009432315826,0.7498928904533386,0.7020650506019592,0.3938789367675781,SGD_Momentum_start6,12.715,0.01
12720,0.5246107578277588,0.6886348724365234,0.5609992742538452,0.4268362820148468,SGD_Momentum_start6,12.72,0.01
12725,0.8833866715431213,0.6724057793617249,0.6203441023826599,0.3167126178741455,SGD_Momentum_start6,12.725,0.01
12730,0.1919152289628982,0.7121278643608093,0.6479571461677551,0.4303605854511261,SGD_Momentum_start6,12.73,0.01
12735,0.1396398991346359,0.8641679883003235,0.7606871724128723,0.5634836554527283,SGD_Momentum_start6,12.735,0.01
12740,0.0605179741978645,0.9981298446655272,0.810050368309021,0.6903029084205627,SGD_Momentum_start6,12.74,0.01
12745,0.1802042126655578,1.0807454586029053,0.880235493183136,0.7582321763038635,SGD_Momentum_start6,12.745,0.01
12750,0.0226889587938785,1.1507985591888428,0.8823888897895813,0.8312281966209412,SGD_Momentum_start6,12.75,0.01
12755,0.3779935240745544,1.1879733800888062,0.932033360004425,0.8629767894744873,SGD_Momentum_start6,12.755,0.01
12760,0.0053533455356955,1.2406517267227173,0.9242011308670044,0.9195345640182496,SGD_Momentum_start6,12.76,0.01
12765,0.0842061638832092,1.2696012258529663,0.9894427061080932,0.9241724014282228,SGD_Momentum_start6,12.765,0.01
12770,1.617635726928711,1.275619626045227,0.931447684764862,0.9739500880241394,SGD_Momentum_start6,12.77,0.01
12775,0.5755540728569031,1.2837978601455688,1.005052089691162,0.9335662126541138,SGD_Momentum_start6,12.775,0.01
12780,0.5780534744262695,1.2917073965072632,0.9931330680847168,0.920623540878296,SGD_Momentum_start6,12.78,0.01
12785,0.216079831123352,1.2660179138183594,0.9132984280586244,0.9341328740119934,SGD_Momentum_start6,12.785,0.01
12790,1.5395498275756836,1.217471718788147,0.8893193602561951,0.9147632122039796,SGD_Momentum_start6,12.79,0.01
12795,0.0776328220963478,1.2107914686203003,0.989339292049408,0.8401591777801514,SGD_Momentum_start6,12.795,0.01
12800,7.16119384765625,1.1583881378173828,0.8198848366737366,0.8969485759735107,SGD_Momentum_start6,12.8,0.01
12805,8.750222206115723,1.192467212677002,0.9484475255012512,0.757336437702179,SGD_Momentum_start6,12.805,0.01
12810,0.6280450224876404,1.0603471994400024,0.9063565135002136,0.6873607039451599,SGD_Momentum_start6,12.81,0.01
12815,2.8263752460479736,0.9780712723731996,0.6878840923309326,0.7287046909332275,SGD_Momentum_start6,12.815,0.01
12820,5.452760696411133,0.9683470129966736,0.9192608594894408,0.4792946577072143,SGD_Momentum_start6,12.82,0.01
12825,0.6337465643882751,0.8301889300346375,0.6203756332397461,0.5628807544708252,SGD_Momentum_start6,12.825,0.01
12830,0.656629204750061,0.7633244395256042,0.7173908948898315,0.3665831983089447,SGD_Momentum_start6,12.83,0.01
12835,0.696701169013977,0.6658455729484558,0.5729513168334961,0.3871722817420959,SGD_Momentum_start6,12.835,0.01
12840,0.1328251808881759,0.7236018180847168,0.645636260509491,0.4595114886760711,SGD_Momentum_start6,12.84,0.01
12845,0.0678132250905036,0.8816843032836914,0.7672955989837646,0.5789536833763123,SGD_Momentum_start6,12.845,0.01
12850,0.7081409096717834,1.0258365869522097,0.8280923366546631,0.6966599225997925,SGD_Momentum_start6,12.85,0.01
12855,0.5478274822235107,1.1138907670974731,0.9151518940925598,0.7569376230239868,SGD_Momentum_start6,12.855,0.01
12860,1.4531391859054563,1.1746052503585815,0.9044237732887268,0.8224630951881409,SGD_Momentum_start6,12.86,0.01
12865,0.2776201367378235,1.2006763219833374,0.9475131630897522,0.8443612456321716,SGD_Momentum_start6,12.865,0.01
12870,0.5108621716499329,1.219125270843506,0.9050815105438232,0.8815801739692688,SGD_Momentum_start6,12.87,0.01
12875,0.4875299632549286,1.1966861486434937,0.9010655283927916,0.8780049085617065,SGD_Momentum_start6,12.875,0.01
12880,0.7435051202774048,1.181994080543518,0.9374603629112244,0.8406436443328857,SGD_Momentum_start6,12.88,0.01
12885,0.0146146714687347,1.1774753332138062,0.9102893471717834,0.8336704969406128,SGD_Momentum_start6,12.885,0.01
12890,0.591633677482605,1.156002163887024,0.92164546251297,0.8158091902732849,SGD_Momentum_start6,12.89,0.01
12895,0.0761938691139221,1.1505446434020996,0.9822587966918944,0.7658507823944092,SGD_Momentum_start6,12.895,0.01
12900,4.875369548797607,1.0948559045791626,0.7273241877555847,0.8632253408432007,SGD_Momentum_start6,12.9,0.01
12905,4.660711288452148,1.092037796974182,0.991293966770172,0.6134380102157593,SGD_Momentum_start6,12.905,0.01
12910,2.673681735992432,0.9429881572723388,0.6471453309059143,0.7026586532592773,SGD_Momentum_start6,12.91,0.01
12915,0.0924282222986221,0.8540672659873962,0.7612987160682678,0.4776887893676758,SGD_Momentum_start6,12.915,0.01
12920,2.2276811599731445,0.7510658502578735,0.6038538217544556,0.4911639094352722,SGD_Momentum_start6,12.92,0.01
12925,1.5400032997131348,0.7415570616722107,0.6509323716163635,0.3776162564754486,SGD_Momentum_start6,12.925,0.01
12930,0.5947225093841553,0.6556770205497742,0.6142148375511169,0.3405438065528869,SGD_Momentum_start6,12.93,0.01
12935,0.2145340144634246,0.6390966176986694,0.5963451862335205,0.3345970213413238,SGD_Momentum_start6,12.935,0.01
12940,0.1562889218330383,0.6882959604263306,0.6729549169540405,0.3590106964111328,SGD_Momentum_start6,12.94,0.01
12945,1.8341314792633057,0.7301890850067139,0.5743502378463745,0.5211879014968872,SGD_Momentum_start6,12.945,0.01
12950,3.0691347122192383,0.8339822888374329,0.8166252374649048,0.3936038017272949,SGD_Momentum_start6,12.95,0.01
12955,1.5081461668014526,0.7751426100730896,0.5799717307090759,0.5476943254470825,SGD_Momentum_start6,12.955,0.01
12960,0.2256042212247848,0.7601591944694519,0.7062559127807617,0.3925915956497192,SGD_Momentum_start6,12.96,0.01
12965,1.6255576610565186,0.6961936950683594,0.5786211490631104,0.4409813284873962,SGD_Momentum_start6,12.965,0.01
12970,1.3779296875,0.7112094759941101,0.631210207939148,0.3574866950511932,SGD_Momentum_start6,12.97,0.01
12975,0.641586422920227,0.6460270881652832,0.6067537069320679,0.337564468383789,SGD_Momentum_start6,12.975,0.01
12980,0.2583421468734741,0.6392976641654968,0.5927067399024963,0.3393356502056122,SGD_Momentum_start6,12.98,0.01
12985,0.553769588470459,0.6956253051757812,0.6064091920852661,0.441768079996109,SGD_Momentum_start6,12.985,0.01
12990,0.6360633969306946,0.7968345880508423,0.673373818397522,0.4818654358386993,SGD_Momentum_start6,12.99,0.01
12995,1.814021348953247,0.8571135401725769,0.7540321350097656,0.4879437088966369,SGD_Momentum_start6,12.995,0.01
13000,0.7070360779762268,0.8746194839477539,0.7814626097679138,0.5040622353553772,SGD_Momentum_start6,13.0,0.01
13005,0.7073588967323303,0.8571893572807312,0.7525254487991333,0.5335918664932251,SGD_Momentum_start6,13.005,0.01
13010,0.204240396618843,0.884893536567688,0.7518453598022461,0.5747391581535339,SGD_Momentum_start6,13.01,0.01
13015,1.4821044206619265,0.916131317615509,0.7000216245651245,0.6606179475784302,SGD_Momentum_start6,13.015,0.01
13020,6.975140571594238,0.9968081712722778,0.8883721232414246,0.5453786253929138,SGD_Momentum_start6,13.02,0.01
13025,1.730687379837036,0.9018704891204834,0.7469782829284668,0.5974578857421875,SGD_Momentum_start6,13.025,0.01
13030,0.3048673868179321,0.8972169756889343,0.6841662526130676,0.5927740931510925,SGD_Momentum_start6,13.03,0.01
13035,0.0821900218725204,0.8395912051200867,0.7427963614463806,0.4925349354743957,SGD_Momentum_start6,13.035,0.01
13040,0.152699589729309,0.8226456046104431,0.7552480101585388,0.4711243212223053,SGD_Momentum_start6,13.04,0.01
13045,0.3001484870910644,0.8104540109634399,0.703775942325592,0.4956372082233429,SGD_Momentum_start6,13.045,0.01
13050,1.06965434551239,0.8480620384216309,0.6695170998573303,0.5931944847106934,SGD_Momentum_start6,13.05,0.01
13055,6.305361747741699,0.9422886371612548,0.8539685606956482,0.497547298669815,SGD_Momentum_start6,13.055,0.01
13060,1.4078495502471924,0.8647646903991699,0.7286294102668762,0.5617778301239014,SGD_Momentum_start6,13.06,0.01
13065,0.3218035101890564,0.8710817098617554,0.6721556782722473,0.5686893463134766,SGD_Momentum_start6,13.065,0.01
13070,0.0931896492838859,0.8234210014343262,0.7317571043968201,0.4753003418445587,SGD_Momentum_start6,13.07,0.01
13075,0.1610061377286911,0.8008831143379211,0.7385712265968323,0.4518515765666961,SGD_Momentum_start6,13.075,0.01
13080,0.3215624690055847,0.7869414687156677,0.6868426203727722,0.4756277203559875,SGD_Momentum_start6,13.08,0.01
13085,0.2472057342529297,0.8034001588821411,0.6661630272865295,0.5157396197319031,SGD_Momentum_start6,13.085,0.01
13090,0.2190837860107422,0.8274537920951843,0.6679873466491699,0.5264061689376831,SGD_Momentum_start6,13.09,0.01
13095,0.2374449670314788,0.8303539156913757,0.7017462253570557,0.5057456493377686,SGD_Momentum_start6,13.095,0.01
13100,0.7670279145240784,0.8660138845443726,0.7730668187141418,0.5006816983222961,SGD_Momentum_start6,13.1,0.01
13105,1.5905718803405762,0.8543187975883484,0.7309883236885071,0.5544727444648743,SGD_Momentum_start6,13.105,0.01
13110,1.4278416633605957,0.8936355710029602,0.7112748026847839,0.5562235116958618,SGD_Momentum_start6,13.11,0.01
13115,1.511494517326355,0.8703699707984924,0.8015121817588806,0.4613268971443176,SGD_Momentum_start6,13.115,0.01
13120,3.3207693099975586,0.7881060838699341,0.6102362275123596,0.5488758087158203,SGD_Momentum_start6,13.12,0.01
13125,0.2001151144504547,0.7872651815414429,0.6510740518569946,0.4796121716499328,SGD_Momentum_start6,13.125,0.01
13130,1.6230370998382568,0.7973305583000183,0.7123571038246155,0.422431081533432,SGD_Momentum_start6,13.13,0.01
13135,1.0352863073349,0.7983815670013428,0.7402598857879639,0.4276184141635895,SGD_Momentum_start6,13.135,0.01
13140,0.3086201846599579,0.8050521016120911,0.7307689785957336,0.4767799079418182,SGD_Momentum_start6,13.14,0.01
13145,1.845665454864502,0.8117476105690002,0.6685889363288879,0.5437774658203125,SGD_Momentum_start6,13.145,0.01
13150,0.0714876055717468,0.487052708864212,0.7730374336242676,0.5382170081138611,SGD_Momentum_start6,13.15,0.01
13155,0.082968920469284,0.9477360844612122,0.8561843037605286,0.5922583341598511,SGD_Momentum_start6,13.155,0.01
13160,0.2337603121995926,0.986897885799408,0.8243124485015869,0.6609025597572327,SGD_Momentum_start6,13.16,0.01
13165,0.3340172469615936,1.0408499240875244,0.8424904942512512,0.7021409869194031,SGD_Momentum_start6,13.165,0.01
13170,0.6597705483436584,1.0845102071762085,0.9138936400413512,0.7047420740127563,SGD_Momentum_start6,13.17,0.01
13175,0.744108259677887,1.064277410507202,0.8926773071289062,0.7175703048706055,SGD_Momentum_start6,13.175,0.01
13180,3.0301764011383057,1.0378869771957395,0.7953751683235168,0.7516554594039917,SGD_Momentum_start6,13.18,0.01
13185,0.0955491438508033,1.0436242818832395,0.8184396624565125,0.7123246192932129,SGD_Momentum_start6,13.185,0.01
13190,0.3841545283794403,1.0474047660827637,0.7832010388374329,0.7317690253257751,SGD_Momentum_start6,13.19,0.01
13195,4.82730770111084,1.0613597631454468,0.961847960948944,0.6014792919158936,SGD_Momentum_start6,13.195,0.01
13200,1.6319319009780884,0.9650658369064332,0.7484292387962341,0.6742983460426331,SGD_Momentum_start6,13.2,0.01
13205,4.338369369506836,0.9805619716644288,0.8118680715560913,0.5768296122550964,SGD_Momentum_start6,13.205,0.01
13210,1.446212649345398,0.8658435344696045,0.7520061731338501,0.536767303943634,SGD_Momentum_start6,13.21,0.01
13215,0.542767345905304,0.8251519203186035,0.7058912515640259,0.5100284814834595,SGD_Momentum_start6,13.215,0.01
13220,0.0957036465406417,0.8095523715019226,0.6824541091918945,0.5005695819854736,SGD_Momentum_start6,13.22,0.01
13225,0.1032572090625763,0.8283188939094543,0.7317818403244019,0.506026566028595,SGD_Momentum_start6,13.225,0.01
13230,0.2058198153972625,0.8972848057746887,0.757706880569458,0.5784454345703125,SGD_Momentum_start6,13.23,0.01
13235,0.0538628585636615,0.9791613817214966,0.8311963677406311,0.6541837453842163,SGD_Momentum_start6,13.235,0.01
13240,0.1175936758518219,1.063280463218689,0.844622790813446,0.739653468132019,SGD_Momentum_start6,13.24,0.01
13245,0.1652001738548278,1.1063605546951294,0.8914838433265686,0.7767421007156372,SGD_Momentum_start6,13.245,0.01
13250,0.0130933336913585,1.150551438331604,0.8785492777824402,0.831108570098877,SGD_Momentum_start6,13.25,0.01
13255,1.24999737739563,1.173764705657959,0.8665063381195068,0.8844322562217712,SGD_Momentum_start6,13.255,0.01
13260,3.453895092010498,1.2293205261230469,0.9198846220970154,0.8589130640029907,SGD_Momentum_start6,13.26,0.01
13265,0.2291926443576812,1.1957597732543943,0.9160388112068176,0.8474295735359192,SGD_Momentum_start6,13.265,0.01
13270,3.9771478176116943,1.1566225290298462,0.8659914135932922,0.8662653565406799,SGD_Momentum_start6,13.27,0.01
13275,1.5345494747161863,1.143402934074402,0.8276997804641724,0.8556239604949951,SGD_Momentum_start6,13.275,0.01
13280,0.1706002354621887,1.131545066833496,0.8202863335609436,0.8141309022903442,SGD_Momentum_start6,13.28,0.01
13285,0.3753151297569275,1.093036413192749,0.8516107797622681,0.7422199845314026,SGD_Momentum_start6,13.285,0.01
13290,1.731123924255371,1.0796982049942017,0.9113993644714355,0.6791819334030151,SGD_Momentum_start6,13.29,0.01
13295,2.0877788066864014,1.0111271142959597,0.82499098777771,0.6921528577804565,SGD_Momentum_start6,13.295,0.01
13300,2.974260330200196,1.02495014667511,0.789714515209198,0.6588897705078125,SGD_Momentum_start6,13.3,0.01
13305,2.853053331375122,0.9740661382675172,0.8817926645278931,0.5369968414306641,SGD_Momentum_start6,13.305,0.01
13310,3.4447097778320312,0.8650155663490295,0.6564523577690125,0.6122633814811707,SGD_Momentum_start6,13.31,0.01
13315,0.3775781989097595,0.8471362590789795,0.6896559000015259,0.5193755030632019,SGD_Momentum_start6,13.315,0.01
13320,2.278781175613404,0.8384262323379517,0.7441962957382202,0.4482277631759643,SGD_Momentum_start6,13.32,0.01
13325,0.1475244164466858,0.8090190291404724,0.7154092192649841,0.4925967156887054,SGD_Momentum_start6,13.325,0.01
13330,0.177423357963562,0.8706286549568176,0.7385792136192322,0.5510388612747192,SGD_Momentum_start6,13.33,0.01
13335,0.055048331618309,0.937929630279541,0.8075838685035706,0.6133137345314026,SGD_Momentum_start6,13.335,0.01
13340,0.1537133604288101,1.0251787900924685,0.8265224695205688,0.7016081809997559,SGD_Momentum_start6,13.34,0.01
13345,0.1067720204591751,1.075604796409607,0.8778055906295776,0.7451529502868652,SGD_Momentum_start6,13.345,0.01
13350,0.0335640870034694,1.1248846054077148,0.868070662021637,0.8018983006477356,SGD_Momentum_start6,13.35,0.01
13355,0.0434842146933078,1.1567901372909546,0.9451783895492554,0.8086485266685486,SGD_Momentum_start6,13.355,0.01
13360,0.0081369616091251,1.1907997131347656,1.016729712486267,0.8053355813026428,SGD_Momentum_start6,13.36,0.01
13365,6.130238056182861,1.1600675582885742,0.7508885860443115,0.9376770853996276,SGD_Momentum_start6,13.365,0.01
13370,5.121038913726807,1.1724165678024292,1.0433900356292725,0.6929004788398743,SGD_Momentum_start6,13.37,0.01
13375,4.175524711608887,1.0217686891555786,0.6719459891319275,0.7909058928489685,SGD_Momentum_start6,13.375,0.01
13380,0.054422702640295,0.9268415570259094,0.8825942277908325,0.5033763647079468,SGD_Momentum_start6,13.38,0.01
13385,8.333114624023438,0.8943246603012085,0.737646758556366,0.4593327343463897,SGD_Momentum_start6,13.385,0.01
13390,10.496030807495115,0.6566926836967468,0.4542573988437652,0.4777398407459259,SGD_Momentum_start6,13.39,0.01
13395,3.8365437984466553,0.6066710948944092,0.6171877384185791,0.1464131027460098,SGD_Momentum_start6,13.395,0.01
13400,0.3353557288646698,0.4587076604366302,0.3949288129806518,0.2271160036325454,SGD_Momentum_start6,13.4,0.01
13405,0.3793803453445434,0.3929870426654815,0.4188280999660492,0.1089863926172256,SGD_Momentum_start6,13.405,0.01
13410,0.5052214860916138,0.4039649665355682,0.3744930624961853,0.1684047579765319,SGD_Momentum_start6,13.41,0.01
13415,0.3865049481391907,0.4054804146289825,0.4290693402290344,0.1339141875505447,SGD_Momentum_start6,13.415,0.01
13420,0.3468754589557647,0.4353124499320984,0.4160638749599457,0.2064335346221923,SGD_Momentum_start6,13.42,0.01
13425,0.2937572300434112,0.5046323537826538,0.4961592853069305,0.2508938908576965,SGD_Momentum_start6,13.425,0.01
13430,0.1754075735807418,0.6386618614196777,0.6367658972740173,0.3629158139228821,SGD_Momentum_start6,13.43,0.01
13435,0.1139093711972236,0.850828230381012,0.7476283311843872,0.5488806962966919,SGD_Momentum_start6,13.435,0.01
13440,0.0355711728334426,0.45770063996315,0.8094187378883362,0.7010602951049805,SGD_Momentum_start6,13.44,0.01
13445,0.1804463565349578,1.122403860092163,0.9088478684425354,0.8036160469055176,SGD_Momentum_start6,13.445,0.01
13450,0.0813717693090438,1.2179739475250244,0.9234220385551452,0.8930972218513489,SGD_Momentum_start6,13.45,0.01
13455,0.2278153151273727,1.256070852279663,0.9715135097503662,0.9216772317886353,SGD_Momentum_start6,13.455,0.01
13460,0.0127060348168015,1.2888262271881104,0.9463779926300048,0.9614141583442688,SGD_Momentum_start6,13.46,0.01
13465,4.374209880828857,1.3303488492965698,1.0762481689453125,0.9069457650184632,SGD_Momentum_start6,13.465,0.01
13470,1.5305960178375244,1.2686837911605835,0.9970876574516296,0.9208872318267822,SGD_Momentum_start6,13.47,0.01
13475,8.247162818908691,1.21815025806427,0.8519623279571533,0.9539138674736024,SGD_Momentum_start6,13.475,0.01
13480,14.808472633361816,1.2627969980239868,1.0086848735809326,0.7954175472259521,SGD_Momentum_start6,13.48,0.01
13485,0.0137731619179248,1.0200668573379517,0.9742830395698548,0.7227754592895508,SGD_Momentum_start6,13.485,0.01
13490,2.100139141082764,1.0485514402389526,0.7330109477043152,0.7865924835205078,SGD_Momentum_start6,13.49,0.01
13495,0.6485507488250732,1.008814811706543,0.823857307434082,0.6387176513671875,SGD_Momentum_start6,13.495,0.01
13500,1.176090121269226,0.9621433019638062,0.8440589904785156,0.5600093603134155,SGD_Momentum_start6,13.5,0.01
13505,0.087137371301651,0.8971991539001465,0.8039326071739197,0.5324194431304932,SGD_Momentum_start6,13.505,0.01
13510,0.7090649604797363,0.8578832745552063,0.7167478203773499,0.5513115525245667,SGD_Momentum_start6,13.51,0.01
13515,0.7135155200958252,0.8343740701675415,0.6647264361381531,0.557385265827179,SGD_Momentum_start6,13.515,0.01
13520,0.0923361927270889,0.8262712359428406,0.7184457778930664,0.5007495880126953,SGD_Momentum_start6,13.52,0.01
13525,1.0497957468032837,0.8666411638259888,0.7402303218841553,0.5158130526542664,SGD_Momentum_start6,13.525,0.01
13530,0.1110196709632873,0.8560847043991089,0.800911545753479,0.4873377978801727,SGD_Momentum_start6,13.53,0.01
13535,0.3223993182182312,0.8401739597320557,0.6649272441864014,0.5580244064331055,SGD_Momentum_start6,13.535,0.01
13540,3.0939478874206543,0.8596944808959961,0.7720256447792053,0.4486821591854095,SGD_Momentum_start6,13.54,0.01
13545,3.11704158782959,0.7636250257492065,0.6265257596969604,0.5027748942375183,SGD_Momentum_start6,13.545,0.01
13550,0.4300095438957214,0.7557001113891602,0.6349816918373108,0.4724548459053039,SGD_Momentum_start6,13.55,0.01
13555,0.7786867022514343,0.7784041166305542,0.6578986048698425,0.4492742717266083,SGD_Momentum_start6,13.555,0.01
13560,1.4955239295959473,0.8059866428375244,0.7172964215278625,0.4459738731384277,SGD_Momentum_start6,13.56,0.01
13565,0.4151955544948578,0.8234032392501831,0.740205705165863,0.4680432081222534,SGD_Momentum_start6,13.565,0.01
13570,0.9877310991287231,0.8135960102081299,0.7157039642333984,0.5044671893119812,SGD_Momentum_start6,13.57,0.01
13575,0.5547125935554504,0.8824381232261658,0.7729254961013794,0.5417863130569458,SGD_Momentum_start6,13.575,0.01
13580,0.0897041037678718,0.94643235206604,0.7531076073646545,0.6455056667327881,SGD_Momentum_start6,13.58,0.01
13585,0.6171594262123108,1.0202490091323853,0.8522486686706543,0.671363353729248,SGD_Momentum_start6,13.585,0.01
13590,0.0216279998421669,0.3432416617870331,0.8671908974647522,0.7388783693313599,SGD_Momentum_start6,13.59,0.01
13595,0.5663464665412903,1.1400569677352903,0.875713586807251,0.8055932521820068,SGD_Momentum_start6,13.595,0.01
13600,0.058580107986927,1.1548248529434204,0.9001619815826416,0.8242183923721313,SGD_Momentum_start6,13.6,0.01
13605,0.0522651299834251,1.166898250579834,0.955218493938446,0.806483805179596,SGD_Momentum_start6,13.605,0.01
13610,0.7087894082069397,1.1826024055480957,0.939221441745758,0.811528742313385,SGD_Momentum_start6,13.61,0.01
13615,0.1712726205587387,1.1659157276153564,0.8645561337471008,0.8385797739028931,SGD_Momentum_start6,13.615,0.01
13620,1.4708256721496582,1.129737377166748,0.8440133333206177,0.8342041373252869,SGD_Momentum_start6,13.62,0.01
13625,5.89758825302124,1.170824408531189,0.9139572381973268,0.7677607536315918,SGD_Momentum_start6,13.625,0.01
13630,4.668939113616943,1.0490851402282717,0.8392763733863831,0.7344241142272949,SGD_Momentum_start6,13.63,0.01
13635,10.580544471740724,1.0658636093139648,0.8628871440887451,0.6185885667800903,SGD_Momentum_start6,13.635,0.01
13640,6.141482830047607,0.8645720481872559,0.6768274307250977,0.5927804112434387,SGD_Momentum_start6,13.64,0.01
13645,0.3920725584030151,0.8135682344436646,0.6470382213592529,0.4942832291126251,SGD_Momentum_start6,13.645,0.01
13650,0.9774322509765624,0.7501488924026489,0.7089527249336243,0.3535004556179046,SGD_Momentum_start6,13.65,0.01
13655,1.4382625818252563,0.6588016748428345,0.5486972332000732,0.4078498780727386,SGD_Momentum_start6,13.655,0.01
13660,0.5754280090332031,0.6526917219161987,0.5765108466148376,0.3334726989269256,SGD_Momentum_start6,13.66,0.01
13665,0.224631518125534,0.6907950043678284,0.6298307180404663,0.3925985395908355,SGD_Momentum_start6,13.665,0.01
13670,1.4036197662353516,0.849112331867218,0.7965428829193115,0.4735003411769867,SGD_Momentum_start6,13.67,0.01
13675,1.5770878791809082,0.9168732166290284,0.7652398943901062,0.6409282684326172,SGD_Momentum_start6,13.675,0.01
13680,0.3704638481140136,1.0039018392562866,0.7865304350852966,0.712149441242218,SGD_Momentum_start6,13.68,0.01
13685,1.0045230388641355,1.0616101026535034,0.8125171065330505,0.7279380559921265,SGD_Momentum_start6,13.685,0.01
13690,1.735008716583252,1.0688745975494385,0.8651362657546997,0.6938786506652832,SGD_Momentum_start6,13.69,0.01
13695,0.1162939220666885,1.034477949142456,0.8571103811264038,0.673429012298584,SGD_Momentum_start6,13.695,0.01
13700,0.0507987327873706,1.0145119428634644,0.8770524263381958,0.6504512429237366,SGD_Momentum_start6,13.7,0.01
13705,3.398723125457764,0.9824452996253968,0.7514119148254395,0.7106403708457947,SGD_Momentum_start6,13.705,0.01
13710,7.558126926422119,1.0328333377838137,0.86579829454422,0.5980051755905151,SGD_Momentum_start6,13.71,0.01
13715,0.1235221028327941,0.9277260899543762,0.8363599181175232,0.5511394143104553,SGD_Momentum_start6,13.715,0.01
13720,1.303766846656799,0.8675251603126526,0.6492740511894226,0.6090567708015442,SGD_Momentum_start6,13.72,0.01
13725,0.5827329754829407,0.84228515625,0.7258780598640442,0.4832338988780975,SGD_Momentum_start6,13.725,0.01
13730,1.0960499048233032,0.8163837194442749,0.7507129311561584,0.426622599363327,SGD_Momentum_start6,13.73,0.01
13735,0.1030349135398864,0.7818969488143921,0.678385317325592,0.4804059565067291,SGD_Momentum_start6,13.735,0.01
13740,0.0774926841259002,0.8547837734222412,0.6941835284233093,0.5792065858840942,SGD_Momentum_start6,13.74,0.01
13745,1.6010273694992063,0.9578200578689576,0.8145620822906494,0.5922034978866577,SGD_Momentum_start6,13.745,0.01
13750,0.9788649082183838,0.9868269562721252,0.8585748672485352,0.6033806800842285,SGD_Momentum_start6,13.75,0.01
13755,0.6135453581809998,0.9645938873291016,0.8287205696105957,0.625124990940094,SGD_Momentum_start6,13.755,0.01
13760,2.9019408226013184,0.9439820647239684,0.7381670475006104,0.6688722968101501,SGD_Momentum_start6,13.76,0.01
13765,0.0389646962285041,0.208693578839302,0.823973536491394,0.6489192247390747,SGD_Momentum_start6,13.765,0.01
13770,2.025827646255493,1.0653791427612305,0.86520916223526,0.7008768320083618,SGD_Momentum_start6,13.77,0.01
13775,0.0717270597815513,1.0650705099105835,0.9478676319122314,0.6786370277404785,SGD_Momentum_start6,13.775,0.01
13780,0.4259399771690368,1.0427228212356567,0.7711060643196106,0.7503610253334045,SGD_Momentum_start6,13.78,0.01
13785,6.029212951660156,1.0567079782485962,0.9067932367324828,0.6141714453697205,SGD_Momentum_start6,13.785,0.01
13790,5.120654582977295,0.9248183369636536,0.7151737809181213,0.654417872428894,SGD_Momentum_start6,13.79,0.01
13795,0.5295025706291199,0.8891914486885071,0.7105165123939514,0.5906409621238708,SGD_Momentum_start6,13.795,0.01
13800,1.1611272096633911,0.8842676877975464,0.7219292521476746,0.5359643697738647,SGD_Momentum_start6,13.8,0.01
13805,0.2065752893686294,0.8621878027915955,0.7369959950447083,0.5549433827400208,SGD_Momentum_start6,13.805,0.01
13810,1.5935518741607666,0.8946247100830078,0.6857160329818726,0.6441290378570557,SGD_Momentum_start6,13.81,0.01
13815,5.849639892578125,0.9741622805595398,0.868637204170227,0.5327489376068115,SGD_Momentum_start6,13.815,0.01
13820,1.9824118614196773,0.88407301902771,0.7312410473823547,0.5863574147224426,SGD_Momentum_start6,13.82,0.01
13825,0.1858378201723098,0.8790338039398193,0.6704496741294861,0.5828689932823181,SGD_Momentum_start6,13.825,0.01
13830,0.0881525129079818,0.8249028921127319,0.7950820922851562,0.4370403587818146,SGD_Momentum_start6,13.83,0.01
13835,1.1121816635131836,0.8094266057014465,0.6370865106582642,0.4884431064128876,SGD_Momentum_start6,13.835,0.01
13840,0.8312770128250122,0.7084667086601257,0.6582013368606567,0.3793528974056244,SGD_Momentum_start6,13.84,0.01
13845,0.3937723934650421,0.6609498858451843,0.5535292029380798,0.3936033844947815,SGD_Momentum_start6,13.845,0.01
13850,1.906036138534546,0.6681508421897888,0.634357213973999,0.2835214734077453,SGD_Momentum_start6,13.85,0.01
13855,1.0877703428268433,0.5981672406196594,0.537569522857666,0.3350139856338501,SGD_Momentum_start6,13.855,0.01
13860,0.2017526179552078,0.6015176177024841,0.5515084266662598,0.3205060362815857,SGD_Momentum_start6,13.86,0.01
13865,0.2199389040470123,0.70516437292099,0.6522767543792725,0.4135983288288116,SGD_Momentum_start6,13.865,0.01
13870,1.6068296432495115,0.8745723366737366,0.8154804706573486,0.4940850436687469,SGD_Momentum_start6,13.87,0.01
13875,4.258488178253174,0.927470088005066,0.7213674187660217,0.693600058555603,SGD_Momentum_start6,13.875,0.01
13880,4.90560245513916,1.058548092842102,0.8684834241867065,0.6633386015892029,SGD_Momentum_start6,13.88,0.01
13885,0.9108502864837646,1.007394313812256,0.8702688813209534,0.6559762358665466,SGD_Momentum_start6,13.885,0.01
13890,3.815505266189575,0.970336616039276,0.6783371567726135,0.7408510446548462,SGD_Momentum_start6,13.89,0.01
13895,4.936930179595947,0.992994785308838,0.9337610006332396,0.5126457214355469,SGD_Momentum_start6,13.895,0.01
13900,1.118665099143982,0.8650234937667847,0.6306082010269165,0.6086710691452026,SGD_Momentum_start6,13.9,0.01
13905,0.4726543724536896,0.8018559217453003,0.7415116429328918,0.4081590473651886,SGD_Momentum_start6,13.905,0.01
13910,1.0190420150756836,0.7028790712356567,0.5911532640457153,0.4273052811622619,SGD_Momentum_start6,13.91,0.01
13915,2.136533260345459,0.7094333171844482,0.6378145813941956,0.3364643454551697,SGD_Momentum_start6,13.915,0.01
13920,0.3559965491294861,0.6356155276298523,0.6081161499023438,0.315083384513855,SGD_Momentum_start6,13.92,0.01
13925,1.103050708770752,0.6203281879425049,0.5168096423149109,0.4035884141921997,SGD_Momentum_start6,13.925,0.01
13930,0.5294650793075562,0.6794163584709167,0.6259216070175171,0.3471542596817016,SGD_Momentum_start6,13.93,0.01
13935,0.1446830630302429,0.6984426975250244,0.6552162170410156,0.3905256688594818,SGD_Momentum_start6,13.935,0.01
13940,0.1305873394012451,0.7776767015457153,0.7369329333305359,0.4398499131202698,SGD_Momentum_start6,13.94,0.01
13945,0.2154652178287506,0.8274786472320557,0.7266831398010254,0.5150405764579773,SGD_Momentum_start6,13.945,0.01
13950,0.2486399412155151,0.904859185218811,0.7659282684326172,0.5817950963973999,SGD_Momentum_start6,13.95,0.01
13955,0.7193054556846619,0.9991008639335632,0.8694941401481628,0.6271651387214661,SGD_Momentum_start6,13.955,0.01
13960,0.4057381749153137,1.0150835514068604,0.8730822801589966,0.6680647134780884,SGD_Momentum_start6,13.96,0.01
13965,2.1907408237457275,1.011152982711792,0.7916465401649475,0.7204344868659973,SGD_Momentum_start6,13.965,0.01
13970,2.184272766113281,1.0011433362960815,0.7388179898262024,0.7385003566741943,SGD_Momentum_start6,13.97,0.01
13975,11.184527397155762,1.0660516023635864,0.948984146118164,0.5804182887077332,SGD_Momentum_start6,13.975,0.01
13980,0.6086077094078064,0.9522743821144104,0.8030886650085449,0.6175163984298706,SGD_Momentum_start6,13.98,0.01
13985,0.2563943862915039,0.9490556716918944,0.7986467480659485,0.593978226184845,SGD_Momentum_start6,13.985,0.01
13990,0.2292506098747253,0.9370034337043762,0.7507373094558716,0.6117786169052124,SGD_Momentum_start6,13.99,0.01
13995,0.4157255887985229,0.9154248237609864,0.7440972328186035,0.6120505332946777,SGD_Momentum_start6,13.995,0.01
14000,0.638110876083374,0.9160318970680236,0.7771182060241699,0.5962039828300476,SGD_Momentum_start6,14.0,0.01
14005,0.3618583083152771,0.9616148471832277,0.7749550342559814,0.6650175452232361,SGD_Momentum_start6,14.005,0.01
14010,0.6977525949478149,1.044450759887695,0.8685507774353027,0.6923554539680481,SGD_Momentum_start6,14.01,0.01
14015,0.0327816866338253,1.0897417068481443,0.8218802809715271,0.7864540815353394,SGD_Momentum_start6,14.015,0.01
14020,7.682041168212891,1.16505229473114,0.9728956818580629,0.7287654280662537,SGD_Momentum_start6,14.02,0.01
14025,10.86042308807373,1.0606379508972168,0.7603169679641724,0.815640926361084,SGD_Momentum_start6,14.025,0.01
14030,17.042184829711914,1.119837999343872,0.9595369696617126,0.6162435412406921,SGD_Momentum_start6,14.03,0.01
14035,10.48401165008545,0.9096261262893676,0.6393789052963257,0.6853001713752747,SGD_Momentum_start6,14.035,0.01
14040,1.3945711851119995,0.8708155155181885,0.7311601042747498,0.4960771799087524,SGD_Momentum_start6,14.04,0.01
14045,0.4073994159698486,0.7632502317428589,0.7054930925369263,0.4146290421485901,SGD_Momentum_start6,14.045,0.01
14050,0.7479559183120728,0.7029473781585693,0.5644523501396179,0.4477560222148895,SGD_Momentum_start6,14.05,0.01
14055,0.7330955266952515,0.685916006565094,0.6273989081382751,0.3341797292232513,SGD_Momentum_start6,14.055,0.01
14060,0.1642789989709854,0.6604762077331543,0.579382598400116,0.3899897634983063,SGD_Momentum_start6,14.06,0.01
14065,1.9044674634933472,0.7565670609474182,0.6995858550071716,0.386695384979248,SGD_Momentum_start6,14.065,0.01
14070,3.9821701049804688,0.7490832805633545,0.6144776344299316,0.5148192644119263,SGD_Momentum_start6,14.07,0.01
14075,7.175927639007568,0.8494706749916077,0.7740459442138672,0.4036465287208557,SGD_Momentum_start6,14.075,0.01
14080,5.66960334777832,0.7286330461502075,0.5597789883613586,0.5135708451271057,SGD_Momentum_start6,14.08,0.01
14085,0.9282333254814148,0.7345649600028992,0.644702136516571,0.3864887058734894,SGD_Momentum_start6,14.085,0.01
14090,0.3607915639877319,0.6757110953330994,0.6436083316802979,0.3451218605041504,SGD_Momentum_start6,14.09,0.01
14095,0.7741379141807556,0.6466765999794006,0.531565248966217,0.4058337807655334,SGD_Momentum_start6,14.095,0.01
14100,0.5666441917419434,0.6536556482315063,0.6033485531806946,0.3171554505825043,SGD_Momentum_start6,14.1,0.01
14105,0.1720826774835586,0.6466792821884155,0.6157850027084351,0.3458844721317291,SGD_Momentum_start6,14.105,0.01
14110,0.1748047769069671,0.7281547784805298,0.697587788105011,0.4012709558010101,SGD_Momentum_start6,14.11,0.01
14115,0.3020851016044616,0.7813387513160706,0.6916967630386353,0.4780702292919159,SGD_Momentum_start6,14.115,0.01
14120,0.0756363421678543,0.8811474442481995,0.7916043996810913,0.5517781376838684,SGD_Momentum_start6,14.12,0.01
14125,0.4774785041809082,0.9774657487869264,0.8282862305641174,0.6288030743598938,SGD_Momentum_start6,14.125,0.01
14130,0.1884695738554,1.0227538347244265,0.7988033294677734,0.7058402299880981,SGD_Momentum_start6,14.13,0.01
14135,0.8990854620933533,1.030598521232605,0.8020293116569519,0.7367210984230042,SGD_Momentum_start6,14.135,0.01
14140,0.4386074244976043,1.0827280282974243,0.8323674201965332,0.755721390247345,SGD_Momentum_start6,14.14,0.01
14145,1.4457734823226929,1.0782368183135986,0.8173842430114746,0.7932863831520081,SGD_Momentum_start6,14.145,0.01
14150,4.034205436706543,1.138575553894043,0.8868227601051331,0.7556129693984985,SGD_Momentum_start6,14.15,0.01
14155,6.032487392425537,1.0381686687469482,0.8203336000442505,0.7383120059967041,SGD_Momentum_start6,14.155,0.01
14160,7.7987189292907715,1.055540919303894,0.8455291390419006,0.6300493478775024,SGD_Momentum_start6,14.16,0.01
14165,7.695489883422852,0.8670942187309265,0.6657055020332336,0.6074085235595703,SGD_Momentum_start6,14.165,0.01
14170,0.1685283035039901,0.8189817070960999,0.6433411836624146,0.5152702331542969,SGD_Momentum_start6,14.17,0.01
14175,0.6896671056747437,0.7651796340942383,0.7153917551040649,0.3768763542175293,SGD_Momentum_start6,14.175,0.01
14180,1.890193223953247,0.6785433888435364,0.555760383605957,0.433531641960144,SGD_Momentum_start6,14.18,0.01
14185,0.4694415926933288,0.6730048656463623,0.5878685116767883,0.3568238615989685,SGD_Momentum_start6,14.185,0.01
14190,0.4474164247512817,0.6664774417877197,0.5942802429199219,0.4053129851818084,SGD_Momentum_start6,14.19,0.01
14195,0.6635059118270874,0.8060745000839233,0.6952848434448242,0.5597371459007263,SGD_Momentum_start6,14.195,0.01
14200,2.599337816238404,1.035088300704956,0.8401150703430176,0.6944522261619568,SGD_Momentum_start6,14.2,0.01
14205,4.850289821624756,1.081530213356018,0.8742679357528687,0.784687340259552,SGD_Momentum_start6,14.205,0.01
14210,12.97382354736328,1.1834183931350708,0.9317179322242736,0.7454723119735718,SGD_Momentum_start6,14.21,0.01
14215,10.103189468383787,1.020562767982483,0.7605944871902466,0.7539335489273071,SGD_Momentum_start6,14.215,0.01
14220,0.4883722364902496,0.9885833859443665,0.7424306869506836,0.6606918573379517,SGD_Momentum_start6,14.22,0.01
14225,1.4691938161849976,0.9227203726768494,0.8349573612213135,0.50196772813797,SGD_Momentum_start6,14.225,0.01
14230,2.6850695610046387,0.8080326318740845,0.6297728419303894,0.5504952073097229,SGD_Momentum_start6,14.23,0.01
14235,0.6619117856025696,0.786994993686676,0.6619288921356201,0.4490986168384552,SGD_Momentum_start6,14.235,0.01
14240,0.5986674427986145,0.7418181896209717,0.6273516416549683,0.4692323207855224,SGD_Momentum_start6,14.24,0.01
14245,0.9763685464859008,0.7881498336791992,0.6704620122909546,0.4534443318843841,SGD_Momentum_start6,14.245,0.01
14250,0.1816251724958419,0.8125370740890503,0.7040320038795471,0.4953280687332153,SGD_Momentum_start6,14.25,0.01
14255,0.3043358922004699,0.9423624277114868,0.814775288105011,0.6090430021286011,SGD_Momentum_start6,14.255,0.01
14260,0.7518607974052429,1.0462528467178345,0.8332992196083069,0.7138314247131348,SGD_Momentum_start6,14.26,0.01
14265,0.0643048211932182,1.087992787361145,0.8652782440185547,0.765289306640625,SGD_Momentum_start6,14.265,0.01
14270,0.1243903636932373,1.1203521490097046,0.9242704510688782,0.7701547741889954,SGD_Momentum_start6,14.27,0.01
14275,0.3589003086090088,1.1477680206298828,0.9134069085121156,0.7885898947715759,SGD_Momentum_start6,14.275,0.01
14280,0.0337347760796546,1.140239119529724,0.8447054028511047,0.8251323699951172,SGD_Momentum_start6,14.28,0.01
14285,9.212919235229492,1.188546657562256,0.9918869733810424,0.7402164936065674,SGD_Momentum_start6,14.285,0.01
14290,10.030320167541504,1.0691711902618408,0.7705353498458862,0.8167494535446167,SGD_Momentum_start6,14.29,0.01
14295,19.15402030944824,1.1269768476486206,0.9694281220436096,0.6121656894683838,SGD_Momentum_start6,14.295,0.01
14300,9.570265769958496,0.9084422588348388,0.6447635293006897,0.6782198548316956,SGD_Momentum_start6,14.3,0.01
14305,1.703860878944397,0.8695306777954102,0.7337368130683899,0.487787514925003,SGD_Momentum_start6,14.305,0.01
14310,0.3156003355979919,0.757395327091217,0.7041875720024109,0.4049315452575683,SGD_Momentum_start6,14.31,0.01
14315,0.6334070563316345,0.6957653760910034,0.5624967813491821,0.437345027923584,SGD_Momentum_start6,14.315,0.01
14320,0.7960250377655029,0.6783430576324463,0.6230547428131104,0.3250302672386169,SGD_Momentum_start6,14.32,0.01
14325,0.1658240854740142,0.6593713164329529,0.5779362320899963,0.3894529044628143,SGD_Momentum_start6,14.325,0.01
14330,1.6774498224258425,0.7498587369918823,0.6912335157394409,0.3843058347702026,SGD_Momentum_start6,14.33,0.01
14335,0.2442152649164199,0.8041962385177612,0.7506381869316101,0.4786221981048584,SGD_Momentum_start6,14.335,0.01
14340,0.5160534381866455,0.8691665530204773,0.7428865432739258,0.5663913488388062,SGD_Momentum_start6,14.34,0.01
14345,0.2743772864341736,0.9107522368431092,0.730648934841156,0.6179710626602173,SGD_Momentum_start6,14.345,0.01
14350,0.3651276230812073,0.942642331123352,0.7364728450775146,0.6277211308479309,SGD_Momentum_start6,14.35,0.01
14355,0.4596906304359436,0.9403091073036194,0.7727788090705872,0.5965609550476074,SGD_Momentum_start6,14.355,0.01
14360,0.0477109923958778,0.9773809909820556,0.7937510013580322,0.666965901851654,SGD_Momentum_start6,14.36,0.01
14365,0.1571367681026458,1.0386077165603638,0.8556920289993286,0.7138397693634033,SGD_Momentum_start6,14.365,0.01
14370,0.0430534668266773,1.0984410047531128,0.8565460443496704,0.776287853717804,SGD_Momentum_start6,14.37,0.01
14375,0.2878380715847015,1.1273601055145264,0.8978796601295471,0.8001407384872437,SGD_Momentum_start6,14.375,0.01
14380,0.6605766415596008,1.1650643348693848,0.8960217237472534,0.8556932806968689,SGD_Momentum_start6,14.38,0.01
14385,0.0051243249326944,0.3063057065010071,0.9259711503982544,0.8720446228981018,SGD_Momentum_start6,14.385,0.01
14390,0.9091947078704834,1.2140380144119265,0.9508350491523744,0.8815447092056274,SGD_Momentum_start6,14.39,0.01
14395,1.2114256620407104,1.2255117893218994,0.9154521226882936,0.919242799282074,SGD_Momentum_start6,14.395,0.01
14400,0.0663630217313766,1.2435258626937866,1.0025314092636108,0.8776581883430481,SGD_Momentum_start6,14.4,0.01
14405,2.043218851089477,1.2636094093322754,1.0028687715530396,0.8705859184265137,SGD_Momentum_start6,14.405,0.01
14410,1.523733615875244,1.2557848691940308,0.9353069067001344,0.8983612060546875,SGD_Momentum_start6,14.41,0.01
14415,0.2307376563549041,1.219670057296753,0.9187892079353333,0.8918704986572266,SGD_Momentum_start6,14.415,0.01
14420,0.6164983510971069,1.197716236114502,0.9481221437454224,0.8524474501609802,SGD_Momentum_start6,14.42,0.01
14425,0.0152836861088871,1.1881619691848757,0.9152581691741944,0.8432754874229431,SGD_Momentum_start6,14.425,0.01
14430,0.6599899530410767,1.1615620851516724,0.9226266145706176,0.8220897912979126,SGD_Momentum_start6,14.43,0.01
14435,0.1129491254687309,1.155015468597412,0.9826982617378236,0.7725316286087036,SGD_Momentum_start6,14.435,0.01
14440,5.235119819641113,1.0996583700180054,0.7266654968261719,0.8707102537155151,SGD_Momentum_start6,14.44,0.01
14445,4.414585590362549,1.0959432125091553,0.9919649958610536,0.6196659803390503,SGD_Momentum_start6,14.445,0.01
14450,2.868116855621338,0.9468762278556824,0.6469646692276001,0.7085357904434204,SGD_Momentum_start6,14.45,0.01
14455,0.082751378417015,0.8570148348808289,0.7627356648445129,0.4827711284160614,SGD_Momentum_start6,14.455,0.01
14460,2.338263750076294,0.7577503323554993,0.6074438691139221,0.4988875985145569,SGD_Momentum_start6,14.46,0.01
14465,1.5614441633224487,0.7505130767822266,0.6570490598678589,0.3858436346054077,SGD_Momentum_start6,14.465,0.01
14470,0.6137422323226929,0.6646994948387146,0.6208792924880981,0.3485350012779236,SGD_Momentum_start6,14.47,0.01
14475,0.2118158936500549,0.6474053263664246,0.6021845936775208,0.3413002789020538,SGD_Momentum_start6,14.475,0.01
14480,0.1564534157514572,0.6927614212036133,0.6750806570053101,0.362417995929718,SGD_Momentum_start6,14.48,0.01
14485,1.839639663696289,0.7317315340042114,0.5762399435043335,0.523019552230835,SGD_Momentum_start6,14.485,0.01
14490,3.316741943359375,0.8419108390808105,0.8253543376922607,0.3991163372993469,SGD_Momentum_start6,14.49,0.01
14495,1.5092607736587524,0.7874171733856201,0.5876489281654358,0.5591455101966858,SGD_Momentum_start6,14.495,0.01
14500,0.2569992840290069,0.7764169573783875,0.7198434472084045,0.4044597446918487,SGD_Momentum_start6,14.5,0.01
14505,1.635576248168945,0.7107479572296143,0.58842933177948,0.4529176950454712,SGD_Momentum_start6,14.505,0.01
14510,1.5051544904708862,0.7254873514175415,0.6418027877807617,0.3674789667129516,SGD_Momentum_start6,14.51,0.01
14515,0.6404913663864136,0.6566747426986694,0.6149523258209229,0.3457338809967041,SGD_Momentum_start6,14.515,0.01
14520,0.2515166699886322,0.6474609375,0.5986826419830322,0.3455082774162292,SGD_Momentum_start6,14.52,0.01
14525,0.5957815647125244,0.7044852375984192,0.6117667555809021,0.4525494277477264,SGD_Momentum_start6,14.525,0.01
14530,0.5950610637664795,0.8102187514305115,0.6805012822151184,0.4967586398124695,SGD_Momentum_start6,14.53,0.01
14535,1.7716223001480105,0.869553804397583,0.7605445981025696,0.5002320408821106,SGD_Momentum_start6,14.535,0.01
14540,0.6602687835693359,0.8827426433563232,0.7853012084960938,0.5124545097351074,SGD_Momentum_start6,14.54,0.01
14545,0.7720326781272888,0.8621105551719666,0.7541030645370483,0.539199709892273,SGD_Momentum_start6,14.545,0.01
14550,0.2026270776987075,0.8801923394203186,0.7472285628318787,0.5663769245147705,SGD_Momentum_start6,14.55,0.01
14555,1.2841542959213257,0.8988377451896667,0.6923506259918213,0.639237642288208,SGD_Momentum_start6,14.555,0.01
14560,6.839892387390137,0.9727686643600464,0.8733950853347778,0.5206301212310791,SGD_Momentum_start6,14.56,0.01
14565,1.4374171495437622,0.8775871992111206,0.7352597117424011,0.5711433291435242,SGD_Momentum_start6,14.565,0.01
14570,0.362277626991272,0.8744194507598877,0.6742796897888184,0.5683911442756653,SGD_Momentum_start6,14.57,0.01
14575,0.0988134890794754,0.8195059299468994,0.7287119626998901,0.4691625237464905,SGD_Momentum_start6,14.575,0.01
14580,0.153893768787384,0.7899295687675476,0.7307642698287964,0.4404891729354858,SGD_Momentum_start6,14.58,0.01
14585,0.2986578047275543,0.7735447883605957,0.6786748766899109,0.4624187648296356,SGD_Momentum_start6,14.585,0.01
14590,0.3124464154243469,0.8024355173110962,0.6639683246612549,0.5214975476264954,SGD_Momentum_start6,14.59,0.01
14595,0.14046211540699,0.8356175422668457,0.6693090200424194,0.5425679087638855,SGD_Momentum_start6,14.595,0.01
14600,0.1523825526237487,0.8508761525154114,0.7140792608261108,0.5359721183776855,SGD_Momentum_start6,14.6,0.01
14605,0.0559544377028942,0.3760839104652405,0.7332705855369568,0.635971188545227,SGD_Momentum_start6,14.605,0.01
14610,4.360630989074707,1.0478813648223877,0.8947951793670654,0.645408034324646,SGD_Momentum_start6,14.61,0.01
14615,10.490068435668944,1.019194722175598,0.7443259954452515,0.7887364029884338,SGD_Momentum_start6,14.615,0.01
14620,15.954254150390623,1.1229156255722046,0.9603333473205566,0.6327874064445496,SGD_Momentum_start6,14.62,0.01
14625,12.275251388549805,0.9428914785385132,0.6527072787284851,0.7263880968093872,SGD_Momentum_start6,14.625,0.01
14630,1.4466391801834106,0.9196995496749878,0.7609367966651917,0.5449205040931702,SGD_Momentum_start6,14.63,0.01
14635,0.5325061082839966,0.8164290189743042,0.7419151067733765,0.465523898601532,SGD_Momentum_start6,14.635,0.01
14640,0.9979418516159058,0.7548573613166809,0.5909589529037476,0.49991175532341,SGD_Momentum_start6,14.64,0.01
14645,0.7195475697517395,0.7347458004951477,0.6604764461517334,0.3779262602329254,SGD_Momentum_start6,14.645,0.01
14650,0.1415748298168182,0.5249197483062744,0.6414837837219238,0.4050010442733764,SGD_Momentum_start6,14.65,0.01
14655,0.3658784925937652,0.8302956819534302,0.7110077738761902,0.5202639698982239,SGD_Momentum_start6,14.655,0.01
14660,0.0548066087067127,0.922868013381958,0.7854288816452026,0.6139282584190369,SGD_Momentum_start6,14.66,0.01
14665,1.5050421953201294,1.073188304901123,0.8688002228736877,0.7261675596237183,SGD_Momentum_start6,14.665,0.01
14670,0.087405040860176,1.1170562505722046,0.984751284122467,0.733515739440918,SGD_Momentum_start6,14.67,0.01
14675,0.523219883441925,1.1134456396102903,0.8067049384117126,0.8230047821998596,SGD_Momentum_start6,14.675,0.01
14680,7.942779064178467,1.140791416168213,0.963369846343994,0.687946081161499,SGD_Momentum_start6,14.68,0.01
14685,6.123241424560547,1.0033059120178225,0.7585896253585815,0.7294801473617554,SGD_Momentum_start6,14.685,0.01
14690,0.5084593892097473,0.962903618812561,0.7535490393638611,0.6561176776885986,SGD_Momentum_start6,14.69,0.01
14695,1.6578181982040403,0.9522078037261964,0.7644219994544983,0.5916414260864258,SGD_Momentum_start6,14.695,0.01
14700,0.11574287712574,0.9126471281051636,0.7552886605262756,0.5833418965339661,SGD_Momentum_start6,14.7,0.01
14705,0.0520112551748752,0.8590319752693176,0.7994073629379272,0.6026766896247864,SGD_Momentum_start6,14.705,0.01
14710,0.0399416983127594,1.0051816701889038,0.8050200939178467,0.6958025693893433,SGD_Momentum_start6,14.71,0.01
14715,0.6316568851470947,1.0903902053833008,0.8182260990142822,0.7775506377220154,SGD_Momentum_start6,14.715,0.01
14720,0.4015842378139496,1.1214919090270996,0.8694105744361877,0.7818030118942261,SGD_Momentum_start6,14.72,0.01
14725,1.250400424003601,1.1473722457885742,0.9437436461448668,0.7616695165634155,SGD_Momentum_start6,14.725,0.01
14730,4.276447772979736,1.0993720293045044,0.8582336902618408,0.7976245880126953,SGD_Momentum_start6,14.73,0.01
14735,2.0183868408203125,1.11487877368927,0.8213838338851929,0.7657918334007263,SGD_Momentum_start6,14.735,0.01
14740,1.983306050300598,1.0568034648895264,0.923084795475006,0.6289700865745544,SGD_Momentum_start6,14.74,0.01
14745,5.917145729064941,0.9365452527999878,0.6761909127235413,0.6955653429031372,SGD_Momentum_start6,14.745,0.01
14750,8.137664794921875,0.9730941653251648,0.8790494799613953,0.505490779876709,SGD_Momentum_start6,14.75,0.01
14755,0.8604824542999268,0.8631411790847778,0.7356017231941223,0.5447339415550232,SGD_Momentum_start6,14.755,0.01
14760,0.589304506778717,0.8735015988349915,0.6807257533073425,0.5613260269165039,SGD_Momentum_start6,14.76,0.01
14765,0.1508116722106933,0.8301747441291809,0.7404143810272217,0.4715139269828796,SGD_Momentum_start6,14.765,0.01
14770,0.1194116547703743,0.7968016266822815,0.738660991191864,0.4431452453136444,SGD_Momentum_start6,14.77,0.01
14775,0.2688323855400085,0.7814761996269226,0.6855005621910095,0.4686950743198395,SGD_Momentum_start6,14.775,0.01
14780,0.9736489057540894,0.8338297605514526,0.7147015929222107,0.5470205545425415,SGD_Momentum_start6,14.78,0.01
14785,0.214491993188858,0.8859571218490601,0.7222251892089844,0.590540885925293,SGD_Momentum_start6,14.785,0.01
14790,0.7817825675010681,0.9287840723991394,0.7408586144447327,0.6000643968582153,SGD_Momentum_start6,14.79,0.01
14795,1.2083903551101685,0.93563574552536,0.7853618860244751,0.5715621709823608,SGD_Momentum_start6,14.795,0.01
14800,0.1125505492091178,0.9105326533317566,0.7809485793113708,0.5604676008224487,SGD_Momentum_start6,14.8,0.01
14805,0.0784722194075584,0.906063675880432,0.8072921633720398,0.5541613101959229,SGD_Momentum_start6,14.805,0.01
14810,2.723365306854248,0.8941407799720764,0.7056210041046143,0.628109335899353,SGD_Momentum_start6,14.81,0.01
14815,5.625409126281738,0.9538848996162416,0.8140778541564941,0.5349552035331726,SGD_Momentum_start6,14.815,0.01
14820,0.1618925631046295,0.8675017356872559,0.7930535078048706,0.5012322664260864,SGD_Momentum_start6,14.82,0.01
14825,1.2919979095458984,0.8191564679145813,0.622836172580719,0.5676036477088928,SGD_Momentum_start6,14.825,0.01
14830,0.4545426368713379,0.8040392398834229,0.7002078890800476,0.4553996920585632,SGD_Momentum_start6,14.83,0.01
14835,0.9223516583442688,0.7920508980751038,0.732271671295166,0.4104101359844208,SGD_Momentum_start6,14.835,0.01
14840,0.1097409948706626,0.7647252082824707,0.7237944602966309,0.4289002120494842,SGD_Momentum_start6,14.84,0.01
14845,1.0634533166885376,0.8062427043914795,0.6817373633384705,0.5281785130500793,SGD_Momentum_start6,14.845,0.01
14850,0.7176896929740906,0.8538488149642944,0.7091849446296692,0.5813185572624207,SGD_Momentum_start6,14.85,0.01
14855,0.1818640083074569,0.9686755537986756,0.7464113235473633,0.6808951497077942,SGD_Momentum_start6,14.855,0.01
14860,4.277735233306885,1.0574183464050293,0.9598790407180786,0.6128132939338684,SGD_Momentum_start6,14.86,0.01
14865,2.4647233486175537,0.9984344244003296,0.7604854702949524,0.7215265035629272,SGD_Momentum_start6,14.865,0.01
14870,3.9732162952423096,1.0315762758255005,0.8367647528648376,0.6363939046859741,SGD_Momentum_start6,14.87,0.01
14875,2.254812240600586,0.9236510396003724,0.7819220423698425,0.5996567010879517,SGD_Momentum_start6,14.875,0.01
14880,0.9147667288780212,0.8883827924728394,0.7397750020027161,0.5771042704582214,SGD_Momentum_start6,14.88,0.01
14885,0.1117724776268005,0.8687343597412109,0.7118046879768372,0.5567986369132996,SGD_Momentum_start6,14.885,0.01
14890,0.8493435978889465,0.8896860480308533,0.7202485799789429,0.5600669384002686,SGD_Momentum_start6,14.89,0.01
14895,1.0866183042526243,0.895929753780365,0.7602874636650085,0.5362308025360107,SGD_Momentum_start6,14.895,0.01
14900,0.1011286452412605,0.8739842772483826,0.7563785314559937,0.5301805734634399,SGD_Momentum_start6,14.9,0.01
14905,0.1028778254985809,0.8783044219017029,0.7878400087356567,0.5329328179359436,SGD_Momentum_start6,14.905,0.01
14910,2.7242839336395264,0.8763458132743835,0.695275604724884,0.614088237285614,SGD_Momentum_start6,14.91,0.01
14915,5.185338020324707,0.9408787488937378,0.8047168850898743,0.526905357837677,SGD_Momentum_start6,14.915,0.01
14920,0.1839400976896286,0.8599443435668945,0.7867814898490906,0.4964414238929748,SGD_Momentum_start6,14.92,0.01
14925,1.341050624847412,0.8142621517181396,0.6194707751274109,0.5647059082984924,SGD_Momentum_start6,14.925,0.01
14930,0.4283234179019928,0.8017982244491577,0.6987815499305725,0.4553872644901275,SGD_Momentum_start6,14.93,0.01
14935,0.9125560522079468,0.7945566177368164,0.7342367172241211,0.4134914577007293,SGD_Momentum_start6,14.935,0.01
14940,0.1080206558108329,0.7691503167152405,0.7264338135719299,0.4300867319107055,SGD_Momentum_start6,14.94,0.01
14945,0.8760289549827576,0.8022908568382263,0.6826781630516052,0.5183089971542358,SGD_Momentum_start6,14.945,0.01
14950,1.2134746313095093,0.8262757062911987,0.6548455953598022,0.5710689425468445,SGD_Momentum_start6,14.95,0.01
14955,6.585799217224121,0.9199729561805724,0.8447157740592957,0.4729248583316803,SGD_Momentum_start6,14.955,0.01
14960,0.8948650360107422,0.8558633327484131,0.7346891760826111,0.5444065928459167,SGD_Momentum_start6,14.96,0.01
14965,0.5997852087020874,0.88714998960495,0.6901005506515503,0.5766804814338684,SGD_Momentum_start6,14.965,0.01
14970,0.1868027746677398,0.8568273186683655,0.7618026733398438,0.4931740164756775,SGD_Momentum_start6,14.97,0.01
14975,0.0922057926654815,0.8266761898994446,0.7640634775161743,0.4679436385631561,SGD_Momentum_start6,14.975,0.01
14980,0.2348540425300598,0.8179882168769836,0.7124631404876709,0.5013402700424194,SGD_Momentum_start6,14.98,0.01
14985,0.1552538871765136,0.8696101307868958,0.7366210222244263,0.5496047735214233,SGD_Momentum_start6,14.985,0.01
14990,0.0517473742365837,0.9336827993392944,0.8082963824272156,0.6109692454338074,SGD_Momentum_start6,14.99,0.01
14995,0.1821830719709396,1.0376375913619995,0.8362760543823242,0.7147858142852783,SGD_Momentum_start6,14.995,0.01
15000,0.0856540948152542,1.099773406982422,0.8939396142959595,0.7684658169746399,SGD_Momentum_start6,15.0,0.01
15005,0.0496190339326858,1.1547876596450806,0.8854446411132812,0.8293194770812988,SGD_Momentum_start6,15.005,0.01
15010,0.3758312463760376,1.1754239797592163,0.9210888743400574,0.8480881452560425,SGD_Momentum_start6,15.01,0.01
15015,0.1505400091409683,1.2109718322753906,0.946625828742981,0.8746434450149536,SGD_Momentum_start6,15.015,0.01
15020,0.0111485077068209,1.2362620830535889,1.0222471952438354,0.8599302172660828,SGD_Momentum_start6,15.02,0.01
15025,3.749324798583984,1.2123936414718628,0.8867771029472351,0.9217532873153688,SGD_Momentum_start6,15.025,0.01
15030,0.0350295789539814,1.2160857915878296,0.8998290300369263,0.8850049376487732,SGD_Momentum_start6,15.03,0.01
15035,0.150356188416481,1.197409987449646,0.8409168124198914,0.8878358006477356,SGD_Momentum_start6,15.035,0.01
15040,4.477751731872559,1.1847214698791504,1.029689073562622,0.7255707383155823,SGD_Momentum_start6,15.04,0.01
15045,3.279132604598999,1.061203956604004,0.7820023894309998,0.7779906392097473,SGD_Momentum_start6,15.045,0.01
15050,4.097711086273193,1.0532593727111816,0.8460308909416199,0.6510389447212219,SGD_Momentum_start6,15.05,0.01
15055,2.3064966201782227,0.9173347353935242,0.7744825482368469,0.5910866260528564,SGD_Momentum_start6,15.055,0.01
15060,0.8445240259170532,0.8709635138511658,0.72921222448349,0.55836021900177,SGD_Momentum_start6,15.06,0.01
15065,0.0977454781532287,0.8471495509147644,0.7010670900344849,0.5340533256530762,SGD_Momentum_start6,15.065,0.01
15070,0.074784830212593,0.8659406304359436,0.7628238201141357,0.5389122366905212,SGD_Momentum_start6,15.07,0.01
15075,0.4681890606880188,0.9212740063667296,0.8166990876197815,0.5867815017700195,SGD_Momentum_start6,15.075,0.01
15080,1.1859259605407717,0.946916162967682,0.772483766078949,0.6483302116394043,SGD_Momentum_start6,15.08,0.01
15085,0.8152556419372559,0.9562568068504332,0.7380339503288269,0.6735324263572693,SGD_Momentum_start6,15.085,0.01
15090,0.0668405517935752,0.96278578042984,0.7317689657211304,0.6642594337463379,SGD_Momentum_start6,15.09,0.01
15095,4.291182518005371,0.9877216815948486,0.9162195920944214,0.533317506313324,SGD_Momentum_start6,15.095,0.01
15100,0.8331516981124878,0.9120147824287416,0.7344543933868408,0.6133164167404175,SGD_Momentum_start6,15.1,0.01
15105,0.3292360305786133,0.9010605216026306,0.7782087326049805,0.5673447251319885,SGD_Momentum_start6,15.105,0.01
15110,0.2152087986469268,0.913080096244812,0.7753499746322632,0.5661999583244324,SGD_Momentum_start6,15.11,0.01
15115,0.1165416911244392,0.912519097328186,0.7320828437805176,0.5997075438499451,SGD_Momentum_start6,15.115,0.01
15120,0.707824170589447,0.9057908654212952,0.732890784740448,0.616469144821167,SGD_Momentum_start6,15.12,0.01
15125,0.0830256044864654,0.987254798412323,0.8087541460990906,0.6738293170928955,SGD_Momentum_start6,15.125,0.01
15130,0.0205423273146152,0.1578472554683685,0.8454962968826294,0.7664483785629272,SGD_Momentum_start6,15.13,0.01
15135,0.2131060659885406,1.1527750492095947,0.9203356504440308,0.8273160457611084,SGD_Momentum_start6,15.135,0.01
15140,0.0492635928094387,1.2178837060928345,0.9187310338020324,0.8913841843605042,SGD_Momentum_start6,15.14,0.01
15145,0.3192038238048553,1.2387171983718872,0.9576124548912048,0.9057984948158264,SGD_Momentum_start6,15.145,0.01
15150,0.0017889167647808,0.6157000064849854,1.0141606330871582,0.898944616317749,SGD_Momentum_start6,15.15,0.01
15155,0.4087587296962738,1.2821720838546753,0.981006920337677,0.921076476573944,SGD_Momentum_start6,15.155,0.01
15160,0.0233224108815193,1.2630162239074707,1.002192735671997,0.8988795876502991,SGD_Momentum_start6,15.16,0.01
15165,0.0148374168202281,1.252821683883667,0.9453460574150084,0.90885728597641,SGD_Momentum_start6,15.165,0.01
15170,1.5539106130599976,1.2173622846603394,0.9362668991088868,0.8902981877326965,SGD_Momentum_start6,15.17,0.01
15175,0.1077379062771797,1.207743763923645,0.8118613362312317,0.9131936430931092,SGD_Momentum_start6,15.175,0.01
15180,1.123329520225525,1.1144850254058838,0.9609028697013856,0.7266228795051575,SGD_Momentum_start6,15.18,0.01
15185,0.3930637836456299,1.0469740629196167,0.7311966419219971,0.7379524111747742,SGD_Momentum_start6,15.185,0.01
15190,4.14142656326294,0.8836914896965027,0.7408204674720764,0.5648511052131653,SGD_Momentum_start6,15.19,0.01
15195,15.874431610107422,0.8952224850654602,0.8013949990272522,0.3744597733020782,SGD_Momentum_start6,15.195,0.01
15200,8.356283187866211,0.6359930038452148,0.4332049787044525,0.4681093990802765,SGD_Momentum_start6,15.2,0.01
15205,1.015346884727478,0.5506302714347839,0.5700230002403259,0.1466457396745681,SGD_Momentum_start6,15.205,0.01
15210,1.0601633787155151,0.4661044776439667,0.4116692543029785,0.1740457564592361,SGD_Momentum_start6,15.21,0.01
15215,0.6401060819625854,0.3842463493347168,0.3823054134845733,0.1452081352472305,SGD_Momentum_start6,15.215,0.01
15220,0.5368332862854004,0.4367541670799255,0.4153279066085815,0.1840137094259262,SGD_Momentum_start6,15.22,0.01
15225,0.2947321832180023,0.5008559226989746,0.4904699623584747,0.24911829829216,SGD_Momentum_start6,15.225,0.01
15230,0.1629832983016967,0.6712958216667175,0.647336483001709,0.3912042081356048,SGD_Momentum_start6,15.23,0.01
15235,0.954228937625885,0.913495659828186,0.8271399736404419,0.5708489418029785,SGD_Momentum_start6,15.235,0.01
15240,1.5548808574676514,1.0339258909225464,0.8668965697288513,0.7283825874328613,SGD_Momentum_start6,15.24,0.01
15245,0.6156178712844849,1.1264445781707764,0.8859304785728455,0.8214462995529175,SGD_Momentum_start6,15.245,0.01
15250,3.44303560256958,1.168779373168945,0.8132612109184265,0.9186211824417114,SGD_Momentum_start6,15.25,0.01
15255,13.94699764251709,1.2572005987167358,1.059149146080017,0.7753304839134216,SGD_Momentum_start6,15.255,0.01
15260,3.1694676876068115,1.127848982810974,0.8724145293235779,0.8134498596191406,SGD_Momentum_start6,15.26,0.01
15265,0.6550816297531128,1.1075698137283323,0.7909115552902222,0.7846612930297852,SGD_Momentum_start6,15.265,0.01
15270,0.0593354851007461,1.0199397802352903,0.8562940955162048,0.6451042294502258,SGD_Momentum_start6,15.27,0.01
15275,0.1159922629594802,0.9518319368362428,0.8412874937057495,0.5792905688285828,SGD_Momentum_start6,15.275,0.01
15280,0.2520117163658142,0.9043137431144714,0.7633594870567322,0.5737584829330444,SGD_Momentum_start6,15.28,0.01
15285,0.1750511229038238,0.911889910697937,0.7586985230445862,0.5800479650497437,SGD_Momentum_start6,15.285,0.01
15290,0.5485484004020691,0.9476274251937866,0.7773399353027344,0.6579384803771973,SGD_Momentum_start6,15.29,0.01
15295,0.1111566796898841,1.0225492715835571,0.8731156587600708,0.6792165040969849,SGD_Momentum_start6,15.295,0.01
15300,0.835311770439148,1.0804308652877808,0.8918960690498352,0.7121135592460632,SGD_Momentum_start6,15.3,0.01
15305,0.5334131717681885,1.0965155363082886,0.8446645140647888,0.760311484336853,SGD_Momentum_start6,15.305,0.01
15310,0.4956565797328949,1.0804975032806396,0.8371583819389343,0.769683301448822,SGD_Momentum_start6,15.31,0.01
15315,0.931098997592926,1.0744744539260864,0.8694877028465271,0.746232807636261,SGD_Momentum_start6,15.315,0.01
15320,0.4095218181610107,1.087416648864746,0.8401529788970947,0.7777926325798035,SGD_Momentum_start6,15.32,0.01
15325,1.6476917266845703,1.087598443031311,0.8645419478416443,0.7743257284164429,SGD_Momentum_start6,15.325,0.01
15330,0.1015342026948928,1.102895736694336,0.7709982395172119,0.8115788102149963,SGD_Momentum_start6,15.33,0.01
15335,0.5066493153572083,1.0382908582687378,0.9240729212760924,0.6477296352386475,SGD_Momentum_start6,15.335,0.01
15340,0.676759660243988,0.9888715147972108,0.7133846879005432,0.6733359098434448,SGD_Momentum_start6,15.34,0.01
15345,2.7775566577911377,0.8432580232620239,0.7274378538131714,0.5188202261924744,SGD_Momentum_start6,15.345,0.01
15350,1.1546804904937744,0.7740181088447571,0.6052809953689575,0.5147810578346252,SGD_Momentum_start6,15.35,0.01
15355,1.8615785837173464,0.7630992531776428,0.6985693573951721,0.3691016733646393,SGD_Momentum_start6,15.355,0.01
15360,1.7367727756500244,0.6677293181419373,0.5765446424484253,0.4010302424430847,SGD_Momentum_start6,15.36,0.01
15365,0.1822265684604644,0.6532008647918701,0.5819634795188904,0.3602605164051056,SGD_Momentum_start6,15.365,0.01
15370,0.4429410099983215,0.6837905645370483,0.6317757964134216,0.3974678218364715,SGD_Momentum_start6,15.37,0.01
15375,0.1909626871347427,0.8198401927947998,0.7428779006004333,0.5115189552307129,SGD_Momentum_start6,15.375,0.01
15380,0.1097246408462524,0.931304395198822,0.7883073687553406,0.6066543459892273,SGD_Momentum_start6,15.38,0.01
15385,0.0352544896304607,0.9973654747009276,0.8625649213790894,0.6594642996788025,SGD_Momentum_start6,15.385,0.01
15390,0.0860189422965049,1.078168511390686,0.8666635751724243,0.7448163628578186,SGD_Momentum_start6,15.39,0.01
15395,3.69916033744812,1.1541961431503296,0.997400403022766,0.7261708378791809,SGD_Momentum_start6,15.395,0.01
15400,11.646535873413086,1.0822585821151731,0.7243439555168152,0.8691364526748657,SGD_Momentum_start6,15.4,0.01
15405,15.470959663391112,1.1445379257202148,1.0182325839996338,0.6258986592292786,SGD_Momentum_start6,15.405,0.01
15410,9.394498825073242,0.9506214261054992,0.6346405744552612,0.7398136854171753,SGD_Momentum_start6,15.41,0.01
15415,1.2869303226470947,0.9024437665939332,0.7852750420570374,0.5037001967430115,SGD_Momentum_start6,15.415,0.01
15420,2.0697996616363525,0.7811740636825562,0.6570618152618408,0.4905082881450653,SGD_Momentum_start6,15.42,0.01
15425,0.3272094130516052,0.7522650361061096,0.6068165898323059,0.4497878849506378,SGD_Momentum_start6,15.425,0.01
15430,0.2594990134239197,0.6972768306732178,0.6503199934959412,0.3447625041007995,SGD_Momentum_start6,15.43,0.01
15435,0.1913470327854156,0.6709689497947693,0.6057565212249756,0.3614500164985657,SGD_Momentum_start6,15.435,0.01
15440,1.1480282545089722,0.7471354007720947,0.7174432873725891,0.3745918869972229,SGD_Momentum_start6,15.44,0.01
15445,4.067599296569824,0.7515881061553955,0.5864225029945374,0.5422564744949341,SGD_Momentum_start6,15.445,0.01
15450,6.892269134521484,0.8561568260192871,0.813072681427002,0.3904024064540863,SGD_Momentum_start6,15.45,0.01
15455,4.708437442779541,0.744057834148407,0.5509074926376343,0.5397366881370544,SGD_Momentum_start6,15.455,0.01
15460,0.930441439151764,0.7444365620613098,0.6802151799201965,0.3725001215934753,SGD_Momentum_start6,15.46,0.01
15465,1.3813592195510864,0.6730079650878906,0.5924859642982483,0.3961166441440582,SGD_Momentum_start6,15.465,0.01
15470,0.2604893147945404,0.6726832985877991,0.5592638850212097,0.3895764350891113,SGD_Momentum_start6,15.47,0.01
15475,0.2339891195297241,0.6481970548629761,0.6136544942855835,0.3123019337654114,SGD_Momentum_start6,15.475,0.01
15480,0.1806108802556991,0.6417465806007385,0.5863540768623352,0.3466840982437134,SGD_Momentum_start6,15.48,0.01
15485,0.6118776202201843,0.7039698362350464,0.6369063854217529,0.425719141960144,SGD_Momentum_start6,15.485,0.01
15490,0.1428166329860687,0.7747581005096436,0.6642760634422302,0.4837183356285095,SGD_Momentum_start6,15.49,0.01
15495,0.9761408567428588,0.8534227609634399,0.6966148614883423,0.5985519886016846,SGD_Momentum_start6,15.495,0.01
15500,0.5615388751029968,0.9624541997909546,0.76169353723526,0.6457616090774536,SGD_Momentum_start6,15.5,0.01
15505,1.87300705909729,1.0091594457626345,0.8392122387886047,0.6350587606430054,SGD_Momentum_start6,15.505,0.01
15510,0.4187242388725281,1.0014373064041138,0.8511742353439331,0.6303073167800903,SGD_Momentum_start6,15.51,0.01
15515,1.6957497596740725,0.9622548222541808,0.8038577437400818,0.6432426571846008,SGD_Momentum_start6,15.515,0.01
15520,0.0463713556528091,1.0070244073867798,0.8431771397590637,0.6743825078010559,SGD_Momentum_start6,15.52,0.01
15525,0.0667804479598999,1.0605472326278689,0.8367834091186523,0.7375535368919373,SGD_Momentum_start6,15.525,0.01
15530,0.317891776561737,1.089097499847412,0.8751150369644165,0.7664529085159302,SGD_Momentum_start6,15.53,0.01
15535,0.7126535773277283,1.13236665725708,0.909011721611023,0.8053474426269531,SGD_Momentum_start6,15.535,0.01
15540,0.838317334651947,1.164957880973816,0.8712462186813354,0.8664470911026001,SGD_Momentum_start6,15.54,0.01
15545,5.231807231903076,1.2297016382217407,0.9349271059036256,0.8433822393417358,SGD_Momentum_start6,15.545,0.01
15550,8.683799743652344,1.1236438751220703,0.8560555577278137,0.8301740884780884,SGD_Momentum_start6,15.55,0.01
15555,7.923614978790283,1.135438084602356,0.8825176954269409,0.7146973609924316,SGD_Momentum_start6,15.555,0.01
15560,11.226201057434082,0.9357886910438538,0.6875775456428528,0.6837669014930725,SGD_Momentum_start6,15.56,0.01
15565,23.25068092346192,0.9715312719345092,0.9049221277236938,0.3931926786899566,SGD_Momentum_start6,15.565,0.01
15570,6.88188362121582,0.7014827132225037,0.4673025608062744,0.52608722448349,SGD_Momentum_start6,15.57,0.01
15575,0.5865849256515503,0.56675785779953,0.5629382729530334,0.2260217368602752,SGD_Momentum_start6,15.575,0.01
15580,3.1016042232513428,0.5277804136276245,0.4889206886291504,0.1475162506103515,SGD_Momentum_start6,15.58,0.01
15585,1.0285673141479492,0.3947772681713104,0.3666298389434814,0.1836376339197158,SGD_Momentum_start6,15.585,0.01
15590,0.8492045402526855,0.438431441783905,0.434251457452774,0.1505136936903,SGD_Momentum_start6,15.59,0.01
15595,0.3139199614524841,0.4672194719314575,0.4891155362129211,0.1837983727455139,SGD_Momentum_start6,15.595,0.01
15600,0.6832304000854492,0.5197511315345764,0.4606285095214844,0.3109799027442932,SGD_Momentum_start6,15.6,0.01
15605,0.5283603668212891,0.5990049242973328,0.5694117546081543,0.2821999788284302,SGD_Momentum_start6,15.605,0.01
15610,0.1754264086484909,0.640823245048523,0.6173132061958313,0.3475112020969391,SGD_Momentum_start6,15.61,0.01
15615,0.1475635170936584,0.7549177408218384,0.722901463508606,0.4261197745800018,SGD_Momentum_start6,15.615,0.01
15620,0.254098892211914,0.8258432745933533,0.7255073189735413,0.5177968144416809,SGD_Momentum_start6,15.62,0.01
15625,0.2514924108982086,0.9162192940711976,0.7735499143600464,0.5921136736869812,SGD_Momentum_start6,15.625,0.01
15630,0.7587489485740662,1.0035951137542725,0.8723270297050476,0.6290948987007141,SGD_Momentum_start6,15.63,0.01
15635,0.3731778264045715,1.013752579689026,0.8727630972862244,0.6649512052536011,SGD_Momentum_start6,15.635,0.01
15640,2.0810739994049072,1.00654137134552,0.7899865508079529,0.7143319249153137,SGD_Momentum_start6,15.64,0.01
15645,2.068859100341797,0.9944928884506226,0.7362780570983887,0.7303657531738281,SGD_Momentum_start6,15.645,0.01
15650,11.052042007446287,1.0587576627731323,0.9444448351860046,0.5739221572875977,SGD_Momentum_start6,15.65,0.01
15655,0.5971332788467407,0.9478203654289246,0.8007585406303406,0.6137552857398987,SGD_Momentum_start6,15.655,0.01
15660,0.2523292601108551,0.9469920992851256,0.7974207997322083,0.5926336646080017,SGD_Momentum_start6,15.66,0.01
15665,0.2220693826675415,0.9365075826644896,0.7502952814102173,0.6119673848152161,SGD_Momentum_start6,15.665,0.01
15670,0.428594022989273,0.9159811735153198,0.7441343665122986,0.6132022738456726,SGD_Momentum_start6,15.67,0.01
15675,0.6559672355651855,0.9175869226455688,0.7778345942497253,0.5983040928840637,SGD_Momentum_start6,15.675,0.01
15680,0.3320962190628052,0.960443675518036,0.7749202847480774,0.6614192128181458,SGD_Momentum_start6,15.68,0.01
15685,1.2153223752975464,0.9974596500396729,0.820189893245697,0.691094160079956,SGD_Momentum_start6,15.685,0.01
15690,0.1038946434855461,1.041933536529541,0.7465410828590393,0.7559847235679626,SGD_Momentum_start6,15.69,0.01
15695,0.3297527730464935,1.0042812824249268,0.9074585437774658,0.6149517893791199,SGD_Momentum_start6,15.695,0.01
15700,0.701124370098114,0.9693722724914552,0.7060834169387817,0.6556136608123779,SGD_Momentum_start6,15.7,0.01
15705,2.5522923469543457,0.8363980650901794,0.7260778546333313,0.5119137167930603,SGD_Momentum_start6,15.705,0.01
15710,1.1099846363067627,0.7696301341056824,0.6031811833381653,0.5102099776268005,SGD_Momentum_start6,15.71,0.01
15715,1.801127552986145,0.7586405873298645,0.6947802901268005,0.3664328455924988,SGD_Momentum_start6,15.715,0.01
15720,1.7753058671951294,0.6645175218582153,0.5734692215919495,0.3995218873023987,SGD_Momentum_start6,15.72,0.01
15725,0.1919657886028289,0.6507557034492493,0.5789706110954285,0.3595667481422424,SGD_Momentum_start6,15.725,0.01
15730,0.1668847054243087,0.7133172750473022,0.6472156047821045,0.4228394627571106,SGD_Momentum_start6,15.73,0.01
15735,1.0933802127838137,0.8422830700874329,0.7289584279060364,0.5699925422668457,SGD_Momentum_start6,15.735,0.01
15740,0.2221108675003051,0.9529892802238464,0.7662608623504639,0.6611279249191284,SGD_Momentum_start6,15.74,0.01
15745,1.223433494567871,1.0305198431015017,0.8026731610298157,0.6949161291122437,SGD_Momentum_start6,15.745,0.01
15750,2.1189329624176025,1.053454041481018,0.8626319169998169,0.6744365096092224,SGD_Momentum_start6,15.75,0.01
15755,0.2461759746074676,1.029027223587036,0.8602775931358337,0.6623586416244507,SGD_Momentum_start6,15.755,0.01
15760,2.410315990447998,0.9984164237976074,0.8199160695075989,0.6882337927818298,SGD_Momentum_start6,15.76,0.01
15765,3.60927677154541,1.0372862815856934,0.8044223189353943,0.6652932167053223,SGD_Momentum_start6,15.765,0.01
15770,0.0773448348045349,0.9700847268104552,0.7627210021018982,0.6497957706451416,SGD_Momentum_start6,15.77,0.01
15775,0.3648307621479034,0.9410409331321716,0.7618920803070068,0.6306422352790833,SGD_Momentum_start6,15.775,0.01
15780,0.3524428606033325,0.9327660799026488,0.7959877848625183,0.5991976261138916,SGD_Momentum_start6,15.78,0.01
15785,0.0850226730108261,0.9426814317703248,0.7850975394248962,0.6053270101547241,SGD_Momentum_start6,15.785,0.01
15790,0.0531114414334297,0.9601778388023376,0.7662445902824402,0.6585985422134399,SGD_Momentum_start6,15.79,0.01
15795,0.2407089620828628,1.0019325017929075,0.8093282580375671,0.6903128027915955,SGD_Momentum_start6,15.795,0.01
15800,0.1317687332630157,1.0315589904785156,0.8715860843658447,0.6847290992736816,SGD_Momentum_start6,15.8,0.01
15805,0.429295539855957,1.0604256391525269,0.8686414361000061,0.7003756761550903,SGD_Momentum_start6,15.805,0.01
15810,0.1307655274868011,1.0584501028060913,0.8108488917350769,0.7372742891311646,SGD_Momentum_start6,15.81,0.01
15815,1.1180765628814695,1.0384955406188965,0.8007048964500427,0.7457560896873474,SGD_Momentum_start6,15.815,0.01
15820,4.803756237030029,1.0951156616210938,0.8728821277618408,0.701239287853241,SGD_Momentum_start6,15.82,0.01
15825,3.8796002864837646,0.9962728023529052,0.8126805424690247,0.6841171979904175,SGD_Momentum_start6,15.825,0.01
15830,9.20850944519043,1.0235670804977417,0.8371297717094421,0.5849868655204773,SGD_Momentum_start6,15.83,0.01
15835,5.69364070892334,0.8383428454399109,0.6629078388214111,0.5695361495018005,SGD_Momentum_start6,15.835,0.01
15840,0.3436625003814697,0.7948462963104248,0.6356560587882996,0.4807790517807007,SGD_Momentum_start6,15.84,0.01
15845,0.8732696175575256,0.7381645441055298,0.6988174319267273,0.3469410538673401,SGD_Momentum_start6,15.845,0.01
15850,1.51216459274292,0.6524867415428162,0.5434457063674927,0.4052132070064544,SGD_Momentum_start6,15.85,0.01
15855,0.5118379592895508,0.6489468216896057,0.5728611350059509,0.3340172171592712,SGD_Momentum_start6,15.855,0.01
15860,0.4564905166625976,0.6520381569862366,0.5833908319473267,0.3948022425174713,SGD_Momentum_start6,15.86,0.01
15865,1.1595909595489502,0.7706651091575623,0.6713838577270508,0.4425078630447387,SGD_Momentum_start6,15.865,0.01
15870,2.0855417251586914,0.7946808934211731,0.7010396122932434,0.5053419470787048,SGD_Momentum_start6,15.87,0.01
15875,4.82280158996582,0.8784502148628235,0.7440640330314636,0.4837020337581634,SGD_Momentum_start6,15.875,0.01
15880,4.751061916351318,0.7692772150039673,0.627309262752533,0.5133771300315857,SGD_Momentum_start6,15.88,0.01
15885,0.2442002296447754,0.7614380717277527,0.6161405444145203,0.4624958336353302,SGD_Momentum_start6,15.885,0.01
15890,0.712821900844574,0.7328708171844482,0.6938906311988831,0.3514505624771118,SGD_Momentum_start6,15.89,0.01
15895,1.8747342824935915,0.6638129353523254,0.5472692847251892,0.4242112040519714,SGD_Momentum_start6,15.895,0.01
15900,0.3940911889076233,0.669090211391449,0.584129273891449,0.3599172532558441,SGD_Momentum_start6,15.9,0.01
15905,0.2577312588691711,0.6835627555847168,0.6251147985458374,0.3771746456623077,SGD_Momentum_start6,15.905,0.01
15910,0.7900515794754028,0.768055260181427,0.722265362739563,0.404388427734375,SGD_Momentum_start6,15.91,0.01
15915,0.0976744890213012,0.7961444854736328,0.7494259476661682,0.455366849899292,SGD_Momentum_start6,15.915,0.01
15920,0.6892343163490295,0.8398937582969666,0.7141071557998657,0.5463297367095947,SGD_Momentum_start6,15.92,0.01
15925,0.8271304368972778,0.8673097491264343,0.6869920492172241,0.5970395803451538,SGD_Momentum_start6,15.925,0.01
15930,0.0719038993120193,0.8890834450721741,0.7607560753822327,0.5611406564712524,SGD_Momentum_start6,15.93,0.01
15935,1.3231548070907593,0.9388877749443054,0.7861068248748779,0.5808212757110596,SGD_Momentum_start6,15.935,0.01
15940,0.0955377370119094,0.9249735474586488,0.8502049446105957,0.5485106110572815,SGD_Momentum_start6,15.94,0.01
15945,0.329833835363388,0.9030545949935912,0.6994524002075195,0.6155871152877808,SGD_Momentum_start6,15.945,0.01
15950,3.87680983543396,0.91812002658844,0.8134150505065918,0.4955225586891174,SGD_Momentum_start6,15.95,0.01
15955,3.557900905609131,0.8089304566383362,0.6526886224746704,0.5439109802246094,SGD_Momentum_start6,15.955,0.01
15960,0.4407918751239776,0.7897123098373413,0.6543480157852173,0.5009559392929077,SGD_Momentum_start6,15.96,0.01
15965,0.8550975322723389,0.8012142777442932,0.6715872883796692,0.4667895138263702,SGD_Momentum_start6,15.965,0.01
15970,1.519662380218506,0.824636697769165,0.7290142774581909,0.4650461077690124,SGD_Momentum_start6,15.97,0.01
15975,0.3323878049850464,0.8435388803482056,0.7507760524749756,0.4909193217754364,SGD_Momentum_start6,15.975,0.01
15980,1.2816632986068726,0.836353600025177,0.726416826248169,0.5311906337738037,SGD_Momentum_start6,15.98,0.01
15985,2.030369758605957,0.8962490558624268,0.7227492928504944,0.5494404435157776,SGD_Momentum_start6,15.985,0.01
15990,1.8445401191711424,0.8996304869651794,0.8234984874725342,0.502712607383728,SGD_Momentum_start6,15.99,0.01
15995,0.0722126513719558,0.9165034294128418,0.760419487953186,0.6013917922973633,SGD_Momentum_start6,15.995,0.01
16000,0.0453747771680355,0.9662525057792664,0.8245956301689148,0.6337664127349854,SGD_Momentum_start6,16.0,0.01
16005,0.1673438847064972,1.05218243598938,0.842100203037262,0.7295022010803223,SGD_Momentum_start6,16.005,0.01
16010,0.1622785627841949,1.108265995979309,0.8934538960456848,0.7806468605995178,SGD_Momentum_start6,16.01,0.01
16015,0.009555660188198,1.0315062999725342,0.8899407982826233,0.8422670960426331,SGD_Momentum_start6,16.015,0.01
16020,0.0697219967842102,1.2014436721801758,0.9518420100212096,0.8594777584075928,SGD_Momentum_start6,16.02,0.01
16025,0.3102545738220215,1.2386842966079712,0.9385020136833192,0.894827663898468,SGD_Momentum_start6,16.025,0.01
16030,0.0378983914852142,1.2416038513183594,0.971152365207672,0.892963707447052,SGD_Momentum_start6,16.03,0.01
16035,0.1501513123512268,1.255408525466919,0.937964141368866,0.9154787063598632,SGD_Momentum_start6,16.035,0.01
16040,0.2650710940361023,1.2423408031463623,0.9581625461578368,0.9031717777252196,SGD_Momentum_start6,16.04,0.01
16045,0.0033587838988751,1.2468947172164917,1.0303986072540283,0.865282416343689,SGD_Momentum_start6,16.045,0.01
16050,3.169605493545532,1.2140913009643557,0.8933989405632019,0.9163479804992676,SGD_Momentum_start6,16.05,0.01
16055,0.8107452988624573,1.197725534439087,0.9108395576477052,0.8754212260246277,SGD_Momentum_start6,16.055,0.01
16060,3.468305349349976,1.1639950275421145,0.8036421537399292,0.9036000370979308,SGD_Momentum_start6,16.06,0.01
16065,11.480423927307127,1.2014946937561035,1.0184568166732788,0.7220690846443176,SGD_Momentum_start6,16.065,0.01
16070,2.704298734664917,1.0531443357467651,0.8289580345153809,0.7377545833587646,SGD_Momentum_start6,16.07,0.01
16075,0.5341482758522034,1.0204604864120483,0.7481367588043213,0.6992113590240479,SGD_Momentum_start6,16.075,0.01
16080,0.0711026936769485,0.9317628145217896,0.800579309463501,0.5642471313476562,SGD_Momentum_start6,16.08,0.01
16085,0.1197302117943763,0.871066153049469,0.7872439622879028,0.5064236521720886,SGD_Momentum_start6,16.085,0.01
16090,0.2330963909626007,0.8336353302001953,0.720102846622467,0.5103827714920044,SGD_Momentum_start6,16.09,0.01
16095,0.1751459836959839,0.8580631017684937,0.7281493544578552,0.5336151719093323,SGD_Momentum_start6,16.095,0.01
16100,0.0946366414427757,0.9233799576759338,0.7927061915397644,0.6101218461990356,SGD_Momentum_start6,16.1,0.01
16105,0.0307897273451089,1.024398922920227,0.9031043648719788,0.6732738018035889,SGD_Momentum_start6,16.105,0.01
16110,2.792864322662353,1.076758623123169,0.8258707523345947,0.7984116673469543,SGD_Momentum_start6,16.11,0.01
16115,0.0314766690135002,1.1291614770889282,0.8598396182060242,0.8085864186286926,SGD_Momentum_start6,16.115,0.01
16120,0.1135221421718597,1.145415425300598,0.818801760673523,0.843214213848114,SGD_Momentum_start6,16.12,0.01
16125,4.218252658843994,1.1573513746261597,1.0135023593902588,0.7036170363426208,SGD_Momentum_start6,16.125,0.01
16130,3.2807648181915283,1.0491654872894287,0.7762941718101501,0.7693312764167786,SGD_Momentum_start6,16.13,0.01
16135,3.874835968017578,1.049771070480347,0.8431772589683533,0.6513431668281555,SGD_Momentum_start6,16.135,0.01
16140,2.4341726303100586,0.9204002618789672,0.775458037853241,0.5962340235710144,SGD_Momentum_start6,16.14,0.01
16145,0.9117558598518372,0.8879074454307556,0.7408134341239929,0.5771985650062561,SGD_Momentum_start6,16.145,0.01
16150,0.0947639644145965,0.8732156157493591,0.7169322967529297,0.5596376061439514,SGD_Momentum_start6,16.15,0.01
16155,0.0647360682487487,0.9001557230949402,0.7172890901565552,0.6122635006904602,SGD_Momentum_start6,16.155,0.01
16160,2.3116893768310547,0.9736189246177672,0.8302576541900635,0.5901665091514587,SGD_Momentum_start6,16.16,0.01
16165,1.7657092809677124,0.9853736162185668,0.8684935569763184,0.5844312906265259,SGD_Momentum_start6,16.165,0.01
16170,0.182532861828804,0.9553644061088562,0.8368334174156189,0.6001407504081726,SGD_Momentum_start6,16.17,0.01
16175,1.7364869117736816,0.9305729866027832,0.744671106338501,0.6401057839393616,SGD_Momentum_start6,16.175,0.01
16180,0.7182389497756958,0.9299232363700868,0.7533375024795532,0.6381502747535706,SGD_Momentum_start6,16.18,0.01
16185,0.4281559884548187,0.960715115070343,0.8163703680038452,0.6316581964492798,SGD_Momentum_start6,16.185,0.01
16190,0.1270687133073806,0.9937549233436584,0.8208030462265015,0.6507806777954102,SGD_Momentum_start6,16.19,0.01
16195,0.0400071367621421,1.002528429031372,0.776583194732666,0.6971220970153809,SGD_Momentum_start6,16.195,0.01
16200,0.0493622049689292,1.0343034267425537,0.7835133671760559,0.7380308508872986,SGD_Momentum_start6,16.2,0.01
16205,1.9535242319107056,1.0836708545684814,0.8823899626731873,0.7056260108947754,SGD_Momentum_start6,16.205,0.01
16210,0.8242102861404419,1.0727791786193848,0.9032179713249208,0.6856510043144226,SGD_Momentum_start6,16.21,0.01
16215,1.1358702182769775,1.0230443477630615,0.8535864353179932,0.6858831644058228,SGD_Momentum_start6,16.215,0.01
16220,3.677277088165283,1.00000262260437,0.7693142890930176,0.7281913757324219,SGD_Momentum_start6,16.22,0.01
16225,0.0422042198479175,1.0286238193511963,0.8087077140808105,0.7073045372962952,SGD_Momentum_start6,16.225,0.01
16230,0.329992800951004,1.044803261756897,0.781574010848999,0.7316781282424927,SGD_Momentum_start6,16.23,0.01
16235,4.993916988372803,1.0646191835403442,0.9657992720603944,0.6039016246795654,SGD_Momentum_start6,16.235,0.01
16240,1.5561550855636597,0.9717274308204652,0.7542083263397217,0.6794743537902832,SGD_Momentum_start6,16.24,0.01
16245,4.72042179107666,0.9921858906745912,0.8210442066192627,0.5853228569030762,SGD_Momentum_start6,16.245,0.01
16250,1.382269263267517,0.8787990808486938,0.7627299427986145,0.546964168548584,SGD_Momentum_start6,16.25,0.01
16255,0.4979686439037323,0.8381699919700623,0.7158253192901611,0.519916832447052,SGD_Momentum_start6,16.255,0.01
16260,0.0867509543895721,0.8256787061691284,0.6946176290512085,0.51680988073349,SGD_Momentum_start6,16.26,0.01
16265,0.1026856005191803,0.8506395220756531,0.7453765273094177,0.5276588201522827,SGD_Momentum_start6,16.265,0.01
16270,0.1861459910869598,0.912139654159546,0.7634262442588806,0.5895733833312988,SGD_Momentum_start6,16.27,0.01
16275,0.0543226115405559,0.9712014198303224,0.8244881629943848,0.6429532170295715,SGD_Momentum_start6,16.275,0.01
16280,0.1219530552625656,1.0412709712982178,0.8318881392478943,0.716364324092865,SGD_Momentum_start6,16.28,0.01
16285,0.1530588120222091,1.078104853630066,0.8754363059997559,0.748429536819458,SGD_Momentum_start6,16.285,0.01
16290,0.0167586579918861,1.1204196214675903,0.8632671236991882,0.8017739057540894,SGD_Momentum_start6,16.29,0.01
16295,2.1849308013916016,1.1433348655700684,0.8328209519386292,0.8727580308914185,SGD_Momentum_start6,16.295,0.01
16300,0.7669031620025635,1.1921250820159912,0.8704433441162109,0.8610663414001465,SGD_Momentum_start6,16.3,0.01
16305,2.395423173904419,1.189215064048767,0.934008777141571,0.8033980131149292,SGD_Momentum_start6,16.305,0.01
16310,0.2876154780387878,1.1414101123809814,0.925459086894989,0.764875590801239,SGD_Momentum_start6,16.31,0.01
16315,3.01392674446106,1.0747748613357544,0.8586939573287964,0.7566746473312378,SGD_Momentum_start6,16.315,0.01
16320,4.662390232086182,1.0882329940795898,0.8337150812149048,0.7023456692695618,SGD_Momentum_start6,16.32,0.01
16325,0.1427953392267227,1.0021512508392334,0.7827618718147278,0.6712665557861328,SGD_Momentum_start6,16.325,0.01
16330,0.2444520592689514,0.9574925899505616,0.774588406085968,0.6385177969932556,SGD_Momentum_start6,16.33,0.01
16335,0.2312860786914825,0.9390727877616882,0.803766667842865,0.5982794761657715,SGD_Momentum_start6,16.335,0.01
16340,0.148307055234909,0.9418915510177612,0.7878332734107971,0.5974391102790833,SGD_Momentum_start6,16.34,0.01
16345,0.0500398501753807,0.9362810254096984,0.7438929677009583,0.6414088606834412,SGD_Momentum_start6,16.345,0.01
16350,0.7523579001426697,1.0160504579544067,0.8558247089385986,0.6655852198600769,SGD_Momentum_start6,16.35,0.01
16355,0.0745800361037254,1.0752167701721191,0.8194621801376343,0.7686141133308411,SGD_Momentum_start6,16.355,0.01
16360,0.4897562861442566,1.1294645071029663,0.856756329536438,0.8043474555015564,SGD_Momentum_start6,16.36,0.01
16365,0.8854438066482544,1.1669105291366575,0.9293509125709534,0.8040260076522827,SGD_Momentum_start6,16.365,0.01
16370,4.779305934906006,1.2082600593566897,1.0310823917388916,0.7699219584465027,SGD_Momentum_start6,16.37,0.01
16375,13.793664932250977,1.1161566972732544,0.7275317311286926,0.9080246686935424,SGD_Momentum_start6,16.375,0.01
16380,13.315744400024414,1.1592899560928345,1.017104148864746,0.652617335319519,SGD_Momentum_start6,16.38,0.01
16385,11.609527587890623,0.9621961116790771,0.6252691149711609,0.7618685960769653,SGD_Momentum_start6,16.385,0.01
16390,6.38578987121582,0.936086356639862,0.9135267734527588,0.4204435348510742,SGD_Momentum_start6,16.39,0.01
16395,0.7687945365905762,0.7923182845115662,0.5926716327667236,0.4843147695064544,SGD_Momentum_start6,16.395,0.01
16400,6.575808048248291,0.5936737656593323,0.4607420563697815,0.3818675875663757,SGD_Momentum_start6,16.4,0.01
16405,5.042124271392822,0.5702906250953674,0.5697202682495117,0.1118227615952491,SGD_Momentum_start6,16.405,0.01
16410,0.7643086910247803,0.4130648076534271,0.3616714775562286,0.2140940874814987,SGD_Momentum_start6,16.41,0.01
16415,0.6501628160476685,0.4112264513969421,0.4359214305877685,0.1111322343349456,SGD_Momentum_start6,16.415,0.01
16420,0.587182879447937,0.4347938597202301,0.4169832170009613,0.2172293066978454,SGD_Momentum_start6,16.42,0.01
16425,0.6649885773658752,0.5190905332565308,0.494618147611618,0.2285957932472229,SGD_Momentum_start6,16.425,0.01
16430,0.5197716951370239,0.5546852946281433,0.5468916893005371,0.2712792456150055,SGD_Momentum_start6,16.43,0.01
16435,0.2730075418949127,0.6067723631858826,0.5754496455192566,0.3201962411403656,SGD_Momentum_start6,16.435,0.01
16440,0.5488836169242859,0.7067363858222961,0.6192469000816345,0.4565820097923279,SGD_Momentum_start6,16.44,0.01
16445,0.8371302485466003,0.8370265960693359,0.7031442523002625,0.5168659090995789,SGD_Momentum_start6,16.445,0.01
16450,0.1865656971931457,0.9107074737548828,0.738810122013092,0.6144602298736572,SGD_Momentum_start6,16.45,0.01
16455,4.479310512542725,1.0258314609527588,0.8816214799880981,0.6216588020324707,SGD_Momentum_start6,16.455,0.01
16460,10.277780532836914,0.98747056722641,0.7219518423080444,0.7597848773002625,SGD_Momentum_start6,16.46,0.01
16465,12.12118911743164,1.0756641626358032,0.9211198687553406,0.6033830046653748,SGD_Momentum_start6,16.465,0.01
16470,12.400794982910156,0.9046792984008788,0.6254695653915405,0.696204423904419,SGD_Momentum_start6,16.47,0.01
16475,16.900278091430664,0.950503408908844,0.9189042448997498,0.3877081274986267,SGD_Momentum_start6,16.475,0.01
16480,2.460317850112915,0.7398335933685303,0.512233316898346,0.5341567993164062,SGD_Momentum_start6,16.48,0.01
16485,3.747315406799317,0.593555212020874,0.5146276950836182,0.3320074081420898,SGD_Momentum_start6,16.485,0.01
16490,4.875206470489502,0.5787882208824158,0.5557939410209656,0.1435067355632782,SGD_Momentum_start6,16.49,0.01
16495,1.3850610256195068,0.4159480035305023,0.3605867028236389,0.2223723232746124,SGD_Momentum_start6,16.495,0.01
16500,1.3888561725616455,0.4161054790019989,0.431928277015686,0.0749074071645736,SGD_Momentum_start6,16.5,0.01
16505,0.6442912220954895,0.3713570237159729,0.3507488965988159,0.1770456284284591,SGD_Momentum_start6,16.505,0.01
16510,0.6669652462005615,0.4432989656925201,0.4519451558589935,0.1608147472143173,SGD_Momentum_start6,16.51,0.01
16515,0.230231836438179,0.5643671751022339,0.5496636629104614,0.3255323469638824,SGD_Momentum_start6,16.515,0.01
16520,0.1455553472042083,0.7866656184196472,0.6597098708152771,0.5279443860054016,SGD_Momentum_start6,16.52,0.01
16525,0.2667255103588104,0.9345376491546632,0.775977611541748,0.6196376085281372,SGD_Momentum_start6,16.525,0.01
16530,1.3112528324127195,1.0392506122589111,0.8915373682975769,0.6635836362838745,SGD_Momentum_start6,16.53,0.01
16535,2.5622222423553467,1.045682668685913,0.8481199741363525,0.739065408706665,SGD_Momentum_start6,16.535,0.01
16540,2.9491186141967773,1.0969438552856443,0.8252326846122742,0.7394651174545288,SGD_Momentum_start6,16.54,0.01
16545,3.120522975921631,1.0638017654418943,0.9402275681495668,0.6244512796401978,SGD_Momentum_start6,16.545,0.01
16550,5.0946245193481445,0.952684760093689,0.6947202086448669,0.7043498158454895,SGD_Momentum_start6,16.55,0.01
16555,0.3245487809181213,0.9325103163719176,0.7356383800506592,0.602196455001831,SGD_Momentum_start6,16.555,0.01
16560,2.7093472480773926,0.914111852645874,0.7926637530326843,0.5131967067718506,SGD_Momentum_start6,16.56,0.01
16565,0.1380301713943481,0.8578352332115173,0.7440169453620911,0.5316171050071716,SGD_Momentum_start6,16.565,0.01
16570,0.2053324282169342,0.8952897191047668,0.7529535889625549,0.5690352916717529,SGD_Momentum_start6,16.57,0.01
16575,0.0521372556686401,0.963092029094696,0.822108268737793,0.6380895972251892,SGD_Momentum_start6,16.575,0.01
16580,0.1218900382518768,1.0478384494781494,0.8366070985794067,0.7248230576515198,SGD_Momentum_start6,16.58,0.01
16585,0.1595952808856964,1.0929986238479614,0.8843106031417847,0.7640872001647949,SGD_Momentum_start6,16.585,0.01
16590,0.0143153332173824,1.139327049255371,0.8730987310409546,0.8206355571746826,SGD_Momentum_start6,16.59,0.01
16595,1.479847431182861,1.1644821166992188,0.8570075631141663,0.880513072013855,SGD_Momentum_start6,16.595,0.01
16600,2.513356208801269,1.2190600633621216,0.906445860862732,0.8595504760742188,SGD_Momentum_start6,16.6,0.01
16605,6.117861747741699,1.2219449281692505,0.9794088006019592,0.8015719056129456,SGD_Momentum_start6,16.605,0.01
16610,2.083690881729126,1.1770782470703125,0.9753279089927672,0.7655928730964661,SGD_Momentum_start6,16.61,0.01
16615,1.0411518812179563,1.1017874479293823,0.9029503464698792,0.7540428638458252,SGD_Momentum_start6,16.615,0.01
16620,4.788586139678955,1.0473320484161377,0.778914749622345,0.7753426432609558,SGD_Momentum_start6,16.62,0.01
16625,10.473681449890137,1.0889790058135986,0.909278690814972,0.6315644979476929,SGD_Momentum_start6,16.625,0.01
16630,0.0681506544351577,0.970901906490326,0.8006448745727539,0.62119060754776,SGD_Momentum_start6,16.63,0.01
16635,0.1643916070461273,0.9411370158195496,0.7499672174453735,0.6160043478012085,SGD_Momentum_start6,16.635,0.01
16640,0.3600195646286011,0.9097076058387756,0.7421914339065552,0.6024212837219238,SGD_Momentum_start6,16.64,0.01
16645,0.4632347226142883,0.9027959704399108,0.7726588249206543,0.5770894289016724,SGD_Momentum_start6,16.645,0.01
16650,0.0541864037513732,0.921754002571106,0.77409827709198,0.6023092269897461,SGD_Momentum_start6,16.65,0.01
16655,0.3437064886093139,0.9786547422409058,0.8290024399757385,0.6541443467140198,SGD_Momentum_start6,16.655,0.01
16660,0.032233715057373,1.030558466911316,0.9177571535110474,0.6564203500747681,SGD_Momentum_start6,16.66,0.01
16665,3.677322149276733,1.0217046737670898,0.7056291699409485,0.7921002507209778,SGD_Momentum_start6,16.665,0.01
16670,5.101156234741211,1.055993914604187,0.9738683700561525,0.5780563354492188,SGD_Momentum_start6,16.67,0.01
16675,2.3648221492767334,0.9271897077560424,0.6444393396377563,0.6876500248908997,SGD_Momentum_start6,16.675,0.01
16680,0.1196919456124305,0.8552531599998474,0.76506507396698,0.4765708148479461,SGD_Momentum_start6,16.68,0.01
16685,2.224409580230713,0.7555526494979858,0.6069921255111694,0.4956204891204834,SGD_Momentum_start6,16.685,0.01
16690,1.5162107944488523,0.7477980256080627,0.654508113861084,0.3846625089645386,SGD_Momentum_start6,16.69,0.01
16695,0.6605702042579651,0.6623237729072571,0.6174860596656799,0.3486222922801971,SGD_Momentum_start6,16.695,0.01
16700,0.2332113981246948,0.6444281935691833,0.597434937953949,0.3400506973266601,SGD_Momentum_start6,16.7,0.01
16705,0.6229315996170044,0.7471194863319397,0.7028431296348572,0.4093290567398071,SGD_Momentum_start6,16.705,0.01
16710,0.9099137783050536,0.8150153756141663,0.7254443168640137,0.5150426030158997,SGD_Momentum_start6,16.71,0.01
16715,1.0259960889816284,0.9204583764076232,0.8147245049476624,0.5550583004951477,SGD_Momentum_start6,16.715,0.01
16720,2.254516363143921,0.9354566931724548,0.7788665294647217,0.6396905779838562,SGD_Momentum_start6,16.72,0.01
16725,1.42653226852417,0.9872884154319764,0.7582865953445435,0.6522384881973267,SGD_Momentum_start6,16.725,0.01
16730,1.47250235080719,0.9631544947624208,0.8609916567802429,0.5509732365608215,SGD_Momentum_start6,16.73,0.01
16735,5.134706974029541,0.871662437915802,0.6448104381561279,0.6374216079711914,SGD_Momentum_start6,16.735,0.01
16740,10.791117668151855,0.926257848739624,0.8735587000846863,0.420535534620285,SGD_Momentum_start6,16.74,0.01
16745,3.46752667427063,0.7669287323951721,0.5754388570785522,0.5382753014564514,SGD_Momentum_start6,16.745,0.01
16750,1.7744004726409912,0.7498228549957275,0.692939043045044,0.3514585793018341,SGD_Momentum_start6,16.75,0.01
16755,0.7272462844848633,0.6537603735923767,0.5897118449211121,0.3597424626350403,SGD_Momentum_start6,16.755,0.01
16760,0.5068676471710205,0.6526097059249878,0.5540668964385986,0.3550461828708648,SGD_Momentum_start6,16.76,0.01
16765,0.3813841640949249,0.6269122958183289,0.6028683185577393,0.2829032242298126,SGD_Momentum_start6,16.765,0.01
16770,0.1919951736927032,0.6373626589775085,0.5868124961853027,0.349511981010437,SGD_Momentum_start6,16.77,0.01
16775,0.365352064371109,0.7583684921264648,0.7027189135551453,0.4718906283378601,SGD_Momentum_start6,16.775,0.01
16780,0.2029613703489303,0.917832851409912,0.7916215658187866,0.5910989046096802,SGD_Momentum_start6,16.78,0.01
16785,0.1991305947303772,1.0077775716781616,0.796392023563385,0.6951906085014343,SGD_Momentum_start6,16.785,0.01
16790,0.5880306363105774,1.0413973331451416,0.8178731203079224,0.7414502501487732,SGD_Momentum_start6,16.79,0.01
16795,0.8971304297447205,1.066460132598877,0.8685017824172974,0.7420381307601929,SGD_Momentum_start6,16.795,0.01
16800,0.1887693405151367,1.1293292045593262,0.8445748090744019,0.8198862075805664,SGD_Momentum_start6,16.8,0.01
16805,5.860188484191895,1.1979204416275024,0.975050687789917,0.7808597087860107,SGD_Momentum_start6,16.805,0.01
16810,0.138636976480484,1.1533429622650146,0.9208731651306152,0.8091509938240051,SGD_Momentum_start6,16.81,0.01
16815,0.1759328991174698,1.157731533050537,0.9271068572998048,0.8168219923973083,SGD_Momentum_start6,16.815,0.01
16820,2.095776557922364,1.1630258560180664,0.8429334163665771,0.8849992752075195,SGD_Momentum_start6,16.82,0.01
16825,1.1286497116088867,1.19505512714386,0.8770042657852173,0.8535802960395813,SGD_Momentum_start6,16.825,0.01
16830,3.1527819633483887,1.1821906566619873,0.9372068643569946,0.7854290008544922,SGD_Momentum_start6,16.83,0.01
16835,0.6060193777084351,1.1283878087997437,0.9259642958641052,0.7416557669639587,SGD_Momentum_start6,16.835,0.01
16840,2.16384506225586,1.0536088943481443,0.8545153141021729,0.726507306098938,SGD_Momentum_start6,16.84,0.01
16845,1.8543291091918943,1.0819597244262695,0.9150056838989258,0.6848684549331665,SGD_Momentum_start6,16.845,0.01
16850,2.4731605052948,1.0296876430511477,0.8328253030776978,0.7166445255279541,SGD_Momentum_start6,16.85,0.01
16855,2.556743860244751,1.04854416847229,0.7969063520431519,0.6901853084564209,SGD_Momentum_start6,16.855,0.01
16860,2.380086898803711,0.9968706369400024,0.8909206390380859,0.5654100775718689,SGD_Momentum_start6,16.86,0.01
16865,4.32170295715332,0.8842701315879822,0.6588296890258789,0.6376355886459351,SGD_Momentum_start6,16.865,0.01
16870,0.2326725423336029,0.8628385066986084,0.6942165493965149,0.5421360731124878,SGD_Momentum_start6,16.87,0.01
16875,2.0333638191223145,0.8504584431648254,0.7482684850692749,0.462396889925003,SGD_Momentum_start6,16.875,0.01
16880,0.1123488247394561,0.8212459087371826,0.6942657828330994,0.522196888923645,SGD_Momentum_start6,16.88,0.01
16885,0.068235695362091,0.8811098337173462,0.688880980014801,0.6093287467956543,SGD_Momentum_start6,16.885,0.01
16890,2.050801515579224,0.9564292430877686,0.8758611083030701,0.5392293334007263,SGD_Momentum_start6,16.89,0.01
16895,2.820024251937866,0.9047605991363524,0.6988717317581177,0.6430904269218445,SGD_Momentum_start6,16.895,0.01
16900,1.93733549118042,0.9314774870872498,0.7662367820739746,0.5629386901855469,SGD_Momentum_start6,16.9,0.01
16905,2.4243757724761963,0.8426390290260315,0.722149670124054,0.5348820090293884,SGD_Momentum_start6,16.905,0.01
16910,6.401492118835449,0.8723572492599487,0.7461689114570618,0.4486567080020904,SGD_Momentum_start6,16.91,0.01
16915,2.9534387588500977,0.7185070514678955,0.6057538986206055,0.4469592571258545,SGD_Momentum_start6,16.915,0.01
16920,0.5522270202636719,0.6946242451667786,0.5834662914276123,0.3810972571372986,SGD_Momentum_start6,16.92,0.01
16925,1.0545706748962402,0.6614701747894287,0.6470701694488525,0.2791654765605926,SGD_Momentum_start6,16.925,0.01
16930,1.0802056789398191,0.6044468283653259,0.5204643607139587,0.3600598275661468,SGD_Momentum_start6,16.93,0.01
16935,0.5533086657524109,0.6217624545097351,0.5570623278617859,0.3115091621875763,SGD_Momentum_start6,16.935,0.01
16940,0.2170821577310562,0.6750132441520691,0.6191343069076538,0.3805002570152282,SGD_Momentum_start6,16.94,0.01
16945,0.5165252089500427,0.8433542251586914,0.7290754914283752,0.5318747162818909,SGD_Momentum_start6,16.945,0.01
16950,0.4784623384475708,0.983542799949646,0.7955770492553711,0.7046512961387634,SGD_Momentum_start6,16.95,0.01
16955,1.4203109741210938,1.0968055725097656,0.8859008550643921,0.7955770492553711,SGD_Momentum_start6,16.955,0.01
16960,0.2189845293760299,1.1858665943145752,0.8178397417068481,0.8981712460517883,SGD_Momentum_start6,16.96,0.01
16965,0.1650380194187164,1.16586434841156,1.0266300439834597,0.7586620450019836,SGD_Momentum_start6,16.965,0.01
16970,1.716562032699585,1.1342341899871826,0.7921267747879028,0.8018769025802612,SGD_Momentum_start6,16.97,0.01
16975,3.109705686569214,0.9807752370834352,0.8254737257957458,0.6378007531166077,SGD_Momentum_start6,16.975,0.01
16980,1.1383249759674072,0.8918821215629578,0.6723139882087708,0.6147965788841248,SGD_Momentum_start6,16.98,0.01
16985,3.122493028640747,0.8635109066963196,0.7737785577774048,0.4414964020252228,SGD_Momentum_start6,16.985,0.01
16990,1.9838870763778689,0.7375187873840332,0.6217913031578064,0.4584525823593139,SGD_Momentum_start6,16.99,0.01
16995,0.1418286561965942,0.7061583995819092,0.6196334958076477,0.4020206034183502,SGD_Momentum_start6,16.995,0.01
17000,0.626376211643219,0.7081417441368103,0.633712649345398,0.42074054479599,SGD_Momentum_start6,17.0,0.01
17005,0.1236775740981102,0.7437370419502258,0.6475914120674133,0.447637528181076,SGD_Momentum_start6,17.005,0.01
17010,0.0958469212055206,0.7594812512397766,0.7227575182914734,0.4914935529232025,SGD_Momentum_start6,17.01,0.01
17015,0.0772602409124374,0.9240336418151855,0.7673320174217224,0.6207786202430725,SGD_Momentum_start6,17.015,0.01
17020,0.248694360256195,1.0150775909423828,0.8407553434371948,0.7030434608459473,SGD_Momentum_start6,17.02,0.01
17025,0.1421090513467788,1.134818196296692,0.8941125273704529,0.8112208247184753,SGD_Momentum_start6,17.025,0.01
17030,3.6903059482574463,1.1859489679336548,0.8949500918388367,0.9019317030906676,SGD_Momentum_start6,17.03,0.01
17035,1.1783761978149414,1.2239999771118164,0.8795549869537354,0.9331030249595642,SGD_Momentum_start6,17.035,0.01
17040,0.71199631690979,1.243116855621338,0.8865657448768616,0.9128767251968384,SGD_Momentum_start6,17.04,0.01
17045,1.278152585029602,1.21730375289917,0.9314604997634888,0.8470003604888916,SGD_Momentum_start6,17.045,0.01
17050,0.0209006294608116,1.1566870212554932,1.0122902393341064,0.7475830316543579,SGD_Momentum_start6,17.05,0.01
17055,0.0173970554023981,1.0992199182510376,0.7297465801239014,0.8287134766578674,SGD_Momentum_start6,17.055,0.01
17060,11.504084587097168,0.9587844014167786,0.7325745820999146,0.6839959025382996,SGD_Momentum_start6,17.06,0.01
17065,8.094900131225586,0.93947434425354,0.7964401245117188,0.487116664648056,SGD_Momentum_start6,17.065,0.01
17070,1.0495412349700928,0.750021755695343,0.6626299619674683,0.4279480278491974,SGD_Momentum_start6,17.07,0.01
17075,0.8836236000061035,0.693300724029541,0.6029469966888428,0.4102977812290191,SGD_Momentum_start6,17.075,0.01
17080,0.4352502822875976,0.6752955317497253,0.5757915377616882,0.4056987166404724,SGD_Momentum_start6,17.08,0.01
17085,0.1862013936042785,0.6826552748680115,0.5784266591072083,0.4003930985927582,SGD_Momentum_start6,17.085,0.01
17090,0.2526411712169647,0.6953122615814209,0.6172082424163818,0.3861452043056488,SGD_Momentum_start6,17.09,0.01
17095,0.6718732118606567,0.7630437016487122,0.7085163593292236,0.416330873966217,SGD_Momentum_start6,17.095,0.01
17100,1.151629090309143,0.7969721555709839,0.7030383348464966,0.5023144483566284,SGD_Momentum_start6,17.1,0.01
17105,1.3347513675689695,0.8686628937721252,0.7001675963401794,0.5388343334197998,SGD_Momentum_start6,17.105,0.01
17110,1.5764621496200562,0.8716661334037781,0.8052111268043518,0.4647724032402038,SGD_Momentum_start6,17.11,0.01
17115,3.5061967372894287,0.8029720187187195,0.6195088624954224,0.5654675960540771,SGD_Momentum_start6,17.115,0.01
17120,0.2022858560085296,0.8097112774848938,0.6648569107055664,0.5002202987670898,SGD_Momentum_start6,17.12,0.01
17125,1.729715347290039,0.8203215599060059,0.7280210256576538,0.4423637390136719,SGD_Momentum_start6,17.125,0.01
17130,1.1135421991348269,0.8159305453300476,0.7520002126693726,0.4381681680679321,SGD_Momentum_start6,17.13,0.01
17135,0.2393582165241241,0.8083143830299377,0.7352119088172913,0.4736939370632171,SGD_Momentum_start6,17.135,0.01
17140,1.5454668998718262,0.8056153655052185,0.6682261824607849,0.5314472317695618,SGD_Momentum_start6,17.14,0.01
17145,0.0848454162478447,0.8341084122657776,0.6991241574287415,0.5323461890220642,SGD_Momentum_start6,17.145,0.01
17150,0.1448451876640319,0.8804821968078613,0.6931046843528748,0.5890422463417053,SGD_Momentum_start6,17.15,0.01
17155,2.759251832962036,0.9260047674179076,0.8620761632919312,0.4945155382156372,SGD_Momentum_start6,17.155,0.01
17160,1.5584791898727417,0.8609643578529358,0.6877997517585754,0.5840796232223511,SGD_Momentum_start6,17.16,0.01
17165,2.668066024780273,0.8872134685516357,0.7490421533584595,0.5059865117073059,SGD_Momentum_start6,17.165,0.01
17170,1.415188193321228,0.7964025139808655,0.7031008005142212,0.4799185693264007,SGD_Momentum_start6,17.17,0.01
17175,0.6138197779655457,0.7746902704238892,0.6719955205917358,0.4713946580886841,SGD_Momentum_start6,17.175,0.01
17180,0.1322626024484634,0.770858645439148,0.6547542214393616,0.4694697558879852,SGD_Momentum_start6,17.18,0.01
17185,0.4077420830726623,0.824015736579895,0.6772247552871704,0.5218638777732849,SGD_Momentum_start6,17.185,0.01
17190,0.3951286077499389,0.8638727068901062,0.7294633388519287,0.5332254767417908,SGD_Momentum_start6,17.19,0.01
17195,0.824668288230896,0.9430169463157654,0.8245018720626831,0.5807313919067383,SGD_Momentum_start6,17.195,0.01
17200,2.7352728843688965,0.9551451206207277,0.7857874631881714,0.6626648902893066,SGD_Momentum_start6,17.2,0.01
17205,1.29449200630188,1.0039572715759275,0.7643650770187378,0.6711512804031372,SGD_Momentum_start6,17.205,0.01
17210,1.3779972791671753,0.9768336415290833,0.8682157397270203,0.565420925617218,SGD_Momentum_start6,17.21,0.01
17215,5.489169120788574,0.8829346299171448,0.6485655307769775,0.6497494578361511,SGD_Momentum_start6,17.215,0.01
17220,10.99821662902832,0.9335084557533264,0.8785520195960999,0.425066202878952,SGD_Momentum_start6,17.22,0.01
17225,3.3728935718536377,0.7677288055419922,0.5764783024787903,0.5367463827133179,SGD_Momentum_start6,17.225,0.01
17230,1.848053812980652,0.747229814529419,0.6917459964752197,0.3467707633972168,SGD_Momentum_start6,17.23,0.01
17235,0.6603600382804871,0.649163007736206,0.5879299640655518,0.3533198833465576,SGD_Momentum_start6,17.235,0.01
17240,0.5252792835235596,0.652271568775177,0.5547884702682495,0.3546895980834961,SGD_Momentum_start6,17.24,0.01
17245,0.3889774084091186,0.6303869485855103,0.606148362159729,0.2857601940631866,SGD_Momentum_start6,17.245,0.01
17250,0.1915304809808731,0.6416007280349731,0.5898290276527405,0.3521645963191986,SGD_Momentum_start6,17.25,0.01
17255,0.5804221630096436,0.7525494694709778,0.6854601502418518,0.4760937392711639,SGD_Momentum_start6,17.255,0.01
17260,0.0713438242673873,0.8901423215866089,0.6803213953971863,0.6327744722366333,SGD_Momentum_start6,17.26,0.01
17265,0.0830798223614692,0.9501497745513916,0.8898231983184814,0.5642793774604797,SGD_Momentum_start6,17.265,0.01
17270,0.8624255657196045,0.9656260013580322,0.7117525339126587,0.6553549766540527,SGD_Momentum_start6,17.27,0.01
17275,2.14773941040039,0.8696897029876709,0.7601721882820129,0.5384301543235779,SGD_Momentum_start6,17.275,0.01
17280,0.9960829019546508,0.8142433166503906,0.6325875520706177,0.5476234555244446,SGD_Momentum_start6,17.28,0.01
17285,2.3638973236083984,0.8078964352607727,0.7329955697059631,0.4031659066677093,SGD_Momentum_start6,17.285,0.01
17290,2.012162685394287,0.7055754065513611,0.5997322797775269,0.4361336827278137,SGD_Momentum_start6,17.29,0.01
17295,0.1798126399517059,0.6868369579315186,0.6019496321678162,0.3903928995132446,SGD_Momentum_start6,17.295,0.01
17300,0.1293036341667175,0.7301957011222839,0.6755658388137817,0.4315114319324493,SGD_Momentum_start6,17.3,0.01
17305,0.1138671338558197,0.8573048114776611,0.7313216924667358,0.5553257465362549,SGD_Momentum_start6,17.305,0.01
17310,0.1244124844670295,0.951805830001831,0.8089367747306824,0.6352100372314453,SGD_Momentum_start6,17.31,0.01
17315,0.0511352866888046,1.037934184074402,0.8267315626144409,0.7220907211303711,SGD_Momentum_start6,17.315,0.01
17320,0.2556616961956024,1.0885318517684937,0.8788452744483948,0.7652836441993713,SGD_Momentum_start6,17.32,0.01
17325,0.0347394347190856,1.1557118892669678,0.8900172710418701,0.8339117169380188,SGD_Momentum_start6,17.325,0.01
17330,0.1142397224903106,1.1953704357147217,0.94467955827713,0.8572821021080017,SGD_Momentum_start6,17.33,0.01
17335,0.1204926520586013,1.231324315071106,0.9271840453147888,0.8956441879272461,SGD_Momentum_start6,17.335,0.01
17340,0.2138164192438125,1.232738018035889,0.9563069343566896,0.8937315940856934,SGD_Momentum_start6,17.34,0.01
17345,0.0067295068874955,1.2448900938034058,0.9224296808242798,0.917413294315338,SGD_Momentum_start6,17.345,0.01
17350,0.3541740775108337,1.2411922216415403,0.9239938259124756,0.9213553071022034,SGD_Momentum_start6,17.35,0.01
17355,1.5384085178375244,1.225996017456055,0.9467498064041138,0.8974109292030334,SGD_Momentum_start6,17.355,0.01
17360,2.629827976226806,1.2062559127807615,0.8338441252708435,0.9360711574554444,SGD_Momentum_start6,17.36,0.01
17365,15.198933601379396,1.252507209777832,1.0584113597869873,0.7580370903015137,SGD_Momentum_start6,17.365,0.01
17370,2.515047788619995,1.0978955030441284,0.8589041829109192,0.776214063167572,SGD_Momentum_start6,17.37,0.01
17375,0.7769935131072998,1.0656476020812988,0.7733651399612427,0.7377017140388489,SGD_Momentum_start6,17.375,0.01
17380,0.0865348428487777,0.9723564982414246,0.8277470469474792,0.5979173183441162,SGD_Momentum_start6,17.38,0.01
17385,0.1017924845218658,0.9035866260528564,0.8100481033325195,0.5337114930152893,SGD_Momentum_start6,17.385,0.01
17390,0.2220145165920257,0.8608636856079102,0.7379498481750488,0.5343026518821716,SGD_Momentum_start6,17.39,0.01
17395,0.1731722503900528,0.8776071667671204,0.7388925552368164,0.5503345727920532,SGD_Momentum_start6,17.395,0.01
17400,0.0568717010319232,0.9297598600387572,0.8028246760368347,0.6074197888374329,SGD_Momentum_start6,17.4,0.01
17405,0.1159602925181388,1.0211827754974363,0.8223243951797485,0.7009950876235962,SGD_Momentum_start6,17.405,0.01
17410,0.1645724028348922,1.073211669921875,0.8733590245246887,0.7465822696685791,SGD_Momentum_start6,17.41,0.01
17415,0.0147454347461462,1.1257275342941284,0.8668506741523743,0.8096613883972168,SGD_Momentum_start6,17.415,0.01
17420,0.3685176372528076,1.1670515537261963,0.8885914087295532,0.8577423095703125,SGD_Momentum_start6,17.42,0.01
17425,1.569952130317688,1.1848489046096802,0.9249814748764038,0.8641371726989746,SGD_Momentum_start6,17.425,0.01
17430,0.3511015474796295,1.2068068981170654,0.8244593143463135,0.9046591520309448,SGD_Momentum_start6,17.43,0.01
17435,0.3031787872314453,1.1365525722503662,0.9977239966392516,0.7307039499282837,SGD_Momentum_start6,17.435,0.01
17440,1.3783984184265137,1.0823936462402344,0.764676034450531,0.7508912086486816,SGD_Momentum_start6,17.44,0.01
17445,2.9273228645324707,0.9190804362297058,0.7815389633178711,0.5819475054740906,SGD_Momentum_start6,17.445,0.01
17450,1.0728163719177246,0.8294810652732849,0.6372724771499634,0.5577210187911987,SGD_Momentum_start6,17.45,0.01
17455,2.4018568992614746,0.8014011383056641,0.7278929948806763,0.3926569819450378,SGD_Momentum_start6,17.455,0.01
17460,1.693800687789917,0.6873089075088501,0.5901846885681152,0.4136542379856109,SGD_Momentum_start6,17.46,0.01
17465,0.1650293916463852,0.66280198097229,0.5911798477172852,0.366306722164154,SGD_Momentum_start6,17.465,0.01
17470,0.5672110915184021,0.6808237433433533,0.6187041997909546,0.3980726897716522,SGD_Momentum_start6,17.47,0.01
17475,0.1257079541683197,0.7327917218208313,0.6451495289802551,0.4422061443328857,SGD_Momentum_start6,17.475,0.01
17480,0.090777076780796,0.8107764720916748,0.7346373796463013,0.5022199749946594,SGD_Momentum_start6,17.48,0.01
17485,0.1748737692832946,0.9643064737319946,0.8016062378883362,0.6552563309669495,SGD_Momentum_start6,17.485,0.01
17490,0.0651262402534484,1.0764392614364624,0.8870139718055725,0.7513468265533447,SGD_Momentum_start6,17.49,0.01
17495,0.1012445911765098,1.163895606994629,0.8962717056274414,0.838365912437439,SGD_Momentum_start6,17.495,0.01
17500,0.2352208495140075,1.2006927728652954,0.9406915903091432,0.8689244389533997,SGD_Momentum_start6,17.5,0.01
17505,0.0033358512446284,0.8155316710472107,0.9378804564476012,0.9056347012519836,SGD_Momentum_start6,17.505,0.01
17510,2.0750460624694824,1.2384487390518188,0.9438692927360536,0.9222952127456664,SGD_Momentum_start6,17.51,0.01
17515,0.0109539432451128,1.2477083206176758,0.8219414949417114,0.9655463695526124,SGD_Momentum_start6,17.515,0.01
17520,1.661675214767456,1.1666483879089355,0.9886348247528076,0.7830908894538879,SGD_Momentum_start6,17.52,0.01
17525,0.2569929361343384,1.1009801626205444,0.7506838440895081,0.7975024580955505,SGD_Momentum_start6,17.525,0.01
17530,5.264240264892578,0.9344682097434998,0.7676429748535156,0.6161742210388184,SGD_Momentum_start6,17.53,0.01
17535,18.26571655273437,0.9422132968902588,0.835085928440094,0.4108066856861114,SGD_Momentum_start6,17.535,0.01
17540,9.549572944641112,0.6668576598167419,0.4447641670703888,0.4980090260505676,SGD_Momentum_start6,17.54,0.01
17545,1.0720181465148926,0.5720599293708801,0.589555025100708,0.1594146937131881,SGD_Momentum_start6,17.545,0.01
17550,1.196202516555786,0.4807198643684387,0.422891616821289,0.1789125055074691,SGD_Momentum_start6,17.55,0.01
17555,0.8419498205184937,0.4092293977737427,0.3987919688224792,0.1774032711982727,SGD_Momentum_start6,17.555,0.01
17560,0.789712131023407,0.4384492635726928,0.4188877940177917,0.1582463979721069,SGD_Momentum_start6,17.56,0.01
17565,1.0371568202972412,0.4261047542095184,0.4107985198497772,0.2048646062612533,SGD_Momentum_start6,17.565,0.01
17570,0.4248628318309784,0.4688017964363098,0.4355360567569732,0.2133915424346923,SGD_Momentum_start6,17.57,0.01
17575,0.3558810353279114,0.5230897068977356,0.5203511714935303,0.2463736981153488,SGD_Momentum_start6,17.575,0.01
17580,0.1843702942132949,0.6467182040214539,0.5838176012039185,0.3825473189353943,SGD_Momentum_start6,17.58,0.01
17585,0.3986615538597107,0.7576392889022827,0.6621087789535522,0.4871628284454345,SGD_Momentum_start6,17.585,0.01
17590,0.4086842834949493,0.8575102090835571,0.7559828162193298,0.5485647320747375,SGD_Momentum_start6,17.59,0.01
17595,0.0806740820407867,0.9435406923294068,0.7924590110778809,0.6169611215591431,SGD_Momentum_start6,17.595,0.01
17600,0.0343632884323596,0.1937408149242401,0.8221107125282288,0.6829559803009033,SGD_Momentum_start6,17.6,0.01
17605,0.4134027063846588,1.0704293251037598,0.8844132423400879,0.7430684566497803,SGD_Momentum_start6,17.605,0.01
17610,0.0146905053406953,1.1242934465408323,0.9798859357833862,0.7434961795806885,SGD_Momentum_start6,17.61,0.01
17615,4.449552536010742,1.111100196838379,0.7438392639160156,0.8804939389228821,SGD_Momentum_start6,17.615,0.01
17620,6.833571910858154,1.1431798934936523,1.037912130355835,0.6509358286857605,SGD_Momentum_start6,17.62,0.01
17625,2.6633169651031494,0.9996294379234314,0.6774823665618896,0.7555838823318481,SGD_Momentum_start6,17.625,0.01
17630,0.1438476294279098,0.9174991846084596,0.8088502883911133,0.5271736979484558,SGD_Momentum_start6,17.63,0.01
17635,2.428322553634644,0.8019703030586243,0.6340053081512451,0.5353690385818481,SGD_Momentum_start6,17.635,0.01
17640,1.8945130109786987,0.786234974861145,0.6818332076072693,0.4115084111690521,SGD_Momentum_start6,17.64,0.01
17645,0.6387593746185303,0.6874514222145081,0.636860728263855,0.3666828870773315,SGD_Momentum_start6,17.645,0.01
17650,0.2055271416902542,0.6624910831451416,0.612240731716156,0.3528870940208435,SGD_Momentum_start6,17.65,0.01
17655,0.1588825136423111,0.6991234421730042,0.677534818649292,0.3673090040683746,SGD_Momentum_start6,17.655,0.01
17660,1.721208095550537,0.7390784621238708,0.590722382068634,0.5297426581382751,SGD_Momentum_start6,17.66,0.01
17665,0.8796566128730774,0.8533044457435608,0.7505170702934265,0.4993793964385986,SGD_Momentum_start6,17.665,0.01
17670,0.0786703005433082,0.8738334774971008,0.7705187201499939,0.5432848334312439,SGD_Momentum_start6,17.67,0.01
17675,0.1416732221841812,0.9175648093223572,0.8276134729385376,0.5636577010154724,SGD_Momentum_start6,17.675,0.01
17680,0.2969261407852173,0.9329053163528442,0.7858003377914429,0.609666645526886,SGD_Momentum_start6,17.68,0.01
17685,0.2170979976654052,0.9761362075805664,0.8011121153831482,0.6421349048614502,SGD_Momentum_start6,17.685,0.01
17690,0.2250624746084213,1.047649621963501,0.8658530116081238,0.703985869884491,SGD_Momentum_start6,17.69,0.01
17695,0.4030152857303619,1.0999300479888916,0.847579300403595,0.7706044912338257,SGD_Momentum_start6,17.695,0.01
17700,0.3782657086849212,1.103904128074646,0.8561123609542847,0.789912760257721,SGD_Momentum_start6,17.7,0.01
17705,0.5953883528709412,1.1078284978866575,0.8983482718467712,0.7704166173934937,SGD_Momentum_start6,17.705,0.01
17710,0.0238596946001052,1.1170427799224854,0.8797742128372192,0.776592493057251,SGD_Momentum_start6,17.71,0.01
17715,0.5434595346450806,1.1157171726226809,0.90084046125412,0.7801129817962646,SGD_Momentum_start6,17.715,0.01
17720,0.0769140049815177,1.126492261886597,0.9684270024299622,0.745625913143158,SGD_Momentum_start6,17.72,0.01
17725,4.846104145050049,1.081915020942688,0.7220229506492615,0.8528444170951843,SGD_Momentum_start6,17.725,0.01
17730,4.550470352172852,1.086870789527893,0.9877507090568542,0.6104434132575989,SGD_Momentum_start6,17.73,0.01
17735,2.771054983139038,0.942460596561432,0.6461539268493652,0.7041515111923218,SGD_Momentum_start6,17.735,0.01
17740,0.0868294313549995,0.8565454483032227,0.7628280520439148,0.4815772175788879,SGD_Momentum_start6,17.74,0.01
17745,2.331614255905152,0.7567631006240845,0.6066831946372986,0.4980153739452362,SGD_Momentum_start6,17.745,0.01
17750,1.5272276401519775,0.7489923238754272,0.6555962562561035,0.3852584064006805,SGD_Momentum_start6,17.75,0.01
17755,0.6314722895622253,0.6633854508399963,0.6192866563796997,0.3482044339179992,SGD_Momentum_start6,17.755,0.01
17760,0.2185014635324478,0.6458101868629456,0.6001357436180115,0.3402094542980194,SGD_Momentum_start6,17.76,0.01
17765,0.1447099298238754,0.6979650259017944,0.684906005859375,0.3679908514022827,SGD_Momentum_start6,17.765,0.01
17770,1.9032493829727173,0.7487075328826904,0.5826140642166138,0.5373265147209167,SGD_Momentum_start6,17.77,0.01
17775,2.9085257053375244,0.8418542146682739,0.8194068074226379,0.4020223617553711,SGD_Momentum_start6,17.775,0.01
17780,1.6405081748962402,0.7755722999572754,0.5770258903503418,0.5497583150863647,SGD_Momentum_start6,17.78,0.01
17785,0.175705224275589,0.7533566355705261,0.698081374168396,0.3910156786441803,SGD_Momentum_start6,17.785,0.01
17790,1.751707673072815,0.6904326677322388,0.5727003812789917,0.4389824271202087,SGD_Momentum_start6,17.79,0.01
17795,1.234162449836731,0.7049165368080139,0.6253634691238403,0.3555914461612701,SGD_Momentum_start6,17.795,0.01
17800,0.6817863583564758,0.6423767805099487,0.6029450297355652,0.3363080322742462,SGD_Momentum_start6,17.8,0.01
17805,0.2716953456401825,0.6373715996742249,0.590639054775238,0.3388544023036957,SGD_Momentum_start6,17.805,0.01
17810,0.4921639263629913,0.6905320286750793,0.6038439273834229,0.432136982679367,SGD_Momentum_start6,17.81,0.01
17815,0.7595517039299011,0.7847914099693298,0.66846764087677,0.4648994505405426,SGD_Momentum_start6,17.815,0.01
17820,0.0836392268538475,0.843826174736023,0.690375030040741,0.5716760754585266,SGD_Momentum_start6,17.82,0.01
17825,1.5919793844223022,0.961540937423706,0.8174967765808105,0.5983178615570068,SGD_Momentum_start6,17.825,0.01
17830,0.9580658078193665,0.9990256428718568,0.8661305904388428,0.6169420480728149,SGD_Momentum_start6,17.83,0.01
17835,0.6928095817565918,0.9809014797210692,0.8379561901092529,0.6425232291221619,SGD_Momentum_start6,17.835,0.01
17840,3.17844033241272,0.9621888995170592,0.7466668486595154,0.6884118318557739,SGD_Momentum_start6,17.84,0.01
17845,1.353391170501709,1.0102936029434204,0.790758490562439,0.6679299473762512,SGD_Momentum_start6,17.845,0.01
17850,1.7959318161010742,1.0116567611694336,0.8345335721969604,0.6353641152381897,SGD_Momentum_start6,17.85,0.01
17855,0.1460557878017425,0.9774674773216248,0.8239355087280273,0.6182995438575745,SGD_Momentum_start6,17.855,0.01
17860,0.0577624700963497,0.96326744556427,0.8450420498847961,0.6042938828468323,SGD_Momentum_start6,17.86,0.01
17865,3.0994696617126465,0.94121116399765,0.7298656105995178,0.6725338101387024,SGD_Momentum_start6,17.865,0.01
17870,6.468363761901856,0.9957305192947388,0.8408526182174683,0.5695027112960815,SGD_Momentum_start6,17.87,0.01
17875,0.1596823185682296,0.8993264436721802,0.8147927522659302,0.5287437438964844,SGD_Momentum_start6,17.875,0.01
17880,1.361585259437561,0.8442419171333313,0.6354852318763733,0.590276837348938,SGD_Momentum_start6,17.88,0.01
17885,0.4800992012023926,0.823490560054779,0.7126014232635498,0.4711615741252899,SGD_Momentum_start6,17.885,0.01
17890,0.9681364893913268,0.8054324388504028,0.741705060005188,0.4205960631370544,SGD_Momentum_start6,17.89,0.01
17895,0.1056270375847816,0.5765340328216553,0.7207923531532288,0.4445976316928863,SGD_Momentum_start6,17.895,0.01
17900,0.0762644037604332,0.8671150803565979,0.7999516129493713,0.5336456894874573,SGD_Momentum_start6,17.9,0.01
17905,2.0742621421813965,0.9440009593963624,0.7570742964744568,0.6729167699813843,SGD_Momentum_start6,17.905,0.01
17910,0.0401421599090099,1.0145134925842283,0.8016119003295898,0.7029375433921814,SGD_Momentum_start6,17.91,0.01
17915,0.0995756164193153,1.0532608032226562,0.777182936668396,0.7568269371986389,SGD_Momentum_start6,17.915,0.01
17920,3.626493453979492,1.083906650543213,0.9668745994567872,0.6380983591079712,SGD_Momentum_start6,17.92,0.01
17925,2.7562501430511475,0.9927662014961244,0.7502656579017639,0.7150079607963562,SGD_Momentum_start6,17.925,0.01
17930,3.374139308929444,1.0026545524597168,0.8159010410308838,0.6104304194450378,SGD_Momentum_start6,17.93,0.01
17935,2.1768667697906494,0.8857423663139343,0.7549396753311157,0.5646466016769409,SGD_Momentum_start6,17.935,0.01
17940,0.8464756011962891,0.8623406291007996,0.7263299226760864,0.5544164776802063,SGD_Momentum_start6,17.94,0.01
17945,0.1026042252779007,0.8546316623687744,0.7061935663223267,0.5439315438270569,SGD_Momentum_start6,17.945,0.01
17950,0.1932754814624786,0.8834046125411987,0.7841196060180664,0.5531200766563416,SGD_Momentum_start6,17.95,0.01
17955,0.9093461036682128,0.9585075378417968,0.8289203643798828,0.5957623720169067,SGD_Momentum_start6,17.955,0.01
17960,0.0528666153550148,1.0251585245132446,0.8262270092964172,0.7140076160430908,SGD_Momentum_start6,17.96,0.01
17965,0.0559112280607223,1.1034660339355469,0.90118145942688,0.770035982131958,SGD_Momentum_start6,17.965,0.01
17970,0.2229294329881668,1.1685525178909302,0.9028186202049256,0.8330520987510681,SGD_Momentum_start6,17.97,0.01
17975,0.0707122087478637,1.1924490928649902,0.943392813205719,0.8509339094161987,SGD_Momentum_start6,17.975,0.01
17980,0.0783196240663528,1.2198965549468994,0.9179916381835938,0.8864617347717285,SGD_Momentum_start6,17.98,0.01
17985,0.3584207892417907,1.2177613973617554,0.942748486995697,0.8842546939849854,SGD_Momentum_start6,17.985,0.01
17990,5.309275150299072,1.2713592052459717,0.9938874840736388,0.8671713471412659,SGD_Momentum_start6,17.99,0.01
17995,0.4153445959091186,1.229787826538086,0.9755086302757264,0.8515645265579224,SGD_Momentum_start6,17.995,0.01
18000,0.0545689575374126,1.2001129388809204,0.9508390426635742,0.8474793434143066,SGD_Momentum_start6,18.0,0.01
18005,0.611580491065979,1.1926345825195312,0.9566445350646972,0.8468327522277832,SGD_Momentum_start6,18.005,0.01
18010,0.992538034915924,1.2139527797698977,0.9642919301986694,0.8340831995010376,SGD_Momentum_start6,18.01,0.01
18015,0.9153927564620972,1.2004529237747192,0.9008556604385376,0.8501470685005188,SGD_Momentum_start6,18.015,0.01
18020,0.3005046248435974,1.1605983972549438,0.8851770758628845,0.8362035751342773,SGD_Momentum_start6,18.02,0.01
18025,0.6015294790267944,1.13749361038208,0.9132843613624572,0.7949232459068298,SGD_Momentum_start6,18.025,0.01
18030,0.017797814682126,1.129319190979004,0.8841527700424194,0.7876676917076111,SGD_Momentum_start6,18.03,0.01
18035,0.5804541707038879,1.1108816862106323,0.8953356146812439,0.7737284302711487,SGD_Momentum_start6,18.035,0.01
18040,0.0951772332191467,1.1122167110443115,0.9575960040092468,0.7323288321495056,SGD_Momentum_start6,18.04,0.01
18045,4.7199225425720215,1.0645679235458374,0.7139261960983276,0.8355092406272888,SGD_Momentum_start6,18.045,0.01
18050,4.17605447769165,1.067002534866333,0.9725651741027832,0.5940771102905273,SGD_Momentum_start6,18.05,0.01
18055,2.683901786804199,0.9246983528137208,0.637888491153717,0.6872340440750122,SGD_Momentum_start6,18.055,0.01
18060,0.0889434367418289,0.8402166366577148,0.7516056299209595,0.4685468971729278,SGD_Momentum_start6,18.06,0.01
18065,2.26081657409668,0.7460453510284424,0.6009862422943115,0.4887524247169494,SGD_Momentum_start6,18.065,0.01
18070,1.484549880027771,0.74172443151474,0.6508263945579529,0.379922866821289,SGD_Momentum_start6,18.07,0.01
18075,0.6235948204994202,0.6596408486366272,0.6168708801269531,0.3452919125556946,SGD_Momentum_start6,18.075,0.01
18080,0.2196942865848541,0.6440421342849731,0.5989996194839478,0.3390546441078186,SGD_Momentum_start6,18.08,0.01
18085,0.1423917114734649,0.699587881565094,0.688389241695404,0.371313065290451,SGD_Momentum_start6,18.085,0.01
18090,2.037482023239136,0.7622146606445312,0.5910747647285461,0.5537857413291931,SGD_Momentum_start6,18.09,0.01
18095,3.328859806060791,0.8698519468307495,0.8437086343765259,0.4246222078800201,SGD_Momentum_start6,18.095,0.01
18100,1.7612183094024658,0.8056788444519043,0.5928297638893127,0.5788131356239319,SGD_Momentum_start6,18.1,0.01
18105,0.1868894398212433,0.7852298021316528,0.7223765254020691,0.41646209359169,SGD_Momentum_start6,18.105,0.01
18110,1.866740703582764,0.7168954610824585,0.5887595415115356,0.4620687961578369,SGD_Momentum_start6,18.11,0.01
18115,1.376007318496704,0.7284190058708191,0.6419203877449036,0.3731172978878021,SGD_Momentum_start6,18.115,0.01
18120,0.7044510245323181,0.6588636040687561,0.6148456931114197,0.3495557010173797,SGD_Momentum_start6,18.12,0.01
18125,0.2672491669654846,0.6491655111312866,0.5987708568572998,0.3479716777801513,SGD_Momentum_start6,18.125,0.01
18130,0.5023390650749207,0.6963301301002502,0.6064419746398926,0.4368337094783783,SGD_Momentum_start6,18.13,0.01
18135,0.7359139323234558,0.7855849862098694,0.667926013469696,0.465861976146698,SGD_Momentum_start6,18.135,0.01
18140,1.6375142335891724,0.8608785271644592,0.7571467161178589,0.5058109164237976,SGD_Momentum_start6,18.14,0.01
18145,0.3791806399822235,0.9123551845550536,0.7993080615997314,0.5566341280937195,SGD_Momentum_start6,18.145,0.01
18150,1.5640459060668943,0.9164641499519348,0.7785108685493469,0.6071599721908569,SGD_Momentum_start6,18.15,0.01
18155,1.3820735216140747,0.9877332448959352,0.7583101987838745,0.6598328351974487,SGD_Momentum_start6,18.155,0.01
18160,1.08348286151886,0.9800441861152648,0.8661587238311768,0.5787411332130432,SGD_Momentum_start6,18.16,0.01
18165,7.001299858093262,0.9038361310958862,0.6505551338195801,0.6836745142936707,SGD_Momentum_start6,18.165,0.01
18170,10.24394989013672,0.9601881504058838,0.8921430706977844,0.4599423408508301,SGD_Momentum_start6,18.17,0.01
18175,4.545712471008301,0.7947544455528259,0.5810136198997498,0.5724448561668396,SGD_Momentum_start6,18.175,0.01
18180,1.4995099306106567,0.7683579921722412,0.702174723148346,0.3738964200019836,SGD_Momentum_start6,18.18,0.01
18185,0.9086959362030028,0.6682187914848328,0.5958928465843201,0.3762752115726471,SGD_Momentum_start6,18.185,0.01
18190,0.4808898866176605,0.6588482856750488,0.5566551685333252,0.3602794408798218,SGD_Momentum_start6,18.19,0.01
18195,0.3814098834991455,0.6265068054199219,0.602105438709259,0.281431496143341,SGD_Momentum_start6,18.195,0.01
18200,0.1793946623802185,0.6439333558082581,0.6324201226234436,0.336661159992218,SGD_Momentum_start6,18.2,0.01
18205,1.2268339395523071,0.7189875841140747,0.622738242149353,0.4631600975990295,SGD_Momentum_start6,18.205,0.01
18210,0.0933156982064247,0.8038930892944336,0.7513597011566162,0.4805642664432525,SGD_Momentum_start6,18.21,0.01
18215,3.53460693359375,0.8900716304779053,0.7031595706939697,0.6505934596061707,SGD_Momentum_start6,18.215,0.01
18220,4.530282020568848,1.0085070133209229,0.8396123647689819,0.6134649515151978,SGD_Momentum_start6,18.22,0.01
18225,0.7067254781723022,0.9554388523101808,0.8386781215667725,0.6045270562171936,SGD_Momentum_start6,18.225,0.01
18230,3.14222264289856,0.9192821979522704,0.657077431678772,0.6877840757369995,SGD_Momentum_start6,18.23,0.01
18235,4.293924808502197,0.9416086077690125,0.8952370882034302,0.4689762890338897,SGD_Momentum_start6,18.235,0.01
18240,0.9926945567131042,0.8219143152236938,0.6097179651260376,0.5680108666419983,SGD_Momentum_start6,18.24,0.01
18245,0.4336215853691101,0.7648774981498718,0.7140015363693237,0.3783791065216064,SGD_Momentum_start6,18.245,0.01
18250,0.962253987789154,0.6741868853569031,0.5730094313621521,0.4031133949756622,SGD_Momentum_start6,18.25,0.01
18255,1.8737690448760984,0.6842517852783203,0.6190228462219238,0.3191946446895599,SGD_Momentum_start6,18.255,0.01
18260,0.3721607029438019,0.617805004119873,0.5937861800193787,0.302321195602417,SGD_Momentum_start6,18.26,0.01
18265,0.6402857899665833,0.6252191066741943,0.5557580590248108,0.3899948596954345,SGD_Momentum_start6,18.265,0.01
18270,0.2052460461854934,0.7322192192077637,0.6217458248138428,0.4498165845870971,SGD_Momentum_start6,18.27,0.01
18275,0.6225677728652954,0.7983971238136292,0.6994628310203552,0.4626438021659851,SGD_Momentum_start6,18.275,0.01
18280,0.1554963886737823,0.8225938677787781,0.7306422591209412,0.482939749956131,SGD_Momentum_start6,18.28,0.01
18285,0.0810700505971908,0.8778052926063538,0.7960958480834961,0.5403937697410583,SGD_Momentum_start6,18.285,0.01
18290,3.1802804470062256,0.9190821051597596,0.7214157581329346,0.6631019115447998,SGD_Momentum_start6,18.29,0.01
18295,6.11200475692749,1.0106133222579956,0.8491925001144409,0.5942909717559814,SGD_Momentum_start6,18.295,0.01
18300,0.257434070110321,0.936080038547516,0.8373770117759705,0.5700488686561584,SGD_Momentum_start6,18.3,0.01
18305,1.900681138038636,0.8894305229187012,0.6539608240127563,0.6415276527404785,SGD_Momentum_start6,18.305,0.01
18310,0.4404982626438141,0.8812997341156006,0.7535319328308105,0.5331591963768005,SGD_Momentum_start6,18.31,0.01
18315,1.3894708156585691,0.8963717818260193,0.8115647435188293,0.4995774328708648,SGD_Momentum_start6,18.315,0.01
18320,0.0755041390657424,0.8750591278076172,0.7313991189002991,0.5577343106269836,SGD_Momentum_start6,18.32,0.01
18325,0.0590404383838176,0.8623325228691101,0.7867894768714905,0.5798901319503784,SGD_Momentum_start6,18.325,0.01
18330,0.1016367748379707,0.9921254515647888,0.8048964738845825,0.6750643849372864,SGD_Momentum_start6,18.33,0.01
18335,0.2138623297214508,1.0470716953277588,0.8563371300697327,0.725220263004303,SGD_Momentum_start6,18.335,0.01
18340,0.6420105695724487,1.130826115608215,0.9106749892234802,0.7791464924812317,SGD_Momentum_start6,18.34,0.01
18345,3.186671257019043,1.1975914239883425,1.0015136003494265,0.7887076735496521,SGD_Momentum_start6,18.345,0.01
18350,1.1945440769195557,1.1732019186019895,0.9478707313537598,0.8315093517303467,SGD_Momentum_start6,18.35,0.01
18355,6.776894569396973,1.1493934392929075,0.8257442116737366,0.8869869709014893,SGD_Momentum_start6,18.355,0.01
18360,13.131329536437988,1.2116247415542605,0.9800674319267272,0.7514178156852722,SGD_Momentum_start6,18.36,0.01
18365,0.0185869671404361,1.0885690450668335,0.9577215909957886,0.6912841796875,SGD_Momentum_start6,18.365,0.01
18370,1.2370209693908691,1.0308302640914917,0.7400741577148438,0.7571004033088684,SGD_Momentum_start6,18.37,0.01
18375,1.7858368158340454,1.0077908039093018,0.8416388034820557,0.6133495569229126,SGD_Momentum_start6,18.375,0.01
18380,0.0674093589186668,0.9334444403648376,0.7978824973106384,0.5862859487533569,SGD_Momentum_start6,18.38,0.01
18385,0.2639997899532318,0.91334068775177,0.8120875954627991,0.5588901042938232,SGD_Momentum_start6,18.385,0.01
18390,0.4671400785446167,0.8921439051628113,0.7501245737075806,0.5738174915313721,SGD_Momentum_start6,18.39,0.01
18395,0.2119245678186416,0.8836343884468079,0.712644100189209,0.5828022956848145,SGD_Momentum_start6,18.395,0.01
18400,0.3589568734169006,0.8866006731987,0.703963577747345,0.5704719424247742,SGD_Momentum_start6,18.4,0.01
18405,0.3863338232040405,0.8700658082962036,0.7288163304328918,0.5312235951423645,SGD_Momentum_start6,18.405,0.01
18410,0.3842621445655823,0.8935313820838928,0.734264612197876,0.6021783351898193,SGD_Momentum_start6,18.41,0.01
18415,0.2281960695981979,0.9659512042999268,0.7668691873550415,0.6567305326461792,SGD_Momentum_start6,18.415,0.01
18420,1.9616870880126955,1.043319582939148,0.8538078665733337,0.6817796230316162,SGD_Momentum_start6,18.42,0.01
18425,0.0717373192310333,1.0528712272644043,0.9404350519180298,0.6687061786651611,SGD_Momentum_start6,18.425,0.01
18430,0.4668383598327636,1.0363095998764038,0.7670997381210327,0.7465411424636841,SGD_Momentum_start6,18.43,0.01
18435,5.753445148468018,1.0536009073257446,0.9036034345626832,0.6140558123588562,SGD_Momentum_start6,18.435,0.01
18440,5.304760932922363,0.9248693585395812,0.7136951088905334,0.6564277410507202,SGD_Momentum_start6,18.44,0.01
18445,0.5899118185043335,0.8924287557601929,0.7114308476448059,0.5962638854980469,SGD_Momentum_start6,18.445,0.01
18450,1.1032496690750122,0.8900980353355408,0.7244739532470703,0.5434133410453796,SGD_Momentum_start6,18.45,0.01
18455,2.092010259628296,0.8955325484275818,0.7766865491867065,0.5194854736328125,SGD_Momentum_start6,18.455,0.01
18460,0.519478976726532,0.8953055739402771,0.7881786227226257,0.5283603072166443,SGD_Momentum_start6,18.46,0.01
18465,1.1539767980575562,0.8681487441062927,0.7491191029548645,0.5531447529792786,SGD_Momentum_start6,18.465,0.01
18470,1.0926861763000488,0.923532247543335,0.8150485754013062,0.5520713925361633,SGD_Momentum_start6,18.47,0.01
18475,2.135352373123169,0.9186946749687196,0.7670759558677673,0.6209057569503784,SGD_Momentum_start6,18.475,0.01
18480,1.334520697593689,0.9595298171043396,0.7426766157150269,0.6247094869613647,SGD_Momentum_start6,18.48,0.01
18485,1.3151228427886963,0.9301932454109192,0.8373543620109558,0.5217311978340149,SGD_Momentum_start6,18.485,0.01
18490,4.6646575927734375,0.8400121331214905,0.6289422512054443,0.6063666343688965,SGD_Momentum_start6,18.49,0.01
18495,9.542450904846191,0.8924452066421509,0.8466674089431763,0.3948609232902527,SGD_Momentum_start6,18.495,0.01
18500,3.190687894821167,0.7400004863739014,0.5615487694740295,0.5130860209465027,SGD_Momentum_start6,18.5,0.01
18505,1.6070091724395752,0.7252436876296997,0.6742467284202576,0.3329711258411407,SGD_Momentum_start6,18.505,0.01
18510,0.7047514915466309,0.6352918744087219,0.5767291188240051,0.344738632440567,SGD_Momentum_start6,18.51,0.01
18515,0.4753761887550354,0.6372838616371155,0.5439856648445129,0.3439187407493591,SGD_Momentum_start6,18.515,0.01
18520,0.3699262142181396,0.6160301566123962,0.5942577123641968,0.2755778431892395,SGD_Momentum_start6,18.52,0.01
18525,0.2061896324157714,0.6256768107414246,0.5786158442497253,0.3353154063224792,SGD_Momentum_start6,18.525,0.01
18530,0.1244910210371017,0.751747190952301,0.6942940950393677,0.4572449326515198,SGD_Momentum_start6,18.53,0.01
18535,0.1383959054946899,0.9042117595672609,0.7638882398605347,0.5978725552558899,SGD_Momentum_start6,18.535,0.01
18540,0.0616216361522674,1.0085543394088743,0.8485522270202637,0.6845338344573975,SGD_Momentum_start6,18.54,0.01
18545,0.1354594230651855,1.0969232320785522,0.863947331905365,0.7711033225059509,SGD_Momentum_start6,18.545,0.01
18550,0.1315679252147674,1.1394057273864746,0.911813735961914,0.8062546849250793,SGD_Momentum_start6,18.55,0.01
18555,0.025471705943346,1.1800906658172607,0.8949663639068604,0.854791522026062,SGD_Momentum_start6,18.555,0.01
18560,0.419903427362442,1.2145909070968628,0.9294453263282776,0.8706560134887695,SGD_Momentum_start6,18.56,0.01
18565,0.0567777305841445,1.228676438331604,0.96281898021698,0.8844433426856995,SGD_Momentum_start6,18.565,0.01
18570,0.0628603249788284,1.2497397661209106,0.9307896494865416,0.9164091348648072,SGD_Momentum_start6,18.57,0.01
18575,0.4819926023483276,1.2428897619247437,0.9526956677436828,0.911599338054657,SGD_Momentum_start6,18.575,0.01
18580,1.2083537578582764,1.234855890274048,0.8732725381851196,0.9440003037452698,SGD_Momentum_start6,18.58,0.01
18585,0.0044925827533006,1.1046842336654663,0.9467599987983704,0.871669590473175,SGD_Momentum_start6,18.585,0.01
18590,1.5186026096343994,1.224831461906433,0.9282265305519104,0.8597044944763184,SGD_Momentum_start6,18.59,0.01
18595,0.7279433608055115,1.2005109786987305,0.976790189743042,0.808695912361145,SGD_Momentum_start6,18.595,0.01
18600,0.9384580850601196,1.1408894062042236,0.9343140125274658,0.7865034937858582,SGD_Momentum_start6,18.6,0.01
18605,3.3813719749450684,1.088723063468933,0.8200096487998962,0.7973068356513977,SGD_Momentum_start6,18.605,0.01
18610,0.1296146214008331,1.079352855682373,0.8387426137924194,0.74262535572052,SGD_Momentum_start6,18.61,0.01
18615,0.0352872312068939,1.0792516469955444,0.8378376960754395,0.7572516798973083,SGD_Momentum_start6,18.615,0.01
18620,0.5015672445297241,1.1036221981048584,0.8148356080055237,0.7848957180976868,SGD_Momentum_start6,18.62,0.01
18625,0.1236208081245422,1.088822841644287,0.8401018977165222,0.7578578591346741,SGD_Momentum_start6,18.625,0.01
18630,0.0798204988241195,1.0819300413131714,0.7845841646194458,0.7816054821014404,SGD_Momentum_start6,18.63,0.01
18635,2.647314548492432,1.0802583694458008,0.9532572031021118,0.6427075266838074,SGD_Momentum_start6,18.635,0.01
18640,3.517997026443481,0.9764818549156188,0.7298699617385864,0.7072757482528687,SGD_Momentum_start6,18.64,0.01
18645,2.1643381118774414,0.9717082977294922,0.7877920866012573,0.5947617292404175,SGD_Momentum_start6,18.645,0.01
18650,2.6882386207580566,0.8571142554283142,0.7270611524581909,0.5473350286483765,SGD_Momentum_start6,18.65,0.01
18655,6.578909397125244,0.8724014759063721,0.7461333870887756,0.4440969228744507,SGD_Momentum_start6,18.655,0.01
18660,2.724915027618408,0.7078735828399658,0.5996384620666504,0.4339596331119537,SGD_Momentum_start6,18.66,0.01
18665,0.6117088198661804,0.6794769763946533,0.5750302076339722,0.3638468980789184,SGD_Momentum_start6,18.665,0.01
18670,1.0715396404266355,0.6506078839302063,0.6411453485488892,0.2750139534473419,SGD_Momentum_start6,18.67,0.01
18675,1.3292382955551147,0.6139677166938782,0.5242748856544495,0.3778027296066284,SGD_Momentum_start6,18.675,0.01
18680,0.4013194441795349,0.6420156359672546,0.5677887201309204,0.3399999141693115,SGD_Momentum_start6,18.68,0.01
18685,0.2503030896186828,0.675244927406311,0.6209728717803955,0.3719659447669983,SGD_Momentum_start6,18.685,0.01
18690,0.9153693914413452,0.770971417427063,0.7281716465950012,0.40421062707901,SGD_Momentum_start6,18.69,0.01
18695,0.0960507690906524,0.8076193928718567,0.696861207485199,0.505093514919281,SGD_Momentum_start6,18.695,0.01
18700,0.0656865015625953,0.8871706128120422,0.7121118903160095,0.6117067933082581,SGD_Momentum_start6,18.7,0.01
18705,1.726987361907959,0.994533896446228,0.8368004560470581,0.6270232796669006,SGD_Momentum_start6,18.705,0.01
18710,1.032586693763733,1.0234884023666382,0.881341814994812,0.6378611922264099,SGD_Momentum_start6,18.71,0.01
18715,0.706076979637146,0.9986439347267152,0.8488031029701233,0.6580193638801575,SGD_Momentum_start6,18.715,0.01
18720,3.2544641494750977,0.9749673008918762,0.7533087730407715,0.6997578144073486,SGD_Momentum_start6,18.72,0.01
18725,0.0452228635549545,1.0022069215774536,0.7411061525344849,0.715750515460968,SGD_Momentum_start6,18.725,0.01
18730,1.1448909044265747,1.0140857696533203,0.8943402171134949,0.605702817440033,SGD_Momentum_start6,18.73,0.01
18735,5.18632173538208,0.9317095875740052,0.6862560510635376,0.6876505017280579,SGD_Momentum_start6,18.735,0.01
18740,0.5891984105110168,0.9279415011405944,0.742488443851471,0.5877723097801208,SGD_Momentum_start6,18.74,0.01
18745,0.3201307654380798,0.8968275785446167,0.7592748999595642,0.5516878962516785,SGD_Momentum_start6,18.745,0.01
18750,1.2771613597869873,0.9085861444473268,0.8176549077033997,0.5126351118087769,SGD_Momentum_start6,18.75,0.01
18755,0.0688423663377761,0.882071316242218,0.7352250814437866,0.5656570196151733,SGD_Momentum_start6,18.755,0.01
18760,0.0563201606273651,0.4633318483829498,0.7738158702850342,0.5984987616539001,SGD_Momentum_start6,18.76,0.01
18765,1.5239945650100708,1.0485535860061646,0.9018167853355408,0.6749127507209778,SGD_Momentum_start6,18.765,0.01
18770,2.7508111000061035,1.0754331350326538,0.8665097951889038,0.7711963653564453,SGD_Momentum_start6,18.77,0.01
18775,3.1005067825317383,1.1381964683532717,0.8452807664871216,0.7824080586433411,SGD_Momentum_start6,18.775,0.01
18780,3.299241542816162,1.109264850616455,0.9688775539398192,0.6686233282089233,SGD_Momentum_start6,18.78,0.01
18785,6.089508056640625,0.996143102645874,0.7123339176177979,0.7502988576889038,SGD_Momentum_start6,18.785,0.01
18790,0.2897272408008575,0.9742668271064758,0.7567929625511169,0.643650472164154,SGD_Momentum_start6,18.79,0.01
18795,2.894644021987915,0.952557384967804,0.8163232207298279,0.5482786297798157,SGD_Momentum_start6,18.795,0.01
18800,0.1467378735542297,0.8892495632171631,0.7638388872146606,0.5615150332450867,SGD_Momentum_start6,18.8,0.01
18805,0.2284211665391922,0.926838219165802,0.7727925777435303,0.5970197916030884,SGD_Momentum_start6,18.805,0.01
18810,0.3940700590610504,0.9878044724464417,0.7923306226730347,0.6936869621276855,SGD_Momentum_start6,18.81,0.01
18815,1.3084429502487185,1.041671872138977,0.8473742008209229,0.734214723110199,SGD_Momentum_start6,18.815,0.01
18820,0.1417361497879028,1.0917222499847412,0.7712876796722412,0.8027896881103516,SGD_Momentum_start6,18.82,0.01
18825,0.2923619151115417,1.0526148080825806,0.9427268505096436,0.6571567058563232,SGD_Momentum_start6,18.825,0.01
18830,0.9295648336410522,1.0155037641525269,0.7306721806526184,0.6953158974647522,SGD_Momentum_start6,18.83,0.01
18835,2.7012107372283936,0.8741500973701477,0.7523103952407837,0.5441271662712097,SGD_Momentum_start6,18.835,0.01
18840,1.107559084892273,0.7985379099845886,0.6195863485336304,0.5336926579475403,SGD_Momentum_start6,18.84,0.01
18845,2.0426902770996094,0.7800511717796326,0.7110075354576111,0.3805635571479797,SGD_Momentum_start6,18.845,0.01
18850,1.784119963645935,0.6767832040786743,0.5817196369171143,0.4083516597747803,SGD_Momentum_start6,18.85,0.01
18855,0.1805087327957153,0.6578471064567566,0.5844765305519104,0.3637339174747467,SGD_Momentum_start6,18.855,0.01
18860,0.4193494319915771,0.6879128217697144,0.6366603374481201,0.3998616337776184,SGD_Momentum_start6,18.86,0.01
18865,0.4367440044879913,0.8641512989997864,0.776814877986908,0.5341833233833313,SGD_Momentum_start6,18.865,0.01
18870,0.1917977482080459,0.9883516430854796,0.8611538410186768,0.6612147092819214,SGD_Momentum_start6,18.87,0.01
18875,0.6948502063751221,1.0794299840927124,0.8518582582473755,0.782776951789856,SGD_Momentum_start6,18.875,0.01
18880,0.021889042109251,1.1503187417984009,0.9579858779907228,0.7916250824928284,SGD_Momentum_start6,18.88,0.01
18885,1.5011383295059204,1.2106419801712036,0.9701767563819884,0.8352322578430176,SGD_Momentum_start6,18.885,0.01
18890,0.4867803156375885,1.2314051389694214,0.9070597290992736,0.8989560604095459,SGD_Momentum_start6,18.89,0.01
18895,1.3073441982269287,1.2117892503738403,0.8912799954414368,0.9108257293701172,SGD_Momentum_start6,18.895,0.01
18900,0.6158856749534607,1.234724760055542,0.9049216508865356,0.8972207307815552,SGD_Momentum_start6,18.9,0.01
18905,0.2362701445817947,1.2081093788146973,0.949344277381897,0.8654674887657166,SGD_Momentum_start6,18.905,0.01
18910,2.9663729667663574,1.1941144466400146,0.8469586372375488,0.922824501991272,SGD_Momentum_start6,18.91,0.01
18915,0.5739660263061523,1.2151076793670654,0.8751052021980286,0.8848517537117004,SGD_Momentum_start6,18.915,0.01
18920,2.05680775642395,1.194591045379639,0.932096004486084,0.8106920123100281,SGD_Momentum_start6,18.92,0.01
18925,0.1890800893306732,1.136493682861328,0.918641984462738,0.7625468969345093,SGD_Momentum_start6,18.925,0.01
18930,0.0938219428062439,1.111397624015808,0.8264508843421936,0.7943320870399475,SGD_Momentum_start6,18.93,0.01
18935,5.009803771972656,1.12953519821167,0.9326847791671752,0.7086919546127319,SGD_Momentum_start6,18.935,0.01
18940,0.0541457086801528,1.0658469200134275,0.8754628896713257,0.7166379690170288,SGD_Momentum_start6,18.94,0.01
18945,0.695205807685852,1.0621381998062134,0.9005014896392822,0.7125824689865112,SGD_Momentum_start6,18.945,0.01
18950,1.3389226198196411,1.0501161813735962,0.8302314281463623,0.7389065027236938,SGD_Momentum_start6,18.95,0.01
18955,0.6999995708465576,1.0332536697387695,0.781086266040802,0.7379987239837646,SGD_Momentum_start6,18.955,0.01
18960,0.1584277749061584,1.0215836763381958,0.7657245993614197,0.7086170315742493,SGD_Momentum_start6,18.96,0.01
18965,0.1949448734521865,0.9897806644439696,0.7907002568244934,0.6527906060218811,SGD_Momentum_start6,18.965,0.01
18970,1.1699401140213013,1.0115678310394287,0.8689648509025574,0.6289541125297546,SGD_Momentum_start6,18.97,0.01
18975,2.06260633468628,0.9807201623916626,0.8088723421096802,0.6693704724311829,SGD_Momentum_start6,18.975,0.01
18980,2.6065993309021,1.012622356414795,0.7821840643882751,0.6540414094924927,SGD_Momentum_start6,18.98,0.01
18985,2.679749011993408,0.974371612071991,0.8811183571815491,0.5408841371536255,SGD_Momentum_start6,18.985,0.01
18990,3.6738455295562735,0.870877206325531,0.6582775712013245,0.6205556988716125,SGD_Momentum_start6,18.99,0.01
18995,0.3481738269329071,0.8559002876281738,0.6941463947296143,0.5294325947761536,SGD_Momentum_start6,18.995,0.01
19000,2.2873728275299072,0.8469207882881165,0.7492663860321045,0.4557200074195862,SGD_Momentum_start6,19.0,0.01
19005,0.1450662612915039,0.8114634156227112,0.7164650559425354,0.4932539761066437,SGD_Momentum_start6,19.005,0.01
19010,0.188878446817398,0.8684676885604858,0.7377220392227173,0.5480131506919861,SGD_Momentum_start6,19.01,0.01
19015,0.0544292703270912,0.9414442777633668,0.8103896379470825,0.6180797219276428,SGD_Momentum_start6,19.015,0.01
19020,0.1458536833524704,1.0334653854370115,0.8309406638145447,0.7106170654296875,SGD_Momentum_start6,19.02,0.01
19025,0.1179839968681335,1.085344910621643,0.8827826380729675,0.755334198474884,SGD_Momentum_start6,19.025,0.01
19030,0.0278884172439575,1.1349366903305054,0.8727254867553711,0.8125035762786865,SGD_Momentum_start6,19.03,0.01
19035,0.3162204623222351,1.17897367477417,0.9079200029373168,0.8420456647872925,SGD_Momentum_start6,19.035,0.01
19040,0.255102664232254,1.1990875005722046,0.936467707157135,0.8672017455101013,SGD_Momentum_start6,19.04,0.01
19045,4.951186180114746,1.2631375789642334,0.9877363443374634,0.8637980222702026,SGD_Momentum_start6,19.045,0.01
19050,0.2664210200309753,1.228479504585266,0.9706867337226868,0.8562949895858765,SGD_Momentum_start6,19.05,0.01
19055,0.0879120901226997,1.1982307434082031,0.9827857613563538,0.827380359172821,SGD_Momentum_start6,19.055,0.01
19060,6.2713775634765625,1.145920753479004,0.8204460144042969,0.8790210485458374,SGD_Momentum_start6,19.06,0.01
19065,9.97594928741455,1.18332839012146,0.950362265110016,0.7389711141586304,SGD_Momentum_start6,19.065,0.01
19070,0.3041552305221557,1.0514609813690186,0.9099698066711426,0.6700024008750916,SGD_Momentum_start6,19.07,0.01
19075,2.0981533527374268,0.970305860042572,0.6926717758178711,0.7120561003684998,SGD_Momentum_start6,19.075,0.01
19080,0.5576924085617065,0.9285613894462584,0.7772225141525269,0.5636712312698364,SGD_Momentum_start6,19.08,0.01
19085,1.2421741485595703,0.8910329341888428,0.8013777136802673,0.4909883439540863,SGD_Momentum_start6,19.085,0.01
19090,0.0805590003728866,0.8397899270057678,0.7106690406799316,0.5290998816490173,SGD_Momentum_start6,19.09,0.01
19095,0.0658691674470901,0.8818683624267578,0.7093166708946228,0.605739414691925,SGD_Momentum_start6,19.095,0.01
19100,1.9850083589553835,0.987710416316986,0.8365172147750854,0.6147077083587646,SGD_Momentum_start6,19.1,0.01
19105,1.4036946296691897,1.0162301063537598,0.8829542994499207,0.6230199337005615,SGD_Momentum_start6,19.105,0.01
19110,0.4066082239151001,0.991127610206604,0.8520290851593018,0.6427423357963562,SGD_Momentum_start6,19.11,0.01
19115,2.5221023559570312,0.9667465090751648,0.7567105293273926,0.6834596395492554,SGD_Momentum_start6,19.115,0.01
19120,0.0536643490195274,0.9746163487434388,0.776423990726471,0.6540967226028442,SGD_Momentum_start6,19.12,0.01
19125,0.1808869391679763,0.9800710082054138,0.7429880499839783,0.6750815510749817,SGD_Momentum_start6,19.125,0.01
19130,3.257615327835083,0.9922617077827454,0.906497061252594,0.5484921932220459,SGD_Momentum_start6,19.13,0.01
19135,1.7123478651046753,0.9015854597091676,0.7083885669708252,0.6191026568412781,SGD_Momentum_start6,19.135,0.01
19140,3.015061855316162,0.9131745100021362,0.7653300166130066,0.5245596170425415,SGD_Momentum_start6,19.14,0.01
19145,1.4356578588485718,0.8083156943321228,0.7104514241218567,0.488613486289978,SGD_Momentum_start6,19.145,0.01
19150,0.5916520357131958,0.7777073979377747,0.6737130284309387,0.4719257354736328,SGD_Momentum_start6,19.15,0.01
19155,0.125031441450119,0.7688211798667908,0.6542280912399292,0.4659705758094787,SGD_Momentum_start6,19.155,0.01
19160,0.0895406901836395,0.8212520480155945,0.7009695172309875,0.529771625995636,SGD_Momentum_start6,19.16,0.01
19165,0.2833826541900635,0.9250704646110536,0.7291083335876465,0.6293491125106812,SGD_Momentum_start6,19.165,0.01
19170,0.1744313687086105,0.9756032824516296,0.7866290211677551,0.6532344818115234,SGD_Momentum_start6,19.17,0.01
19175,0.1313840001821518,1.0114531517028809,0.7576448321342468,0.7155281901359558,SGD_Momentum_start6,19.175,0.01
19180,2.9690966606140137,1.043804168701172,0.9364269971847534,0.6069128513336182,SGD_Momentum_start6,19.18,0.01
19185,2.970574378967285,0.959600269794464,0.7276925444602966,0.6891708970069885,SGD_Momentum_start6,19.185,0.01
19190,2.424999475479126,0.9692297577857972,0.7899566888809204,0.5902265310287476,SGD_Momentum_start6,19.19,0.01
19195,2.501440525054932,0.8612646460533142,0.7331125736236572,0.5493876934051514,SGD_Momentum_start6,19.195,0.01
19200,6.917130470275879,0.8837206959724426,0.7544699907302856,0.4539057910442352,SGD_Momentum_start6,19.2,0.01
19205,2.8834011554718018,0.7212433815002441,0.6080320477485657,0.4472570121288299,SGD_Momentum_start6,19.205,0.01
19210,0.5967524647712708,0.694025993347168,0.5837218165397644,0.3779318332672119,SGD_Momentum_start6,19.21,0.01
19215,1.0949803590774536,0.6601437926292419,0.6471927762031555,0.2779891788959503,SGD_Momentum_start6,19.215,0.01
19220,1.1036313772201538,0.6071934700012207,0.5223668813705444,0.3636355996131897,SGD_Momentum_start6,19.22,0.01
19225,0.5354794859886169,0.6269220113754272,0.5603320598602295,0.3173376023769378,SGD_Momentum_start6,19.225,0.01
19230,0.1661091297864914,0.6794725060462952,0.6196786761283875,0.4118730723857879,SGD_Momentum_start6,19.23,0.01
19235,0.1233425885438919,0.8380687832832336,0.679542601108551,0.5690332055091858,SGD_Momentum_start6,19.235,0.01
19240,3.673685789108277,0.9712420701980592,0.9066560864448548,0.5403782725334167,SGD_Momentum_start6,19.24,0.01
19245,1.9749934673309328,0.9519376754760742,0.7434428930282593,0.6782070994377136,SGD_Momentum_start6,19.245,0.01
19250,4.119776725769043,1.0113496780395508,0.8296450972557068,0.6174153089523315,SGD_Momentum_start6,19.25,0.01
19255,1.8849109411239624,0.9215236306190492,0.7874361872673035,0.594825804233551,SGD_Momentum_start6,19.255,0.01
19260,0.7291881442070007,0.8917078375816345,0.7462331056594849,0.5758965611457825,SGD_Momentum_start6,19.26,0.01
19265,0.0818699821829795,0.8756908178329468,0.7197700142860413,0.5607913136482239,SGD_Momentum_start6,19.265,0.01
19270,0.0879799053072929,0.884286105632782,0.7671896815299988,0.5553930997848511,SGD_Momentum_start6,19.27,0.01
19275,0.0793460234999656,0.9442128539085388,0.7689914703369141,0.6426476836204529,SGD_Momentum_start6,19.275,0.01
19280,0.0378271676599979,1.0207103490829468,0.7585288882255554,0.7413008809089661,SGD_Momentum_start6,19.28,0.01
19285,2.795316457748413,1.0837749242782593,0.9611458778381348,0.6527052521705627,SGD_Momentum_start6,19.285,0.01
19290,3.986141443252564,1.0121151208877563,0.749900758266449,0.7482621073722839,SGD_Momentum_start6,19.29,0.01
19295,2.5088276863098145,1.0282878875732422,0.821943461894989,0.6496667861938477,SGD_Momentum_start6,19.295,0.01
19300,3.235170364379883,0.9187343120574952,0.7657797932624817,0.6065918207168579,SGD_Momentum_start6,19.3,0.01
19305,8.171796798706055,0.9382779598236084,0.7897523641586304,0.4990252554416656,SGD_Momentum_start6,19.305,0.01
19310,3.3560357093811035,0.761562168598175,0.6318863034248352,0.4838601946830749,SGD_Momentum_start6,19.31,0.01
19315,0.677013099193573,0.7279536724090576,0.6054258346557617,0.404296725988388,SGD_Momentum_start6,19.315,0.01
19320,1.244302749633789,0.6877821087837219,0.6706016659736633,0.2982360124588012,SGD_Momentum_start6,19.32,0.01
19325,1.183465838432312,0.6312892436981201,0.5376619696617126,0.3848616480827331,SGD_Momentum_start6,19.325,0.01
19330,0.5562016367912292,0.6489036679267883,0.5752885341644287,0.3349561691284179,SGD_Momentum_start6,19.33,0.01
19335,0.1630863398313522,0.6877574920654297,0.6561299562454224,0.3975509405136108,SGD_Momentum_start6,19.335,0.01
19340,0.0923800021409988,0.8331325650215149,0.7877946496009827,0.4939812421798706,SGD_Momentum_start6,19.34,0.01
19345,2.326650381088257,0.9112317562103271,0.6932849884033203,0.6853382587432861,SGD_Momentum_start6,19.345,0.01
19350,5.816373348236084,1.0500657558441162,0.9150065779685974,0.6206789016723633,SGD_Momentum_start6,19.35,0.01
19355,3.844683408737183,0.9865617156028748,0.7794910669326782,0.7018350958824158,SGD_Momentum_start6,19.355,0.01
19360,0.0404766798019409,0.9918953776359558,0.7190330028533936,0.7092670202255249,SGD_Momentum_start6,19.36,0.01
19365,0.1344563513994217,0.9489765167236328,0.8785018920898438,0.5525414943695068,SGD_Momentum_start6,19.365,0.01
19370,1.4388350248336792,0.9161326885223388,0.6937997937202454,0.5829582214355469,SGD_Momentum_start6,19.37,0.01
19375,1.081101417541504,0.7878357172012329,0.7134568691253662,0.4469860792160034,SGD_Momentum_start6,19.375,0.01
19380,0.3667542934417724,0.7224478721618652,0.5917378664016724,0.4429005086421966,SGD_Momentum_start6,19.38,0.01
19385,2.58211636543274,0.7194007635116577,0.6763737797737122,0.315548837184906,SGD_Momentum_start6,19.385,0.01
19390,1.0453009605407717,0.6330283284187317,0.5640919208526611,0.3593342900276184,SGD_Momentum_start6,19.39,0.01
19395,0.182911068201065,0.6284245848655701,0.533607006072998,0.3781880736351013,SGD_Momentum_start6,19.395,0.01
19400,0.2292017638683319,0.6713659167289734,0.6379268765449524,0.337351381778717,SGD_Momentum_start6,19.4,0.01
19405,0.165542185306549,0.6960679888725281,0.6270684003829956,0.3912064433097839,SGD_Momentum_start6,19.405,0.01
19410,0.7341405749320984,0.8044623732566833,0.6810984015464783,0.5517724752426147,SGD_Momentum_start6,19.41,0.01
19415,1.4821847677230835,0.953070342540741,0.7773913145065308,0.6164745092391968,SGD_Momentum_start6,19.415,0.01
19420,0.2357502281665802,1.0049450397491455,0.8227373361587524,0.6722800135612488,SGD_Momentum_start6,19.42,0.01
19425,0.9947630167007446,1.0739513635635376,0.9172106385231018,0.6889983415603638,SGD_Momentum_start6,19.425,0.01
19430,0.2978852987289428,1.068603515625,0.9096216559410096,0.7107369899749756,SGD_Momentum_start6,19.43,0.01
19435,1.9479938745498653,1.050108790397644,0.8173872828483582,0.750205934047699,SGD_Momentum_start6,19.435,0.01
19440,1.8654569387435915,1.0290358066558838,0.7570365071296692,0.7570515871047974,SGD_Momentum_start6,19.44,0.01
19445,0.1538015156984329,1.01795756816864,0.8272998929023743,0.6857801079750061,SGD_Momentum_start6,19.445,0.01
19450,1.3775054216384888,1.026577711105347,0.7906692028045654,0.7479050159454346,SGD_Momentum_start6,19.45,0.01
19455,3.125119924545288,1.098217487335205,0.8610884547233582,0.7261701822280884,SGD_Momentum_start6,19.455,0.01
19460,6.129365921020508,1.0148682594299316,0.8045822978019714,0.7210248112678528,SGD_Momentum_start6,19.46,0.01
19465,6.644739151000977,1.0374269485473633,0.8312330842018127,0.621985912322998,SGD_Momentum_start6,19.465,0.01
19470,8.0075101852417,0.8596799969673157,0.6583602428436279,0.6046204566955566,SGD_Momentum_start6,19.47,0.01
19475,0.1475158631801605,0.8405018448829651,0.6603717803955078,0.543184757232666,SGD_Momentum_start6,19.475,0.01
19480,1.079361081123352,0.8239701986312866,0.7673303484916687,0.4225742816925049,SGD_Momentum_start6,19.48,0.01
19485,2.024827003479004,0.7453281283378601,0.6013535857200623,0.4916610419750213,SGD_Momentum_start6,19.485,0.01
19490,0.7586208581924438,0.7476889491081238,0.6419939994812012,0.4118689000606537,SGD_Momentum_start6,19.49,0.01
19495,1.1367018222808838,0.8129510283470154,0.7191449403762817,0.4718151986598968,SGD_Momentum_start6,19.495,0.01
19500,0.1201796010136604,0.8629928231239319,0.7559430003166199,0.5284482836723328,SGD_Momentum_start6,19.5,0.01
19505,0.1121904999017715,0.9116411209106444,0.8131260871887207,0.5720296502113342,SGD_Momentum_start6,19.505,0.01
19510,3.466037034988404,0.9368079304695128,0.7280817627906799,0.6792661547660828,SGD_Momentum_start6,19.51,0.01
19515,6.337174892425537,1.018481731414795,0.8540669679641724,0.5986524820327759,SGD_Momentum_start6,19.515,0.01
19520,0.2264807969331741,0.9365630149841307,0.8385816216468811,0.5679583549499512,SGD_Momentum_start6,19.52,0.01
19525,1.7442184686660769,0.8861068487167358,0.6539958715438843,0.6352887153625488,SGD_Momentum_start6,19.525,0.01
19530,0.4613285362720489,0.8684548139572144,0.7411578297615051,0.5148445963859558,SGD_Momentum_start6,19.53,0.01
19535,1.0523601770401,0.853554368019104,0.775633692741394,0.4632508456707001,SGD_Momentum_start6,19.535,0.01
19540,0.0884284153580665,0.8170918226242065,0.7600213289260864,0.4692473411560058,SGD_Momentum_start6,19.54,0.01
19545,0.8318111896514893,0.8369417786598206,0.7054421305656433,0.5453132390975952,SGD_Momentum_start6,19.545,0.01
19550,1.0989465713500977,0.8499863147735596,0.6695550084114075,0.587149441242218,SGD_Momentum_start6,19.55,0.01
19555,0.1526293754577636,0.8761178255081177,0.7474288940429688,0.5604702830314636,SGD_Momentum_start6,19.555,0.01
19560,1.5527995824813845,0.9191141724586488,0.7020020484924316,0.667944610118866,SGD_Momentum_start6,19.56,0.01
19565,6.900674343109131,1.0115752220153809,0.896909236907959,0.5634939074516296,SGD_Momentum_start6,19.565,0.01
19570,2.113344192504883,0.9218896627426147,0.7551465034484863,0.6216287612915039,SGD_Momentum_start6,19.57,0.01
19575,0.2118843793869018,0.9183271527290344,0.6916772127151489,0.6184594035148621,SGD_Momentum_start6,19.575,0.01
19580,0.0743940249085426,0.8605796694755554,0.8229477405548096,0.4679035544395447,SGD_Momentum_start6,19.58,0.01
19585,1.2460135221481323,0.8443695306777954,0.6567927002906799,0.5192369222640991,SGD_Momentum_start6,19.585,0.01
19590,0.9192496538162231,0.7375176548957825,0.6788082718849182,0.404753178358078,SGD_Momentum_start6,19.59,0.01
19595,0.4121334254741668,0.6854912638664246,0.5680017471313477,0.4152599275112152,SGD_Momentum_start6,19.595,0.01
19600,2.048863172531128,0.6883765459060669,0.649781346321106,0.2981112003326416,SGD_Momentum_start6,19.6,0.01
19605,1.1333762407302856,0.6112728714942932,0.5460644364356995,0.3456673920154571,SGD_Momentum_start6,19.605,0.01
19610,0.1953684240579605,0.610367476940155,0.5578611493110657,0.3275524377822876,SGD_Momentum_start6,19.61,0.01
19615,0.2296365797519683,0.7123655080795288,0.6577220559120178,0.4180315434932709,SGD_Momentum_start6,19.615,0.01
19620,1.6875100135803225,0.87718266248703,0.8181406855583191,0.4951272010803222,SGD_Momentum_start6,19.62,0.01
19625,7.24606990814209,0.9148772954940796,0.6690740585327148,0.7146012783050537,SGD_Momentum_start6,19.625,0.01
19630,14.003499031066896,1.063826560974121,0.9728655815124512,0.5590990781784058,SGD_Momentum_start6,19.63,0.01
19635,8.310995101928711,0.9268218874931335,0.6345211267471313,0.7203863859176636,SGD_Momentum_start6,19.635,0.01
19640,1.8107872009277344,0.9205254316329956,0.8047966957092285,0.5155051350593567,SGD_Momentum_start6,19.64,0.01
19645,2.0473287105560303,0.8110204935073853,0.6798455715179443,0.5171927809715271,SGD_Momentum_start6,19.645,0.01
19650,0.3526882231235504,0.7897778749465942,0.6292221546173096,0.4841058552265167,SGD_Momentum_start6,19.65,0.01
19655,0.2373460233211517,0.7347983717918396,0.677143394947052,0.3781749606132507,SGD_Momentum_start6,19.655,0.01
19660,0.1604659557342529,0.7030888199806213,0.6256197690963745,0.3909882605075836,SGD_Momentum_start6,19.66,0.01
19665,0.1832059621810913,0.7832468152046204,0.7007111310958862,0.4874382019042969,SGD_Momentum_start6,19.665,0.01
19670,0.0958626344799995,0.9432142972946168,0.7869516015052795,0.639487624168396,SGD_Momentum_start6,19.67,0.01
19675,0.0369822978973388,1.056157112121582,0.8801596760749817,0.727684497833252,SGD_Momentum_start6,19.675,0.01
19680,0.2920476496219635,1.1506102085113523,0.8988163471221924,0.817560613155365,SGD_Momentum_start6,19.68,0.01
19685,0.0330187045037746,1.1983431577682495,0.9519309997558594,0.8571254014968872,SGD_Momentum_start6,19.685,0.01
19690,0.1525091081857681,1.24178147315979,0.9336782097816468,0.9061421155929564,SGD_Momentum_start6,19.69,0.01
19695,0.2543723285198211,1.2471381425857544,0.9625712633132936,0.9100229740142822,SGD_Momentum_start6,19.695,0.01
19700,0.0018434689845889,0.5275170207023621,1.0077311992645264,0.8969832062721252,SGD_Momentum_start6,19.7,0.01
19705,0.0455690398812294,1.2668875455856323,0.9564281105995178,0.9214626550674438,SGD_Momentum_start6,19.705,0.01
19710,1.4796611070632937,1.2397435903549194,0.9507704973220824,0.9117514491081238,SGD_Momentum_start6,19.71,0.01
19715,0.1381443738937378,1.2358063459396362,0.8249098062515259,0.9406481981277466,SGD_Momentum_start6,19.715,0.01
19720,1.1317567825317385,1.1438885927200315,0.9809226989746094,0.7536556720733643,SGD_Momentum_start6,19.72,0.01
19725,0.4462120532989502,1.0759650468826294,0.7448943257331848,0.7650319933891296,SGD_Momentum_start6,19.725,0.01
19730,4.429502010345459,0.9085254073143004,0.7562657594680786,0.5876227021217346,SGD_Momentum_start6,19.73,0.01
19735,17.3765869140625,0.9196928143501282,0.8197467923164368,0.3916528224945068,SGD_Momentum_start6,19.735,0.01
19740,8.901938438415527,0.6517114043235779,0.4394975304603576,0.483094573020935,SGD_Momentum_start6,19.74,0.01
19745,1.0391801595687866,0.5617875456809998,0.5800867080688477,0.1535941213369369,SGD_Momentum_start6,19.745,0.01
19750,1.109924554824829,0.4736951291561126,0.4172635376453399,0.1774651408195495,SGD_Momentum_start6,19.75,0.01
19755,0.6556991934776306,0.3910365104675293,0.3878530859947204,0.1510770618915558,SGD_Momentum_start6,19.755,0.01
19760,0.7301132678985596,0.4393916130065918,0.4210950434207916,0.168208435177803,SGD_Momentum_start6,19.76,0.01
19765,1.0778955221176147,0.4675145149230957,0.4524037837982178,0.2373014539480209,SGD_Momentum_start6,19.765,0.01
19770,0.5304044485092163,0.5340507626533508,0.488059252500534,0.2559636831283569,SGD_Momentum_start6,19.77,0.01
19775,0.2565533518791199,0.5686975717544556,0.5281843543052673,0.2948870956897735,SGD_Momentum_start6,19.775,0.01
19780,0.1710334122180938,0.6465086936950684,0.6078178882598877,0.3701609373092651,SGD_Momentum_start6,19.78,0.01
19785,0.2814065217971802,0.8151270151138306,0.7385740280151367,0.5181097984313965,SGD_Momentum_start6,19.785,0.01
19790,0.0609840601682662,0.9525929689407348,0.7998780608177185,0.6366942524909973,SGD_Momentum_start6,19.79,0.01
19795,0.1777532696723938,1.0714735984802246,0.8335738778114319,0.7613887190818787,SGD_Momentum_start6,19.795,0.01
19800,0.4165771603584289,1.1241321563720703,0.8710920214653015,0.8159658312797546,SGD_Momentum_start6,19.8,0.01
19805,0.4931097626686096,1.1554648876190186,0.9321670532226562,0.8157197833061218,SGD_Momentum_start6,19.805,0.01
19810,0.1034863516688346,1.179253101348877,0.9207419157028198,0.8296486139297485,SGD_Momentum_start6,19.81,0.01
19815,0.0180302932858467,1.173054814338684,0.9563922882080078,0.8128885626792908,SGD_Momentum_start6,19.815,0.01
19820,0.0958523973822593,1.1818971633911133,0.9174485802650452,0.8338953256607056,SGD_Momentum_start6,19.82,0.01
19825,4.075748443603516,1.2045344114303589,1.024616003036499,0.7658122181892395,SGD_Momentum_start6,19.825,0.01
19830,12.123248100280762,1.096535563468933,0.726026713848114,0.8791259527206421,SGD_Momentum_start6,19.83,0.01
19835,14.656871795654297,1.1343998908996582,1.008614182472229,0.6159855127334595,SGD_Momentum_start6,19.835,0.01
19840,8.805225372314453,0.93072247505188,0.6256593465805054,0.7174538373947144,SGD_Momentum_start6,19.84,0.01
19845,1.1738028526306152,0.8752614855766296,0.7665458917617798,0.4796288311481476,SGD_Momentum_start6,19.845,0.01
19850,1.853481888771057,0.7557117342948914,0.6419676542282104,0.465873509645462,SGD_Momentum_start6,19.85,0.01
19855,0.3460391461849212,0.7282370924949646,0.5935854315757751,0.4270250201225281,SGD_Momentum_start6,19.855,0.01
19860,0.2864308953285217,0.6768215894699097,0.6362292766571045,0.3261866271495819,SGD_Momentum_start6,19.86,0.01
19865,0.206965297460556,0.6568164825439453,0.5976258516311646,0.3498498797416687,SGD_Momentum_start6,19.865,0.01
19870,0.9258252382278442,0.7233069539070129,0.6939721703529358,0.3567394018173218,SGD_Momentum_start6,19.87,0.01
19875,2.39336895942688,0.7555801868438721,0.6306346654891968,0.5241989493370056,SGD_Momentum_start6,19.875,0.01
19880,2.8329994678497314,0.883391797542572,0.7600458264350891,0.5094866752624512,SGD_Momentum_start6,19.88,0.01
19885,0.5985443592071533,0.8567026257514954,0.7734124064445496,0.5171801447868347,SGD_Momentum_start6,19.885,0.01
19890,2.558318614959717,0.841687798500061,0.62419193983078,0.6168158054351807,SGD_Momentum_start6,19.89,0.01
19895,3.96277928352356,0.892724335193634,0.8618377447128296,0.4293357133865356,SGD_Momentum_start6,19.895,0.01
19900,0.962968647480011,0.7956891059875488,0.5979031324386597,0.5471811890602112,SGD_Momentum_start6,19.9,0.01
19905,0.443488597869873,0.7561156749725342,0.7090405225753784,0.3726151287555694,SGD_Momentum_start6,19.905,0.01
19910,1.0051616430282593,0.6748911738395691,0.5735071301460266,0.4063494503498077,SGD_Momentum_start6,19.91,0.01
19915,1.810041427612305,0.6886593699455261,0.6214399933815002,0.3253589868545532,SGD_Momentum_start6,19.915,0.01
19920,0.4075868725776672,0.6234242916107178,0.5967721939086914,0.3091275095939636,SGD_Momentum_start6,19.92,0.01
19925,0.2213154137134552,0.6281946897506714,0.5925337672233582,0.3372425436973572,SGD_Momentum_start6,19.925,0.01
19930,0.2704816460609436,0.731357216835022,0.6694850325584412,0.4601934254169464,SGD_Momentum_start6,19.93,0.01
19935,1.165279746055603,0.871884822845459,0.6932569742202759,0.627544105052948,SGD_Momentum_start6,19.935,0.01
19940,0.1759863197803497,0.9710376262664796,0.8068640828132629,0.6587740778923035,SGD_Momentum_start6,19.94,0.01
19945,2.1313188076019287,1.0153692960739136,0.7466744780540466,0.7635478377342224,SGD_Momentum_start6,19.945,0.01
19950,8.858880996704102,1.1039795875549316,0.9578128457069396,0.6439791321754456,SGD_Momentum_start6,19.95,0.01
19955,2.671426773071289,0.9981546998023988,0.797023355960846,0.6942471265792847,SGD_Momentum_start6,19.955,0.01
19960,0.2485552728176117,0.9863620400428772,0.725756049156189,0.6805946826934814,SGD_Momentum_start6,19.96,0.01
19965,0.0571956261992454,0.9162227511405944,0.8636111617088318,0.5145655870437622,SGD_Momentum_start6,19.965,0.01
19970,1.6398091316223145,0.8898075222969055,0.6835795640945435,0.5537455081939697,SGD_Momentum_start6,19.97,0.01
19975,0.896278977394104,0.7679760456085205,0.7022106051445007,0.4273771643638611,SGD_Momentum_start6,19.975,0.01
19980,0.3494272828102112,0.7074443101882935,0.5832480788230896,0.4297087490558624,SGD_Momentum_start6,19.98,0.01
19985,2.402352094650269,0.7072708606719971,0.6663976907730103,0.3083170652389526,SGD_Momentum_start6,19.985,0.01
19990,1.0895612239837646,0.6253458261489868,0.5575019717216492,0.3551310300827026,SGD_Momentum_start6,19.99,0.01
19995,0.1852284073829651,0.6225625872612,0.5694910287857056,0.3512904345989227,SGD_Momentum_start6,19.995,0.01
19999,0.7878424525260925,0.7230434417724609,0.6581769585609436,0.4000172019004822,SGD_Momentum_start6,19.999,0.01
