phase,seed,torch_version,cuda_available,device,cudnn_deterministic,cudnn_benchmark,time_sec,epoch,batch,global_step,train_loss,grad_norm,update_norm,lr,tainted,effective_batch_size,original_batch_size,test_loss,test_accuracy
meta_begin,1011.0,2.6.0+cu124,True,cuda,True,False,0.0,,,,,,,,,,,,
train,,,,,,,0.1065223217010498,1.0,1.0,1.0,2.339289903640747,0.0,0.0010000010994676348,0.001,False,128.0,128.0,,
train,,,,,,,0.2503693103790283,1.0,2.0,2.0,2.3351263999938965,0.9999995231628418,0.0009999997069154564,0.001,False,128.0,128.0,,
train,,,,,,,0.33454012870788574,1.0,3.0,3.0,2.348290205001831,0.999999463558197,0.001000000436859287,0.001,False,128.0,128.0,,
train,,,,,,,0.4140505790710449,1.0,4.0,4.0,2.3312056064605713,0.999999463558197,0.00100000041656997,0.001,False,128.0,128.0,,
train,,,,,,,0.4951653480529785,1.0,5.0,5.0,2.3298466205596924,0.999999463558197,0.0010000000498633903,0.001,False,128.0,128.0,,
train,,,,,,,0.5813112258911133,1.0,6.0,6.0,2.3316495418548584,0.9999995827674866,0.0009999994454578233,0.001,False,128.0,128.0,,
train,,,,,,,0.6595091819763184,1.0,7.0,7.0,2.3399739265441895,0.999999463558197,0.0009999999067556394,0.001,False,128.0,128.0,,
train,,,,,,,0.7441575527191162,1.0,8.0,8.0,2.3480985164642334,0.999999463558197,0.0009999996092435524,0.001,False,128.0,128.0,,
train,,,,,,,0.8201384544372559,1.0,9.0,9.0,2.3738532066345215,0.9999995231628418,0.000999998649010822,0.001,False,128.0,128.0,,
train,,,,,,,0.8964779376983643,1.0,10.0,10.0,2.3385233879089355,0.9999995827674866,0.0009999996873200142,0.001,False,128.0,128.0,,
train,,,,,,,0.9666657447814941,1.0,11.0,11.0,2.3508102893829346,0.9999994039535522,0.0009999987144308,0.001,False,128.0,128.0,,
train,,,,,,,1.0557310581207275,1.0,12.0,12.0,2.3610477447509766,0.9999995231628418,0.0010000003426569,0.001,False,128.0,128.0,,
train,,,,,,,1.1428108215332031,1.0,13.0,13.0,2.2903077602386475,0.999999463558197,0.000999999637498739,0.001,False,128.0,128.0,,
train,,,,,,,1.2152202129364014,1.0,14.0,14.0,2.3121798038482666,0.9999995827674866,0.0010000004378584873,0.001,False,128.0,128.0,,
train,,,,,,,1.3064391613006592,1.0,15.0,15.0,2.335676431655884,0.9999994039535522,0.0010000005879328077,0.001,False,128.0,128.0,,
train,,,,,,,1.3990228176116943,1.0,16.0,16.0,2.363473892211914,0.999999463558197,0.0010000001367938452,0.001,False,128.0,128.0,,
train,,,,,,,1.4872276782989502,1.0,17.0,17.0,2.2481915950775146,0.9999995231628418,0.0009999974467202063,0.001,False,128.0,128.0,,
train,,,,,,,1.5817503929138184,1.0,18.0,18.0,2.276055097579956,0.999999463558197,0.0009999995749098913,0.001,False,128.0,128.0,,
train,,,,,,,1.720081090927124,1.0,19.0,19.0,2.3100240230560303,0.9999995231628418,0.0009999996806586739,0.001,False,128.0,128.0,,
train,,,,,,,1.7887883186340332,1.0,20.0,20.0,2.34201717376709,0.9999995231628418,0.0009999996600085187,0.001,False,128.0,128.0,,
train,,,,,,,1.8644282817840576,1.0,21.0,21.0,2.312880277633667,0.9999995231628418,0.0009999991182471073,0.001,False,128.0,128.0,,
train,,,,,,,1.9468815326690674,1.0,22.0,22.0,2.304270029067993,0.999999463558197,0.000999999633946024,0.001,False,128.0,128.0,,
train,,,,,,,2.026306629180908,1.0,23.0,23.0,2.3105435371398926,0.9999994039535522,0.0010000007111674834,0.001,False,128.0,128.0,,
train,,,,,,,2.1055877208709717,1.0,24.0,24.0,2.334841251373291,0.999999463558197,0.000999999395164691,0.001,False,128.0,128.0,,
train,,,,,,,2.1824657917022705,1.0,25.0,25.0,2.3034327030181885,0.999999463558197,0.000999998569379965,0.001,False,128.0,128.0,,
train,,,,,,,2.257812976837158,1.0,26.0,26.0,2.3068315982818604,0.999999463558197,0.000999998807467605,0.001,False,128.0,128.0,,
train,,,,,,,2.3353612422943115,1.0,27.0,27.0,2.3025593757629395,0.9999995231628418,0.0009999992182505295,0.001,False,128.0,128.0,,
train,,,,,,,2.4143948554992676,1.0,28.0,28.0,2.301248550415039,0.9999994039535522,0.000999998400958877,0.001,False,128.0,128.0,,
train,,,,,,,2.5042338371276855,1.0,29.0,29.0,2.271254301071167,0.9999994039535522,0.0010000005204590407,0.001,False,128.0,128.0,,
train,,,,,,,2.596101999282837,1.0,30.0,30.0,2.294362783432007,0.9999995231628418,0.0010000007206598834,0.001,False,128.0,128.0,,
train,,,,,,,2.6805531978607178,1.0,31.0,31.0,2.32619047164917,0.9999993443489075,0.0009999998959587194,0.001,False,128.0,128.0,,
train,,,,,,,2.7631399631500244,1.0,32.0,32.0,2.299014091491699,0.9999994039535522,0.0009999997480214752,0.001,False,128.0,128.0,,
train,,,,,,,2.8347008228302,1.0,33.0,33.0,2.2866337299346924,0.9999995231628418,0.0009999990264593338,0.001,False,128.0,128.0,,
train,,,,,,,2.905613422393799,1.0,34.0,34.0,2.290964365005493,0.999999463558197,0.0009999996367493383,0.001,False,128.0,128.0,,
train,,,,,,,2.979624032974243,1.0,35.0,35.0,2.2887918949127197,0.9999995827674866,0.0009999973984253802,0.001,False,128.0,128.0,,
train,,,,,,,3.0490987300872803,1.0,36.0,36.0,2.2648324966430664,0.9999994039535522,0.0010000007488872832,0.001,False,128.0,128.0,,
train,,,,,,,3.1227846145629883,1.0,37.0,37.0,2.297455310821533,0.999999463558197,0.0010000007365083055,0.001,False,128.0,128.0,,
train,,,,,,,3.2040979862213135,1.0,38.0,38.0,2.256136417388916,0.999999463558197,0.0009999973919860698,0.001,False,128.0,128.0,,
train,,,,,,,3.286738872528076,1.0,39.0,39.0,2.3131556510925293,0.9999995231628418,0.000999999383035497,0.001,False,128.0,128.0,,
train,,,,,,,3.3591158390045166,1.0,40.0,40.0,2.3168418407440186,0.999999463558197,0.001000000233466497,0.001,False,128.0,128.0,,
train,,,,,,,3.4416208267211914,1.0,41.0,41.0,2.2807772159576416,0.9999995231628418,0.000999999079361511,0.001,False,128.0,128.0,,
train,,,,,,,3.5212481021881104,1.0,42.0,42.0,2.328212022781372,0.9999995231628418,0.0009999982326210275,0.001,False,128.0,128.0,,
train,,,,,,,3.6029608249664307,1.0,43.0,43.0,2.3163418769836426,0.9999995827674866,0.000999999035785216,0.001,False,128.0,128.0,,
train,,,,,,,3.6805930137634277,1.0,44.0,44.0,2.317176103591919,0.9999996423721313,0.000999997874295849,0.001,False,128.0,128.0,,
train,,,,,,,3.755686044692993,1.0,45.0,45.0,2.2888500690460205,0.9999995827674866,0.0009999989515747148,0.001,False,128.0,128.0,,
train,,,,,,,3.828625202178955,1.0,46.0,46.0,2.2798044681549072,0.999999463558197,0.0010000001922217205,0.001,False,128.0,128.0,,
train,,,,,,,3.9101624488830566,1.0,47.0,47.0,2.2561399936676025,0.9999995231628418,0.0010000002705756923,0.001,False,128.0,128.0,,
train,,,,,,,3.9901273250579834,1.0,48.0,48.0,2.295151472091675,0.999999463558197,0.0009999983028705112,0.001,False,128.0,128.0,,
train,,,,,,,4.061474561691284,1.0,49.0,49.0,2.2653801441192627,0.9999995231628418,0.0009999995221187626,0.001,False,128.0,128.0,,
train,,,,,,,4.152232885360718,1.0,50.0,50.0,2.336315393447876,0.9999995231628418,0.000999999433245363,0.001,False,128.0,128.0,,
train,,,,,,,4.223982334136963,1.0,51.0,51.0,2.2820961475372314,0.9999994039535522,0.000999997731382076,0.001,False,128.0,128.0,,
train,,,,,,,4.2933337688446045,1.0,52.0,52.0,2.2798821926116943,0.9999994039535522,0.0010000001909449643,0.001,False,128.0,128.0,,
train,,,,,,,4.364453554153442,1.0,53.0,53.0,2.2675940990448,0.999999463558197,0.0009999987209533688,0.001,False,128.0,128.0,,
train,,,,,,,4.435656309127808,1.0,54.0,54.0,2.2731523513793945,0.9999995827674866,0.0009999994393238376,0.001,False,128.0,128.0,,
train,,,,,,,4.517532587051392,1.0,55.0,55.0,2.259226083755493,0.999999463558197,0.0009999998435284302,0.001,False,128.0,128.0,,
train,,,,,,,4.599992036819458,1.0,56.0,56.0,2.2829654216766357,0.999999463558197,0.0009999989913484957,0.001,False,128.0,128.0,,
train,,,,,,,4.69886040687561,1.0,57.0,57.0,2.2956302165985107,0.9999994039535522,0.0009999980413569996,0.001,False,128.0,128.0,,
train,,,,,,,4.780060768127441,1.0,58.0,58.0,2.274139642715454,0.9999995231628418,0.0009999983466688828,0.001,False,128.0,128.0,,
train,,,,,,,4.882696151733398,1.0,59.0,59.0,2.289533853530884,0.999999463558197,0.001000000904568178,0.001,False,128.0,128.0,,
train,,,,,,,4.970840692520142,1.0,60.0,60.0,2.2716712951660156,0.9999995231628418,0.0009999994199781904,0.001,False,128.0,128.0,,
train,,,,,,,5.044041633605957,1.0,61.0,61.0,2.2767698764801025,0.999999463558197,0.0010000000049548703,0.001,False,128.0,128.0,,
train,,,,,,,5.119717121124268,1.0,62.0,62.0,2.261897087097168,0.9999994039535522,0.0010000014681167168,0.001,False,128.0,128.0,,
train,,,,,,,5.195329189300537,1.0,63.0,63.0,2.2627413272857666,0.9999994039535522,0.0010000021608668715,0.001,False,128.0,128.0,,
train,,,,,,,5.265699148178101,1.0,64.0,64.0,2.221662759780884,0.9999995231628418,0.0010000003363563866,0.001,False,128.0,128.0,,
train,,,,,,,5.337597846984863,1.0,65.0,65.0,2.2196295261383057,0.9999995231628418,0.0009999994640263136,0.001,False,128.0,128.0,,
train,,,,,,,5.408562660217285,1.0,66.0,66.0,2.280038833618164,0.9999995231628418,0.000999999262132128,0.001,False,128.0,128.0,,
train,,,,,,,5.481664180755615,1.0,67.0,67.0,2.2641587257385254,0.9999995231628418,0.0010000012423531707,0.001,False,128.0,128.0,,
train,,,,,,,5.54915452003479,1.0,68.0,68.0,2.289280891418457,0.9999995231628418,0.0009999995698306188,0.001,False,128.0,128.0,,
train,,,,,,,5.625477313995361,1.0,69.0,69.0,2.2906315326690674,0.9999994039535522,0.0009999983617956965,0.001,False,128.0,128.0,,
train,,,,,,,5.701342821121216,1.0,70.0,70.0,2.2593607902526855,0.999999463558197,0.0009999994647479588,0.001,False,128.0,128.0,,
train,,,,,,,5.776018142700195,1.0,71.0,71.0,2.23600435256958,0.9999994039535522,0.0009999997413878909,0.001,False,128.0,128.0,,
train,,,,,,,5.853693962097168,1.0,72.0,72.0,2.239387035369873,0.9999994039535522,0.0009999975071720024,0.001,False,128.0,128.0,,
train,,,,,,,5.930790901184082,1.0,73.0,73.0,2.2798843383789062,0.999999463558197,0.000999999450842408,0.001,False,128.0,128.0,,
train,,,,,,,6.008468151092529,1.0,74.0,74.0,2.2353262901306152,0.9999995231628418,0.0010000007733954378,0.001,False,128.0,128.0,,
train,,,,,,,6.084983825683594,1.0,75.0,75.0,2.2788925170898438,0.9999993443489075,0.0009999993887531491,0.001,False,128.0,128.0,,
train,,,,,,,6.1612324714660645,1.0,76.0,76.0,2.2481539249420166,0.9999995231628418,0.0009999986845102508,0.001,False,128.0,128.0,,
train,,,,,,,6.239409446716309,1.0,77.0,77.0,2.2237253189086914,0.999999463558197,0.0009999992891938337,0.001,False,128.0,128.0,,
train,,,,,,,6.3194191455841064,1.0,78.0,78.0,2.2543084621429443,0.9999994039535522,0.0009999983047023822,0.001,False,128.0,128.0,,
train,,,,,,,6.392925262451172,1.0,79.0,79.0,2.2307980060577393,0.9999995827674866,0.0009999980084110663,0.001,False,128.0,128.0,,
train,,,,,,,6.469165086746216,1.0,80.0,80.0,2.2845144271850586,0.999999463558197,0.0010000002260835156,0.001,False,128.0,128.0,,
train,,,,,,,6.541471481323242,1.0,81.0,81.0,2.2443435192108154,0.9999994039535522,0.0010000001716548427,0.001,False,128.0,128.0,,
train,,,,,,,6.628552436828613,1.0,82.0,82.0,2.240572452545166,0.999999463558197,0.000999999570163686,0.001,False,128.0,128.0,,
train,,,,,,,6.709471702575684,1.0,83.0,83.0,2.2307088375091553,0.9999995231628418,0.0009999982478033542,0.001,False,128.0,128.0,,
train,,,,,,,6.788459300994873,1.0,84.0,84.0,2.2561068534851074,0.9999995827674866,0.0010000013097436222,0.001,False,128.0,128.0,,
train,,,,,,,6.8698084354400635,1.0,85.0,85.0,2.267838716506958,0.999999463558197,0.0009999988785219607,0.001,False,128.0,128.0,,
train,,,,,,,6.948991298675537,1.0,86.0,86.0,2.246180772781372,0.9999994039535522,0.0010000000636023996,0.001,False,128.0,128.0,,
train,,,,,,,7.023071050643921,1.0,87.0,87.0,2.259763240814209,0.9999994039535522,0.0009999990808603134,0.001,False,128.0,128.0,,
train,,,,,,,7.110750913619995,1.0,88.0,88.0,2.231508255004883,0.9999995231628418,0.0009999988894021585,0.001,False,128.0,128.0,,
train,,,,,,,7.195457220077515,1.0,89.0,89.0,2.2333672046661377,0.999999463558197,0.0009999995251163663,0.001,False,128.0,128.0,,
train,,,,,,,7.471096754074097,1.0,90.0,90.0,2.2309019565582275,0.9999995231628418,0.0010000000515564805,0.001,False,128.0,128.0,,
train,,,,,,,7.546951532363892,1.0,91.0,91.0,2.228806495666504,0.999999463558197,0.0009999981125779437,0.001,False,128.0,128.0,,
train,,,,,,,7.6323511600494385,1.0,92.0,92.0,2.2535109519958496,0.9999994039535522,0.001000000400138676,0.001,False,128.0,128.0,,
train,,,,,,,7.71364426612854,1.0,93.0,93.0,2.251217842102051,0.9999995231628418,0.0009999995816822546,0.001,False,128.0,128.0,,
train,,,,,,,7.7851881980896,1.0,94.0,94.0,2.238804817199707,0.9999995231628418,0.0009999994994702019,0.001,False,128.0,128.0,,
train,,,,,,,7.853889226913452,1.0,95.0,95.0,2.247223377227783,0.9999995231628418,0.0009999993449825789,0.001,False,128.0,128.0,,
train,,,,,,,7.9266557693481445,1.0,96.0,96.0,2.22652006149292,0.9999994039535522,0.001000000066960824,0.001,False,128.0,128.0,,
train,,,,,,,8.003400802612305,1.0,97.0,97.0,2.202267646789551,0.999999463558197,0.00100000070500575,0.001,False,128.0,128.0,,
train,,,,,,,8.077449083328247,1.0,98.0,98.0,2.257535934448242,0.999999463558197,0.0009999988727487944,0.001,False,128.0,128.0,,
train,,,,,,,8.148035526275635,1.0,99.0,99.0,2.2395105361938477,0.9999995231628418,0.0009999980330580663,0.001,False,128.0,128.0,,
train,,,,,,,8.223944425582886,1.0,100.0,100.0,2.2295875549316406,0.9999994039535522,0.0009999988500447078,0.001,False,128.0,128.0,,
train,,,,,,,8.303853988647461,1.0,101.0,101.0,2.2046823501586914,0.9999995231628418,0.0009999987245615982,0.001,False,128.0,128.0,,
train,,,,,,,8.383105516433716,1.0,102.0,102.0,2.238067626953125,0.999999463558197,0.000999998297652454,0.001,False,128.0,128.0,,
train,,,,,,,8.453970193862915,1.0,103.0,103.0,2.18049693107605,0.999999463558197,0.000999999424974197,0.001,False,128.0,128.0,,
train,,,,,,,8.527427911758423,1.0,104.0,104.0,2.2206168174743652,0.9999995231628418,0.0010000001045973813,0.001,False,128.0,128.0,,
train,,,,,,,8.601516962051392,1.0,105.0,105.0,2.2191946506500244,0.999999463558197,0.0009999988974512843,0.001,False,128.0,128.0,,
train,,,,,,,8.674911260604858,1.0,106.0,106.0,2.2294957637786865,0.999999463558197,0.0009999995205089386,0.001,False,128.0,128.0,,
train,,,,,,,8.751454830169678,1.0,107.0,107.0,2.197183847427368,0.9999994039535522,0.0009999998844401543,0.001,False,128.0,128.0,,
train,,,,,,,8.8272066116333,1.0,108.0,108.0,2.2290420532226562,0.9999994039535522,0.0010000004483223346,0.001,False,128.0,128.0,,
train,,,,,,,8.899752140045166,1.0,109.0,109.0,2.256230592727661,0.9999993443489075,0.0010000001077615165,0.001,False,128.0,128.0,,
train,,,,,,,8.975101232528687,1.0,110.0,110.0,2.245831251144409,0.999999463558197,0.0009999993494512294,0.001,False,128.0,128.0,,
train,,,,,,,9.049456596374512,1.0,111.0,111.0,2.219020128250122,0.999999463558197,0.0009999991180805739,0.001,False,128.0,128.0,,
train,,,,,,,9.12333059310913,1.0,112.0,112.0,2.2303366661071777,0.9999995231628418,0.0009999992723739427,0.001,False,128.0,128.0,,
train,,,,,,,9.196899652481079,1.0,113.0,113.0,2.2139322757720947,0.9999995827674866,0.0009999996709442191,0.001,False,128.0,128.0,,
train,,,,,,,9.277636528015137,1.0,114.0,114.0,2.231822967529297,0.9999994039535522,0.0009999991979889433,0.001,False,128.0,128.0,,
train,,,,,,,9.35944128036499,1.0,115.0,115.0,2.225951671600342,0.999999463558197,0.0009999997693100067,0.001,False,128.0,128.0,,
train,,,,,,,9.454598426818848,1.0,116.0,116.0,2.191798210144043,0.9999994039535522,0.0009999991856377022,0.001,False,128.0,128.0,,
train,,,,,,,9.553051710128784,1.0,117.0,117.0,2.20687198638916,0.999999463558197,0.000999999548347794,0.001,False,128.0,128.0,,
train,,,,,,,9.628961324691772,1.0,118.0,118.0,2.2116129398345947,0.9999994039535522,0.0009999991343731108,0.001,False,128.0,128.0,,
train,,,,,,,9.70491075515747,1.0,119.0,119.0,2.185638904571533,0.999999463558197,0.001000000212066953,0.001,False,128.0,128.0,,
train,,,,,,,9.800162076950073,1.0,120.0,120.0,2.207914113998413,0.999999463558197,0.000999998831698251,0.001,False,128.0,128.0,,
train,,,,,,,9.872157096862793,1.0,121.0,121.0,2.223499059677124,0.9999995231628418,0.0009999992535556486,0.001,False,128.0,128.0,,
train,,,,,,,9.946194648742676,1.0,122.0,122.0,2.2023115158081055,0.999999463558197,0.0009999993749031085,0.001,False,128.0,128.0,,
train,,,,,,,10.030160665512085,1.0,123.0,123.0,2.1961119174957275,0.9999994039535522,0.0009999997383902878,0.001,False,128.0,128.0,,
train,,,,,,,10.11462664604187,1.0,124.0,124.0,2.200986623764038,0.9999995231628418,0.0009999990191596102,0.001,False,128.0,128.0,,
train,,,,,,,10.190886497497559,1.0,125.0,125.0,2.210383176803589,0.999999463558197,0.00100000015111572,0.001,False,128.0,128.0,,
train,,,,,,,10.27041244506836,1.0,126.0,126.0,2.2296605110168457,0.9999994039535522,0.0009999981242075518,0.001,False,128.0,128.0,,
train,,,,,,,10.36346983909607,1.0,127.0,127.0,2.1799867153167725,0.999999463558197,0.0010000003293064727,0.001,False,128.0,128.0,,
train,,,,,,,10.43995451927185,1.0,128.0,128.0,2.202308177947998,0.999999463558197,0.0009999984290753198,0.001,False,128.0,128.0,,
train,,,,,,,10.530271053314209,1.0,129.0,129.0,2.2181167602539062,0.999999463558197,0.0009999998184096301,0.001,False,128.0,128.0,,
train,,,,,,,10.61732029914856,1.0,130.0,130.0,2.2032828330993652,0.9999994039535522,0.0009999983000949489,0.001,False,128.0,128.0,,
train,,,,,,,10.696759462356567,1.0,131.0,131.0,2.2020325660705566,0.999999463558197,0.0010000008532759193,0.001,False,128.0,128.0,,
train,,,,,,,10.773661375045776,1.0,132.0,132.0,2.2320821285247803,0.9999994039535522,0.0009999987550650142,0.001,False,128.0,128.0,,
train,,,,,,,10.857293844223022,1.0,133.0,133.0,2.182255268096924,0.999999463558197,0.0009999988347791234,0.001,False,128.0,128.0,,
train,,,,,,,10.934598445892334,1.0,134.0,134.0,2.1839590072631836,0.9999995231628418,0.0010000002853971656,0.001,False,128.0,128.0,,
train,,,,,,,11.010486841201782,1.0,135.0,135.0,2.218287467956543,0.999999463558197,0.0010000008106711463,0.001,False,128.0,128.0,,
train,,,,,,,11.090218782424927,1.0,136.0,136.0,2.215597152709961,0.9999994039535522,0.0009999985374054955,0.001,False,128.0,128.0,,
train,,,,,,,11.178416728973389,1.0,137.0,137.0,2.179352045059204,0.9999995231628418,0.0009999986344668807,0.001,False,128.0,128.0,,
train,,,,,,,11.262113571166992,1.0,138.0,138.0,2.1900808811187744,0.999999463558197,0.0009999990789174213,0.001,False,128.0,128.0,,
train,,,,,,,11.369570016860962,1.0,139.0,139.0,2.2060184478759766,0.999999463558197,0.000999998574931088,0.001,False,128.0,128.0,,
train,,,,,,,11.667241334915161,1.0,140.0,140.0,2.191178560256958,0.999999463558197,0.0009999991878859055,0.001,False,128.0,128.0,,
train,,,,,,,11.741342544555664,1.0,141.0,141.0,2.187854290008545,0.999999463558197,0.0009999999539123657,0.001,False,128.0,128.0,,
train,,,,,,,11.816502094268799,1.0,142.0,142.0,2.1780784130096436,0.999999463558197,0.000999999362857181,0.001,False,128.0,128.0,,
train,,,,,,,11.898542165756226,1.0,143.0,143.0,2.1846940517425537,0.9999992847442627,0.0010000009787865174,0.001,False,128.0,128.0,,
train,,,,,,,11.974890232086182,1.0,144.0,144.0,2.151358127593994,0.999999463558197,0.0009999993883923264,0.001,False,128.0,128.0,,
train,,,,,,,12.043421983718872,1.0,145.0,145.0,2.17236065864563,0.9999995231628418,0.0009999991028705048,0.001,False,128.0,128.0,,
train,,,,,,,12.116401672363281,1.0,146.0,146.0,2.178213596343994,0.9999994039535522,0.0009999990995675882,0.001,False,128.0,128.0,,
train,,,,,,,12.186402797698975,1.0,147.0,147.0,2.1498663425445557,0.9999994039535522,0.0010000008540808304,0.001,False,128.0,128.0,,
train,,,,,,,12.265126705169678,1.0,148.0,148.0,2.197673797607422,0.9999995231628418,0.0010000004945631019,0.001,False,128.0,128.0,,
train,,,,,,,12.337008953094482,1.0,149.0,149.0,2.19942307472229,0.999999463558197,0.0010000000164179228,0.001,False,128.0,128.0,,
train,,,,,,,12.42369532585144,1.0,150.0,150.0,2.1993517875671387,0.9999995231628418,0.0009999985022113736,0.001,False,128.0,128.0,,
train,,,,,,,12.506609439849854,1.0,151.0,151.0,2.1883649826049805,0.9999993443489075,0.0009999999061450168,0.001,False,128.0,128.0,,
train,,,,,,,12.577943325042725,1.0,152.0,152.0,2.175194501876831,0.999999463558197,0.0009999997986199008,0.001,False,128.0,128.0,,
train,,,,,,,12.65189814567566,1.0,153.0,153.0,2.1726274490356445,0.9999993443489075,0.0009999978234752807,0.001,False,128.0,128.0,,
train,,,,,,,12.724232196807861,1.0,154.0,154.0,2.168203592300415,0.9999994039535522,0.000999999695813223,0.001,False,128.0,128.0,,
train,,,,,,,12.80140471458435,1.0,155.0,155.0,2.167773485183716,0.999999463558197,0.0010000010032669108,0.001,False,128.0,128.0,,
train,,,,,,,12.879278898239136,1.0,156.0,156.0,2.18556547164917,0.9999995231628418,0.0009999975852208725,0.001,False,128.0,128.0,,
train,,,,,,,12.958982229232788,1.0,157.0,157.0,2.184201240539551,0.9999994039535522,0.0009999991701500782,0.001,False,128.0,128.0,,
train,,,,,,,13.041394472122192,1.0,158.0,158.0,2.1467607021331787,0.9999994039535522,0.0009999995853182365,0.001,False,128.0,128.0,,
train,,,,,,,13.123648166656494,1.0,159.0,159.0,2.1776838302612305,0.9999993443489075,0.0009999996738585557,0.001,False,128.0,128.0,,
train,,,,,,,13.201660394668579,1.0,160.0,160.0,2.1435697078704834,0.999999463558197,0.0009999984372632274,0.001,False,128.0,128.0,,
train,,,,,,,13.282779216766357,1.0,161.0,161.0,2.174966335296631,0.9999994039535522,0.0009999987434909246,0.001,False,128.0,128.0,,
train,,,,,,,13.354780197143555,1.0,162.0,162.0,2.1774094104766846,0.999999463558197,0.000999999606329216,0.001,False,128.0,128.0,,
train,,,,,,,13.429564237594604,1.0,163.0,163.0,2.182799816131592,0.9999994039535522,0.0009999992099793615,0.001,False,128.0,128.0,,
train,,,,,,,13.49943995475769,1.0,164.0,164.0,2.1614770889282227,0.9999993443489075,0.0010000003177046458,0.001,False,128.0,128.0,,
train,,,,,,,13.573537588119507,1.0,165.0,165.0,2.147339344024658,0.999999463558197,0.00100000007645323,0.001,False,128.0,128.0,,
train,,,,,,,13.650466918945312,1.0,166.0,166.0,2.1746983528137207,0.9999994039535522,0.0009999988322533632,0.001,False,128.0,128.0,,
train,,,,,,,13.73346209526062,1.0,167.0,167.0,2.1430211067199707,0.999999463558197,0.0009999998410304281,0.001,False,128.0,128.0,,
train,,,,,,,13.807559967041016,1.0,168.0,168.0,2.1279141902923584,0.9999993443489075,0.0009999982530214115,0.001,False,128.0,128.0,,
train,,,,,,,13.88274073600769,1.0,169.0,169.0,2.170318841934204,0.999999463558197,0.0010000000474209,0.001,False,128.0,128.0,,
train,,,,,,,13.956264734268188,1.0,170.0,170.0,2.1260859966278076,0.9999993443489075,0.0009999984713193713,0.001,False,128.0,128.0,,
train,,,,,,,14.032955408096313,1.0,171.0,171.0,2.140439033508301,0.9999994039535522,0.001000000271103048,0.001,False,128.0,128.0,,
train,,,,,,,14.104376077651978,1.0,172.0,172.0,2.1513538360595703,0.9999995231628418,0.0010000007062269944,0.001,False,128.0,128.0,,
train,,,,,,,14.179311513900757,1.0,173.0,173.0,2.1199116706848145,0.9999993443489075,0.0010000000185551021,0.001,False,128.0,128.0,,
train,,,,,,,14.259860515594482,1.0,174.0,174.0,2.142540216445923,0.9999994039535522,0.0009999980643664167,0.001,False,128.0,128.0,,
train,,,,,,,14.335748195648193,1.0,175.0,175.0,2.110142469406128,0.9999994039535522,0.001000000071845805,0.001,False,128.0,128.0,,
train,,,,,,,14.405452251434326,1.0,176.0,176.0,2.1361474990844727,0.999999463558197,0.001000000335551475,0.001,False,128.0,128.0,,
train,,,,,,,14.485265731811523,1.0,177.0,177.0,2.1032817363739014,0.999999463558197,0.001000001269470334,0.001,False,128.0,128.0,,
train,,,,,,,14.57782530784607,1.0,178.0,178.0,2.172370672225952,0.9999994039535522,0.000999998809799076,0.001,False,128.0,128.0,,
train,,,,,,,14.658109426498413,1.0,179.0,179.0,2.104153633117676,0.9999993443489075,0.0010000008942431132,0.001,False,128.0,128.0,,
train,,,,,,,14.733315706253052,1.0,180.0,180.0,2.191486358642578,0.9999994039535522,0.0009999988776337812,0.001,False,128.0,128.0,,
train,,,,,,,14.826587200164795,1.0,181.0,181.0,2.1300086975097656,0.999999463558197,0.000999999588981974,0.001,False,128.0,128.0,,
train,,,,,,,14.913445472717285,1.0,182.0,182.0,2.176332473754883,0.9999995231628418,0.000999999304459411,0.001,False,128.0,128.0,,
train,,,,,,,15.01799726486206,1.0,183.0,183.0,2.1408932209014893,0.9999994039535522,0.0010000012814884828,0.001,False,128.0,128.0,,
train,,,,,,,15.266619682312012,1.0,184.0,184.0,2.162994623184204,0.999999463558197,0.0009999979064368731,0.001,False,128.0,128.0,,
train,,,,,,,15.352790594100952,1.0,185.0,185.0,2.142590284347534,0.9999995827674866,0.0009999999415056227,0.001,False,128.0,128.0,,
train,,,,,,,15.432348728179932,1.0,186.0,186.0,2.150900363922119,0.9999994039535522,0.0010000011226990258,0.001,False,128.0,128.0,,
train,,,,,,,15.535281896591187,1.0,187.0,187.0,2.110652446746826,0.9999995231628418,0.0009999995712183982,0.001,False,128.0,128.0,,
train,,,,,,,15.604857206344604,1.0,188.0,188.0,2.129783868789673,0.9999996423721313,0.0010000020259750564,0.001,False,128.0,128.0,,
train,,,,,,,15.680713653564453,1.0,189.0,189.0,2.1273791790008545,0.999999463558197,0.0009999991932149804,0.001,False,128.0,128.0,,
train,,,,,,,15.755976915359497,1.0,190.0,190.0,2.141197681427002,0.9999993443489075,0.001000000027242597,0.001,False,128.0,128.0,,
train,,,,,,,15.835322141647339,1.0,191.0,191.0,2.130035400390625,0.999999463558197,0.000999999535802268,0.001,False,128.0,128.0,,
train,,,,,,,15.909755945205688,1.0,192.0,192.0,2.137197256088257,0.9999992847442627,0.0010000002274435386,0.001,False,128.0,128.0,,
train,,,,,,,15.986652612686157,1.0,193.0,193.0,2.108417510986328,0.999999463558197,0.0009999975791146311,0.001,False,128.0,128.0,,
train,,,,,,,16.058918952941895,1.0,194.0,194.0,2.129805326461792,0.999999463558197,0.0009999988275071542,0.001,False,128.0,128.0,,
train,,,,,,,16.128541707992554,1.0,195.0,195.0,2.1181740760803223,0.9999994039535522,0.000999996132544993,0.001,False,128.0,128.0,,
train,,,,,,,16.200204610824585,1.0,196.0,196.0,2.139669179916382,0.9999994039535522,0.000999998082740643,0.001,False,128.0,128.0,,
train,,,,,,,16.271472454071045,1.0,197.0,197.0,2.1162633895874023,0.999999463558197,0.0010000010599992488,0.001,False,128.0,128.0,,
train,,,,,,,16.344687461853027,1.0,198.0,198.0,2.141007661819458,0.999999463558197,0.0009999979849575579,0.001,False,128.0,128.0,,
train,,,,,,,16.432047843933105,1.0,199.0,199.0,2.114760160446167,0.9999994039535522,0.0009999991983220104,0.001,False,128.0,128.0,,
train,,,,,,,16.52067542076111,1.0,200.0,200.0,2.097186326980591,0.9999995231628418,0.0009999988120195247,0.001,False,128.0,128.0,,
train,,,,,,,16.60133957862854,1.0,201.0,201.0,2.1173477172851562,0.999999463558197,0.0010000007786134819,0.001,False,128.0,128.0,,
train,,,,,,,16.672738075256348,1.0,202.0,202.0,2.092805862426758,0.9999993443489075,0.0010000007582964161,0.001,False,128.0,128.0,,
train,,,,,,,16.747249126434326,1.0,203.0,203.0,2.1123392581939697,0.999999463558197,0.000999998930480455,0.001,False,128.0,128.0,,
train,,,,,,,16.82182502746582,1.0,204.0,204.0,2.1190266609191895,0.9999994039535522,0.0010000004142385025,0.001,False,128.0,128.0,,
train,,,,,,,16.890782833099365,1.0,205.0,205.0,2.1117630004882812,0.9999993443489075,0.0009999995848463917,0.001,False,128.0,128.0,,
train,,,,,,,16.969558477401733,1.0,206.0,206.0,2.142049551010132,0.9999994039535522,0.0009999987269208252,0.001,False,128.0,128.0,,
train,,,,,,,17.045387029647827,1.0,207.0,207.0,2.0941500663757324,0.9999994039535522,0.0009999984769537616,0.001,False,128.0,128.0,,
train,,,,,,,17.119608879089355,1.0,208.0,208.0,2.108032464981079,0.9999994039535522,0.0009999998066135083,0.001,False,128.0,128.0,,
train,,,,,,,17.199947595596313,1.0,209.0,209.0,2.1429617404937744,0.999999463558197,0.001000000759184594,0.001,False,128.0,128.0,,
train,,,,,,,17.281967878341675,1.0,210.0,210.0,2.0895705223083496,0.999999463558197,0.0009999995182884914,0.001,False,128.0,128.0,,
train,,,,,,,17.36616587638855,1.0,211.0,211.0,2.1104073524475098,0.9999994039535522,0.0009999988398861554,0.001,False,128.0,128.0,,
train,,,,,,,17.44170880317688,1.0,212.0,212.0,2.106053352355957,0.9999994039535522,0.0010000003564514164,0.001,False,128.0,128.0,,
train,,,,,,,17.51463747024536,1.0,213.0,213.0,2.1059112548828125,0.999999463558197,0.0009999990080851245,0.001,False,128.0,128.0,,
train,,,,,,,17.58689045906067,1.0,214.0,214.0,2.0783944129943848,0.999999463558197,0.0009999992250228952,0.001,False,128.0,128.0,,
train,,,,,,,17.66452169418335,1.0,215.0,215.0,2.119823455810547,0.999999463558197,0.000999998013323813,0.001,False,128.0,128.0,,
train,,,,,,,17.74651050567627,1.0,216.0,216.0,2.077584981918335,0.9999993443489075,0.0010000003764909346,0.001,False,128.0,128.0,,
train,,,,,,,17.829471826553345,1.0,217.0,217.0,2.1027073860168457,0.999999463558197,0.0009999997778309703,0.001,False,128.0,128.0,,
train,,,,,,,17.90855574607849,1.0,218.0,218.0,2.104647397994995,0.9999994039535522,0.0010000015047540221,0.001,False,128.0,128.0,,
train,,,,,,,17.99049210548401,1.0,219.0,219.0,2.0709471702575684,0.9999993443489075,0.0009999999881349915,0.001,False,128.0,128.0,,
train,,,,,,,18.07064437866211,1.0,220.0,220.0,2.093080759048462,0.999999463558197,0.0010000000429244969,0.001,False,128.0,128.0,,
train,,,,,,,18.14692211151123,1.0,221.0,221.0,2.0904273986816406,0.999999463558197,0.0009999998461652103,0.001,False,128.0,128.0,,
train,,,,,,,18.223933219909668,1.0,222.0,222.0,2.1174049377441406,0.9999994039535522,0.0009999998768351257,0.001,False,128.0,128.0,,
train,,,,,,,18.302862644195557,1.0,223.0,223.0,2.110703945159912,0.9999995231628418,0.0010000005040277484,0.001,False,128.0,128.0,,
train,,,,,,,18.38079285621643,1.0,224.0,224.0,2.1067585945129395,0.9999994039535522,0.0010000003321930515,0.001,False,128.0,128.0,,
train,,,,,,,18.482385635375977,1.0,225.0,225.0,2.0849452018737793,0.9999995231628418,0.0009999988588154797,0.001,False,128.0,128.0,,
train,,,,,,,18.561100482940674,1.0,226.0,226.0,2.103957414627075,0.9999995231628418,0.0010000010034889551,0.001,False,128.0,128.0,,
train,,,,,,,18.64934754371643,1.0,227.0,227.0,2.0733485221862793,0.999999463558197,0.0010000000964649983,0.001,False,128.0,128.0,,
train,,,,,,,18.756836891174316,1.0,228.0,228.0,2.0824244022369385,0.9999994039535522,0.0009999980580658887,0.001,False,128.0,128.0,,
train,,,,,,,18.841784238815308,1.0,229.0,229.0,2.1152682304382324,0.999999463558197,0.0010000005218190632,0.001,False,128.0,128.0,,
train,,,,,,,18.928020000457764,1.0,230.0,230.0,2.05318284034729,0.9999994039535522,0.0010000007402553054,0.001,False,128.0,128.0,,
train,,,,,,,19.001824617385864,1.0,231.0,231.0,2.1265642642974854,0.999999463558197,0.0009999993389873704,0.001,False,128.0,128.0,,
train,,,,,,,19.07702326774597,1.0,232.0,232.0,2.0645313262939453,0.999999463558197,0.0009999980374157,0.001,False,128.0,128.0,,
train,,,,,,,19.164169788360596,1.0,233.0,233.0,2.0615603923797607,0.999999463558197,0.0009999977691019881,0.001,False,128.0,128.0,,
train,,,,,,,19.267526388168335,1.0,234.0,234.0,2.08813738822937,0.999999463558197,0.0009999988354175025,0.001,False,128.0,128.0,,
train,,,,,,,19.364494800567627,1.0,235.0,235.0,2.07450532913208,0.9999993443489075,0.0009999995901754644,0.001,False,128.0,128.0,,
train,,,,,,,19.459925174713135,1.0,236.0,236.0,2.092146158218384,0.9999993443489075,0.0009999997910981383,0.001,False,128.0,128.0,,
train,,,,,,,19.56746506690979,1.0,237.0,237.0,2.0714218616485596,0.9999994039535522,0.000999999181640896,0.001,False,128.0,128.0,,
train,,,,,,,19.654655694961548,1.0,238.0,238.0,2.0871264934539795,0.9999994039535522,0.0009999999518306975,0.001,False,128.0,128.0,,
train,,,,,,,19.769771814346313,1.0,239.0,239.0,2.0561249256134033,0.9999995231628418,0.0010000004151266807,0.001,False,128.0,128.0,,
train,,,,,,,19.863898515701294,1.0,240.0,240.0,2.0479769706726074,0.999999463558197,0.0009999993025720305,0.001,False,128.0,128.0,,
train,,,,,,,19.948479652404785,1.0,241.0,241.0,2.066297769546509,0.9999995231628418,0.0009999980529033416,0.001,False,128.0,128.0,,
train,,,,,,,20.03332829475403,1.0,242.0,242.0,2.0842161178588867,0.999999463558197,0.0009999999014265685,0.001,False,128.0,128.0,,
train,,,,,,,20.11895728111267,1.0,243.0,243.0,2.0844521522521973,0.999999463558197,0.0010000010079298427,0.001,False,128.0,128.0,,
train,,,,,,,20.207276344299316,1.0,244.0,244.0,2.04923677444458,0.9999995827674866,0.0009999985852561768,0.001,False,128.0,128.0,,
train,,,,,,,20.468342065811157,1.0,245.0,245.0,2.0623538494110107,0.999999463558197,0.001000000137904068,0.001,False,128.0,128.0,,
train,,,,,,,20.542144298553467,1.0,246.0,246.0,2.053783416748047,0.9999993443489075,0.0009999994468733583,0.001,False,128.0,128.0,,
train,,,,,,,20.61961317062378,1.0,247.0,247.0,2.070683479309082,0.9999995827674866,0.0009999999028421028,0.001,False,128.0,128.0,,
train,,,,,,,20.6936936378479,1.0,248.0,248.0,2.0751049518585205,0.999999463558197,0.0009999978721864206,0.001,False,128.0,128.0,,
train,,,,,,,20.771764039993286,1.0,249.0,249.0,2.0808122158050537,0.999999463558197,0.0010000000997124005,0.001,False,128.0,128.0,,
train,,,,,,,20.850345373153687,1.0,250.0,250.0,2.0462646484375,0.9999995231628418,0.0009999988346958567,0.001,False,128.0,128.0,,
train,,,,,,,20.923023462295532,1.0,251.0,251.0,2.030463457107544,0.999999463558197,0.0009999962212799073,0.001,False,128.0,128.0,,
train,,,,,,,20.997422695159912,1.0,252.0,252.0,2.051257848739624,0.999999463558197,0.0009999992785634407,0.001,False,128.0,128.0,,
train,,,,,,,21.070605278015137,1.0,253.0,253.0,2.042144536972046,0.999999463558197,0.0010000017139197032,0.001,False,128.0,128.0,,
train,,,,,,,21.141062259674072,1.0,254.0,254.0,2.0668399333953857,0.9999995231628418,0.000999998738550426,0.001,False,128.0,128.0,,
train,,,,,,,21.22475528717041,1.0,255.0,255.0,2.0906612873077393,0.9999994039535522,0.000999998623031568,0.001,False,128.0,128.0,,
train,,,,,,,21.295397758483887,1.0,256.0,256.0,2.0609688758850098,0.9999994039535522,0.000999998503488132,0.001,False,128.0,128.0,,
train,,,,,,,21.3690824508667,1.0,257.0,257.0,2.0711255073547363,0.999999463558197,0.0010000018007945023,0.001,False,128.0,128.0,,
train,,,,,,,21.453113317489624,1.0,258.0,258.0,2.06919002532959,0.9999995231628418,0.0009999998429178075,0.001,False,128.0,128.0,,
train,,,,,,,21.541367530822754,1.0,259.0,259.0,2.056087017059326,0.9999993443489075,0.000999999781633485,0.001,False,128.0,128.0,,
train,,,,,,,21.618480682373047,1.0,260.0,260.0,2.02319598197937,0.9999994039535522,0.001000000553737958,0.001,False,128.0,128.0,,
train,,,,,,,21.719801902770996,1.0,261.0,261.0,2.0694174766540527,0.9999995827674866,0.0010000009627438103,0.001,False,128.0,128.0,,
train,,,,,,,21.804225206375122,1.0,262.0,262.0,2.0850024223327637,0.9999994039535522,0.0009999985993282734,0.001,False,128.0,128.0,,
train,,,,,,,21.874367237091064,1.0,263.0,263.0,2.032973051071167,0.999999463558197,0.0009999972552062271,0.001,False,128.0,128.0,,
train,,,,,,,21.946990489959717,1.0,264.0,264.0,2.0348563194274902,0.9999994039535522,0.0009999992548601617,0.001,False,128.0,128.0,,
train,,,,,,,22.024019479751587,1.0,265.0,265.0,2.0306572914123535,0.9999994039535522,0.0009999998021448598,0.001,False,128.0,128.0,,
train,,,,,,,22.10958743095398,1.0,266.0,266.0,2.0645103454589844,0.999999463558197,0.001000000440495266,0.001,False,128.0,128.0,,
train,,,,,,,22.184908390045166,1.0,267.0,267.0,2.072333335876465,0.9999994039535522,0.0009999991108363621,0.001,False,128.0,128.0,,
train,,,,,,,22.262603998184204,1.0,268.0,268.0,2.0396876335144043,0.9999995231628418,0.000999999342040486,0.001,False,128.0,128.0,,
train,,,,,,,22.34018325805664,1.0,269.0,269.0,2.027500629425049,0.9999995231628418,0.0009999991423667236,0.001,False,128.0,128.0,,
train,,,,,,,22.41127109527588,1.0,270.0,270.0,2.0256550312042236,0.999999463558197,0.0010000007917141034,0.001,False,128.0,128.0,,
train,,,,,,,22.486836433410645,1.0,271.0,271.0,2.032963514328003,0.999999463558197,0.0009999995171227566,0.001,False,128.0,128.0,,
train,,,,,,,22.56045937538147,1.0,272.0,272.0,2.0472893714904785,0.999999463558197,0.0009999991901618647,0.001,False,128.0,128.0,,
train,,,,,,,22.63123345375061,1.0,273.0,273.0,2.032742738723755,0.9999993443489075,0.0009999984926079301,0.001,False,128.0,128.0,,
train,,,,,,,22.709821224212646,1.0,274.0,274.0,2.0318045616149902,0.999999463558197,0.0010000008885809807,0.001,False,128.0,128.0,,
train,,,,,,,22.78338861465454,1.0,275.0,275.0,2.019880533218384,0.9999995231628418,0.0009999998433063856,0.001,False,128.0,128.0,,
train,,,,,,,22.859400033950806,1.0,276.0,276.0,2.036343574523926,0.999999463558197,0.0009999994161201632,0.001,False,128.0,128.0,,
train,,,,,,,22.936296224594116,1.0,277.0,277.0,1.9985408782958984,0.999999463558197,0.001000001934576127,0.001,False,128.0,128.0,,
train,,,,,,,23.016029357910156,1.0,278.0,278.0,2.010296106338501,0.9999994039535522,0.0009999992650742212,0.001,False,128.0,128.0,,
train,,,,,,,23.09157705307007,1.0,279.0,279.0,2.0504391193389893,0.9999994039535522,0.0009999994533126555,0.001,False,128.0,128.0,,
train,,,,,,,23.169109344482422,1.0,280.0,280.0,2.0304019451141357,0.9999994039535522,0.0010000020152336705,0.001,False,128.0,128.0,,
train,,,,,,,23.244102001190186,1.0,281.0,281.0,2.0346455574035645,0.9999995231628418,0.0009999983118078215,0.001,False,128.0,128.0,,
train,,,,,,,23.328126668930054,1.0,282.0,282.0,2.025613307952881,0.999999463558197,0.0010000003509558143,0.001,False,128.0,128.0,,
train,,,,,,,23.402329206466675,1.0,283.0,283.0,2.0208044052124023,0.999999463558197,0.0009999997632037787,0.001,False,128.0,128.0,,
train,,,,,,,23.489630460739136,1.0,284.0,284.0,2.025697708129883,0.9999995231628418,0.0009999980840451575,0.001,False,128.0,128.0,,
train,,,,,,,23.573030710220337,1.0,285.0,285.0,2.027912139892578,0.999999463558197,0.0009999995911191542,0.001,False,128.0,128.0,,
train,,,,,,,23.653273105621338,1.0,286.0,286.0,2.0083506107330322,0.9999993443489075,0.0009999991305428382,0.001,False,128.0,128.0,,
train,,,,,,,23.72286581993103,1.0,287.0,287.0,2.034893751144409,0.9999995231628418,0.0009999988328084754,0.001,False,128.0,128.0,,
train,,,,,,,23.793731689453125,1.0,288.0,288.0,2.088552951812744,0.9999995231628418,0.0009999985173104293,0.001,False,128.0,128.0,,
train,,,,,,,23.87140154838562,1.0,289.0,289.0,2.0320396423339844,0.9999995231628418,0.0009999993306329367,0.001,False,128.0,128.0,,
train,,,,,,,23.938008546829224,1.0,290.0,290.0,2.032599925994873,0.999999463558197,0.0009999973784413135,0.001,False,128.0,128.0,,
train,,,,,,,24.013123989105225,1.0,291.0,291.0,2.053250551223755,0.999999463558197,0.0009999995399933618,0.001,False,128.0,128.0,,
train,,,,,,,24.085819005966187,1.0,292.0,292.0,1.9925456047058105,0.999999463558197,0.0009999989358927981,0.001,False,128.0,128.0,,
train,,,,,,,24.164103507995605,1.0,293.0,293.0,2.031998872756958,0.999999463558197,0.0009999989417492309,0.001,False,128.0,128.0,,
train,,,,,,,24.237079620361328,1.0,294.0,294.0,1.950196623802185,0.9999994039535522,0.0009999992114781637,0.001,False,128.0,128.0,,
train,,,,,,,24.319573402404785,1.0,295.0,295.0,2.0170843601226807,0.9999995231628418,0.0010000007733676822,0.001,False,128.0,128.0,,
train,,,,,,,24.393651008605957,1.0,296.0,296.0,2.03898549079895,0.999999463558197,0.0009999977915007873,0.001,False,128.0,128.0,,
train,,,,,,,24.482905387878418,1.0,297.0,297.0,2.009763479232788,0.999999463558197,0.000999998974861667,0.001,False,128.0,128.0,,
train,,,,,,,24.563853979110718,1.0,298.0,298.0,1.9875092506408691,0.999999463558197,0.0009999988508496203,0.001,False,128.0,128.0,,
train,,,,,,,24.639567375183105,1.0,299.0,299.0,2.0224862098693848,0.9999994039535522,0.000999998010687028,0.001,False,128.0,128.0,,
train,,,,,,,24.71897554397583,1.0,300.0,300.0,2.0217442512512207,0.9999993443489075,0.000999999696534868,0.001,False,128.0,128.0,,
train,,,,,,,24.803781032562256,1.0,301.0,301.0,2.0325839519500732,0.999999463558197,0.0009999999698163111,0.001,False,128.0,128.0,,
train,,,,,,,24.886631727218628,1.0,302.0,302.0,2.0183000564575195,0.9999993443489075,0.0010000006708109042,0.001,False,128.0,128.0,,
train,,,,,,,24.96406316757202,1.0,303.0,303.0,2.035926342010498,0.999999463558197,0.0010000010495076522,0.001,False,128.0,128.0,,
train,,,,,,,25.04295039176941,1.0,304.0,304.0,2.0025439262390137,0.999999463558197,0.0010000022677533566,0.001,False,128.0,128.0,,
train,,,,,,,25.123047351837158,1.0,305.0,305.0,2.018955707550049,0.9999995827674866,0.000999999181224562,0.001,False,128.0,128.0,,
train,,,,,,,25.19741654396057,1.0,306.0,306.0,1.9840891361236572,0.9999994039535522,0.0009999983055628066,0.001,False,128.0,128.0,,
train,,,,,,,25.276931762695312,1.0,307.0,307.0,1.991158366203308,0.9999994039535522,0.0009999999559385227,0.001,False,128.0,128.0,,
train,,,,,,,25.36401081085205,1.0,308.0,308.0,1.9889514446258545,0.9999995231628418,0.0009999990748651034,0.001,False,128.0,128.0,,
train,,,,,,,25.44302988052368,1.0,309.0,309.0,1.9993607997894287,0.9999994039535522,0.0010000010420136546,0.001,False,128.0,128.0,,
train,,,,,,,25.864420652389526,1.0,310.0,310.0,2.0005760192871094,0.9999994039535522,0.0010000007706753933,0.001,False,128.0,128.0,,
train,,,,,,,25.937934160232544,1.0,311.0,311.0,1.9913934469223022,0.999999463558197,0.0009999988297276028,0.001,False,128.0,128.0,,
train,,,,,,,26.00646948814392,1.0,312.0,312.0,1.9832481145858765,0.999999463558197,0.0009999985689913863,0.001,False,128.0,128.0,,
train,,,,,,,26.07891869544983,1.0,313.0,313.0,1.9635393619537354,0.9999994039535522,0.0009999999205501616,0.001,False,128.0,128.0,,
train,,,,,,,26.155254125595093,1.0,314.0,314.0,2.016524076461792,0.9999994039535522,0.0009999991208283782,0.001,False,128.0,128.0,,
train,,,,,,,26.22630763053894,1.0,315.0,315.0,1.9992815256118774,0.9999994039535522,0.0009999988846837054,0.001,False,128.0,128.0,,
train,,,,,,,26.299160957336426,1.0,316.0,316.0,1.9903665781021118,0.9999995231628418,0.000999999353031701,0.001,False,128.0,128.0,,
train,,,,,,,26.367029190063477,1.0,317.0,317.0,1.9826385974884033,0.9999994039535522,0.0010000001683796854,0.001,False,128.0,128.0,,
train,,,,,,,26.438546419143677,1.0,318.0,318.0,1.9918879270553589,0.9999995231628418,0.0009999987585899766,0.001,False,128.0,128.0,,
train,,,,,,,26.516979217529297,1.0,319.0,319.0,2.0048205852508545,0.9999993443489075,0.0009999981064717054,0.001,False,128.0,128.0,,
train,,,,,,,26.592957735061646,1.0,320.0,320.0,1.9631998538970947,0.9999995231628418,0.000999999321501346,0.001,False,128.0,128.0,,
train,,,,,,,26.6705539226532,1.0,321.0,321.0,1.968115210533142,0.9999994039535522,0.0009999990582117426,0.001,False,128.0,128.0,,
train,,,,,,,26.74281930923462,1.0,322.0,322.0,1.9939641952514648,0.999999463558197,0.0009999990131643998,0.001,False,128.0,128.0,,
train,,,,,,,26.819169759750366,1.0,323.0,323.0,1.9921725988388062,0.9999995231628418,0.0009999995320552635,0.001,False,128.0,128.0,,
train,,,,,,,26.891530513763428,1.0,324.0,324.0,2.0156517028808594,0.9999993443489075,0.001000001086144973,0.001,False,128.0,128.0,,
train,,,,,,,26.968259811401367,1.0,325.0,325.0,1.9968065023422241,0.9999993443489075,0.0010000014816891733,0.001,False,128.0,128.0,,
train,,,,,,,27.042460441589355,1.0,326.0,326.0,1.9841874837875366,0.9999994039535522,0.001000000931602084,0.001,False,128.0,128.0,,
train,,,,,,,27.119714498519897,1.0,327.0,327.0,1.9643399715423584,0.9999993443489075,0.0009999990940164681,0.001,False,128.0,128.0,,
train,,,,,,,27.200696229934692,1.0,328.0,328.0,1.9697821140289307,0.9999994039535522,0.0010000022054699842,0.001,False,128.0,128.0,,
train,,,,,,,27.274431467056274,1.0,329.0,329.0,1.9860128164291382,0.9999994039535522,0.001000000714886728,0.001,False,128.0,128.0,,
train,,,,,,,27.352389574050903,1.0,330.0,330.0,1.975651502609253,0.9999995231628418,0.0009999984748443346,0.001,False,128.0,128.0,,
train,,,,,,,27.425928115844727,1.0,331.0,331.0,1.9851082563400269,0.9999994039535522,0.0009999997886278916,0.001,False,128.0,128.0,,
train,,,,,,,27.50801181793213,1.0,332.0,332.0,1.951576828956604,0.9999994039535522,0.0009999989568482799,0.001,False,128.0,128.0,,
train,,,,,,,27.584282159805298,1.0,333.0,333.0,1.9758185148239136,0.9999993443489075,0.0010000006110531883,0.001,False,128.0,128.0,,
train,,,,,,,27.654728651046753,1.0,334.0,334.0,1.9811543226242065,0.999999463558197,0.0010000006294273679,0.001,False,128.0,128.0,,
train,,,,,,,27.728176593780518,1.0,335.0,335.0,1.9787858724594116,0.9999994039535522,0.0009999994883402104,0.001,False,128.0,128.0,,
train,,,,,,,27.80258011817932,1.0,336.0,336.0,2.004955291748047,0.999999463558197,0.0009999999051180603,0.001,False,128.0,128.0,,
train,,,,,,,27.87760066986084,1.0,337.0,337.0,2.021604299545288,0.999999463558197,0.000999998160289867,0.001,False,128.0,128.0,,
train,,,,,,,27.94910454750061,1.0,338.0,338.0,1.9823031425476074,0.9999994039535522,0.0010000011137894958,0.001,False,128.0,128.0,,
train,,,,,,,28.01984214782715,1.0,339.0,339.0,1.9612905979156494,0.999999463558197,0.0010000000050658926,0.001,False,128.0,128.0,,
train,,,,,,,28.090085744857788,1.0,340.0,340.0,1.9269829988479614,0.999999463558197,0.0009999990156901598,0.001,False,128.0,128.0,,
train,,,,,,,28.169833421707153,1.0,341.0,341.0,1.9851371049880981,0.9999994039535522,0.0009999981246793974,0.001,False,128.0,128.0,,
train,,,,,,,28.249284982681274,1.0,342.0,342.0,1.9721111059188843,0.999999463558197,0.001000000003345047,0.001,False,128.0,128.0,,
train,,,,,,,28.320686101913452,1.0,343.0,343.0,1.928305983543396,0.9999993443489075,0.0009999996918164187,0.001,False,128.0,128.0,,
train,,,,,,,28.393561840057373,1.0,344.0,344.0,1.971703290939331,0.999999463558197,0.000999999025182576,0.001,False,128.0,128.0,,
train,,,,,,,28.468642711639404,1.0,345.0,345.0,1.9871406555175781,0.9999994039535522,0.000999999731118325,0.001,False,128.0,128.0,,
train,,,,,,,28.54168963432312,1.0,346.0,346.0,1.9599413871765137,0.9999994039535522,0.000999999552982977,0.001,False,128.0,128.0,,
train,,,,,,,28.61961269378662,1.0,347.0,347.0,1.9846948385238647,0.999999463558197,0.0009999994963615759,0.001,False,128.0,128.0,,
train,,,,,,,28.694762706756592,1.0,348.0,348.0,1.998368501663208,0.9999993443489075,0.000999998302204376,0.001,False,128.0,128.0,,
train,,,,,,,28.771301984786987,1.0,349.0,349.0,1.9487242698669434,0.9999993443489075,0.000999998143997314,0.001,False,128.0,128.0,,
train,,,,,,,28.84938955307007,1.0,350.0,350.0,1.9617544412612915,0.999999463558197,0.0010000004591747599,0.001,False,128.0,128.0,,
train,,,,,,,28.925341606140137,1.0,351.0,351.0,1.9338386058807373,0.999999463558197,0.0009999974731990926,0.001,False,128.0,128.0,,
train,,,,,,,29.004661321640015,1.0,352.0,352.0,1.9307610988616943,0.9999995231628418,0.0009999993079288605,0.001,False,128.0,128.0,,
train,,,,,,,29.08037233352661,1.0,353.0,353.0,1.9316048622131348,0.999999463558197,0.0009999993433172432,0.001,False,128.0,128.0,,
train,,,,,,,29.160213708877563,1.0,354.0,354.0,1.9795961380004883,0.9999994039535522,0.001000001738677634,0.001,False,128.0,128.0,,
train,,,,,,,29.245591640472412,1.0,355.0,355.0,1.9699161052703857,0.9999993443489075,0.0009999985224174628,0.001,False,128.0,128.0,,
train,,,,,,,29.33102560043335,1.0,356.0,356.0,1.9376685619354248,0.9999994039535522,0.0009999981649250567,0.001,False,128.0,128.0,,
train,,,,,,,29.40820860862732,1.0,357.0,357.0,1.9926608800888062,0.999999463558197,0.0009999988048585776,0.001,False,128.0,128.0,,
train,,,,,,,29.499602794647217,1.0,358.0,358.0,1.8891335725784302,0.999999463558197,0.0009999994414332627,0.001,False,128.0,128.0,,
train,,,,,,,29.58077383041382,1.0,359.0,359.0,1.8987088203430176,0.9999994039535522,0.0009999997410825793,0.001,False,128.0,128.0,,
train,,,,,,,29.66107439994812,1.0,360.0,360.0,1.9310173988342285,0.9999994039535522,0.000999998052958853,0.001,False,128.0,128.0,,
train,,,,,,,29.744877576828003,1.0,361.0,361.0,1.8907201290130615,0.9999994039535522,0.0010000006579323258,0.001,False,128.0,128.0,,
train,,,,,,,29.83710289001465,1.0,362.0,362.0,1.964402198791504,0.999999463558197,0.0009999998982624324,0.001,False,128.0,128.0,,
train,,,,,,,29.916733980178833,1.0,363.0,363.0,1.9322329759597778,0.9999995231628418,0.0010000006119968772,0.001,False,128.0,128.0,,
train,,,,,,,29.998032569885254,1.0,364.0,364.0,1.9344741106033325,0.999999463558197,0.000999999357472596,0.001,False,128.0,128.0,,
train,,,,,,,30.078985452651978,1.0,365.0,365.0,1.9453710317611694,0.9999994039535522,0.0009999986373812203,0.001,False,128.0,128.0,,
train,,,,,,,30.16321563720703,1.0,366.0,366.0,1.9624227285385132,0.9999994039535522,0.0010000002974708375,0.001,False,128.0,128.0,,
train,,,,,,,30.238668203353882,1.0,367.0,367.0,1.9381113052368164,0.9999994039535522,0.0009999998520493932,0.001,False,128.0,128.0,,
train,,,,,,,30.315770626068115,1.0,368.0,368.0,1.9597978591918945,0.999999463558197,0.0009999997790799714,0.001,False,128.0,128.0,,
train,,,,,,,30.401917934417725,1.0,369.0,369.0,1.9183566570281982,0.999999463558197,0.0009999987406598524,0.001,False,128.0,128.0,,
train,,,,,,,30.660005569458008,1.0,370.0,370.0,1.9305377006530762,0.9999994039535522,0.0009999983381201514,0.001,False,128.0,128.0,,
train,,,,,,,30.733519554138184,1.0,371.0,371.0,1.8994851112365723,0.9999993443489075,0.0009999988471026133,0.001,False,128.0,128.0,,
train,,,,,,,30.816203594207764,1.0,372.0,372.0,1.9258226156234741,0.9999995827674866,0.0010000002973320596,0.001,False,128.0,128.0,,
train,,,,,,,30.888411283493042,1.0,373.0,373.0,1.9075658321380615,0.999999463558197,0.0010000000848909244,0.001,False,128.0,128.0,,
train,,,,,,,30.960958242416382,1.0,374.0,374.0,1.9232041835784912,0.999999463558197,0.0009999987470436429,0.001,False,128.0,128.0,,
train,,,,,,,31.036372661590576,1.0,375.0,375.0,1.9080075025558472,0.9999995231628418,0.0009999989607340643,0.001,False,128.0,128.0,,
train,,,,,,,31.108142852783203,1.0,376.0,376.0,1.9235211610794067,0.9999995231628418,0.0009999997010312726,0.001,False,128.0,128.0,,
train,,,,,,,31.18174147605896,1.0,377.0,377.0,1.9433223009109497,0.9999994039535522,0.0009999985965249564,0.001,False,128.0,128.0,,
train,,,,,,,31.256855964660645,1.0,378.0,378.0,1.9497202634811401,0.9999995231628418,0.0009999998990395885,0.001,False,128.0,128.0,,
train,,,,,,,31.333861589431763,1.0,379.0,379.0,1.9462125301361084,0.999999463558197,0.0009999987408541417,0.001,False,128.0,128.0,,
train,,,,,,,31.406371593475342,1.0,380.0,380.0,1.9459508657455444,0.9999992847442627,0.0009999998043375507,0.001,False,128.0,128.0,,
train,,,,,,,31.47878932952881,1.0,381.0,381.0,1.9488329887390137,0.9999993443489075,0.0009999994663300274,0.001,False,128.0,128.0,,
train,,,,,,,31.551295042037964,1.0,382.0,382.0,1.9256870746612549,0.999999463558197,0.000999998894009589,0.001,False,128.0,128.0,,
train,,,,,,,31.61948537826538,1.0,383.0,383.0,1.9513899087905884,0.999999463558197,0.000999999053299001,0.001,False,128.0,128.0,,
train,,,,,,,31.694156646728516,1.0,384.0,384.0,1.9359700679779053,0.9999995231628418,0.0009999997412213574,0.001,False,128.0,128.0,,
train,,,,,,,31.772101163864136,1.0,385.0,385.0,1.8826913833618164,0.999999463558197,0.0009999985398479899,0.001,False,128.0,128.0,,
train,,,,,,,31.8455228805542,1.0,386.0,386.0,1.9441598653793335,0.999999463558197,0.0009999985585830305,0.001,False,128.0,128.0,,
train,,,,,,,31.917612552642822,1.0,387.0,387.0,1.9041613340377808,0.9999994039535522,0.000999997718392437,0.001,False,128.0,128.0,,
train,,,,,,,31.98658013343811,1.0,388.0,388.0,1.9831104278564453,0.9999994039535522,0.0010000003743537561,0.001,False,128.0,128.0,,
train,,,,,,,32.05676031112671,1.0,389.0,389.0,1.95735764503479,0.999999463558197,0.0010000007226027723,0.001,False,128.0,128.0,,
train,,,,,,,32.132506370544434,1.0,390.0,390.0,1.9267252683639526,0.9999994039535522,0.0010000001405686028,0.001,False,128.0,128.0,,
train,,,,,,,32.22111797332764,1.0,391.0,391.0,1.9005680084228516,0.9999994039535522,0.0009999992862517405,0.001,False,128.0,128.0,,
train,,,,,,,32.31489872932434,1.0,392.0,392.0,1.9115078449249268,0.999999463558197,0.0010000006129128108,0.001,False,128.0,128.0,,
train,,,,,,,32.40212559700012,1.0,393.0,393.0,1.887313723564148,0.999999463558197,0.0010000009933304247,0.001,False,128.0,128.0,,
train,,,,,,,32.47264122962952,1.0,394.0,394.0,1.9493598937988281,0.999999463558197,0.0009999970848142662,0.001,False,128.0,128.0,,
train,,,,,,,32.537567138671875,1.0,395.0,395.0,1.9099421501159668,0.9999993443489075,0.0009999990770300404,0.001,False,128.0,128.0,,
train,,,,,,,32.6100709438324,1.0,396.0,396.0,1.9180701971054077,0.999999463558197,0.0010000003324983628,0.001,False,128.0,128.0,,
train,,,,,,,32.683610916137695,1.0,397.0,397.0,1.8836519718170166,0.9999995231628418,0.000999999542935454,0.001,False,128.0,128.0,,
train,,,,,,,32.75564885139465,1.0,398.0,398.0,1.8543295860290527,0.999999463558197,0.001000000587155652,0.001,False,128.0,128.0,,
train,,,,,,,32.83549523353577,1.0,399.0,399.0,1.9135348796844482,0.9999995827674866,0.000999998870805902,0.001,False,128.0,128.0,,
train,,,,,,,32.929091453552246,1.0,400.0,400.0,1.8716493844985962,0.9999993443489075,0.001000000290060101,0.001,False,128.0,128.0,,
train,,,,,,,33.012003660202026,1.0,401.0,401.0,1.9336061477661133,0.9999993443489075,0.0010000006200182338,0.001,False,128.0,128.0,,
train,,,,,,,33.10631203651428,1.0,402.0,402.0,1.9249757528305054,0.999999463558197,0.0010000003684140651,0.001,False,128.0,128.0,,
train,,,,,,,33.20323872566223,1.0,403.0,403.0,1.8739627599716187,0.9999993443489075,0.0010000012796566172,0.001,False,128.0,128.0,,
train,,,,,,,33.27951622009277,1.0,404.0,404.0,1.8969372510910034,0.999999463558197,0.0009999993406249505,0.001,False,128.0,128.0,,
train,,,,,,,33.36755728721619,1.0,405.0,405.0,1.9002394676208496,0.999999463558197,0.0009999988977288403,0.001,False,128.0,128.0,,
train,,,,,,,33.45022416114807,1.0,406.0,406.0,1.9284052848815918,0.999999463558197,0.0009999981983428304,0.001,False,128.0,128.0,,
train,,,,,,,33.55445337295532,1.0,407.0,407.0,1.9024784564971924,0.999999463558197,0.0009999984742614667,0.001,False,128.0,128.0,,
train,,,,,,,33.64573049545288,1.0,408.0,408.0,1.8806222677230835,0.999999463558197,0.0009999991505268697,0.001,False,128.0,128.0,,
train,,,,,,,33.72741103172302,1.0,409.0,409.0,1.9127163887023926,0.999999463558197,0.000999998065393375,0.001,False,128.0,128.0,,
train,,,,,,,33.83507299423218,1.0,410.0,410.0,1.860506534576416,0.9999994039535522,0.0010000000618537984,0.001,False,128.0,128.0,,
train,,,,,,,33.9385621547699,1.0,411.0,411.0,1.881331443786621,0.999999463558197,0.0010000001911947645,0.001,False,128.0,128.0,,
train,,,,,,,34.01965665817261,1.0,412.0,412.0,1.927626609802246,0.9999995231628418,0.000999998454471711,0.001,False,128.0,128.0,,
train,,,,,,,34.10223460197449,1.0,413.0,413.0,1.9091756343841553,0.9999993443489075,0.001000000965519365,0.001,False,128.0,128.0,,
train,,,,,,,34.45715045928955,1.0,414.0,414.0,1.858094573020935,0.9999994039535522,0.0009999971783230686,0.001,False,128.0,128.0,,
train,,,,,,,34.524476766586304,1.0,415.0,415.0,1.8722519874572754,0.999999463558197,0.0010000002463728366,0.001,False,128.0,128.0,,
train,,,,,,,34.592939615249634,1.0,416.0,416.0,1.9385756254196167,0.999999463558197,0.0009999986528133411,0.001,False,128.0,128.0,,
train,,,,,,,34.67148542404175,1.0,417.0,417.0,1.9177285432815552,0.9999993443489075,0.0009999993615249126,0.001,False,128.0,128.0,,
train,,,,,,,34.75068283081055,1.0,418.0,418.0,1.8987517356872559,0.9999994039535522,0.0010000000679045134,0.001,False,128.0,128.0,,
train,,,,,,,34.824278354644775,1.0,419.0,419.0,1.860377550125122,0.9999995231628418,0.0009999978183682435,0.001,False,128.0,128.0,,
train,,,,,,,34.90933895111084,1.0,420.0,420.0,1.8752450942993164,0.9999994039535522,0.0009999972232594713,0.001,False,128.0,128.0,,
train,,,,,,,34.998947858810425,1.0,421.0,421.0,1.8351192474365234,0.999999463558197,0.0009999981936798853,0.001,False,128.0,128.0,,
train,,,,,,,35.080024003982544,1.0,422.0,422.0,1.9150080680847168,0.9999995231628418,0.001000000052833237,0.001,False,128.0,128.0,,
train,,,,,,,35.157670736312866,1.0,423.0,423.0,1.8562445640563965,0.9999994039535522,0.0009999998129695362,0.001,False,128.0,128.0,,
train,,,,,,,35.2431480884552,1.0,424.0,424.0,1.9073121547698975,0.9999994039535522,0.0009999992799234647,0.001,False,128.0,128.0,,
train,,,,,,,35.31929564476013,1.0,425.0,425.0,1.8992966413497925,0.999999463558197,0.000999999092073576,0.001,False,128.0,128.0,,
train,,,,,,,35.38479447364807,1.0,426.0,426.0,1.8598064184188843,0.9999995231628418,0.0010000007318453723,0.001,False,128.0,128.0,,
train,,,,,,,35.46641802787781,1.0,427.0,427.0,1.9279555082321167,0.999999463558197,0.0009999992520290909,0.001,False,128.0,128.0,,
train,,,,,,,35.539085149765015,1.0,428.0,428.0,1.8699449300765991,0.999999463558197,0.0009999984630759526,0.001,False,128.0,128.0,,
train,,,,,,,35.60884499549866,1.0,429.0,429.0,1.8576396703720093,0.9999994039535522,0.0010000002262222935,0.001,False,128.0,128.0,,
train,,,,,,,35.68006253242493,1.0,430.0,430.0,1.9123749732971191,0.999999463558197,0.0009999989875182223,0.001,False,128.0,128.0,,
train,,,,,,,35.769030809402466,1.0,431.0,431.0,1.9074643850326538,0.9999992847442627,0.0009999993137297797,0.001,False,128.0,128.0,,
train,,,,,,,35.84872317314148,1.0,432.0,432.0,1.8778882026672363,0.9999995231628418,0.0010000008440333205,0.001,False,128.0,128.0,,
train,,,,,,,35.92418909072876,1.0,433.0,433.0,1.8869175910949707,0.999999463558197,0.0009999997687271396,0.001,False,128.0,128.0,,
train,,,,,,,36.00117063522339,1.0,434.0,434.0,1.8826650381088257,0.999999463558197,0.0010000005091625273,0.001,False,128.0,128.0,,
train,,,,,,,36.07317662239075,1.0,435.0,435.0,1.864362359046936,0.999999463558197,0.0009999986174804452,0.001,False,128.0,128.0,,
train,,,,,,,36.146973848342896,1.0,436.0,436.0,1.8783210515975952,0.9999994039535522,0.0009999995220077403,0.001,False,128.0,128.0,,
train,,,,,,,36.23492670059204,1.0,437.0,437.0,1.8271594047546387,0.999999463558197,0.0009999995638354119,0.001,False,128.0,128.0,,
train,,,,,,,36.33275532722473,1.0,438.0,438.0,1.8774683475494385,0.999999463558197,0.0009999992109785629,0.001,False,128.0,128.0,,
train,,,,,,,36.40276026725769,1.0,439.0,439.0,1.8558906316757202,0.999999463558197,0.0009999984369301598,0.001,False,128.0,128.0,,
train,,,,,,,36.47765755653381,1.0,440.0,440.0,1.9027966260910034,0.9999994039535522,0.0010000001598309694,0.001,False,128.0,128.0,,
train,,,,,,,36.555235385894775,1.0,441.0,441.0,1.8472604751586914,0.9999994039535522,0.001000000157527257,0.001,False,128.0,128.0,,
train,,,,,,,36.62945580482483,1.0,442.0,442.0,1.862260341644287,0.999999463558197,0.0010000000256050181,0.001,False,128.0,128.0,,
train,,,,,,,36.70336937904358,1.0,443.0,443.0,1.8600502014160156,0.9999995231628418,0.0010000007265995724,0.001,False,128.0,128.0,,
train,,,,,,,36.77752614021301,1.0,444.0,444.0,1.9056878089904785,0.9999994039535522,0.00099999935158841,0.001,False,128.0,128.0,,
train,,,,,,,36.8488404750824,1.0,445.0,445.0,1.9318562746047974,0.9999992847442627,0.0009999992126438987,0.001,False,128.0,128.0,,
train,,,,,,,36.9236364364624,1.0,446.0,446.0,1.8038418292999268,0.9999994039535522,0.0010000002379351436,0.001,False,128.0,128.0,,
train,,,,,,,36.99614930152893,1.0,447.0,447.0,1.822887897491455,0.999999463558197,0.0009999996959242452,0.001,False,128.0,128.0,,
train,,,,,,,37.072250843048096,1.0,448.0,448.0,1.8851767778396606,0.9999994039535522,0.0009999989347548182,0.001,False,128.0,128.0,,
train,,,,,,,37.14867448806763,1.0,449.0,449.0,1.8885663747787476,0.9999994039535522,0.000999998027590207,0.001,False,128.0,128.0,,
train,,,,,,,37.22700262069702,1.0,450.0,450.0,1.8934401273727417,0.9999994039535522,0.000999999974201692,0.001,False,128.0,128.0,,
train,,,,,,,37.359843492507935,1.0,451.0,451.0,1.849379062652588,0.999999463558197,0.0009999989397508273,0.001,False,128.0,128.0,,
train,,,,,,,37.436519384384155,1.0,452.0,452.0,1.8733999729156494,0.9999994039535522,0.0010000006435827026,0.001,False,128.0,128.0,,
train,,,,,,,37.51766800880432,1.0,453.0,453.0,1.8281819820404053,0.9999994039535522,0.0010000016812236907,0.001,False,128.0,128.0,,
train,,,,,,,37.610055446624756,1.0,454.0,454.0,1.8342914581298828,0.9999994039535522,0.0009999987870394765,0.001,False,128.0,128.0,,
train,,,,,,,37.695934772491455,1.0,455.0,455.0,1.8749613761901855,0.9999995231628418,0.0009999994776543084,0.001,False,128.0,128.0,,
train,,,,,,,37.77829194068909,1.0,456.0,456.0,1.904937982559204,0.9999994039535522,0.0009999992607721037,0.001,False,128.0,128.0,,
train,,,,,,,37.85373592376709,1.0,457.0,457.0,1.8321619033813477,0.9999994039535522,0.0009999998941268512,0.001,False,128.0,128.0,,
train,,,,,,,37.940343141555786,1.0,458.0,458.0,1.8818973302841187,0.9999993443489075,0.0010000002836208092,0.001,False,128.0,128.0,,
train,,,,,,,38.02325987815857,1.0,459.0,459.0,1.889491081237793,0.9999994039535522,0.0009999991158046145,0.001,False,128.0,128.0,,
train,,,,,,,38.10002636909485,1.0,460.0,460.0,1.9111772775650024,0.9999993443489075,0.0009999998255983255,0.001,False,128.0,128.0,,
train,,,,,,,38.18101525306702,1.0,461.0,461.0,1.854655146598816,0.9999994039535522,0.0010000013860158412,0.001,False,128.0,128.0,,
train,,,,,,,38.27482771873474,1.0,462.0,462.0,1.890357494354248,0.9999993443489075,0.000999999501024515,0.001,False,128.0,128.0,,
train,,,,,,,38.362162590026855,1.0,463.0,463.0,1.8409712314605713,0.9999993443489075,0.0009999984053442649,0.001,False,128.0,128.0,,
train,,,,,,,38.43441891670227,1.0,464.0,464.0,1.7978687286376953,0.9999993443489075,0.0010000006887132384,0.001,False,128.0,128.0,,
train,,,,,,,38.51383399963379,1.0,465.0,465.0,1.8347562551498413,0.999999463558197,0.0010000000748156513,0.001,False,128.0,128.0,,
train,,,,,,,38.58996605873108,1.0,466.0,466.0,1.8378862142562866,0.9999994039535522,0.0010000002481214375,0.001,False,128.0,128.0,,
train,,,,,,,38.663676738739014,1.0,467.0,467.0,1.7994006872177124,0.9999994039535522,0.0009999993453711571,0.001,False,128.0,128.0,,
train,,,,,,,38.73775029182434,1.0,468.0,468.0,1.840694546699524,0.9999993443489075,0.000999999166347561,0.001,False,128.0,128.0,,
train,,,,,,,38.80104303359985,1.0,469.0,469.0,1.8728528022766113,0.9999994039535522,0.0010000019697423727,0.001,False,128.0,128.0,,
eval,,,,,,,43.924777030944824,1.0,,469.0,,,,,False,128.0,128.0,1.8275460052490233,0.6579
train,,,,,,,44.01344537734985,2.0,1.0,470.0,1.8180725574493408,0.9999995231628418,0.0010000029110981779,0.001,False,128.0,128.0,,
train,,,,,,,44.0983681678772,2.0,2.0,471.0,1.8746534585952759,0.999999463558197,0.0009999983633777669,0.001,False,128.0,128.0,,
train,,,,,,,44.17840385437012,2.0,3.0,472.0,1.8367618322372437,0.9999994039535522,0.0009999995260600563,0.001,False,128.0,128.0,,
train,,,,,,,44.25872611999512,2.0,4.0,473.0,1.815990686416626,0.999999463558197,0.0009999987702195773,0.001,False,128.0,128.0,,
train,,,,,,,44.3410906791687,2.0,5.0,474.0,1.8396549224853516,0.9999994039535522,0.0009999989965387935,0.001,False,128.0,128.0,,
train,,,,,,,44.41631770133972,2.0,6.0,475.0,1.8134219646453857,0.9999994039535522,0.0009999968156121173,0.001,False,128.0,128.0,,
train,,,,,,,44.495545864105225,2.0,7.0,476.0,1.7673547267913818,0.9999994039535522,0.000999998863589444,0.001,False,128.0,128.0,,
train,,,,,,,44.573936462402344,2.0,8.0,477.0,1.8321011066436768,0.9999995231628418,0.0010000008286845,0.001,False,128.0,128.0,,
train,,,,,,,44.65977907180786,2.0,9.0,478.0,1.8552966117858887,0.9999995231628418,0.00100000073548135,0.001,False,128.0,128.0,,
train,,,,,,,44.73642182350159,2.0,10.0,479.0,1.807544231414795,0.999999463558197,0.0009999996779941377,0.001,False,128.0,128.0,,
train,,,,,,,44.81018686294556,2.0,11.0,480.0,1.8326704502105713,0.9999993443489075,0.0009999982272919476,0.001,False,128.0,128.0,,
train,,,,,,,44.89703631401062,2.0,12.0,481.0,1.8276069164276123,0.999999463558197,0.0010000002979981932,0.001,False,128.0,128.0,,
train,,,,,,,44.97183179855347,2.0,13.0,482.0,1.8581633567810059,0.9999994039535522,0.0009999985719057259,0.001,False,128.0,128.0,,
train,,,,,,,45.04470944404602,2.0,14.0,483.0,1.831921935081482,0.999999463558197,0.001000000725184039,0.001,False,128.0,128.0,,
train,,,,,,,45.122137784957886,2.0,15.0,484.0,1.8438104391098022,0.9999993443489075,0.0009999998552135294,0.001,False,128.0,128.0,,
train,,,,,,,45.19798827171326,2.0,16.0,485.0,1.829698085784912,0.999999463558197,0.0009999980572609755,0.001,False,128.0,128.0,,
train,,,,,,,45.28612518310547,2.0,17.0,486.0,1.8356990814208984,0.9999994039535522,0.000999999275316036,0.001,False,128.0,128.0,,
train,,,,,,,45.3587646484375,2.0,18.0,487.0,1.828778624534607,0.999999463558197,0.0009999999047017266,0.001,False,128.0,128.0,,
train,,,,,,,45.438069105148315,2.0,19.0,488.0,1.8681912422180176,0.9999995231628418,0.0009999971200917051,0.001,False,128.0,128.0,,
train,,,,,,,45.51985192298889,2.0,20.0,489.0,1.8621994256973267,0.9999994039535522,0.001000001365865321,0.001,False,128.0,128.0,,
train,,,,,,,45.60409641265869,2.0,21.0,490.0,1.8168301582336426,0.9999993443489075,0.0010000001603305698,0.001,False,128.0,128.0,,
train,,,,,,,45.68040990829468,2.0,22.0,491.0,1.8416460752487183,0.9999994039535522,0.000999998774715986,0.001,False,128.0,128.0,,
train,,,,,,,45.7581901550293,2.0,23.0,492.0,1.8579078912734985,0.9999994039535522,0.0009999985908072998,0.001,False,128.0,128.0,,
train,,,,,,,45.83261013031006,2.0,24.0,493.0,1.7600699663162231,0.999999463558197,0.0009999988371661057,0.001,False,128.0,128.0,,
train,,,,,,,45.912458419799805,2.0,25.0,494.0,1.8572981357574463,0.999999463558197,0.0009999992265772087,0.001,False,128.0,128.0,,
train,,,,,,,45.98448896408081,2.0,26.0,495.0,1.76381516456604,0.9999995231628418,0.0009999999386190426,0.001,False,128.0,128.0,,
train,,,,,,,46.06540656089783,2.0,27.0,496.0,1.811288833618164,0.9999994039535522,0.0009999996096598863,0.001,False,128.0,128.0,,
train,,,,,,,46.14566779136658,2.0,28.0,497.0,1.7875860929489136,0.9999993443489075,0.0009999981437197579,0.001,False,128.0,128.0,,
train,,,,,,,46.225640058517456,2.0,29.0,498.0,1.8100327253341675,0.9999993443489075,0.0009999985581666962,0.001,False,128.0,128.0,,
train,,,,,,,46.31092977523804,2.0,30.0,499.0,1.8277329206466675,0.9999993443489075,0.0010000004696663625,0.001,False,128.0,128.0,,
train,,,,,,,46.38674807548523,2.0,31.0,500.0,1.8333005905151367,0.999999463558197,0.0010000002315236072,0.001,False,128.0,128.0,,
train,,,,,,,46.45879101753235,2.0,32.0,501.0,1.8118923902511597,0.9999993443489075,0.0010000020082947905,0.001,False,128.0,128.0,,
train,,,,,,,46.53400015830994,2.0,33.0,502.0,1.7955273389816284,0.999999463558197,0.0009999989040571184,0.001,False,128.0,128.0,,
train,,,,,,,46.621939182281494,2.0,34.0,503.0,1.7395727634429932,0.9999993443489075,0.0009999967349819101,0.001,False,128.0,128.0,,
train,,,,,,,46.69928765296936,2.0,35.0,504.0,1.7926262617111206,0.9999994039535522,0.001000000129799441,0.001,False,128.0,128.0,,
train,,,,,,,46.76983380317688,2.0,36.0,505.0,1.8131064176559448,0.9999995231628418,0.0009999988413016913,0.001,False,128.0,128.0,,
train,,,,,,,46.847594022750854,2.0,37.0,506.0,1.803659200668335,0.999999463558197,0.000999999458225395,0.001,False,128.0,128.0,,
train,,,,,,,46.93496656417847,2.0,38.0,507.0,1.8301526308059692,0.9999994039535522,0.0009999998423071848,0.001,False,128.0,128.0,,
train,,,,,,,47.028984785079956,2.0,39.0,508.0,1.8096941709518433,0.9999992847442627,0.000999997552691259,0.001,False,128.0,128.0,,
train,,,,,,,47.1204788684845,2.0,40.0,509.0,1.7913835048675537,0.999999463558197,0.0009999991471406867,0.001,False,128.0,128.0,,
train,,,,,,,47.19193625450134,2.0,41.0,510.0,1.8242028951644897,0.9999995231628418,0.0010000010854788399,0.001,False,128.0,128.0,,
train,,,,,,,47.27374315261841,2.0,42.0,511.0,1.7939796447753906,0.9999995231628418,0.0009999971321376594,0.001,False,128.0,128.0,,
train,,,,,,,47.35570764541626,2.0,43.0,512.0,1.7716978788375854,0.9999995231628418,0.0009999989804127878,0.001,False,128.0,128.0,,
train,,,,,,,47.42924380302429,2.0,44.0,513.0,1.7858647108078003,0.999999463558197,0.0010000000621868653,0.001,False,128.0,128.0,,
train,,,,,,,47.50247621536255,2.0,45.0,514.0,1.7175236940383911,0.9999994039535522,0.0009999986549505233,0.001,False,128.0,128.0,,
train,,,,,,,47.58059120178223,2.0,46.0,515.0,1.7469414472579956,0.999999463558197,0.0009999993853392114,0.001,False,128.0,128.0,,
train,,,,,,,47.65765118598938,2.0,47.0,516.0,1.7802095413208008,0.9999994039535522,0.0010000001646604387,0.001,False,128.0,128.0,,
train,,,,,,,47.73584485054016,2.0,48.0,517.0,1.7980244159698486,0.999999463558197,0.0009999989559601006,0.001,False,128.0,128.0,,
train,,,,,,,47.8201630115509,2.0,49.0,518.0,1.7555614709854126,0.999999463558197,0.0010000009957174018,0.001,False,128.0,128.0,,
train,,,,,,,47.90290307998657,2.0,50.0,519.0,1.8196368217468262,0.999999463558197,0.000999999623759724,0.001,False,128.0,128.0,,
train,,,,,,,47.99975824356079,2.0,51.0,520.0,1.822003960609436,0.999999463558197,0.0009999983853324628,0.001,False,128.0,128.0,,
train,,,,,,,48.097710847854614,2.0,52.0,521.0,1.7948182821273804,0.999999463558197,0.0009999980914836661,0.001,False,128.0,128.0,,
train,,,,,,,48.181485176086426,2.0,53.0,522.0,1.7698049545288086,0.999999463558197,0.001000002293677005,0.001,False,128.0,128.0,,
train,,,,,,,48.456748962402344,2.0,54.0,523.0,1.6900122165679932,0.999999463558197,0.0010000009828943384,0.001,False,128.0,128.0,,
train,,,,,,,48.528817653656006,2.0,55.0,524.0,1.7803118228912354,0.9999994039535522,0.0009999987752710982,0.001,False,128.0,128.0,,
train,,,,,,,48.60237240791321,2.0,56.0,525.0,1.7954316139221191,0.9999995231628418,0.0010000001053467817,0.001,False,128.0,128.0,,
train,,,,,,,48.67404294013977,2.0,57.0,526.0,1.7586913108825684,0.9999994039535522,0.0009999991750628192,0.001,False,128.0,128.0,,
train,,,,,,,48.744860887527466,2.0,58.0,527.0,1.7982739210128784,0.999999463558197,0.000999998749957982,0.001,False,128.0,128.0,,
train,,,,,,,48.826335191726685,2.0,59.0,528.0,1.7737674713134766,0.9999994039535522,0.0009999984408159465,0.001,False,128.0,128.0,,
train,,,,,,,48.897764444351196,2.0,60.0,529.0,1.7206217050552368,0.999999463558197,0.0009999999489996286,0.001,False,128.0,128.0,,
train,,,,,,,48.968422412872314,2.0,61.0,530.0,1.7696990966796875,0.9999994039535522,0.0009999999038690594,0.001,False,128.0,128.0,,
train,,,,,,,49.03715705871582,2.0,62.0,531.0,1.7533109188079834,0.999999463558197,0.000999997736600136,0.001,False,128.0,128.0,,
train,,,,,,,49.109872817993164,2.0,63.0,532.0,1.7775921821594238,0.9999993443489075,0.0010000003165944232,0.001,False,128.0,128.0,,
train,,,,,,,49.19522976875305,2.0,64.0,533.0,1.826528787612915,0.9999994039535522,0.0009999993529761898,0.001,False,128.0,128.0,,
train,,,,,,,49.284996032714844,2.0,65.0,534.0,1.7528997659683228,0.999999463558197,0.0010000007889940591,0.001,False,128.0,128.0,,
train,,,,,,,49.35840034484863,2.0,66.0,535.0,1.7485538721084595,0.9999995231628418,0.0010000003802101804,0.001,False,128.0,128.0,,
train,,,,,,,49.42726969718933,2.0,67.0,536.0,1.7576024532318115,0.9999994039535522,0.001000001145514083,0.001,False,128.0,128.0,,
train,,,,,,,49.49911141395569,2.0,68.0,537.0,1.8019503355026245,0.9999994039535522,0.0009999999039800817,0.001,False,128.0,128.0,,
train,,,,,,,49.57571792602539,2.0,69.0,538.0,1.7935869693756104,0.9999994039535522,0.0010000002103461077,0.001,False,128.0,128.0,,
train,,,,,,,49.657442569732666,2.0,70.0,539.0,1.763526439666748,0.9999994039535522,0.0009999998735044562,0.001,False,128.0,128.0,,
train,,,,,,,49.73289680480957,2.0,71.0,540.0,1.7542414665222168,0.999999463558197,0.0009999984994080563,0.001,False,128.0,128.0,,
train,,,,,,,49.806580543518066,2.0,72.0,541.0,1.7273253202438354,0.999999463558197,0.00100000016446615,0.001,False,128.0,128.0,,
train,,,,,,,49.88428568840027,2.0,73.0,542.0,1.7632224559783936,0.999999463558197,0.0009999978246965286,0.001,False,128.0,128.0,,
train,,,,,,,49.957112073898315,2.0,74.0,543.0,1.8007607460021973,0.9999993443489075,0.000999997963918789,0.001,False,128.0,128.0,,
train,,,,,,,50.034544467926025,2.0,75.0,544.0,1.7723580598831177,0.9999995231628418,0.0009999995207864943,0.001,False,128.0,128.0,,
train,,,,,,,50.11446952819824,2.0,76.0,545.0,1.7458734512329102,0.9999994039535522,0.0009999980924273574,0.001,False,128.0,128.0,,
train,,,,,,,50.19077968597412,2.0,77.0,546.0,1.7803534269332886,0.9999993443489075,0.000999999502301272,0.001,False,128.0,128.0,,
train,,,,,,,50.263911962509155,2.0,78.0,547.0,1.7491047382354736,0.9999994039535522,0.0010000002064325724,0.001,False,128.0,128.0,,
train,,,,,,,50.340697288513184,2.0,79.0,548.0,1.7928311824798584,0.9999994039535522,0.000999997663547293,0.001,False,128.0,128.0,,
train,,,,,,,50.41752290725708,2.0,80.0,549.0,1.7640693187713623,0.9999994039535522,0.00100000030565873,0.001,False,128.0,128.0,,
train,,,,,,,50.49041557312012,2.0,81.0,550.0,1.7647957801818848,0.9999993443489075,0.0009999988167379782,0.001,False,128.0,128.0,,
train,,,,,,,50.56291913986206,2.0,82.0,551.0,1.764022707939148,0.9999994039535522,0.0009999989064718563,0.001,False,128.0,128.0,,
train,,,,,,,50.638859033584595,2.0,83.0,552.0,1.7606645822525024,0.9999993443489075,0.0010000007208541724,0.001,False,128.0,128.0,,
train,,,,,,,50.716543197631836,2.0,84.0,553.0,1.7625066041946411,0.9999994039535522,0.0010000013776614246,0.001,False,128.0,128.0,,
train,,,,,,,50.796366453170776,2.0,85.0,554.0,1.744045615196228,0.9999993443489075,0.001000001044067565,0.001,False,128.0,128.0,,
train,,,,,,,50.869967460632324,2.0,86.0,555.0,1.7976830005645752,0.9999993443489075,0.000999999727732144,0.001,False,128.0,128.0,,
train,,,,,,,50.94442319869995,2.0,87.0,556.0,1.7410439252853394,0.9999994039535522,0.0010000000890542605,0.001,False,128.0,128.0,,
train,,,,,,,51.020814657211304,2.0,88.0,557.0,1.7422912120819092,0.9999993443489075,0.0009999982474702867,0.001,False,128.0,128.0,,
train,,,,,,,51.10057067871094,2.0,89.0,558.0,1.7508207559585571,0.999999463558197,0.0010000009428985926,0.001,False,128.0,128.0,,
train,,,,,,,51.18302798271179,2.0,90.0,559.0,1.8166015148162842,0.9999994039535522,0.0009999983725371218,0.001,False,128.0,128.0,,
train,,,,,,,51.25879740715027,2.0,91.0,560.0,1.6573376655578613,0.9999993443489075,0.0010000005004472809,0.001,False,128.0,128.0,,
train,,,,,,,51.335854053497314,2.0,92.0,561.0,1.7530101537704468,0.9999994039535522,0.0009999983814189203,0.001,False,128.0,128.0,,
train,,,,,,,51.41477346420288,2.0,93.0,562.0,1.787227749824524,0.999999463558197,0.0010000002205046462,0.001,False,128.0,128.0,,
train,,,,,,,51.49416899681091,2.0,94.0,563.0,1.7390954494476318,0.9999994039535522,0.001000000835706655,0.001,False,128.0,128.0,,
train,,,,,,,51.57540798187256,2.0,95.0,564.0,1.7514264583587646,0.999999463558197,0.0009999999722310462,0.001,False,128.0,128.0,,
train,,,,,,,51.65910077095032,2.0,96.0,565.0,1.7021844387054443,0.9999994039535522,0.0010000011307758892,0.001,False,128.0,128.0,,
train,,,,,,,51.74276828765869,2.0,97.0,566.0,1.746456265449524,0.999999463558197,0.0009999997570420394,0.001,False,128.0,128.0,,
train,,,,,,,51.82697582244873,2.0,98.0,567.0,1.711653470993042,0.9999994039535522,0.0009999999475840942,0.001,False,128.0,128.0,,
train,,,,,,,51.936118841171265,2.0,99.0,568.0,1.6912904977798462,0.9999994039535522,0.0009999996520704214,0.001,False,128.0,128.0,,
train,,,,,,,52.03235125541687,2.0,100.0,569.0,1.754107117652893,0.9999994039535522,0.0009999990577121418,0.001,False,128.0,128.0,,
train,,,,,,,52.107327699661255,2.0,101.0,570.0,1.7093696594238281,0.9999994039535522,0.000999999889269625,0.001,False,128.0,128.0,,
train,,,,,,,52.185827016830444,2.0,102.0,571.0,1.7281550168991089,0.9999994039535522,0.0009999985037656882,0.001,False,128.0,128.0,,
train,,,,,,,52.26342034339905,2.0,103.0,572.0,1.724691390991211,0.9999993443489075,0.0009999990369231957,0.001,False,128.0,128.0,,
train,,,,,,,52.34041714668274,2.0,104.0,573.0,1.7456399202346802,0.999999463558197,0.000999999413205826,0.001,False,128.0,128.0,,
train,,,,,,,52.42666268348694,2.0,105.0,574.0,1.7337658405303955,0.999999463558197,0.0009999993474528266,0.001,False,128.0,128.0,,
train,,,,,,,52.53313636779785,2.0,106.0,575.0,1.73529052734375,0.9999995231628418,0.000999997212656812,0.001,False,128.0,128.0,,
train,,,,,,,52.61474013328552,2.0,107.0,576.0,1.7297358512878418,0.9999994039535522,0.0009999989238746211,0.001,False,128.0,128.0,,
train,,,,,,,52.71397089958191,2.0,108.0,577.0,1.7018084526062012,0.9999993443489075,0.0010000003468757462,0.001,False,128.0,128.0,,
train,,,,,,,52.818934202194214,2.0,109.0,578.0,1.6930794715881348,0.9999994039535522,0.0010000014036961183,0.001,False,128.0,128.0,,
train,,,,,,,52.903777837753296,2.0,110.0,579.0,1.6935449838638306,0.9999994039535522,0.0010000002470944814,0.001,False,128.0,128.0,,
train,,,,,,,52.99689340591431,2.0,111.0,580.0,1.6958880424499512,0.9999994039535522,0.000999999969427733,0.001,False,128.0,128.0,,
train,,,,,,,53.09054899215698,2.0,112.0,581.0,1.7076059579849243,0.999999463558197,0.0009999998162724504,0.001,False,128.0,128.0,,
train,,,,,,,53.19242882728577,2.0,113.0,582.0,1.6811126470565796,0.9999994039535522,0.0010000007302077944,0.001,False,128.0,128.0,,
train,,,,,,,53.2809624671936,2.0,114.0,583.0,1.6685791015625,0.9999994039535522,0.0009999990287352931,0.001,False,128.0,128.0,,
train,,,,,,,53.37714505195618,2.0,115.0,584.0,1.710396409034729,0.9999994039535522,0.0009999980388034817,0.001,False,128.0,128.0,,
train,,,,,,,53.460326194763184,2.0,116.0,585.0,1.7257497310638428,0.9999994039535522,0.0009999999007049233,0.001,False,128.0,128.0,,
train,,,,,,,53.85350728034973,2.0,117.0,586.0,1.777793049812317,0.999999463558197,0.0009999993015450735,0.001,False,128.0,128.0,,
train,,,,,,,53.94038724899292,2.0,118.0,587.0,1.755109190940857,0.9999994039535522,0.0010000008770901826,0.001,False,128.0,128.0,,
train,,,,,,,54.0170316696167,2.0,119.0,588.0,1.7697556018829346,0.9999994039535522,0.0009999979669163973,0.001,False,128.0,128.0,,
train,,,,,,,54.0905978679657,2.0,120.0,589.0,1.708797574043274,0.9999993443489075,0.0009999993403751503,0.001,False,128.0,128.0,,
train,,,,,,,54.16487765312195,2.0,121.0,590.0,1.7243602275848389,0.999999463558197,0.0009999986834000262,0.001,False,128.0,128.0,,
train,,,,,,,54.25391125679016,2.0,122.0,591.0,1.7392449378967285,0.9999994039535522,0.000999999258412878,0.001,False,128.0,128.0,,
train,,,,,,,54.335200548172,2.0,123.0,592.0,1.7643808126449585,0.9999995231628418,0.000999998085294161,0.001,False,128.0,128.0,,
train,,,,,,,54.41054892539978,2.0,124.0,593.0,1.6500288248062134,0.9999993443489075,0.0010000001809252032,0.001,False,128.0,128.0,,
train,,,,,,,54.48618459701538,2.0,125.0,594.0,1.734190821647644,0.9999994039535522,0.0010000013318925425,0.001,False,128.0,128.0,,
train,,,,,,,54.56788396835327,2.0,126.0,595.0,1.7321501970291138,0.9999994039535522,0.0009999993998276305,0.001,False,128.0,128.0,,
train,,,,,,,54.64964532852173,2.0,127.0,596.0,1.712678074836731,0.999999463558197,0.0009999985055975588,0.001,False,128.0,128.0,,
train,,,,,,,54.723448038101196,2.0,128.0,597.0,1.6564221382141113,0.999999463558197,0.0010000002383237217,0.001,False,128.0,128.0,,
train,,,,,,,54.80452108383179,2.0,129.0,598.0,1.7127927541732788,0.999999463558197,0.0009999997379739542,0.001,False,128.0,128.0,,
train,,,,,,,54.87803101539612,2.0,130.0,599.0,1.7016788721084595,0.9999995231628418,0.0010000000496691013,0.001,False,128.0,128.0,,
train,,,,,,,54.95262932777405,2.0,131.0,600.0,1.720773696899414,0.999999463558197,0.0010000003768240015,0.001,False,128.0,128.0,,
train,,,,,,,55.02273488044739,2.0,132.0,601.0,1.642869234085083,0.9999992847442627,0.0009999990573235633,0.001,False,128.0,128.0,,
train,,,,,,,55.109874963760376,2.0,133.0,602.0,1.6653621196746826,0.999999463558197,0.000999998170476182,0.001,False,128.0,128.0,,
train,,,,,,,55.18479347229004,2.0,134.0,603.0,1.6708025932312012,0.999999463558197,0.0009999985913901677,0.001,False,128.0,128.0,,
train,,,,,,,55.26018500328064,2.0,135.0,604.0,1.7542808055877686,0.9999994039535522,0.000999999787600935,0.001,False,128.0,128.0,,
train,,,,,,,55.330811738967896,2.0,136.0,605.0,1.7023284435272217,0.9999993443489075,0.001000001258950984,0.001,False,128.0,128.0,,
train,,,,,,,55.40193772315979,2.0,137.0,606.0,1.7085338830947876,0.9999993443489075,0.000999999033842324,0.001,False,128.0,128.0,,
train,,,,,,,55.479278802871704,2.0,138.0,607.0,1.6576673984527588,0.9999992847442627,0.000999998396295933,0.001,False,128.0,128.0,,
train,,,,,,,55.55853199958801,2.0,139.0,608.0,1.7002441883087158,0.9999995827674866,0.0009999993414298628,0.001,False,128.0,128.0,,
train,,,,,,,55.64161133766174,2.0,140.0,609.0,1.7224018573760986,0.9999994039535522,0.001000001897494749,0.001,False,128.0,128.0,,
train,,,,,,,55.72958779335022,2.0,141.0,610.0,1.6873173713684082,0.9999994039535522,0.0009999985367671164,0.001,False,128.0,128.0,,
train,,,,,,,55.806472063064575,2.0,142.0,611.0,1.7035551071166992,0.9999992847442627,0.000999999261771305,0.001,False,128.0,128.0,,
train,,,,,,,55.88286113739014,2.0,143.0,612.0,1.7221095561981201,0.9999994039535522,0.0009999989804405434,0.001,False,128.0,128.0,,
train,,,,,,,55.95930504798889,2.0,144.0,613.0,1.7461782693862915,0.999999463558197,0.000999999213254522,0.001,False,128.0,128.0,,
train,,,,,,,56.03704261779785,2.0,145.0,614.0,1.6687418222427368,0.9999995827674866,0.0009999989666182527,0.001,False,128.0,128.0,,
train,,,,,,,56.11197233200073,2.0,146.0,615.0,1.7135910987854004,0.9999994039535522,0.0010000002537558178,0.001,False,128.0,128.0,,
train,,,,,,,56.18830895423889,2.0,147.0,616.0,1.699977159500122,0.9999994039535522,0.0009999995226183632,0.001,False,128.0,128.0,,
train,,,,,,,56.270434617996216,2.0,148.0,617.0,1.6951600313186646,0.999999463558197,0.0010000021165135567,0.001,False,128.0,128.0,,
train,,,,,,,56.38377070426941,2.0,149.0,618.0,1.7032924890518188,0.999999463558197,0.0009999990471095017,0.001,False,128.0,128.0,,
train,,,,,,,56.462127923965454,2.0,150.0,619.0,1.7229760885238647,0.9999994039535522,0.0009999993284957559,0.001,False,128.0,128.0,,
train,,,,,,,56.54114603996277,2.0,151.0,620.0,1.6617016792297363,0.9999994039535522,0.0010000012056603446,0.001,False,128.0,128.0,,
train,,,,,,,56.62815618515015,2.0,152.0,621.0,1.6565765142440796,0.999999463558197,0.0010000003563959052,0.001,False,128.0,128.0,,
train,,,,,,,56.70453238487244,2.0,153.0,622.0,1.6517068147659302,0.9999994039535522,0.0010000003455712346,0.001,False,128.0,128.0,,
train,,,,,,,56.78338289260864,2.0,154.0,623.0,1.6910773515701294,0.999999463558197,0.0009999965827420692,0.001,False,128.0,128.0,,
train,,,,,,,56.859858989715576,2.0,155.0,624.0,1.6980252265930176,0.9999993443489075,0.001000000038483605,0.001,False,128.0,128.0,,
train,,,,,,,56.93936586380005,2.0,156.0,625.0,1.6744252443313599,0.999999463558197,0.0009999993167828952,0.001,False,128.0,128.0,,
train,,,,,,,57.01469826698303,2.0,157.0,626.0,1.7293264865875244,0.9999994039535522,0.001000000119613146,0.001,False,128.0,128.0,,
train,,,,,,,57.092729330062866,2.0,158.0,627.0,1.7195857763290405,0.9999994039535522,0.0010000000285471091,0.001,False,128.0,128.0,,
train,,,,,,,57.172099113464355,2.0,159.0,628.0,1.656890630722046,0.999999463558197,0.0009999985975241586,0.001,False,128.0,128.0,,
train,,,,,,,57.24570846557617,2.0,160.0,629.0,1.666236162185669,0.999999463558197,0.0009999996077447507,0.001,False,128.0,128.0,,
train,,,,,,,57.323652029037476,2.0,161.0,630.0,1.70510995388031,0.999999463558197,0.0010000018897787135,0.001,False,128.0,128.0,,
train,,,,,,,57.396419048309326,2.0,162.0,631.0,1.6458561420440674,0.9999994039535522,0.000999999710135104,0.001,False,128.0,128.0,,
train,,,,,,,57.47372221946716,2.0,163.0,632.0,1.663042664527893,0.999999463558197,0.00099999746492791,0.001,False,128.0,128.0,,
train,,,,,,,57.552958726882935,2.0,164.0,633.0,1.7233277559280396,0.9999995231628418,0.0009999991871365043,0.001,False,128.0,128.0,,
train,,,,,,,57.62821888923645,2.0,165.0,634.0,1.6548802852630615,0.9999994039535522,0.0009999989898774487,0.001,False,128.0,128.0,,
train,,,,,,,57.705113887786865,2.0,166.0,635.0,1.6676664352416992,0.9999994039535522,0.0009999990148852472,0.001,False,128.0,128.0,,
train,,,,,,,57.7839879989624,2.0,167.0,636.0,1.6696760654449463,0.9999994039535522,0.0010000005861009408,0.001,False,128.0,128.0,,
train,,,,,,,57.863791942596436,2.0,168.0,637.0,1.6285921335220337,0.9999994039535522,0.0010000006617625927,0.001,False,128.0,128.0,,
train,,,,,,,57.94007849693298,2.0,169.0,638.0,1.6501758098602295,0.9999994039535522,0.0009999988665870497,0.001,False,128.0,128.0,,
train,,,,,,,58.01866388320923,2.0,170.0,639.0,1.6448034048080444,0.9999994039535522,0.0009999996180420734,0.001,False,128.0,128.0,,
train,,,,,,,58.097010135650635,2.0,171.0,640.0,1.6604403257369995,0.9999995231628418,0.0009999987418533437,0.001,False,128.0,128.0,,
train,,,,,,,58.175798654556274,2.0,172.0,641.0,1.6160310506820679,0.999999463558197,0.0009999997388898884,0.001,False,128.0,128.0,,
train,,,,,,,58.25342035293579,2.0,173.0,642.0,1.6747889518737793,0.9999995231628418,0.000999998299206769,0.001,False,128.0,128.0,,
train,,,,,,,58.331053018569946,2.0,174.0,643.0,1.6787859201431274,0.9999994039535522,0.0009999991684014754,0.001,False,128.0,128.0,,
train,,,,,,,58.40849757194519,2.0,175.0,644.0,1.6843124628067017,0.9999994039535522,0.000999999944503225,0.001,False,128.0,128.0,,
train,,,,,,,58.4870867729187,2.0,176.0,645.0,1.6503187417984009,0.9999993443489075,0.0009999988658654039,0.001,False,128.0,128.0,,
train,,,,,,,58.566847801208496,2.0,177.0,646.0,1.7340662479400635,0.9999994039535522,0.0010000000894983495,0.001,False,128.0,128.0,,
train,,,,,,,58.65352773666382,2.0,178.0,647.0,1.667845606803894,0.9999993443489075,0.0009999990682592703,0.001,False,128.0,128.0,,
train,,,,,,,58.73105263710022,2.0,179.0,648.0,1.6735610961914062,0.9999994039535522,0.0009999979413534599,0.001,False,128.0,128.0,,
train,,,,,,,58.808233976364136,2.0,180.0,649.0,1.5940535068511963,0.999999463558197,0.0009999984431474185,0.001,False,128.0,128.0,,
train,,,,,,,58.89905285835266,2.0,181.0,650.0,1.719368577003479,0.9999994039535522,0.0010000000940502637,0.001,False,128.0,128.0,,
train,,,,,,,58.97670006752014,2.0,182.0,651.0,1.6742113828659058,0.9999995827674866,0.0009999984734843095,0.001,False,128.0,128.0,,
train,,,,,,,59.0557701587677,2.0,183.0,652.0,1.670658826828003,0.9999995231628418,0.00100000179063598,0.001,False,128.0,128.0,,
train,,,,,,,59.14169692993164,2.0,184.0,653.0,1.6488702297210693,0.9999994039535522,0.0009999998415855397,0.001,False,128.0,128.0,,
train,,,,,,,59.24830937385559,2.0,185.0,654.0,1.6414506435394287,0.9999995231628418,0.001000000284092654,0.001,False,128.0,128.0,,
train,,,,,,,59.33368420600891,2.0,186.0,655.0,1.6550309658050537,0.9999994039535522,0.0009999988785774718,0.001,False,128.0,128.0,,
train,,,,,,,59.42559361457825,2.0,187.0,656.0,1.611806869506836,0.9999994039535522,0.001000001179792179,0.001,False,128.0,128.0,,
train,,,,,,,59.509071350097656,2.0,188.0,657.0,1.6602240800857544,0.999999463558197,0.0010000000266319744,0.001,False,128.0,128.0,,
train,,,,,,,59.6088707447052,2.0,189.0,658.0,1.6197493076324463,0.9999993443489075,0.0009999986310251848,0.001,False,128.0,128.0,,
train,,,,,,,59.69145059585571,2.0,190.0,659.0,1.681715488433838,0.999999463558197,0.0009999992952445535,0.001,False,128.0,128.0,,
train,,,,,,,59.79388976097107,2.0,191.0,660.0,1.5683358907699585,0.9999994039535522,0.0010000004582588263,0.001,False,128.0,128.0,,
train,,,,,,,59.882917404174805,2.0,192.0,661.0,1.6742030382156372,0.9999994039535522,0.0009999992411766525,0.001,False,128.0,128.0,,
train,,,,,,,59.9637393951416,2.0,193.0,662.0,1.6043211221694946,0.9999993443489075,0.0009999985057640927,0.001,False,128.0,128.0,,
train,,,,,,,60.042988300323486,2.0,194.0,663.0,1.6762033700942993,0.9999994039535522,0.0009999997100240817,0.001,False,128.0,128.0,,
train,,,,,,,60.12268590927124,2.0,195.0,664.0,1.6691851615905762,0.9999994039535522,0.0009999994716035896,0.001,False,128.0,128.0,,
train,,,,,,,60.22642135620117,2.0,196.0,665.0,1.6104257106781006,0.999999463558197,0.0009999996514597985,0.001,False,128.0,128.0,,
train,,,,,,,60.33218741416931,2.0,197.0,666.0,1.615080714225769,0.9999994039535522,0.0010000011919491067,0.001,False,128.0,128.0,,
train,,,,,,,60.421974420547485,2.0,198.0,667.0,1.6705317497253418,0.9999994039535522,0.000999998531382527,0.001,False,128.0,128.0,,
train,,,,,,,60.497620582580566,2.0,199.0,668.0,1.6058158874511719,0.9999994039535522,0.0009999991952411391,0.001,False,128.0,128.0,,
train,,,,,,,60.58100938796997,2.0,200.0,669.0,1.712231159210205,0.999999463558197,0.0010000002026855704,0.001,False,128.0,128.0,,
train,,,,,,,60.68077373504639,2.0,201.0,670.0,1.6576006412506104,0.9999993443489075,0.0009999997966214991,0.001,False,128.0,128.0,,
train,,,,,,,60.75960326194763,2.0,202.0,671.0,1.6604623794555664,0.999999463558197,0.0009999987536217225,0.001,False,128.0,128.0,,
train,,,,,,,60.83972930908203,2.0,203.0,672.0,1.5887287855148315,0.9999994039535522,0.000999998550894725,0.001,False,128.0,128.0,,
train,,,,,,,60.92614531517029,2.0,204.0,673.0,1.525294303894043,0.9999994039535522,0.0010000007805563706,0.001,False,128.0,128.0,,
train,,,,,,,61.025771617889404,2.0,205.0,674.0,1.6575850248336792,0.999999463558197,0.0009999981212376996,0.001,False,128.0,128.0,,
train,,,,,,,61.123944997787476,2.0,206.0,675.0,1.6822646856307983,0.9999995231628418,0.0009999987880386786,0.001,False,128.0,128.0,,
train,,,,,,,61.19763922691345,2.0,207.0,676.0,1.6743557453155518,0.9999994039535522,0.0010000007647912158,0.001,False,128.0,128.0,,
train,,,,,,,61.26839876174927,2.0,208.0,677.0,1.669306993484497,0.9999994039535522,0.0009999987195933439,0.001,False,128.0,128.0,,
train,,,,,,,61.343496561050415,2.0,209.0,678.0,1.6534192562103271,0.9999993443489075,0.0009999989350323744,0.001,False,128.0,128.0,,
train,,,,,,,61.42658042907715,2.0,210.0,679.0,1.6296157836914062,0.9999993443489075,0.001000001178515424,0.001,False,128.0,128.0,,
train,,,,,,,61.502978801727295,2.0,211.0,680.0,1.5930726528167725,0.9999994039535522,0.0009999983481676863,0.001,False,128.0,128.0,,
train,,,,,,,61.5715696811676,2.0,212.0,681.0,1.5805273056030273,0.9999994039535522,0.0009999990697303171,0.001,False,128.0,128.0,,
train,,,,,,,61.64217948913574,2.0,213.0,682.0,1.5940301418304443,0.9999994039535522,0.0009999993988284294,0.001,False,128.0,128.0,,
train,,,,,,,61.71611952781677,2.0,214.0,683.0,1.5848242044448853,0.999999463558197,0.0009999986538402987,0.001,False,128.0,128.0,,
train,,,,,,,61.79069638252258,2.0,215.0,684.0,1.6635442972183228,0.9999994039535522,0.0009999979689148029,0.001,False,128.0,128.0,,
train,,,,,,,61.863473892211914,2.0,216.0,685.0,1.6241041421890259,0.999999463558197,0.0009999969773443584,0.001,False,128.0,128.0,,
train,,,,,,,61.93951177597046,2.0,217.0,686.0,1.608129620552063,0.9999994039535522,0.0010000002368804322,0.001,False,128.0,128.0,,
train,,,,,,,62.01312255859375,2.0,218.0,687.0,1.6062712669372559,0.9999993443489075,0.000999999041447359,0.001,False,128.0,128.0,,
train,,,,,,,62.09107232093811,2.0,219.0,688.0,1.688372015953064,0.9999993443489075,0.0010000003910348506,0.001,False,128.0,128.0,,
train,,,,,,,62.164191246032715,2.0,220.0,689.0,1.6256868839263916,0.9999993443489075,0.0010000006826347714,0.001,False,128.0,128.0,,
train,,,,,,,62.245734453201294,2.0,221.0,690.0,1.6547441482543945,0.9999994039535522,0.0009999989738069541,0.001,False,128.0,128.0,,
train,,,,,,,62.33719801902771,2.0,222.0,691.0,1.5338242053985596,0.999999463558197,0.0009999981395841693,0.001,False,128.0,128.0,,
train,,,,,,,62.415255546569824,2.0,223.0,692.0,1.5986546277999878,0.999999463558197,0.0010000002450960804,0.001,False,128.0,128.0,,
train,,,,,,,62.50813674926758,2.0,224.0,693.0,1.7059749364852905,0.9999994039535522,0.0010000005669773603,0.001,False,128.0,128.0,,
train,,,,,,,62.594362020492554,2.0,225.0,694.0,1.637285828590393,0.9999994039535522,0.0009999991433381696,0.001,False,128.0,128.0,,
train,,,,,,,62.70301842689514,2.0,226.0,695.0,1.6200801134109497,0.9999994039535522,0.001000000755132283,0.001,False,128.0,128.0,,
train,,,,,,,62.79426169395447,2.0,227.0,696.0,1.6473957300186157,0.9999993443489075,0.000999999824044013,0.001,False,128.0,128.0,,
train,,,,,,,62.88235521316528,2.0,228.0,697.0,1.6101529598236084,0.9999994039535522,0.0009999970261388065,0.001,False,128.0,128.0,,
train,,,,,,,62.956225633621216,2.0,229.0,698.0,1.640182614326477,0.9999994039535522,0.0009999975609624406,0.001,False,128.0,128.0,,
train,,,,,,,63.05085563659668,2.0,230.0,699.0,1.5893328189849854,0.999999463558197,0.0010000013670310537,0.001,False,128.0,128.0,,
train,,,,,,,63.1637167930603,2.0,231.0,700.0,1.5514270067214966,0.9999993443489075,0.000999999886299778,0.001,False,128.0,128.0,,
train,,,,,,,63.25133800506592,2.0,232.0,701.0,1.6474976539611816,0.999999463558197,0.0010000000451449427,0.001,False,128.0,128.0,,
train,,,,,,,63.331793785095215,2.0,233.0,702.0,1.6083470582962036,0.9999994039535522,0.0009999989045012083,0.001,False,128.0,128.0,,
train,,,,,,,63.405186891555786,2.0,234.0,703.0,1.614891529083252,0.999999463558197,0.001000000947422747,0.001,False,128.0,128.0,,
train,,,,,,,63.48351764678955,2.0,235.0,704.0,1.6373271942138672,0.999999463558197,0.0009999992349871544,0.001,False,128.0,128.0,,
train,,,,,,,63.56250357627869,2.0,236.0,705.0,1.6392027139663696,0.9999993443489075,0.0010000002299137842,0.001,False,128.0,128.0,,
train,,,,,,,63.651198387145996,2.0,237.0,706.0,1.5653752088546753,0.9999993443489075,0.000999999437464213,0.001,False,128.0,128.0,,
train,,,,,,,63.749082803726196,2.0,238.0,707.0,1.6382501125335693,0.9999994039535522,0.0009999991914941334,0.001,False,128.0,128.0,,
train,,,,,,,63.82788920402527,2.0,239.0,708.0,1.6850371360778809,0.9999992847442627,0.001000000629926968,0.001,False,128.0,128.0,,
train,,,,,,,63.91885423660278,2.0,240.0,709.0,1.710060715675354,0.999999463558197,0.0010000008610474738,0.001,False,128.0,128.0,,
train,,,,,,,64.25030660629272,2.0,241.0,710.0,1.623064398765564,0.9999993443489075,0.0010000015321764892,0.001,False,128.0,128.0,,
train,,,,,,,64.33061051368713,2.0,242.0,711.0,1.568800926208496,0.9999994039535522,0.0009999988887360238,0.001,False,128.0,128.0,,
train,,,,,,,64.40102553367615,2.0,243.0,712.0,1.5734769105911255,0.9999994039535522,0.0009999996076892395,0.001,False,128.0,128.0,,
train,,,,,,,64.4769675731659,2.0,244.0,713.0,1.578731894493103,0.9999994039535522,0.0009999968501401627,0.001,False,128.0,128.0,,
train,,,,,,,64.57083249092102,2.0,245.0,714.0,1.6728707551956177,0.9999993443489075,0.0009999987593671338,0.001,False,128.0,128.0,,
train,,,,,,,64.68242764472961,2.0,246.0,715.0,1.5403125286102295,0.9999993443489075,0.0009999998353127785,0.001,False,128.0,128.0,,
train,,,,,,,64.76289129257202,2.0,247.0,716.0,1.5620168447494507,0.999999463558197,0.0010000000864729922,0.001,False,128.0,128.0,,
train,,,,,,,64.85132002830505,2.0,248.0,717.0,1.5848255157470703,0.9999994039535522,0.001000000015224433,0.001,False,128.0,128.0,,
train,,,,,,,64.93697690963745,2.0,249.0,718.0,1.6005781888961792,0.9999994039535522,0.0009999992294637907,0.001,False,128.0,128.0,,
train,,,,,,,65.1188268661499,2.0,250.0,719.0,1.5342575311660767,0.999999463558197,0.0009999991325967525,0.001,False,128.0,128.0,,
train,,,,,,,65.19938659667969,2.0,251.0,720.0,1.5768306255340576,0.9999995231628418,0.0009999997740284556,0.001,False,128.0,128.0,,
train,,,,,,,65.27698516845703,2.0,252.0,721.0,1.5636107921600342,0.9999994039535522,0.0010000012505132997,0.001,False,128.0,128.0,,
train,,,,,,,65.35482835769653,2.0,253.0,722.0,1.5385164022445679,0.9999994039535522,0.000999999939784777,0.001,False,128.0,128.0,,
train,,,,,,,65.42885756492615,2.0,254.0,723.0,1.5980522632598877,0.999999463558197,0.0009999987814883547,0.001,False,128.0,128.0,,
train,,,,,,,65.5065188407898,2.0,255.0,724.0,1.5975784063339233,0.9999994039535522,0.0009999993895580615,0.001,False,128.0,128.0,,
train,,,,,,,65.62966561317444,2.0,256.0,725.0,1.6044656038284302,0.999999463558197,0.000999998167645108,0.001,False,128.0,128.0,,
train,,,,,,,65.73652338981628,2.0,257.0,726.0,1.6227805614471436,0.999999463558197,0.0009999994164809859,0.001,False,128.0,128.0,,
train,,,,,,,65.82032799720764,2.0,258.0,727.0,1.5692998170852661,0.9999993443489075,0.0010000017213026738,0.001,False,128.0,128.0,,
train,,,,,,,65.90516757965088,2.0,259.0,728.0,1.6025159358978271,0.999999463558197,0.0010000004402454658,0.001,False,128.0,128.0,,
train,,,,,,,65.98536968231201,2.0,260.0,729.0,1.5589922666549683,0.9999993443489075,0.0009999992868623636,0.001,False,128.0,128.0,,
train,,,,,,,66.07746362686157,2.0,261.0,730.0,1.5484217405319214,0.999999463558197,0.0010000007793351262,0.001,False,128.0,128.0,,
train,,,,,,,66.16953206062317,2.0,262.0,731.0,1.5494438409805298,0.9999994039535522,0.000999999254693628,0.001,False,128.0,128.0,,
train,,,,,,,66.27768230438232,2.0,263.0,732.0,1.5910862684249878,0.999999463558197,0.0009999994869801865,0.001,False,128.0,128.0,,
train,,,,,,,66.37074851989746,2.0,264.0,733.0,1.5486332178115845,0.9999995231628418,0.0009999993870878137,0.001,False,128.0,128.0,,
train,,,,,,,66.44531965255737,2.0,265.0,734.0,1.5765796899795532,0.9999994039535522,0.0009999994512864974,0.001,False,128.0,128.0,,
train,,,,,,,66.52326822280884,2.0,266.0,735.0,1.6004375219345093,0.9999994039535522,0.0010000017822538111,0.001,False,128.0,128.0,,
train,,,,,,,66.63125491142273,2.0,267.0,736.0,1.5961792469024658,0.9999993443489075,0.000999997838685369,0.001,False,128.0,128.0,,
train,,,,,,,66.71955943107605,2.0,268.0,737.0,1.5507386922836304,0.9999994039535522,0.0009999981952897117,0.001,False,128.0,128.0,,
train,,,,,,,66.80494022369385,2.0,269.0,738.0,1.5784146785736084,0.999999463558197,0.000999998951075114,0.001,False,128.0,128.0,,
train,,,,,,,66.92621755599976,2.0,270.0,739.0,1.5970999002456665,0.9999993443489075,0.0009999994482056268,0.001,False,128.0,128.0,,
train,,,,,,,67.03655481338501,2.0,271.0,740.0,1.5726596117019653,0.9999994039535522,0.0009999999377863754,0.001,False,128.0,128.0,,
train,,,,,,,67.11394023895264,2.0,272.0,741.0,1.5477094650268555,0.9999995231628418,0.0009999984641861773,0.001,False,128.0,128.0,,
train,,,,,,,67.19865584373474,2.0,273.0,742.0,1.5513067245483398,0.9999995231628418,0.0010000000630750437,0.001,False,128.0,128.0,,
train,,,,,,,67.28204321861267,2.0,274.0,743.0,1.547585368156433,0.9999994039535522,0.0009999979972533026,0.001,False,128.0,128.0,,
train,,,,,,,67.36622476577759,2.0,275.0,744.0,1.6090126037597656,0.9999994039535522,0.0009999992305185035,0.001,False,128.0,128.0,,
train,,,,,,,67.43116307258606,2.0,276.0,745.0,1.551347255706787,0.9999992847442627,0.0009999986881184804,0.001,False,128.0,128.0,,
train,,,,,,,67.51765847206116,2.0,277.0,746.0,1.5721890926361084,0.9999993443489075,0.001000000231662385,0.001,False,128.0,128.0,,
train,,,,,,,67.60740685462952,2.0,278.0,747.0,1.5888007879257202,0.9999993443489075,0.0009999991695116995,0.001,False,128.0,128.0,,
train,,,,,,,67.70379114151001,2.0,279.0,748.0,1.622639536857605,0.9999994039535522,0.0010000011905058185,0.001,False,128.0,128.0,,
train,,,,,,,67.79229521751404,2.0,280.0,749.0,1.5249757766723633,0.9999994039535522,0.0009999985110376599,0.001,False,128.0,128.0,,
train,,,,,,,67.91732001304626,2.0,281.0,750.0,1.540082335472107,0.9999994039535522,0.000999998772440026,0.001,False,128.0,128.0,,
train,,,,,,,67.99888896942139,2.0,282.0,751.0,1.574574589729309,0.9999992847442627,0.0010000000161681226,0.001,False,128.0,128.0,,
train,,,,,,,68.08333802223206,2.0,283.0,752.0,1.5747812986373901,0.9999993443489075,0.0010000011651927633,0.001,False,128.0,128.0,,
train,,,,,,,68.16215538978577,2.0,284.0,753.0,1.5934021472930908,0.9999993443489075,0.0010000014910982993,0.001,False,128.0,128.0,,
train,,,,,,,68.26692318916321,2.0,285.0,754.0,1.5352134704589844,0.9999994039535522,0.000999999349201429,0.001,False,128.0,128.0,,
train,,,,,,,68.35238409042358,2.0,286.0,755.0,1.5531948804855347,0.9999993443489075,0.000999998837082839,0.001,False,128.0,128.0,,
train,,,,,,,68.43623971939087,2.0,287.0,756.0,1.6232175827026367,0.999999463558197,0.0010000006284281678,0.001,False,128.0,128.0,,
train,,,,,,,68.51748585700989,2.0,288.0,757.0,1.5527743101119995,0.9999993443489075,0.0009999990556859828,0.001,False,128.0,128.0,,
train,,,,,,,68.62108898162842,2.0,289.0,758.0,1.6310205459594727,0.9999994039535522,0.0010000007624319939,0.001,False,128.0,128.0,,
train,,,,,,,68.72210311889648,2.0,290.0,759.0,1.5624115467071533,0.9999993443489075,0.0009999976614933756,0.001,False,128.0,128.0,,
train,,,,,,,68.80693888664246,2.0,291.0,760.0,1.5663889646530151,0.9999995231628418,0.0010000001128130309,0.001,False,128.0,128.0,,
train,,,,,,,68.91698551177979,2.0,292.0,761.0,1.5695260763168335,0.999999463558197,0.0009999994730191249,0.001,False,128.0,128.0,,
train,,,,,,,69.018878698349,2.0,293.0,762.0,1.5014163255691528,0.9999994039535522,0.0009999997383902878,0.001,False,128.0,128.0,,
train,,,,,,,69.13632225990295,2.0,294.0,763.0,1.5337650775909424,0.9999993443489075,0.0009999985959143328,0.001,False,128.0,128.0,,
train,,,,,,,69.2507677078247,2.0,295.0,764.0,1.5321054458618164,0.9999994039535522,0.0009999981686443105,0.001,False,128.0,128.0,,
train,,,,,,,69.65294551849365,2.0,296.0,765.0,1.5252193212509155,0.9999994039535522,0.0010000023619000512,0.001,False,128.0,128.0,,
train,,,,,,,69.7428183555603,2.0,297.0,766.0,1.6159347295761108,0.9999994039535522,0.0009999987536772337,0.001,False,128.0,128.0,,
train,,,,,,,69.81547975540161,2.0,298.0,767.0,1.6599804162979126,0.9999995231628418,0.000999998530078013,0.001,False,128.0,128.0,,
train,,,,,,,69.88697695732117,2.0,299.0,768.0,1.6090764999389648,0.9999994039535522,0.0010000002160082439,0.001,False,128.0,128.0,,
train,,,,,,,69.97488570213318,2.0,300.0,769.0,1.584967851638794,0.9999994039535522,0.0009999999526078536,0.001,False,128.0,128.0,,
train,,,,,,,70.04673981666565,2.0,301.0,770.0,1.5070942640304565,0.9999994039535522,0.0009999985422627284,0.001,False,128.0,128.0,,
train,,,,,,,70.14629888534546,2.0,302.0,771.0,1.499876618385315,0.999999463558197,0.0009999992511409118,0.001,False,128.0,128.0,,
train,,,,,,,70.2507336139679,2.0,303.0,772.0,1.509887933731079,0.9999993443489075,0.0009999992945784193,0.001,False,128.0,128.0,,
train,,,,,,,70.32799315452576,2.0,304.0,773.0,1.5538800954818726,0.999999463558197,0.0009999983008998619,0.001,False,128.0,128.0,,
train,,,,,,,70.40996670722961,2.0,305.0,774.0,1.5553661584854126,0.9999994039535522,0.000999999615710604,0.001,False,128.0,128.0,,
train,,,,,,,70.47795510292053,2.0,306.0,775.0,1.528167486190796,0.9999994039535522,0.0010000020051306611,0.001,False,128.0,128.0,,
train,,,,,,,70.56131267547607,2.0,307.0,776.0,1.565796136856079,0.999999463558197,0.000999998979496853,0.001,False,128.0,128.0,,
train,,,,,,,70.66228437423706,2.0,308.0,777.0,1.5424350500106812,0.999999463558197,0.0009999996058851265,0.001,False,128.0,128.0,,
train,,,,,,,70.73422074317932,2.0,309.0,778.0,1.4658554792404175,0.999999463558197,0.0010000000852239913,0.001,False,128.0,128.0,,
train,,,,,,,70.80221629142761,2.0,310.0,779.0,1.542988657951355,0.9999994039535522,0.000999998839053487,0.001,False,128.0,128.0,,
train,,,,,,,70.87758946418762,2.0,311.0,780.0,1.4872069358825684,0.999999463558197,0.001000001333113786,0.001,False,128.0,128.0,,
train,,,,,,,70.95005655288696,2.0,312.0,781.0,1.4837672710418701,0.9999995231628418,0.000999999941949712,0.001,False,128.0,128.0,,
train,,,,,,,71.06086206436157,2.0,313.0,782.0,1.530356764793396,0.9999994039535522,0.0009999969632722388,0.001,False,128.0,128.0,,
train,,,,,,,71.16558527946472,2.0,314.0,783.0,1.592016577720642,0.9999993443489075,0.000999999625647104,0.001,False,128.0,128.0,,
train,,,,,,,71.25397896766663,2.0,315.0,784.0,1.5331628322601318,0.9999994039535522,0.0010000000736776727,0.001,False,128.0,128.0,,
train,,,,,,,71.35615992546082,2.0,316.0,785.0,1.471194863319397,0.9999995231628418,0.000999999625841393,0.001,False,128.0,128.0,,
train,,,,,,,71.43116784095764,2.0,317.0,786.0,1.532978892326355,0.9999994039535522,0.0009999992965213109,0.001,False,128.0,128.0,,
train,,,,,,,71.5013861656189,2.0,318.0,787.0,1.5256474018096924,0.9999993443489075,0.000999998900781957,0.001,False,128.0,128.0,,
train,,,,,,,71.59241700172424,2.0,319.0,788.0,1.5569411516189575,0.9999992847442627,0.0009999985507837025,0.001,False,128.0,128.0,,
train,,,,,,,71.72692966461182,2.0,320.0,789.0,1.5125682353973389,0.9999994039535522,0.0010000001765953343,0.001,False,128.0,128.0,,
train,,,,,,,71.81459975242615,2.0,321.0,790.0,1.5357449054718018,0.9999995231628418,0.0010000004715259852,0.001,False,128.0,128.0,,
train,,,,,,,71.89879894256592,2.0,322.0,791.0,1.567284345626831,0.999999463558197,0.0009999995617537428,0.001,False,128.0,128.0,,
train,,,,,,,71.9912383556366,2.0,323.0,792.0,1.505749225616455,0.999999463558197,0.0009999989438586568,0.001,False,128.0,128.0,,
train,,,,,,,72.10744094848633,2.0,324.0,793.0,1.4973903894424438,0.9999994039535522,0.0009999985146181343,0.001,False,128.0,128.0,,
train,,,,,,,72.18197059631348,2.0,325.0,794.0,1.5171868801116943,0.9999993443489075,0.0009999985188369881,0.001,False,128.0,128.0,,
train,,,,,,,72.25698375701904,2.0,326.0,795.0,1.5352951288223267,0.9999993443489075,0.0009999988870151764,0.001,False,128.0,128.0,,
train,,,,,,,72.33644270896912,2.0,327.0,796.0,1.5258890390396118,0.999999463558197,0.0009999991762285542,0.001,False,128.0,128.0,,
train,,,,,,,72.42498564720154,2.0,328.0,797.0,1.537462830543518,0.9999993443489075,0.0009999993833963198,0.001,False,128.0,128.0,,
train,,,,,,,72.52557873725891,2.0,329.0,798.0,1.5356792211532593,0.9999993443489075,0.0010000002422927681,0.001,False,128.0,128.0,,
train,,,,,,,72.62158536911011,2.0,330.0,799.0,1.496206283569336,0.9999994039535522,0.0010000002194499346,0.001,False,128.0,128.0,,
train,,,,,,,72.74315476417542,2.0,331.0,800.0,1.5496734380722046,0.999999463558197,0.000999999617126139,0.001,False,128.0,128.0,,
train,,,,,,,72.83006262779236,2.0,332.0,801.0,1.4794977903366089,0.9999994039535522,0.0009999991789763586,0.001,False,128.0,128.0,,
train,,,,,,,72.91744661331177,2.0,333.0,802.0,1.4792015552520752,0.9999994039535522,0.0009999988064961585,0.001,False,128.0,128.0,,
train,,,,,,,73.00871682167053,2.0,334.0,803.0,1.5748296976089478,0.9999994039535522,0.0010000016991537624,0.001,False,128.0,128.0,,
train,,,,,,,73.09346771240234,2.0,335.0,804.0,1.4977169036865234,0.999999463558197,0.0010000005863229852,0.001,False,128.0,128.0,,
train,,,,,,,73.2084481716156,2.0,336.0,805.0,1.5403203964233398,0.999999463558197,0.0009999998769739035,0.001,False,128.0,128.0,,
train,,,,,,,73.31780290603638,2.0,337.0,806.0,1.5065447092056274,0.9999993443489075,0.001000001042846321,0.001,False,128.0,128.0,,
train,,,,,,,73.41006231307983,2.0,338.0,807.0,1.5124603509902954,0.9999993443489075,0.0009999988228997232,0.001,False,128.0,128.0,,
train,,,,,,,73.49887013435364,2.0,339.0,808.0,1.50242018699646,0.999999463558197,0.0009999996203735426,0.001,False,128.0,128.0,,
train,,,,,,,73.60933423042297,2.0,340.0,809.0,1.4800760746002197,0.999999463558197,0.0010000001665478177,0.001,False,128.0,128.0,,
train,,,,,,,73.70241117477417,2.0,341.0,810.0,1.525437355041504,0.9999994039535522,0.0009999992285756117,0.001,False,128.0,128.0,,
train,,,,,,,73.78388619422913,2.0,342.0,811.0,1.5031977891921997,0.9999993443489075,0.0009999998532428831,0.001,False,128.0,128.0,,
train,,,,,,,73.89297485351562,2.0,343.0,812.0,1.5282707214355469,0.9999994039535522,0.0009999989288151188,0.001,False,128.0,128.0,,
train,,,,,,,73.99837279319763,2.0,344.0,813.0,1.4798794984817505,0.999999463558197,0.0010000001760402228,0.001,False,128.0,128.0,,
train,,,,,,,74.09514904022217,2.0,345.0,814.0,1.4735639095306396,0.9999994039535522,0.0010000002175070447,0.001,False,128.0,128.0,,
train,,,,,,,74.18390774726868,2.0,346.0,815.0,1.4866403341293335,0.9999993443489075,0.0010000003800991581,0.001,False,128.0,128.0,,
train,,,,,,,74.29812836647034,2.0,347.0,816.0,1.4815952777862549,0.9999994039535522,0.0009999994595299077,0.001,False,128.0,128.0,,
train,,,,,,,74.40365624427795,2.0,348.0,817.0,1.4814013242721558,0.9999993443489075,0.000999999356778706,0.001,False,128.0,128.0,,
train,,,,,,,74.65142011642456,2.0,349.0,818.0,1.4425357580184937,0.9999993443489075,0.000999999623426657,0.001,False,128.0,128.0,,
train,,,,,,,74.73635911941528,2.0,350.0,819.0,1.480360507965088,0.9999993443489075,0.0009999973541828765,0.001,False,128.0,128.0,,
train,,,,,,,74.82982349395752,2.0,351.0,820.0,1.4846296310424805,0.9999993443489075,0.0009999998501897694,0.001,False,128.0,128.0,,
train,,,,,,,74.92082381248474,2.0,352.0,821.0,1.4999552965164185,0.9999994039535522,0.0009999999352328622,0.001,False,128.0,128.0,,
train,,,,,,,75.02845621109009,2.0,353.0,822.0,1.486594319343567,0.999999463558197,0.0010000011958348827,0.001,False,128.0,128.0,,
train,,,,,,,75.13277101516724,2.0,354.0,823.0,1.5385279655456543,0.9999993443489075,0.0009999985429566189,0.001,False,128.0,128.0,,
train,,,,,,,75.22594165802002,2.0,355.0,824.0,1.5022765398025513,0.9999992847442627,0.0010000000818378115,0.001,False,128.0,128.0,,
train,,,,,,,75.30088543891907,2.0,356.0,825.0,1.4354524612426758,0.9999994039535522,0.000999999909808753,0.001,False,128.0,128.0,,
train,,,,,,,75.39331269264221,2.0,357.0,826.0,1.4567943811416626,0.9999994039535522,0.0010000001270238838,0.001,False,128.0,128.0,,
train,,,,,,,75.46638917922974,2.0,358.0,827.0,1.4964947700500488,0.9999994039535522,0.000999999693259709,0.001,False,128.0,128.0,,
train,,,,,,,75.54955816268921,2.0,359.0,828.0,1.4701472520828247,0.9999994039535522,0.0009999981322566837,0.001,False,128.0,128.0,,
train,,,,,,,75.65531826019287,2.0,360.0,829.0,1.5469391345977783,0.9999994039535522,0.0009999985203913027,0.001,False,128.0,128.0,,
train,,,,,,,75.72802758216858,2.0,361.0,830.0,1.4823509454727173,0.9999994039535522,0.0009999980322809086,0.001,False,128.0,128.0,,
train,,,,,,,75.80788278579712,2.0,362.0,831.0,1.5037083625793457,0.9999993443489075,0.0009999986981105006,0.001,False,128.0,128.0,,
train,,,,,,,75.89734840393066,2.0,363.0,832.0,1.4806296825408936,0.9999994039535522,0.0009999989909321616,0.001,False,128.0,128.0,,
train,,,,,,,75.99723267555237,2.0,364.0,833.0,1.4536641836166382,0.9999994039535522,0.001000000608111099,0.001,False,128.0,128.0,,
train,,,,,,,76.08520317077637,2.0,365.0,834.0,1.4898184537887573,0.9999993443489075,0.0010000008293506333,0.001,False,128.0,128.0,,
train,,,,,,,76.20002126693726,2.0,366.0,835.0,1.5025746822357178,0.9999994039535522,0.000999999150721159,0.001,False,128.0,128.0,,
train,,,,,,,76.2950119972229,2.0,367.0,836.0,1.4602346420288086,0.9999993443489075,0.0009999991345951557,0.001,False,128.0,128.0,,
train,,,,,,,76.37459516525269,2.0,368.0,837.0,1.5176236629486084,0.9999994039535522,0.000999997669320466,0.001,False,128.0,128.0,,
train,,,,,,,76.464346408844,2.0,369.0,838.0,1.4682892560958862,0.9999993443489075,0.0010000000382060492,0.001,False,128.0,128.0,,
train,,,,,,,76.57141280174255,2.0,370.0,839.0,1.4278537034988403,0.9999992847442627,0.000999998143775269,0.001,False,128.0,128.0,,
train,,,,,,,76.67710947990417,2.0,371.0,840.0,1.6006863117218018,0.999999463558197,0.0009999999641541735,0.001,False,128.0,128.0,,
train,,,,,,,76.77072834968567,2.0,372.0,841.0,1.5317212343215942,0.9999994039535522,0.000999999406877551,0.001,False,128.0,128.0,,
train,,,,,,,76.86464595794678,2.0,373.0,842.0,1.4333430528640747,0.999999463558197,0.0009999991855544352,0.001,False,128.0,128.0,,
train,,,,,,,76.94230437278748,2.0,374.0,843.0,1.440632939338684,0.9999993443489075,0.0010000012249782018,0.001,False,128.0,128.0,,
train,,,,,,,77.04061222076416,2.0,375.0,844.0,1.4758696556091309,0.999999463558197,0.001000000200132058,0.001,False,128.0,128.0,,
train,,,,,,,77.13799786567688,2.0,376.0,845.0,1.497244119644165,0.9999994039535522,0.001000000205294594,0.001,False,128.0,128.0,,
train,,,,,,,77.22806572914124,2.0,377.0,846.0,1.447468638420105,0.9999993443489075,0.0009999994744069043,0.001,False,128.0,128.0,,
train,,,,,,,77.33948373794556,2.0,378.0,847.0,1.456515908241272,0.999999463558197,0.0009999968140022887,0.001,False,128.0,128.0,,
train,,,,,,,77.43582844734192,2.0,379.0,848.0,1.480224370956421,0.9999994039535522,0.0009999990176052965,0.001,False,128.0,128.0,,
train,,,,,,,77.56287360191345,2.0,380.0,849.0,1.4450924396514893,0.9999994039535522,0.0010000005393050666,0.001,False,128.0,128.0,,
train,,,,,,,77.66446256637573,2.0,381.0,850.0,1.5668007135391235,0.9999994039535522,0.0009999992421758541,0.001,False,128.0,128.0,,
train,,,,,,,77.75682044029236,2.0,382.0,851.0,1.4584182500839233,0.999999463558197,0.0009999979890098802,0.001,False,128.0,128.0,,
train,,,,,,,77.84237623214722,2.0,383.0,852.0,1.3983185291290283,0.9999994039535522,0.0009999984992970338,0.001,False,128.0,128.0,,
train,,,,,,,77.9540376663208,2.0,384.0,853.0,1.3618711233139038,0.9999994039535522,0.0010000002573917973,0.001,False,128.0,128.0,,
train,,,,,,,78.05966973304749,2.0,385.0,854.0,1.4138394594192505,0.9999994039535522,0.0010000001753740892,0.001,False,128.0,128.0,,
train,,,,,,,78.14865684509277,2.0,386.0,855.0,1.4758055210113525,0.9999994039535522,0.0009999989977322846,0.001,False,128.0,128.0,,
train,,,,,,,78.22824192047119,2.0,387.0,856.0,1.4668095111846924,0.9999994039535522,0.0009999993738761515,0.001,False,128.0,128.0,,
train,,,,,,,78.31242442131042,2.0,388.0,857.0,1.4006898403167725,0.9999994039535522,0.000999999641245743,0.001,False,128.0,128.0,,
train,,,,,,,78.41234517097473,2.0,389.0,858.0,1.533291220664978,0.9999993443489075,0.0009999994990261124,0.001,False,128.0,128.0,,
train,,,,,,,78.5037431716919,2.0,390.0,859.0,1.442430019378662,0.9999993443489075,0.0009999995047437638,0.001,False,128.0,128.0,,
train,,,,,,,78.61402726173401,2.0,391.0,860.0,1.4854406118392944,0.9999993443489075,0.0010000001439547826,0.001,False,128.0,128.0,,
train,,,,,,,78.70596551895142,2.0,392.0,861.0,1.448265552520752,0.9999995231628418,0.000999999503050673,0.001,False,128.0,128.0,,
train,,,,,,,78.79756331443787,2.0,393.0,862.0,1.404612421989441,0.9999994039535522,0.0009999973749441019,0.001,False,128.0,128.0,,
train,,,,,,,78.90700912475586,2.0,394.0,863.0,1.4738444089889526,0.9999994039535522,0.0009999989932081212,0.001,False,128.0,128.0,,
train,,,,,,,79.0181188583374,2.0,395.0,864.0,1.4938075542449951,0.999999463558197,0.0009999993475916047,0.001,False,128.0,128.0,,
train,,,,,,,79.45424175262451,2.0,396.0,865.0,1.4547514915466309,0.9999994039535522,0.0009999997953447422,0.001,False,128.0,128.0,,
train,,,,,,,79.54442620277405,2.0,397.0,866.0,1.4616212844848633,0.9999994039535522,0.000999997772793488,0.001,False,128.0,128.0,,
train,,,,,,,79.62564778327942,2.0,398.0,867.0,1.4012231826782227,0.9999993443489075,0.0009999975493605816,0.001,False,128.0,128.0,,
train,,,,,,,79.72348928451538,2.0,399.0,868.0,1.3964945077896118,0.9999993443489075,0.0010000003951981854,0.001,False,128.0,128.0,,
train,,,,,,,79.821124792099,2.0,400.0,869.0,1.4871916770935059,0.9999994039535522,0.0010000003224786033,0.001,False,128.0,128.0,,
train,,,,,,,79.91859722137451,2.0,401.0,870.0,1.4976898431777954,0.9999995231628418,0.0009999991541350976,0.001,False,128.0,128.0,,
train,,,,,,,80.00396013259888,2.0,402.0,871.0,1.479322075843811,0.9999993443489075,0.0009999997737786554,0.001,False,128.0,128.0,,
train,,,,,,,80.08256816864014,2.0,403.0,872.0,1.446694016456604,0.999999463558197,0.000999998820651519,0.001,False,128.0,128.0,,
train,,,,,,,80.17290234565735,2.0,404.0,873.0,1.4588265419006348,0.999999463558197,0.0010000008546081859,0.001,False,128.0,128.0,,
train,,,,,,,80.24660921096802,2.0,405.0,874.0,1.4310630559921265,0.9999994039535522,0.0010000007318453723,0.001,False,128.0,128.0,,
train,,,,,,,80.3307237625122,2.0,406.0,875.0,1.4894750118255615,0.9999993443489075,0.000999999529390727,0.001,False,128.0,128.0,,
train,,,,,,,80.40908098220825,2.0,407.0,876.0,1.3951385021209717,0.9999994039535522,0.0010000004867082779,0.001,False,128.0,128.0,,
train,,,,,,,80.48646116256714,2.0,408.0,877.0,1.4532407522201538,0.9999994039535522,0.001000000388259294,0.001,False,128.0,128.0,,
train,,,,,,,80.58479261398315,2.0,409.0,878.0,1.4384409189224243,0.9999994039535522,0.0009999981396119249,0.001,False,128.0,128.0,,
train,,,,,,,80.68277859687805,2.0,410.0,879.0,1.3866357803344727,0.999999463558197,0.0010000011420723954,0.001,False,128.0,128.0,,
train,,,,,,,80.7699670791626,2.0,411.0,880.0,1.5030865669250488,0.9999993443489075,0.0010000006622066817,0.001,False,128.0,128.0,,
train,,,,,,,80.88487935066223,2.0,412.0,881.0,1.4097954034805298,0.9999994039535522,0.0009999976194990906,0.001,False,128.0,128.0,,
train,,,,,,,80.95887780189514,2.0,413.0,882.0,1.383726954460144,0.9999992847442627,0.0010000005315335095,0.001,False,128.0,128.0,,
train,,,,,,,81.03552007675171,2.0,414.0,883.0,1.4719269275665283,0.999999463558197,0.0009999985640786425,0.001,False,128.0,128.0,,
train,,,,,,,81.11976909637451,2.0,415.0,884.0,1.4998117685317993,0.9999994039535522,0.0009999986635270076,0.001,False,128.0,128.0,,
train,,,,,,,81.20406174659729,2.0,416.0,885.0,1.537895917892456,0.999999463558197,0.0009999990931560446,0.001,False,128.0,128.0,,
train,,,,,,,81.29346656799316,2.0,417.0,886.0,1.464524269104004,0.9999992847442627,0.0010000008428398318,0.001,False,128.0,128.0,,
train,,,,,,,81.38035821914673,2.0,418.0,887.0,1.4386084079742432,0.999999463558197,0.0009999989070269683,0.001,False,128.0,128.0,,
train,,,,,,,81.46934866905212,2.0,419.0,888.0,1.458451747894287,0.9999994039535522,0.0009999982418636504,0.001,False,128.0,128.0,,
train,,,,,,,81.56880259513855,2.0,420.0,889.0,1.417362928390503,0.9999994039535522,0.0010000009856698934,0.001,False,128.0,128.0,,
train,,,,,,,81.6671998500824,2.0,421.0,890.0,1.4736651182174683,0.999999463558197,0.0009999995018016715,0.001,False,128.0,128.0,,
train,,,,,,,81.76890206336975,2.0,422.0,891.0,1.4372791051864624,0.9999995231628418,0.000999998715790825,0.001,False,128.0,128.0,,
train,,,,,,,81.84642601013184,2.0,423.0,892.0,1.403477668762207,0.9999994039535522,0.0009999988270075531,0.001,False,128.0,128.0,,
train,,,,,,,81.93204307556152,2.0,424.0,893.0,1.4059698581695557,0.9999994039535522,0.0010000001498112082,0.001,False,128.0,128.0,,
train,,,,,,,82.02583861351013,2.0,425.0,894.0,1.4948569536209106,0.9999992847442627,0.000999999379566048,0.001,False,128.0,128.0,,
train,,,,,,,82.11167454719543,2.0,426.0,895.0,1.3980180025100708,0.9999993443489075,0.0009999988574832105,0.001,False,128.0,128.0,,
train,,,,,,,82.22178483009338,2.0,427.0,896.0,1.3656328916549683,0.9999993443489075,0.0009999985366838495,0.001,False,128.0,128.0,,
train,,,,,,,82.31405925750732,2.0,428.0,897.0,1.4284932613372803,0.999999463558197,0.000999999546238369,0.001,False,128.0,128.0,,
train,,,,,,,82.40492582321167,2.0,429.0,898.0,1.4446618556976318,0.9999994039535522,0.000999999791986317,0.001,False,128.0,128.0,,
train,,,,,,,82.48134422302246,2.0,430.0,899.0,1.4421141147613525,0.9999994039535522,0.0009999989319792579,0.001,False,128.0,128.0,,
train,,,,,,,82.58003401756287,2.0,431.0,900.0,1.4643305540084839,0.9999993443489075,0.000999999013358689,0.001,False,128.0,128.0,,
train,,,,,,,82.66435027122498,2.0,432.0,901.0,1.4327733516693115,0.9999994039535522,0.0009999970022411845,0.001,False,128.0,128.0,,
train,,,,,,,82.76086831092834,2.0,433.0,902.0,1.452542781829834,0.9999992847442627,0.000999999678299449,0.001,False,128.0,128.0,,
train,,,,,,,82.83691906929016,2.0,434.0,903.0,1.3977903127670288,0.9999994039535522,0.0009999981486325039,0.001,False,128.0,128.0,,
train,,,,,,,82.91272306442261,2.0,435.0,904.0,1.469628095626831,0.9999994039535522,0.0009999970335495673,0.001,False,128.0,128.0,,
train,,,,,,,83.01654887199402,2.0,436.0,905.0,1.3675776720046997,0.9999994039535522,0.0009999990456106994,0.001,False,128.0,128.0,,
train,,,,,,,83.11153936386108,2.0,437.0,906.0,1.3705159425735474,0.9999994039535522,0.0009999969347671757,0.001,False,128.0,128.0,,
train,,,,,,,83.20007276535034,2.0,438.0,907.0,1.4611283540725708,0.9999992847442627,0.0010000011036309664,0.001,False,128.0,128.0,,
train,,,,,,,83.30625629425049,2.0,439.0,908.0,1.4805104732513428,0.9999994039535522,0.0010000010887539943,0.001,False,128.0,128.0,,
train,,,,,,,83.39094758033752,2.0,440.0,909.0,1.3703445196151733,0.9999992847442627,0.0009999991554673663,0.001,False,128.0,128.0,,
train,,,,,,,83.5049192905426,2.0,441.0,910.0,1.398449182510376,0.9999993443489075,0.0010000009350160165,0.001,False,128.0,128.0,,
train,,,,,,,83.5872688293457,2.0,442.0,911.0,1.4421495199203491,0.9999994039535522,0.0009999992608276148,0.001,False,128.0,128.0,,
train,,,,,,,83.67464303970337,2.0,443.0,912.0,1.3950272798538208,0.9999993443489075,0.0010000010432626542,0.001,False,128.0,128.0,,
train,,,,,,,83.77314734458923,2.0,444.0,913.0,1.4119603633880615,0.9999994039535522,0.0009999983013717075,0.001,False,128.0,128.0,,
train,,,,,,,83.8574845790863,2.0,445.0,914.0,1.468692421913147,0.9999993443489075,0.0010000004046350772,0.001,False,128.0,128.0,,
train,,,,,,,83.9448676109314,2.0,446.0,915.0,1.4095193147659302,0.9999992847442627,0.000999998678764839,0.001,False,128.0,128.0,,
train,,,,,,,84.03855299949646,2.0,447.0,916.0,1.4641646146774292,0.9999994039535522,0.0009999985610255246,0.001,False,128.0,128.0,,
train,,,,,,,84.12531280517578,2.0,448.0,917.0,1.4070639610290527,0.9999992847442627,0.0009999989235693093,0.001,False,128.0,128.0,,
train,,,,,,,84.21422243118286,2.0,449.0,918.0,1.4225132465362549,0.999999463558197,0.0009999986081545588,0.001,False,128.0,128.0,,
train,,,,,,,84.30896019935608,2.0,450.0,919.0,1.3433259725570679,0.9999994039535522,0.0010000013120750875,0.001,False,128.0,128.0,,
train,,,,,,,84.40983200073242,2.0,451.0,920.0,1.4296762943267822,0.9999994039535522,0.0010000006024767207,0.001,False,128.0,128.0,,
train,,,,,,,84.50080418586731,2.0,452.0,921.0,1.360779047012329,0.9999993443489075,0.0009999995219522292,0.001,False,128.0,128.0,,
train,,,,,,,84.6336600780487,2.0,453.0,922.0,1.395379662513733,0.9999995231628418,0.0010000006991493276,0.001,False,128.0,128.0,,
train,,,,,,,84.72445917129517,2.0,454.0,923.0,1.4045748710632324,0.9999994039535522,0.000999997717393234,0.001,False,128.0,128.0,,
train,,,,,,,84.82381010055542,2.0,455.0,924.0,1.4015427827835083,0.9999995231628418,0.0009999996331411121,0.001,False,128.0,128.0,,
train,,,,,,,84.90479397773743,2.0,456.0,925.0,1.2374571561813354,0.9999994039535522,0.0009999996190967855,0.001,False,128.0,128.0,,
train,,,,,,,84.98361444473267,2.0,457.0,926.0,1.390815019607544,0.999999463558197,0.0010000000561916614,0.001,False,128.0,128.0,,
train,,,,,,,85.06838989257812,2.0,458.0,927.0,1.3586771488189697,0.9999993443489075,0.0009999992433138336,0.001,False,128.0,128.0,,
train,,,,,,,85.17322874069214,2.0,459.0,928.0,1.3557586669921875,0.9999994039535522,0.000999999579711608,0.001,False,128.0,128.0,,
train,,,,,,,85.44495844841003,2.0,460.0,929.0,1.413901686668396,0.9999993443489075,0.0009999989532122955,0.001,False,128.0,128.0,,
train,,,,,,,85.54321527481079,2.0,461.0,930.0,1.3695582151412964,0.999999463558197,0.0010000007248232169,0.001,False,128.0,128.0,,
train,,,,,,,85.62189292907715,2.0,462.0,931.0,1.4696612358093262,0.9999993443489075,0.0009999999850263668,0.001,False,128.0,128.0,,
train,,,,,,,85.7085645198822,2.0,463.0,932.0,1.4613837003707886,0.9999992251396179,0.0009999994355213216,0.001,False,128.0,128.0,,
train,,,,,,,85.79373288154602,2.0,464.0,933.0,1.4422723054885864,0.9999993443489075,0.0009999988942871452,0.001,False,128.0,128.0,,
train,,,,,,,85.87209177017212,2.0,465.0,934.0,1.3909053802490234,0.9999993443489075,0.0009999992687657153,0.001,False,128.0,128.0,,
train,,,,,,,85.96113657951355,2.0,466.0,935.0,1.474597692489624,0.9999994039535522,0.0009999991659589828,0.001,False,128.0,128.0,,
train,,,,,,,86.04424023628235,2.0,467.0,936.0,1.3498691320419312,0.9999993443489075,0.0009999997675336494,0.001,False,128.0,128.0,,
train,,,,,,,86.11461424827576,2.0,468.0,937.0,1.3746329545974731,0.9999993443489075,0.0009999998647059376,0.001,False,128.0,128.0,,
train,,,,,,,86.17801713943481,2.0,469.0,938.0,1.32917058467865,0.9999993443489075,0.0009999992967988668,0.001,False,128.0,128.0,,
eval,,,,,,,91.80920219421387,2.0,,938.0,,,,,False,128.0,128.0,1.3776333839416504,0.7625
train,,,,,,,91.91946339607239,3.0,1.0,939.0,1.3652262687683105,0.9999995231628418,0.0010000002747390276,0.001,False,128.0,128.0,,
train,,,,,,,91.9975483417511,3.0,2.0,940.0,1.412347435951233,0.9999994039535522,0.0009999990336480348,0.001,False,128.0,128.0,,
train,,,,,,,92.08492588996887,3.0,3.0,941.0,1.3711621761322021,0.999999463558197,0.0010000005615372705,0.001,False,128.0,128.0,,
train,,,,,,,92.2032105922699,3.0,4.0,942.0,1.444942831993103,0.999999463558197,0.000999998961538977,0.001,False,128.0,128.0,,
train,,,,,,,92.29506826400757,3.0,5.0,943.0,1.368782877922058,0.9999993443489075,0.0010000011675797402,0.001,False,128.0,128.0,,
train,,,,,,,92.37436008453369,3.0,6.0,944.0,1.44791579246521,0.9999994039535522,0.0009999997301746353,0.001,False,128.0,128.0,,
train,,,,,,,92.45028400421143,3.0,7.0,945.0,1.3599058389663696,0.9999994039535522,0.001000001610114023,0.001,False,128.0,128.0,,
train,,,,,,,92.52776503562927,3.0,8.0,946.0,1.3322268724441528,0.9999993443489075,0.0010000003480692356,0.001,False,128.0,128.0,,
train,,,,,,,92.6099579334259,3.0,9.0,947.0,1.4502661228179932,0.9999993443489075,0.0009999998609311787,0.001,False,128.0,128.0,,
train,,,,,,,92.68641543388367,3.0,10.0,948.0,1.3697106838226318,0.9999995231628418,0.0010000012812664387,0.001,False,128.0,128.0,,
train,,,,,,,92.76092767715454,3.0,11.0,949.0,1.414968490600586,0.9999993443489075,0.0009999997352261513,0.001,False,128.0,128.0,,
train,,,,,,,92.83922982215881,3.0,12.0,950.0,1.3575652837753296,0.9999994039535522,0.001000001025582371,0.001,False,128.0,128.0,,
train,,,,,,,92.94729256629944,3.0,13.0,951.0,1.3807942867279053,0.9999993443489075,0.0009999987476265106,0.001,False,128.0,128.0,,
train,,,,,,,93.05046033859253,3.0,14.0,952.0,1.3414956331253052,0.999999463558197,0.0010000016089205352,0.001,False,128.0,128.0,,
train,,,,,,,93.13875699043274,3.0,15.0,953.0,1.3852585554122925,0.9999994039535522,0.0010000003437393673,0.001,False,128.0,128.0,,
train,,,,,,,93.21524786949158,3.0,16.0,954.0,1.4735430479049683,0.9999993443489075,0.0010000008758689384,0.001,False,128.0,128.0,,
train,,,,,,,93.30188775062561,3.0,17.0,955.0,1.389813780784607,0.9999994039535522,0.0009999999402011107,0.001,False,128.0,128.0,,
train,,,,,,,93.40175294876099,3.0,18.0,956.0,1.3356200456619263,0.9999992847442627,0.001000001143016084,0.001,False,128.0,128.0,,
train,,,,,,,93.48806476593018,3.0,19.0,957.0,1.368380069732666,0.9999993443489075,0.00100000035711755,0.001,False,128.0,128.0,,
train,,,,,,,93.56237840652466,3.0,20.0,958.0,1.3514623641967773,0.9999994039535522,0.0009999982665106447,0.001,False,128.0,128.0,,
train,,,,,,,93.6540994644165,3.0,21.0,959.0,1.3237967491149902,0.9999994039535522,0.0009999991889961294,0.001,False,128.0,128.0,,
train,,,,,,,93.74716567993164,3.0,22.0,960.0,1.3606740236282349,0.999999463558197,0.00100000053403151,0.001,False,128.0,128.0,,
train,,,,,,,93.83553147315979,3.0,23.0,961.0,1.3367823362350464,0.9999993443489075,0.000999997908185478,0.001,False,128.0,128.0,,
train,,,,,,,93.91881251335144,3.0,24.0,962.0,1.2886080741882324,0.9999993443489075,0.0009999994831499152,0.001,False,128.0,128.0,,
train,,,,,,,94.01388549804688,3.0,25.0,963.0,1.3683366775512695,0.999999463558197,0.0009999986740186293,0.001,False,128.0,128.0,,
train,,,,,,,94.12143445014954,3.0,26.0,964.0,1.3253031969070435,0.9999994039535522,0.0009999993697405681,0.001,False,128.0,128.0,,
train,,,,,,,94.20698976516724,3.0,27.0,965.0,1.3114937543869019,0.9999993443489075,0.0009999981956782904,0.001,False,128.0,128.0,,
train,,,,,,,94.33435916900635,3.0,28.0,966.0,1.413260817527771,0.9999993443489075,0.0010000004272281064,0.001,False,128.0,128.0,,
train,,,,,,,94.45222663879395,3.0,29.0,967.0,1.375805139541626,0.9999995231628418,0.0009999998522991936,0.001,False,128.0,128.0,,
train,,,,,,,94.54398155212402,3.0,30.0,968.0,1.3795884847640991,0.9999994039535522,0.0009999995890097296,0.001,False,128.0,128.0,,
train,,,,,,,94.64358043670654,3.0,31.0,969.0,1.286074161529541,0.9999994039535522,0.0010000009082874219,0.001,False,128.0,128.0,,
train,,,,,,,94.72347593307495,3.0,32.0,970.0,1.4436506032943726,0.9999994039535522,0.0009999999930199728,0.001,False,128.0,128.0,,
train,,,,,,,94.80985951423645,3.0,33.0,971.0,1.3485761880874634,0.9999994039535522,0.000999999771086364,0.001,False,128.0,128.0,,
train,,,,,,,94.90822052955627,3.0,34.0,972.0,1.4214876890182495,0.9999993443489075,0.0009999994774322635,0.001,False,128.0,128.0,,
train,,,,,,,95.01415586471558,3.0,35.0,973.0,1.372440218925476,0.999999463558197,0.0009999987487644907,0.001,False,128.0,128.0,,
train,,,,,,,95.10473155975342,3.0,36.0,974.0,1.3432635068893433,0.9999993443489075,0.00099999981457936,0.001,False,128.0,128.0,,
train,,,,,,,95.20660543441772,3.0,37.0,975.0,1.4523327350616455,0.999999463558197,0.0009999992863072517,0.001,False,128.0,128.0,,
train,,,,,,,95.29689621925354,3.0,38.0,976.0,1.3759527206420898,0.9999993443489075,0.0009999994328012737,0.001,False,128.0,128.0,,
train,,,,,,,95.37981986999512,3.0,39.0,977.0,1.313090443611145,0.9999994039535522,0.000999999804975929,0.001,False,128.0,128.0,,
train,,,,,,,95.47658824920654,3.0,40.0,978.0,1.369539499282837,0.999999463558197,0.001000001438529316,0.001,False,128.0,128.0,,
train,,,,,,,95.57830739021301,3.0,41.0,979.0,1.3385134935379028,0.9999993443489075,0.0009999983480011526,0.001,False,128.0,128.0,,
train,,,,,,,95.68424415588379,3.0,42.0,980.0,1.3365237712860107,0.9999992847442627,0.0010000000795618543,0.001,False,128.0,128.0,,
train,,,,,,,95.77454447746277,3.0,43.0,981.0,1.3748470544815063,0.9999993443489075,0.0009999982498017591,0.001,False,128.0,128.0,,
train,,,,,,,95.85542345046997,3.0,44.0,982.0,1.3339660167694092,0.9999993443489075,0.0009999999854427004,0.001,False,128.0,128.0,,
train,,,,,,,95.94838356971741,3.0,45.0,983.0,1.2798408269882202,0.9999994039535522,0.000999999469549676,0.001,False,128.0,128.0,,
train,,,,,,,96.04542279243469,3.0,46.0,984.0,1.3793771266937256,0.9999993443489075,0.000999999357528107,0.001,False,128.0,128.0,,
train,,,,,,,96.12220406532288,3.0,47.0,985.0,1.3217493295669556,0.9999992847442627,0.0010000010717953558,0.001,False,128.0,128.0,,
train,,,,,,,96.20130586624146,3.0,48.0,986.0,1.3569892644882202,0.9999993443489075,0.0010000020111813645,0.001,False,128.0,128.0,,
train,,,,,,,96.30139660835266,3.0,49.0,987.0,1.3229354619979858,0.9999993443489075,0.0009999996131848457,0.001,False,128.0,128.0,,
train,,,,,,,96.39688968658447,3.0,50.0,988.0,1.3857636451721191,0.9999993443489075,0.0009999991561057452,0.001,False,128.0,128.0,,
train,,,,,,,96.50536274909973,3.0,51.0,989.0,1.4034039974212646,0.9999994039535522,0.0010000007655683715,0.001,False,128.0,128.0,,
train,,,,,,,96.58975005149841,3.0,52.0,990.0,1.3322950601577759,0.9999994039535522,0.001000001380992089,0.001,False,128.0,128.0,,
train,,,,,,,96.66323971748352,3.0,53.0,991.0,1.449460744857788,0.9999994039535522,0.0009999992708196294,0.001,False,128.0,128.0,,
train,,,,,,,96.75612115859985,3.0,54.0,992.0,1.383947730064392,0.9999993443489075,0.000999999664671457,0.001,False,128.0,128.0,,
train,,,,,,,96.8506236076355,3.0,55.0,993.0,1.3268039226531982,0.999999463558197,0.00099999727791035,0.001,False,128.0,128.0,,
train,,,,,,,96.95308566093445,3.0,56.0,994.0,1.2265353202819824,0.9999994039535522,0.000999999638164873,0.001,False,128.0,128.0,,
train,,,,,,,97.04151344299316,3.0,57.0,995.0,1.302248239517212,0.9999993443489075,0.0009999989300363654,0.001,False,128.0,128.0,,
train,,,,,,,97.14135503768921,3.0,58.0,996.0,1.3617388010025024,0.9999994039535522,0.0010000021043288846,0.001,False,128.0,128.0,,
train,,,,,,,97.23015809059143,3.0,59.0,997.0,1.3709206581115723,0.9999992847442627,0.0009999994088204425,0.001,False,128.0,128.0,,
train,,,,,,,97.32388162612915,3.0,60.0,998.0,1.3555043935775757,0.9999992847442627,0.0009999979934507811,0.001,False,128.0,128.0,,
train,,,,,,,97.64904570579529,3.0,61.0,999.0,1.3782765865325928,0.999999463558197,0.0009999996542908681,0.001,False,128.0,128.0,,
train,,,,,,,97.72837829589844,3.0,62.0,1000.0,1.2757501602172852,0.9999993443489075,0.0010000002893939674,0.001,False,128.0,128.0,,
train,,,,,,,97.8086085319519,3.0,63.0,1001.0,1.3714120388031006,0.999999463558197,0.0010000004495990906,0.001,False,128.0,128.0,,
train,,,,,,,97.91230511665344,3.0,64.0,1002.0,1.378779649734497,0.9999993443489075,0.0010000003373278315,0.001,False,128.0,128.0,,
train,,,,,,,97.9898293018341,3.0,65.0,1003.0,1.3101074695587158,0.9999993443489075,0.00100000006773798,0.001,False,128.0,128.0,,
train,,,,,,,98.06800508499146,3.0,66.0,1004.0,1.3088500499725342,0.9999994039535522,0.0010000003807375361,0.001,False,128.0,128.0,,
train,,,,,,,98.1368088722229,3.0,67.0,1005.0,1.335845708847046,0.9999993443489075,0.0009999985541143763,0.001,False,128.0,128.0,,
train,,,,,,,98.22549033164978,3.0,68.0,1006.0,1.3581091165542603,0.9999993443489075,0.0010000001845889386,0.001,False,128.0,128.0,,
train,,,,,,,98.32301092147827,3.0,69.0,1007.0,1.3269932270050049,0.9999994039535522,0.0010000004826837214,0.001,False,128.0,128.0,,
train,,,,,,,98.39753031730652,3.0,70.0,1008.0,1.3955066204071045,0.9999993443489075,0.00099999992551841,0.001,False,128.0,128.0,,
train,,,,,,,98.49139928817749,3.0,71.0,1009.0,1.271319031715393,0.9999993443489075,0.000999999495473397,0.001,False,128.0,128.0,,
train,,,,,,,98.58536219596863,3.0,72.0,1010.0,1.3620364665985107,0.9999994039535522,0.0009999983319584032,0.001,False,128.0,128.0,,
train,,,,,,,98.67259907722473,3.0,73.0,1011.0,1.3241487741470337,0.999999463558197,0.0009999995458775464,0.001,False,128.0,128.0,,
train,,,,,,,98.78091931343079,3.0,74.0,1012.0,1.3387882709503174,0.999999463558197,0.0010000014232082602,0.001,False,128.0,128.0,,
train,,,,,,,98.89886331558228,3.0,75.0,1013.0,1.3365051746368408,0.9999993443489075,0.0010000016316523148,0.001,False,128.0,128.0,,
train,,,,,,,98.97943472862244,3.0,76.0,1014.0,1.236297607421875,0.9999994039535522,0.0009999986778489037,0.001,False,128.0,128.0,,
train,,,,,,,99.07953238487244,3.0,77.0,1015.0,1.3541141748428345,0.9999992847442627,0.0009999996362497377,0.001,False,128.0,128.0,,
train,,,,,,,99.19604873657227,3.0,78.0,1016.0,1.3280613422393799,0.9999992847442627,0.0009999995870113275,0.001,False,128.0,128.0,,
train,,,,,,,99.2984311580658,3.0,79.0,1017.0,1.3713042736053467,0.9999994039535522,0.0010000003689414208,0.001,False,128.0,128.0,,
train,,,,,,,99.37229061126709,3.0,80.0,1018.0,1.3206812143325806,0.9999994039535522,0.0009999996458531703,0.001,False,128.0,128.0,,
train,,,,,,,99.45471525192261,3.0,81.0,1019.0,1.3147497177124023,0.9999993443489075,0.0010000007204933501,0.001,False,128.0,128.0,,
train,,,,,,,99.54473733901978,3.0,82.0,1020.0,1.3373675346374512,0.9999994039535522,0.0010000005144915952,0.001,False,128.0,128.0,,
train,,,,,,,99.63335108757019,3.0,83.0,1021.0,1.3222259283065796,0.9999993443489075,0.0009999996239262576,0.001,False,128.0,128.0,,
train,,,,,,,99.71990323066711,3.0,84.0,1022.0,1.3533700704574585,0.9999994039535522,0.0009999999223820298,0.001,False,128.0,128.0,,
train,,,,,,,99.79922866821289,3.0,85.0,1023.0,1.3261314630508423,0.9999993443489075,0.0010000010645511584,0.001,False,128.0,128.0,,
train,,,,,,,99.89208745956421,3.0,86.0,1024.0,1.3451694250106812,0.999999463558197,0.001000000138292646,0.001,False,128.0,128.0,,
train,,,,,,,99.99618601799011,3.0,87.0,1025.0,1.2782572507858276,0.9999993443489075,0.0010000006603193038,0.001,False,128.0,128.0,,
train,,,,,,,100.07862591743469,3.0,88.0,1026.0,1.3101677894592285,0.9999993443489075,0.0009999984646857786,0.001,False,128.0,128.0,,
train,,,,,,,100.16410827636719,3.0,89.0,1027.0,1.211935043334961,0.999999463558197,0.0009999997892107587,0.001,False,128.0,128.0,,
train,,,,,,,100.24446034431458,3.0,90.0,1028.0,1.358089804649353,0.9999995231628418,0.001000001214236807,0.001,False,128.0,128.0,,
train,,,,,,,100.34298753738403,3.0,91.0,1029.0,1.3175108432769775,0.9999993443489075,0.0009999986406008714,0.001,False,128.0,128.0,,
train,,,,,,,100.42762684822083,3.0,92.0,1030.0,1.2899645566940308,0.9999994039535522,0.0010000001637167494,0.001,False,128.0,128.0,,
train,,,,,,,100.51894450187683,3.0,93.0,1031.0,1.3981860876083374,0.999999463558197,0.0010000012268655786,0.001,False,128.0,128.0,,
train,,,,,,,100.64296889305115,3.0,94.0,1032.0,1.2370853424072266,0.9999993443489075,0.0009999999843879886,0.001,False,128.0,128.0,,
train,,,,,,,100.72434186935425,3.0,95.0,1033.0,1.3506625890731812,0.9999994039535522,0.0009999979111830865,0.001,False,128.0,128.0,,
train,,,,,,,100.8324203491211,3.0,96.0,1034.0,1.3003005981445312,0.999999463558197,0.0009999999856369895,0.001,False,128.0,128.0,,
train,,,,,,,100.92834520339966,3.0,97.0,1035.0,1.3476285934448242,0.999999463558197,0.000999999871728099,0.001,False,128.0,128.0,,
train,,,,,,,101.02503728866577,3.0,98.0,1036.0,1.2846122980117798,0.9999994039535522,0.0010000006039755209,0.001,False,128.0,128.0,,
train,,,,,,,101.11010026931763,3.0,99.0,1037.0,1.4657008647918701,0.9999993443489075,0.0010000004417165106,0.001,False,128.0,128.0,,
train,,,,,,,101.2469003200531,3.0,100.0,1038.0,1.310343623161316,0.9999994039535522,0.0009999973302019954,0.001,False,128.0,128.0,,
train,,,,,,,101.3561544418335,3.0,101.0,1039.0,1.5066945552825928,0.999999463558197,0.0009999989516302262,0.001,False,128.0,128.0,,
train,,,,,,,101.44182991981506,3.0,102.0,1040.0,1.2908110618591309,0.9999994039535522,0.0010000000520283252,0.001,False,128.0,128.0,,
train,,,,,,,101.54702568054199,3.0,103.0,1041.0,1.265928864479065,0.9999994039535522,0.0009999992306572814,0.001,False,128.0,128.0,,
train,,,,,,,101.62077260017395,3.0,104.0,1042.0,1.2746860980987549,0.9999993443489075,0.0009999987509294282,0.001,False,128.0,128.0,,
train,,,,,,,101.71085000038147,3.0,105.0,1043.0,1.3655544519424438,0.9999994039535522,0.0009999983115302653,0.001,False,128.0,128.0,,
train,,,,,,,101.81448698043823,3.0,106.0,1044.0,1.2642513513565063,0.9999993443489075,0.00099999932588673,0.001,False,128.0,128.0,,
train,,,,,,,101.91176414489746,3.0,107.0,1045.0,1.3459471464157104,0.9999993443489075,0.0009999999839161438,0.001,False,128.0,128.0,,
train,,,,,,,102.00412511825562,3.0,108.0,1046.0,1.3618255853652954,0.9999993443489075,0.0009999996194576082,0.001,False,128.0,128.0,,
train,,,,,,,102.08688688278198,3.0,109.0,1047.0,1.343929409980774,0.9999992847442627,0.0009999989832161038,0.001,False,128.0,128.0,,
train,,,,,,,102.20733642578125,3.0,110.0,1048.0,1.304256558418274,0.9999993443489075,0.0009999997024190519,0.001,False,128.0,128.0,,
train,,,,,,,102.30984115600586,3.0,111.0,1049.0,1.2109262943267822,0.9999993443489075,0.0010000015838017794,0.001,False,128.0,128.0,,
train,,,,,,,102.3986542224884,3.0,112.0,1050.0,1.3061041831970215,0.999999463558197,0.0009999999585753026,0.001,False,128.0,128.0,,
train,,,,,,,102.53205847740173,3.0,113.0,1051.0,1.2087386846542358,0.9999992847442627,0.0009999976037616417,0.001,False,128.0,128.0,,
train,,,,,,,102.61320209503174,3.0,114.0,1052.0,1.2750005722045898,0.9999994039535522,0.0009999975399514183,0.001,False,128.0,128.0,,
train,,,,,,,102.7210783958435,3.0,115.0,1053.0,1.3649358749389648,0.9999994039535522,0.000999999594505336,0.001,False,128.0,128.0,,
train,,,,,,,102.83111619949341,3.0,116.0,1054.0,1.2993534803390503,0.9999992847442627,0.00100000048212861,0.001,False,128.0,128.0,,
train,,,,,,,102.91762709617615,3.0,117.0,1055.0,1.2858208417892456,0.9999994039535522,0.000999997349714217,0.001,False,128.0,128.0,,
train,,,,,,,103.00675010681152,3.0,118.0,1056.0,1.301247477531433,0.9999992847442627,0.0010000000850019467,0.001,False,128.0,128.0,,
train,,,,,,,103.10421895980835,3.0,119.0,1057.0,1.299025535583496,0.9999993443489075,0.0009999996700005293,0.001,False,128.0,128.0,,
train,,,,,,,103.20199179649353,3.0,120.0,1058.0,1.2690101861953735,0.9999993443489075,0.000999999790987116,0.001,False,128.0,128.0,,
train,,,,,,,103.28075885772705,3.0,121.0,1059.0,1.1964808702468872,0.9999994039535522,0.0010000004869303223,0.001,False,128.0,128.0,,
train,,,,,,,103.38087344169617,3.0,122.0,1060.0,1.2735120058059692,0.9999994039535522,0.0009999986472622184,0.001,False,128.0,128.0,,
train,,,,,,,103.47022795677185,3.0,123.0,1061.0,1.3515713214874268,0.9999993443489075,0.0010000021848476368,0.001,False,128.0,128.0,,
train,,,,,,,103.60948729515076,3.0,124.0,1062.0,1.2211735248565674,0.9999992847442627,0.0010000006453313027,0.001,False,128.0,128.0,,
train,,,,,,,103.6981987953186,3.0,125.0,1063.0,1.2482383251190186,0.9999995231628418,0.0009999996338072462,0.001,False,128.0,128.0,,
train,,,,,,,103.76902794837952,3.0,126.0,1064.0,1.2414772510528564,0.9999993443489075,0.0009999982210191763,0.001,False,128.0,128.0,,
train,,,,,,,103.85947060585022,3.0,127.0,1065.0,1.3492591381072998,0.999999463558197,0.0009999978938913267,0.001,False,128.0,128.0,,
train,,,,,,,103.94774293899536,3.0,128.0,1066.0,1.2330585718154907,0.9999992847442627,0.0009999985260256928,0.001,False,128.0,128.0,,
train,,,,,,,104.02653193473816,3.0,129.0,1067.0,1.3607070446014404,0.9999995231628418,0.0010000003084342866,0.001,False,128.0,128.0,,
train,,,,,,,104.12251663208008,3.0,130.0,1068.0,1.3024882078170776,0.9999993443489075,0.0010000011530080799,0.001,False,128.0,128.0,,
train,,,,,,,104.20544457435608,3.0,131.0,1069.0,1.3283623456954956,0.9999994039535522,0.0009999995704689975,0.001,False,128.0,128.0,,
train,,,,,,,104.30973672866821,3.0,132.0,1070.0,1.20512855052948,0.9999991655349731,0.0009999997351706402,0.001,False,128.0,128.0,,
train,,,,,,,104.38830971717834,3.0,133.0,1071.0,1.2788209915161133,0.999999463558197,0.000999999449954229,0.001,False,128.0,128.0,,
train,,,,,,,104.48007249832153,3.0,134.0,1072.0,1.3197089433670044,0.9999993443489075,0.0010000016173582166,0.001,False,128.0,128.0,,
train,,,,,,,104.58113694190979,3.0,135.0,1073.0,1.332525610923767,0.9999994039535522,0.0009999980946755634,0.001,False,128.0,128.0,,
train,,,,,,,104.67231845855713,3.0,136.0,1074.0,1.1684471368789673,0.9999994039535522,0.0009999984897491015,0.001,False,128.0,128.0,,
train,,,,,,,104.7695906162262,3.0,137.0,1075.0,1.1820544004440308,0.9999994039535522,0.0009999992506135554,0.001,False,128.0,128.0,,
train,,,,,,,104.86558985710144,3.0,138.0,1076.0,1.3152246475219727,0.9999993443489075,0.0009999994542563455,0.001,False,128.0,128.0,,
train,,,,,,,104.94336867332458,3.0,139.0,1077.0,1.2616976499557495,0.999999463558197,0.000999999691538863,0.001,False,128.0,128.0,,
train,,,,,,,105.03797698020935,3.0,140.0,1078.0,1.3229036331176758,0.9999993443489075,0.0010000012133763853,0.001,False,128.0,128.0,,
train,,,,,,,105.1163318157196,3.0,141.0,1079.0,1.2799433469772339,0.9999993443489075,0.000999999592007333,0.001,False,128.0,128.0,,
train,,,,,,,105.20759296417236,3.0,142.0,1080.0,1.3202025890350342,0.9999993443489075,0.0010000010268313706,0.001,False,128.0,128.0,,
train,,,,,,,105.29956674575806,3.0,143.0,1081.0,1.3388926982879639,0.9999992847442627,0.0009999992400109175,0.001,False,128.0,128.0,,
train,,,,,,,105.39713287353516,3.0,144.0,1082.0,1.1889759302139282,0.9999993443489075,0.000999998623614436,0.001,False,128.0,128.0,,
train,,,,,,,105.50309658050537,3.0,145.0,1083.0,1.2755695581436157,0.9999994039535522,0.000999999926434344,0.001,False,128.0,128.0,,
train,,,,,,,105.57886981964111,3.0,146.0,1084.0,1.3091368675231934,0.9999995231628418,0.0009999995130149295,0.001,False,128.0,128.0,,
train,,,,,,,105.67458987236023,3.0,147.0,1085.0,1.315575361251831,0.9999994039535522,0.0009999998279575499,0.001,False,128.0,128.0,,
train,,,,,,,105.7584764957428,3.0,148.0,1086.0,1.2153881788253784,0.999999463558197,0.0010000002915033905,0.001,False,128.0,128.0,,
train,,,,,,,105.8450276851654,3.0,149.0,1087.0,1.3991672992706299,0.9999994039535522,0.0009999983609907835,0.001,False,128.0,128.0,,
train,,,,,,,105.94734168052673,3.0,150.0,1088.0,1.2880381345748901,0.9999993443489075,0.0009999999630994616,0.001,False,128.0,128.0,,
train,,,,,,,106.05439352989197,3.0,151.0,1089.0,1.2726948261260986,0.999999463558197,0.0009999985392928775,0.001,False,128.0,128.0,,
train,,,,,,,106.12679243087769,3.0,152.0,1090.0,1.2514854669570923,0.9999992847442627,0.000999999169955789,0.001,False,128.0,128.0,,
train,,,,,,,106.2072491645813,3.0,153.0,1091.0,1.2991726398468018,0.9999994039535522,0.000999998883434703,0.001,False,128.0,128.0,,
train,,,,,,,106.32139992713928,3.0,154.0,1092.0,1.230987548828125,0.9999994039535522,0.000999999591674266,0.001,False,128.0,128.0,,
train,,,,,,,106.41647672653198,3.0,155.0,1093.0,1.2667391300201416,0.9999992251396179,0.0010000010676042685,0.001,False,128.0,128.0,,
train,,,,,,,106.53419518470764,3.0,156.0,1094.0,1.2472383975982666,0.9999993443489075,0.0009999990442784304,0.001,False,128.0,128.0,,
train,,,,,,,106.63408493995667,3.0,157.0,1095.0,1.2019702196121216,0.9999995231628418,0.0010000005212361964,0.001,False,128.0,128.0,,
train,,,,,,,106.75303030014038,3.0,158.0,1096.0,1.1893396377563477,0.9999992847442627,0.0009999991405626096,0.001,False,128.0,128.0,,
train,,,,,,,107.04286360740662,3.0,159.0,1097.0,1.2443898916244507,0.9999992847442627,0.0009999990138305343,0.001,False,128.0,128.0,,
train,,,,,,,107.12689280509949,3.0,160.0,1098.0,1.2088208198547363,0.9999994039535522,0.001000001567703571,0.001,False,128.0,128.0,,
train,,,,,,,107.21238660812378,3.0,161.0,1099.0,1.217065453529358,0.999999463558197,0.0010000022175158773,0.001,False,128.0,128.0,,
train,,,,,,,107.33541321754456,3.0,162.0,1100.0,1.2205897569656372,0.999999463558197,0.0009999985650223334,0.001,False,128.0,128.0,,
train,,,,,,,107.42235326766968,3.0,163.0,1101.0,1.2619394063949585,0.9999993443489075,0.0010000010724337334,0.001,False,128.0,128.0,,
train,,,,,,,107.4947624206543,3.0,164.0,1102.0,1.2728517055511475,0.999999463558197,0.0009999997409438014,0.001,False,128.0,128.0,,
train,,,,,,,107.59653663635254,3.0,165.0,1103.0,1.2816004753112793,0.999999463558197,0.0009999986334676787,0.001,False,128.0,128.0,,
train,,,,,,,107.67779850959778,3.0,166.0,1104.0,1.3025892972946167,0.9999995231628418,0.0009999973038341279,0.001,False,128.0,128.0,,
train,,,,,,,107.75945806503296,3.0,167.0,1105.0,1.3161934614181519,0.9999992847442627,0.0009999996157938709,0.001,False,128.0,128.0,,
train,,,,,,,107.8509304523468,3.0,168.0,1106.0,1.1853752136230469,0.9999993443489075,0.0010000011060179433,0.001,False,128.0,128.0,,
train,,,,,,,107.9232759475708,3.0,169.0,1107.0,1.288246989250183,0.9999995231628418,0.0010000008626572959,0.001,False,128.0,128.0,,
train,,,,,,,107.99686694145203,3.0,170.0,1108.0,1.2010107040405273,0.9999994039535522,0.0009999989010040019,0.001,False,128.0,128.0,,
train,,,,,,,108.07254314422607,3.0,171.0,1109.0,1.301795244216919,0.9999993443489075,0.0010000019404602977,0.001,False,128.0,128.0,,
train,,,,,,,108.15191769599915,3.0,172.0,1110.0,1.3044813871383667,0.9999994039535522,0.0009999980374434559,0.001,False,128.0,128.0,,
train,,,,,,,108.24923014640808,3.0,173.0,1111.0,1.2777756452560425,0.9999993443489075,0.0009999992804785767,0.001,False,128.0,128.0,,
train,,,,,,,108.34196853637695,3.0,174.0,1112.0,1.2941681146621704,0.9999992847442627,0.000999999251057645,0.001,False,128.0,128.0,,
train,,,,,,,108.42670154571533,3.0,175.0,1113.0,1.3018826246261597,0.9999994039535522,0.0009999987823765342,0.001,False,128.0,128.0,,
train,,,,,,,108.50997400283813,3.0,176.0,1114.0,1.2799229621887207,0.999999463558197,0.0010000013580937705,0.001,False,128.0,128.0,,
train,,,,,,,108.59604930877686,3.0,177.0,1115.0,1.2508705854415894,0.9999993443489075,0.00100000027046467,0.001,False,128.0,128.0,,
train,,,,,,,108.66264724731445,3.0,178.0,1116.0,1.3289674520492554,0.9999992847442627,0.0009999996944809548,0.001,False,128.0,128.0,,
train,,,,,,,108.74716639518738,3.0,179.0,1117.0,1.238808274269104,0.9999993443489075,0.0009999977611916313,0.001,False,128.0,128.0,,
train,,,,,,,108.85033416748047,3.0,180.0,1118.0,1.2453500032424927,0.9999994039535522,0.0009999987729118714,0.001,False,128.0,128.0,,
train,,,,,,,108.97029829025269,3.0,181.0,1119.0,1.1686471700668335,0.9999993443489075,0.000999999493114172,0.001,False,128.0,128.0,,
train,,,,,,,109.04499554634094,3.0,182.0,1120.0,1.2330273389816284,0.9999992847442627,0.001000000079783899,0.001,False,128.0,128.0,,
train,,,,,,,109.1303014755249,3.0,183.0,1121.0,1.2823903560638428,0.9999992847442627,0.000999999306513325,0.001,False,128.0,128.0,,
train,,,,,,,109.23423051834106,3.0,184.0,1122.0,1.217665195465088,0.9999992847442627,0.0010000002672727797,0.001,False,128.0,128.0,,
train,,,,,,,109.33650255203247,3.0,185.0,1123.0,1.2773936986923218,0.9999994039535522,0.0009999981704206706,0.001,False,128.0,128.0,,
train,,,,,,,109.40954184532166,3.0,186.0,1124.0,1.2911396026611328,0.999999463558197,0.001000000035152936,0.001,False,128.0,128.0,,
train,,,,,,,109.49352240562439,3.0,187.0,1125.0,1.1838428974151611,0.9999994039535522,0.0009999976411762465,0.001,False,128.0,128.0,,
train,,,,,,,109.5686731338501,3.0,188.0,1126.0,1.2711962461471558,0.9999994039535522,0.0009999998870214232,0.001,False,128.0,128.0,,
train,,,,,,,109.66457796096802,3.0,189.0,1127.0,1.349678874015808,0.999999463558197,0.0009999987456003512,0.001,False,128.0,128.0,,
train,,,,,,,109.7867500782013,3.0,190.0,1128.0,1.2715057134628296,0.999999463558197,0.0009999983386752638,0.001,False,128.0,128.0,,
train,,,,,,,109.884929895401,3.0,191.0,1129.0,1.192435383796692,0.9999992847442627,0.0009999984671560285,0.001,False,128.0,128.0,,
train,,,,,,,109.95571756362915,3.0,192.0,1130.0,1.2364624738693237,0.9999992847442627,0.0009999992248563615,0.001,False,128.0,128.0,,
train,,,,,,,110.0293505191803,3.0,193.0,1131.0,1.1516087055206299,0.9999992847442627,0.0009999997347820621,0.001,False,128.0,128.0,,
train,,,,,,,110.11572766304016,3.0,194.0,1132.0,1.222920536994934,0.9999995231628418,0.0009999994922537485,0.001,False,128.0,128.0,,
train,,,,,,,110.19882774353027,3.0,195.0,1133.0,1.3005820512771606,0.9999992847442627,0.0010000012672776463,0.001,False,128.0,128.0,,
train,,,,,,,110.27169036865234,3.0,196.0,1134.0,1.259865641593933,0.9999992847442627,0.0010000012139870073,0.001,False,128.0,128.0,,
train,,,,,,,110.34484004974365,3.0,197.0,1135.0,1.2513843774795532,0.9999992847442627,0.0009999989165748967,0.001,False,128.0,128.0,,
train,,,,,,,110.41575717926025,3.0,198.0,1136.0,1.1945897340774536,0.9999993443489075,0.0009999994759334618,0.001,False,128.0,128.0,,
train,,,,,,,110.48754072189331,3.0,199.0,1137.0,1.206011176109314,0.9999994039535522,0.0010000007822494595,0.001,False,128.0,128.0,,
train,,,,,,,110.56640386581421,3.0,200.0,1138.0,1.1670583486557007,0.9999992847442627,0.0010000014149926216,0.001,False,128.0,128.0,,
train,,,,,,,110.64707541465759,3.0,201.0,1139.0,1.2703158855438232,0.9999994039535522,0.0009999993244156837,0.001,False,128.0,128.0,,
train,,,,,,,110.7272596359253,3.0,202.0,1140.0,1.238487958908081,0.9999994039535522,0.0010000001491728301,0.001,False,128.0,128.0,,
train,,,,,,,110.80085062980652,3.0,203.0,1141.0,1.2242096662521362,0.9999994039535522,0.0009999981561542787,0.001,False,128.0,128.0,,
train,,,,,,,110.8847303390503,3.0,204.0,1142.0,1.158638834953308,0.9999992847442627,0.0009999998791943498,0.001,False,128.0,128.0,,
train,,,,,,,110.97134065628052,3.0,205.0,1143.0,1.1965141296386719,0.999999463558197,0.0009999977959416892,0.001,False,128.0,128.0,,
train,,,,,,,111.06096887588501,3.0,206.0,1144.0,1.268937587738037,0.9999992847442627,0.0009999997666454707,0.001,False,128.0,128.0,,
train,,,,,,,111.13842129707336,3.0,207.0,1145.0,1.1445887088775635,0.9999993443489075,0.0009999995985576515,0.001,False,128.0,128.0,,
train,,,,,,,111.2091646194458,3.0,208.0,1146.0,1.2059881687164307,0.9999993443489075,0.0009999983523865407,0.001,False,128.0,128.0,,
train,,,,,,,111.29529595375061,3.0,209.0,1147.0,1.2893695831298828,0.9999994039535522,0.0009999996177090062,0.001,False,128.0,128.0,,
train,,,,,,,111.38093996047974,3.0,210.0,1148.0,1.1508578062057495,0.9999992847442627,0.0009999981093860464,0.001,False,128.0,128.0,,
train,,,,,,,111.45738172531128,3.0,211.0,1149.0,1.3103992938995361,0.9999992847442627,0.000999998835167702,0.001,False,128.0,128.0,,
train,,,,,,,111.54680705070496,3.0,212.0,1150.0,1.281261682510376,0.9999994039535522,0.00099999861612042,0.001,False,128.0,128.0,,
train,,,,,,,111.63069152832031,3.0,213.0,1151.0,1.201117992401123,0.9999993443489075,0.0009999992177509287,0.001,False,128.0,128.0,,
train,,,,,,,111.74880528450012,3.0,214.0,1152.0,1.1782147884368896,0.9999994039535522,0.0009999988974235287,0.001,False,128.0,128.0,,
train,,,,,,,111.84156656265259,3.0,215.0,1153.0,1.2618991136550903,0.9999993443489075,0.0010000011153715618,0.001,False,128.0,128.0,,
train,,,,,,,111.95354866981506,3.0,216.0,1154.0,1.218165397644043,0.9999993443489075,0.0010000002649135564,0.001,False,128.0,128.0,,
train,,,,,,,112.04087662696838,3.0,217.0,1155.0,1.2518712282180786,0.9999993443489075,0.000999999092351132,0.001,False,128.0,128.0,,
train,,,,,,,112.12247657775879,3.0,218.0,1156.0,1.1693588495254517,0.9999992847442627,0.0010000001304655748,0.001,False,128.0,128.0,,
train,,,,,,,112.21356248855591,3.0,219.0,1157.0,1.1494266986846924,0.9999994039535522,0.001000000581993118,0.001,False,128.0,128.0,,
train,,,,,,,112.29855227470398,3.0,220.0,1158.0,1.164312720298767,0.9999993443489075,0.0010000006155218332,0.001,False,128.0,128.0,,
train,,,,,,,112.41355848312378,3.0,221.0,1159.0,1.1273258924484253,0.9999992847442627,0.0009999991549677655,0.001,False,128.0,128.0,,
train,,,,,,,112.50046038627625,3.0,222.0,1160.0,1.2640106678009033,0.9999994039535522,0.0009999989554049884,0.001,False,128.0,128.0,,
train,,,,,,,112.57780361175537,3.0,223.0,1161.0,1.1581575870513916,0.9999994039535522,0.0009999999551058554,0.001,False,128.0,128.0,,
train,,,,,,,112.65344047546387,3.0,224.0,1162.0,1.2892367839813232,0.9999993443489075,0.0009999999003718564,0.001,False,128.0,128.0,,
train,,,,,,,112.75041222572327,3.0,225.0,1163.0,1.173462152481079,0.999999463558197,0.00099999800483059,0.001,False,128.0,128.0,,
train,,,,,,,112.87194561958313,3.0,226.0,1164.0,1.1759966611862183,0.9999992847442627,0.001000000603142854,0.001,False,128.0,128.0,,
train,,,,,,,112.95242691040039,3.0,227.0,1165.0,1.2199276685714722,0.9999992251396179,0.0009999996681686607,0.001,False,128.0,128.0,,
train,,,,,,,113.03311133384705,3.0,228.0,1166.0,1.1832575798034668,0.9999993443489075,0.000999997589772798,0.001,False,128.0,128.0,,
train,,,,,,,113.43626141548157,3.0,229.0,1167.0,1.2378798723220825,0.9999992847442627,0.0010000001928600986,0.001,False,128.0,128.0,,
train,,,,,,,113.50991201400757,3.0,230.0,1168.0,1.1333355903625488,0.9999992847442627,0.0009999987817103997,0.001,False,128.0,128.0,,
train,,,,,,,113.58191895484924,3.0,231.0,1169.0,1.2314499616622925,0.9999993443489075,0.000999998209334058,0.001,False,128.0,128.0,,
train,,,,,,,113.69597125053406,3.0,232.0,1170.0,1.202783465385437,0.9999992847442627,0.0009999993754304646,0.001,False,128.0,128.0,,
train,,,,,,,113.79167556762695,3.0,233.0,1171.0,1.1250336170196533,0.9999992847442627,0.0010000008269636558,0.001,False,128.0,128.0,,
train,,,,,,,113.86264109611511,3.0,234.0,1172.0,1.2173999547958374,0.9999993443489075,0.0009999989365866882,0.001,False,128.0,128.0,,
train,,,,,,,113.96372056007385,3.0,235.0,1173.0,1.1924506425857544,0.9999992251396179,0.000999998027978786,0.001,False,128.0,128.0,,
train,,,,,,,114.03830766677856,3.0,236.0,1174.0,1.2537001371383667,0.9999993443489075,0.0009999990797500892,0.001,False,128.0,128.0,,
train,,,,,,,114.11387205123901,3.0,237.0,1175.0,1.2489598989486694,0.9999992847442627,0.0009999967896883268,0.001,False,128.0,128.0,,
train,,,,,,,114.19214653968811,3.0,238.0,1176.0,1.2426183223724365,0.9999993443489075,0.0010000013203462382,0.001,False,128.0,128.0,,
train,,,,,,,114.26294827461243,3.0,239.0,1177.0,1.1207095384597778,0.9999994039535522,0.0009999990777239305,0.001,False,128.0,128.0,,
train,,,,,,,114.34547638893127,3.0,240.0,1178.0,1.1861629486083984,0.9999995231628418,0.0009999993636343376,0.001,False,128.0,128.0,,
train,,,,,,,114.42516827583313,3.0,241.0,1179.0,1.3089953660964966,0.9999994039535522,0.0010000010211414835,0.001,False,128.0,128.0,,
train,,,,,,,114.50701975822449,3.0,242.0,1180.0,1.2187410593032837,0.9999994039535522,0.0009999974171326865,0.001,False,128.0,128.0,,
train,,,,,,,114.5948498249054,3.0,243.0,1181.0,1.2475546598434448,0.9999994039535522,0.0010000000125043869,0.001,False,128.0,128.0,,
train,,,,,,,114.67862248420715,3.0,244.0,1182.0,1.2603017091751099,0.9999993443489075,0.0010000006906283718,0.001,False,128.0,128.0,,
train,,,,,,,114.77742910385132,3.0,245.0,1183.0,1.1685689687728882,0.9999994039535522,0.0010000020413238584,0.001,False,128.0,128.0,,
train,,,,,,,114.90554213523865,3.0,246.0,1184.0,1.2685668468475342,0.9999994039535522,0.0010000026088130382,0.001,False,128.0,128.0,,
train,,,,,,,114.99409818649292,3.0,247.0,1185.0,1.128630518913269,0.9999992847442627,0.0010000011253358024,0.001,False,128.0,128.0,,
train,,,,,,,115.06209993362427,3.0,248.0,1186.0,1.2513450384140015,0.9999992847442627,0.000999999714742531,0.001,False,128.0,128.0,,
train,,,,,,,115.14420628547668,3.0,249.0,1187.0,1.146942377090454,0.9999993443489075,0.0010000003781007573,0.001,False,128.0,128.0,,
train,,,,,,,115.23102974891663,3.0,250.0,1188.0,1.2841700315475464,0.9999993443489075,0.0009999982032833318,0.001,False,128.0,128.0,,
train,,,,,,,115.3391969203949,3.0,251.0,1189.0,1.1834908723831177,0.999999463558197,0.0009999975228261859,0.001,False,128.0,128.0,,
train,,,,,,,115.44012212753296,3.0,252.0,1190.0,1.2477807998657227,0.9999993443489075,0.0009999980846002701,0.001,False,128.0,128.0,,
train,,,,,,,115.5409779548645,3.0,253.0,1191.0,1.326235055923462,0.9999994039535522,0.0009999994134278708,0.001,False,128.0,128.0,,
train,,,,,,,115.62898111343384,3.0,254.0,1192.0,1.0708214044570923,0.9999992847442627,0.0009999995795173188,0.001,False,128.0,128.0,,
train,,,,,,,115.72910118103027,3.0,255.0,1193.0,1.1714465618133545,0.9999993443489075,0.000999998866281738,0.001,False,128.0,128.0,,
train,,,,,,,115.81398105621338,3.0,256.0,1194.0,1.1457639932632446,0.9999994039535522,0.0010000008086449908,0.001,False,128.0,128.0,,
train,,,,,,,115.89407896995544,3.0,257.0,1195.0,1.228162407875061,0.9999992847442627,0.0009999983898011176,0.001,False,128.0,128.0,,
train,,,,,,,115.96441149711609,3.0,258.0,1196.0,1.1395810842514038,0.999999463558197,0.0009999983569939739,0.001,False,128.0,128.0,,
train,,,,,,,116.04343509674072,3.0,259.0,1197.0,1.1794991493225098,0.9999994039535522,0.001000000542691245,0.001,False,128.0,128.0,,
train,,,,,,,116.12185788154602,3.0,260.0,1198.0,1.2134599685668945,0.9999992847442627,0.0009999999251853432,0.001,False,128.0,128.0,,
train,,,,,,,116.22988247871399,3.0,261.0,1199.0,1.2696340084075928,0.9999993443489075,0.0009999995972808946,0.001,False,128.0,128.0,,
train,,,,,,,116.32754945755005,3.0,262.0,1200.0,1.1911207437515259,0.9999993443489075,0.000999997756473173,0.001,False,128.0,128.0,,
train,,,,,,,116.41958856582642,3.0,263.0,1201.0,1.2772462368011475,0.9999994039535522,0.0009999982718119688,0.001,False,128.0,128.0,,
train,,,,,,,116.51038265228271,3.0,264.0,1202.0,1.192814826965332,0.9999993443489075,0.0009999994115960018,0.001,False,128.0,128.0,,
train,,,,,,,116.60740637779236,3.0,265.0,1203.0,1.1412420272827148,0.9999993443489075,0.0009999986797917966,0.001,False,128.0,128.0,,
train,,,,,,,116.70213460922241,3.0,266.0,1204.0,1.2629518508911133,0.9999993443489075,0.0009999984462560477,0.001,False,128.0,128.0,,
train,,,,,,,116.7841100692749,3.0,267.0,1205.0,1.2993353605270386,0.9999993443489075,0.0009999986521194509,0.001,False,128.0,128.0,,
train,,,,,,,116.89399600028992,3.0,268.0,1206.0,1.225795865058899,0.9999992251396179,0.0009999996953691335,0.001,False,128.0,128.0,,
train,,,,,,,116.98305416107178,3.0,269.0,1207.0,1.181506633758545,0.9999992847442627,0.0010000003487353692,0.001,False,128.0,128.0,,
train,,,,,,,117.0597174167633,3.0,270.0,1208.0,1.14542818069458,0.9999993443489075,0.0009999990245719527,0.001,False,128.0,128.0,,
train,,,,,,,117.18054938316345,3.0,271.0,1209.0,1.2936503887176514,0.9999993443489075,0.0009999983015382412,0.001,False,128.0,128.0,,
train,,,,,,,117.25496888160706,3.0,272.0,1210.0,1.1567069292068481,0.9999993443489075,0.0009999994551445244,0.001,False,128.0,128.0,,
train,,,,,,,117.3380708694458,3.0,273.0,1211.0,1.1814123392105103,0.9999993443489075,0.0009999979354415101,0.001,False,128.0,128.0,,
train,,,,,,,117.42930579185486,3.0,274.0,1212.0,1.2196372747421265,0.9999994039535522,0.0010000010575567607,0.001,False,128.0,128.0,,
train,,,,,,,117.52273106575012,3.0,275.0,1213.0,1.2459906339645386,0.9999994039535522,0.0009999986579758851,0.001,False,128.0,128.0,,
train,,,,,,,117.61932682991028,3.0,276.0,1214.0,1.220980167388916,0.9999993443489075,0.0010000000992128,0.001,False,128.0,128.0,,
train,,,,,,,117.70812129974365,3.0,277.0,1215.0,1.311692476272583,0.9999992847442627,0.0009999995933396013,0.001,False,128.0,128.0,,
train,,,,,,,117.78836750984192,3.0,278.0,1216.0,1.1286540031433105,0.9999993443489075,0.0009999981293700984,0.001,False,128.0,128.0,,
train,,,,,,,117.86586451530457,3.0,279.0,1217.0,1.2392646074295044,0.9999992847442627,0.0009999994390740372,0.001,False,128.0,128.0,,
train,,,,,,,117.9431004524231,3.0,280.0,1218.0,1.1872093677520752,0.9999992251396179,0.0010000006453868139,0.001,False,128.0,128.0,,
train,,,,,,,118.0353090763092,3.0,281.0,1219.0,1.091688871383667,0.9999993443489075,0.0009999985346854452,0.001,False,128.0,128.0,,
train,,,,,,,118.15666151046753,3.0,282.0,1220.0,1.2960704565048218,0.9999993443489075,0.000999998566271336,0.001,False,128.0,128.0,,
train,,,,,,,118.23722219467163,3.0,283.0,1221.0,1.1574416160583496,0.9999994039535522,0.0009999993991614965,0.001,False,128.0,128.0,,
train,,,,,,,118.32652926445007,3.0,284.0,1222.0,1.1829607486724854,0.9999994039535522,0.0009999974499121055,0.001,False,128.0,128.0,,
train,,,,,,,118.4042899608612,3.0,285.0,1223.0,1.1868896484375,0.9999993443489075,0.0009999996970899796,0.001,False,128.0,128.0,,
train,,,,,,,118.50053215026855,3.0,286.0,1224.0,1.1711894273757935,0.9999992251396179,0.0009999998173826736,0.001,False,128.0,128.0,,
train,,,,,,,118.58200693130493,3.0,287.0,1225.0,1.2578308582305908,0.9999993443489075,0.0009999993516439213,0.001,False,128.0,128.0,,
train,,,,,,,118.66847968101501,3.0,288.0,1226.0,1.1848989725112915,0.9999993443489075,0.0009999986689671078,0.001,False,128.0,128.0,,
train,,,,,,,118.75728297233582,3.0,289.0,1227.0,1.240373969078064,0.9999992847442627,0.0010000000511401468,0.001,False,128.0,128.0,,
train,,,,,,,118.84968161582947,3.0,290.0,1228.0,1.2490017414093018,0.9999994039535522,0.0009999985861998677,0.001,False,128.0,128.0,,
train,,,,,,,118.97915601730347,3.0,291.0,1229.0,1.1945027112960815,0.9999993443489075,0.0009999995011077817,0.001,False,128.0,128.0,,
train,,,,,,,119.05719423294067,3.0,292.0,1230.0,1.139461636543274,0.9999993443489075,0.0009999991668471619,0.001,False,128.0,128.0,,
train,,,,,,,119.1612343788147,3.0,293.0,1231.0,1.120322585105896,0.9999993443489075,0.0009999990606542354,0.001,False,128.0,128.0,,
train,,,,,,,119.25334334373474,3.0,294.0,1232.0,1.2040458917617798,0.9999992847442627,0.000999999562752944,0.001,False,128.0,128.0,,
train,,,,,,,119.32784032821655,3.0,295.0,1233.0,1.0937081575393677,0.9999992251396179,0.0009999997525733907,0.001,False,128.0,128.0,,
train,,,,,,,119.42373847961426,3.0,296.0,1234.0,1.1223591566085815,0.9999992847442627,0.0009999995354414452,0.001,False,128.0,128.0,,
train,,,,,,,119.50629305839539,3.0,297.0,1235.0,1.1424996852874756,0.9999994039535522,0.0009999995086850575,0.001,False,128.0,128.0,,
train,,,,,,,119.58815288543701,3.0,298.0,1236.0,1.1765305995941162,0.9999992847442627,0.000999999433522919,0.001,False,128.0,128.0,,
train,,,,,,,119.6663990020752,3.0,299.0,1237.0,1.1442596912384033,0.9999994039535522,0.0010000003204246914,0.001,False,128.0,128.0,,
train,,,,,,,119.76992201805115,3.0,300.0,1238.0,1.1590169668197632,0.9999993443489075,0.0009999995165121337,0.001,False,128.0,128.0,,
train,,,,,,,119.8730137348175,3.0,301.0,1239.0,1.1438205242156982,0.9999993443489075,0.000999998656699127,0.001,False,128.0,128.0,,
train,,,,,,,119.94623160362244,3.0,302.0,1240.0,1.2267227172851562,0.9999993443489075,0.0010000004779097645,0.001,False,128.0,128.0,,
train,,,,,,,120.04624772071838,3.0,303.0,1241.0,1.16028892993927,0.9999992847442627,0.000999999124519873,0.001,False,128.0,128.0,,
train,,,,,,,120.12162923812866,3.0,304.0,1242.0,1.214404821395874,0.9999993443489075,0.000999999517566846,0.001,False,128.0,128.0,,
train,,,,,,,120.19853472709656,3.0,305.0,1243.0,1.0837045907974243,0.9999992251396179,0.0010000000530552813,0.001,False,128.0,128.0,,
train,,,,,,,120.2698142528534,3.0,306.0,1244.0,1.1211309432983398,0.9999992251396179,0.0009999995957265817,0.001,False,128.0,128.0,,
train,,,,,,,120.35007333755493,3.0,307.0,1245.0,1.1386522054672241,0.9999994039535522,0.0009999978919761879,0.001,False,128.0,128.0,,
train,,,,,,,120.42915463447571,3.0,308.0,1246.0,1.1587510108947754,0.9999994039535522,0.0009999978675789853,0.001,False,128.0,128.0,,
train,,,,,,,120.50650668144226,3.0,309.0,1247.0,1.2043731212615967,0.9999993443489075,0.000999999875752658,0.001,False,128.0,128.0,,
train,,,,,,,120.58257126808167,3.0,310.0,1248.0,1.1598923206329346,0.999999463558197,0.0009999994067110174,0.001,False,128.0,128.0,,
train,,,,,,,120.6592185497284,3.0,311.0,1249.0,1.2250474691390991,0.9999992847442627,0.0009999995203701607,0.001,False,128.0,128.0,,
train,,,,,,,120.76923131942749,3.0,312.0,1250.0,1.1953574419021606,0.9999992847442627,0.0010000009559992119,0.001,False,128.0,128.0,,
train,,,,,,,120.87086296081543,3.0,313.0,1251.0,1.1307448148727417,0.9999993443489075,0.001000000949698702,0.001,False,128.0,128.0,,
train,,,,,,,120.94670414924622,3.0,314.0,1252.0,1.1775048971176147,0.999999463558197,0.0009999995369957583,0.001,False,128.0,128.0,,
train,,,,,,,121.02181959152222,3.0,315.0,1253.0,1.2184453010559082,0.9999992847442627,0.0010000008351237883,0.001,False,128.0,128.0,,
train,,,,,,,121.09480452537537,3.0,316.0,1254.0,1.1704820394515991,0.9999994039535522,0.0009999979842914228,0.001,False,128.0,128.0,,
train,,,,,,,121.16567397117615,3.0,317.0,1255.0,1.1486436128616333,0.9999991655349731,0.0009999986487610217,0.001,False,128.0,128.0,,
train,,,,,,,121.23675894737244,3.0,318.0,1256.0,1.2118721008300781,0.9999993443489075,0.0010000007233799278,0.001,False,128.0,128.0,,
train,,,,,,,121.31334495544434,3.0,319.0,1257.0,1.1145495176315308,0.9999992847442627,0.001000000221614869,0.001,False,128.0,128.0,,
train,,,,,,,121.39342904090881,3.0,320.0,1258.0,1.153580665588379,0.9999993443489075,0.0009999998955423858,0.001,False,128.0,128.0,,
train,,,,,,,121.46506547927856,3.0,321.0,1259.0,1.1282029151916504,0.9999992847442627,0.0009999989032799615,0.001,False,128.0,128.0,,
train,,,,,,,121.53354144096375,3.0,322.0,1260.0,1.1655309200286865,0.9999994039535522,0.0009999998894916697,0.001,False,128.0,128.0,,
train,,,,,,,121.60918402671814,3.0,323.0,1261.0,1.1173361539840698,0.9999992251396179,0.0009999997915977389,0.001,False,128.0,128.0,,
train,,,,,,,121.68589234352112,3.0,324.0,1262.0,1.1729406118392944,0.9999994039535522,0.001000002324652156,0.001,False,128.0,128.0,,
train,,,,,,,121.76409721374512,3.0,325.0,1263.0,1.235608696937561,0.9999992847442627,0.0009999993566399282,0.001,False,128.0,128.0,,
train,,,,,,,121.83321237564087,3.0,326.0,1264.0,1.1413010358810425,0.9999993443489075,0.000999999583070034,0.001,False,128.0,128.0,,
train,,,,,,,121.90777683258057,3.0,327.0,1265.0,1.0854532718658447,0.9999993443489075,0.000999998668106684,0.001,False,128.0,128.0,,
train,,,,,,,121.98173332214355,3.0,328.0,1266.0,1.1377387046813965,0.9999992847442627,0.0009999981035018533,0.001,False,128.0,128.0,,
train,,,,,,,122.0769407749176,3.0,329.0,1267.0,1.0939761400222778,0.9999992847442627,0.0010000001717103539,0.001,False,128.0,128.0,,
train,,,,,,,122.17765378952026,3.0,330.0,1268.0,1.1902189254760742,0.9999992847442627,0.001000002327372196,0.001,False,128.0,128.0,,
train,,,,,,,122.25299906730652,3.0,331.0,1269.0,1.1183139085769653,0.9999993443489075,0.0009999987672219715,0.001,False,128.0,128.0,,
train,,,,,,,122.33273601531982,3.0,332.0,1270.0,1.1244893074035645,0.9999994039535522,0.0009999985938604174,0.001,False,128.0,128.0,,
train,,,,,,,122.42073488235474,3.0,333.0,1271.0,1.1231684684753418,0.9999993443489075,0.0009999997912924275,0.001,False,128.0,128.0,,
train,,,,,,,122.50904488563538,3.0,334.0,1272.0,1.1281143426895142,0.9999992251396179,0.0010000002086807736,0.001,False,128.0,128.0,,
train,,,,,,,122.5894067287445,3.0,335.0,1273.0,1.1801823377609253,0.9999992847442627,0.0009999996182086068,0.001,False,128.0,128.0,,
train,,,,,,,122.69901013374329,3.0,336.0,1274.0,1.230406403541565,0.9999993443489075,0.0009999998519383709,0.001,False,128.0,128.0,,
train,,,,,,,122.80039238929749,3.0,337.0,1275.0,1.134916067123413,0.9999993443489075,0.000999999667891105,0.001,False,128.0,128.0,,
train,,,,,,,123.23206543922424,3.0,338.0,1276.0,1.1778440475463867,0.999999463558197,0.0010000007175235057,0.001,False,128.0,128.0,,
train,,,,,,,123.30532956123352,3.0,339.0,1277.0,1.1261101961135864,0.9999992251396179,0.0009999998201582316,0.001,False,128.0,128.0,,
train,,,,,,,123.38146662712097,3.0,340.0,1278.0,1.161826729774475,0.9999992847442627,0.000999999583070034,0.001,False,128.0,128.0,,
train,,,,,,,123.44887328147888,3.0,341.0,1279.0,1.1656039953231812,0.9999993443489075,0.0009999990875216576,0.001,False,128.0,128.0,,
train,,,,,,,123.52588605880737,3.0,342.0,1280.0,1.16559898853302,0.9999994039535522,0.000999999509184658,0.001,False,128.0,128.0,,
train,,,,,,,123.59740710258484,3.0,343.0,1281.0,1.1174458265304565,0.999999463558197,0.0009999996394971411,0.001,False,128.0,128.0,,
train,,,,,,,123.66630220413208,3.0,344.0,1282.0,1.1797212362289429,0.9999992847442627,0.0009999976663506128,0.001,False,128.0,128.0,,
train,,,,,,,123.73969674110413,3.0,345.0,1283.0,1.1694451570510864,0.9999992847442627,0.0009999998194365866,0.001,False,128.0,128.0,,
train,,,,,,,123.81688451766968,3.0,346.0,1284.0,1.146193027496338,0.9999992847442627,0.000999997133303397,0.001,False,128.0,128.0,,
train,,,,,,,123.89200735092163,3.0,347.0,1285.0,1.0821142196655273,0.9999994039535522,0.0009999987883162348,0.001,False,128.0,128.0,,
train,,,,,,,123.97303128242493,3.0,348.0,1286.0,1.0671899318695068,0.9999992847442627,0.0009999994977771109,0.001,False,128.0,128.0,,
train,,,,,,,124.04383897781372,3.0,349.0,1287.0,1.0796267986297607,0.9999994039535522,0.0009999978429597368,0.001,False,128.0,128.0,,
train,,,,,,,124.11571192741394,3.0,350.0,1288.0,1.1094162464141846,0.9999992847442627,0.000999999189384708,0.001,False,128.0,128.0,,
train,,,,,,,124.19425010681152,3.0,351.0,1289.0,1.0937912464141846,0.9999994039535522,0.0010000014964273618,0.001,False,128.0,128.0,,
train,,,,,,,124.27148962020874,3.0,352.0,1290.0,1.1990545988082886,0.9999993443489075,0.0009999996035814128,0.001,False,128.0,128.0,,
train,,,,,,,124.34277200698853,3.0,353.0,1291.0,1.1515189409255981,0.9999992847442627,0.0009999990115823305,0.001,False,128.0,128.0,,
train,,,,,,,124.41200184822083,3.0,354.0,1292.0,1.1596283912658691,0.9999994039535522,0.0009999982376447955,0.001,False,128.0,128.0,,
train,,,,,,,124.49167394638062,3.0,355.0,1293.0,1.0804446935653687,0.9999994039535522,0.0009999986127619909,0.001,False,128.0,128.0,,
train,,,,,,,124.59343004226685,3.0,356.0,1294.0,1.1656051874160767,0.9999993443489075,0.0010000004185683705,0.001,False,128.0,128.0,,
train,,,,,,,124.66945743560791,3.0,357.0,1295.0,1.1001896858215332,0.9999993443489075,0.0009999975027866106,0.001,False,128.0,128.0,,
train,,,,,,,124.7459168434143,3.0,358.0,1296.0,1.1526671648025513,0.9999992847442627,0.0009999999386745538,0.001,False,128.0,128.0,,
train,,,,,,,124.82977533340454,3.0,359.0,1297.0,1.079063057899475,0.9999992251396179,0.000999998712293618,0.001,False,128.0,128.0,,
train,,,,,,,124.91317391395569,3.0,360.0,1298.0,1.1334471702575684,0.9999993443489075,0.0009999996754683795,0.001,False,128.0,128.0,,
train,,,,,,,125.02434301376343,3.0,361.0,1299.0,1.071153163909912,0.9999992251396179,0.0009999994868691642,0.001,False,128.0,128.0,,
train,,,,,,,125.09734010696411,3.0,362.0,1300.0,1.1357442140579224,0.9999992847442627,0.0009999984850861576,0.001,False,128.0,128.0,,
train,,,,,,,125.19191288948059,3.0,363.0,1301.0,1.125238060951233,0.9999992251396179,0.0009999970357700198,0.001,False,128.0,128.0,,
train,,,,,,,125.29374432563782,3.0,364.0,1302.0,1.1063796281814575,0.9999994039535522,0.0009999983258521664,0.001,False,128.0,128.0,,
train,,,,,,,125.38927960395813,3.0,365.0,1303.0,1.116181492805481,0.9999993443489075,0.0009999994105135337,0.001,False,128.0,128.0,,
train,,,,,,,125.46782803535461,3.0,366.0,1304.0,1.0945888757705688,0.9999992847442627,0.0010000014545997712,0.001,False,128.0,128.0,,
train,,,,,,,125.54131388664246,3.0,367.0,1305.0,1.1647740602493286,0.9999994039535522,0.0010000009068441332,0.001,False,128.0,128.0,,
train,,,,,,,125.61068964004517,3.0,368.0,1306.0,1.0846161842346191,0.9999992847442627,0.0009999994051567043,0.001,False,128.0,128.0,,
train,,,,,,,125.68626594543457,3.0,369.0,1307.0,1.037813425064087,0.9999993443489075,0.0010000003825694033,0.001,False,128.0,128.0,,
train,,,,,,,125.76223111152649,3.0,370.0,1308.0,1.160125494003296,0.9999992847442627,0.0010000008601592962,0.001,False,128.0,128.0,,
train,,,,,,,125.83411049842834,3.0,371.0,1309.0,1.1566286087036133,0.9999994039535522,0.000999998788371746,0.001,False,128.0,128.0,,
train,,,,,,,125.90777325630188,3.0,372.0,1310.0,1.0409198999404907,0.9999992251396179,0.001000000126746328,0.001,False,128.0,128.0,,
train,,,,,,,125.98997497558594,3.0,373.0,1311.0,1.0943888425827026,0.9999992847442627,0.0009999995082687237,0.001,False,128.0,128.0,,
train,,,,,,,126.07796025276184,3.0,374.0,1312.0,1.1060404777526855,0.9999992847442627,0.0009999968963810963,0.001,False,128.0,128.0,,
train,,,,,,,126.43470001220703,3.0,375.0,1313.0,1.1582081317901611,0.9999993443489075,0.001000000838676499,0.001,False,128.0,128.0,,
train,,,,,,,126.5212013721466,3.0,376.0,1314.0,1.1376848220825195,0.9999994039535522,0.00099999987417059,0.001,False,128.0,128.0,,
train,,,,,,,126.61299729347229,3.0,377.0,1315.0,1.1199389696121216,0.9999992251396179,0.000999996803066557,0.001,False,128.0,128.0,,
train,,,,,,,126.70751571655273,3.0,378.0,1316.0,1.103521466255188,0.9999994039535522,0.0010000001517818538,0.001,False,128.0,128.0,,
train,,,,,,,126.7768349647522,3.0,379.0,1317.0,1.0575696229934692,0.9999992847442627,0.0010000006197961892,0.001,False,128.0,128.0,,
train,,,,,,,126.8548903465271,3.0,380.0,1318.0,1.1684925556182861,0.9999992847442627,0.0009999961757328347,0.001,False,128.0,128.0,,
train,,,,,,,126.92777037620544,3.0,381.0,1319.0,1.1041532754898071,0.9999992847442627,0.000999999683711788,0.001,False,128.0,128.0,,
train,,,,,,,127.01261639595032,3.0,382.0,1320.0,1.163387656211853,0.9999994039535522,0.000999998113521635,0.001,False,128.0,128.0,,
train,,,,,,,127.10301947593689,3.0,383.0,1321.0,1.072421908378601,0.9999992847442627,0.0009999971110433612,0.001,False,128.0,128.0,,
train,,,,,,,127.21943163871765,3.0,384.0,1322.0,1.1073822975158691,0.9999993443489075,0.000999998017015312,0.001,False,128.0,128.0,,
train,,,,,,,127.29824590682983,3.0,385.0,1323.0,1.1341991424560547,0.9999993443489075,0.0009999987873725439,0.001,False,128.0,128.0,,
train,,,,,,,127.38226079940796,3.0,386.0,1324.0,1.1201046705245972,0.9999993443489075,0.0010000015810262262,0.001,False,128.0,128.0,,
train,,,,,,,127.47055315971375,3.0,387.0,1325.0,1.0978975296020508,0.9999992847442627,0.0009999990551586263,0.001,False,128.0,128.0,,
train,,,,,,,127.5599057674408,3.0,388.0,1326.0,1.0276472568511963,0.9999992847442627,0.0010000002307742068,0.001,False,128.0,128.0,,
train,,,,,,,127.64641427993774,3.0,389.0,1327.0,1.1237893104553223,0.9999992847442627,0.000999998675683966,0.001,False,128.0,128.0,,
train,,,,,,,127.73558020591736,3.0,390.0,1328.0,1.176084041595459,0.9999992847442627,0.000999998353829833,0.001,False,128.0,128.0,,
train,,,,,,,127.81510591506958,3.0,391.0,1329.0,1.1308282613754272,0.9999993443489075,0.001000001791329868,0.001,False,128.0,128.0,,
train,,,,,,,127.8846697807312,3.0,392.0,1330.0,1.0937793254852295,0.9999993443489075,0.0009999998000631912,0.001,False,128.0,128.0,,
train,,,,,,,127.95737028121948,3.0,393.0,1331.0,1.1171737909317017,0.9999993443489075,0.0009999985220843952,0.001,False,128.0,128.0,,
train,,,,,,,128.03244137763977,3.0,394.0,1332.0,1.1524759531021118,0.9999992847442627,0.000999998491886284,0.001,False,128.0,128.0,,
train,,,,,,,128.11311674118042,3.0,395.0,1333.0,1.0996743440628052,0.9999994039535522,0.0009999996801868288,0.001,False,128.0,128.0,,
train,,,,,,,128.23413944244385,3.0,396.0,1334.0,1.0681586265563965,0.9999992847442627,0.000999998687063767,0.001,False,128.0,128.0,,
train,,,,,,,128.31367754936218,3.0,397.0,1335.0,1.0889633893966675,0.9999992847442627,0.0009999991172756613,0.001,False,128.0,128.0,,
train,,,,,,,128.39473700523376,3.0,398.0,1336.0,1.136266827583313,0.9999993443489075,0.000999999674163867,0.001,False,128.0,128.0,,
train,,,,,,,128.46732449531555,3.0,399.0,1337.0,1.049453616142273,0.9999992847442627,0.0009999978955289091,0.001,False,128.0,128.0,,
train,,,,,,,128.54504489898682,3.0,400.0,1338.0,1.0979152917861938,0.9999994039535522,0.0009999992746499017,0.001,False,128.0,128.0,,
train,,,,,,,128.6794834136963,3.0,401.0,1339.0,1.1411195993423462,0.9999994039535522,0.0009999984995190787,0.001,False,128.0,128.0,,
train,,,,,,,128.77504992485046,3.0,402.0,1340.0,1.140738844871521,0.9999992847442627,0.000999997369392972,0.001,False,128.0,128.0,,
train,,,,,,,128.87569618225098,3.0,403.0,1341.0,1.042533040046692,0.9999993443489075,0.0009999991816131404,0.001,False,128.0,128.0,,
train,,,,,,,128.9890582561493,3.0,404.0,1342.0,0.9686276316642761,0.9999993443489075,0.0010000004913434566,0.001,False,128.0,128.0,,
train,,,,,,,129.08787298202515,3.0,405.0,1343.0,1.0488694906234741,0.9999993443489075,0.000999998905722455,0.001,False,128.0,128.0,,
train,,,,,,,129.18067002296448,3.0,406.0,1344.0,1.0910569429397583,0.9999992847442627,0.0009999991252692742,0.001,False,128.0,128.0,,
train,,,,,,,129.29953813552856,3.0,407.0,1345.0,1.090255856513977,0.9999992251396179,0.0010000000421473408,0.001,False,128.0,128.0,,
train,,,,,,,129.37671995162964,3.0,408.0,1346.0,1.0921614170074463,0.9999993443489075,0.0009999998599042224,0.001,False,128.0,128.0,,
train,,,,,,,129.46054005622864,3.0,409.0,1347.0,1.157130241394043,0.9999993443489075,0.0009999990461935669,0.001,False,128.0,128.0,,
train,,,,,,,129.59372520446777,3.0,410.0,1348.0,1.169323205947876,0.9999994039535522,0.0009999996878751257,0.001,False,128.0,128.0,,
train,,,,,,,129.68474912643433,3.0,411.0,1349.0,1.105686902999878,0.9999992251396179,0.000999999903702526,0.001,False,128.0,128.0,,
train,,,,,,,129.7703378200531,3.0,412.0,1350.0,1.1491949558258057,0.9999992847442627,0.000999997991507887,0.001,False,128.0,128.0,,
train,,,,,,,129.8741638660431,3.0,413.0,1351.0,1.1227128505706787,0.9999992847442627,0.0009999985771792928,0.001,False,128.0,128.0,,
train,,,,,,,129.95024418830872,3.0,414.0,1352.0,1.0288589000701904,0.9999992847442627,0.0010000003350241194,0.001,False,128.0,128.0,,
train,,,,,,,130.03134536743164,3.0,415.0,1353.0,1.1443203687667847,0.9999993443489075,0.0009999990252380871,0.001,False,128.0,128.0,,
train,,,,,,,130.1005699634552,3.0,416.0,1354.0,1.0309653282165527,0.9999992847442627,0.0009999975423661594,0.001,False,128.0,128.0,,
train,,,,,,,130.18316888809204,3.0,417.0,1355.0,1.0970934629440308,0.9999992847442627,0.0009999979301679397,0.001,False,128.0,128.0,,
train,,,,,,,130.28460717201233,3.0,418.0,1356.0,1.0717546939849854,0.9999993443489075,0.0009999992848639609,0.001,False,128.0,128.0,,
train,,,,,,,130.39317417144775,3.0,419.0,1357.0,1.0538827180862427,0.9999994039535522,0.0010000003039656402,0.001,False,128.0,128.0,,
train,,,,,,,130.4871528148651,3.0,420.0,1358.0,1.086148977279663,0.9999992847442627,0.0009999989182124776,0.001,False,128.0,128.0,,
train,,,,,,,130.5609564781189,3.0,421.0,1359.0,1.0727016925811768,0.9999994039535522,0.000999999144476149,0.001,False,128.0,128.0,,
train,,,,,,,130.6593461036682,3.0,422.0,1360.0,1.137760043144226,0.9999993443489075,0.0009999992000151018,0.001,False,128.0,128.0,,
train,,,,,,,130.78835463523865,3.0,423.0,1361.0,1.075769305229187,0.9999992847442627,0.00100000007451034,0.001,False,128.0,128.0,,
train,,,,,,,130.87160801887512,3.0,424.0,1362.0,1.1261953115463257,0.9999993443489075,0.0009999984196661647,0.001,False,128.0,128.0,,
train,,,,,,,130.9497947692871,3.0,425.0,1363.0,1.121891736984253,0.9999992251396179,0.0009999997033072305,0.001,False,128.0,128.0,,
train,,,,,,,131.02747297286987,3.0,426.0,1364.0,1.1088119745254517,0.999999463558197,0.0009999992419538093,0.001,False,128.0,128.0,,
train,,,,,,,131.11583852767944,3.0,427.0,1365.0,1.076467752456665,0.9999992847442627,0.0009999997281207222,0.001,False,128.0,128.0,,
train,,,,,,,131.20117616653442,3.0,428.0,1366.0,1.1430679559707642,0.9999993443489075,0.0009999980999491327,0.001,False,128.0,128.0,,
train,,,,,,,131.30443382263184,3.0,429.0,1367.0,1.0472979545593262,0.9999993443489075,0.000999997921286137,0.001,False,128.0,128.0,,
train,,,,,,,131.40479254722595,3.0,430.0,1368.0,1.021287202835083,0.9999992847442627,0.0009999981956227792,0.001,False,128.0,128.0,,
train,,,,,,,131.49207711219788,3.0,431.0,1369.0,1.0664738416671753,0.999999463558197,0.0009999986428768316,0.001,False,128.0,128.0,,
train,,,,,,,131.59380269050598,3.0,432.0,1370.0,1.0592372417449951,0.9999992251396179,0.0009999998312049526,0.001,False,128.0,128.0,,
train,,,,,,,131.71405386924744,3.0,433.0,1371.0,1.090285062789917,0.9999993443489075,0.0009999973613160783,0.001,False,128.0,128.0,,
train,,,,,,,131.80337142944336,3.0,434.0,1372.0,1.0666645765304565,0.9999992847442627,0.000999999937675353,0.001,False,128.0,128.0,,
train,,,,,,,131.87727546691895,3.0,435.0,1373.0,1.1267973184585571,0.9999992847442627,0.0009999973976759777,0.001,False,128.0,128.0,,
train,,,,,,,131.95425128936768,3.0,436.0,1374.0,1.0385736227035522,0.9999992847442627,0.0009999985593324321,0.001,False,128.0,128.0,,
train,,,,,,,132.0325779914856,3.0,437.0,1375.0,1.0807560682296753,0.9999993443489075,0.000999998620505807,0.001,False,128.0,128.0,,
train,,,,,,,132.1200680732727,3.0,438.0,1376.0,1.0767889022827148,0.9999992847442627,0.0010000008788110268,0.001,False,128.0,128.0,,
train,,,,,,,132.25034880638123,3.0,439.0,1377.0,1.0500822067260742,0.9999994039535522,0.0009999993585273084,0.001,False,128.0,128.0,,
train,,,,,,,132.3440454006195,3.0,440.0,1378.0,1.0099343061447144,0.9999993443489075,0.0009999997936238963,0.001,False,128.0,128.0,,
train,,,,,,,132.43015551567078,3.0,441.0,1379.0,1.1005370616912842,0.9999994039535522,0.0009999995439901664,0.001,False,128.0,128.0,,
train,,,,,,,132.553475856781,3.0,442.0,1380.0,1.131129264831543,0.9999994039535522,0.0009999995237563424,0.001,False,128.0,128.0,,
train,,,,,,,132.62263560295105,3.0,443.0,1381.0,0.9407021999359131,0.9999993443489075,0.0009999992425644324,0.001,False,128.0,128.0,,
train,,,,,,,132.69628405570984,3.0,444.0,1382.0,1.1286016702651978,0.9999992847442627,0.000999997991951977,0.001,False,128.0,128.0,,
train,,,,,,,132.77642679214478,3.0,445.0,1383.0,1.0306180715560913,0.9999992251396179,0.0010000005745268725,0.001,False,128.0,128.0,,
train,,,,,,,132.9318265914917,3.0,446.0,1384.0,1.039210557937622,0.9999992251396179,0.00099999762790905,0.001,False,128.0,128.0,,
train,,,,,,,133.02261924743652,3.0,447.0,1385.0,1.0865379571914673,0.9999992251396179,0.000999999663339189,0.001,False,128.0,128.0,,
train,,,,,,,133.0992991924286,3.0,448.0,1386.0,1.0751283168792725,0.9999992847442627,0.0009999995928955119,0.001,False,128.0,128.0,,
train,,,,,,,133.21394157409668,3.0,449.0,1387.0,1.109419345855713,0.9999993443489075,0.0009999993546970366,0.001,False,128.0,128.0,,
train,,,,,,,133.32382440567017,3.0,450.0,1388.0,1.0933451652526855,0.9999992847442627,0.00099999828321953,0.001,False,128.0,128.0,,
train,,,,,,,133.428537607193,3.0,451.0,1389.0,1.1068358421325684,0.9999992251396179,0.000999999261438238,0.001,False,128.0,128.0,,
train,,,,,,,133.5102756023407,3.0,452.0,1390.0,1.145733118057251,0.9999994039535522,0.0010000001539745439,0.001,False,128.0,128.0,,
train,,,,,,,133.5912890434265,3.0,453.0,1391.0,1.0658905506134033,0.9999992847442627,0.0010000016551057376,0.001,False,128.0,128.0,,
train,,,,,,,133.67166590690613,3.0,454.0,1392.0,1.1083823442459106,0.9999993443489075,0.0010000008997942233,0.001,False,128.0,128.0,,
train,,,,,,,133.7496154308319,3.0,455.0,1393.0,1.0277193784713745,0.999999463558197,0.0010000002788468517,0.001,False,128.0,128.0,,
train,,,,,,,133.83372592926025,3.0,456.0,1394.0,1.0900139808654785,0.9999994039535522,0.0009999990480531922,0.001,False,128.0,128.0,,
train,,,,,,,133.9697163105011,3.0,457.0,1395.0,1.052499771118164,0.9999993443489075,0.0009999991677908523,0.001,False,128.0,128.0,,
train,,,,,,,134.0607671737671,3.0,458.0,1396.0,1.1010618209838867,0.9999992847442627,0.000999998301177418,0.001,False,128.0,128.0,,
train,,,,,,,134.14402985572815,3.0,459.0,1397.0,1.0509824752807617,0.9999993443489075,0.0009999984466168709,0.001,False,128.0,128.0,,
train,,,,,,,134.2293610572815,3.0,460.0,1398.0,1.1146457195281982,0.9999993443489075,0.001000000228387228,0.001,False,128.0,128.0,,
train,,,,,,,134.30853509902954,3.0,461.0,1399.0,1.0435960292816162,0.9999993443489075,0.0010000010296346807,0.001,False,128.0,128.0,,
train,,,,,,,134.38429427146912,3.0,462.0,1400.0,1.0596669912338257,0.999999463558197,0.0009999973831042624,0.001,False,128.0,128.0,,
train,,,,,,,134.48370385169983,3.0,463.0,1401.0,1.0163648128509521,0.9999993443489075,0.0009999966955411075,0.001,False,128.0,128.0,,
train,,,,,,,134.591712474823,3.0,464.0,1402.0,1.025188684463501,0.9999992251396179,0.0009999991566886127,0.001,False,128.0,128.0,,
train,,,,,,,134.6603991985321,3.0,465.0,1403.0,1.1442288160324097,0.9999993443489075,0.001000001550717185,0.001,False,128.0,128.0,,
train,,,,,,,134.7338993549347,3.0,466.0,1404.0,1.0246492624282837,0.9999992251396179,0.0009999982156068295,0.001,False,128.0,128.0,,
train,,,,,,,134.85257816314697,3.0,467.0,1405.0,1.0185104608535767,0.9999993443489075,0.00100000084927912,0.001,False,128.0,128.0,,
train,,,,,,,134.92420840263367,3.0,468.0,1406.0,1.0427031517028809,0.9999993443489075,0.0009999986047406182,0.001,False,128.0,128.0,,
train,,,,,,,134.9849820137024,3.0,469.0,1407.0,1.0057371854782104,0.999999463558197,0.0010000000529165034,0.001,False,128.0,128.0,,
eval,,,,,,,140.48794031143188,3.0,,1407.0,,,,,False,128.0,128.0,1.037619584274292,0.8089
train,,,,,,,140.58987998962402,4.0,1.0,1408.0,1.0468727350234985,0.9999992847442627,0.0009999999104748868,0.001,False,128.0,128.0,,
train,,,,,,,140.6753489971161,4.0,2.0,1409.0,1.168130874633789,0.9999994039535522,0.0009999998770294147,0.001,False,128.0,128.0,,
train,,,,,,,140.76746225357056,4.0,3.0,1410.0,0.9907777309417725,0.9999994039535522,0.000999999095987116,0.001,False,128.0,128.0,,
train,,,,,,,140.85105323791504,4.0,4.0,1411.0,1.1178650856018066,0.9999992847442627,0.0009999981516023559,0.001,False,128.0,128.0,,
train,,,,,,,140.92899298667908,4.0,5.0,1412.0,1.0465742349624634,0.9999993443489075,0.0010000006874087272,0.001,False,128.0,128.0,,
train,,,,,,,141.0099070072174,4.0,6.0,1413.0,1.0086145401000977,0.9999992847442627,0.0010000018217221685,0.001,False,128.0,128.0,,
train,,,,,,,141.0909674167633,4.0,7.0,1414.0,1.1565133333206177,0.9999992251396179,0.000999999642800056,0.001,False,128.0,128.0,,
train,,,,,,,141.16684317588806,4.0,8.0,1415.0,1.000912070274353,0.9999993443489075,0.0010000006958464163,0.001,False,128.0,128.0,,
train,,,,,,,141.24165797233582,4.0,9.0,1416.0,1.087124228477478,0.9999993443489075,0.000999998306034652,0.001,False,128.0,128.0,,
train,,,,,,,141.33911395072937,4.0,10.0,1417.0,1.047413945198059,0.9999993443489075,0.00100000015111572,0.001,False,128.0,128.0,,
train,,,,,,,141.4109170436859,4.0,11.0,1418.0,0.9835476875305176,0.9999993443489075,0.0009999975783652288,0.001,False,128.0,128.0,,
train,,,,,,,141.4909529685974,4.0,12.0,1419.0,1.1247906684875488,0.9999993443489075,0.0010000004136833912,0.001,False,128.0,128.0,,
train,,,,,,,141.5622251033783,4.0,13.0,1420.0,1.0476080179214478,0.9999994039535522,0.0009999992816998229,0.001,False,128.0,128.0,,
train,,,,,,,141.6342523097992,4.0,14.0,1421.0,1.0595554113388062,0.9999992847442627,0.0009999985339637992,0.001,False,128.0,128.0,,
train,,,,,,,141.7126066684723,4.0,15.0,1422.0,0.9742927551269531,0.9999992847442627,0.000999999144892483,0.001,False,128.0,128.0,,
train,,,,,,,141.81345772743225,4.0,16.0,1423.0,1.0341405868530273,0.9999992847442627,0.0009999998041432616,0.001,False,128.0,128.0,,
train,,,,,,,141.8991527557373,4.0,17.0,1424.0,1.0154491662979126,0.9999992847442627,0.0010000004578147373,0.001,False,128.0,128.0,,
train,,,,,,,141.98794150352478,4.0,18.0,1425.0,1.0774774551391602,0.9999993443489075,0.0010000006836894827,0.001,False,128.0,128.0,,
train,,,,,,,142.06809282302856,4.0,19.0,1426.0,1.1277148723602295,0.9999992251396179,0.000999998362267542,0.001,False,128.0,128.0,,
train,,,,,,,142.14207983016968,4.0,20.0,1427.0,1.0463322401046753,0.9999994039535522,0.0009999964990309636,0.001,False,128.0,128.0,,
train,,,,,,,142.2278549671173,4.0,21.0,1428.0,1.0562081336975098,0.9999992847442627,0.0009999987940894014,0.001,False,128.0,128.0,,
train,,,,,,,142.33774399757385,4.0,22.0,1429.0,1.038659691810608,0.9999993443489075,0.00099999827142339,0.001,False,128.0,128.0,,
train,,,,,,,142.41470909118652,4.0,23.0,1430.0,1.1176804304122925,0.9999993443489075,0.0010000002700760922,0.001,False,128.0,128.0,,
train,,,,,,,142.49056196212769,4.0,24.0,1431.0,0.9839047193527222,0.9999992847442627,0.0009999988804648531,0.001,False,128.0,128.0,,
train,,,,,,,142.57347464561462,4.0,25.0,1432.0,1.1126023530960083,0.9999992847442627,0.0009999988550962282,0.001,False,128.0,128.0,,
train,,,,,,,142.66331601142883,4.0,26.0,1433.0,1.0425693988800049,0.9999993443489075,0.0009999969936369303,0.001,False,128.0,128.0,,
train,,,,,,,142.73806405067444,4.0,27.0,1434.0,1.0345120429992676,0.9999994039535522,0.0009999982258208995,0.001,False,128.0,128.0,,
train,,,,,,,142.83583807945251,4.0,28.0,1435.0,0.9906899333000183,0.9999992251396179,0.0009999984145591307,0.001,False,128.0,128.0,,
train,,,,,,,142.9323103427887,4.0,29.0,1436.0,1.0581086874008179,0.9999992847442627,0.0009999986523137401,0.001,False,128.0,128.0,,
train,,,,,,,143.0080373287201,4.0,30.0,1437.0,1.0559934377670288,0.9999992251396179,0.0010000004208443269,0.001,False,128.0,128.0,,
train,,,,,,,143.08285355567932,4.0,31.0,1438.0,1.0258734226226807,0.9999994039535522,0.0010000008341800994,0.001,False,128.0,128.0,,
train,,,,,,,143.1802523136139,4.0,32.0,1439.0,1.0305018424987793,0.9999993443489075,0.0010000004458798452,0.001,False,128.0,128.0,,
train,,,,,,,143.29058647155762,4.0,33.0,1440.0,0.9645975232124329,0.9999992847442627,0.0009999975693168893,0.001,False,128.0,128.0,,
train,,,,,,,143.39509296417236,4.0,34.0,1441.0,1.0833935737609863,0.9999992847442627,0.0009999987107115482,0.001,False,128.0,128.0,,
train,,,,,,,143.5115921497345,4.0,35.0,1442.0,0.9779459834098816,0.9999993443489075,0.0009999994746011933,0.001,False,128.0,128.0,,
train,,,,,,,143.6463189125061,4.0,36.0,1443.0,1.1081479787826538,0.9999993443489075,0.001000000006675716,0.001,False,128.0,128.0,,
train,,,,,,,143.745365858078,4.0,37.0,1444.0,1.1004571914672852,0.9999992251396179,0.000999999456254748,0.001,False,128.0,128.0,,
train,,,,,,,143.81649160385132,4.0,38.0,1445.0,1.0480165481567383,0.9999991655349731,0.0009999997175180893,0.001,False,128.0,128.0,,
train,,,,,,,143.9008867740631,4.0,39.0,1446.0,0.9744129180908203,0.9999994039535522,0.0009999967652078302,0.001,False,128.0,128.0,,
train,,,,,,,144.0049376487732,4.0,40.0,1447.0,1.0353782176971436,0.9999992847442627,0.0009999982967920297,0.001,False,128.0,128.0,,
train,,,,,,,144.101744890213,4.0,41.0,1448.0,1.1295140981674194,0.9999992847442627,0.0009999988160163324,0.001,False,128.0,128.0,,
train,,,,,,,144.1783492565155,4.0,42.0,1449.0,1.0465294122695923,0.9999992847442627,0.0009999971238387184,0.001,False,128.0,128.0,,
train,,,,,,,144.25219464302063,4.0,43.0,1450.0,0.9315503835678101,0.9999994039535522,0.000999998835722814,0.001,False,128.0,128.0,,
train,,,,,,,144.33260107040405,4.0,44.0,1451.0,1.0866485834121704,0.9999993443489075,0.001000000639780191,0.001,False,128.0,128.0,,
train,,,,,,,144.40792393684387,4.0,45.0,1452.0,1.0145748853683472,0.9999994039535522,0.0009999999488053395,0.001,False,128.0,128.0,,
train,,,,,,,144.47985816001892,4.0,46.0,1453.0,1.0549386739730835,0.9999994039535522,0.0010000000796728766,0.001,False,128.0,128.0,,
train,,,,,,,144.5659830570221,4.0,47.0,1454.0,1.0373739004135132,0.9999992847442627,0.0010000005348641768,0.001,False,128.0,128.0,,
train,,,,,,,144.65584087371826,4.0,48.0,1455.0,1.009006142616272,0.9999993443489075,0.0009999989909876728,0.001,False,128.0,128.0,,
train,,,,,,,144.7454650402069,4.0,49.0,1456.0,1.0562034845352173,0.9999994039535522,0.000999999109726138,0.001,False,128.0,128.0,,
train,,,,,,,144.83561182022095,4.0,50.0,1457.0,0.9762731194496155,0.9999994039535522,0.0009999985571674942,0.001,False,128.0,128.0,,
train,,,,,,,144.95419669151306,4.0,51.0,1458.0,0.9620316028594971,0.9999992251396179,0.0009999987496804258,0.001,False,128.0,128.0,,
train,,,,,,,145.03151631355286,4.0,52.0,1459.0,1.0946457386016846,0.9999993443489075,0.000999999078029242,0.001,False,128.0,128.0,,
train,,,,,,,145.10542154312134,4.0,53.0,1460.0,0.9950019121170044,0.9999993443489075,0.0010000000978250215,0.001,False,128.0,128.0,,
train,,,,,,,145.2004270553589,4.0,54.0,1461.0,1.042828917503357,0.9999993443489075,0.0009999995540932005,0.001,False,128.0,128.0,,
train,,,,,,,145.30874300003052,4.0,55.0,1462.0,0.9911790490150452,0.9999991655349731,0.001000000131353753,0.001,False,128.0,128.0,,
train,,,,,,,145.38512706756592,4.0,56.0,1463.0,1.0141348838806152,0.9999991655349731,0.0009999983181638592,0.001,False,128.0,128.0,,
train,,,,,,,145.459543466568,4.0,57.0,1464.0,1.0004690885543823,0.9999992847442627,0.0009999992513074452,0.001,False,128.0,128.0,,
train,,,,,,,145.55952429771423,4.0,58.0,1465.0,0.9901003241539001,0.9999994039535522,0.0010000000119215198,0.001,False,128.0,128.0,,
train,,,,,,,145.6519775390625,4.0,59.0,1466.0,0.9607882499694824,0.9999993443489075,0.0009999973250949558,0.001,False,128.0,128.0,,
train,,,,,,,145.73074793815613,4.0,60.0,1467.0,1.0271923542022705,0.9999993443489075,0.0009999986452638144,0.001,False,128.0,128.0,,
train,,,,,,,145.80400848388672,4.0,61.0,1468.0,1.0070013999938965,0.9999992251396179,0.0010000003904519837,0.001,False,128.0,128.0,,
train,,,,,,,145.9012668132782,4.0,62.0,1469.0,1.0422794818878174,0.9999991655349731,0.0009999983272954587,0.001,False,128.0,128.0,,
train,,,,,,,145.98801136016846,4.0,63.0,1470.0,1.064407229423523,0.9999992847442627,0.000999999900926968,0.001,False,128.0,128.0,,
train,,,,,,,146.071302652359,4.0,64.0,1471.0,1.1856160163879395,0.9999993443489075,0.0010000020585322802,0.001,False,128.0,128.0,,
train,,,,,,,146.16078281402588,4.0,65.0,1472.0,0.9788984060287476,0.9999992847442627,0.0009999982582394689,0.001,False,128.0,128.0,,
train,,,,,,,146.23898839950562,4.0,66.0,1473.0,1.0192986726760864,0.9999992251396179,0.0009999986242805706,0.001,False,128.0,128.0,,
train,,,,,,,146.31975603103638,4.0,67.0,1474.0,1.1426273584365845,0.9999993443489075,0.0009999988763570234,0.001,False,128.0,128.0,,
train,,,,,,,146.39631390571594,4.0,68.0,1475.0,1.0261211395263672,0.9999993443489075,0.0009999997153809094,0.001,False,128.0,128.0,,
train,,,,,,,146.489488363266,4.0,69.0,1476.0,0.9747651219367981,0.999999463558197,0.0009999976336822233,0.001,False,128.0,128.0,,
train,,,,,,,146.60611271858215,4.0,70.0,1477.0,0.9592565298080444,0.9999992847442627,0.0009999992095352718,0.001,False,128.0,128.0,,
train,,,,,,,146.69221019744873,4.0,71.0,1478.0,0.9857227206230164,0.9999992847442627,0.000999998663499252,0.001,False,128.0,128.0,,
train,,,,,,,146.76568150520325,4.0,72.0,1479.0,1.0695801973342896,0.9999992847442627,0.0010000015471922324,0.001,False,128.0,128.0,,
train,,,,,,,146.85202860832214,4.0,73.0,1480.0,1.0079964399337769,0.9999992847442627,0.000999998439539188,0.001,False,128.0,128.0,,
train,,,,,,,146.93019008636475,4.0,74.0,1481.0,1.1018263101577759,0.9999991059303284,0.000999998254159392,0.001,False,128.0,128.0,,
train,,,,,,,147.00576758384705,4.0,75.0,1482.0,0.985974133014679,0.9999994039535522,0.0009999987764090783,0.001,False,128.0,128.0,,
train,,,,,,,147.0889024734497,4.0,76.0,1483.0,1.0388647317886353,0.9999993443489075,0.0010000000440902308,0.001,False,128.0,128.0,,
train,,,,,,,147.1804530620575,4.0,77.0,1484.0,1.0893266201019287,0.9999992847442627,0.0009999996023601669,0.001,False,128.0,128.0,,
train,,,,,,,147.26216316223145,4.0,78.0,1485.0,0.9738333225250244,0.9999993443489075,0.0010000002292754062,0.001,False,128.0,128.0,,
train,,,,,,,147.3460817337036,4.0,79.0,1486.0,0.9643860459327698,0.9999993443489075,0.0009999978371310534,0.001,False,128.0,128.0,,
train,,,,,,,147.42171788215637,4.0,80.0,1487.0,1.100492238998413,0.9999992847442627,0.0010000004019150319,0.001,False,128.0,128.0,,
train,,,,,,,147.52472233772278,4.0,81.0,1488.0,1.0005583763122559,0.9999993443489075,0.0010000001193633458,0.001,False,128.0,128.0,,
train,,,,,,,147.61076045036316,4.0,82.0,1489.0,1.1114583015441895,0.9999992847442627,0.0009999985357956698,0.001,False,128.0,128.0,,
train,,,,,,,147.6849799156189,4.0,83.0,1490.0,1.0512055158615112,0.9999992251396179,0.0010000001455090946,0.001,False,128.0,128.0,,
train,,,,,,,147.7584216594696,4.0,84.0,1491.0,0.9717797040939331,0.9999992847442627,0.00099999905810072,0.001,False,128.0,128.0,,
train,,,,,,,147.8312578201294,4.0,85.0,1492.0,1.045462727546692,0.9999992251396179,0.0009999979655841268,0.001,False,128.0,128.0,,
train,,,,,,,147.92959189414978,4.0,86.0,1493.0,1.033898949623108,0.9999993443489075,0.0009999993197527437,0.001,False,128.0,128.0,,
train,,,,,,,148.02642226219177,4.0,87.0,1494.0,1.0130882263183594,0.9999992251396179,0.0009999995820708328,0.001,False,128.0,128.0,,
train,,,,,,,148.1188051700592,4.0,88.0,1495.0,1.070916771888733,0.9999992847442627,0.00100000098195065,0.001,False,128.0,128.0,,
train,,,,,,,148.21526074409485,4.0,89.0,1496.0,1.0193736553192139,0.9999994039535522,0.0009999985437892872,0.001,False,128.0,128.0,,
train,,,,,,,148.29142785072327,4.0,90.0,1497.0,0.9244832992553711,0.9999992251396179,0.0009999971252820125,0.001,False,128.0,128.0,,
train,,,,,,,148.3787202835083,4.0,91.0,1498.0,1.1586216688156128,0.9999991655349731,0.0009999995304454394,0.001,False,128.0,128.0,,
train,,,,,,,148.46493983268738,4.0,92.0,1499.0,1.0551546812057495,0.9999993443489075,0.0010000009985484677,0.001,False,128.0,128.0,,
train,,,,,,,148.55360317230225,4.0,93.0,1500.0,1.0581399202346802,0.9999993443489075,0.0009999990472760354,0.001,False,128.0,128.0,,
train,,,,,,,148.64408349990845,4.0,94.0,1501.0,0.9863753318786621,0.9999992251396179,0.000999998897895374,0.001,False,128.0,128.0,,
train,,,,,,,148.7546489238739,4.0,95.0,1502.0,0.9281397461891174,0.9999992847442627,0.0010000003062138412,0.001,False,128.0,128.0,,
train,,,,,,,148.85758066177368,4.0,96.0,1503.0,1.0100585222244263,0.9999992251396179,0.0010000000330990233,0.001,False,128.0,128.0,,
train,,,,,,,148.94511532783508,4.0,97.0,1504.0,1.0997319221496582,0.9999991655349731,0.001000000463726672,0.001,False,128.0,128.0,,
train,,,,,,,149.0203719139099,4.0,98.0,1505.0,1.022721529006958,0.9999992847442627,0.00099999917348075,0.001,False,128.0,128.0,,
train,,,,,,,149.11782121658325,4.0,99.0,1506.0,1.0033316612243652,0.9999992847442627,0.0009999995513176418,0.001,False,128.0,128.0,,
train,,,,,,,149.20425534248352,4.0,100.0,1507.0,0.9509422779083252,0.9999992847442627,0.000999999158742527,0.001,False,128.0,128.0,,
train,,,,,,,149.30350852012634,4.0,101.0,1508.0,1.0142565965652466,0.9999992251396179,0.0009999997384180434,0.001,False,128.0,128.0,,
train,,,,,,,149.38033366203308,4.0,102.0,1509.0,0.9604417085647583,0.9999993443489075,0.0009999986096811176,0.001,False,128.0,128.0,,
train,,,,,,,149.4588749408722,4.0,103.0,1510.0,1.1171505451202393,0.9999993443489075,0.0010000002325505632,0.001,False,128.0,128.0,,
train,,,,,,,149.55611157417297,4.0,104.0,1511.0,0.9795371890068054,0.9999994039535522,0.0010000003885368498,0.001,False,128.0,128.0,,
train,,,,,,,149.6616768836975,4.0,105.0,1512.0,1.0216842889785767,0.9999993443489075,0.0010000001550015002,0.001,False,128.0,128.0,,
train,,,,,,,149.77943468093872,4.0,106.0,1513.0,0.9510958194732666,0.999999463558197,0.0009999992009310367,0.001,False,128.0,128.0,,
train,,,,,,,149.89657878875732,4.0,107.0,1514.0,1.0162056684494019,0.9999992251396179,0.000999997927586666,0.001,False,128.0,128.0,,
train,,,,,,,149.98423981666565,4.0,108.0,1515.0,0.9525747895240784,0.9999992251396179,0.0009999972148772643,0.001,False,128.0,128.0,,
train,,,,,,,150.09782433509827,4.0,109.0,1516.0,0.9992141723632812,0.9999993443489075,0.000999998562746373,0.001,False,128.0,128.0,,
train,,,,,,,150.23257565498352,4.0,110.0,1517.0,1.032461166381836,0.9999992847442627,0.0009999996549570022,0.001,False,128.0,128.0,,
train,,,,,,,150.3284957408905,4.0,111.0,1518.0,0.9480295777320862,0.9999993443489075,0.000999999323360971,0.001,False,128.0,128.0,,
train,,,,,,,150.41911363601685,4.0,112.0,1519.0,1.0211724042892456,0.9999992847442627,0.0009999978951958416,0.001,False,128.0,128.0,,
train,,,,,,,150.51344418525696,4.0,113.0,1520.0,0.9465212821960449,0.9999992847442627,0.0009999990875216576,0.001,False,128.0,128.0,,
train,,,,,,,150.61720156669617,4.0,114.0,1521.0,0.965061366558075,0.9999993443489075,0.0009999997627041781,0.001,False,128.0,128.0,,
train,,,,,,,150.76143383979797,4.0,115.0,1522.0,1.0273427963256836,0.9999992847442627,0.000999999522507341,0.001,False,128.0,128.0,,
train,,,,,,,150.84971809387207,4.0,116.0,1523.0,0.9977701902389526,0.9999993443489075,0.001000001162417209,0.001,False,128.0,128.0,,
train,,,,,,,150.94804191589355,4.0,117.0,1524.0,1.0327932834625244,0.9999992251396179,0.00099999936305147,0.001,False,128.0,128.0,,
train,,,,,,,151.02754950523376,4.0,118.0,1525.0,0.994215190410614,0.9999991655349731,0.0009999985051257134,0.001,False,128.0,128.0,,
train,,,,,,,151.10981035232544,4.0,119.0,1526.0,0.9901785254478455,0.9999992847442627,0.0010000004315024633,0.001,False,128.0,128.0,,
train,,,,,,,151.20289707183838,4.0,120.0,1527.0,1.002780795097351,0.9999993443489075,0.0009999998001742135,0.001,False,128.0,128.0,,
train,,,,,,,151.28740882873535,4.0,121.0,1528.0,0.9260730743408203,0.9999993443489075,0.0010000001890020744,0.001,False,128.0,128.0,,
train,,,,,,,151.3674132823944,4.0,122.0,1529.0,0.9720960855484009,0.9999992847442627,0.0009999965641457698,0.001,False,128.0,128.0,,
train,,,,,,,151.46639561653137,4.0,123.0,1530.0,1.0088714361190796,0.9999991059303284,0.0009999981341995777,0.001,False,128.0,128.0,,
train,,,,,,,151.5750470161438,4.0,124.0,1531.0,1.0363894701004028,0.9999992251396179,0.0009999972913718408,0.001,False,128.0,128.0,,
train,,,,,,,151.65027356147766,4.0,125.0,1532.0,1.0227670669555664,0.9999993443489075,0.000999999851411015,0.001,False,128.0,128.0,,
train,,,,,,,151.73331117630005,4.0,126.0,1533.0,0.8583317995071411,0.9999992847442627,0.0010000007629038382,0.001,False,128.0,128.0,,
train,,,,,,,151.8478443622589,4.0,127.0,1534.0,0.9517404437065125,0.9999992251396179,0.0010000008866103366,0.001,False,128.0,128.0,,
train,,,,,,,151.96290254592896,4.0,128.0,1535.0,1.0632762908935547,0.9999992847442627,0.0010000017030950474,0.001,False,128.0,128.0,,
train,,,,,,,152.03884553909302,4.0,129.0,1536.0,0.9986958503723145,0.9999994039535522,0.0009999993397367716,0.001,False,128.0,128.0,,
train,,,,,,,152.14639019966125,4.0,130.0,1537.0,1.026719331741333,0.9999992847442627,0.0010000002053501052,0.001,False,128.0,128.0,,
train,,,,,,,152.2223858833313,4.0,131.0,1538.0,1.020604133605957,0.9999992251396179,0.0009999979070752529,0.001,False,128.0,128.0,,
train,,,,,,,152.29509019851685,4.0,132.0,1539.0,0.9804706573486328,0.9999992847442627,0.000999999312342,0.001,False,128.0,128.0,,
train,,,,,,,152.38638997077942,4.0,133.0,1540.0,0.9856662154197693,0.9999992847442627,0.0010000004441590002,0.001,False,128.0,128.0,,
train,,,,,,,152.48486161231995,4.0,134.0,1541.0,0.9832174777984619,0.9999991655349731,0.0009999980589263133,0.001,False,128.0,128.0,,
train,,,,,,,152.58384776115417,4.0,135.0,1542.0,0.9326509237289429,0.9999991059303284,0.0009999985696020099,0.001,False,128.0,128.0,,
train,,,,,,,152.65794944763184,4.0,136.0,1543.0,0.9722470641136169,0.9999992251396179,0.0009999977866157952,0.001,False,128.0,128.0,,
train,,,,,,,152.74084615707397,4.0,137.0,1544.0,1.0341415405273438,0.9999992847442627,0.0009999995074638118,0.001,False,128.0,128.0,,
train,,,,,,,152.84758806228638,4.0,138.0,1545.0,1.011164903640747,0.9999993443489075,0.0009999995383280264,0.001,False,128.0,128.0,,
train,,,,,,,152.94585013389587,4.0,139.0,1546.0,1.0538396835327148,0.9999992251396179,0.0009999987813495768,0.001,False,128.0,128.0,,
train,,,,,,,153.06893706321716,4.0,140.0,1547.0,0.9648850560188293,0.9999992847442627,0.0009999999447252697,0.001,False,128.0,128.0,,
train,,,,,,,153.14522886276245,4.0,141.0,1548.0,0.8737568855285645,0.9999991059303284,0.001000001763435564,0.001,False,128.0,128.0,,
train,,,,,,,153.2234845161438,4.0,142.0,1549.0,0.9161150455474854,0.9999991655349731,0.0009999998121646245,0.001,False,128.0,128.0,,
train,,,,,,,153.31688809394836,4.0,143.0,1550.0,0.9529088139533997,0.9999992251396179,0.0010000007270991723,0.001,False,128.0,128.0,,
train,,,,,,,153.42892932891846,4.0,144.0,1551.0,0.9842237830162048,0.9999992847442627,0.0010000004393850433,0.001,False,128.0,128.0,,
train,,,,,,,153.51763200759888,4.0,145.0,1552.0,0.9524797797203064,0.9999992847442627,0.0009999970768483927,0.001,False,128.0,128.0,,
train,,,,,,,153.5979106426239,4.0,146.0,1553.0,0.9746049046516418,0.9999994039535522,0.0009999982446114574,0.001,False,128.0,128.0,,
train,,,,,,,153.69093537330627,4.0,147.0,1554.0,0.9541653990745544,0.9999991059303284,0.0009999982035608882,0.001,False,128.0,128.0,,
train,,,,,,,153.77156162261963,4.0,148.0,1555.0,0.9329099655151367,0.9999994039535522,0.000999998364682281,0.001,False,128.0,128.0,,
train,,,,,,,153.84281730651855,4.0,149.0,1556.0,0.9427335262298584,0.9999992251396179,0.0009999985676591168,0.001,False,128.0,128.0,,
train,,,,,,,153.93869066238403,4.0,150.0,1557.0,0.9885966181755066,0.9999991655349731,0.0010000006331743684,0.001,False,128.0,128.0,,
train,,,,,,,154.04179859161377,4.0,151.0,1558.0,0.963696300983429,0.9999992251396179,0.0009999990332594563,0.001,False,128.0,128.0,,
train,,,,,,,154.1251561641693,4.0,152.0,1559.0,0.949431300163269,0.9999991655349731,0.0009999970727683112,0.001,False,128.0,128.0,,
train,,,,,,,154.22642397880554,4.0,153.0,1560.0,0.9587942957878113,0.9999993443489075,0.0009999994949460409,0.001,False,128.0,128.0,,
train,,,,,,,154.30598044395447,4.0,154.0,1561.0,1.0057634115219116,0.9999992847442627,0.0009999992725404764,0.001,False,128.0,128.0,,
train,,,,,,,154.40365552902222,4.0,155.0,1562.0,0.9673722386360168,0.9999993443489075,0.0010000000413146735,0.001,False,128.0,128.0,,
train,,,,,,,154.50767946243286,4.0,156.0,1563.0,0.928723156452179,0.9999993443489075,0.0009999999024257692,0.001,False,128.0,128.0,,
train,,,,,,,154.58329033851624,4.0,157.0,1564.0,0.9173028469085693,0.9999992847442627,0.0009999999800858743,0.001,False,128.0,128.0,,
train,,,,,,,154.67166209220886,4.0,158.0,1565.0,0.9270468354225159,0.9999993443489075,0.001000000412739702,0.001,False,128.0,128.0,,
train,,,,,,,154.7544083595276,4.0,159.0,1566.0,0.8774422407150269,0.9999992847442627,0.0009999999572707905,0.001,False,128.0,128.0,,
train,,,,,,,154.83863425254822,4.0,160.0,1567.0,1.0708914995193481,0.9999992251396179,0.000999999300407094,0.001,False,128.0,128.0,,
train,,,,,,,154.951593875885,4.0,161.0,1568.0,0.9363213181495667,0.9999992847442627,0.0009999997319787481,0.001,False,128.0,128.0,,
train,,,,,,,155.03696584701538,4.0,162.0,1569.0,0.9492685198783875,0.999999463558197,0.0010000022129362175,0.001,False,128.0,128.0,,
train,,,,,,,155.14609742164612,4.0,163.0,1570.0,1.0786020755767822,0.9999994039535522,0.001000000006675716,0.001,False,128.0,128.0,,
train,,,,,,,155.2648630142212,4.0,164.0,1571.0,0.9096407294273376,0.9999994039535522,0.000999997924339257,0.001,False,128.0,128.0,,
train,,,,,,,155.3836965560913,4.0,165.0,1572.0,1.0002834796905518,0.9999992251396179,0.0010000010875327503,0.001,False,128.0,128.0,,
train,,,,,,,155.47837162017822,4.0,166.0,1573.0,0.8889548778533936,0.9999991655349731,0.0009999976399272428,0.001,False,128.0,128.0,,
train,,,,,,,155.55697894096375,4.0,167.0,1574.0,0.9832672476768494,0.9999991655349731,0.0009999983453088575,0.001,False,128.0,128.0,,
train,,,,,,,155.66759395599365,4.0,168.0,1575.0,0.99638831615448,0.9999991655349731,0.0010000002906152123,0.001,False,128.0,128.0,,
train,,,,,,,155.77519536018372,4.0,169.0,1576.0,1.027297854423523,0.9999992847442627,0.0010000002369081877,0.001,False,128.0,128.0,,
train,,,,,,,156.23104667663574,4.0,170.0,1577.0,0.9371626973152161,0.9999992251396179,0.0009999996642828788,0.001,False,128.0,128.0,,
train,,,,,,,156.329341173172,4.0,171.0,1578.0,0.9724245071411133,0.9999994039535522,0.0009999997949284086,0.001,False,128.0,128.0,,
train,,,,,,,156.41908288002014,4.0,172.0,1579.0,0.8923088908195496,0.9999991655349731,0.0010000001931931655,0.001,False,128.0,128.0,,
train,,,,,,,156.48894906044006,4.0,173.0,1580.0,0.9002375602722168,0.9999992251396179,0.0010000016365927992,0.001,False,128.0,128.0,,
train,,,,,,,156.56040930747986,4.0,174.0,1581.0,1.012812852859497,0.9999994039535522,0.0009999990328153666,0.001,False,128.0,128.0,,
train,,,,,,,156.64078664779663,4.0,175.0,1582.0,0.9085227251052856,0.9999992251396179,0.0010000001946919663,0.001,False,128.0,128.0,,
train,,,,,,,156.74543046951294,4.0,176.0,1583.0,0.8923913836479187,0.9999993443489075,0.0009999999856092339,0.001,False,128.0,128.0,,
train,,,,,,,156.84782028198242,4.0,177.0,1584.0,1.0338307619094849,0.9999993443489075,0.0009999998152177383,0.001,False,128.0,128.0,,
train,,,,,,,156.93409657478333,4.0,178.0,1585.0,0.9110339879989624,0.9999992251396179,0.0009999984907760593,0.001,False,128.0,128.0,,
train,,,,,,,157.03037905693054,4.0,179.0,1586.0,0.9104622006416321,0.9999992847442627,0.0010000000882215932,0.001,False,128.0,128.0,,
train,,,,,,,157.12215375900269,4.0,180.0,1587.0,1.0033704042434692,0.9999991655349731,0.0009999996018328107,0.001,False,128.0,128.0,,
train,,,,,,,157.21614456176758,4.0,181.0,1588.0,0.9330460429191589,0.9999991655349731,0.0010000008136965015,0.001,False,128.0,128.0,,
train,,,,,,,157.30249977111816,4.0,182.0,1589.0,1.0032705068588257,0.9999992251396179,0.0009999984634090201,0.001,False,128.0,128.0,,
train,,,,,,,157.41612720489502,4.0,183.0,1590.0,0.911759614944458,0.9999992251396179,0.0009999995267817017,0.001,False,128.0,128.0,,
train,,,,,,,157.52134656906128,4.0,184.0,1591.0,0.9149956703186035,0.9999992251396179,0.0010000004886234115,0.001,False,128.0,128.0,,
train,,,,,,,157.6016447544098,4.0,185.0,1592.0,0.877251148223877,0.9999992251396179,0.0009999997438303822,0.001,False,128.0,128.0,,
train,,,,,,,157.68367910385132,4.0,186.0,1593.0,0.9211671948432922,0.9999991655349731,0.0009999986822898017,0.001,False,128.0,128.0,,
train,,,,,,,157.76388835906982,4.0,187.0,1594.0,0.9691904783248901,0.9999994039535522,0.0009999986396016694,0.001,False,128.0,128.0,,
train,,,,,,,157.84766101837158,4.0,188.0,1595.0,0.8820877075195312,0.9999994039535522,0.000999998432322727,0.001,False,128.0,128.0,,
train,,,,,,,157.92367887496948,4.0,189.0,1596.0,0.9479745626449585,0.999999463558197,0.0010000001925547872,0.001,False,128.0,128.0,,
train,,,,,,,158.00267052650452,4.0,190.0,1597.0,1.0064468383789062,0.9999992847442627,0.0009999982675653583,0.001,False,128.0,128.0,,
train,,,,,,,158.0815007686615,4.0,191.0,1598.0,0.9789278507232666,0.9999992251396179,0.0009999985808707896,0.001,False,128.0,128.0,,
train,,,,,,,158.16911506652832,4.0,192.0,1599.0,0.9438748955726624,0.9999994039535522,0.0010000000500299238,0.001,False,128.0,128.0,,
train,,,,,,,158.25276827812195,4.0,193.0,1600.0,0.9928568005561829,0.9999992847442627,0.0010000006284559234,0.001,False,128.0,128.0,,
train,,,,,,,158.33686232566833,4.0,194.0,1601.0,0.974793553352356,0.9999992847442627,0.0009999997155751984,0.001,False,128.0,128.0,,
train,,,,,,,158.42121124267578,4.0,195.0,1602.0,0.9081300497055054,0.9999991059303284,0.0009999988496561293,0.001,False,128.0,128.0,,
train,,,,,,,158.5058662891388,4.0,196.0,1603.0,1.0025540590286255,0.9999993443489075,0.000999998977526205,0.001,False,128.0,128.0,,
train,,,,,,,158.61573147773743,4.0,197.0,1604.0,0.92838454246521,0.9999993443489075,0.0009999983457529473,0.001,False,128.0,128.0,,
train,,,,,,,158.71977710723877,4.0,198.0,1605.0,0.960666298866272,0.9999991655349731,0.0010000004092980122,0.001,False,128.0,128.0,,
train,,,,,,,158.79782128334045,4.0,199.0,1606.0,0.924882173538208,0.9999992251396179,0.0010000003887588942,0.001,False,128.0,128.0,,
train,,,,,,,158.88463687896729,4.0,200.0,1607.0,0.9878314733505249,0.9999991655349731,0.0009999996152665147,0.001,False,128.0,128.0,,
train,,,,,,,158.96861934661865,4.0,201.0,1608.0,0.9321458339691162,0.9999993443489075,0.0010000003359122976,0.001,False,128.0,128.0,,
train,,,,,,,159.05190706253052,4.0,202.0,1609.0,0.9490253329277039,0.9999991655349731,0.001000000466974073,0.001,False,128.0,128.0,,
train,,,,,,,159.16167521476746,4.0,203.0,1610.0,0.8257775902748108,0.9999992847442627,0.000999999119801421,0.001,False,128.0,128.0,,
train,,,,,,,159.41841650009155,4.0,204.0,1611.0,0.9473878741264343,0.9999992251396179,0.0009999997832433089,0.001,False,128.0,128.0,,
train,,,,,,,159.50469064712524,4.0,205.0,1612.0,0.8941838145256042,0.9999992251396179,0.0009999999836663436,0.001,False,128.0,128.0,,
train,,,,,,,159.58801913261414,4.0,206.0,1613.0,0.9718958735466003,0.9999992847442627,0.0009999989351156412,0.001,False,128.0,128.0,,
train,,,,,,,159.6601917743683,4.0,207.0,1614.0,1.0092746019363403,0.9999993443489075,0.0009999995946441138,0.001,False,128.0,128.0,,
train,,,,,,,159.73726320266724,4.0,208.0,1615.0,0.9224249720573425,0.9999992251396179,0.0009999989586246384,0.001,False,128.0,128.0,,
train,,,,,,,159.8218216896057,4.0,209.0,1616.0,0.9556014537811279,0.9999993443489075,0.0009999992017637046,0.001,False,128.0,128.0,,
train,,,,,,,159.90515613555908,4.0,210.0,1617.0,0.9196853637695312,0.9999993443489075,0.0010000014468559768,0.001,False,128.0,128.0,,
train,,,,,,,159.99133896827698,4.0,211.0,1618.0,0.9894903898239136,0.9999992251396179,0.0009999997219589827,0.001,False,128.0,128.0,,
train,,,,,,,160.06979298591614,4.0,212.0,1619.0,0.9351595044136047,0.9999991655349731,0.0010000005939835195,0.001,False,128.0,128.0,,
train,,,,,,,160.14823365211487,4.0,213.0,1620.0,1.1225261688232422,0.9999992847442627,0.0009999992048445759,0.001,False,128.0,128.0,,
train,,,,,,,160.22127485275269,4.0,214.0,1621.0,0.9867432713508606,0.9999992251396179,0.0009999984627428852,0.001,False,128.0,128.0,,
train,,,,,,,160.31621384620667,4.0,215.0,1622.0,0.9301062822341919,0.9999992847442627,0.0009999999429489126,0.001,False,128.0,128.0,,
train,,,,,,,160.39861798286438,4.0,216.0,1623.0,0.8914159536361694,0.9999993443489075,0.0009999988484348825,0.001,False,128.0,128.0,,
train,,,,,,,160.4748191833496,4.0,217.0,1624.0,0.9314349293708801,0.9999992251396179,0.001000002068052423,0.001,False,128.0,128.0,,
train,,,,,,,160.54714059829712,4.0,218.0,1625.0,0.8599386811256409,0.9999992251396179,0.0010000002686605582,0.001,False,128.0,128.0,,
train,,,,,,,160.6329164505005,4.0,219.0,1626.0,0.9965745806694031,0.9999991655349731,0.0009999971167055151,0.001,False,128.0,128.0,,
train,,,,,,,160.71924114227295,4.0,220.0,1627.0,0.970097541809082,0.9999992251396179,0.0009999997109122604,0.001,False,128.0,128.0,,
train,,,,,,,160.80261707305908,4.0,221.0,1628.0,0.9030829668045044,0.9999992847442627,0.0009999976884718577,0.001,False,128.0,128.0,,
train,,,,,,,160.8916163444519,4.0,222.0,1629.0,0.9313603639602661,0.9999991655349731,0.0009999988492120394,0.001,False,128.0,128.0,,
train,,,,,,,160.98169207572937,4.0,223.0,1630.0,0.9144174456596375,0.9999992847442627,0.0009999984006813208,0.001,False,128.0,128.0,,
train,,,,,,,161.07128977775574,4.0,224.0,1631.0,0.963922917842865,0.9999991655349731,0.0009999982104165275,0.001,False,128.0,128.0,,
train,,,,,,,161.1600890159607,4.0,225.0,1632.0,0.9654077291488647,0.9999992847442627,0.000999999592284889,0.001,False,128.0,128.0,,
train,,,,,,,161.2842402458191,4.0,226.0,1633.0,0.958976149559021,0.9999992251396179,0.000999999183916855,0.001,False,128.0,128.0,,
train,,,,,,,161.36082077026367,4.0,227.0,1634.0,0.987411379814148,0.9999992251396179,0.0009999999900778818,0.001,False,128.0,128.0,,
train,,,,,,,161.445885181427,4.0,228.0,1635.0,0.8946559429168701,0.9999993443489075,0.0009999987452672839,0.001,False,128.0,128.0,,
train,,,,,,,161.5323965549469,4.0,229.0,1636.0,0.8963367342948914,0.9999992251396179,0.000999999018965321,0.001,False,128.0,128.0,,
train,,,,,,,161.64189767837524,4.0,230.0,1637.0,0.9574927091598511,0.9999993443489075,0.0009999982431404093,0.001,False,128.0,128.0,,
train,,,,,,,161.74415755271912,4.0,231.0,1638.0,0.842634379863739,0.9999992847442627,0.0009999977091775648,0.001,False,128.0,128.0,,
train,,,,,,,161.84409022331238,4.0,232.0,1639.0,0.9036374092102051,0.9999992251396179,0.0009999988243430148,0.001,False,128.0,128.0,,
train,,,,,,,161.94207000732422,4.0,233.0,1640.0,0.9518573880195618,0.9999992251396179,0.001000000564340582,0.001,False,128.0,128.0,,
train,,,,,,,162.05425453186035,4.0,234.0,1641.0,0.8913561701774597,0.9999994039535522,0.0009999983664586408,0.001,False,128.0,128.0,,
train,,,,,,,162.1632115840912,4.0,235.0,1642.0,1.0079576969146729,0.9999991655349731,0.0009999992287976565,0.001,False,128.0,128.0,,
train,,,,,,,162.25767636299133,4.0,236.0,1643.0,0.965347945690155,0.9999994039535522,0.000999996945536372,0.001,False,128.0,128.0,,
train,,,,,,,162.62057399749756,4.0,237.0,1644.0,0.9241539835929871,0.9999992251396179,0.0009999993965802262,0.001,False,128.0,128.0,,
train,,,,,,,162.6928939819336,4.0,238.0,1645.0,0.8720177412033081,0.9999992847442627,0.0010000003952536965,0.001,False,128.0,128.0,,
train,,,,,,,162.7680149078369,4.0,239.0,1646.0,0.9595136046409607,0.9999993443489075,0.0009999998146071156,0.001,False,128.0,128.0,,
train,,,,,,,162.8525059223175,4.0,240.0,1647.0,0.9258821606636047,0.9999993443489075,0.0010000003837628926,0.001,False,128.0,128.0,,
train,,,,,,,162.94018578529358,4.0,241.0,1648.0,0.8588059544563293,0.9999992847442627,0.0009999991018713032,0.001,False,128.0,128.0,,
train,,,,,,,163.03468871116638,4.0,242.0,1649.0,0.9731477499008179,0.9999991655349731,0.0010000000345423133,0.001,False,128.0,128.0,,
train,,,,,,,163.15509223937988,4.0,243.0,1650.0,0.8555122017860413,0.9999993443489075,0.0010000004240639721,0.001,False,128.0,128.0,,
train,,,,,,,163.22866678237915,4.0,244.0,1651.0,0.8854495286941528,0.9999992847442627,0.000999998170850883,0.001,False,128.0,128.0,,
train,,,,,,,163.30368280410767,4.0,245.0,1652.0,1.020198106765747,0.9999991059303284,0.0009999977087334748,0.001,False,128.0,128.0,,
train,,,,,,,163.38165068626404,4.0,246.0,1653.0,0.8805339932441711,0.9999992251396179,0.0009999968582448163,0.001,False,128.0,128.0,,
train,,,,,,,163.46522402763367,4.0,247.0,1654.0,1.0003044605255127,0.9999992847442627,0.000999999013081133,0.001,False,128.0,128.0,,
train,,,,,,,163.56133913993835,4.0,248.0,1655.0,0.9744988083839417,0.9999992251396179,0.0010000001609411923,0.001,False,128.0,128.0,,
train,,,,,,,163.6489794254303,4.0,249.0,1656.0,0.947210967540741,0.9999992847442627,0.0010000008150565236,0.001,False,128.0,128.0,,
train,,,,,,,163.7214002609253,4.0,250.0,1657.0,0.9005743265151978,0.9999992847442627,0.0010000002178956226,0.001,False,128.0,128.0,,
train,,,,,,,163.81670784950256,4.0,251.0,1658.0,0.93117356300354,0.9999992847442627,0.000999998771302046,0.001,False,128.0,128.0,,
train,,,,,,,163.90956783294678,4.0,252.0,1659.0,0.9467702507972717,0.9999992847442627,0.0010000012538439647,0.001,False,128.0,128.0,,
train,,,,,,,164.0040464401245,4.0,253.0,1660.0,0.9476577043533325,0.9999992251396179,0.0009999981242908185,0.001,False,128.0,128.0,,
train,,,,,,,164.09509468078613,4.0,254.0,1661.0,0.8956193923950195,0.9999992251396179,0.0009999997333387718,0.001,False,128.0,128.0,,
train,,,,,,,164.16748690605164,4.0,255.0,1662.0,0.8344755172729492,0.9999992251396179,0.000999999667280482,0.001,False,128.0,128.0,,
train,,,,,,,164.2707130908966,4.0,256.0,1663.0,0.8675388693809509,0.9999991655349731,0.0010000006739472823,0.001,False,128.0,128.0,,
train,,,,,,,164.3585090637207,4.0,257.0,1664.0,0.9323845505714417,0.9999992847442627,0.001000001152147658,0.001,False,128.0,128.0,,
train,,,,,,,164.4371259212494,4.0,258.0,1665.0,1.0517672300338745,0.9999992251396179,0.0009999999350663287,0.001,False,128.0,128.0,,
train,,,,,,,164.5319583415985,4.0,259.0,1666.0,0.9816335439682007,0.999999463558197,0.0009999978538399459,0.001,False,128.0,128.0,,
train,,,,,,,164.60333919525146,4.0,260.0,1667.0,0.9226991534233093,0.9999991655349731,0.0009999983181361034,0.001,False,128.0,128.0,,
train,,,,,,,164.68010544776917,4.0,261.0,1668.0,0.9133381843566895,0.9999992847442627,0.0009999986514533162,0.001,False,128.0,128.0,,
train,,,,,,,164.76678109169006,4.0,262.0,1669.0,0.9768391251564026,0.9999992847442627,0.0009999995774078942,0.001,False,128.0,128.0,,
train,,,,,,,164.8791937828064,4.0,263.0,1670.0,0.9771442413330078,0.9999994039535522,0.0010000000716237603,0.001,False,128.0,128.0,,
train,,,,,,,164.95116758346558,4.0,264.0,1671.0,0.9357993006706238,0.9999991655349731,0.0009999992030127064,0.001,False,128.0,128.0,,
train,,,,,,,165.04970455169678,4.0,265.0,1672.0,1.0702121257781982,0.9999992251396179,0.0010000021068268812,0.001,False,128.0,128.0,,
train,,,,,,,165.12970900535583,4.0,266.0,1673.0,0.9063572287559509,0.9999994039535522,0.0010000004945631019,0.001,False,128.0,128.0,,
train,,,,,,,165.21884679794312,4.0,267.0,1674.0,0.8971855044364929,0.9999991655349731,0.0010000004452692228,0.001,False,128.0,128.0,,
train,,,,,,,165.29506850242615,4.0,268.0,1675.0,0.9699947237968445,0.9999992251396179,0.0009999996217613218,0.001,False,128.0,128.0,,
train,,,,,,,165.36738538742065,4.0,269.0,1676.0,0.9402052760124207,0.9999992847442627,0.0009999998953480968,0.001,False,128.0,128.0,,
train,,,,,,,165.43738532066345,4.0,270.0,1677.0,0.9727067947387695,0.9999992251396179,0.0009999984535835312,0.001,False,128.0,128.0,,
train,,,,,,,165.50694942474365,4.0,271.0,1678.0,0.8872644901275635,0.9999991059303284,0.0009999996819631863,0.001,False,128.0,128.0,,
train,,,,,,,165.58250951766968,4.0,272.0,1679.0,0.8679542541503906,0.9999994039535522,0.000999998964342293,0.001,False,128.0,128.0,,
train,,,,,,,165.66224360466003,4.0,273.0,1680.0,0.887406587600708,0.9999993443489075,0.0009999983856377747,0.001,False,128.0,128.0,,
train,,,,,,,165.7385959625244,4.0,274.0,1681.0,0.9081094264984131,0.9999992251396179,0.0010000005127707504,0.001,False,128.0,128.0,,
train,,,,,,,165.832941532135,4.0,275.0,1682.0,0.9045591950416565,0.9999993443489075,0.000999999127906056,0.001,False,128.0,128.0,,
train,,,,,,,165.91041588783264,4.0,276.0,1683.0,0.8817375302314758,0.9999992251396179,0.0010000016225762563,0.001,False,128.0,128.0,,
train,,,,,,,165.98863053321838,4.0,277.0,1684.0,0.8961833715438843,0.9999993443489075,0.000999999804448573,0.001,False,128.0,128.0,,
train,,,,,,,166.07507252693176,4.0,278.0,1685.0,0.9867627024650574,0.9999991655349731,0.0009999999335120165,0.001,False,128.0,128.0,,
train,,,,,,,166.16549849510193,4.0,279.0,1686.0,0.9288465976715088,0.9999994039535522,0.0010000003088783756,0.001,False,128.0,128.0,,
train,,,,,,,166.26434755325317,4.0,280.0,1687.0,0.8962917327880859,0.9999993443489075,0.0009999980644219279,0.001,False,128.0,128.0,,
train,,,,,,,166.4032392501831,4.0,281.0,1688.0,0.8767401576042175,0.9999991059303284,0.0009999985895860527,0.001,False,128.0,128.0,,
train,,,,,,,166.4873492717743,4.0,282.0,1689.0,0.9116795659065247,0.9999992251396179,0.0009999998380883367,0.001,False,128.0,128.0,,
train,,,,,,,166.6014564037323,4.0,283.0,1690.0,0.8941733241081238,0.9999992847442627,0.0009999997298970795,0.001,False,128.0,128.0,,
train,,,,,,,166.68324613571167,4.0,284.0,1691.0,0.9361994862556458,0.9999992251396179,0.0010000015743648987,0.001,False,128.0,128.0,,
train,,,,,,,166.7579460144043,4.0,285.0,1692.0,0.8648508787155151,0.9999992847442627,0.000999998387219845,0.001,False,128.0,128.0,,
train,,,,,,,166.83420181274414,4.0,286.0,1693.0,0.8610474467277527,0.9999991655349731,0.0009999999330679273,0.001,False,128.0,128.0,,
train,,,,,,,166.92209100723267,4.0,287.0,1694.0,0.8939560651779175,0.9999991655349731,0.0009999992630758182,0.001,False,128.0,128.0,,
train,,,,,,,167.01063632965088,4.0,288.0,1695.0,0.9645969271659851,0.9999992847442627,0.0010000014755552002,0.001,False,128.0,128.0,,
train,,,,,,,167.10658359527588,4.0,289.0,1696.0,0.9130706787109375,0.9999992847442627,0.0009999998688692744,0.001,False,128.0,128.0,,
train,,,,,,,167.18506741523743,4.0,290.0,1697.0,0.954979658126831,0.9999992251396179,0.0009999987691926197,0.001,False,128.0,128.0,,
train,,,,,,,167.28971529006958,4.0,291.0,1698.0,0.9910173416137695,0.9999992847442627,0.0010000002260835156,0.001,False,128.0,128.0,,
train,,,,,,,167.37714409828186,4.0,292.0,1699.0,0.8829836845397949,0.9999991655349731,0.000999998898034152,0.001,False,128.0,128.0,,
train,,,,,,,167.4623806476593,4.0,293.0,1700.0,0.8848938941955566,0.9999992847442627,0.0009999997113008387,0.001,False,128.0,128.0,,
train,,,,,,,167.54270935058594,4.0,294.0,1701.0,0.8929279446601868,0.9999992847442627,0.0009999999813903864,0.001,False,128.0,128.0,,
train,,,,,,,167.82772517204285,4.0,295.0,1702.0,1.0363030433654785,0.9999994039535522,0.000999999545988569,0.001,False,128.0,128.0,,
train,,,,,,,167.9190809726715,4.0,296.0,1703.0,0.8728250861167908,0.9999992847442627,0.0010000000153909665,0.001,False,128.0,128.0,,
train,,,,,,,167.99109745025635,4.0,297.0,1704.0,0.9696829915046692,0.9999991655349731,0.0009999981966219817,0.001,False,128.0,128.0,,
train,,,,,,,168.06802463531494,4.0,298.0,1705.0,0.8680303692817688,0.9999992251396179,0.0009999992070927792,0.001,False,128.0,128.0,,
train,,,,,,,168.15115213394165,4.0,299.0,1706.0,0.8955748081207275,0.9999992251396179,0.0009999998668153616,0.001,False,128.0,128.0,,
train,,,,,,,168.23937058448792,4.0,300.0,1707.0,0.9796022176742554,0.9999993443489075,0.0009999980223166372,0.001,False,128.0,128.0,,
train,,,,,,,168.32001495361328,4.0,301.0,1708.0,0.9668751955032349,0.9999992847442627,0.000999999006364277,0.001,False,128.0,128.0,,
train,,,,,,,168.3956093788147,4.0,302.0,1709.0,1.0032891035079956,0.9999992251396179,0.0009999987793234172,0.001,False,128.0,128.0,,
train,,,,,,,168.4681739807129,4.0,303.0,1710.0,0.9152935147285461,0.9999991655349731,0.0009999976415648254,0.001,False,128.0,128.0,,
train,,,,,,,168.5423538684845,4.0,304.0,1711.0,0.9228777289390564,0.9999992251396179,0.0010000015102218623,0.001,False,128.0,128.0,,
train,,,,,,,168.6139850616455,4.0,305.0,1712.0,0.9264286756515503,0.9999991655349731,0.0009999982541871477,0.001,False,128.0,128.0,,
train,,,,,,,168.68675541877747,4.0,306.0,1713.0,0.8680821657180786,0.9999992251396179,0.000999998353996367,0.001,False,128.0,128.0,,
train,,,,,,,168.7695415019989,4.0,307.0,1714.0,0.9145081043243408,0.9999992847442627,0.0009999981552105874,0.001,False,128.0,128.0,,
train,,,,,,,168.83811140060425,4.0,308.0,1715.0,0.9215311408042908,0.9999992847442627,0.0009999992221363131,0.001,False,128.0,128.0,,
train,,,,,,,168.90762948989868,4.0,309.0,1716.0,0.9159581661224365,0.9999992847442627,0.0009999999777821616,0.001,False,128.0,128.0,,
train,,,,,,,168.98354935646057,4.0,310.0,1717.0,0.8930350542068481,0.9999992251396179,0.0009999998220733667,0.001,False,128.0,128.0,,
train,,,,,,,169.07974410057068,4.0,311.0,1718.0,0.8586593866348267,0.9999991655349731,0.0009999995869558163,0.001,False,128.0,128.0,,
train,,,,,,,169.16851353645325,4.0,312.0,1719.0,0.89938884973526,0.9999992847442627,0.001000000589875697,0.001,False,128.0,128.0,,
train,,,,,,,169.2646722793579,4.0,313.0,1720.0,0.9181709289550781,0.9999991655349731,0.000999999480596401,0.001,False,128.0,128.0,,
train,,,,,,,169.37640643119812,4.0,314.0,1721.0,0.8932656645774841,0.9999994039535522,0.001000001981482958,0.001,False,128.0,128.0,,
train,,,,,,,169.45454692840576,4.0,315.0,1722.0,0.8011831641197205,0.9999992847442627,0.0009999994756003947,0.001,False,128.0,128.0,,
train,,,,,,,169.5321397781372,4.0,316.0,1723.0,0.919449508190155,0.9999993443489075,0.0010000003766852236,0.001,False,128.0,128.0,,
train,,,,,,,169.60035347938538,4.0,317.0,1724.0,0.9169570207595825,0.9999992251396179,0.0010000003566457054,0.001,False,128.0,128.0,,
train,,,,,,,169.6693778038025,4.0,318.0,1725.0,0.82396399974823,0.9999992847442627,0.0009999983202732864,0.001,False,128.0,128.0,,
train,,,,,,,169.7397313117981,4.0,319.0,1726.0,0.9079216122627258,0.9999991655349731,0.0010000014542944603,0.001,False,128.0,128.0,,
train,,,,,,,169.8203113079071,4.0,320.0,1727.0,0.8685051798820496,0.9999992847442627,0.001000001144709172,0.001,False,128.0,128.0,,
train,,,,,,,169.92687463760376,4.0,321.0,1728.0,0.8607081174850464,0.9999993443489075,0.0009999986042965284,0.001,False,128.0,128.0,,
train,,,,,,,169.9949231147766,4.0,322.0,1729.0,0.9129176139831543,0.9999992847442627,0.0009999978120399584,0.001,False,128.0,128.0,,
train,,,,,,,170.10381412506104,4.0,323.0,1730.0,0.8190633058547974,0.9999991655349731,0.000999998016099376,0.001,False,128.0,128.0,,
train,,,,,,,170.2002854347229,4.0,324.0,1731.0,0.9213910698890686,0.9999991059303284,0.0010000006328413015,0.001,False,128.0,128.0,,
train,,,,,,,170.30764198303223,4.0,325.0,1732.0,0.8859274387359619,0.9999991059303284,0.001000001614083064,0.001,False,128.0,128.0,,
train,,,,,,,170.40696048736572,4.0,326.0,1733.0,0.8865191340446472,0.9999992847442627,0.0009999978151208342,0.001,False,128.0,128.0,,
train,,,,,,,170.48660230636597,4.0,327.0,1734.0,0.9123703241348267,0.9999992251396179,0.0010000000956045757,0.001,False,128.0,128.0,,
train,,,,,,,170.57749199867249,4.0,328.0,1735.0,0.8545297980308533,0.9999993443489075,0.0009999971023003297,0.001,False,128.0,128.0,,
train,,,,,,,170.6517071723938,4.0,329.0,1736.0,0.919276237487793,0.9999992847442627,0.000999999690206595,0.001,False,128.0,128.0,,
train,,,,,,,170.72021889686584,4.0,330.0,1737.0,0.9403088688850403,0.9999991655349731,0.000999998929370231,0.001,False,128.0,128.0,,
train,,,,,,,170.80162978172302,4.0,331.0,1738.0,0.9067425727844238,0.9999992847442627,0.0009999994744624154,0.001,False,128.0,128.0,,
train,,,,,,,170.8935191631317,4.0,332.0,1739.0,0.9270433187484741,0.9999993443489075,0.0010000019565307445,0.001,False,128.0,128.0,,
train,,,,,,,171.01540756225586,4.0,333.0,1740.0,0.9047985672950745,0.9999992251396179,0.0009999998684529408,0.001,False,128.0,128.0,,
train,,,,,,,171.1591989994049,4.0,334.0,1741.0,0.8796515464782715,0.9999992251396179,0.0009999980162936654,0.001,False,128.0,128.0,,
train,,,,,,,171.41686248779297,4.0,335.0,1742.0,0.8148313164710999,0.9999992251396179,0.0009999990681204924,0.001,False,128.0,128.0,,
train,,,,,,,171.49974036216736,4.0,336.0,1743.0,0.9105560779571533,0.9999992847442627,0.0009999993463703585,0.001,False,128.0,128.0,,
train,,,,,,,171.60398316383362,4.0,337.0,1744.0,0.8188366293907166,0.9999992847442627,0.001000000124220571,0.001,False,128.0,128.0,,
train,,,,,,,171.7355387210846,4.0,338.0,1745.0,0.8257232904434204,0.9999993443489075,0.0010000004046905884,0.001,False,128.0,128.0,,
train,,,,,,,171.8389229774475,4.0,339.0,1746.0,0.8390348553657532,0.9999993443489075,0.0009999992169460164,0.001,False,128.0,128.0,,
train,,,,,,,171.92308139801025,4.0,340.0,1747.0,0.8496245741844177,0.9999991655349731,0.0009999993597485546,0.001,False,128.0,128.0,,
train,,,,,,,171.99930620193481,4.0,341.0,1748.0,0.8814371824264526,0.9999991655349731,0.0009999989528514728,0.001,False,128.0,128.0,,
train,,,,,,,172.11431312561035,4.0,342.0,1749.0,0.8640882968902588,0.9999991655349731,0.0010000003704402215,0.001,False,128.0,128.0,,
train,,,,,,,172.22022032737732,4.0,343.0,1750.0,0.8964599370956421,0.9999993443489075,0.001000002188039521,0.001,False,128.0,128.0,,
train,,,,,,,172.30319046974182,4.0,344.0,1751.0,0.9693272709846497,0.9999992847442627,0.000999999543879144,0.001,False,128.0,128.0,,
train,,,,,,,172.37153506278992,4.0,345.0,1752.0,0.8624386191368103,0.9999993443489075,0.0010000001547517,0.001,False,128.0,128.0,,
train,,,,,,,172.46448469161987,4.0,346.0,1753.0,0.8866883516311646,0.9999991655349731,0.001000000394781852,0.001,False,128.0,128.0,,
train,,,,,,,172.549054145813,4.0,347.0,1754.0,0.845582902431488,0.9999992251396179,0.000999997925532749,0.001,False,128.0,128.0,,
train,,,,,,,172.63168787956238,4.0,348.0,1755.0,0.9507868885993958,0.9999991655349731,0.0009999985814814131,0.001,False,128.0,128.0,,
train,,,,,,,172.71666717529297,4.0,349.0,1756.0,0.8877567648887634,0.9999992847442627,0.001000000420122682,0.001,False,128.0,128.0,,
train,,,,,,,172.86520957946777,4.0,350.0,1757.0,0.9134934544563293,0.9999993443489075,0.0009999987794899509,0.001,False,128.0,128.0,,
train,,,,,,,172.94577145576477,4.0,351.0,1758.0,0.9163706302642822,0.9999992847442627,0.0010000007557429051,0.001,False,128.0,128.0,,
train,,,,,,,173.02308678627014,4.0,352.0,1759.0,0.9253899455070496,0.9999991655349731,0.0009999984427033286,0.001,False,128.0,128.0,,
train,,,,,,,173.098215341568,4.0,353.0,1760.0,0.9597232341766357,0.9999992251396179,0.0010000001901678084,0.001,False,128.0,128.0,,
train,,,,,,,173.19019985198975,4.0,354.0,1761.0,0.8901424407958984,0.9999990463256836,0.001000000117725767,0.001,False,128.0,128.0,,
train,,,,,,,173.29202008247375,4.0,355.0,1762.0,0.9351435899734497,0.9999991655349731,0.001000000866737362,0.001,False,128.0,128.0,,
train,,,,,,,173.40637803077698,4.0,356.0,1763.0,0.8297572731971741,0.9999992251396179,0.0009999986160093976,0.001,False,128.0,128.0,,
train,,,,,,,173.47974252700806,4.0,357.0,1764.0,0.8836386203765869,0.9999992251396179,0.0009999995903142423,0.001,False,128.0,128.0,,
train,,,,,,,173.5534908771515,4.0,358.0,1765.0,0.9519356489181519,0.9999992847442627,0.0009999989202386368,0.001,False,128.0,128.0,,
train,,,,,,,173.63929200172424,4.0,359.0,1766.0,0.8907478451728821,0.9999991655349731,0.0009999984734010425,0.001,False,128.0,128.0,,
train,,,,,,,173.74768662452698,4.0,360.0,1767.0,0.9181774258613586,0.9999994039535522,0.0009999978894504253,0.001,False,128.0,128.0,,
train,,,,,,,173.8357195854187,4.0,361.0,1768.0,0.8730353713035583,0.9999991059303284,0.0010000000010135786,0.001,False,128.0,128.0,,
train,,,,,,,173.93613576889038,4.0,362.0,1769.0,0.7766446471214294,0.9999991655349731,0.0009999986819012232,0.001,False,128.0,128.0,,
train,,,,,,,174.02540135383606,4.0,363.0,1770.0,0.9329002499580383,0.9999992847442627,0.00099999817791469,0.001,False,128.0,128.0,,
train,,,,,,,174.13313841819763,4.0,364.0,1771.0,0.8222460746765137,0.9999991059303284,0.0009999990703964516,0.001,False,128.0,128.0,,
train,,,,,,,174.21590733528137,4.0,365.0,1772.0,0.8305688500404358,0.9999991655349731,0.0010000013906232604,0.001,False,128.0,128.0,,
train,,,,,,,174.30686450004578,4.0,366.0,1773.0,0.7984243631362915,0.9999991655349731,0.0009999978106521765,0.001,False,128.0,128.0,,
train,,,,,,,174.38689541816711,4.0,367.0,1774.0,0.7907732129096985,0.9999992847442627,0.0009999997868515343,0.001,False,128.0,128.0,,
train,,,,,,,174.4712507724762,4.0,368.0,1775.0,0.8400449156761169,0.9999991655349731,0.0009999995481812603,0.001,False,128.0,128.0,,
train,,,,,,,174.5565128326416,4.0,369.0,1776.0,0.8347663879394531,0.9999991655349731,0.000999998230150777,0.001,False,128.0,128.0,,
train,,,,,,,174.64659643173218,4.0,370.0,1777.0,0.8159992694854736,0.9999992251396179,0.0009999968703462852,0.001,False,128.0,128.0,,
train,,,,,,,174.72588562965393,4.0,371.0,1778.0,0.9149246215820312,0.9999992251396179,0.000999999617459206,0.001,False,128.0,128.0,,
train,,,,,,,174.81367421150208,4.0,372.0,1779.0,0.9168413877487183,0.9999992251396179,0.0009999993591379315,0.001,False,128.0,128.0,,
train,,,,,,,174.90766191482544,4.0,373.0,1780.0,0.8620421886444092,0.9999992251396179,0.0009999992825602464,0.001,False,128.0,128.0,,
train,,,,,,,174.99658632278442,4.0,374.0,1781.0,0.8915490508079529,0.9999992251396179,0.0010000006361719686,0.001,False,128.0,128.0,,
train,,,,,,,175.0711669921875,4.0,375.0,1782.0,0.8993720412254333,0.9999993443489075,0.0009999990150795365,0.001,False,128.0,128.0,,
train,,,,,,,175.16151022911072,4.0,376.0,1783.0,0.776984691619873,0.9999994039535522,0.000999998763613742,0.001,False,128.0,128.0,,
train,,,,,,,175.25579190254211,4.0,377.0,1784.0,0.8358669281005859,0.9999991655349731,0.0009999967003705937,0.001,False,128.0,128.0,,
train,,,,,,,175.3633840084076,4.0,378.0,1785.0,0.8657730221748352,0.9999991059303284,0.000999999357805663,0.001,False,128.0,128.0,,
train,,,,,,,175.45292949676514,4.0,379.0,1786.0,0.8721417784690857,0.9999991059303284,0.00099999808657092,0.001,False,128.0,128.0,,
train,,,,,,,175.53280353546143,4.0,380.0,1787.0,0.8644843101501465,0.9999993443489075,0.0009999992433415892,0.001,False,128.0,128.0,,
train,,,,,,,175.61061811447144,4.0,381.0,1788.0,0.8346695303916931,0.9999991059303284,0.0009999995663056592,0.001,False,128.0,128.0,,
train,,,,,,,175.69006848335266,4.0,382.0,1789.0,0.9604039788246155,0.9999991655349731,0.0009999995515951976,0.001,False,128.0,128.0,,
train,,,,,,,175.76716947555542,4.0,383.0,1790.0,0.8404700756072998,0.9999991655349731,0.0009999995418252306,0.001,False,128.0,128.0,,
train,,,,,,,175.84382581710815,4.0,384.0,1791.0,0.8155822157859802,0.9999991655349731,0.0010000001947474773,0.001,False,128.0,128.0,,
train,,,,,,,175.91764950752258,4.0,385.0,1792.0,0.8889721632003784,0.9999992251396179,0.0009999976723735866,0.001,False,128.0,128.0,,
train,,,,,,,176.02069330215454,4.0,386.0,1793.0,0.8855908513069153,0.9999992847442627,0.0009999989164361188,0.001,False,128.0,128.0,,
train,,,,,,,176.12062668800354,4.0,387.0,1794.0,0.8770967721939087,0.9999991655349731,0.0009999985462872927,0.001,False,128.0,128.0,,
train,,,,,,,176.19719314575195,4.0,388.0,1795.0,0.938177764415741,0.9999992847442627,0.0010000018174200621,0.001,False,128.0,128.0,,
train,,,,,,,176.29485440254211,4.0,389.0,1796.0,0.8221961259841919,0.9999992251396179,0.0009999999471677606,0.001,False,128.0,128.0,,
train,,,,,,,176.3889889717102,4.0,390.0,1797.0,0.8313227295875549,0.9999992847442627,0.0009999988837122592,0.001,False,128.0,128.0,,
train,,,,,,,176.4765739440918,4.0,391.0,1798.0,0.8622658252716064,0.9999992847442627,0.0010000007800012596,0.001,False,128.0,128.0,,
train,,,,,,,176.58670043945312,4.0,392.0,1799.0,0.8230509161949158,0.9999992251396179,0.0009999976709025376,0.001,False,128.0,128.0,,
train,,,,,,,176.68150663375854,4.0,393.0,1800.0,0.8461124897003174,0.9999993443489075,0.0010000005027787481,0.001,False,128.0,128.0,,
train,,,,,,,176.79837155342102,4.0,394.0,1801.0,0.8286296725273132,0.9999992251396179,0.001000000504055504,0.001,False,128.0,128.0,,
train,,,,,,,176.8826813697815,4.0,395.0,1802.0,0.8110702037811279,0.9999991059303284,0.0009999998218235666,0.001,False,128.0,128.0,,
train,,,,,,,176.9973864555359,4.0,396.0,1803.0,0.8270605802536011,0.9999991059303284,0.0009999976279645613,0.001,False,128.0,128.0,,
train,,,,,,,177.0872254371643,4.0,397.0,1804.0,0.8506266474723816,0.9999992251396179,0.0009999996860432573,0.001,False,128.0,128.0,,
train,,,,,,,177.1688117980957,4.0,398.0,1805.0,0.8795788288116455,0.9999992251396179,0.0010000000795618543,0.001,False,128.0,128.0,,
train,,,,,,,177.27641940116882,4.0,399.0,1806.0,0.7633644342422485,0.9999991655349731,0.0009999994085428865,0.001,False,128.0,128.0,,
train,,,,,,,177.38922595977783,4.0,400.0,1807.0,0.8499767184257507,0.9999991655349731,0.0009999985765409137,0.001,False,128.0,128.0,,
train,,,,,,,177.5124363899231,4.0,401.0,1808.0,0.8218880891799927,0.9999991059303284,0.000999999065150643,0.001,False,128.0,128.0,,
train,,,,,,,177.60928606987,4.0,402.0,1809.0,0.9394128918647766,0.9999991655349731,0.001000000598313387,0.001,False,128.0,128.0,,
train,,,,,,,177.71071887016296,4.0,403.0,1810.0,0.8522453308105469,0.9999992847442627,0.000999999589925664,0.001,False,128.0,128.0,,
train,,,,,,,177.80457520484924,4.0,404.0,1811.0,0.8215328454971313,0.9999991655349731,0.0009999978576979791,0.001,False,128.0,128.0,,
train,,,,,,,177.91875410079956,4.0,405.0,1812.0,0.7967653870582581,0.9999992251396179,0.000999999322889126,0.001,False,128.0,128.0,,
train,,,,,,,178.0169553756714,4.0,406.0,1813.0,0.9232370853424072,0.9999994039535522,0.000999999951997231,0.001,False,128.0,128.0,,
train,,,,,,,178.10677790641785,4.0,407.0,1814.0,0.7978932857513428,0.9999991655349731,0.0010000012438519698,0.001,False,128.0,128.0,,
train,,,,,,,178.42210817337036,4.0,408.0,1815.0,0.8831291794776917,0.9999991655349731,0.0009999995940612465,0.001,False,128.0,128.0,,
train,,,,,,,178.49149560928345,4.0,409.0,1816.0,0.856217622756958,0.9999992251396179,0.001000001574753476,0.001,False,128.0,128.0,,
train,,,,,,,178.56684803962708,4.0,410.0,1817.0,0.8412186503410339,0.9999991655349731,0.0010000004572041149,0.001,False,128.0,128.0,,
train,,,,,,,178.66306734085083,4.0,411.0,1818.0,0.8648870587348938,0.9999992251396179,0.0009999986037414162,0.001,False,128.0,128.0,,
train,,,,,,,178.74596858024597,4.0,412.0,1819.0,0.8353170156478882,0.9999991059303284,0.000999999740166645,0.001,False,128.0,128.0,,
train,,,,,,,178.84280562400818,4.0,413.0,1820.0,0.8231801986694336,0.9999992251396179,0.0010000006693121042,0.001,False,128.0,128.0,,
train,,,,,,,178.93219709396362,4.0,414.0,1821.0,0.8438992500305176,0.9999994039535522,0.0009999982065862514,0.001,False,128.0,128.0,,
train,,,,,,,179.0047688484192,4.0,415.0,1822.0,0.7333623766899109,0.9999992847442627,0.0009999991387029843,0.001,False,128.0,128.0,,
train,,,,,,,179.08106350898743,4.0,416.0,1823.0,0.9138439297676086,0.9999991655349731,0.0010000009092311106,0.001,False,128.0,128.0,,
train,,,,,,,179.19119381904602,4.0,417.0,1824.0,0.8927815556526184,0.9999992847442627,0.0009999982311499794,0.001,False,128.0,128.0,,
train,,,,,,,179.2871286869049,4.0,418.0,1825.0,0.9060276746749878,0.9999993443489075,0.0010000011288607566,0.001,False,128.0,128.0,,
train,,,,,,,179.38540482521057,4.0,419.0,1826.0,0.87474125623703,0.9999992847442627,0.000999999644132324,0.001,False,128.0,128.0,,
train,,,,,,,179.46164226531982,4.0,420.0,1827.0,0.8583475947380066,0.9999992847442627,0.0010000009301865509,0.001,False,128.0,128.0,,
train,,,,,,,179.5490083694458,4.0,421.0,1828.0,0.8273762464523315,0.9999991655349731,0.0009999991739525953,0.001,False,128.0,128.0,,
train,,,,,,,179.62138628959656,4.0,422.0,1829.0,0.8218086361885071,0.9999992251396179,0.0009999984161134453,0.001,False,128.0,128.0,,
train,,,,,,,179.69060564041138,4.0,423.0,1830.0,0.9021619558334351,0.9999991655349731,0.0010000007086694834,0.001,False,128.0,128.0,,
train,,,,,,,179.76619744300842,4.0,424.0,1831.0,0.7899551391601562,0.9999992847442627,0.0009999999424493123,0.001,False,128.0,128.0,,
train,,,,,,,179.8936061859131,4.0,425.0,1832.0,0.8352661728858948,0.9999992251396179,0.0009999988066626921,0.001,False,128.0,128.0,,
train,,,,,,,179.97354888916016,4.0,426.0,1833.0,0.9246478080749512,0.9999992847442627,0.0009999990231841726,0.001,False,128.0,128.0,,
train,,,,,,,180.05461430549622,4.0,427.0,1834.0,0.8242066502571106,0.9999991655349731,0.0010000009195561751,0.001,False,128.0,128.0,,
train,,,,,,,180.1528627872467,4.0,428.0,1835.0,0.8237186670303345,0.9999992251396179,0.0010000007297081945,0.001,False,128.0,128.0,,
train,,,,,,,180.25669527053833,4.0,429.0,1836.0,0.8719645142555237,0.9999992847442627,0.0009999980210398784,0.001,False,128.0,128.0,,
train,,,,,,,180.35207867622375,4.0,430.0,1837.0,0.9125863909721375,0.9999989867210388,0.0010000007935459698,0.001,False,128.0,128.0,,
train,,,,,,,180.43006229400635,4.0,431.0,1838.0,0.8476291298866272,0.9999992251396179,0.0010000005686149381,0.001,False,128.0,128.0,,
train,,,,,,,180.5218849182129,4.0,432.0,1839.0,0.793873131275177,0.9999993443489075,0.000999999704139898,0.001,False,128.0,128.0,,
train,,,,,,,180.63550114631653,4.0,433.0,1840.0,0.9133419990539551,0.9999991655349731,0.0010000006573217036,0.001,False,128.0,128.0,,
train,,,,,,,180.74177742004395,4.0,434.0,1841.0,0.7943909168243408,0.9999991655349731,0.0010000005966480533,0.001,False,128.0,128.0,,
train,,,,,,,180.82058191299438,4.0,435.0,1842.0,0.7578927278518677,0.9999990463256836,0.0010000014708090037,0.001,False,128.0,128.0,,
train,,,,,,,180.89566159248352,4.0,436.0,1843.0,0.8195491433143616,0.9999991059303284,0.0009999983140837826,0.001,False,128.0,128.0,,
train,,,,,,,180.97831869125366,4.0,437.0,1844.0,0.8412197828292847,0.9999991655349731,0.0009999992909146807,0.001,False,128.0,128.0,,
train,,,,,,,181.08447337150574,4.0,438.0,1845.0,0.8026566505432129,0.9999992251396179,0.0009999983680407112,0.001,False,128.0,128.0,,
train,,,,,,,181.18936467170715,4.0,439.0,1846.0,0.816064715385437,0.9999991655349731,0.0009999992998519823,0.001,False,128.0,128.0,,
train,,,,,,,181.28764057159424,4.0,440.0,1847.0,0.8718461394309998,0.9999991655349731,0.0010000012161519396,0.001,False,128.0,128.0,,
train,,,,,,,181.37338089942932,4.0,441.0,1848.0,0.8362851738929749,0.9999992251396179,0.0009999998154397829,0.001,False,128.0,128.0,,
train,,,,,,,181.46053194999695,4.0,442.0,1849.0,0.890669584274292,0.9999991059303284,0.0010000005168230622,0.001,False,128.0,128.0,,
train,,,,,,,181.54504203796387,4.0,443.0,1850.0,0.8382154107093811,0.9999993443489075,0.000999999744579783,0.001,False,128.0,128.0,,
train,,,,,,,181.62774777412415,4.0,444.0,1851.0,0.8784742951393127,0.9999991059303284,0.0009999987437684808,0.001,False,128.0,128.0,,
train,,,,,,,181.7292788028717,4.0,445.0,1852.0,0.8821762800216675,0.9999992251396179,0.0009999991459749514,0.001,False,128.0,128.0,,
train,,,,,,,181.82235765457153,4.0,446.0,1853.0,0.8462441563606262,0.9999992847442627,0.0010000002359644984,0.001,False,128.0,128.0,,
train,,,,,,,181.92462062835693,4.0,447.0,1854.0,0.735978364944458,0.9999992251396179,0.0009999980048861013,0.001,False,128.0,128.0,,
train,,,,,,,182.03676867485046,4.0,448.0,1855.0,0.9044012427330017,0.9999991655349731,0.0009999996835452546,0.001,False,128.0,128.0,,
train,,,,,,,182.13034582138062,4.0,449.0,1856.0,0.7574694156646729,0.9999991655349731,0.0009999981872405802,0.001,False,128.0,128.0,,
train,,,,,,,182.24888706207275,4.0,450.0,1857.0,0.8589003682136536,0.9999991059303284,0.0009999994573372162,0.001,False,128.0,128.0,,
train,,,,,,,182.33094930648804,4.0,451.0,1858.0,0.8002902865409851,0.9999993443489075,0.0009999977518102257,0.001,False,128.0,128.0,,
train,,,,,,,182.41776180267334,4.0,452.0,1859.0,0.7316566705703735,0.9999992251396179,0.0009999963889519594,0.001,False,128.0,128.0,,
train,,,,,,,182.5163505077362,4.0,453.0,1860.0,0.8729585409164429,0.9999992251396179,0.0010000012157911175,0.001,False,128.0,128.0,,
train,,,,,,,182.6309232711792,4.0,454.0,1861.0,0.8518494367599487,0.9999993443489075,0.000999999376984778,0.001,False,128.0,128.0,,
train,,,,,,,182.72151947021484,4.0,455.0,1862.0,0.8803693056106567,0.9999992847442627,0.000999999130126504,0.001,False,128.0,128.0,,
train,,,,,,,182.81437397003174,4.0,456.0,1863.0,0.891207754611969,0.9999991655349731,0.00100000052215213,0.001,False,128.0,128.0,,
train,,,,,,,182.92268586158752,4.0,457.0,1864.0,0.8024585843086243,0.9999992251396179,0.0009999996026654784,0.001,False,128.0,128.0,,
train,,,,,,,183.00734424591064,4.0,458.0,1865.0,0.7669095993041992,0.9999992251396179,0.0009999994607233981,0.001,False,128.0,128.0,,
train,,,,,,,183.11061477661133,4.0,459.0,1866.0,0.7537615299224854,0.9999991059303284,0.0010000001702670641,0.001,False,128.0,128.0,,
train,,,,,,,183.19889998435974,4.0,460.0,1867.0,0.8564698696136475,0.9999992847442627,0.0009999978125118042,0.001,False,128.0,128.0,,
train,,,,,,,183.3082754611969,4.0,461.0,1868.0,0.8590158820152283,0.9999992251396179,0.0009999977763462094,0.001,False,128.0,128.0,,
train,,,,,,,183.40548586845398,4.0,462.0,1869.0,0.8842476010322571,0.9999991655349731,0.000999999740971557,0.001,False,128.0,128.0,,
train,,,,,,,183.48347640037537,4.0,463.0,1870.0,0.9006370306015015,0.9999992847442627,0.0009999989604287528,0.001,False,128.0,128.0,,
train,,,,,,,183.56877994537354,4.0,464.0,1871.0,0.749973475933075,0.9999991059303284,0.0009999985218345948,0.001,False,128.0,128.0,,
train,,,,,,,183.64835143089294,4.0,465.0,1872.0,0.9275058507919312,0.9999991655349731,0.0009999968791170745,0.001,False,128.0,128.0,,
train,,,,,,,183.7242991924286,4.0,466.0,1873.0,0.7718338966369629,0.9999992251396179,0.0009999972650594833,0.001,False,128.0,128.0,,
train,,,,,,,183.80270886421204,4.0,467.0,1874.0,0.8119083642959595,0.9999992251396179,0.0009999976610492853,0.001,False,128.0,128.0,,
train,,,,,,,183.8843457698822,4.0,468.0,1875.0,0.8322533369064331,0.9999990463256836,0.0009999991517481161,0.001,False,128.0,128.0,,
train,,,,,,,183.95404243469238,4.0,469.0,1876.0,0.8246640563011169,0.9999992847442627,0.0009999990624861052,0.001,False,128.0,128.0,,
eval,,,,,,,189.15814852714539,4.0,,1876.0,,,,,False,128.0,128.0,0.8129374208450317,0.835
train,,,,,,,189.24209761619568,5.0,1.0,1877.0,0.8583544492721558,0.9999993443489075,0.0009999993790386918,0.001,False,128.0,128.0,,
train,,,,,,,189.31666779518127,5.0,2.0,1878.0,0.8794410228729248,0.9999992847442627,0.0009999971119315422,0.001,False,128.0,128.0,,
train,,,,,,,189.41263055801392,5.0,3.0,1879.0,0.8189365863800049,0.9999992251396179,0.0009999993546415255,0.001,False,128.0,128.0,,
train,,,,,,,189.49406480789185,5.0,4.0,1880.0,0.9209965467453003,0.9999991655349731,0.001000001708757175,0.001,False,128.0,128.0,,
train,,,,,,,189.59245443344116,5.0,5.0,1881.0,0.8038917779922485,0.9999991655349731,0.0009999986862310986,0.001,False,128.0,128.0,,
train,,,,,,,189.67664527893066,5.0,6.0,1882.0,0.9181675314903259,0.9999991059303284,0.000999997535066425,0.001,False,128.0,128.0,,
train,,,,,,,189.7547688484192,5.0,7.0,1883.0,0.8106652498245239,0.9999992251396179,0.0009999983718154755,0.001,False,128.0,128.0,,
train,,,,,,,189.8341863155365,5.0,8.0,1884.0,0.7983218431472778,0.9999991059303284,0.0009999983358441903,0.001,False,128.0,128.0,,
train,,,,,,,189.916179895401,5.0,9.0,1885.0,0.753211498260498,0.9999991059303284,0.0009999987096013237,0.001,False,128.0,128.0,,
train,,,,,,,189.99439597129822,5.0,10.0,1886.0,0.9139973521232605,0.9999992251396179,0.0009999986884793033,0.001,False,128.0,128.0,,
train,,,,,,,190.07263112068176,5.0,11.0,1887.0,0.8350226879119873,0.9999992847442627,0.0009999991487227558,0.001,False,128.0,128.0,,
train,,,,,,,190.18242001533508,5.0,12.0,1888.0,0.8826379179954529,0.9999991059303284,0.0009999975208000238,0.001,False,128.0,128.0,,
train,,,,,,,190.2561800479889,5.0,13.0,1889.0,0.837906002998352,0.9999992847442627,0.0009999987718294027,0.001,False,128.0,128.0,,
train,,,,,,,190.33061981201172,5.0,14.0,1890.0,0.948462188243866,0.9999991655349731,0.0009999991626283109,0.001,False,128.0,128.0,,
train,,,,,,,190.4091820716858,5.0,15.0,1891.0,0.88056480884552,0.9999992251396179,0.000999999194769294,0.001,False,128.0,128.0,,
train,,,,,,,190.4984633922577,5.0,16.0,1892.0,0.7925993204116821,0.9999992847442627,0.0009999986561162592,0.001,False,128.0,128.0,,
train,,,,,,,190.58827686309814,5.0,17.0,1893.0,0.7581467628479004,0.9999991655349731,0.001000000630065746,0.001,False,128.0,128.0,,
train,,,,,,,190.66242003440857,5.0,18.0,1894.0,0.7875241041183472,0.9999991655349731,0.0009999983468909279,0.001,False,128.0,128.0,,
train,,,,,,,190.74324798583984,5.0,19.0,1895.0,0.8464869856834412,0.9999992251396179,0.0009999969614403652,0.001,False,128.0,128.0,,
train,,,,,,,190.82747387886047,5.0,20.0,1896.0,0.7991827726364136,0.9999992847442627,0.0009999993505336975,0.001,False,128.0,128.0,,
train,,,,,,,190.90826106071472,5.0,21.0,1897.0,0.9685177803039551,0.9999992251396179,0.0010000016640430182,0.001,False,128.0,128.0,,
train,,,,,,,190.98666262626648,5.0,22.0,1898.0,0.8869806528091431,0.9999992251396179,0.0010000002786803182,0.001,False,128.0,128.0,,
train,,,,,,,191.06677985191345,5.0,23.0,1899.0,0.8599321842193604,0.9999992847442627,0.0009999974989840872,0.001,False,128.0,128.0,,
train,,,,,,,191.17308163642883,5.0,24.0,1900.0,0.8773699998855591,0.9999990463256836,0.0009999985936106168,0.001,False,128.0,128.0,,
train,,,,,,,191.26659774780273,5.0,25.0,1901.0,0.840619683265686,0.9999991655349731,0.0010000004888732117,0.001,False,128.0,128.0,,
train,,,,,,,191.34460973739624,5.0,26.0,1902.0,0.8425886631011963,0.9999991655349731,0.0009999999830279653,0.001,False,128.0,128.0,,
train,,,,,,,191.4195156097412,5.0,27.0,1903.0,0.7400955557823181,0.9999991059303284,0.0009999988528202684,0.001,False,128.0,128.0,,
train,,,,,,,191.4961805343628,5.0,28.0,1904.0,0.7750701904296875,0.9999991655349731,0.0009999973078864527,0.001,False,128.0,128.0,,
train,,,,,,,191.57272028923035,5.0,29.0,1905.0,0.8024080991744995,0.9999991059303284,0.0009999991031203052,0.001,False,128.0,128.0,,
train,,,,,,,191.65084528923035,5.0,30.0,1906.0,0.781474769115448,0.9999991655349731,0.0009999979687205134,0.001,False,128.0,128.0,,
train,,,,,,,191.73510122299194,5.0,31.0,1907.0,0.7334791421890259,0.9999991059303284,0.0010000003003019053,0.001,False,128.0,128.0,,
train,,,,,,,191.80730772018433,5.0,32.0,1908.0,0.8222126364707947,0.9999992847442627,0.0010000002761545615,0.001,False,128.0,128.0,,
train,,,,,,,191.88511657714844,5.0,33.0,1909.0,0.848056435585022,0.9999991655349731,0.001000000430114685,0.001,False,128.0,128.0,,
train,,,,,,,191.9609408378601,5.0,34.0,1910.0,0.7863495349884033,0.9999991655349731,0.0009999991531914072,0.001,False,128.0,128.0,,
train,,,,,,,192.0391230583191,5.0,35.0,1911.0,0.7202019095420837,0.9999992251396179,0.0009999967636812686,0.001,False,128.0,128.0,,
train,,,,,,,192.11766123771667,5.0,36.0,1912.0,0.9075084924697876,0.9999991059303284,0.0009999989070269683,0.001,False,128.0,128.0,,
train,,,,,,,192.1954619884491,5.0,37.0,1913.0,0.6928038001060486,0.9999992847442627,0.0009999959523550829,0.001,False,128.0,128.0,,
train,,,,,,,192.2729525566101,5.0,38.0,1914.0,0.7041937112808228,0.9999989867210388,0.0009999994295538696,0.001,False,128.0,128.0,,
train,,,,,,,192.35119128227234,5.0,39.0,1915.0,0.8031426668167114,0.9999992847442627,0.0009999982438620555,0.001,False,128.0,128.0,,
train,,,,,,,192.43180584907532,5.0,40.0,1916.0,0.806021511554718,0.9999989867210388,0.0010000014797185302,0.001,False,128.0,128.0,,
train,,,,,,,192.53584837913513,5.0,41.0,1917.0,0.8684805035591125,0.9999991059303284,0.0009999990474148135,0.001,False,128.0,128.0,,
train,,,,,,,192.62644004821777,5.0,42.0,1918.0,0.8501611948013306,0.9999992251396179,0.0009999987710522455,0.001,False,128.0,128.0,,
train,,,,,,,192.73353147506714,5.0,43.0,1919.0,0.7365877032279968,0.9999991059303284,0.0009999992092022047,0.001,False,128.0,128.0,,
train,,,,,,,192.8196737766266,5.0,44.0,1920.0,0.7884203791618347,0.9999991655349731,0.0009999980786605657,0.001,False,128.0,128.0,,
train,,,,,,,192.93273043632507,5.0,45.0,1921.0,0.8781457543373108,0.9999992847442627,0.0010000005620923816,0.001,False,128.0,128.0,,
train,,,,,,,193.0162215232849,5.0,46.0,1922.0,0.800312340259552,0.9999992847442627,0.0009999982153015175,0.001,False,128.0,128.0,,
train,,,,,,,193.10581398010254,5.0,47.0,1923.0,0.8359516263008118,0.9999991655349731,0.0009999995799614082,0.001,False,128.0,128.0,,
train,,,,,,,193.19137978553772,5.0,48.0,1924.0,0.8982495069503784,0.9999990463256836,0.0010000008453378314,0.001,False,128.0,128.0,,
train,,,,,,,193.61423325538635,5.0,49.0,1925.0,0.7941361665725708,0.9999992251396179,0.0009999998070575975,0.001,False,128.0,128.0,,
train,,,,,,,193.68846678733826,5.0,50.0,1926.0,0.7532212138175964,0.9999992847442627,0.0009999995376341368,0.001,False,128.0,128.0,,
train,,,,,,,193.76040506362915,5.0,51.0,1927.0,0.8364599943161011,0.9999992251396179,0.0009999990647065534,0.001,False,128.0,128.0,,
train,,,,,,,193.83137583732605,5.0,52.0,1928.0,0.8810175657272339,0.9999992251396179,0.0009999989123838002,0.001,False,128.0,128.0,,
train,,,,,,,193.9019684791565,5.0,53.0,1929.0,0.7070242762565613,0.9999992251396179,0.0009999987830704245,0.001,False,128.0,128.0,,
train,,,,,,,193.9755871295929,5.0,54.0,1930.0,0.8539083003997803,0.9999991059303284,0.0009999995328879312,0.001,False,128.0,128.0,,
train,,,,,,,194.04912948608398,5.0,55.0,1931.0,0.8853963017463684,0.9999992847442627,0.0009999967683164647,0.001,False,128.0,128.0,,
train,,,,,,,194.13241505622864,5.0,56.0,1932.0,0.8358157873153687,0.9999992251396179,0.0010000001084276503,0.001,False,128.0,128.0,,
train,,,,,,,194.21044158935547,5.0,57.0,1933.0,0.8187310099601746,0.9999992847442627,0.0009999986999978821,0.001,False,128.0,128.0,,
train,,,,,,,194.285404920578,5.0,58.0,1934.0,0.8393152356147766,0.9999992847442627,0.0010000020704949086,0.001,False,128.0,128.0,,
train,,,,,,,194.36093497276306,5.0,59.0,1935.0,0.8779942989349365,0.9999992251396179,0.0009999997217091823,0.001,False,128.0,128.0,,
train,,,,,,,194.4362633228302,5.0,60.0,1936.0,0.8618606328964233,0.9999992847442627,0.0009999971206468181,0.001,False,128.0,128.0,,
train,,,,,,,194.52075028419495,5.0,61.0,1937.0,0.8526906371116638,0.9999991655349731,0.0009999997776644369,0.001,False,128.0,128.0,,
train,,,,,,,194.59519481658936,5.0,62.0,1938.0,0.8010974526405334,0.9999992251396179,0.0009999994107078227,0.001,False,128.0,128.0,,
train,,,,,,,194.66770005226135,5.0,63.0,1939.0,0.8400998115539551,0.9999991655349731,0.00099999884946184,0.001,False,128.0,128.0,,
train,,,,,,,194.7412109375,5.0,64.0,1940.0,0.7459837198257446,0.9999991655349731,0.000999998632662766,0.001,False,128.0,128.0,,
train,,,,,,,194.81206369400024,5.0,65.0,1941.0,0.7416640520095825,0.9999992251396179,0.0009999986291655586,0.001,False,128.0,128.0,,
train,,,,,,,194.8809299468994,5.0,66.0,1942.0,0.9017895460128784,0.9999992251396179,0.0010000002352150979,0.001,False,128.0,128.0,,
train,,,,,,,194.95237064361572,5.0,67.0,1943.0,0.7106515765190125,0.9999991059303284,0.0010000017272423568,0.001,False,128.0,128.0,,
train,,,,,,,195.02919006347656,5.0,68.0,1944.0,0.7062446475028992,0.9999991655349731,0.0010000008714835613,0.001,False,128.0,128.0,,
train,,,,,,,195.10884046554565,5.0,69.0,1945.0,0.8914152979850769,0.9999992251396179,0.000999998656199526,0.001,False,128.0,128.0,,
train,,,,,,,195.192378282547,5.0,70.0,1946.0,0.8723993897438049,0.9999991655349731,0.0009999993090945953,0.001,False,128.0,128.0,,
train,,,,,,,195.2697196006775,5.0,71.0,1947.0,0.7107184529304504,0.9999992251396179,0.00099999776221859,0.001,False,128.0,128.0,,
train,,,,,,,195.33770108222961,5.0,72.0,1948.0,0.9064890742301941,0.9999992847442627,0.0010000005990350315,0.001,False,128.0,128.0,,
train,,,,,,,195.4152615070343,5.0,73.0,1949.0,0.779456615447998,0.9999992847442627,0.0009999978126228268,0.001,False,128.0,128.0,,
train,,,,,,,195.4847869873047,5.0,74.0,1950.0,0.8026124238967896,0.9999991655349731,0.0010000007033959277,0.001,False,128.0,128.0,,
train,,,,,,,195.55058813095093,5.0,75.0,1951.0,0.7194029092788696,0.9999991059303284,0.0009999997833543312,0.001,False,128.0,128.0,,
train,,,,,,,195.62377309799194,5.0,76.0,1952.0,0.8104500770568848,0.9999991059303284,0.0010000007163300168,0.001,False,128.0,128.0,,
train,,,,,,,195.70912075042725,5.0,77.0,1953.0,0.7427524924278259,0.9999992251396179,0.0009999991004002564,0.001,False,128.0,128.0,,
train,,,,,,,195.78332114219666,5.0,78.0,1954.0,0.844474196434021,0.9999989867210388,0.0009999995527331768,0.001,False,128.0,128.0,,
train,,,,,,,195.85744190216064,5.0,79.0,1955.0,0.7610482573509216,0.9999993443489075,0.0009999988761627342,0.001,False,128.0,128.0,,
train,,,,,,,195.92711925506592,5.0,80.0,1956.0,0.8816581964492798,0.9999991059303284,0.0009999992479212626,0.001,False,128.0,128.0,,
train,,,,,,,196.01574635505676,5.0,81.0,1957.0,0.8029266595840454,0.9999992847442627,0.0009999993434837767,0.001,False,128.0,128.0,,
train,,,,,,,196.10208463668823,5.0,82.0,1958.0,0.8495991230010986,0.9999991655349731,0.0009999995180664466,0.001,False,128.0,128.0,,
train,,,,,,,196.1792995929718,5.0,83.0,1959.0,0.8481432199478149,0.9999992251396179,0.0009999989560156117,0.001,False,128.0,128.0,,
train,,,,,,,196.27154326438904,5.0,84.0,1960.0,0.785771369934082,0.9999991655349731,0.0009999983397022219,0.001,False,128.0,128.0,,
train,,,,,,,196.37143993377686,5.0,85.0,1961.0,0.7727278470993042,0.9999991655349731,0.00099999953660718,0.001,False,128.0,128.0,,
train,,,,,,,196.4548716545105,5.0,86.0,1962.0,0.8187940716743469,0.9999993443489075,0.00100000073897855,0.001,False,128.0,128.0,,
train,,,,,,,196.52866435050964,5.0,87.0,1963.0,0.9041134119033813,0.9999992847442627,0.0010000002628596444,0.001,False,128.0,128.0,,
train,,,,,,,196.6039433479309,5.0,88.0,1964.0,0.8344877362251282,0.9999993443489075,0.0009999994667186057,0.001,False,128.0,128.0,,
train,,,,,,,196.68236541748047,5.0,89.0,1965.0,0.8000550270080566,0.9999991655349731,0.0009999969711548462,0.001,False,128.0,128.0,,
train,,,,,,,196.77166438102722,5.0,90.0,1966.0,0.7308864593505859,0.9999991655349731,0.0009999986988876576,0.001,False,128.0,128.0,,
train,,,,,,,196.8498876094818,5.0,91.0,1967.0,0.7989930510520935,0.9999992251396179,0.000999998386859022,0.001,False,128.0,128.0,,
train,,,,,,,196.922461271286,5.0,92.0,1968.0,0.8024612069129944,0.9999992847442627,0.000999999373293284,0.001,False,128.0,128.0,,
train,,,,,,,196.99918270111084,5.0,93.0,1969.0,0.7365456819534302,0.9999990463256836,0.0009999989943461009,0.001,False,128.0,128.0,,
train,,,,,,,197.08119654655457,5.0,94.0,1970.0,0.7597631216049194,0.9999990463256836,0.0010000006039477653,0.001,False,128.0,128.0,,
train,,,,,,,197.1628770828247,5.0,95.0,1971.0,0.7857906818389893,0.9999992847442627,0.0010000000515564805,0.001,False,128.0,128.0,,
train,,,,,,,197.23387265205383,5.0,96.0,1972.0,0.7773568630218506,0.9999992847442627,0.0009999998137744481,0.001,False,128.0,128.0,,
train,,,,,,,197.3152256011963,5.0,97.0,1973.0,0.7758668661117554,0.9999991655349731,0.0010000016594633558,0.001,False,128.0,128.0,,
train,,,,,,,197.3937771320343,5.0,98.0,1974.0,0.7275607585906982,0.9999992251396179,0.0009999984332664182,0.001,False,128.0,128.0,,
train,,,,,,,197.4752287864685,5.0,99.0,1975.0,0.7755215764045715,0.9999991655349731,0.0009999967380072776,0.001,False,128.0,128.0,,
train,,,,,,,197.56444334983826,5.0,100.0,1976.0,0.7491317391395569,0.9999991059303284,0.0009999991852768792,0.001,False,128.0,128.0,,
train,,,,,,,197.6414225101471,5.0,101.0,1977.0,0.8175793290138245,0.9999992251396179,0.0009999974774179507,0.001,False,128.0,128.0,,
train,,,,,,,197.7147297859192,5.0,102.0,1978.0,0.7777597308158875,0.9999991655349731,0.0010000000093402512,0.001,False,128.0,128.0,,
train,,,,,,,197.80116295814514,5.0,103.0,1979.0,0.816632866859436,0.9999991059303284,0.000999998531438038,0.001,False,128.0,128.0,,
train,,,,,,,197.88047790527344,5.0,104.0,1980.0,0.760180652141571,0.9999992847442627,0.0010000011830950885,0.001,False,128.0,128.0,,
train,,,,,,,197.969664812088,5.0,105.0,1981.0,0.9415497779846191,0.9999992251396179,0.0009999993893915278,0.001,False,128.0,128.0,,
train,,,,,,,198.0501594543457,5.0,106.0,1982.0,0.9147357940673828,0.9999991655349731,0.0009999970591402837,0.001,False,128.0,128.0,,
train,,,,,,,198.1288423538208,5.0,107.0,1983.0,0.8397215604782104,0.9999991059303284,0.0010000000477539668,0.001,False,128.0,128.0,,
train,,,,,,,198.20538878440857,5.0,108.0,1984.0,0.825624406337738,0.9999991059303284,0.0010000004848486552,0.001,False,128.0,128.0,,
train,,,,,,,198.28488087654114,5.0,109.0,1985.0,0.7451099157333374,0.9999991059303284,0.000999998856317475,0.001,False,128.0,128.0,,
train,,,,,,,198.36263346672058,5.0,110.0,1986.0,0.7648486495018005,0.9999993443489075,0.0009999996626175436,0.001,False,128.0,128.0,,
train,,,,,,,198.44349789619446,5.0,111.0,1987.0,0.8049168586730957,0.9999991655349731,0.00100000087217745,0.001,False,128.0,128.0,,
train,,,,,,,198.52113819122314,5.0,112.0,1988.0,0.8193185329437256,0.9999991655349731,0.0010000004574261593,0.001,False,128.0,128.0,,
train,,,,,,,198.60216569900513,5.0,113.0,1989.0,0.8513492941856384,0.9999992847442627,0.0009999997288423672,0.001,False,128.0,128.0,,
train,,,,,,,198.67859029769897,5.0,114.0,1990.0,0.8581033945083618,0.9999991059303284,0.0010000001295773964,0.001,False,128.0,128.0,,
train,,,,,,,198.7527163028717,5.0,115.0,1991.0,0.8173425197601318,0.9999992251396179,0.0009999971696633045,0.001,False,128.0,128.0,,
train,,,,,,,198.83102703094482,5.0,116.0,1992.0,0.8061192035675049,0.9999992251396179,0.000999998278501074,0.001,False,128.0,128.0,,
train,,,,,,,198.9096326828003,5.0,117.0,1993.0,0.8326619863510132,0.9999991059303284,0.001000000336967009,0.001,False,128.0,128.0,,
train,,,,,,,198.98895287513733,5.0,118.0,1994.0,0.8380250930786133,0.9999992847442627,0.0009999986310529404,0.001,False,128.0,128.0,,
train,,,,,,,199.07423329353333,5.0,119.0,1995.0,0.8102782964706421,0.9999993443489075,0.0010000014966494062,0.001,False,128.0,128.0,,
train,,,,,,,199.15175771713257,5.0,120.0,1996.0,0.7833020687103271,0.9999993443489075,0.0009999998559351744,0.001,False,128.0,128.0,,
train,,,,,,,199.22966241836548,5.0,121.0,1997.0,0.7020618319511414,0.9999992251396179,0.0009999979655008601,0.001,False,128.0,128.0,,
train,,,,,,,199.31516027450562,5.0,122.0,1998.0,0.7090396285057068,0.9999992251396179,0.0009802952932023796,0.001,False,128.0,128.0,,
train,,,,,,,199.39511227607727,5.0,123.0,1999.0,0.747210681438446,0.9802950620651245,0.0009999968062862142,0.001,False,128.0,128.0,,
train,,,,,,,199.4765911102295,5.0,124.0,2000.0,0.7942283749580383,0.9999991655349731,0.0010000001171706556,0.001,False,128.0,128.0,,
train,,,,,,,199.57106280326843,5.0,125.0,2001.0,0.781434178352356,0.9999992251396179,0.0010000001652710614,0.001,False,128.0,128.0,,
train,,,,,,,199.67842483520508,5.0,126.0,2002.0,0.8518365025520325,0.9999991059303284,0.0009999973880447678,0.001,False,128.0,128.0,,
train,,,,,,,199.7532229423523,5.0,127.0,2003.0,0.7461906671524048,0.9999992251396179,0.0009999994530628551,0.001,False,128.0,128.0,,
train,,,,,,,199.83681511878967,5.0,128.0,2004.0,0.914374589920044,0.9999993443489075,0.0009999994372421684,0.001,False,128.0,128.0,,
train,,,,,,,199.91838192939758,5.0,129.0,2005.0,0.7910810708999634,0.9999992847442627,0.000999999872255455,0.001,False,128.0,128.0,,
train,,,,,,,200.00041723251343,5.0,130.0,2006.0,0.7721450924873352,0.9999991655349731,0.0009999984312680135,0.001,False,128.0,128.0,,
train,,,,,,,200.08033275604248,5.0,131.0,2007.0,0.8070926070213318,0.9999992847442627,0.0009999987512902514,0.001,False,128.0,128.0,,
train,,,,,,,200.18104648590088,5.0,132.0,2008.0,0.7531887292861938,0.9999992251396179,0.0009999984644082224,0.001,False,128.0,128.0,,
train,,,,,,,200.26058840751648,5.0,133.0,2009.0,0.6568613648414612,0.9999992847442627,0.001000000380931825,0.001,False,128.0,128.0,,
train,,,,,,,200.3579339981079,5.0,134.0,2010.0,0.7908797264099121,0.9999991655349731,0.0009999986392130907,0.001,False,128.0,128.0,,
train,,,,,,,200.4454448223114,5.0,135.0,2011.0,0.8017566800117493,0.9999992847442627,0.0010000004175691702,0.001,False,128.0,128.0,,
train,,,,,,,200.54122638702393,5.0,136.0,2012.0,0.7290340662002563,0.9999991059303284,0.0009999980356393398,0.001,False,128.0,128.0,,
train,,,,,,,200.63860201835632,5.0,137.0,2013.0,0.8052963614463806,0.9999990463256836,0.0009999989093861948,0.001,False,128.0,128.0,,
train,,,,,,,200.75407481193542,5.0,138.0,2014.0,0.7219097018241882,0.9999992251396179,0.001000000634256835,0.001,False,128.0,128.0,,
train,,,,,,,200.84259271621704,5.0,139.0,2015.0,0.812150776386261,0.9999991655349731,0.0010000011674964734,0.001,False,128.0,128.0,,
train,,,,,,,200.98217105865479,5.0,140.0,2016.0,0.7876096963882446,0.9999992847442627,0.0010000008728713388,0.001,False,128.0,128.0,,
train,,,,,,,201.07048797607422,5.0,141.0,2017.0,0.7029207348823547,0.9999994039535522,0.0009999985210296818,0.001,False,128.0,128.0,,
train,,,,,,,201.15232706069946,5.0,142.0,2018.0,0.7469642758369446,0.9999991059303284,0.0010000002577526198,0.001,False,128.0,128.0,,
train,,,,,,,201.25638890266418,5.0,143.0,2019.0,0.8263340592384338,0.9999992251396179,0.0009999992610774152,0.001,False,128.0,128.0,,
train,,,,,,,201.38194012641907,5.0,144.0,2020.0,0.8270502090454102,0.9999991655349731,0.0009999981524350247,0.001,False,128.0,128.0,,
train,,,,,,,201.4681830406189,5.0,145.0,2021.0,0.738182544708252,0.9999991059303284,0.0009999993327146062,0.001,False,128.0,128.0,,
train,,,,,,,201.5500934123993,5.0,146.0,2022.0,0.8090829849243164,0.9999991655349731,0.0009999977146731814,0.001,False,128.0,128.0,,
train,,,,,,,201.6741909980774,5.0,147.0,2023.0,0.6978908777236938,0.9999991059303284,0.000999999835756868,0.001,False,128.0,128.0,,
train,,,,,,,201.79444432258606,5.0,148.0,2024.0,0.7334257364273071,0.9999991059303284,0.000999998997343706,0.001,False,128.0,128.0,,
train,,,,,,,201.89557552337646,5.0,149.0,2025.0,0.7148091793060303,0.9999992847442627,0.000999998498991722,0.001,False,128.0,128.0,,
train,,,,,,,202.01223754882812,5.0,150.0,2026.0,0.8272607922554016,0.9999992251396179,0.0009999994150654507,0.001,False,128.0,128.0,,
train,,,,,,,202.09646582603455,5.0,151.0,2027.0,0.764695405960083,0.9999992251396179,0.0010000002286092724,0.001,False,128.0,128.0,,
train,,,,,,,202.1780080795288,5.0,152.0,2028.0,0.8038260340690613,0.9999990463256836,0.000999998502905264,0.001,False,128.0,128.0,,
train,,,,,,,202.4092242717743,5.0,153.0,2029.0,0.7332326173782349,0.9999991059303284,0.0010000001842003607,0.001,False,128.0,128.0,,
train,,,,,,,202.4975118637085,5.0,154.0,2030.0,0.7151864767074585,0.9999992251396179,0.0009999998353960452,0.001,False,128.0,128.0,,
train,,,,,,,202.58154439926147,5.0,155.0,2031.0,0.737204372882843,0.9999992251396179,0.000999999184888301,0.001,False,128.0,128.0,,
train,,,,,,,202.66025400161743,5.0,156.0,2032.0,0.7299093008041382,0.9999993443489075,0.0009999989584303492,0.001,False,128.0,128.0,,
train,,,,,,,202.7436716556549,5.0,157.0,2033.0,0.8524453043937683,0.9999991059303284,0.000999999956382612,0.001,False,128.0,128.0,,
train,,,,,,,202.81816911697388,5.0,158.0,2034.0,0.6713498830795288,0.9999992251396179,0.001000001494984074,0.001,False,128.0,128.0,,
train,,,,,,,202.8927185535431,5.0,159.0,2035.0,0.7027642130851746,0.9999991655349731,0.0010000007432529054,0.001,False,128.0,128.0,,
train,,,,,,,202.97828435897827,5.0,160.0,2036.0,0.8170166015625,0.9999992251396179,0.0009999987851520952,0.001,False,128.0,128.0,,
train,,,,,,,203.0718231201172,5.0,161.0,2037.0,0.7924934029579163,0.9999991655349731,0.0009999999706489784,0.001,False,128.0,128.0,,
train,,,,,,,203.14590096473694,5.0,162.0,2038.0,0.7430881857872009,0.9999992847442627,0.0009584821191027614,0.001,False,128.0,128.0,,
train,,,,,,,203.22636938095093,5.0,163.0,2039.0,0.8113189935684204,0.9584811925888062,0.0009999997713084085,0.001,False,128.0,128.0,,
train,,,,,,,203.30757904052734,5.0,164.0,2040.0,0.7209592461585999,0.9999992251396179,0.0010000001799260027,0.001,False,128.0,128.0,,
train,,,,,,,203.38607931137085,5.0,165.0,2041.0,0.8383221626281738,0.9999992251396179,0.0009999971224786913,0.001,False,128.0,128.0,,
train,,,,,,,203.4655840396881,5.0,166.0,2042.0,0.7412025928497314,0.9999991655349731,0.0010000000609378644,0.001,False,128.0,128.0,,
train,,,,,,,203.55442094802856,5.0,167.0,2043.0,0.8503036499023438,0.9999991655349731,0.0009999992123108316,0.001,False,128.0,128.0,,
train,,,,,,,203.63211941719055,5.0,168.0,2044.0,0.7013942003250122,0.9999991059303284,0.0009999984730957308,0.001,False,128.0,128.0,,
train,,,,,,,203.71416330337524,5.0,169.0,2045.0,0.8119513392448425,0.9999991059303284,0.0010000020534530203,0.001,False,128.0,128.0,,
train,,,,,,,203.80622339248657,5.0,170.0,2046.0,0.7611547112464905,0.9999991655349731,0.0009999994002717202,0.001,False,128.0,128.0,,
train,,,,,,,203.90959858894348,5.0,171.0,2047.0,0.8464013338088989,0.9999991059303284,0.001000000066960824,0.001,False,128.0,128.0,,
train,,,,,,,204.00888895988464,5.0,172.0,2048.0,0.7579976916313171,0.9999992251396179,0.000999999478625754,0.001,False,128.0,128.0,,
train,,,,,,,204.09041929244995,5.0,173.0,2049.0,0.8097297549247742,0.9999992251396179,0.0010000006190467891,0.001,False,128.0,128.0,,
train,,,,,,,204.1633403301239,5.0,174.0,2050.0,0.5859147310256958,0.9999991059303284,0.0010000000503629907,0.001,False,128.0,128.0,,
train,,,,,,,204.24860763549805,5.0,175.0,2051.0,0.7031242847442627,0.9999991059303284,0.0010000004758003419,0.001,False,128.0,128.0,,
train,,,,,,,204.33239603042603,5.0,176.0,2052.0,0.7847069501876831,0.9999991655349731,0.0009999981035573645,0.001,False,128.0,128.0,,
train,,,,,,,204.40754461288452,5.0,177.0,2053.0,0.8508964776992798,0.9999991059303284,0.0009999996791043612,0.001,False,128.0,128.0,,
train,,,,,,,204.47821259498596,5.0,178.0,2054.0,0.7648068070411682,0.9999991655349731,0.0010000001312982418,0.001,False,128.0,128.0,,
train,,,,,,,204.55020427703857,5.0,179.0,2055.0,0.8976666927337646,0.9999991655349731,0.0009999983766449535,0.001,False,128.0,128.0,,
train,,,,,,,204.62800693511963,5.0,180.0,2056.0,0.7744615077972412,0.9999991655349731,0.000999999697534069,0.001,False,128.0,128.0,,
train,,,,,,,204.7120394706726,5.0,181.0,2057.0,0.7142103910446167,0.9999991655349731,0.000999998138723745,0.001,False,128.0,128.0,,
train,,,,,,,204.80329489707947,5.0,182.0,2058.0,0.750981330871582,0.9999992847442627,0.001000002203305054,0.001,False,128.0,128.0,,
train,,,,,,,204.88562512397766,5.0,183.0,2059.0,0.8232997059822083,0.9999992251396179,0.000999999351865966,0.001,False,128.0,128.0,,
train,,,,,,,204.97056984901428,5.0,184.0,2060.0,0.7416910529136658,0.9999992847442627,0.0009999982688976283,0.001,False,128.0,128.0,,
train,,,,,,,205.06337070465088,5.0,185.0,2061.0,0.71445631980896,0.9999991059303284,0.0009999977808426226,0.001,False,128.0,128.0,,
train,,,,,,,205.1602795124054,5.0,186.0,2062.0,0.9025194644927979,0.9999991655349731,0.0009999998438337417,0.001,False,128.0,128.0,,
train,,,,,,,205.40618181228638,5.0,187.0,2063.0,0.8425056338310242,0.9999992251396179,0.0009999985740429082,0.001,False,128.0,128.0,,
train,,,,,,,205.48248291015625,5.0,188.0,2064.0,0.700529158115387,0.9999992847442627,0.0010000003235610705,0.001,False,128.0,128.0,,
train,,,,,,,205.559987783432,5.0,189.0,2065.0,0.7690277099609375,0.9999990463256836,0.000999998427659783,0.001,False,128.0,128.0,,
train,,,,,,,205.6435887813568,5.0,190.0,2066.0,0.8861214518547058,0.9999990463256836,0.0009999984656294694,0.001,False,128.0,128.0,,
train,,,,,,,205.7197859287262,5.0,191.0,2067.0,0.7336416244506836,0.9999990463256836,0.000999998434376643,0.001,False,128.0,128.0,,
train,,,,,,,205.79850602149963,5.0,192.0,2068.0,0.7702310085296631,0.9999991655349731,0.0009999982786398523,0.001,False,128.0,128.0,,
train,,,,,,,205.8708736896515,5.0,193.0,2069.0,0.7599524855613708,0.9999991059303284,0.0010000008253260781,0.001,False,128.0,128.0,,
train,,,,,,,205.94719052314758,5.0,194.0,2070.0,0.6543557047843933,0.9999992251396179,0.000999996915921082,0.001,False,128.0,128.0,,
train,,,,,,,206.02380776405334,5.0,195.0,2071.0,0.7885584831237793,0.9999991655349731,0.0010000005128817724,0.001,False,128.0,128.0,,
train,,,,,,,206.0995626449585,5.0,196.0,2072.0,0.7411268353462219,0.9999991655349731,0.001000001595486858,0.001,False,128.0,128.0,,
train,,,,,,,206.1762237548828,5.0,197.0,2073.0,0.7455642223358154,0.9999992251396179,0.0009999976981585762,0.001,False,128.0,128.0,,
train,,,,,,,206.25978136062622,5.0,198.0,2074.0,0.6621304154396057,0.9999991059303284,0.000999998554947045,0.001,False,128.0,128.0,,
train,,,,,,,206.34167289733887,5.0,199.0,2075.0,0.7728659510612488,0.9999991059303284,0.000999999265768111,0.001,False,128.0,128.0,,
train,,,,,,,206.4160885810852,5.0,200.0,2076.0,0.815449595451355,0.9999991059303284,0.001000000684494394,0.001,False,128.0,128.0,,
train,,,,,,,206.49552822113037,5.0,201.0,2077.0,0.7692764401435852,0.9999992251396179,0.0009999985978017146,0.001,False,128.0,128.0,,
train,,,,,,,206.574054479599,5.0,202.0,2078.0,0.7267106175422668,0.9999992251396179,0.0010000004306142851,0.001,False,128.0,128.0,,
train,,,,,,,206.6523802280426,5.0,203.0,2079.0,0.7444934844970703,0.9999991655349731,0.0009999990679817143,0.001,False,128.0,128.0,,
train,,,,,,,206.73177003860474,5.0,204.0,2080.0,0.733161211013794,0.9999992251396179,0.0009999997844090433,0.001,False,128.0,128.0,,
train,,,,,,,207.01183533668518,5.0,205.0,2081.0,0.8622423410415649,0.9999991059303284,0.0010000032847148237,0.001,False,128.0,128.0,,
train,,,,,,,207.12985134124756,5.0,206.0,2082.0,0.7376160025596619,0.9999992251396179,0.0009999997755827683,0.001,False,128.0,128.0,,
train,,,,,,,207.20774579048157,5.0,207.0,2083.0,0.6356697082519531,0.9999990463256836,0.0009999976903314856,0.001,False,128.0,128.0,,
train,,,,,,,207.2832372188568,5.0,208.0,2084.0,0.7419277429580688,0.9999990463256836,0.0009999988298941365,0.001,False,128.0,128.0,,
train,,,,,,,207.35702800750732,5.0,209.0,2085.0,0.7538779973983765,0.9999992251396179,0.000999997609701349,0.001,False,128.0,128.0,,
train,,,,,,,207.4281837940216,5.0,210.0,2086.0,0.7010389566421509,0.9999991059303284,0.001000000042064074,0.001,False,128.0,128.0,,
train,,,,,,,207.5006902217865,5.0,211.0,2087.0,0.7136831283569336,0.9999991059303284,0.0009999990111659964,0.001,False,128.0,128.0,,
train,,,,,,,207.57432556152344,5.0,212.0,2088.0,0.8177251219749451,0.9999991059303284,0.000999998342394517,0.001,False,128.0,128.0,,
train,,,,,,,207.64419269561768,5.0,213.0,2089.0,0.7422147989273071,0.9999990463256836,0.0009735397797317772,0.001,False,128.0,128.0,,
train,,,,,,,207.71839570999146,5.0,214.0,2090.0,0.7939529418945312,0.9735395312309265,0.000999999745440206,0.001,False,128.0,128.0,,
train,,,,,,,207.7973654270172,5.0,215.0,2091.0,0.7397288680076599,0.9999991059303284,0.0009999985546417331,0.001,False,128.0,128.0,,
train,,,,,,,207.86739873886108,5.0,216.0,2092.0,0.7308434844017029,0.9999989867210388,0.0009999974608200745,0.001,False,128.0,128.0,,
train,,,,,,,207.94001030921936,5.0,217.0,2093.0,0.7566602230072021,0.9999991059303284,0.00100000334705364,0.001,False,128.0,128.0,,
train,,,,,,,208.01339507102966,5.0,218.0,2094.0,0.7466067671775818,0.9999993443489075,0.0009999996649490128,0.001,False,128.0,128.0,,
train,,,,,,,208.08332300186157,5.0,219.0,2095.0,0.9523893594741821,0.9999993443489075,0.000999999866454539,0.001,False,128.0,128.0,,
train,,,,,,,208.1563482284546,5.0,220.0,2096.0,0.682415783405304,0.9999992251396179,0.0009999994588915293,0.001,False,128.0,128.0,,
train,,,,,,,208.23447704315186,5.0,221.0,2097.0,0.775923490524292,0.9999989867210388,0.0009999984757325146,0.001,False,128.0,128.0,,
train,,,,,,,208.30632543563843,5.0,222.0,2098.0,0.7931577563285828,0.9999991655349731,0.0009999981036128756,0.001,False,128.0,128.0,,
train,,,,,,,208.38590359687805,5.0,223.0,2099.0,0.7007192373275757,0.9999991655349731,0.0009999987875390776,0.001,False,128.0,128.0,,
train,,,,,,,208.46928715705872,5.0,224.0,2100.0,0.6851271390914917,0.9999991655349731,0.0010000004197341043,0.001,False,128.0,128.0,,
train,,,,,,,208.54798579216003,5.0,225.0,2101.0,0.7429962754249573,0.9999990463256836,0.0010000001728760878,0.001,False,128.0,128.0,,
train,,,,,,,208.62652015686035,5.0,226.0,2102.0,0.6404537558555603,0.9999991655349731,0.0009999996401355196,0.001,False,128.0,128.0,,
train,,,,,,,208.70180130004883,5.0,227.0,2103.0,0.8156865239143372,0.9999992251396179,0.0009999989852145072,0.001,False,128.0,128.0,,
train,,,,,,,208.78031516075134,5.0,228.0,2104.0,0.6745012402534485,0.9999992847442627,0.0009999979980027046,0.001,False,128.0,128.0,,
train,,,,,,,208.86273074150085,5.0,229.0,2105.0,0.7453164458274841,0.9999990463256836,0.000999999987191302,0.001,False,128.0,128.0,,
train,,,,,,,208.94737243652344,5.0,230.0,2106.0,0.8053470253944397,0.9999993443489075,0.0010000002261112712,0.001,False,128.0,128.0,,
train,,,,,,,209.02857398986816,5.0,231.0,2107.0,0.7392681241035461,0.9999992847442627,0.000999998619784161,0.001,False,128.0,128.0,,
train,,,,,,,209.1081166267395,5.0,232.0,2108.0,0.7993431687355042,0.9999989867210388,0.0010000010562244946,0.001,False,128.0,128.0,,
train,,,,,,,209.1873857975006,5.0,233.0,2109.0,0.731465756893158,0.9999991655349731,0.0009999982863004042,0.001,False,128.0,128.0,,
train,,,,,,,209.26740884780884,5.0,234.0,2110.0,0.7157739996910095,0.9999993443489075,0.0009999997141319082,0.001,False,128.0,128.0,,
train,,,,,,,209.34564089775085,5.0,235.0,2111.0,0.7151513695716858,0.9999991059303284,0.0009999993272745097,0.001,False,128.0,128.0,,
train,,,,,,,209.42252922058105,5.0,236.0,2112.0,0.7243666052818298,0.9999991059303284,0.001000000875147294,0.001,False,128.0,128.0,,
train,,,,,,,209.50742530822754,5.0,237.0,2113.0,0.7522728443145752,0.9999992847442627,0.0010000002999133275,0.001,False,128.0,128.0,,
train,,,,,,,209.5887372493744,5.0,238.0,2114.0,0.7049241065979004,0.9999992847442627,0.0009999973724183378,0.001,False,128.0,128.0,,
train,,,,,,,209.6710650920868,5.0,239.0,2115.0,0.8019381761550903,0.9999990463256836,0.0009999999214383402,0.001,False,128.0,128.0,,
train,,,,,,,209.75608921051025,5.0,240.0,2116.0,0.7142392992973328,0.9999992847442627,0.0009999993499785857,0.001,False,128.0,128.0,,
train,,,,,,,209.83896160125732,5.0,241.0,2117.0,0.8055649995803833,0.9999991655349731,0.0009999981679781756,0.001,False,128.0,128.0,,
train,,,,,,,209.92076802253723,5.0,242.0,2118.0,0.6972762942314148,0.9999992251396179,0.0009999993913899306,0.001,False,128.0,128.0,,
train,,,,,,,209.99988269805908,5.0,243.0,2119.0,0.769771933555603,0.9999991655349731,0.0009999990778627084,0.001,False,128.0,128.0,,
train,,,,,,,210.09291887283325,5.0,244.0,2120.0,0.7595861554145813,0.9999991059303284,0.0009999998358678902,0.001,False,128.0,128.0,,
train,,,,,,,210.17505311965942,5.0,245.0,2121.0,0.7832295894622803,0.9999991655349731,0.0009999994845376946,0.001,False,128.0,128.0,,
train,,,,,,,210.26184344291687,5.0,246.0,2122.0,0.6906481385231018,0.9999992251396179,0.0009999994204222798,0.001,False,128.0,128.0,,
train,,,,,,,210.3498101234436,5.0,247.0,2123.0,0.7842501997947693,0.9999992847442627,0.0010000004206222823,0.001,False,128.0,128.0,,
train,,,,,,,210.454598903656,5.0,248.0,2124.0,0.7196338772773743,0.9999992847442627,0.0009999986021315905,0.001,False,128.0,128.0,,
train,,,,,,,210.54543089866638,5.0,249.0,2125.0,0.6722629070281982,0.9999992847442627,0.0010000005384723997,0.001,False,128.0,128.0,,
train,,,,,,,210.6513533592224,5.0,250.0,2126.0,0.7179917097091675,0.9999993443489075,0.0009999989448023475,0.001,False,128.0,128.0,,
train,,,,,,,210.73299407958984,5.0,251.0,2127.0,0.7559646368026733,0.9999991655349731,0.0009999998201027204,0.001,False,128.0,128.0,,
train,,,,,,,210.85267663002014,5.0,252.0,2128.0,0.7295003533363342,0.9999990463256836,0.0009999983890794715,0.001,False,128.0,128.0,,
train,,,,,,,210.93312120437622,5.0,253.0,2129.0,0.6804263591766357,0.9999992251396179,0.0009999986819567343,0.001,False,128.0,128.0,,
train,,,,,,,211.20892786979675,5.0,254.0,2130.0,0.711823582649231,0.9999992251396179,0.0009999993607200004,0.001,False,128.0,128.0,,
train,,,,,,,211.2838237285614,5.0,255.0,2131.0,0.6563519239425659,0.9999990463256836,0.0009999994626662895,0.001,False,128.0,128.0,,
train,,,,,,,211.35714268684387,5.0,256.0,2132.0,0.7846512794494629,0.9999991655349731,0.0009999988836845036,0.001,False,128.0,128.0,,
train,,,,,,,211.4289848804474,5.0,257.0,2133.0,0.8179454803466797,0.9999991655349731,0.0009999977479799478,0.001,False,128.0,128.0,,
train,,,,,,,211.500634431839,5.0,258.0,2134.0,0.8042517304420471,0.9999991059303284,0.0009999986768497017,0.001,False,128.0,128.0,,
train,,,,,,,211.57418274879456,5.0,259.0,2135.0,0.7482890486717224,0.9999992847442627,0.0010000011199789824,0.001,False,128.0,128.0,,
train,,,,,,,211.64770412445068,5.0,260.0,2136.0,0.8432981967926025,0.9999991655349731,0.0010000000266042188,0.001,False,128.0,128.0,,
train,,,,,,,211.71985030174255,5.0,261.0,2137.0,0.7244845628738403,0.9999992847442627,0.0009999998701737867,0.001,False,128.0,128.0,,
train,,,,,,,211.80566143989563,5.0,262.0,2138.0,0.7334254384040833,0.9999991655349731,0.0010000001681576408,0.001,False,128.0,128.0,,
train,,,,,,,211.88375067710876,5.0,263.0,2139.0,0.7533493041992188,0.9999992847442627,0.000999999387476392,0.001,False,128.0,128.0,,
train,,,,,,,211.95313453674316,5.0,264.0,2140.0,0.7690680623054504,0.9999991655349731,0.0009999977581385113,0.001,False,128.0,128.0,,
train,,,,,,,212.02460312843323,5.0,265.0,2141.0,0.770663321018219,0.9999991655349731,0.0009999989701432142,0.001,False,128.0,128.0,,
train,,,,,,,212.0932641029358,5.0,266.0,2142.0,0.8730165958404541,0.9999991655349731,0.0010000022216236934,0.001,False,128.0,128.0,,
train,,,,,,,212.16515374183655,5.0,267.0,2143.0,0.7962685227394104,0.9999992847442627,0.000999998806468403,0.001,False,128.0,128.0,,
train,,,,,,,212.2400963306427,5.0,268.0,2144.0,0.7217961549758911,0.9999991059303284,0.0009999992621598835,0.001,False,128.0,128.0,,
train,,,,,,,212.31269764900208,5.0,269.0,2145.0,0.7632805109024048,0.9999991655349731,0.0010000008772844714,0.001,False,128.0,128.0,,
train,,,,,,,212.39073872566223,5.0,270.0,2146.0,0.7791791558265686,0.9999991655349731,0.0009999995514564197,0.001,False,128.0,128.0,,
train,,,,,,,212.4633858203888,5.0,271.0,2147.0,0.8546072244644165,0.9999992251396179,0.0009999973478545885,0.001,False,128.0,128.0,,
train,,,,,,,212.5342152118683,5.0,272.0,2148.0,0.7660226225852966,0.9999992251396179,0.000999999309455418,0.001,False,128.0,128.0,,
train,,,,,,,212.61018180847168,5.0,273.0,2149.0,0.6668539047241211,0.9999989867210388,0.0009999978144824544,0.001,False,128.0,128.0,,
train,,,,,,,212.6801655292511,5.0,274.0,2150.0,0.8186105489730835,0.9999991059303284,0.0009999985450660457,0.001,False,128.0,128.0,,
train,,,,,,,212.7504951953888,5.0,275.0,2151.0,0.7743707299232483,0.9999991059303284,0.000999999491282303,0.001,False,128.0,128.0,,
train,,,,,,,212.82665872573853,5.0,276.0,2152.0,0.7632021307945251,0.9999991059303284,0.0009999998456378543,0.001,False,128.0,128.0,,
train,,,,,,,212.90294361114502,5.0,277.0,2153.0,0.7175343036651611,0.9999992251396179,0.0009999978156481912,0.001,False,128.0,128.0,,
train,,,,,,,212.97420740127563,5.0,278.0,2154.0,0.7248415946960449,0.9999991059303284,0.0009999980281453196,0.001,False,128.0,128.0,,
train,,,,,,,213.04727792739868,5.0,279.0,2155.0,0.6864320635795593,0.9999993443489075,0.000999997172522137,0.001,False,128.0,128.0,,
train,,,,,,,213.1233720779419,5.0,280.0,2156.0,0.6631762981414795,0.9999990463256836,0.0009999986286104462,0.001,False,128.0,128.0,,
train,,,,,,,213.19945669174194,5.0,281.0,2157.0,0.6954501271247864,0.9999991655349731,0.0009999994644981586,0.001,False,128.0,128.0,,
train,,,,,,,213.27534699440002,5.0,282.0,2158.0,0.7274957299232483,0.9999992251396179,0.0009999999076160623,0.001,False,128.0,128.0,,
train,,,,,,,213.35260581970215,5.0,283.0,2159.0,0.6590046286582947,0.9999991655349731,0.000999999493308461,0.001,False,128.0,128.0,,
train,,,,,,,213.4292070865631,5.0,284.0,2160.0,0.8341624736785889,0.9999991059303284,0.0009999974925447774,0.001,False,128.0,128.0,,
train,,,,,,,213.5071907043457,5.0,285.0,2161.0,0.7656366229057312,0.9999991059303284,0.00099999984830239,0.001,False,128.0,128.0,,
train,,,,,,,213.5817630290985,5.0,286.0,2162.0,0.7442237734794617,0.9999991059303284,0.0009999994135388931,0.001,False,128.0,128.0,,
train,,,,,,,213.65606117248535,5.0,287.0,2163.0,0.6516678333282471,0.9999991655349731,0.000999997551581033,0.001,False,128.0,128.0,,
train,,,,,,,213.7299337387085,5.0,288.0,2164.0,0.6220221519470215,0.9999992251396179,0.0009999999637655954,0.001,False,128.0,128.0,,
train,,,,,,,213.80590176582336,5.0,289.0,2165.0,0.8160536289215088,0.9999992251396179,0.0010000009463680363,0.001,False,128.0,128.0,,
train,,,,,,,213.88871240615845,5.0,290.0,2166.0,0.7649999260902405,0.9999992847442627,0.0010000001952748332,0.001,False,128.0,128.0,,
train,,,,,,,213.96631360054016,5.0,291.0,2167.0,0.7161685228347778,0.9999992847442627,0.0009999983018157974,0.001,False,128.0,128.0,,
train,,,,,,,214.05475425720215,5.0,292.0,2168.0,0.7631715536117554,0.9999991655349731,0.0009999980736090412,0.001,False,128.0,128.0,,
train,,,,,,,214.14914464950562,5.0,293.0,2169.0,0.7528881430625916,0.9999991655349731,0.0009999983179695697,0.001,False,128.0,128.0,,
train,,,,,,,214.2333254814148,5.0,294.0,2170.0,0.7662116885185242,0.9999991059303284,0.0009999976425640285,0.001,False,128.0,128.0,,
train,,,,,,,214.31186389923096,5.0,295.0,2171.0,0.7603042125701904,0.9999992251396179,0.0010000013692514967,0.001,False,128.0,128.0,,
train,,,,,,,214.38722848892212,5.0,296.0,2172.0,0.8177276253700256,0.9999992251396179,0.00100000101386953,0.001,False,128.0,128.0,,
train,,,,,,,214.47045063972473,5.0,297.0,2173.0,0.8383164405822754,0.9999992251396179,0.000999999241842787,0.001,False,128.0,128.0,,
train,,,,,,,214.5708303451538,5.0,298.0,2174.0,0.7740070223808289,0.9999992847442627,0.0009999994814845798,0.001,False,128.0,128.0,,
train,,,,,,,214.66593050956726,5.0,299.0,2175.0,0.7559731006622314,0.9999991655349731,0.0010000012543435644,0.001,False,128.0,128.0,,
train,,,,,,,214.74999046325684,5.0,300.0,2176.0,0.7812622785568237,0.9999992847442627,0.00099999884762997,0.001,False,128.0,128.0,,
train,,,,,,,214.84667348861694,5.0,301.0,2177.0,0.6914151906967163,0.9999991059303284,0.0010000002567534193,0.001,False,128.0,128.0,,
train,,,,,,,214.93841576576233,5.0,302.0,2178.0,0.7243435978889465,0.9999992847442627,0.0009999990668992458,0.001,False,128.0,128.0,,
train,,,,,,,215.02875590324402,5.0,303.0,2179.0,0.6921896934509277,0.9999991059303284,0.000999999705277877,0.001,False,128.0,128.0,,
train,,,,,,,215.12209224700928,5.0,304.0,2180.0,0.7837967276573181,0.9999990463256836,0.0010000000194432806,0.001,False,128.0,128.0,,
train,,,,,,,215.2077236175537,5.0,305.0,2181.0,0.8122897148132324,0.9999992847442627,0.0009999973093297466,0.001,False,128.0,128.0,,
train,,,,,,,215.2923879623413,5.0,306.0,2182.0,0.7894248962402344,0.9999993443489075,0.000999998079298945,0.001,False,128.0,128.0,,
train,,,,,,,215.37458682060242,5.0,307.0,2183.0,0.7374564409255981,0.9999991655349731,0.0009999993382102139,0.001,False,128.0,128.0,,
train,,,,,,,215.45778131484985,5.0,308.0,2184.0,0.7360891699790955,0.9999991655349731,0.0010000022659770037,0.001,False,128.0,128.0,,
train,,,,,,,215.55161881446838,5.0,309.0,2185.0,0.7617866396903992,0.9999992251396179,0.0009999966827179893,0.001,False,128.0,128.0,,
train,,,,,,,215.6327085494995,5.0,310.0,2186.0,0.6388858556747437,0.9999991059303284,0.0009999994054897714,0.001,False,128.0,128.0,,
train,,,,,,,215.71697211265564,5.0,311.0,2187.0,0.7032612562179565,0.9999992847442627,0.0010000010797056864,0.001,False,128.0,128.0,,
train,,,,,,,216.00646328926086,5.0,312.0,2188.0,0.7008731961250305,0.9999992847442627,0.0010000000193322583,0.001,False,128.0,128.0,,
train,,,,,,,216.0843563079834,5.0,313.0,2189.0,0.7053213715553284,0.9999991059303284,0.0009999997498533436,0.001,False,128.0,128.0,,
train,,,,,,,216.16406631469727,5.0,314.0,2190.0,0.6848990321159363,0.9999992847442627,0.0009999987177059624,0.001,False,128.0,128.0,,
train,,,,,,,216.24429655075073,5.0,315.0,2191.0,0.7442299127578735,0.9999992251396179,0.0009999969478400917,0.001,False,128.0,128.0,,
train,,,,,,,216.32277512550354,5.0,316.0,2192.0,0.6328300833702087,0.9999991059303284,0.0009999995730225115,0.001,False,128.0,128.0,,
train,,,,,,,216.42374229431152,5.0,317.0,2193.0,0.7141484022140503,0.9999992251396179,0.0009999973918750473,0.001,False,128.0,128.0,,
train,,,,,,,216.50406122207642,5.0,318.0,2194.0,0.6941068172454834,0.9999991059303284,0.0009999994874520315,0.001,False,128.0,128.0,,
train,,,,,,,216.59175324440002,5.0,319.0,2195.0,0.7801741361618042,0.9999990463256836,0.0010000006345621461,0.001,False,128.0,128.0,,
train,,,,,,,216.66895151138306,5.0,320.0,2196.0,0.8172272443771362,0.9999992251396179,0.0009999987648072334,0.001,False,128.0,128.0,,
train,,,,,,,216.75804328918457,5.0,321.0,2197.0,0.6411258578300476,0.9999992847442627,0.0009999989774984494,0.001,False,128.0,128.0,,
train,,,,,,,216.85596585273743,5.0,322.0,2198.0,0.756054162979126,0.9999991059303284,0.0010000005774412062,0.001,False,128.0,128.0,,
train,,,,,,,216.94657135009766,5.0,323.0,2199.0,0.770672082901001,0.9999991655349731,0.0009999985395149225,0.001,False,128.0,128.0,,
train,,,,,,,217.04822301864624,5.0,324.0,2200.0,0.7115956544876099,0.9999991059303284,0.0009999995640852122,0.001,False,128.0,128.0,,
train,,,,,,,217.14209127426147,5.0,325.0,2201.0,0.768942654132843,0.9999991655349731,0.0010000001691568413,0.001,False,128.0,128.0,,
train,,,,,,,217.2192986011505,5.0,326.0,2202.0,0.6643087267875671,0.9999992847442627,0.001000001527791115,0.001,False,128.0,128.0,,
train,,,,,,,217.29772281646729,5.0,327.0,2203.0,0.7817012071609497,0.9999992251396179,0.0009999976110891312,0.001,False,128.0,128.0,,
train,,,,,,,217.37902736663818,5.0,328.0,2204.0,0.6574813723564148,0.9999993443489075,0.0010000009970496681,0.001,False,128.0,128.0,,
train,,,,,,,217.45694518089294,5.0,329.0,2205.0,0.6500656008720398,0.9999992251396179,0.0009999988086055848,0.001,False,128.0,128.0,,
train,,,,,,,217.53446316719055,5.0,330.0,2206.0,0.7757809162139893,0.9999990463256836,0.0009999979277809552,0.001,False,128.0,128.0,,
train,,,,,,,217.61921072006226,5.0,331.0,2207.0,0.7226651310920715,0.9999991059303284,0.000999999700476161,0.001,False,128.0,128.0,,
train,,,,,,,217.69720482826233,5.0,332.0,2208.0,0.6434499025344849,0.9999991059303284,0.0009747054963617659,0.001,False,128.0,128.0,,
train,,,,,,,217.79192519187927,5.0,333.0,2209.0,0.7032892107963562,0.9747055172920227,0.0009999997003651386,0.001,False,128.0,128.0,,
train,,,,,,,217.87847208976746,5.0,334.0,2210.0,0.7451783418655396,0.9999991655349731,0.0009999996960352675,0.001,False,128.0,128.0,,
train,,,,,,,217.960697889328,5.0,335.0,2211.0,0.7202337384223938,0.9999992251396179,0.0009999972056346318,0.001,False,128.0,128.0,,
train,,,,,,,218.03985214233398,5.0,336.0,2212.0,0.7325437068939209,0.9999990463256836,0.0009999991486950002,0.001,False,128.0,128.0,,
train,,,,,,,218.1228542327881,5.0,337.0,2213.0,0.7917367219924927,0.9999991655349731,0.0009999983539408556,0.001,False,128.0,128.0,,
train,,,,,,,218.2080593109131,5.0,338.0,2214.0,0.6029471158981323,0.9999991059303284,0.0010000000358468253,0.001,False,128.0,128.0,,
train,,,,,,,218.2890088558197,5.0,339.0,2215.0,0.725433886051178,0.9999991059303284,0.0009999983772278217,0.001,False,128.0,128.0,,
train,,,,,,,218.36588048934937,5.0,340.0,2216.0,0.7170943021774292,0.9999991655349731,0.00099999727982549,0.001,False,128.0,128.0,,
train,,,,,,,218.44590520858765,5.0,341.0,2217.0,0.6771225333213806,0.9999992251396179,0.0009999974855781106,0.001,False,128.0,128.0,,
train,,,,,,,218.5297567844391,5.0,342.0,2218.0,0.667306661605835,0.9999991655349731,0.0009999985359066923,0.001,False,128.0,128.0,,
train,,,,,,,218.60794472694397,5.0,343.0,2219.0,0.7876293659210205,0.9999991655349731,0.0009999999995980442,0.001,False,128.0,128.0,,
train,,,,,,,218.68625211715698,5.0,344.0,2220.0,0.6840484738349915,0.9999991655349731,0.0009999987108225707,0.001,False,128.0,128.0,,
train,,,,,,,218.77674770355225,5.0,345.0,2221.0,0.7023382186889648,0.9999991655349731,0.0009999997225696054,0.001,False,128.0,128.0,,
train,,,,,,,218.86477494239807,5.0,346.0,2222.0,0.6592883467674255,0.9999991059303284,0.0009999986830947145,0.001,False,128.0,128.0,,
train,,,,,,,218.9487235546112,5.0,347.0,2223.0,0.6929896473884583,0.9999991059303284,0.0010000002415988787,0.001,False,128.0,128.0,,
train,,,,,,,219.02891731262207,5.0,348.0,2224.0,0.7970435619354248,0.9999992251396179,0.0010000022020838115,0.001,False,128.0,128.0,,
train,,,,,,,219.11091017723083,5.0,349.0,2225.0,0.755612313747406,0.9999993443489075,0.0010000005551534916,0.001,False,128.0,128.0,,
train,,,,,,,219.19458293914795,5.0,350.0,2226.0,0.8148379325866699,0.9999992251396179,0.0010000012702197337,0.001,False,128.0,128.0,,
train,,,,,,,219.28050541877747,5.0,351.0,2227.0,0.7459650635719299,0.9999992251396179,0.0009999987463775082,0.001,False,128.0,128.0,,
train,,,,,,,219.36309552192688,5.0,352.0,2228.0,0.7351856827735901,0.9999990463256836,0.0009999993031271424,0.001,False,128.0,128.0,,
train,,,,,,,219.44262552261353,5.0,353.0,2229.0,0.6853995323181152,0.9999991655349731,0.0009999991819462076,0.001,False,128.0,128.0,,
train,,,,,,,219.53584265708923,5.0,354.0,2230.0,0.6896586418151855,0.9999989867210388,0.0009999995963649601,0.001,False,128.0,128.0,,
train,,,,,,,219.62797832489014,5.0,355.0,2231.0,0.6979638338088989,0.9999991059303284,0.0010000019599446736,0.001,False,128.0,128.0,,
train,,,,,,,219.71560788154602,5.0,356.0,2232.0,0.6649011373519897,0.9999992847442627,0.0009999974244324218,0.001,False,128.0,128.0,,
train,,,,,,,219.80821299552917,5.0,357.0,2233.0,0.7202329039573669,0.9999989867210388,0.0009999986957235178,0.001,False,128.0,128.0,,
train,,,,,,,219.89921116828918,5.0,358.0,2234.0,0.688829243183136,0.9999991655349731,0.000999997966860886,0.001,False,128.0,128.0,,
train,,,,,,,219.99319195747375,5.0,359.0,2235.0,0.7611871957778931,0.9999991059303284,0.000999998633217878,0.001,False,128.0,128.0,,
train,,,,,,,220.07862949371338,5.0,360.0,2236.0,0.6136128306388855,0.9999991059303284,0.0009509898736154789,0.001,False,128.0,128.0,,
train,,,,,,,220.16935443878174,5.0,361.0,2237.0,0.7280082106590271,0.9509890675544739,0.0009999982224902246,0.001,False,128.0,128.0,,
train,,,,,,,220.25831127166748,5.0,362.0,2238.0,0.6530682444572449,0.9999990463256836,0.0010000000530275258,0.001,False,128.0,128.0,,
train,,,,,,,220.34854865074158,5.0,363.0,2239.0,0.6207939386367798,0.9999990463256836,0.0009395043508949027,0.001,False,128.0,128.0,,
train,,,,,,,220.43469405174255,5.0,364.0,2240.0,0.6517214775085449,0.939504086971283,0.0009988664720083863,0.001,False,128.0,128.0,,
train,,,,,,,220.52031636238098,5.0,365.0,2241.0,0.8744261264801025,0.9988670349121094,0.00100000093393355,0.001,False,128.0,128.0,,
train,,,,,,,220.62928080558777,5.0,366.0,2242.0,0.7373154759407043,0.9999992847442627,0.0009999982606264525,0.001,False,128.0,128.0,,
train,,,,,,,220.73120212554932,5.0,367.0,2243.0,0.8365746140480042,0.9999992847442627,0.0010000005315890207,0.001,False,128.0,128.0,,
train,,,,,,,220.82671284675598,5.0,368.0,2244.0,0.6713117957115173,0.9999990463256836,0.0009999988682523862,0.001,False,128.0,128.0,,
train,,,,,,,220.9252326488495,5.0,369.0,2245.0,0.7830107808113098,0.9999992251396179,0.0010000003133747775,0.001,False,128.0,128.0,,
train,,,,,,,221.00441193580627,5.0,370.0,2246.0,0.667516827583313,0.9999992847442627,0.0009999988232327905,0.001,False,128.0,128.0,,
train,,,,,,,221.09554862976074,5.0,371.0,2247.0,0.6792039275169373,0.9999991059303284,0.0009999997057497218,0.001,False,128.0,128.0,,
train,,,,,,,221.17900681495667,5.0,372.0,2248.0,0.730426549911499,0.9999991059303284,0.0009999974442777093,0.001,False,128.0,128.0,,
train,,,,,,,221.2648730278015,5.0,373.0,2249.0,0.7270401120185852,0.9999993443489075,0.000999998394824885,0.001,False,128.0,128.0,,
train,,,,,,,221.37017369270325,5.0,374.0,2250.0,0.8203112483024597,0.9999993443489075,0.0009999982592386713,0.001,False,128.0,128.0,,
train,,,,,,,221.46323227882385,5.0,375.0,2251.0,0.7456779479980469,0.9999992847442627,0.0009999993640506714,0.001,False,128.0,128.0,,
train,,,,,,,221.54477429389954,5.0,376.0,2252.0,0.7461397051811218,0.9999992251396179,0.0009908119143874513,0.001,False,128.0,128.0,,
train,,,,,,,221.63102769851685,5.0,377.0,2253.0,0.6597968935966492,0.9908124208450317,0.0009999990844130303,0.001,False,128.0,128.0,,
train,,,,,,,221.71003532409668,5.0,378.0,2254.0,0.7469658255577087,0.9999991655349731,0.000999998956126634,0.001,False,128.0,128.0,,
train,,,,,,,221.7880744934082,5.0,379.0,2255.0,0.6784570217132568,0.9999991655349731,0.0009999986594746882,0.001,False,128.0,128.0,,
train,,,,,,,221.8735158443451,5.0,380.0,2256.0,0.7625206708908081,0.9999991059303284,0.0009999986306088505,0.001,False,128.0,128.0,,
train,,,,,,,221.95937323570251,5.0,381.0,2257.0,0.7439885139465332,0.9999991059303284,0.001000000271935715,0.001,False,128.0,128.0,,
train,,,,,,,222.04932737350464,5.0,382.0,2258.0,0.6524341702461243,0.9999991655349731,0.0010000007657626603,0.001,False,128.0,128.0,,
train,,,,,,,222.1317527294159,5.0,383.0,2259.0,0.7315071821212769,0.9999990463256836,0.0009999987236456631,0.001,False,128.0,128.0,,
train,,,,,,,222.21630573272705,5.0,384.0,2260.0,0.7717586755752563,0.9999991655349731,0.0009999974606535406,0.001,False,128.0,128.0,,
train,,,,,,,222.29701209068298,5.0,385.0,2261.0,0.6734898686408997,0.9999992847442627,0.0010000007723129712,0.001,False,128.0,128.0,,
train,,,,,,,222.37841939926147,5.0,386.0,2262.0,0.7044541239738464,0.9999992847442627,0.0009999989811066779,0.001,False,128.0,128.0,,
train,,,,,,,222.4613811969757,5.0,387.0,2263.0,0.7232862114906311,0.9999994039535522,0.0009999973013361193,0.001,False,128.0,128.0,,
train,,,,,,,222.5416281223297,5.0,388.0,2264.0,0.7352688908576965,0.9999991059303284,0.0009999969903062512,0.001,False,128.0,128.0,,
train,,,,,,,222.62836456298828,5.0,389.0,2265.0,0.7814246416091919,0.9999991655349731,0.0010000006910447052,0.001,False,128.0,128.0,,
train,,,,,,,222.7088692188263,5.0,390.0,2266.0,0.7067255973815918,0.9999992251396179,0.000999997537092587,0.001,False,128.0,128.0,,
train,,,,,,,222.78658199310303,5.0,391.0,2267.0,0.6277477741241455,0.9999991655349731,0.0010000008264085447,0.001,False,128.0,128.0,,
train,,,,,,,222.86447024345398,5.0,392.0,2268.0,0.6780848503112793,0.9999992847442627,0.0009999998001742135,0.001,False,128.0,128.0,,
train,,,,,,,222.95900440216064,5.0,393.0,2269.0,0.7726051807403564,0.9999991059303284,0.0009999991354278236,0.001,False,128.0,128.0,,
train,,,,,,,223.06571865081787,5.0,394.0,2270.0,0.6754305958747864,0.9999991655349731,0.0010000006055020767,0.001,False,128.0,128.0,,
train,,,,,,,223.1434030532837,5.0,395.0,2271.0,0.7136658430099487,0.9999991059303284,0.0009999983107808635,0.001,False,128.0,128.0,,
train,,,,,,,223.22543740272522,5.0,396.0,2272.0,0.7256608009338379,0.9999991059303284,0.001000003217935126,0.001,False,128.0,128.0,,
train,,,,,,,223.32641792297363,5.0,397.0,2273.0,0.7128927707672119,0.9999991059303284,0.0009999986813183552,0.001,False,128.0,128.0,,
train,,,,,,,223.4059238433838,5.0,398.0,2274.0,0.6999473571777344,0.9999990463256836,0.0009999983511652934,0.001,False,128.0,128.0,,
train,,,,,,,223.48774647712708,5.0,399.0,2275.0,0.6874316930770874,0.9999991655349731,0.000999998163259719,0.001,False,128.0,128.0,,
train,,,,,,,223.5625810623169,5.0,400.0,2276.0,0.7827538251876831,0.9999991059303284,0.000999997535066425,0.001,False,128.0,128.0,,
train,,,,,,,223.64129376411438,5.0,401.0,2277.0,0.7495802044868469,0.9999991655349731,0.0010000000886101713,0.001,False,128.0,128.0,,
train,,,,,,,223.7228708267212,5.0,402.0,2278.0,0.6798511743545532,0.9999991655349731,0.000983161880246971,0.001,False,128.0,128.0,,
train,,,,,,,223.809996843338,5.0,403.0,2279.0,0.7105568647384644,0.983162522315979,0.0009999995723563773,0.001,False,128.0,128.0,,
train,,,,,,,223.89373970031738,5.0,404.0,2280.0,0.7410762310028076,0.9999992251396179,0.0009999990055316091,0.001,False,128.0,128.0,,
train,,,,,,,223.96975207328796,5.0,405.0,2281.0,0.7216658592224121,0.9999993443489075,0.0010000006436659693,0.001,False,128.0,128.0,,
train,,,,,,,224.05203795433044,5.0,406.0,2282.0,0.707407534122467,0.9999989867210388,0.0009999986560052367,0.001,False,128.0,128.0,,
train,,,,,,,224.1347496509552,5.0,407.0,2283.0,0.7323721647262573,0.9999991655349731,0.0009999990645955309,0.001,False,128.0,128.0,,
train,,,,,,,224.2155842781067,5.0,408.0,2284.0,0.6925811767578125,0.9999991655349731,0.0009999993313823377,0.001,False,128.0,128.0,,
train,,,,,,,224.30705380439758,5.0,409.0,2285.0,0.7242447137832642,0.9999992847442627,0.0009999987175949398,0.001,False,128.0,128.0,,
train,,,,,,,224.3870828151703,5.0,410.0,2286.0,0.7279629111289978,0.9999991059303284,0.0010000005929843194,0.001,False,128.0,128.0,,
train,,,,,,,224.46447491645813,5.0,411.0,2287.0,0.7460862398147583,0.9999992847442627,0.000999999435965411,0.001,False,128.0,128.0,,
train,,,,,,,224.55138301849365,5.0,412.0,2288.0,0.7185536026954651,0.9999992251396179,0.000999999351394121,0.001,False,128.0,128.0,,
train,,,,,,,224.633234500885,5.0,413.0,2289.0,0.7265272736549377,0.9999991655349731,0.0009999972059676996,0.001,False,128.0,128.0,,
train,,,,,,,224.71070218086243,5.0,414.0,2290.0,0.6370388865470886,0.9999991655349731,0.000999999315561649,0.001,False,128.0,128.0,,
train,,,,,,,224.78834867477417,5.0,415.0,2291.0,0.7996914982795715,0.9999991059303284,0.0009999997358090186,0.001,False,128.0,128.0,,
train,,,,,,,224.87385320663452,5.0,416.0,2292.0,0.6423139572143555,0.9999992847442627,0.000932878489478349,0.001,False,128.0,128.0,,
train,,,,,,,224.95049142837524,5.0,417.0,2293.0,0.7479130625724792,0.9328767657279968,0.0010000010657724024,0.001,False,128.0,128.0,,
train,,,,,,,225.04724955558777,5.0,418.0,2294.0,0.690667450428009,0.9999991655349731,0.0009602183246637075,0.001,False,128.0,128.0,,
train,,,,,,,225.13414645195007,5.0,419.0,2295.0,0.7324021458625793,0.9602184891700745,0.000999998705660027,0.001,False,128.0,128.0,,
train,,,,,,,225.2393457889557,5.0,420.0,2296.0,0.5876584053039551,0.9999991655349731,0.0009999993131746677,0.001,False,128.0,128.0,,
train,,,,,,,225.34457159042358,5.0,421.0,2297.0,0.6944722533226013,0.9999991059303284,0.000999999668557239,0.001,False,128.0,128.0,,
train,,,,,,,225.60350275039673,5.0,422.0,2298.0,0.797476589679718,0.9999992251396179,0.0009999994369091012,0.001,False,128.0,128.0,,
train,,,,,,,225.68919348716736,5.0,423.0,2299.0,0.6172170639038086,0.9999991059303284,0.000999999551234375,0.001,False,128.0,128.0,,
train,,,,,,,225.765949010849,5.0,424.0,2300.0,0.7020760774612427,0.9999991655349731,0.0009999994118180464,0.001,False,128.0,128.0,,
train,,,,,,,225.843918800354,5.0,425.0,2301.0,0.7765775918960571,0.9999990463256836,0.0009999970293029516,0.001,False,128.0,128.0,,
train,,,,,,,225.92115235328674,5.0,426.0,2302.0,0.6618216037750244,0.9999992847442627,0.0009999984683772758,0.001,False,128.0,128.0,,
train,,,,,,,225.99711203575134,5.0,427.0,2303.0,0.6906713247299194,0.9999991655349731,0.0009999981445801822,0.001,False,128.0,128.0,,
train,,,,,,,226.07373929023743,5.0,428.0,2304.0,0.6185686588287354,0.9999991655349731,0.0009999994292208025,0.001,False,128.0,128.0,,
train,,,,,,,226.15224409103394,5.0,429.0,2305.0,0.7101883292198181,0.9999991059303284,0.0009999975590473012,0.001,False,128.0,128.0,,
train,,,,,,,226.23373675346375,5.0,430.0,2306.0,0.7207555770874023,0.9999992847442627,0.0009999989492432441,0.001,False,128.0,128.0,,
train,,,,,,,226.31598210334778,5.0,431.0,2307.0,0.5505051016807556,0.9999990463256836,0.0009745565276492181,0.001,False,128.0,128.0,,
train,,,,,,,226.39370393753052,5.0,432.0,2308.0,0.6917431950569153,0.9745575189590454,0.000999999376762733,0.001,False,128.0,128.0,,
train,,,,,,,226.46835589408875,5.0,433.0,2309.0,0.6355778574943542,0.9999991059303284,0.0009999973441908428,0.001,False,128.0,128.0,,
train,,,,,,,226.550630569458,5.0,434.0,2310.0,0.685416579246521,0.9999992251396179,0.0009999989150483385,0.001,False,128.0,128.0,,
train,,,,,,,226.635817527771,5.0,435.0,2311.0,0.7016208171844482,0.9999990463256836,0.0010000006988440165,0.001,False,128.0,128.0,,
train,,,,,,,226.71545910835266,5.0,436.0,2312.0,0.8648807406425476,0.9999991655349731,0.000999997693856452,0.001,False,128.0,128.0,,
train,,,,,,,226.80474615097046,5.0,437.0,2313.0,0.8158299922943115,0.9999991059303284,0.0010000014491319308,0.001,False,128.0,128.0,,
train,,,,,,,226.88702845573425,5.0,438.0,2314.0,0.6519403457641602,0.9999993443489075,0.0009999995735776232,0.001,False,128.0,128.0,,
train,,,,,,,226.96486687660217,5.0,439.0,2315.0,0.743286669254303,0.9999991059303284,0.0010000001195853904,0.001,False,128.0,128.0,,
train,,,,,,,227.04163122177124,5.0,440.0,2316.0,0.7404282093048096,0.9999992847442627,0.0009999988280622663,0.001,False,128.0,128.0,,
train,,,,,,,227.12723636627197,5.0,441.0,2317.0,0.7745111584663391,0.9999991655349731,0.0009999988534031361,0.001,False,128.0,128.0,,
train,,,,,,,227.20697808265686,5.0,442.0,2318.0,0.6835228800773621,0.9999992251396179,0.0009999995878717505,0.001,False,128.0,128.0,,
train,,,,,,,227.2889232635498,5.0,443.0,2319.0,0.677086591720581,0.9999992847442627,0.0010000003450716343,0.001,False,128.0,128.0,,
train,,,,,,,227.3720805644989,5.0,444.0,2320.0,0.7365662455558777,0.9999992251396179,0.000999999009583927,0.001,False,128.0,128.0,,
train,,,,,,,227.45118045806885,5.0,445.0,2321.0,0.6474876403808594,0.9999992251396179,0.0010000017928286664,0.001,False,128.0,128.0,,
train,,,,,,,227.53101229667664,5.0,446.0,2322.0,0.6749180555343628,0.9999990463256836,0.00100000252965434,0.001,False,128.0,128.0,,
train,,,,,,,227.6153428554535,5.0,447.0,2323.0,0.695518434047699,0.9999991059303284,0.000999998389856629,0.001,False,128.0,128.0,,
train,,,,,,,227.69819521903992,5.0,448.0,2324.0,0.6875755786895752,0.9999990463256836,0.0009999980634227252,0.001,False,128.0,128.0,,
train,,,,,,,227.80018782615662,5.0,449.0,2325.0,0.727103054523468,0.9999990463256836,0.0009999985429566189,0.001,False,128.0,128.0,,
train,,,,,,,227.87987446784973,5.0,450.0,2326.0,0.6981728672981262,0.9999992251396179,0.0009999989835491711,0.001,False,128.0,128.0,,
train,,,,,,,227.95910263061523,5.0,451.0,2327.0,0.6497795581817627,0.9999991059303284,0.0009908139423276687,0.001,False,128.0,128.0,,
train,,,,,,,228.04503536224365,5.0,452.0,2328.0,0.7322531342506409,0.9908142685890198,0.0009999984058993772,0.001,False,128.0,128.0,,
train,,,,,,,228.12989926338196,5.0,453.0,2329.0,0.7533939480781555,0.9999991655349731,0.00099999859352735,0.001,False,128.0,128.0,,
train,,,,,,,228.21314549446106,5.0,454.0,2330.0,0.7180213928222656,0.9999992251396179,0.0009999993191698762,0.001,False,128.0,128.0,,
train,,,,,,,228.29597973823547,5.0,455.0,2331.0,0.6904706358909607,0.9999991655349731,0.0010000026070921969,0.001,False,128.0,128.0,,
train,,,,,,,228.37401390075684,5.0,456.0,2332.0,0.6203597784042358,0.9999991059303284,0.0010000005006138143,0.001,False,128.0,128.0,,
train,,,,,,,228.45355129241943,5.0,457.0,2333.0,0.7042412161827087,0.9999992847442627,0.0009999999636545731,0.001,False,128.0,128.0,,
train,,,,,,,228.53737807273865,5.0,458.0,2334.0,0.6921682357788086,0.9999991059303284,0.000999998065004796,0.001,False,128.0,128.0,,
train,,,,,,,228.62749195098877,5.0,459.0,2335.0,0.7435596585273743,0.9999991655349731,0.0009999968753978158,0.001,False,128.0,128.0,,
train,,,,,,,228.71256518363953,5.0,460.0,2336.0,0.770537257194519,0.9999991655349731,0.0010000025379809914,0.001,False,128.0,128.0,,
train,,,,,,,228.79484391212463,5.0,461.0,2337.0,0.7310675382614136,0.9999990463256836,0.0009999996251475033,0.001,False,128.0,128.0,,
train,,,,,,,228.8800060749054,5.0,462.0,2338.0,0.819096565246582,0.9999992251396179,0.0010000003622523295,0.001,False,128.0,128.0,,
train,,,,,,,228.96950364112854,5.0,463.0,2339.0,0.7458619475364685,0.9999991059303284,0.0010000000295185543,0.001,False,128.0,128.0,,
train,,,,,,,229.06447315216064,5.0,464.0,2340.0,0.7136002779006958,0.9999991655349731,0.0009999992822826904,0.001,False,128.0,128.0,,
train,,,,,,,229.16942286491394,5.0,465.0,2341.0,0.7174882292747498,0.9999991655349731,0.0009999995989462297,0.001,False,128.0,128.0,,
train,,,,,,,229.26494550704956,5.0,466.0,2342.0,0.6332244873046875,0.9999992847442627,0.0009715847760959027,0.001,False,128.0,128.0,,
train,,,,,,,229.35144329071045,5.0,467.0,2343.0,0.6924728155136108,0.9715823531150818,0.000999998750735139,0.001,False,128.0,128.0,,
train,,,,,,,229.44280171394348,5.0,468.0,2344.0,0.6929609775543213,0.9999991059303284,0.0009999979522614234,0.001,False,128.0,128.0,,
train,,,,,,,229.58795261383057,5.0,469.0,2345.0,0.754948616027832,0.9999991655349731,0.0009999996541798458,0.001,False,128.0,128.0,,
eval,,,,,,,235.01003885269165,5.0,,2345.0,,,,,False,128.0,128.0,0.6720527839183807,0.8545
train,,,,,,,235.1028962135315,6.0,1.0,2346.0,0.6411244869232178,0.9999992847442627,0.001000000863517718,0.001,False,128.0,128.0,,
train,,,,,,,235.18938541412354,6.0,2.0,2347.0,0.6955840587615967,0.9999991059303284,0.0010000000908861283,0.001,False,128.0,128.0,,
train,,,,,,,235.26547026634216,6.0,3.0,2348.0,0.5514146685600281,0.9999992251396179,0.0009777170311011355,0.001,False,128.0,128.0,,
train,,,,,,,235.3449170589447,6.0,4.0,2349.0,0.6257983446121216,0.977716863155365,0.0009999986336064568,0.001,False,128.0,128.0,,
train,,,,,,,235.42440557479858,6.0,5.0,2350.0,0.7560693621635437,0.9999989867210388,0.000999999032010454,0.001,False,128.0,128.0,,
train,,,,,,,235.51949167251587,6.0,6.0,2351.0,0.6910146474838257,0.9999991655349731,0.0010000011367155756,0.001,False,128.0,128.0,,
train,,,,,,,235.6032474040985,6.0,7.0,2352.0,0.662103533744812,0.9999991655349731,0.0009999990246552194,0.001,False,128.0,128.0,,
train,,,,,,,235.6791477203369,6.0,8.0,2353.0,0.6910648345947266,0.9999991655349731,0.0009999981043067666,0.001,False,128.0,128.0,,
train,,,,,,,235.7583043575287,6.0,9.0,2354.0,0.6947603225708008,0.9999991059303284,0.0009999997934573629,0.001,False,128.0,128.0,,
train,,,,,,,235.84874320030212,6.0,10.0,2355.0,0.6746966242790222,0.9999990463256836,0.0009999988270630645,0.001,False,128.0,128.0,,
train,,,,,,,235.93839979171753,6.0,11.0,2356.0,0.7333744168281555,0.9999991655349731,0.0009999992975205122,0.001,False,128.0,128.0,,
train,,,,,,,236.01986002922058,6.0,12.0,2357.0,0.6766160130500793,0.9999991059303284,0.000999997428901081,0.001,False,128.0,128.0,,
train,,,,,,,236.10909819602966,6.0,13.0,2358.0,0.714961051940918,0.9999992251396179,0.000999998452417795,0.001,False,128.0,128.0,,
train,,,,,,,236.20053243637085,6.0,14.0,2359.0,0.6605241298675537,0.9999991059303284,0.0009999983246309191,0.001,False,128.0,128.0,,
train,,,,,,,236.28613328933716,6.0,15.0,2360.0,0.6114221811294556,0.9999991655349731,0.0009999982622362787,0.001,False,128.0,128.0,,
train,,,,,,,236.36817145347595,6.0,16.0,2361.0,0.7586450576782227,0.9999991655349731,0.000999998795033092,0.001,False,128.0,128.0,,
train,,,,,,,236.4479968547821,6.0,17.0,2362.0,0.65631103515625,0.9999992847442627,0.0010000003266974495,0.001,False,128.0,128.0,,
train,,,,,,,236.5312533378601,6.0,18.0,2363.0,0.6663777232170105,0.9999991655349731,0.0009999993627461587,0.001,False,128.0,128.0,,
train,,,,,,,236.61454224586487,6.0,19.0,2364.0,0.6572102308273315,0.9999990463256836,0.0009999978052675832,0.001,False,128.0,128.0,,
train,,,,,,,236.69771814346313,6.0,20.0,2365.0,0.7540296912193298,0.9999992251396179,0.0010000012647241366,0.001,False,128.0,128.0,,
train,,,,,,,236.78246521949768,6.0,21.0,2366.0,0.7236014604568481,0.9999991655349731,0.0009999992791185526,0.001,False,128.0,128.0,,
train,,,,,,,236.87301778793335,6.0,22.0,2367.0,0.6883252859115601,0.9999991655349731,0.0009999999753119153,0.001,False,128.0,128.0,,
train,,,,,,,236.95804238319397,6.0,23.0,2368.0,0.6771507263183594,0.9999992251396179,0.0010000005148246619,0.001,False,128.0,128.0,,
train,,,,,,,237.04429006576538,6.0,24.0,2369.0,0.7594752907752991,0.9999991059303284,0.0009999999733135137,0.001,False,128.0,128.0,,
train,,,,,,,237.12694263458252,6.0,25.0,2370.0,0.672177791595459,0.9999990463256836,0.0009999989361981097,0.001,False,128.0,128.0,,
train,,,,,,,237.21006155014038,6.0,26.0,2371.0,0.7083292007446289,0.9999991059303284,0.0009999997940679855,0.001,False,128.0,128.0,,
train,,,,,,,237.2890260219574,6.0,27.0,2372.0,0.7153774499893188,0.9999992847442627,0.0009999997603449538,0.001,False,128.0,128.0,,
train,,,,,,,237.38195610046387,6.0,28.0,2373.0,0.6877582669258118,0.9999991655349731,0.0010000000608545976,0.001,False,128.0,128.0,,
train,,,,,,,237.46652555465698,6.0,29.0,2374.0,0.6587989330291748,0.9999991059303284,0.000999998790425661,0.001,False,128.0,128.0,,
train,,,,,,,237.5423882007599,6.0,30.0,2375.0,0.7007634043693542,0.9999991059303284,0.0010000001336852211,0.001,False,128.0,128.0,,
train,,,,,,,237.63440871238708,6.0,31.0,2376.0,0.6724356412887573,0.9999991059303284,0.0009999994700492765,0.001,False,128.0,128.0,,
train,,,,,,,237.7206313610077,6.0,32.0,2377.0,0.7211640477180481,0.9999991655349731,0.0009999989607895757,0.001,False,128.0,128.0,,
train,,,,,,,237.80530214309692,6.0,33.0,2378.0,0.6073029041290283,0.9999992251396179,0.0009999988871261987,0.001,False,128.0,128.0,,
train,,,,,,,237.8882143497467,6.0,34.0,2379.0,0.6772307753562927,0.9999991059303284,0.0009999989758886245,0.001,False,128.0,128.0,,
train,,,,,,,237.97903394699097,6.0,35.0,2380.0,0.7941135168075562,0.9999992251396179,0.0009999989383075358,0.001,False,128.0,128.0,,
train,,,,,,,238.05933117866516,6.0,36.0,2381.0,0.6667385101318359,0.9999990463256836,0.000999999469549676,0.001,False,128.0,128.0,,
train,,,,,,,238.15629625320435,6.0,37.0,2382.0,0.6797360777854919,0.9999991655349731,0.0010000008129748572,0.001,False,128.0,128.0,,
train,,,,,,,238.2400724887848,6.0,38.0,2383.0,0.7227882742881775,0.9999990463256836,0.0009999974907406604,0.001,False,128.0,128.0,,
train,,,,,,,238.31808495521545,6.0,39.0,2384.0,0.6567125916481018,0.9999992251396179,0.0009999980978119495,0.001,False,128.0,128.0,,
train,,,,,,,238.60214614868164,6.0,40.0,2385.0,0.7288562059402466,0.9999991059303284,0.0009999996128795341,0.001,False,128.0,128.0,,
train,,,,,,,238.68576407432556,6.0,41.0,2386.0,0.7567877173423767,0.9999991059303284,0.0010000003140409111,0.001,False,128.0,128.0,,
train,,,,,,,238.76646947860718,6.0,42.0,2387.0,0.5743826031684875,0.9999992251396179,0.001000000299941083,0.001,False,128.0,128.0,,
train,,,,,,,238.858904838562,6.0,43.0,2388.0,0.7299747467041016,0.9999991059303284,0.0009999973728346725,0.001,False,128.0,128.0,,
train,,,,,,,238.9382655620575,6.0,44.0,2389.0,0.6678264737129211,0.9999991059303284,0.0010000007847752149,0.001,False,128.0,128.0,,
train,,,,,,,239.01688885688782,6.0,45.0,2390.0,0.6920411586761475,0.9999992847442627,0.000999999175007308,0.001,False,128.0,128.0,,
train,,,,,,,239.09418845176697,6.0,46.0,2391.0,0.7357727885246277,0.9999991059303284,0.00099999936702052,0.001,False,128.0,128.0,,
train,,,,,,,239.17175436019897,6.0,47.0,2392.0,0.687900185585022,0.9999992251396179,0.0009987461068277743,0.001,False,128.0,128.0,,
train,,,,,,,239.24719858169556,6.0,48.0,2393.0,0.745438814163208,0.9987471699714661,0.0009999969974117,0.001,False,128.0,128.0,,
train,,,,,,,239.33883213996887,6.0,49.0,2394.0,0.7010308504104614,0.9999992251396179,0.0009999995059372542,0.001,False,128.0,128.0,,
train,,,,,,,239.42179608345032,6.0,50.0,2395.0,0.649646520614624,0.9999990463256836,0.0009879074526589404,0.001,False,128.0,128.0,,
train,,,,,,,239.499196767807,6.0,51.0,2396.0,0.757274866104126,0.9879078269004822,0.0010000002364918541,0.001,False,128.0,128.0,,
train,,,,,,,239.57596015930176,6.0,52.0,2397.0,0.6478044986724854,0.9999991655349731,0.0009999999162202916,0.001,False,128.0,128.0,,
train,,,,,,,239.67074608802795,6.0,53.0,2398.0,0.6170645952224731,0.9999992251396179,0.0010000013791879791,0.001,False,128.0,128.0,,
train,,,,,,,239.76614117622375,6.0,54.0,2399.0,0.630828857421875,0.9999991059303284,0.0009999999694832442,0.001,False,128.0,128.0,,
train,,,,,,,239.839861869812,6.0,55.0,2400.0,0.6639634966850281,0.9999992847442627,0.0009999996744969341,0.001,False,128.0,128.0,,
train,,,,,,,239.92101168632507,6.0,56.0,2401.0,0.5690737366676331,0.9999992251396179,0.0009714772177726788,0.001,False,128.0,128.0,,
train,,,,,,,240.03327631950378,6.0,57.0,2402.0,0.6990712881088257,0.9714781641960144,0.0009999979644183903,0.001,False,128.0,128.0,,
train,,,,,,,240.15082621574402,6.0,58.0,2403.0,0.6333644390106201,0.9999990463256836,0.0009018918018796631,0.001,False,128.0,128.0,,
train,,,,,,,240.23865175247192,6.0,59.0,2404.0,0.7030508518218994,0.9018906354904175,0.0009999997653964696,0.001,False,128.0,128.0,,
train,,,,,,,240.31431484222412,6.0,60.0,2405.0,0.70232754945755,0.9999992251396179,0.001000000439079732,0.001,False,128.0,128.0,,
train,,,,,,,240.389639377594,6.0,61.0,2406.0,0.6546294689178467,0.9999991059303284,0.0009999981661463042,0.001,False,128.0,128.0,,
train,,,,,,,240.4609055519104,6.0,62.0,2407.0,0.5644620656967163,0.9999991059303284,0.0010000011501492588,0.001,False,128.0,128.0,,
train,,,,,,,240.54341864585876,6.0,63.0,2408.0,0.6631297469139099,0.9999991655349731,0.0009806599360214416,0.001,False,128.0,128.0,,
train,,,,,,,240.62859916687012,6.0,64.0,2409.0,0.735194742679596,0.9806598424911499,0.0009999996738308,0.001,False,128.0,128.0,,
train,,,,,,,240.71195816993713,6.0,65.0,2410.0,0.6404913067817688,0.9999992251396179,0.0009999977316041211,0.001,False,128.0,128.0,,
train,,,,,,,240.79272294044495,6.0,66.0,2411.0,0.6680870056152344,0.9999991655349731,0.0009999989564319458,0.001,False,128.0,128.0,,
train,,,,,,,240.8761284351349,6.0,67.0,2412.0,0.6272423267364502,0.9999992251396179,0.0009999980424672248,0.001,False,128.0,128.0,,
train,,,,,,,240.9593858718872,6.0,68.0,2413.0,0.6666756868362427,0.9999991655349731,0.0009999997810228622,0.001,False,128.0,128.0,,
train,,,,,,,241.05000734329224,6.0,69.0,2414.0,0.7102996706962585,0.9999991059303284,0.0009999986364930406,0.001,False,128.0,128.0,,
train,,,,,,,241.131418466568,6.0,70.0,2415.0,0.5909989476203918,0.9999990463256836,0.000999998286827761,0.001,False,128.0,128.0,,
train,,,,,,,241.22099041938782,6.0,71.0,2416.0,0.7081702351570129,0.9999991059303284,0.000999999014690958,0.001,False,128.0,128.0,,
train,,,,,,,241.31072759628296,6.0,72.0,2417.0,0.6611464023590088,0.9999993443489075,0.0009999996836007657,0.001,False,128.0,128.0,,
train,,,,,,,241.39133262634277,6.0,73.0,2418.0,0.6897557973861694,0.9999990463256836,0.0009999982319548926,0.001,False,128.0,128.0,,
train,,,,,,,241.47539019584656,6.0,74.0,2419.0,0.7780827879905701,0.9999991655349731,0.0009999988502112415,0.001,False,128.0,128.0,,
train,,,,,,,241.5653715133667,6.0,75.0,2420.0,0.7094942927360535,0.9999992251396179,0.0010000007104597167,0.001,False,128.0,128.0,,
train,,,,,,,241.64642453193665,6.0,76.0,2421.0,0.7436742782592773,0.9999991059303284,0.0009999992982699132,0.001,False,128.0,128.0,,
train,,,,,,,241.74871850013733,6.0,77.0,2422.0,0.7164106965065002,0.9999990463256836,0.0010000001525312541,0.001,False,128.0,128.0,,
train,,,,,,,241.82829093933105,6.0,78.0,2423.0,0.6386033892631531,0.9999991059303284,0.0010000003141519332,0.001,False,128.0,128.0,,
train,,,,,,,241.90575623512268,6.0,79.0,2424.0,0.6613383889198303,0.9999992847442627,0.0009999985253318026,0.001,False,128.0,128.0,,
train,,,,,,,242.0162227153778,6.0,80.0,2425.0,0.6383026242256165,0.9999994039535522,0.000999997012621801,0.001,False,128.0,128.0,,
train,,,,,,,242.1017029285431,6.0,81.0,2426.0,0.6578910946846008,0.9999991059303284,0.000999999671832398,0.001,False,128.0,128.0,,
train,,,,,,,242.1874134540558,6.0,82.0,2427.0,0.6396288275718689,0.9999991655349731,0.0009999999443366916,0.001,False,128.0,128.0,,
train,,,,,,,242.2710497379303,6.0,83.0,2428.0,0.5762683153152466,0.9999990463256836,0.0009999979894817258,0.001,False,128.0,128.0,,
train,,,,,,,242.3764123916626,6.0,84.0,2429.0,0.6806600093841553,0.9999990463256836,0.0010000014641199197,0.001,False,128.0,128.0,,
train,,,,,,,242.49271082878113,6.0,85.0,2430.0,0.7006303668022156,0.9999991059303284,0.0010000001013222236,0.001,False,128.0,128.0,,
train,,,,,,,242.57227230072021,6.0,86.0,2431.0,0.750386655330658,0.9999992251396179,0.0009999987756041655,0.001,False,128.0,128.0,,
train,,,,,,,242.65446996688843,6.0,87.0,2432.0,0.686604380607605,0.9999991059303284,0.0009435638659168965,0.001,False,128.0,128.0,,
train,,,,,,,242.74766516685486,6.0,88.0,2433.0,0.545619010925293,0.94356369972229,0.0009999990813599141,0.001,False,128.0,128.0,,
train,,,,,,,242.8276011943817,6.0,89.0,2434.0,0.6835861206054688,0.9999989867210388,0.0009999995978360063,0.001,False,128.0,128.0,,
train,,,,,,,242.91028428077698,6.0,90.0,2435.0,0.6754893660545349,0.9999991059303284,0.0009999999240473646,0.001,False,128.0,128.0,,
train,,,,,,,242.98542881011963,6.0,91.0,2436.0,0.6940305233001709,0.9999991059303284,0.0009999992440632346,0.001,False,128.0,128.0,,
train,,,,,,,243.06705474853516,6.0,92.0,2437.0,0.7829403281211853,0.9999992251396179,0.0009999985491183656,0.001,False,128.0,128.0,,
train,,,,,,,243.15731167793274,6.0,93.0,2438.0,0.6543629169464111,0.9999992847442627,0.0010000025227154634,0.001,False,128.0,128.0,,
train,,,,,,,243.2395167350769,6.0,94.0,2439.0,0.6943692564964294,0.9999993443489075,0.0009999966306483553,0.001,False,128.0,128.0,,
train,,,,,,,243.32748556137085,6.0,95.0,2440.0,0.66927570104599,0.9999990463256836,0.000999998202894753,0.001,False,128.0,128.0,,
train,,,,,,,243.41473865509033,6.0,96.0,2441.0,0.6646130084991455,0.9999991655349731,0.000999999267683247,0.001,False,128.0,128.0,,
train,,,,,,,243.4923450946808,6.0,97.0,2442.0,0.7466250061988831,0.9999990463256836,0.0009999984397057217,0.001,False,128.0,128.0,,
train,,,,,,,243.79754972457886,6.0,98.0,2443.0,0.7155117392539978,0.9999990463256836,0.0009999984393171432,0.001,False,128.0,128.0,,
train,,,,,,,243.87854981422424,6.0,99.0,2444.0,0.6564729809761047,0.9999991059303284,0.0010000001789823134,0.001,False,128.0,128.0,,
train,,,,,,,243.95797657966614,6.0,100.0,2445.0,0.7330955266952515,0.9999990463256836,0.0009999982574068,0.001,False,128.0,128.0,,
train,,,,,,,244.0423583984375,6.0,101.0,2446.0,0.6695563793182373,0.9999991059303284,0.0009999990532712454,0.001,False,128.0,128.0,,
train,,,,,,,244.12241888046265,6.0,102.0,2447.0,0.6757610440254211,0.9999992251396179,0.0010000009693773863,0.001,False,128.0,128.0,,
train,,,,,,,244.2238471508026,6.0,103.0,2448.0,0.7886048555374146,0.9999994039535522,0.0009999984285202074,0.001,False,128.0,128.0,,
train,,,,,,,244.3069498538971,6.0,104.0,2449.0,0.7273818254470825,0.9999990463256836,0.0010000002259447378,0.001,False,128.0,128.0,,
train,,,,,,,244.40728998184204,6.0,105.0,2450.0,0.6759518384933472,0.9999992251396179,0.0009999992487816861,0.001,False,128.0,128.0,,
train,,,,,,,244.49253225326538,6.0,106.0,2451.0,0.5937145948410034,0.9999991059303284,0.000999998365709239,0.001,False,128.0,128.0,,
train,,,,,,,244.567706823349,6.0,107.0,2452.0,0.6529548168182373,0.9999992847442627,0.0009663550711976148,0.001,False,128.0,128.0,,
train,,,,,,,244.64304947853088,6.0,108.0,2453.0,0.6749995350837708,0.9663556218147278,0.0009999992760931927,0.001,False,128.0,128.0,,
train,,,,,,,244.7239270210266,6.0,109.0,2454.0,0.6638607382774353,0.9999991059303284,0.000999998181689455,0.001,False,128.0,128.0,,
train,,,,,,,244.81040596961975,6.0,110.0,2455.0,0.6932775378227234,0.9999992847442627,0.0009999987884827682,0.001,False,128.0,128.0,,
train,,,,,,,244.8879578113556,6.0,111.0,2456.0,0.6419857740402222,0.9999992251396179,0.0009999989650084275,0.001,False,128.0,128.0,,
train,,,,,,,244.96638202667236,6.0,112.0,2457.0,0.7316129803657532,0.9999992251396179,0.001000000123249126,0.001,False,128.0,128.0,,
train,,,,,,,245.04551553726196,6.0,113.0,2458.0,0.7006925940513611,0.9999992847442627,0.0010000000295463099,0.001,False,128.0,128.0,,
train,,,,,,,245.1194887161255,6.0,114.0,2459.0,0.7028528451919556,0.999998927116394,0.000999999518455025,0.001,False,128.0,128.0,,
train,,,,,,,245.19432592391968,6.0,115.0,2460.0,0.720890462398529,0.9999992847442627,0.0010000008369001436,0.001,False,128.0,128.0,,
train,,,,,,,245.27006578445435,6.0,116.0,2461.0,0.6245705485343933,0.9999991655349731,0.0009999996042197913,0.001,False,128.0,128.0,,
train,,,,,,,245.35100317001343,6.0,117.0,2462.0,0.6160348653793335,0.9999991059303284,0.001000001629986983,0.001,False,128.0,128.0,,
train,,,,,,,245.42769646644592,6.0,118.0,2463.0,0.7073927521705627,0.9999992847442627,0.0010000000645738446,0.001,False,128.0,128.0,,
train,,,,,,,245.50151205062866,6.0,119.0,2464.0,0.6707430481910706,0.9999992847442627,0.0009839424443326633,0.001,False,128.0,128.0,,
train,,,,,,,245.57870936393738,6.0,120.0,2465.0,0.6637513637542725,0.9839423298835754,0.000999997522271073,0.001,False,128.0,128.0,,
train,,,,,,,245.6622920036316,6.0,121.0,2466.0,0.6013001203536987,0.9999991655349731,0.000981085816543297,0.001,False,128.0,128.0,,
train,,,,,,,245.7457115650177,6.0,122.0,2467.0,0.6536890268325806,0.9810857176780701,0.0009999989225978631,0.001,False,128.0,128.0,,
train,,,,,,,245.82400798797607,6.0,123.0,2468.0,0.6457245945930481,0.9999991655349731,0.0009999985074571852,0.001,False,128.0,128.0,,
train,,,,,,,245.89922761917114,6.0,124.0,2469.0,0.7295422554016113,0.9999991059303284,0.0009999987188716978,0.001,False,128.0,128.0,,
train,,,,,,,245.97714757919312,6.0,125.0,2470.0,0.6130450963973999,0.9999990463256836,0.0009790347074676705,0.001,False,128.0,128.0,,
train,,,,,,,246.07691740989685,6.0,126.0,2471.0,0.6741440892219543,0.9790336489677429,0.0009999992584961447,0.001,False,128.0,128.0,,
train,,,,,,,246.15972876548767,6.0,127.0,2472.0,0.6617183685302734,0.9999990463256836,0.0009999975513589878,0.001,False,128.0,128.0,,
train,,,,,,,246.24213862419128,6.0,128.0,2473.0,0.6588698029518127,0.9999992251396179,0.0009701017810924376,0.001,False,128.0,128.0,,
train,,,,,,,246.3266589641571,6.0,129.0,2474.0,0.6826324462890625,0.9701012372970581,0.0009999973743889889,0.001,False,128.0,128.0,,
train,,,,,,,246.40232682228088,6.0,130.0,2475.0,0.6637511253356934,0.9999991059303284,0.0010000005427467562,0.001,False,128.0,128.0,,
train,,,,,,,246.48668718338013,6.0,131.0,2476.0,0.5931130051612854,0.9999992251396179,0.0009226961894982574,0.001,False,128.0,128.0,,
train,,,,,,,246.56485867500305,6.0,132.0,2477.0,0.6120859384536743,0.9226948618888855,0.0010000005197373962,0.001,False,128.0,128.0,,
train,,,,,,,246.64703559875488,6.0,133.0,2478.0,0.6420259475708008,0.9999991655349731,0.0009999989556825444,0.001,False,128.0,128.0,,
train,,,,,,,246.73648381233215,6.0,134.0,2479.0,0.6719484329223633,0.9999991059303284,0.0009999983649598373,0.001,False,128.0,128.0,,
train,,,,,,,246.81493544578552,6.0,135.0,2480.0,0.6387349963188171,0.9999992251396179,0.000999998024148509,0.001,False,128.0,128.0,,
train,,,,,,,246.89062666893005,6.0,136.0,2481.0,0.5398039221763611,0.9999991059303284,0.0010000007595731717,0.001,False,128.0,128.0,,
train,,,,,,,246.97550249099731,6.0,137.0,2482.0,0.6874211430549622,0.9999991655349731,0.000999998275114888,0.001,False,128.0,128.0,,
train,,,,,,,247.06034183502197,6.0,138.0,2483.0,0.5777868032455444,0.9999992847442627,0.0009820651112556803,0.001,False,128.0,128.0,,
train,,,,,,,247.14678645133972,6.0,139.0,2484.0,0.6456067562103271,0.9820654988288879,0.0009999985284681872,0.001,False,128.0,128.0,,
train,,,,,,,247.23350191116333,6.0,140.0,2485.0,0.6071736216545105,0.9999991059303284,0.0010000005023346591,0.001,False,128.0,128.0,,
train,,,,,,,247.36334419250488,6.0,141.0,2486.0,0.6538293957710266,0.9999990463256836,0.0009906875428446935,0.001,False,128.0,128.0,,
train,,,,,,,247.452876329422,6.0,142.0,2487.0,0.6700969338417053,0.9906873106956482,0.0010000029248926586,0.001,False,128.0,128.0,,
train,,,,,,,247.54326367378235,6.0,143.0,2488.0,0.6922826766967773,0.9999992251396179,0.0009999985023223961,0.001,False,128.0,128.0,,
train,,,,,,,247.8036367893219,6.0,144.0,2489.0,0.6111903190612793,0.9999991655349731,0.001000000330694251,0.001,False,128.0,128.0,,
train,,,,,,,247.88058137893677,6.0,145.0,2490.0,0.6726022362709045,0.9999990463256836,0.0009999996070786167,0.001,False,128.0,128.0,,
train,,,,,,,247.97372937202454,6.0,146.0,2491.0,0.7355987429618835,0.9999991655349731,0.001000000211234286,0.001,False,128.0,128.0,,
train,,,,,,,248.07851576805115,6.0,147.0,2492.0,0.6355263590812683,0.9999992847442627,0.0010000031173492386,0.001,False,128.0,128.0,,
train,,,,,,,248.1655638217926,6.0,148.0,2493.0,0.6664258241653442,0.9999992251396179,0.0010000005751652503,0.001,False,128.0,128.0,,
train,,,,,,,248.2470633983612,6.0,149.0,2494.0,0.6382508277893066,0.9999992251396179,0.0009999966190464855,0.001,False,128.0,128.0,,
train,,,,,,,248.32520818710327,6.0,150.0,2495.0,0.6899915933609009,0.9999990463256836,0.0009377608723627253,0.001,False,128.0,128.0,,
train,,,,,,,248.40620517730713,6.0,151.0,2496.0,0.8046367168426514,0.93775874376297,0.00100000064022428,0.001,False,128.0,128.0,,
train,,,,,,,248.49083948135376,6.0,152.0,2497.0,0.5924587249755859,0.9999992847442627,0.000936684126223784,0.001,False,128.0,128.0,,
train,,,,,,,248.57017755508423,6.0,153.0,2498.0,0.6352851986885071,0.9366849064826965,0.000990071562357664,0.001,False,128.0,128.0,,
train,,,,,,,248.64702916145325,6.0,154.0,2499.0,0.6833376884460449,0.990070104598999,0.0010000002250843151,0.001,False,128.0,128.0,,
train,,,,,,,248.7271945476532,6.0,155.0,2500.0,0.771817147731781,0.9999992251396179,0.001000000836067477,0.001,False,128.0,128.0,,
train,,,,,,,248.80645179748535,6.0,156.0,2501.0,0.6323747038841248,0.9999992251396179,0.0009999969743189915,0.001,False,128.0,128.0,,
train,,,,,,,248.8852150440216,6.0,157.0,2502.0,0.6131914854049683,0.9999992251396179,0.000999999726066809,0.001,False,128.0,128.0,,
train,,,,,,,248.968430519104,6.0,158.0,2503.0,0.6916739344596863,0.9999991059303284,0.0009999983047023822,0.001,False,128.0,128.0,,
train,,,,,,,249.05121898651123,6.0,159.0,2504.0,0.606209397315979,0.9999990463256836,0.0010000007100295055,0.001,False,128.0,128.0,,
train,,,,,,,249.13067078590393,6.0,160.0,2505.0,0.6299768686294556,0.9999991059303284,0.0010000002686605582,0.001,False,128.0,128.0,,
train,,,,,,,249.21308302879333,6.0,161.0,2506.0,0.7338383197784424,0.9999991059303284,0.0009999977875039757,0.001,False,128.0,128.0,,
train,,,,,,,249.29835176467896,6.0,162.0,2507.0,0.5463852882385254,0.9999992251396179,0.0009999978878128429,0.001,False,128.0,128.0,,
train,,,,,,,249.38873386383057,6.0,163.0,2508.0,0.6250777244567871,0.9999989867210388,0.0009999991721484813,0.001,False,128.0,128.0,,
train,,,,,,,249.46743774414062,6.0,164.0,2509.0,0.5798760652542114,0.9999990463256836,0.0009999995042996744,0.001,False,128.0,128.0,,
train,,,,,,,249.5475492477417,6.0,165.0,2510.0,0.5770941376686096,0.9999992251396179,0.0009999983213002444,0.001,False,128.0,128.0,,
train,,,,,,,249.62587928771973,6.0,166.0,2511.0,0.6528962850570679,0.9999989867210388,0.0009999988420788483,0.001,False,128.0,128.0,,
train,,,,,,,249.70402598381042,6.0,167.0,2512.0,0.6670045852661133,0.9999991059303284,0.0010000015692301252,0.001,False,128.0,128.0,,
train,,,,,,,249.80946326255798,6.0,168.0,2513.0,0.6708977222442627,0.9999991059303284,0.0010000001466193174,0.001,False,128.0,128.0,,
train,,,,,,,249.88722276687622,6.0,169.0,2514.0,0.6162701845169067,0.9999991059303284,0.0010000009046236891,0.001,False,128.0,128.0,,
train,,,,,,,249.96953892707825,6.0,170.0,2515.0,0.6900432705879211,0.9999992251396179,0.001000000637531991,0.001,False,128.0,128.0,,
train,,,,,,,250.04963421821594,6.0,171.0,2516.0,0.6514764428138733,0.9999993443489075,0.0009999986026867028,0.001,False,128.0,128.0,,
train,,,,,,,250.12730860710144,6.0,172.0,2517.0,0.5921388268470764,0.9999993443489075,0.000999999405323238,0.001,False,128.0,128.0,,
train,,,,,,,250.21199297904968,6.0,173.0,2518.0,0.6816281676292419,0.9999991059303284,0.0010000023920425346,0.001,False,128.0,128.0,,
train,,,,,,,250.29872488975525,6.0,174.0,2519.0,0.6247357726097107,0.9999992251396179,0.0009999989059722553,0.001,False,128.0,128.0,,
train,,,,,,,250.38560891151428,6.0,175.0,2520.0,0.7274128794670105,0.9999991655349731,0.0009999997008369836,0.001,False,128.0,128.0,,
train,,,,,,,250.46535301208496,6.0,176.0,2521.0,0.6635276079177856,0.9999991059303284,0.0009999999514976306,0.001,False,128.0,128.0,,
train,,,,,,,250.5497543811798,6.0,177.0,2522.0,0.6540589928627014,0.9999989867210388,0.0009797629559780271,0.001,False,128.0,128.0,,
train,,,,,,,250.63336730003357,6.0,178.0,2523.0,0.6288153529167175,0.9797618985176086,0.0009999984265773138,0.001,False,128.0,128.0,,
train,,,,,,,250.71374416351318,6.0,179.0,2524.0,0.6477634310722351,0.9999991655349731,0.0009721371691018125,0.001,False,128.0,128.0,,
train,,,,,,,250.79437065124512,6.0,180.0,2525.0,0.6890790462493896,0.9721373915672302,0.0009999979270037976,0.001,False,128.0,128.0,,
train,,,,,,,250.8780858516693,6.0,181.0,2526.0,0.6581280827522278,0.9999992847442627,0.0009999989764437364,0.001,False,128.0,128.0,,
train,,,,,,,250.95838260650635,6.0,182.0,2527.0,0.6624564528465271,0.9999991655349731,0.0009999988276736878,0.001,False,128.0,128.0,,
train,,,,,,,251.04478883743286,6.0,183.0,2528.0,0.7917464971542358,0.9999991059303284,0.000999999402658701,0.001,False,128.0,128.0,,
train,,,,,,,251.1287670135498,6.0,184.0,2529.0,0.6382366418838501,0.9999992251396179,0.0009999997516019453,0.001,False,128.0,128.0,,
train,,,,,,,251.2187614440918,6.0,185.0,2530.0,0.6080894470214844,0.9999990463256836,0.0009999974113595119,0.001,False,128.0,128.0,,
train,,,,,,,251.314514875412,6.0,186.0,2531.0,0.6892951130867004,0.9999990463256836,0.0009999997656740254,0.001,False,128.0,128.0,,
train,,,,,,,251.40684986114502,6.0,187.0,2532.0,0.6160601377487183,0.9999992847442627,0.0009999989600124187,0.001,False,128.0,128.0,,
train,,,,,,,251.4925148487091,6.0,188.0,2533.0,0.6470336318016052,0.9999991059303284,0.0009999985633292409,0.001,False,128.0,128.0,,
train,,,,,,,251.57767844200134,6.0,189.0,2534.0,0.637444257736206,0.9999991655349731,0.0010000009184459532,0.001,False,128.0,128.0,,
train,,,,,,,251.67182850837708,6.0,190.0,2535.0,0.6978586912155151,0.9999992251396179,0.0010000022375276029,0.001,False,128.0,128.0,,
train,,,,,,,251.77123308181763,6.0,191.0,2536.0,0.5850362777709961,0.9999992847442627,0.0009999994345776316,0.001,False,128.0,128.0,,
train,,,,,,,251.8775532245636,6.0,192.0,2537.0,0.618604838848114,0.9999992251396179,0.000999997986234317,0.001,False,128.0,128.0,,
train,,,,,,,251.96974849700928,6.0,193.0,2538.0,0.750778317451477,0.9999992847442627,0.0009999986397126917,0.001,False,128.0,128.0,,
train,,,,,,,252.05617332458496,6.0,194.0,2539.0,0.7851278185844421,0.9999992847442627,0.0009999993974128942,0.001,False,128.0,128.0,,
train,,,,,,,252.13991045951843,6.0,195.0,2540.0,0.7245935201644897,0.9999992847442627,0.0009999994108188452,0.001,False,128.0,128.0,,
train,,,,,,,252.22463464736938,6.0,196.0,2541.0,0.5749879479408264,0.9999991655349731,0.0010000009736239853,0.001,False,128.0,128.0,,
train,,,,,,,252.32706999778748,6.0,197.0,2542.0,0.6035138368606567,0.9999992251396179,0.0009999983526085858,0.001,False,128.0,128.0,,
train,,,,,,,252.43818306922913,6.0,198.0,2543.0,0.6704376935958862,0.9999992847442627,0.000999997725858704,0.001,False,128.0,128.0,,
train,,,,,,,252.80244302749634,6.0,199.0,2544.0,0.5955869555473328,0.9999991059303284,0.0010000000453392317,0.001,False,128.0,128.0,,
train,,,,,,,252.89208722114563,6.0,200.0,2545.0,0.6472843885421753,0.9999991059303284,0.0009999988301716924,0.001,False,128.0,128.0,,
train,,,,,,,252.9805407524109,6.0,201.0,2546.0,0.5764791965484619,0.9999992847442627,0.000999999288139121,0.001,False,128.0,128.0,,
train,,,,,,,253.06640195846558,6.0,202.0,2547.0,0.6903280019760132,0.9999991655349731,0.0009999995623088545,0.001,False,128.0,128.0,,
train,,,,,,,253.14489340782166,6.0,203.0,2548.0,0.7028942108154297,0.9999992847442627,0.0009999995690257069,0.001,False,128.0,128.0,,
train,,,,,,,253.22443509101868,6.0,204.0,2549.0,0.6738531589508057,0.9999990463256836,0.0010000000836141681,0.001,False,128.0,128.0,,
train,,,,,,,253.30514907836914,6.0,205.0,2550.0,0.5535029768943787,0.9999989867210388,0.0008866232118841383,0.001,False,128.0,128.0,,
train,,,,,,,253.38445520401,6.0,206.0,2551.0,0.6710143089294434,0.8866230845451355,0.0009999999978771985,0.001,False,128.0,128.0,,
train,,,,,,,253.46775579452515,6.0,207.0,2552.0,0.6216439008712769,0.9999991059303284,0.0010000004882348337,0.001,False,128.0,128.0,,
train,,,,,,,253.5466091632843,6.0,208.0,2553.0,0.6191284656524658,0.9999991655349731,0.0009999999012045237,0.001,False,128.0,128.0,,
train,,,,,,,253.63114428520203,6.0,209.0,2554.0,0.7051664590835571,0.9999992251396179,0.0010000016933251013,0.001,False,128.0,128.0,,
train,,,,,,,253.71590924263,6.0,210.0,2555.0,0.5818908214569092,0.9999990463256836,0.0009999994154817845,0.001,False,128.0,128.0,,
train,,,,,,,253.7986867427826,6.0,211.0,2556.0,0.5728257894515991,0.9999991655349731,0.0009999990458327442,0.001,False,128.0,128.0,,
train,,,,,,,253.87998008728027,6.0,212.0,2557.0,0.6275712847709656,0.9999991059303284,0.0010000010325767687,0.001,False,128.0,128.0,,
train,,,,,,,253.95578265190125,6.0,213.0,2558.0,0.6834856271743774,0.9999991655349731,0.000999997676814489,0.001,False,128.0,128.0,,
train,,,,,,,254.04197764396667,6.0,214.0,2559.0,0.699593186378479,0.9999992847442627,0.0010000006702557932,0.001,False,128.0,128.0,,
train,,,,,,,254.13777208328247,6.0,215.0,2560.0,0.6284900903701782,0.9999991059303284,0.000992750876270153,0.001,False,128.0,128.0,,
train,,,,,,,254.21733689308167,6.0,216.0,2561.0,0.7389549016952515,0.9927515983581543,0.0009999977998829896,0.001,False,128.0,128.0,,
train,,,,,,,254.2906858921051,6.0,217.0,2562.0,0.7444322109222412,0.9999992847442627,0.0009999986494271564,0.001,False,128.0,128.0,,
train,,,,,,,254.36634421348572,6.0,218.0,2563.0,0.6430971026420593,0.9999991655349731,0.000999998280055389,0.001,False,128.0,128.0,,
train,,,,,,,254.4428894519806,6.0,219.0,2564.0,0.731160044670105,0.9999991059303284,0.0010000006470799027,0.001,False,128.0,128.0,,
train,,,,,,,254.52400374412537,6.0,220.0,2565.0,0.6460341811180115,0.9999991059303284,0.0009999994221986377,0.001,False,128.0,128.0,,
train,,,,,,,254.6097605228424,6.0,221.0,2566.0,0.6756123304367065,0.9999991059303284,0.0009999990502181292,0.001,False,128.0,128.0,,
train,,,,,,,254.69364619255066,6.0,222.0,2567.0,0.7425597310066223,0.9999991655349731,0.0009720541531779738,0.001,False,128.0,128.0,,
train,,,,,,,254.7741756439209,6.0,223.0,2568.0,0.6736241579055786,0.972052812576294,0.0010000000701249595,0.001,False,128.0,128.0,,
train,,,,,,,254.85624146461487,6.0,224.0,2569.0,0.6990311741828918,0.9999991655349731,0.0009999971045762935,0.001,False,128.0,128.0,,
train,,,,,,,254.94422268867493,6.0,225.0,2570.0,0.5688629746437073,0.9999991059303284,0.0009999985523102613,0.001,False,128.0,128.0,,
train,,,,,,,255.0267312526703,6.0,226.0,2571.0,0.7529354095458984,0.9999992847442627,0.0009999988768288686,0.001,False,128.0,128.0,,
train,,,,,,,255.11271047592163,6.0,227.0,2572.0,0.6128484606742859,0.9999992251396179,0.0009508951769297507,0.001,False,128.0,128.0,,
train,,,,,,,255.19941115379333,6.0,228.0,2573.0,0.648228108882904,0.950895369052887,0.0009999995349973558,0.001,False,128.0,128.0,,
train,,,,,,,255.27897310256958,6.0,229.0,2574.0,0.6121906042098999,0.9999991655349731,0.000999998081547151,0.001,False,128.0,128.0,,
train,,,,,,,255.36222457885742,6.0,230.0,2575.0,0.5356764197349548,0.9999991059303284,0.0008674854777996994,0.001,False,128.0,128.0,,
train,,,,,,,255.45003390312195,6.0,231.0,2576.0,0.6294885277748108,0.8674863576889038,0.0009588593531514305,0.001,False,128.0,128.0,,
train,,,,,,,255.54433250427246,6.0,232.0,2577.0,0.6822369694709778,0.9588584899902344,0.0009922948849913195,0.001,False,128.0,128.0,,
train,,,,,,,255.62678265571594,6.0,233.0,2578.0,0.5647735595703125,0.9922938942909241,0.000954094247290221,0.001,False,128.0,128.0,,
train,,,,,,,255.70798325538635,6.0,234.0,2579.0,0.6033253073692322,0.9540943503379822,0.000999998873636974,0.001,False,128.0,128.0,,
train,,,,,,,255.79035568237305,6.0,235.0,2580.0,0.6848737597465515,0.9999991059303284,0.0010000004773268979,0.001,False,128.0,128.0,,
train,,,,,,,255.8774266242981,6.0,236.0,2581.0,0.6250373721122742,0.9999991655349731,0.000980761390900911,0.001,False,128.0,128.0,,
train,,,,,,,255.9672884941101,6.0,237.0,2582.0,0.6572209596633911,0.9807613492012024,0.0009999994444031108,0.001,False,128.0,128.0,,
train,,,,,,,256.05057668685913,6.0,238.0,2583.0,0.55548495054245,0.9999990463256836,0.0009999988122693251,0.001,False,128.0,128.0,,
train,,,,,,,256.13571095466614,6.0,239.0,2584.0,0.7396218776702881,0.9999991059303284,0.0009999996985887811,0.001,False,128.0,128.0,,
train,,,,,,,256.2294216156006,6.0,240.0,2585.0,0.6644164323806763,0.9999992847442627,0.0010000003194810022,0.001,False,128.0,128.0,,
train,,,,,,,256.33067774772644,6.0,241.0,2586.0,0.710660994052887,0.9999991655349731,0.0009999983579376652,0.001,False,128.0,128.0,,
train,,,,,,,256.4127993583679,6.0,242.0,2587.0,0.7088761329650879,0.9999990463256836,0.0009999994745734377,0.001,False,128.0,128.0,,
train,,,,,,,256.50253200531006,6.0,243.0,2588.0,0.6355118751525879,0.9999991655349731,0.001000000540859378,0.001,False,128.0,128.0,,
train,,,,,,,256.6013104915619,6.0,244.0,2589.0,0.5773859024047852,0.9999991655349731,0.0009999977161997415,0.001,False,128.0,128.0,,
train,,,,,,,256.6947166919708,6.0,245.0,2590.0,0.6757761240005493,0.9999992847442627,0.0009999998307608634,0.001,False,128.0,128.0,,
train,,,,,,,256.80072379112244,6.0,246.0,2591.0,0.7481731176376343,0.9999993443489075,0.0009999983395911993,0.001,False,128.0,128.0,,
train,,,,,,,256.912166595459,6.0,247.0,2592.0,0.6810120344161987,0.9999992251396179,0.000977065346830001,0.001,False,128.0,128.0,,
train,,,,,,,257.00521206855774,6.0,248.0,2593.0,0.5738816261291504,0.977064311504364,0.0009999980831569776,0.001,False,128.0,128.0,,
train,,,,,,,257.09343910217285,6.0,249.0,2594.0,0.6818752288818359,0.9999991655349731,0.0009661880591203931,0.001,False,128.0,128.0,,
train,,,,,,,257.1853988170624,6.0,250.0,2595.0,0.6865959167480469,0.9661909341812134,0.0009999987532886552,0.001,False,128.0,128.0,,
train,,,,,,,257.27063608169556,6.0,251.0,2596.0,0.6625660061836243,0.9999992251396179,0.0009999993871710805,0.001,False,128.0,128.0,,
train,,,,,,,257.3742218017578,6.0,252.0,2597.0,0.6319679021835327,0.9999991059303284,0.000999999326913687,0.001,False,128.0,128.0,,
train,,,,,,,257.4789891242981,6.0,253.0,2598.0,0.581987738609314,0.9999990463256836,0.0008838747740762544,0.001,False,128.0,128.0,,
train,,,,,,,257.5591413974762,6.0,254.0,2599.0,0.6819339394569397,0.8838732838630676,0.0010000008185259677,0.001,False,128.0,128.0,,
train,,,,,,,257.64606833457947,6.0,255.0,2600.0,0.5810824632644653,0.9999991655349731,0.0009999995567022259,0.001,False,128.0,128.0,,
train,,,,,,,257.7358877658844,6.0,256.0,2601.0,0.5893146395683289,0.9999992251396179,0.0009999998689525411,0.001,False,128.0,128.0,,
train,,,,,,,257.8164083957672,6.0,257.0,2602.0,0.4857501983642578,0.9999992847442627,0.0009248169041314442,0.001,False,128.0,128.0,,
train,,,,,,,257.9065148830414,6.0,258.0,2603.0,0.6959273219108582,0.9248174428939819,0.000999998209112013,0.001,False,128.0,128.0,,
train,,,,,,,258.00256395339966,6.0,259.0,2604.0,0.5673423409461975,0.9999989867210388,0.0010000001895849413,0.001,False,128.0,128.0,,
train,,,,,,,258.08784770965576,6.0,260.0,2605.0,0.6882604956626892,0.9999992847442627,0.0010000009992423564,0.001,False,128.0,128.0,,
train,,,,,,,258.1700556278229,6.0,261.0,2606.0,0.611830472946167,0.9999990463256836,0.0009343028627038936,0.001,False,128.0,128.0,,
train,,,,,,,258.2567641735077,6.0,262.0,2607.0,0.5612420439720154,0.9343039393424988,0.0009437104043533734,0.001,False,128.0,128.0,,
train,,,,,,,258.34517192840576,6.0,263.0,2608.0,0.6507723331451416,0.9437101483345032,0.0010000012290027553,0.001,False,128.0,128.0,,
train,,,,,,,258.4278597831726,6.0,264.0,2609.0,0.5755864381790161,0.9999992847442627,0.0009999990925176657,0.001,False,128.0,128.0,,
train,,,,,,,258.5138211250305,6.0,265.0,2610.0,0.5627862215042114,0.9999991655349731,0.0009999966729479942,0.001,False,128.0,128.0,,
train,,,,,,,258.602322101593,6.0,266.0,2611.0,0.6432508826255798,0.9999990463256836,0.000999999276204215,0.001,False,128.0,128.0,,
train,,,,,,,258.681542634964,6.0,267.0,2612.0,0.6296249628067017,0.9999992251396179,0.0009671560143686031,0.001,False,128.0,128.0,,
train,,,,,,,258.7663097381592,6.0,268.0,2613.0,0.5255577564239502,0.9671558737754822,0.000999387098199414,0.001,False,128.0,128.0,,
train,,,,,,,258.84668946266174,6.0,269.0,2614.0,0.6121807098388672,0.9993855357170105,0.001000000456815537,0.001,False,128.0,128.0,,
train,,,,,,,258.9350996017456,6.0,270.0,2615.0,0.5469096899032593,0.9999991655349731,0.0009999990585448097,0.001,False,128.0,128.0,,
train,,,,,,,259.03252148628235,6.0,271.0,2616.0,0.6702656149864197,0.9999992251396179,0.0009999988543190712,0.001,False,128.0,128.0,,
train,,,,,,,259.12024760246277,6.0,272.0,2617.0,0.6407135128974915,0.9999991059303284,0.0009999989683668557,0.001,False,128.0,128.0,,
train,,,,,,,259.2126305103302,6.0,273.0,2618.0,0.763380765914917,0.9999991059303284,0.0010000007329278389,0.001,False,128.0,128.0,,
train,,,,,,,259.3012821674347,6.0,274.0,2619.0,0.7334225177764893,0.9999991059303284,0.0009999997897103593,0.001,False,128.0,128.0,,
train,,,,,,,259.3854100704193,6.0,275.0,2620.0,0.6089323163032532,0.9999991059303284,0.0009999983714268968,0.001,False,128.0,128.0,,
train,,,,,,,259.471027135849,6.0,276.0,2621.0,0.6006030440330505,0.9999990463256836,0.0008834068578416668,0.001,False,128.0,128.0,,
train,,,,,,,259.55638360977173,6.0,277.0,2622.0,0.6559110283851624,0.8834059834480286,0.0010000003190924242,0.001,False,128.0,128.0,,
train,,,,,,,259.6389203071594,6.0,278.0,2623.0,0.6070656776428223,0.9999991059303284,0.000999998930424944,0.001,False,128.0,128.0,,
train,,,,,,,259.7267460823059,6.0,279.0,2624.0,0.6546593308448792,0.9999991059303284,0.0010000001958299447,0.001,False,128.0,128.0,,
train,,,,,,,259.8089647293091,6.0,280.0,2625.0,0.6138799786567688,0.9999992847442627,0.0009469453391977308,0.001,False,128.0,128.0,,
train,,,,,,,259.89565873146057,6.0,281.0,2626.0,0.6582987904548645,0.9469457864761353,0.0010000000077304279,0.001,False,128.0,128.0,,
train,,,,,,,259.98310375213623,6.0,282.0,2627.0,0.683306872844696,0.9999991655349731,0.0009999982456384154,0.001,False,128.0,128.0,,
train,,,,,,,260.0699179172516,6.0,283.0,2628.0,0.6639397144317627,0.9999991059303284,0.0009999985567234043,0.001,False,128.0,128.0,,
train,,,,,,,260.16200518608093,6.0,284.0,2629.0,0.6291571259498596,0.9999991059303284,0.000999998125900645,0.001,False,128.0,128.0,,
train,,,,,,,260.246218919754,6.0,285.0,2630.0,0.5389589071273804,0.9999990463256836,0.0009999995661946369,0.001,False,128.0,128.0,,
train,,,,,,,260.3313865661621,6.0,286.0,2631.0,0.6553897261619568,0.9999991059303284,0.0009125040099673802,0.001,False,128.0,128.0,,
train,,,,,,,260.4102439880371,6.0,287.0,2632.0,0.6736786961555481,0.9125024080276489,0.0010000013069125574,0.001,False,128.0,128.0,,
train,,,,,,,260.4998700618744,6.0,288.0,2633.0,0.6485113501548767,0.9999991655349731,0.0010000004086873897,0.001,False,128.0,128.0,,
train,,,,,,,260.59659934043884,6.0,289.0,2634.0,0.609585165977478,0.9999991059303284,0.0009999997433307816,0.001,False,128.0,128.0,,
train,,,,,,,260.68798089027405,6.0,290.0,2635.0,0.6648879647254944,0.9999990463256836,0.0009999985204190583,0.001,False,128.0,128.0,,
train,,,,,,,260.77737259864807,6.0,291.0,2636.0,0.5160062909126282,0.9999990463256836,0.0009391471982368347,0.001,False,128.0,128.0,,
train,,,,,,,260.88021516799927,6.0,292.0,2637.0,0.7318024039268494,0.9391483068466187,0.0009746940309455945,0.001,False,128.0,128.0,,
train,,,,,,,260.9607515335083,6.0,293.0,2638.0,0.5917606949806213,0.9746929407119751,0.000856007281389961,0.001,False,128.0,128.0,,
train,,,,,,,261.06080293655396,6.0,294.0,2639.0,0.6675828695297241,0.8560067415237427,0.000999996533642287,0.001,False,128.0,128.0,,
train,,,,,,,261.1477611064911,6.0,295.0,2640.0,0.4975850284099579,0.9999990463256836,0.0008723783047284265,0.001,False,128.0,128.0,,
train,,,,,,,261.2325396537781,6.0,296.0,2641.0,0.6784642934799194,0.8723791837692261,0.0009999994428487977,0.001,False,128.0,128.0,,
train,,,,,,,261.31758856773376,6.0,297.0,2642.0,0.6724138855934143,0.9999991655349731,0.0010000008220231674,0.001,False,128.0,128.0,,
train,,,,,,,261.39858174324036,6.0,298.0,2643.0,0.6530978679656982,0.9999993443489075,0.0009999981614278476,0.001,False,128.0,128.0,,
train,,,,,,,261.47896242141724,6.0,299.0,2644.0,0.7149041891098022,0.9999991059303284,0.0009999991904949318,0.001,False,128.0,128.0,,
train,,,,,,,261.5666117668152,6.0,300.0,2645.0,0.5578387975692749,0.9999992251396179,0.0008974720423434132,0.001,False,128.0,128.0,,
train,,,,,,,261.6557500362396,6.0,301.0,2646.0,0.6385846138000488,0.8974738121032715,0.0009999978554497727,0.001,False,128.0,128.0,,
train,,,,,,,261.75763511657715,6.0,302.0,2647.0,0.7165505886077881,0.9999990463256836,0.0009999989834381486,0.001,False,128.0,128.0,,
train,,,,,,,261.846834897995,6.0,303.0,2648.0,0.6542119979858398,0.9999991059303284,0.0009930998700520206,0.001,False,128.0,128.0,,
train,,,,,,,261.9408278465271,6.0,304.0,2649.0,0.6309317350387573,0.9930994510650635,0.0010000010527828067,0.001,False,128.0,128.0,,
train,,,,,,,262.0542402267456,6.0,305.0,2650.0,0.6518539786338806,0.9999989867210388,0.0008565445590332726,0.001,False,128.0,128.0,,
train,,,,,,,262.14123129844666,6.0,306.0,2651.0,0.684468686580658,0.8565441966056824,0.00099999843065739,0.001,False,128.0,128.0,,
train,,,,,,,262.392902135849,6.0,307.0,2652.0,0.6268852949142456,0.9999992251396179,0.0010000007801955484,0.001,False,128.0,128.0,,
train,,,,,,,262.466915845871,6.0,308.0,2653.0,0.5878868103027344,0.9999991059303284,0.0008708704231399595,0.001,False,128.0,128.0,,
train,,,,,,,262.59094047546387,6.0,309.0,2654.0,0.7175670862197876,0.8708702921867371,0.0009999985631071958,0.001,False,128.0,128.0,,
train,,,,,,,262.6799418926239,6.0,310.0,2655.0,0.6061057448387146,0.9999992847442627,0.0009788265210191609,0.001,False,128.0,128.0,,
train,,,,,,,262.7537865638733,6.0,311.0,2656.0,0.655109703540802,0.978828489780426,0.0009999981883508052,0.001,False,128.0,128.0,,
train,,,,,,,262.82929277420044,6.0,312.0,2657.0,0.5474939942359924,0.9999990463256836,0.0008953698036410903,0.001,False,128.0,128.0,,
train,,,,,,,262.92395853996277,6.0,313.0,2658.0,0.5728341341018677,0.8953688740730286,0.0009999976948001437,0.001,False,128.0,128.0,,
train,,,,,,,263.0182137489319,6.0,314.0,2659.0,0.5637511014938354,0.9999991655349731,0.001000000127912062,0.001,False,128.0,128.0,,
train,,,,,,,263.10132908821106,6.0,315.0,2660.0,0.6095299124717712,0.9999991059303284,0.0010000006932929053,0.001,False,128.0,128.0,,
train,,,,,,,263.1834132671356,6.0,316.0,2661.0,0.5631247758865356,0.9999992251396179,0.000999999883607487,0.001,False,128.0,128.0,,
train,,,,,,,263.2695846557617,6.0,317.0,2662.0,0.6360819935798645,0.9999991059303284,0.0010000009661854982,0.001,False,128.0,128.0,,
train,,,,,,,263.3512682914734,6.0,318.0,2663.0,0.7352315783500671,0.9999991059303284,0.0009999993149232703,0.001,False,128.0,128.0,,
train,,,,,,,263.4457950592041,6.0,319.0,2664.0,0.6982699632644653,0.9999992251396179,0.0009999991912165774,0.001,False,128.0,128.0,,
train,,,,,,,263.53085827827454,6.0,320.0,2665.0,0.5433964133262634,0.9999992251396179,0.0009221256810067925,0.001,False,128.0,128.0,,
train,,,,,,,263.60531282424927,6.0,321.0,2666.0,0.5561286807060242,0.9221262335777283,0.0009804565599725386,0.001,False,128.0,128.0,,
train,,,,,,,263.69700264930725,6.0,322.0,2667.0,0.7852563858032227,0.9804565906524658,0.0009999977862272162,0.001,False,128.0,128.0,,
train,,,,,,,263.77519631385803,6.0,323.0,2668.0,0.7363682985305786,0.9999992847442627,0.000999998774216385,0.001,False,128.0,128.0,,
train,,,,,,,263.8511600494385,6.0,324.0,2669.0,0.5454297661781311,0.9999992251396179,0.000864352912035634,0.001,False,128.0,128.0,,
train,,,,,,,263.92484045028687,6.0,325.0,2670.0,0.5504197478294373,0.864353597164154,0.0009325171229967199,0.001,False,128.0,128.0,,
train,,,,,,,264.00422263145447,6.0,326.0,2671.0,0.6157428622245789,0.9325151443481445,0.000999998399210273,0.001,False,128.0,128.0,,
train,,,,,,,264.08365988731384,6.0,327.0,2672.0,0.6137621402740479,0.9999991059303284,0.0009999981072211074,0.001,False,128.0,128.0,,
train,,,,,,,264.1593997478485,6.0,328.0,2673.0,0.6217111349105835,0.9999991059303284,0.0010000006321751681,0.001,False,128.0,128.0,,
train,,,,,,,264.243052482605,6.0,329.0,2674.0,0.6524961590766907,0.9999991059303284,0.0010000001383759127,0.001,False,128.0,128.0,,
train,,,,,,,264.3353328704834,6.0,330.0,2675.0,0.5315229296684265,0.9999991059303284,0.0009423269486702811,0.001,False,128.0,128.0,,
train,,,,,,,264.42328906059265,6.0,331.0,2676.0,0.6354104280471802,0.9423245191574097,0.0009999965612591801,0.001,False,128.0,128.0,,
train,,,,,,,264.5067102909088,6.0,332.0,2677.0,0.6503690481185913,0.9999991059303284,0.0009999982082793445,0.001,False,128.0,128.0,,
train,,,,,,,264.592898607254,6.0,333.0,2678.0,0.6340745091438293,0.9999989867210388,0.001000001891333023,0.001,False,128.0,128.0,,
train,,,,,,,264.67897176742554,6.0,334.0,2679.0,0.5782723426818848,0.9999992251396179,0.0009999993339913635,0.001,False,128.0,128.0,,
train,,,,,,,264.76819610595703,6.0,335.0,2680.0,0.7126122713088989,0.9999992847442627,0.0010000001825905375,0.001,False,128.0,128.0,,
train,,,,,,,264.8549165725708,6.0,336.0,2681.0,0.6835887432098389,0.9999992847442627,0.0010000004059673444,0.001,False,128.0,128.0,,
train,,,,,,,264.96799397468567,6.0,337.0,2682.0,0.6224418878555298,0.9999991059303284,0.0009999979825705736,0.001,False,128.0,128.0,,
train,,,,,,,265.06668066978455,6.0,338.0,2683.0,0.5402414202690125,0.9999991655349731,0.0010000020228664382,0.001,False,128.0,128.0,,
train,,,,,,,265.1507239341736,6.0,339.0,2684.0,0.6703798174858093,0.9999990463256836,0.0010000007948227252,0.001,False,128.0,128.0,,
train,,,,,,,265.23361253738403,6.0,340.0,2685.0,0.6918849945068359,0.9999991655349731,0.0009999990740879466,0.001,False,128.0,128.0,,
train,,,,,,,265.3289568424225,6.0,341.0,2686.0,0.587510883808136,0.9999991655349731,0.0009986098113260785,0.001,False,128.0,128.0,,
train,,,,,,,265.41304540634155,6.0,342.0,2687.0,0.625256359577179,0.9986088275909424,0.0009583193975792578,0.001,False,128.0,128.0,,
train,,,,,,,265.4980893135071,6.0,343.0,2688.0,0.5907309055328369,0.9583192467689514,0.000999999955910767,0.001,False,128.0,128.0,,
train,,,,,,,265.588809967041,6.0,344.0,2689.0,0.584812581539154,0.9999990463256836,0.0009104524317382908,0.001,False,128.0,128.0,,
train,,,,,,,265.7141501903534,6.0,345.0,2690.0,0.6483266949653625,0.9104522466659546,0.0009999991781159349,0.001,False,128.0,128.0,,
train,,,,,,,265.8516573905945,6.0,346.0,2691.0,0.6130896806716919,0.9999991059303284,0.0009999977155058506,0.001,False,128.0,128.0,,
train,,,,,,,265.9532608985901,6.0,347.0,2692.0,0.6053807735443115,0.9999992251396179,0.0009999995877607282,0.001,False,128.0,128.0,,
train,,,,,,,266.0756583213806,6.0,348.0,2693.0,0.6710733771324158,0.9999991059303284,0.0009999992044837532,0.001,False,128.0,128.0,,
train,,,,,,,266.17926502227783,6.0,349.0,2694.0,0.6581249237060547,0.9999992251396179,0.0009999997127718846,0.001,False,128.0,128.0,,
train,,,,,,,266.28604674339294,6.0,350.0,2695.0,0.6720072627067566,0.9999991655349731,0.0009823059914010586,0.001,False,128.0,128.0,,
train,,,,,,,266.3935613632202,6.0,351.0,2696.0,0.6545223593711853,0.9823074340820312,0.0009999985361842485,0.001,False,128.0,128.0,,
train,,,,,,,266.50517106056213,6.0,352.0,2697.0,0.663906991481781,0.9999990463256836,0.0009769101819861626,0.001,False,128.0,128.0,,
train,,,,,,,266.59804344177246,6.0,353.0,2698.0,0.6785552501678467,0.9769117832183838,0.0009999982838301538,0.001,False,128.0,128.0,,
train,,,,,,,266.7177062034607,6.0,354.0,2699.0,0.5983766317367554,0.9999989867210388,0.0009999999240751201,0.001,False,128.0,128.0,,
train,,,,,,,266.8393626213074,6.0,355.0,2700.0,0.6430068016052246,0.9999991059303284,0.0009999983795315381,0.001,False,128.0,128.0,,
train,,,,,,,266.94418478012085,6.0,356.0,2701.0,0.6618324518203735,0.9999992251396179,0.0009999993619134908,0.001,False,128.0,128.0,,
train,,,,,,,267.04234075546265,6.0,357.0,2702.0,0.5730375647544861,0.9999990463256836,0.0009978262655936496,0.001,False,128.0,128.0,,
train,,,,,,,267.15853691101074,6.0,358.0,2703.0,0.595091700553894,0.9978262782096863,0.0010000001941090993,0.001,False,128.0,128.0,,
train,,,,,,,267.2637073993683,6.0,359.0,2704.0,0.5429139733314514,0.9999990463256836,0.0010000021591182742,0.001,False,128.0,128.0,,
train,,,,,,,267.3473777770996,6.0,360.0,2705.0,0.6450813412666321,0.9999991059303284,0.0010000013652546992,0.001,False,128.0,128.0,,
train,,,,,,,267.43234610557556,6.0,361.0,2706.0,0.6140096187591553,0.9999991059303284,0.0010000009082874219,0.001,False,128.0,128.0,,
train,,,,,,,267.51545667648315,6.0,362.0,2707.0,0.5782836079597473,0.9999991059303284,0.0009999979911748194,0.001,False,128.0,128.0,,
train,,,,,,,267.60218715667725,6.0,363.0,2708.0,0.5316807627677917,0.9999992251396179,0.0009999997784971044,0.001,False,128.0,128.0,,
train,,,,,,,267.6949541568756,6.0,364.0,2709.0,0.5496067404747009,0.9999990463256836,0.000999999903091903,0.001,False,128.0,128.0,,
train,,,,,,,267.785480260849,6.0,365.0,2710.0,0.6774477362632751,0.9999991655349731,0.000999999464387136,0.001,False,128.0,128.0,,
train,,,,,,,267.8691599369049,6.0,366.0,2711.0,0.7226845622062683,0.9999991059303284,0.0009999984462560477,0.001,False,128.0,128.0,,
train,,,,,,,267.96273589134216,6.0,367.0,2712.0,0.6491121053695679,0.9999992251396179,0.0009728683044742153,0.001,False,128.0,128.0,,
train,,,,,,,268.0498478412628,6.0,368.0,2713.0,0.5762712359428406,0.9728690981864929,0.0008936003455588958,0.001,False,128.0,128.0,,
train,,,,,,,268.1333518028259,6.0,369.0,2714.0,0.729124128818512,0.8936009407043457,0.000999996274098966,0.001,False,128.0,128.0,,
train,,,,,,,268.2154450416565,6.0,370.0,2715.0,0.5120611786842346,0.9999991059303284,0.0009999988025826178,0.001,False,128.0,128.0,,
train,,,,,,,268.31693387031555,6.0,371.0,2716.0,0.725274920463562,0.9999991655349731,0.001000000333969408,0.001,False,128.0,128.0,,
train,,,,,,,268.40411376953125,6.0,372.0,2717.0,0.7777495384216309,0.9999991059303284,0.0010000001224442143,0.001,False,128.0,128.0,,
train,,,,,,,268.502254486084,6.0,373.0,2718.0,0.6009246110916138,0.9999993443489075,0.000999999746217362,0.001,False,128.0,128.0,,
train,,,,,,,268.5839192867279,6.0,374.0,2719.0,0.6726508736610413,0.9999992251396179,0.0009999997176291116,0.001,False,128.0,128.0,,
train,,,,,,,268.6635389328003,6.0,375.0,2720.0,0.6520469188690186,0.9999991655349731,0.000991457612897628,0.001,False,128.0,128.0,,
train,,,,,,,268.7471139431,6.0,376.0,2721.0,0.665488064289093,0.9914576411247253,0.0009999976545544654,0.001,False,128.0,128.0,,
train,,,,,,,268.8415970802307,6.0,377.0,2722.0,0.5063154101371765,0.9999989867210388,0.0008912170306699701,0.001,False,128.0,128.0,,
train,,,,,,,268.92533826828003,6.0,378.0,2723.0,0.5773007273674011,0.8912153840065002,0.0009834656388532789,0.001,False,128.0,128.0,,
train,,,,,,,269.0083677768707,6.0,379.0,2724.0,0.707131028175354,0.983465850353241,0.0010000003713283995,0.001,False,128.0,128.0,,
train,,,,,,,269.08997654914856,6.0,380.0,2725.0,0.5586276650428772,0.9999992251396179,0.0009999993208352118,0.001,False,128.0,128.0,,
train,,,,,,,269.17193388938904,6.0,381.0,2726.0,0.7031302452087402,0.9999993443489075,0.0009999994312469606,0.001,False,128.0,128.0,,
train,,,,,,,269.25158739089966,6.0,382.0,2727.0,0.587881326675415,0.999998927116394,0.0008902772882589653,0.001,False,128.0,128.0,,
train,,,,,,,269.3798038959503,6.0,383.0,2728.0,0.640801191329956,0.8902767896652222,0.0009999998820531745,0.001,False,128.0,128.0,,
train,,,,,,,269.4707622528076,6.0,384.0,2729.0,0.6197625398635864,0.9999992251396179,0.0009999992281592776,0.001,False,128.0,128.0,,
train,,,,,,,269.5832133293152,6.0,385.0,2730.0,0.6338999271392822,0.9999989867210388,0.001000001213875985,0.001,False,128.0,128.0,,
train,,,,,,,269.66769337654114,6.0,386.0,2731.0,0.6605491638183594,0.9999991655349731,0.0009728072457629148,0.001,False,128.0,128.0,,
train,,,,,,,269.78084540367126,6.0,387.0,2732.0,0.60822594165802,0.972805380821228,0.0010000003029386841,0.001,False,128.0,128.0,,
train,,,,,,,269.8925070762634,6.0,388.0,2733.0,0.6268123388290405,0.9999991059303284,0.0009999992107287627,0.001,False,128.0,128.0,,
train,,,,,,,269.9912123680115,6.0,389.0,2734.0,0.6015982031822205,0.9999991059303284,0.0009999986544786778,0.001,False,128.0,128.0,,
train,,,,,,,270.08445167541504,6.0,390.0,2735.0,0.5035778880119324,0.9999990463256836,0.0009999986316913195,0.001,False,128.0,128.0,,
train,,,,,,,270.20418429374695,6.0,391.0,2736.0,0.6997673511505127,0.999998927116394,0.0009999990605987243,0.001,False,128.0,128.0,,
train,,,,,,,270.3607819080353,6.0,392.0,2737.0,0.6450800895690918,0.9999991059303284,0.0010000014441914455,0.001,False,128.0,128.0,,
train,,,,,,,270.4575092792511,6.0,393.0,2738.0,0.5493862628936768,0.9999990463256836,0.0009785305909801752,0.001,False,128.0,128.0,,
train,,,,,,,270.55561685562134,6.0,394.0,2739.0,0.6353856325149536,0.9785320162773132,0.0009999989162695852,0.001,False,128.0,128.0,,
train,,,,,,,270.6541211605072,6.0,395.0,2740.0,0.7090949416160583,0.9999991655349731,0.0009999986074606686,0.001,False,128.0,128.0,,
train,,,,,,,270.74692964553833,6.0,396.0,2741.0,0.6690804362297058,0.9999991655349731,0.0009999992177231732,0.001,False,128.0,128.0,,
train,,,,,,,270.8329794406891,6.0,397.0,2742.0,0.670261800289154,0.9999991059303284,0.000999998943636612,0.001,False,128.0,128.0,,
train,,,,,,,270.92088627815247,6.0,398.0,2743.0,0.6689025163650513,0.9999991655349731,0.000999999306790881,0.001,False,128.0,128.0,,
train,,,,,,,271.015976190567,6.0,399.0,2744.0,0.6428475975990295,0.9999991655349731,0.0009997020270497356,0.001,False,128.0,128.0,,
train,,,,,,,271.09778094291687,6.0,400.0,2745.0,0.636767566204071,0.999700665473938,0.000999998902613827,0.001,False,128.0,128.0,,
train,,,,,,,271.20904088020325,6.0,401.0,2746.0,0.626722514629364,0.9999991059303284,0.0009999984845865566,0.001,False,128.0,128.0,,
train,,,,,,,271.3344407081604,6.0,402.0,2747.0,0.5095465779304504,0.9999990463256836,0.0009999980514322933,0.001,False,128.0,128.0,,
train,,,,,,,271.4333825111389,6.0,403.0,2748.0,0.5769749879837036,0.9999990463256836,0.0009999996497944634,0.001,False,128.0,128.0,,
train,,,,,,,271.5169007778168,6.0,404.0,2749.0,0.5778636336326599,0.9999990463256836,0.0009999977464533877,0.001,False,128.0,128.0,,
train,,,,,,,271.5914692878723,6.0,405.0,2750.0,0.5894584655761719,0.9999991655349731,0.0009999997849641548,0.001,False,128.0,128.0,,
train,,,,,,,271.6763005256653,6.0,406.0,2751.0,0.6115183234214783,0.9999990463256836,0.0009999993494512294,0.001,False,128.0,128.0,,
train,,,,,,,271.77982354164124,6.0,407.0,2752.0,0.5043914318084717,0.9999991655349731,0.0009999998897414699,0.001,False,128.0,128.0,,
train,,,,,,,271.863849401474,6.0,408.0,2753.0,0.5706102848052979,0.9999990463256836,0.0009999965313385662,0.001,False,128.0,128.0,,
train,,,,,,,271.9467840194702,6.0,409.0,2754.0,0.6018203496932983,0.9999991655349731,0.0009996446348621516,0.001,False,128.0,128.0,,
train,,,,,,,272.0315353870392,6.0,410.0,2755.0,0.6349980235099792,0.9996448159217834,0.0010000001373489564,0.001,False,128.0,128.0,,
train,,,,,,,272.11295676231384,6.0,411.0,2756.0,0.603009045124054,0.9999991655349731,0.0009561147967250995,0.001,False,128.0,128.0,,
train,,,,,,,272.20040225982666,6.0,412.0,2757.0,0.68877774477005,0.9561159610748291,0.0009801157552260867,0.001,False,128.0,128.0,,
train,,,,,,,272.289381980896,6.0,413.0,2758.0,0.693304717540741,0.980117678642273,0.0010000001100929847,0.001,False,128.0,128.0,,
train,,,,,,,272.39060831069946,6.0,414.0,2759.0,0.517564058303833,0.9999992251396179,0.000999999913361467,0.001,False,128.0,128.0,,
train,,,,,,,272.4805464744568,6.0,415.0,2760.0,0.5264483094215393,0.9999991059303284,0.000999997450494974,0.001,False,128.0,128.0,,
train,,,,,,,272.56764554977417,6.0,416.0,2761.0,0.5922157168388367,0.9999992251396179,0.0009999988480740595,0.001,False,128.0,128.0,,
train,,,,,,,272.6514928340912,6.0,417.0,2762.0,0.5485705733299255,0.9999991655349731,0.000999997678757384,0.001,False,128.0,128.0,,
train,,,,,,,272.73030829429626,6.0,418.0,2763.0,0.6744066476821899,0.9999991655349731,0.0009246083707002288,0.001,False,128.0,128.0,,
train,,,,,,,272.82420349121094,6.0,419.0,2764.0,0.5473554730415344,0.9246071577072144,0.0009999978722696876,0.001,False,128.0,128.0,,
train,,,,,,,272.9168128967285,6.0,420.0,2765.0,0.653185248374939,0.9999991655349731,0.0009999999834720546,0.001,False,128.0,128.0,,
train,,,,,,,272.99611616134644,6.0,421.0,2766.0,0.6542758941650391,0.9999992251396179,0.0009999985847010645,0.001,False,128.0,128.0,,
train,,,,,,,273.07646679878235,6.0,422.0,2767.0,0.570962131023407,0.9999992251396179,0.0009170424428549116,0.001,False,128.0,128.0,,
train,,,,,,,273.1607105731964,6.0,423.0,2768.0,0.5416489839553833,0.9170423150062561,0.0009999990878269691,0.001,False,128.0,128.0,,
train,,,,,,,273.24999356269836,6.0,424.0,2769.0,0.5687001943588257,0.9999991059303284,0.0008995346745583064,0.001,False,128.0,128.0,,
train,,,,,,,273.3421607017517,6.0,425.0,2770.0,0.5618309378623962,0.899535059928894,0.0009999976147528759,0.001,False,128.0,128.0,,
train,,,,,,,273.42127895355225,6.0,426.0,2771.0,0.5313025116920471,0.9999990463256836,0.000991779474455983,0.001,False,128.0,128.0,,
train,,,,,,,273.50187253952026,6.0,427.0,2772.0,0.618969738483429,0.9917793869972229,0.0009999994699937654,0.001,False,128.0,128.0,,
train,,,,,,,273.5959689617157,6.0,428.0,2773.0,0.627655565738678,0.9999991059303284,0.0009999974401976293,0.001,False,128.0,128.0,,
train,,,,,,,273.6771261692047,6.0,429.0,2774.0,0.5251513719558716,0.9999991059303284,0.0009345740397667067,0.001,False,128.0,128.0,,
train,,,,,,,273.776492357254,6.0,430.0,2775.0,0.6150800585746765,0.9345743060112,0.0009999966265960276,0.001,False,128.0,128.0,,
train,,,,,,,273.86906909942627,6.0,431.0,2776.0,0.6448397040367126,0.9999990463256836,0.0009999986715483798,0.001,False,128.0,128.0,,
train,,,,,,,273.94392132759094,6.0,432.0,2777.0,0.5428962707519531,0.9999992251396179,0.0010000003663601532,0.001,False,128.0,128.0,,
train,,,,,,,274.02656507492065,6.0,433.0,2778.0,0.5245093703269958,0.9999990463256836,0.0010000022618969434,0.001,False,128.0,128.0,,
train,,,,,,,274.0781145095825,6.0,434.0,2779.0,0.5430047512054443,0.9999990463256836,0.0009544856644171803,0.001,False,128.0,128.0,,
train,,,,,,,274.13126373291016,6.0,435.0,2780.0,0.553880512714386,0.9544879198074341,0.0009999999360655297,0.001,False,128.0,128.0,,
train,,,,,,,274.1789057254791,6.0,436.0,2781.0,0.5984794497489929,0.9999991059303284,0.0009999984413710588,0.001,False,128.0,128.0,,
train,,,,,,,274.2327244281769,6.0,437.0,2782.0,0.5913876295089722,0.9999990463256836,0.0009979506136261556,0.001,False,128.0,128.0,,
train,,,,,,,274.2804307937622,6.0,438.0,2783.0,0.5750449299812317,0.9979522824287415,0.0009999993011287397,0.001,False,128.0,128.0,,
train,,,,,,,274.33124327659607,6.0,439.0,2784.0,0.7076128125190735,0.9999990463256836,0.0009999998888532912,0.001,False,128.0,128.0,,
train,,,,,,,274.3868007659912,6.0,440.0,2785.0,0.6347885727882385,0.9999991655349731,0.0009999981420266645,0.001,False,128.0,128.0,,
train,,,,,,,274.47599935531616,6.0,441.0,2786.0,0.5687697529792786,0.9999991655349731,0.0009999986790979064,0.001,False,128.0,128.0,,
train,,,,,,,274.5378215312958,6.0,442.0,2787.0,0.5623642206192017,0.9999989867210388,0.001000000221753647,0.001,False,128.0,128.0,,
train,,,,,,,274.5944969654083,6.0,443.0,2788.0,0.473075807094574,0.9999991655349731,0.0009431950071656472,0.001,False,128.0,128.0,,
train,,,,,,,274.6382441520691,6.0,444.0,2789.0,0.609404981136322,0.9431960582733154,0.0009999994211994363,0.001,False,128.0,128.0,,
train,,,,,,,274.6890935897827,6.0,445.0,2790.0,0.6794052124023438,0.9999990463256836,0.0009999999786425844,0.001,False,128.0,128.0,,
train,,,,,,,274.7443850040436,6.0,446.0,2791.0,0.6188970804214478,0.9999992251396179,0.0009971590536812572,0.001,False,128.0,128.0,,
train,,,,,,,274.792249917984,6.0,447.0,2792.0,0.5908125042915344,0.9971577525138855,0.0008817195240953373,0.001,False,128.0,128.0,,
train,,,,,,,274.84374737739563,6.0,448.0,2793.0,0.5371253490447998,0.8817183375358582,0.0009999984374852722,0.001,False,128.0,128.0,,
train,,,,,,,274.89748764038086,6.0,449.0,2794.0,0.4728301465511322,0.9999991059303284,0.0009999994701880546,0.001,False,128.0,128.0,,
train,,,,,,,274.9490098953247,6.0,450.0,2795.0,0.6031070947647095,0.9999991655349731,0.0008487516033218914,0.001,False,128.0,128.0,,
train,,,,,,,275.0026512145996,6.0,451.0,2796.0,0.7784841656684875,0.8487514853477478,0.0009999991752293526,0.001,False,128.0,128.0,,
train,,,,,,,275.04583764076233,6.0,452.0,2797.0,0.5933603644371033,0.9999991059303284,0.0009674467988935889,0.001,False,128.0,128.0,,
train,,,,,,,275.093945980072,6.0,453.0,2798.0,0.6408909559249878,0.9674469232559204,0.000999999113889478,0.001,False,128.0,128.0,,
train,,,,,,,275.38506627082825,6.0,454.0,2799.0,0.5111385583877563,0.9999991655349731,0.0009999991572992358,0.001,False,128.0,128.0,,
train,,,,,,,275.4306218624115,6.0,455.0,2800.0,0.5901164412498474,0.9999990463256836,0.0010000014756107111,0.001,False,128.0,128.0,,
train,,,,,,,275.4820294380188,6.0,456.0,2801.0,0.6643984913825989,0.9999991059303284,0.0009999993354901657,0.001,False,128.0,128.0,,
train,,,,,,,275.52329778671265,6.0,457.0,2802.0,0.6241801977157593,0.9999991655349731,0.0009999998008403473,0.001,False,128.0,128.0,,
train,,,,,,,275.5622932910919,6.0,458.0,2803.0,0.593654215335846,0.9999992847442627,0.0010000014145207774,0.001,False,128.0,128.0,,
train,,,,,,,275.6154508590698,6.0,459.0,2804.0,0.7206629514694214,0.9999991059303284,0.0009333670955487503,0.001,False,128.0,128.0,,
train,,,,,,,275.6664242744446,6.0,460.0,2805.0,0.5571165680885315,0.9333670735359192,0.0010000013538749286,0.001,False,128.0,128.0,,
train,,,,,,,275.7165036201477,6.0,461.0,2806.0,0.5875808000564575,0.9999991655349731,0.000999996764319649,0.001,False,128.0,128.0,,
train,,,,,,,275.76009345054626,6.0,462.0,2807.0,0.6252688765525818,0.9999992847442627,0.0009999965555970232,0.001,False,128.0,128.0,,
train,,,,,,,275.80101776123047,6.0,463.0,2808.0,0.6179172992706299,0.9999992847442627,0.0009999997140208857,0.001,False,128.0,128.0,,
train,,,,,,,275.83237314224243,6.0,464.0,2809.0,0.6451573967933655,0.9999991655349731,0.0009999993314656044,0.001,False,128.0,128.0,,
train,,,,,,,275.8707323074341,6.0,465.0,2810.0,0.5925517082214355,0.9999990463256836,0.0009999999772825612,0.001,False,128.0,128.0,,
train,,,,,,,275.9111421108246,6.0,466.0,2811.0,0.5953304171562195,0.9999991059303284,0.0009999977535865867,0.001,False,128.0,128.0,,
train,,,,,,,275.96521759033203,6.0,467.0,2812.0,0.5673141479492188,0.9999991655349731,0.0010000001677968183,0.001,False,128.0,128.0,,
train,,,,,,,275.996643781662,6.0,468.0,2813.0,0.6427339315414429,0.9999990463256836,0.0009999985894750302,0.001,False,128.0,128.0,,
train,,,,,,,276.0361759662628,6.0,469.0,2814.0,0.4946725368499756,0.9999991655349731,0.0010000001571664346,0.001,False,128.0,128.0,,
eval,,,,,,,278.5676667690277,6.0,,2814.0,,,,,False,128.0,128.0,0.5826395534992218,0.8683
train,,,,,,,278.610050201416,7.0,1.0,2815.0,0.556222677230835,0.9999992847442627,0.000999999926434344,0.001,False,128.0,128.0,,
train,,,,,,,278.64514350891113,7.0,2.0,2816.0,0.4805363416671753,0.9999990463256836,0.0009999981112456735,0.001,False,128.0,128.0,,
train,,,,,,,278.6903028488159,7.0,3.0,2817.0,0.6051791906356812,0.9999991059303284,0.0009999988599812151,0.001,False,128.0,128.0,,
train,,,,,,,278.73197746276855,7.0,4.0,2818.0,0.593754768371582,0.9999991655349731,0.0009963573245593928,0.001,False,128.0,128.0,,
train,,,,,,,278.7682831287384,7.0,5.0,2819.0,0.6331576704978943,0.996356725692749,0.0010000006490783028,0.001,False,128.0,128.0,,
train,,,,,,,278.8123605251312,7.0,6.0,2820.0,0.5349652767181396,0.9999991059303284,0.0009999975987656261,0.001,False,128.0,128.0,,
train,,,,,,,278.8499538898468,7.0,7.0,2821.0,0.5939082503318787,0.9999991655349731,0.0009999992921359269,0.001,False,128.0,128.0,,
train,,,,,,,278.8965437412262,7.0,8.0,2822.0,0.5397294759750366,0.9999991655349731,0.001000000110398296,0.001,False,128.0,128.0,,
train,,,,,,,278.9372420310974,7.0,9.0,2823.0,0.6418007612228394,0.9999990463256836,0.001000001839208149,0.001,False,128.0,128.0,,
train,,,,,,,278.97439074516296,7.0,10.0,2824.0,0.502281904220581,0.9999992251396179,0.0009999987920354862,0.001,False,128.0,128.0,,
train,,,,,,,279.0160655975342,7.0,11.0,2825.0,0.5323680639266968,0.9999991059303284,0.00100000090062689,0.001,False,128.0,128.0,,
train,,,,,,,279.0580139160156,7.0,12.0,2826.0,0.5580235719680786,0.9999991655349731,0.000937570851993701,0.001,False,128.0,128.0,,
train,,,,,,,279.09634137153625,7.0,13.0,2827.0,0.5657426118850708,0.9375719428062439,0.001000001128222379,0.001,False,128.0,128.0,,
train,,,,,,,279.1355257034302,7.0,14.0,2828.0,0.5256018042564392,0.9999992251396179,0.0009416431736819302,0.001,False,128.0,128.0,,
train,,,,,,,279.1748435497284,7.0,15.0,2829.0,0.6567807197570801,0.9416441917419434,0.0010000010084294426,0.001,False,128.0,128.0,,
train,,,,,,,279.2183623313904,7.0,16.0,2830.0,0.6264991164207458,0.9999992251396179,0.0009999994257513536,0.001,False,128.0,128.0,,
train,,,,,,,279.26394486427307,7.0,17.0,2831.0,0.557769238948822,0.9999991059303284,0.0008979186146264265,0.001,False,128.0,128.0,,
train,,,,,,,279.3058376312256,7.0,18.0,2832.0,0.5386357307434082,0.8979195356369019,0.0009999986197008943,0.001,False,128.0,128.0,,
train,,,,,,,279.3496127128601,7.0,19.0,2833.0,0.5708917379379272,0.9999991655349731,0.0009299672306274978,0.001,False,128.0,128.0,,
train,,,,,,,279.4008357524872,7.0,20.0,2834.0,0.6361896395683289,0.929966151714325,0.0009999986944745154,0.001,False,128.0,128.0,,
train,,,,,,,279.4416205883026,7.0,21.0,2835.0,0.6111001968383789,0.9999991059303284,0.0010000004602017157,0.001,False,128.0,128.0,,
train,,,,,,,279.47903990745544,7.0,22.0,2836.0,0.6263431310653687,0.9999992251396179,0.0009994355255485102,0.001,False,128.0,128.0,,
train,,,,,,,279.5189383029938,7.0,23.0,2837.0,0.5611352920532227,0.9994350075721741,0.000999998084988849,0.001,False,128.0,128.0,,
train,,,,,,,279.55277037620544,7.0,24.0,2838.0,0.5311917066574097,0.9999990463256836,0.0009999984961884046,0.001,False,128.0,128.0,,
train,,,,,,,279.5907266139984,7.0,25.0,2839.0,0.63190758228302,0.9999991655349731,0.0009306768780757347,0.001,False,128.0,128.0,,
train,,,,,,,279.6354374885559,7.0,26.0,2840.0,0.6888373494148254,0.9306765794754028,0.000999999983971655,0.001,False,128.0,128.0,,
train,,,,,,,279.67619919776917,7.0,27.0,2841.0,0.6101869940757751,0.9999992251396179,0.000943357221648067,0.001,False,128.0,128.0,,
train,,,,,,,279.71560740470886,7.0,28.0,2842.0,0.6891235113143921,0.9433580636978149,0.0009184165791655286,0.001,False,128.0,128.0,,
train,,,,,,,279.74943566322327,7.0,29.0,2843.0,0.7106049656867981,0.9184162020683289,0.0009999993785668466,0.001,False,128.0,128.0,,
train,,,,,,,279.7879114151001,7.0,30.0,2844.0,0.5931078791618347,0.9999992251396179,0.0009999991906614655,0.001,False,128.0,128.0,,
train,,,,,,,279.83165526390076,7.0,31.0,2845.0,0.5613738298416138,0.9999991059303284,0.0009999999684285324,0.001,False,128.0,128.0,,
train,,,,,,,279.86977767944336,7.0,32.0,2846.0,0.5534976124763489,0.9999991059303284,0.0009549617352047441,0.001,False,128.0,128.0,,
train,,,,,,,279.9067761898041,7.0,33.0,2847.0,0.6894775629043579,0.9549617767333984,0.0009999976304348134,0.001,False,128.0,128.0,,
train,,,,,,,279.9509484767914,7.0,34.0,2848.0,0.6605712175369263,0.9999993443489075,0.0008690533488644602,0.001,False,128.0,128.0,,
train,,,,,,,279.98836851119995,7.0,35.0,2849.0,0.5769416093826294,0.8690539002418518,0.0009094994698314853,0.001,False,128.0,128.0,,
train,,,,,,,280.0274441242218,7.0,36.0,2850.0,0.6812068223953247,0.9095004796981812,0.0009999977338245722,0.001,False,128.0,128.0,,
train,,,,,,,280.06719756126404,7.0,37.0,2851.0,0.6910990476608276,0.9999991655349731,0.0010000017759255512,0.001,False,128.0,128.0,,
train,,,,,,,280.10923862457275,7.0,38.0,2852.0,0.6589471101760864,0.9999992251396179,0.0009999985928612152,0.001,False,128.0,128.0,,
train,,,,,,,280.15988874435425,7.0,39.0,2853.0,0.622920036315918,0.9999989867210388,0.0009818265718554867,0.001,False,128.0,128.0,,
train,,,,,,,280.1987888813019,7.0,40.0,2854.0,0.6391668915748596,0.9818264245986938,0.0009999979963373669,0.001,False,128.0,128.0,,
train,,,,,,,280.24428248405457,7.0,41.0,2855.0,0.6320464611053467,0.999999463558197,0.0010000000772858973,0.001,False,128.0,128.0,,
train,,,,,,,280.28195881843567,7.0,42.0,2856.0,0.6949582695960999,0.9999991059303284,0.0009999986179522907,0.001,False,128.0,128.0,,
train,,,,,,,280.3200922012329,7.0,43.0,2857.0,0.5814386606216431,0.9999991655349731,0.0009999986845935175,0.001,False,128.0,128.0,,
train,,,,,,,280.37239480018616,7.0,44.0,2858.0,0.5208831429481506,0.9999991655349731,0.0010000001141452983,0.001,False,128.0,128.0,,
train,,,,,,,280.4126842021942,7.0,45.0,2859.0,0.5440704226493835,0.9999989867210388,0.0009999992029849508,0.001,False,128.0,128.0,,
train,,,,,,,280.45782804489136,7.0,46.0,2860.0,0.573179304599762,0.9999991655349731,0.000999999186054036,0.001,False,128.0,128.0,,
train,,,,,,,280.49464869499207,7.0,47.0,2861.0,0.601795494556427,0.9999991655349731,0.0009882603038887268,0.001,False,128.0,128.0,,
train,,,,,,,280.5331666469574,7.0,48.0,2862.0,0.6485300064086914,0.9882603883743286,0.000999998506596761,0.001,False,128.0,128.0,,
train,,,,,,,280.56896924972534,7.0,49.0,2863.0,0.6202009916305542,0.9999990463256836,0.0009999996979781585,0.001,False,128.0,128.0,,
train,,,,,,,280.6125063896179,7.0,50.0,2864.0,0.5218733549118042,0.9999992251396179,0.0009999993656882515,0.001,False,128.0,128.0,,
train,,,,,,,280.66469383239746,7.0,51.0,2865.0,0.4978565275669098,0.9999989867210388,0.0008741954179328544,0.001,False,128.0,128.0,,
train,,,,,,,280.99308466911316,7.0,52.0,2866.0,0.583417534828186,0.8741965293884277,0.001000002287598548,0.001,False,128.0,128.0,,
train,,,,,,,281.0306990146637,7.0,53.0,2867.0,0.6294292211532593,0.9999990463256836,0.0009999986323852097,0.001,False,128.0,128.0,,
train,,,,,,,281.067631483078,7.0,54.0,2868.0,0.5385004281997681,0.9999992251396179,0.00087082702002994,0.001,False,128.0,128.0,,
train,,,,,,,281.11199140548706,7.0,55.0,2869.0,0.5660135746002197,0.8708290457725525,0.0009808488570410517,0.001,False,128.0,128.0,,
train,,,,,,,281.1484785079956,7.0,56.0,2870.0,0.6539776921272278,0.9808499813079834,0.0009407548188814637,0.001,False,128.0,128.0,,
train,,,,,,,281.18515729904175,7.0,57.0,2871.0,0.655897319316864,0.9407520890235901,0.00099999729731155,0.001,False,128.0,128.0,,
train,,,,,,,281.21902441978455,7.0,58.0,2872.0,0.6458425521850586,0.9999990463256836,0.0009927560329879312,0.001,False,128.0,128.0,,
train,,,,,,,281.2558093070984,7.0,59.0,2873.0,0.61460942029953,0.9927563667297363,0.0009999982340365644,0.001,False,128.0,128.0,,
train,,,,,,,281.29172015190125,7.0,60.0,2874.0,0.5242174863815308,0.9999991655349731,0.0009999990102500615,0.001,False,128.0,128.0,,
train,,,,,,,281.3233222961426,7.0,61.0,2875.0,0.6741907000541687,0.9999992847442627,0.0009999999998756,0.001,False,128.0,128.0,,
train,,,,,,,281.35830569267273,7.0,62.0,2876.0,0.5615472197532654,0.9999991655349731,0.000999999311453821,0.001,False,128.0,128.0,,
train,,,,,,,281.3957817554474,7.0,63.0,2877.0,0.5104162693023682,0.9999990463256836,0.000999999068758871,0.001,False,128.0,128.0,,
train,,,,,,,281.42905616760254,7.0,64.0,2878.0,0.5760927200317383,0.9999990463256836,0.0008459467632748885,0.001,False,128.0,128.0,,
train,,,,,,,281.45954990386963,7.0,65.0,2879.0,0.560015857219696,0.8459470868110657,0.0009999785564096106,0.001,False,128.0,128.0,,
train,,,,,,,281.50094842910767,7.0,66.0,2880.0,0.7308157682418823,0.9999772310256958,0.0009960079676914913,0.001,False,128.0,128.0,,
train,,,,,,,281.5354206562042,7.0,67.0,2881.0,0.5770827531814575,0.996009111404419,0.0009999971264199946,0.001,False,128.0,128.0,,
train,,,,,,,281.56959676742554,7.0,68.0,2882.0,0.6384732723236084,0.9999991059303284,0.0009430223730196767,0.001,False,128.0,128.0,,
train,,,,,,,281.60573410987854,7.0,69.0,2883.0,0.693724513053894,0.9430224895477295,0.00099999822340616,0.001,False,128.0,128.0,,
train,,,,,,,281.64662432670593,7.0,70.0,2884.0,0.6072186827659607,0.9999989867210388,0.0010000002721022485,0.001,False,128.0,128.0,,
train,,,,,,,281.6807060241699,7.0,71.0,2885.0,0.534406304359436,0.9999991655349731,0.000862490030776978,0.001,False,128.0,128.0,,
train,,,,,,,281.71227860450745,7.0,72.0,2886.0,0.5806257128715515,0.8624882102012634,0.0009999993194474322,0.001,False,128.0,128.0,,
train,,,,,,,281.747517824173,7.0,73.0,2887.0,0.604859471321106,0.9999991655349731,0.0009999996088549741,0.001,False,128.0,128.0,,
train,,,,,,,281.78563690185547,7.0,74.0,2888.0,0.6464253067970276,0.9999991059303284,0.0010000012071036328,0.001,False,128.0,128.0,,
train,,,,,,,281.8246850967407,7.0,75.0,2889.0,0.6008244156837463,0.9999993443489075,0.0009999997672838492,0.001,False,128.0,128.0,,
train,,,,,,,281.8621792793274,7.0,76.0,2890.0,0.6907802224159241,0.9999992251396179,0.0009999996272291724,0.001,False,128.0,128.0,,
train,,,,,,,281.8957841396332,7.0,77.0,2891.0,0.6121906042098999,0.9999991655349731,0.0010000010687144902,0.001,False,128.0,128.0,,
train,,,,,,,281.9320433139801,7.0,78.0,2892.0,0.5552157163619995,0.9999991059303284,0.0009999992218865127,0.001,False,128.0,128.0,,
train,,,,,,,281.9661922454834,7.0,79.0,2893.0,0.48611143231391907,0.9999990463256836,0.000999996223666896,0.001,False,128.0,128.0,,
train,,,,,,,282.0025839805603,7.0,80.0,2894.0,0.5843427777290344,0.9999992251396179,0.0009355321536317918,0.001,False,128.0,128.0,,
train,,,,,,,282.03597831726074,7.0,81.0,2895.0,0.5666419267654419,0.9355334639549255,0.0009999991365380477,0.001,False,128.0,128.0,,
train,,,,,,,282.0795269012451,7.0,82.0,2896.0,0.530415952205658,0.9999991059303284,0.0009758905015651111,0.001,False,128.0,128.0,,
train,,,,,,,282.1180715560913,7.0,83.0,2897.0,0.5737704038619995,0.9758909344673157,0.0010000006685627041,0.001,False,128.0,128.0,,
train,,,,,,,282.1528842449188,7.0,84.0,2898.0,0.5652216672897339,0.9999992847442627,0.0009999974747534088,0.001,False,128.0,128.0,,
train,,,,,,,282.1853265762329,7.0,85.0,2899.0,0.5796434879302979,0.9999991655349731,0.0010000020127356737,0.001,False,128.0,128.0,,
train,,,,,,,282.2254500389099,7.0,86.0,2900.0,0.5842328071594238,0.9999991059303284,0.0010000000951049753,0.001,False,128.0,128.0,,
train,,,,,,,282.26444363594055,7.0,87.0,2901.0,0.6186642646789551,0.9999991059303284,0.0009012432708122847,0.001,False,128.0,128.0,,
train,,,,,,,282.30104756355286,7.0,88.0,2902.0,0.5431253910064697,0.9012434482574463,0.0009443902516353657,0.001,False,128.0,128.0,,
train,,,,,,,282.33523750305176,7.0,89.0,2903.0,0.5563395619392395,0.9443916082382202,0.0009547488497971503,0.001,False,128.0,128.0,,
train,,,,,,,282.36929726600647,7.0,90.0,2904.0,0.5167617797851562,0.9547497034072876,0.0009999990002025332,0.001,False,128.0,128.0,,
train,,,,,,,282.40536189079285,7.0,91.0,2905.0,0.6523324251174927,0.9999991059303284,0.0009999976441183445,0.001,False,128.0,128.0,,
train,,,,,,,282.4359612464905,7.0,92.0,2906.0,0.5643739700317383,0.9999991059303284,0.0009999984409824803,0.001,False,128.0,128.0,,
train,,,,,,,282.46492409706116,7.0,93.0,2907.0,0.5634490251541138,0.9999991655349731,0.0010000002135657539,0.001,False,128.0,128.0,,
train,,,,,,,282.4968159198761,7.0,94.0,2908.0,0.5171403288841248,0.9999992251396179,0.0010000011122351853,0.001,False,128.0,128.0,,
train,,,,,,,282.5271260738373,7.0,95.0,2909.0,0.5228955149650574,0.9999990463256836,0.0010000003154842004,0.001,False,128.0,128.0,,
train,,,,,,,282.5615613460541,7.0,96.0,2910.0,0.5694884061813354,0.9999991655349731,0.0009795465292665292,0.001,False,128.0,128.0,,
train,,,,,,,282.5921936035156,7.0,97.0,2911.0,0.5620411038398743,0.9795479774475098,0.0009890283928027882,0.001,False,128.0,128.0,,
train,,,,,,,282.6231074333191,7.0,98.0,2912.0,0.5766080021858215,0.9890289306640625,0.0010000000964649983,0.001,False,128.0,128.0,,
train,,,,,,,282.6574833393097,7.0,99.0,2913.0,0.5562801361083984,0.9999991059303284,0.0010000009203888418,0.001,False,128.0,128.0,,
train,,,,,,,282.69213938713074,7.0,100.0,2914.0,0.6683960556983948,0.9999991655349731,0.0009703284314191093,0.001,False,128.0,128.0,,
train,,,,,,,282.72554636001587,7.0,101.0,2915.0,0.5074248313903809,0.9703287482261658,0.0009999995834586123,0.001,False,128.0,128.0,,
train,,,,,,,282.76226592063904,7.0,102.0,2916.0,0.5951185822486877,0.9999990463256836,0.0009999970945565016,0.001,False,128.0,128.0,,
train,,,,,,,282.79950761795044,7.0,103.0,2917.0,0.547590434551239,0.9999991059303284,0.0009999992569418314,0.001,False,128.0,128.0,,
train,,,,,,,282.83216547966003,7.0,104.0,2918.0,0.6891698241233826,0.9999991655349731,0.000999997425681426,0.001,False,128.0,128.0,,
train,,,,,,,282.8644287586212,7.0,105.0,2919.0,0.5329707860946655,0.9999992251396179,0.0010000003213961363,0.001,False,128.0,128.0,,
train,,,,,,,282.89996695518494,7.0,106.0,2920.0,0.5871469378471375,0.9999991655349731,0.0009999987547319469,0.001,False,128.0,128.0,,
train,,,,,,,282.9346225261688,7.0,107.0,2921.0,0.6163984537124634,0.9999991059303284,0.0009777309826407277,0.001,False,128.0,128.0,,
train,,,,,,,282.98052406311035,7.0,108.0,2922.0,0.5954396724700928,0.9777321219444275,0.0008926527900973703,0.001,False,128.0,128.0,,
train,,,,,,,283.01901721954346,7.0,109.0,2923.0,0.5020352005958557,0.8926545977592468,0.0009173022220290059,0.001,False,128.0,128.0,,
train,,,,,,,283.0585517883301,7.0,110.0,2924.0,0.7077746391296387,0.91730135679245,0.0010000008655438731,0.001,False,128.0,128.0,,
train,,,,,,,283.0914306640625,7.0,111.0,2925.0,0.6351322531700134,0.9999992251396179,0.000999998690061373,0.001,False,128.0,128.0,,
train,,,,,,,283.12750792503357,7.0,112.0,2926.0,0.6444928050041199,0.9999991655349731,0.0010000007916169589,0.001,False,128.0,128.0,,
train,,,,,,,283.16304445266724,7.0,113.0,2927.0,0.5128892064094543,0.9999990463256836,0.000999999403130546,0.001,False,128.0,128.0,,
train,,,,,,,283.19712114334106,7.0,114.0,2928.0,0.5517038702964783,0.9999991655349731,0.000999997216736893,0.001,False,128.0,128.0,,
train,,,,,,,283.2350950241089,7.0,115.0,2929.0,0.6790369153022766,0.9999991059303284,0.0009999983238260061,0.001,False,128.0,128.0,,
train,,,,,,,283.27431321144104,7.0,116.0,2930.0,0.5542353987693787,0.9999991655349731,0.0009024202796837426,0.001,False,128.0,128.0,,
train,,,,,,,283.3174488544464,7.0,117.0,2931.0,0.6743424534797668,0.9024215340614319,0.0010000003026611286,0.001,False,128.0,128.0,,
train,,,,,,,283.35775685310364,7.0,118.0,2932.0,0.5572664141654968,0.9999992251396179,0.0009999995382725152,0.001,False,128.0,128.0,,
train,,,,,,,283.39824652671814,7.0,119.0,2933.0,0.47909224033355713,0.9999991655349731,0.0010000018594974373,0.001,False,128.0,128.0,,
train,,,,,,,283.43880105018616,7.0,120.0,2934.0,0.5757438540458679,0.9999990463256836,0.000999999146849253,0.001,False,128.0,128.0,,
train,,,,,,,283.4825007915497,7.0,121.0,2935.0,0.6137942671775818,0.9999991059303284,0.0009999997413878909,0.001,False,128.0,128.0,,
train,,,,,,,283.5201461315155,7.0,122.0,2936.0,0.6274382472038269,0.9999991059303284,0.001000001263669426,0.001,False,128.0,128.0,,
train,,,,,,,283.56672716140747,7.0,123.0,2937.0,0.6005749702453613,0.9999991059303284,0.0009999977557515263,0.001,False,128.0,128.0,,
train,,,,,,,283.6058392524719,7.0,124.0,2938.0,0.5214009284973145,0.9999991059303284,0.0009999964046894273,0.001,False,128.0,128.0,,
train,,,,,,,283.6429982185364,7.0,125.0,2939.0,0.5902412533760071,0.9999991655349731,0.000989334184979042,0.001,False,128.0,128.0,,
train,,,,,,,283.6899483203888,7.0,126.0,2940.0,0.5371278524398804,0.9893332123756409,0.0009999984677111409,0.001,False,128.0,128.0,,
train,,,,,,,283.7253165245056,7.0,127.0,2941.0,0.5010172724723816,0.9999991059303284,0.0009999975302091874,0.001,False,128.0,128.0,,
train,,,,,,,283.76165080070496,7.0,128.0,2942.0,0.4137147068977356,0.9999991059303284,0.000926440423956358,0.001,False,128.0,128.0,,
train,,,,,,,283.8008551597595,7.0,129.0,2943.0,0.6203860640525818,0.9264377951622009,0.0009642569512678531,0.001,False,128.0,128.0,,
train,,,,,,,283.83921360969543,7.0,130.0,2944.0,0.6007782220840454,0.9642559885978699,0.0009999996798260064,0.001,False,128.0,128.0,,
train,,,,,,,283.88349318504333,7.0,131.0,2945.0,0.6892217397689819,0.9999991059303284,0.0009999984983810985,0.001,False,128.0,128.0,,
train,,,,,,,283.9295747280121,7.0,132.0,2946.0,0.6516053676605225,0.9999991059303284,0.000999996996356985,0.001,False,128.0,128.0,,
train,,,,,,,283.9659605026245,7.0,133.0,2947.0,0.5781100392341614,0.9999991655349731,0.0009573843535922617,0.001,False,128.0,128.0,,
train,,,,,,,284.0024061203003,7.0,134.0,2948.0,0.6206313371658325,0.9573855400085449,0.0009999995664721928,0.001,False,128.0,128.0,,
train,,,,,,,284.0364396572113,7.0,135.0,2949.0,0.634835422039032,0.9999989867210388,0.0009999990523553105,0.001,False,128.0,128.0,,
train,,,,,,,284.07220792770386,7.0,136.0,2950.0,0.6680886745452881,0.9999991655349731,0.0009459889283355134,0.001,False,128.0,128.0,,
train,,,,,,,284.10489678382874,7.0,137.0,2951.0,0.5421417951583862,0.9459906816482544,0.00094773312829418,0.001,False,128.0,128.0,,
train,,,,,,,284.14561653137207,7.0,138.0,2952.0,0.4506904184818268,0.9477315545082092,0.0010000002108457079,0.001,False,128.0,128.0,,
train,,,,,,,284.18915820121765,7.0,139.0,2953.0,0.5320737957954407,0.9999990463256836,0.0010000006486897252,0.001,False,128.0,128.0,,
train,,,,,,,284.23347568511963,7.0,140.0,2954.0,0.6408538222312927,0.9999991655349731,0.0009999985986343832,0.001,False,128.0,128.0,,
train,,,,,,,284.27696466445923,7.0,141.0,2955.0,0.5522249341011047,0.9999991655349731,0.000999999468661497,0.001,False,128.0,128.0,,
train,,,,,,,284.3128762245178,7.0,142.0,2956.0,0.6135603785514832,0.9999990463256836,0.001000001109098809,0.001,False,128.0,128.0,,
train,,,,,,,284.34729290008545,7.0,143.0,2957.0,0.5776923298835754,0.9999989867210388,0.001000001877066684,0.001,False,128.0,128.0,,
train,,,,,,,284.386593580246,7.0,144.0,2958.0,0.5222778916358948,0.9999990463256836,0.0009119515295681012,0.001,False,128.0,128.0,,
train,,,,,,,284.41980934143066,7.0,145.0,2959.0,0.48856350779533386,0.9119502305984497,0.000999999343594799,0.001,False,128.0,128.0,,
train,,,,,,,284.45827460289,7.0,146.0,2960.0,0.5284038782119751,0.9999991059303284,0.0009910474641299971,0.001,False,128.0,128.0,,
train,,,,,,,284.4926526546478,7.0,147.0,2961.0,0.5666533708572388,0.9910454750061035,0.0010000001722099542,0.001,False,128.0,128.0,,
train,,,,,,,284.5284194946289,7.0,148.0,2962.0,0.46809008717536926,0.9999989867210388,0.0009999982929339982,0.001,False,128.0,128.0,,
train,,,,,,,284.5674874782562,7.0,149.0,2963.0,0.5185907483100891,0.9999990463256836,0.0008620018199820614,0.001,False,128.0,128.0,,
train,,,,,,,284.601336479187,7.0,150.0,2964.0,0.6005422472953796,0.8620001673698425,0.000975859502977913,0.001,False,128.0,128.0,,
train,,,,,,,284.63532638549805,7.0,151.0,2965.0,0.6614969968795776,0.9758568406105042,0.001000000070735582,0.001,False,128.0,128.0,,
train,,,,,,,284.673308134079,7.0,152.0,2966.0,0.5458917021751404,0.9999992847442627,0.0009999980331968444,0.001,False,128.0,128.0,,
train,,,,,,,284.7112991809845,7.0,153.0,2967.0,0.6660568714141846,0.9999991655349731,0.000999997806488831,0.001,False,128.0,128.0,,
train,,,,,,,284.7450022697449,7.0,154.0,2968.0,0.6210130453109741,0.9999992251396179,0.0009999992248008504,0.001,False,128.0,128.0,,
train,,,,,,,284.7798891067505,7.0,155.0,2969.0,0.5515620708465576,0.9999992251396179,0.0010000010586114715,0.001,False,128.0,128.0,,
train,,,,,,,284.8159427642822,7.0,156.0,2970.0,0.5526243448257446,0.9999991059303284,0.000999998869667922,0.001,False,128.0,128.0,,
train,,,,,,,284.8592393398285,7.0,157.0,2971.0,0.5930901169776917,0.9999992251396179,0.0009163157477994642,0.001,False,128.0,128.0,,
train,,,,,,,284.9026129245758,7.0,158.0,2972.0,0.6333059668540955,0.916316568851471,0.0009999992176954176,0.001,False,128.0,128.0,,
train,,,,,,,284.9425570964813,7.0,159.0,2973.0,0.5333025455474854,0.9999991059303284,0.0010000003785448465,0.001,False,128.0,128.0,,
train,,,,,,,284.98961210250854,7.0,160.0,2974.0,0.5144783854484558,0.9999991059303284,0.0010000005081633272,0.001,False,128.0,128.0,,
train,,,,,,,285.0360424518585,7.0,161.0,2975.0,0.5821557641029358,0.9999991655349731,0.0009999997054166549,0.001,False,128.0,128.0,,
train,,,,,,,285.38710832595825,7.0,162.0,2976.0,0.5737518668174744,0.9999992251396179,0.0009999987152634685,0.001,False,128.0,128.0,,
train,,,,,,,285.42152547836304,7.0,163.0,2977.0,0.6473527550697327,0.9999990463256836,0.000999999026237289,0.001,False,128.0,128.0,,
train,,,,,,,285.4573633670807,7.0,164.0,2978.0,0.5760790109634399,0.9999991655349731,0.0009278820270880569,0.001,False,128.0,128.0,,
train,,,,,,,285.4900710582733,7.0,165.0,2979.0,0.605278730392456,0.9278813004493713,0.000999998892899365,0.001,False,128.0,128.0,,
train,,,,,,,285.5249948501587,7.0,166.0,2980.0,0.5260339379310608,0.9999991655349731,0.0009999981235691722,0.001,False,128.0,128.0,,
train,,,,,,,285.55957436561584,7.0,167.0,2981.0,0.5585241913795471,0.9999990463256836,0.0009628922003221683,0.001,False,128.0,128.0,,
train,,,,,,,285.5933265686035,7.0,168.0,2982.0,0.6578206419944763,0.9628919959068298,0.0010000014022528304,0.001,False,128.0,128.0,,
train,,,,,,,285.6266508102417,7.0,169.0,2983.0,0.5590795278549194,0.9999991059303284,0.0009999997527121685,0.001,False,128.0,128.0,,
train,,,,,,,285.65838527679443,7.0,170.0,2984.0,0.559074878692627,0.9999991655349731,0.001000001190727863,0.001,False,128.0,128.0,,
train,,,,,,,285.6944377422333,7.0,171.0,2985.0,0.5180867314338684,0.9999991655349731,0.0009523935095345184,0.001,False,128.0,128.0,,
train,,,,,,,285.72854471206665,7.0,172.0,2986.0,0.5901463627815247,0.9523916840553284,0.0009999977629957478,0.001,False,128.0,128.0,,
train,,,,,,,285.7613215446472,7.0,173.0,2987.0,0.4915640652179718,0.9999990463256836,0.00092854065018011,0.001,False,128.0,128.0,,
train,,,,,,,285.7956192493439,7.0,174.0,2988.0,0.5281758904457092,0.9285435676574707,0.0009482228315237901,0.001,False,128.0,128.0,,
train,,,,,,,285.8283808231354,7.0,175.0,2989.0,0.5321559906005859,0.948223888874054,0.0009999980870705211,0.001,False,128.0,128.0,,
train,,,,,,,285.8649356365204,7.0,176.0,2990.0,0.5763169527053833,0.9999992251396179,0.0009999964095189148,0.001,False,128.0,128.0,,
train,,,,,,,285.89820075035095,7.0,177.0,2991.0,0.5494071841239929,0.9999990463256836,0.0009387902578052433,0.001,False,128.0,128.0,,
train,,,,,,,285.9325268268585,7.0,178.0,2992.0,0.5382416844367981,0.9387896656990051,0.0009926182760644693,0.001,False,128.0,128.0,,
train,,,,,,,285.9637961387634,7.0,179.0,2993.0,0.5843505859375,0.9926154017448425,0.00099999798615105,0.001,False,128.0,128.0,,
train,,,,,,,285.9967806339264,7.0,180.0,2994.0,0.5725792646408081,0.9999989867210388,0.0009223329928810484,0.001,False,128.0,128.0,,
train,,,,,,,286.0313687324524,7.0,181.0,2995.0,0.5740746855735779,0.9223337769508362,0.0009867242356875199,0.001,False,128.0,128.0,,
train,,,,,,,286.06472730636597,7.0,182.0,2996.0,0.5237143635749817,0.9867240190505981,0.0009340588430531814,0.001,False,128.0,128.0,,
train,,,,,,,286.0972852706909,7.0,183.0,2997.0,0.558691143989563,0.9340599179267883,0.00098875731070513,0.001,False,128.0,128.0,,
train,,,,,,,286.12872648239136,7.0,184.0,2998.0,0.6684613823890686,0.9887567758560181,0.0009999981295921434,0.001,False,128.0,128.0,,
train,,,,,,,286.1634135246277,7.0,185.0,2999.0,0.5210042595863342,0.9999992251396179,0.0009010191917627704,0.001,False,128.0,128.0,,
train,,,,,,,286.19800877571106,7.0,186.0,3000.0,0.5623900890350342,0.9010185599327087,0.0009206425715473555,0.001,False,128.0,128.0,,
train,,,,,,,286.23515701293945,7.0,187.0,3001.0,0.4922214448451996,0.9206425547599792,0.000999999453007344,0.001,False,128.0,128.0,,
train,,,,,,,286.2666759490967,7.0,188.0,3002.0,0.604672372341156,0.9999991655349731,0.0009999980584544676,0.001,False,128.0,128.0,,
train,,,,,,,286.29922008514404,7.0,189.0,3003.0,0.6947806477546692,0.9999990463256836,0.0009999971042154699,0.001,False,128.0,128.0,,
train,,,,,,,286.33597207069397,7.0,190.0,3004.0,0.6362984776496887,0.999998927116394,0.0009416608959758463,0.001,False,128.0,128.0,,
train,,,,,,,286.3729820251465,7.0,191.0,3005.0,0.5395862460136414,0.9416599273681641,0.0008276978991701682,0.001,False,128.0,128.0,,
train,,,,,,,286.4122817516327,7.0,192.0,3006.0,0.5861432552337646,0.827697217464447,0.0009999995596443182,0.001,False,128.0,128.0,,
train,,,,,,,286.44981122016907,7.0,193.0,3007.0,0.5950466990470886,0.9999991059303284,0.000963207198608084,0.001,False,128.0,128.0,,
train,,,,,,,286.480749130249,7.0,194.0,3008.0,0.5394161939620972,0.9632073044776917,0.0009999997016418955,0.001,False,128.0,128.0,,
train,,,,,,,286.51488399505615,7.0,195.0,3009.0,0.553273618221283,0.9999991059303284,0.001000000377878713,0.001,False,128.0,128.0,,
train,,,,,,,286.54656744003296,7.0,196.0,3010.0,0.5713594555854797,0.9999989867210388,0.00099999846093877,0.001,False,128.0,128.0,,
train,,,,,,,286.57753252983093,7.0,197.0,3011.0,0.5338746905326843,0.9999991655349731,0.0010000000749266736,0.001,False,128.0,128.0,,
train,,,,,,,286.6090638637543,7.0,198.0,3012.0,0.6897643208503723,0.9999989867210388,0.000999999141922634,0.001,False,128.0,128.0,,
train,,,,,,,286.6421949863434,7.0,199.0,3013.0,0.5493060946464539,0.9999990463256836,0.0009661673722651136,0.001,False,128.0,128.0,,
train,,,,,,,286.67295813560486,7.0,200.0,3014.0,0.5321279764175415,0.9661661386489868,0.0009999998264865041,0.001,False,128.0,128.0,,
train,,,,,,,286.7067244052887,7.0,201.0,3015.0,0.5396419167518616,0.9999990463256836,0.0010000009973272234,0.001,False,128.0,128.0,,
train,,,,,,,286.74150109291077,7.0,202.0,3016.0,0.5320398807525635,0.9999990463256836,0.0009962743776323452,0.001,False,128.0,128.0,,
train,,,,,,,286.7725248336792,7.0,203.0,3017.0,0.5679968595504761,0.9962766766548157,0.0009425933413406726,0.001,False,128.0,128.0,,
train,,,,,,,286.80393838882446,7.0,204.0,3018.0,0.5048938989639282,0.942592442035675,0.0009999998567955975,0.001,False,128.0,128.0,,
train,,,,,,,286.8365867137909,7.0,205.0,3019.0,0.5847707390785217,0.9999991655349731,0.0009999984764541606,0.001,False,128.0,128.0,,
train,,,,,,,286.90818095207214,7.0,206.0,3020.0,0.570162296295166,0.9999991059303284,0.0009575970931108417,0.001,False,128.0,128.0,,
train,,,,,,,286.9409067630768,7.0,207.0,3021.0,0.6315829753875732,0.9575966596603394,0.0009999982086956788,0.001,False,128.0,128.0,,
train,,,,,,,286.9721438884735,7.0,208.0,3022.0,0.7342848181724548,0.9999992251396179,0.000999996690434065,0.001,False,128.0,128.0,,
train,,,,,,,287.0044913291931,7.0,209.0,3023.0,0.476009339094162,0.9999992251396179,0.0009999996326970227,0.001,False,128.0,128.0,,
train,,,,,,,287.0354804992676,7.0,210.0,3024.0,0.455989271402359,0.9999991059303284,0.0007842863157201071,0.001,False,128.0,128.0,,
train,,,,,,,287.0714809894562,7.0,211.0,3025.0,0.5758876204490662,0.784286618232727,0.000999998173362767,0.001,False,128.0,128.0,,
train,,,,,,,287.10593700408936,7.0,212.0,3026.0,0.5730951428413391,0.9999990463256836,0.0009999993484242724,0.001,False,128.0,128.0,,
train,,,,,,,287.14191913604736,7.0,213.0,3027.0,0.5242832899093628,0.9999992251396179,0.0009260553269794991,0.001,False,128.0,128.0,,
train,,,,,,,287.17995858192444,7.0,214.0,3028.0,0.4875308573246002,0.9260552525520325,0.0009673899214135851,0.001,False,128.0,128.0,,
train,,,,,,,287.21395540237427,7.0,215.0,3029.0,0.5537521839141846,0.9673877954483032,0.0009737805270287801,0.001,False,128.0,128.0,,
train,,,,,,,287.2467472553253,7.0,216.0,3030.0,0.6044514179229736,0.973778486251831,0.0009999982266813239,0.001,False,128.0,128.0,,
train,,,,,,,287.28390431404114,7.0,217.0,3031.0,0.5449060797691345,0.9999992251396179,0.000999998281165614,0.001,False,128.0,128.0,,
train,,,,,,,287.3222677707672,7.0,218.0,3032.0,0.5180463194847107,0.9999990463256836,0.0009929612152873304,0.001,False,128.0,128.0,,
train,,,,,,,287.3627419471741,7.0,219.0,3033.0,0.516103982925415,0.9929594397544861,0.0009523957417377008,0.001,False,128.0,128.0,,
train,,,,,,,287.4029133319855,7.0,220.0,3034.0,0.5135439038276672,0.9523945450782776,0.0009936723200758106,0.001,False,128.0,128.0,,
train,,,,,,,287.4439868927002,7.0,221.0,3035.0,0.5583853721618652,0.9936720132827759,0.0009999995117936835,0.001,False,128.0,128.0,,
train,,,,,,,287.4832766056061,7.0,222.0,3036.0,0.6432304382324219,0.9999991059303284,0.0009815304968798422,0.001,False,128.0,128.0,,
train,,,,,,,287.5242805480957,7.0,223.0,3037.0,0.569101095199585,0.9815302491188049,0.0010000017141417476,0.001,False,128.0,128.0,,
train,,,,,,,287.561740398407,7.0,224.0,3038.0,0.6628459692001343,0.9999992847442627,0.0009999996418008548,0.001,False,128.0,128.0,,
train,,,,,,,287.60828280448914,7.0,225.0,3039.0,0.4752224087715149,0.9999992847442627,0.0009999982369231493,0.001,False,128.0,128.0,,
train,,,,,,,287.6452965736389,7.0,226.0,3040.0,0.5909785032272339,0.9999991655349731,0.0010000004943688128,0.001,False,128.0,128.0,,
train,,,,,,,287.6823935508728,7.0,227.0,3041.0,0.5698760151863098,0.9999989867210388,0.0009999985848953537,0.001,False,128.0,128.0,,
train,,,,,,,287.7209749221802,7.0,228.0,3042.0,0.5970223546028137,0.9999990463256836,0.0010000001039867587,0.001,False,128.0,128.0,,
train,,,,,,,287.7582471370697,7.0,229.0,3043.0,0.5102176666259766,0.9999992847442627,0.0009999982883265647,0.001,False,128.0,128.0,,
train,,,,,,,287.79860615730286,7.0,230.0,3044.0,0.6840690970420837,0.9999992251396179,0.0009118103412563555,0.001,False,128.0,128.0,,
train,,,,,,,287.84291315078735,7.0,231.0,3045.0,0.6630196571350098,0.9118089079856873,0.0009999985737653523,0.001,False,128.0,128.0,,
train,,,,,,,288.1786663532257,7.0,232.0,3046.0,0.52280193567276,0.9999992251396179,0.0009999978664410043,0.001,False,128.0,128.0,,
train,,,,,,,288.2147397994995,7.0,233.0,3047.0,0.574887752532959,0.9999991655349731,0.0009201440678999866,0.001,False,128.0,128.0,,
train,,,,,,,288.251353263855,7.0,234.0,3048.0,0.5731623768806458,0.9201427698135376,0.0010000028503413978,0.001,False,128.0,128.0,,
train,,,,,,,288.2867133617401,7.0,235.0,3049.0,0.5378647446632385,0.9999991059303284,0.0008970942504980135,0.001,False,128.0,128.0,,
train,,,,,,,288.3195526599884,7.0,236.0,3050.0,0.5485363602638245,0.8970926403999329,0.0009289029530426543,0.001,False,128.0,128.0,,
train,,,,,,,288.35263752937317,7.0,237.0,3051.0,0.669655978679657,0.9289047122001648,0.0009999996539578012,0.001,False,128.0,128.0,,
train,,,,,,,288.3879919052124,7.0,238.0,3052.0,0.5463504791259766,0.9999991059303284,0.00100000051721164,0.001,False,128.0,128.0,,
train,,,,,,,288.4264886379242,7.0,239.0,3053.0,0.6285133361816406,0.9999989867210388,0.0009999967022857347,0.001,False,128.0,128.0,,
train,,,,,,,288.4609286785126,7.0,240.0,3054.0,0.5387258529663086,0.9999991059303284,0.001000001460289656,0.001,False,128.0,128.0,,
train,,,,,,,288.49875235557556,7.0,241.0,3055.0,0.543687105178833,0.9999992251396179,0.0010000011992488144,0.001,False,128.0,128.0,,
train,,,,,,,288.52943229675293,7.0,242.0,3056.0,0.5936086177825928,0.9999990463256836,0.0009999989610116205,0.001,False,128.0,128.0,,
train,,,,,,,288.5585126876831,7.0,243.0,3057.0,0.7014563679695129,0.9999991059303284,0.00099999879106404,0.001,False,128.0,128.0,,
train,,,,,,,288.59911727905273,7.0,244.0,3058.0,0.5617068409919739,0.9999993443489075,0.0009071291784260628,0.001,False,128.0,128.0,,
train,,,,,,,288.6370873451233,7.0,245.0,3059.0,0.5166850090026855,0.9071272611618042,0.001000000568004316,0.001,False,128.0,128.0,,
train,,,,,,,288.671178817749,7.0,246.0,3060.0,0.5537251830101013,0.9999993443489075,0.0009999979801835893,0.001,False,128.0,128.0,,
train,,,,,,,288.7069079875946,7.0,247.0,3061.0,0.539600133895874,0.9999989867210388,0.000999998583091239,0.001,False,128.0,128.0,,
train,,,,,,,288.7387318611145,7.0,248.0,3062.0,0.6278244256973267,0.9999990463256836,0.0010000006851050161,0.001,False,128.0,128.0,,
train,,,,,,,288.77384638786316,7.0,249.0,3063.0,0.567267894744873,0.9999992847442627,0.0009810842504271067,0.001,False,128.0,128.0,,
train,,,,,,,288.80801820755005,7.0,250.0,3064.0,0.5857213735580444,0.9810818433761597,0.001000000883140893,0.001,False,128.0,128.0,,
train,,,,,,,288.8402123451233,7.0,251.0,3065.0,0.5749644041061401,0.9999990463256836,0.000999999587843995,0.001,False,128.0,128.0,,
train,,,,,,,288.870893239975,7.0,252.0,3066.0,0.4344867765903473,0.9999991059303284,0.00098855659089062,0.001,False,128.0,128.0,,
train,,,,,,,288.9005057811737,7.0,253.0,3067.0,0.4257808029651642,0.9885551929473877,0.0009975587090939348,0.001,False,128.0,128.0,,
train,,,,,,,288.9363486766815,7.0,254.0,3068.0,0.7216544151306152,0.9975602030754089,0.0010000000143640102,0.001,False,128.0,128.0,,
train,,,,,,,288.971408367157,7.0,255.0,3069.0,0.5354360938072205,0.9999992251396179,0.0009646976288316369,0.001,False,128.0,128.0,,
train,,,,,,,289.00120091438293,7.0,256.0,3070.0,0.5651067495346069,0.9646977186203003,0.0010000002611943103,0.001,False,128.0,128.0,,
train,,,,,,,289.0317003726959,7.0,257.0,3071.0,0.5212110877037048,0.9999989867210388,0.0008405108300489012,0.001,False,128.0,128.0,,
train,,,,,,,289.06561040878296,7.0,258.0,3072.0,0.4640704393386841,0.8405117988586426,0.0008556514497367061,0.001,False,128.0,128.0,,
train,,,,,,,289.0992569923401,7.0,259.0,3073.0,0.6010708212852478,0.8556511402130127,0.0009864227059275489,0.001,False,128.0,128.0,,
train,,,,,,,289.1334307193756,7.0,260.0,3074.0,0.6402185559272766,0.9864235520362854,0.00099999997553396,0.001,False,128.0,128.0,,
train,,,,,,,289.1669692993164,7.0,261.0,3075.0,0.5003272294998169,0.9999994039535522,0.0009999990641514412,0.001,False,128.0,128.0,,
train,,,,,,,289.2029983997345,7.0,262.0,3076.0,0.5534808039665222,0.9999990463256836,0.0009999999004828787,0.001,False,128.0,128.0,,
train,,,,,,,289.2395975589752,7.0,263.0,3077.0,0.5510129928588867,0.9999991059303284,0.0009999999748123147,0.001,False,128.0,128.0,,
train,,,,,,,289.2723979949951,7.0,264.0,3078.0,0.6460808515548706,0.9999991059303284,0.0009999995107389712,0.001,False,128.0,128.0,,
train,,,,,,,289.3087115287781,7.0,265.0,3079.0,0.5771701335906982,0.9999991059303284,0.000999996016387453,0.001,False,128.0,128.0,,
train,,,,,,,289.3463056087494,7.0,266.0,3080.0,0.5713760852813721,0.9999991059303284,0.00100000033946501,0.001,False,128.0,128.0,,
train,,,,,,,289.3891632556915,7.0,267.0,3081.0,0.6151425838470459,0.9999991059303284,0.000999997651112766,0.001,False,128.0,128.0,,
train,,,,,,,289.42444944381714,7.0,268.0,3082.0,0.6192248463630676,0.9999991059303284,0.001000000396613719,0.001,False,128.0,128.0,,
train,,,,,,,289.4605166912079,7.0,269.0,3083.0,0.5728684067726135,0.9999993443489075,0.0009946166908944081,0.001,False,128.0,128.0,,
train,,,,,,,289.497088432312,7.0,270.0,3084.0,0.4743858873844147,0.9946167469024658,0.0009999988718883705,0.001,False,128.0,128.0,,
train,,,,,,,289.53691267967224,7.0,271.0,3085.0,0.577745795249939,0.9999991655349731,0.0009999989163250963,0.001,False,128.0,128.0,,
train,,,,,,,289.57304430007935,7.0,272.0,3086.0,0.5171431303024292,0.9999989867210388,0.000999999328551267,0.001,False,128.0,128.0,,
train,,,,,,,289.6128885746002,7.0,273.0,3087.0,0.6821179389953613,0.9999989867210388,0.001000000891412047,0.001,False,128.0,128.0,,
train,,,,,,,289.6492323875427,7.0,274.0,3088.0,0.5203877091407776,0.9999992251396179,0.0009682454023320228,0.001,False,128.0,128.0,,
train,,,,,,,289.6900157928467,7.0,275.0,3089.0,0.5734980702400208,0.9682462215423584,0.0010000002879506779,0.001,False,128.0,128.0,,
train,,,,,,,289.7231779098511,7.0,276.0,3090.0,0.5103675127029419,0.9999991059303284,0.0010000007436414833,0.001,False,128.0,128.0,,
train,,,,,,,289.7540056705475,7.0,277.0,3091.0,0.40622586011886597,0.9999991059303284,0.0008748756929532809,0.001,False,128.0,128.0,,
train,,,,,,,289.7857506275177,7.0,278.0,3092.0,0.681958794593811,0.8748774528503418,0.0009999992531115592,0.001,False,128.0,128.0,,
train,,,,,,,289.81538105010986,7.0,279.0,3093.0,0.5982657670974731,0.9999991059303284,0.0009441278101794921,0.001,False,128.0,128.0,,
train,,,,,,,289.8492238521576,7.0,280.0,3094.0,0.5711976885795593,0.9441275596618652,0.0009608097358178358,0.001,False,128.0,128.0,,
train,,,,,,,289.887451171875,7.0,281.0,3095.0,0.5084934830665588,0.9608096480369568,0.000982327784931523,0.001,False,128.0,128.0,,
train,,,,,,,289.92191100120544,7.0,282.0,3096.0,0.4357781708240509,0.9823269844055176,0.001000001458430035,0.001,False,128.0,128.0,,
train,,,,,,,289.9600148200989,7.0,283.0,3097.0,0.45685794949531555,0.9999991059303284,0.0009999977410965494,0.001,False,128.0,128.0,,
train,,,,,,,289.99336791038513,7.0,284.0,3098.0,0.41258731484413147,0.9999991059303284,0.0009634878543398237,0.001,False,128.0,128.0,,
train,,,,,,,290.0314562320709,7.0,285.0,3099.0,0.61146080493927,0.9634872674942017,0.0009999984967712725,0.001,False,128.0,128.0,,
train,,,,,,,290.06399607658386,7.0,286.0,3100.0,0.56473708152771,0.9999989867210388,0.0009643704811395195,0.001,False,128.0,128.0,,
train,,,,,,,290.09610080718994,7.0,287.0,3101.0,0.6194323897361755,0.9643716216087341,0.0009999979334708602,0.001,False,128.0,128.0,,
train,,,,,,,290.1305112838745,7.0,288.0,3102.0,0.6004719734191895,0.9999991655349731,0.0009999988330305202,0.001,False,128.0,128.0,,
train,,,,,,,290.16712069511414,7.0,289.0,3103.0,0.4874132573604584,0.9999991059303284,0.0009999993487018284,0.001,False,128.0,128.0,,
train,,,,,,,290.2017958164215,7.0,290.0,3104.0,0.5496366024017334,0.9999990463256836,0.0008936142145057422,0.001,False,128.0,128.0,,
train,,,,,,,290.23200607299805,7.0,291.0,3105.0,0.6720206141471863,0.8936133980751038,0.0009497312970024139,0.001,False,128.0,128.0,,
train,,,,,,,290.2658472061157,7.0,292.0,3106.0,0.5737025737762451,0.9497332572937012,0.0009999983116690434,0.001,False,128.0,128.0,,
train,,,,,,,290.2978982925415,7.0,293.0,3107.0,0.49320533871650696,0.9999991059303284,0.0009999996648935017,0.001,False,128.0,128.0,,
train,,,,,,,290.3322813510895,7.0,294.0,3108.0,0.553327202796936,0.9999990463256836,0.0009999996116027772,0.001,False,128.0,128.0,,
train,,,,,,,290.3672819137573,7.0,295.0,3109.0,0.5358368754386902,0.9999992251396179,0.0009404771205638437,0.001,False,128.0,128.0,,
train,,,,,,,290.4025230407715,7.0,296.0,3110.0,0.5543000102043152,0.9404782652854919,0.000999997210658405,0.001,False,128.0,128.0,,
train,,,,,,,290.43460178375244,7.0,297.0,3111.0,0.5956853628158569,0.9999991059303284,0.0009999987865398758,0.001,False,128.0,128.0,,
train,,,,,,,290.4734194278717,7.0,298.0,3112.0,0.5208297967910767,0.9999991655349731,0.0009583167947648045,0.001,False,128.0,128.0,,
train,,,,,,,290.508841753006,7.0,299.0,3113.0,0.5429511070251465,0.9583145380020142,0.0009999998798327283,0.001,False,128.0,128.0,,
train,,,,,,,290.53982305526733,7.0,300.0,3114.0,0.5043526887893677,0.9999991655349731,0.0010000018052908975,0.001,False,128.0,128.0,,
train,,,,,,,290.57539796829224,7.0,301.0,3115.0,0.5860347151756287,0.9999991059303284,0.0010000005294795982,0.001,False,128.0,128.0,,
train,,,,,,,290.6110620498657,7.0,302.0,3116.0,0.639150083065033,0.9999992251396179,0.0010000019834258444,0.001,False,128.0,128.0,,
train,,,,,,,290.6452236175537,7.0,303.0,3117.0,0.4676786959171295,0.9999990463256836,0.00099999820697483,0.001,False,128.0,128.0,,
train,,,,,,,290.68215107917786,7.0,304.0,3118.0,0.6402420401573181,0.9999992847442627,0.0009999996514875541,0.001,False,128.0,128.0,,
train,,,,,,,290.71493220329285,7.0,305.0,3119.0,0.7022290825843811,0.9999991655349731,0.000999998392049323,0.001,False,128.0,128.0,,
train,,,,,,,290.74986362457275,7.0,306.0,3120.0,0.53277987241745,0.9999992847442627,0.0009999994251407305,0.001,False,128.0,128.0,,
train,,,,,,,290.79740715026855,7.0,307.0,3121.0,0.5809332132339478,0.9999990463256836,0.0009999969180027565,0.001,False,128.0,128.0,,
train,,,,,,,290.83942914009094,7.0,308.0,3122.0,0.5860611796379089,0.9999992251396179,0.0009999993982733174,0.001,False,128.0,128.0,,
train,,,,,,,290.88350796699524,7.0,309.0,3123.0,0.6929242610931396,0.9999991059303284,0.0009999975640710727,0.001,False,128.0,128.0,,
train,,,,,,,290.92351269721985,7.0,310.0,3124.0,0.41173887252807617,0.9999991059303284,0.0008850985863407304,0.001,False,128.0,128.0,,
train,,,,,,,290.96465158462524,7.0,311.0,3125.0,0.525927722454071,0.8850985765457153,0.0009707694360421204,0.001,False,128.0,128.0,,
train,,,,,,,291.0010595321655,7.0,312.0,3126.0,0.4846961200237274,0.9707701206207275,0.0009999983010941513,0.001,False,128.0,128.0,,
train,,,,,,,291.0366470813751,7.0,313.0,3127.0,0.5053091049194336,0.9999991059303284,0.001000001425567481,0.001,False,128.0,128.0,,
train,,,,,,,291.0746898651123,7.0,314.0,3128.0,0.5906604528427124,0.9999992251396179,0.0010000004103804792,0.001,False,128.0,128.0,,
train,,,,,,,291.11363887786865,7.0,315.0,3129.0,0.49163442850112915,0.9999991655349731,0.0009610347135436593,0.001,False,128.0,128.0,,
train,,,,,,,291.1497452259064,7.0,316.0,3130.0,0.5452957153320312,0.961034893989563,0.000999998839830644,0.001,False,128.0,128.0,,
train,,,,,,,291.19157218933105,7.0,317.0,3131.0,0.48654863238334656,0.9999989867210388,0.000999999204705798,0.001,False,128.0,128.0,,
train,,,,,,,291.23171210289,7.0,318.0,3132.0,0.633626401424408,0.9999991655349731,0.0010000002762655838,0.001,False,128.0,128.0,,
train,,,,,,,291.27348923683167,7.0,319.0,3133.0,0.49140769243240356,0.9999991655349731,0.001000000328140739,0.001,False,128.0,128.0,,
train,,,,,,,291.33682584762573,7.0,320.0,3134.0,0.5926560759544373,0.9999991655349731,0.000999999653236156,0.001,False,128.0,128.0,,
train,,,,,,,291.3944408893585,7.0,321.0,3135.0,0.5447284579277039,0.9999991059303284,0.0010000008448382315,0.001,False,128.0,128.0,,
train,,,,,,,291.4312381744385,7.0,322.0,3136.0,0.5605993866920471,0.9999990463256836,0.0009817556461056659,0.001,False,128.0,128.0,,
train,,,,,,,291.46362471580505,7.0,323.0,3137.0,0.5236199498176575,0.9817550778388977,0.0009999988666148053,0.001,False,128.0,128.0,,
train,,,,,,,291.50221252441406,7.0,324.0,3138.0,0.5965193510055542,0.9999991059303284,0.0009999971224509358,0.001,False,128.0,128.0,,
train,,,,,,,291.5389726161957,7.0,325.0,3139.0,0.6450886726379395,0.9999991655349731,0.00096859151395374,0.001,False,128.0,128.0,,
train,,,,,,,291.5719258785248,7.0,326.0,3140.0,0.516196608543396,0.9685917496681213,0.000997613007710054,0.001,False,128.0,128.0,,
train,,,,,,,291.6051263809204,7.0,327.0,3141.0,0.6034866571426392,0.9976130127906799,0.000999999382841208,0.001,False,128.0,128.0,,
train,,,,,,,291.64244294166565,7.0,328.0,3142.0,0.5669535398483276,0.9999991655349731,0.000913230280640636,0.001,False,128.0,128.0,,
train,,,,,,,291.6753706932068,7.0,329.0,3143.0,0.6491050720214844,0.9132280349731445,0.0009999994857034294,0.001,False,128.0,128.0,,
train,,,,,,,291.71027541160583,7.0,330.0,3144.0,0.6497846245765686,0.9999989867210388,0.0009999997322285485,0.001,False,128.0,128.0,,
train,,,,,,,291.75122117996216,7.0,331.0,3145.0,0.49833256006240845,0.9999991059303284,0.0009999976772585794,0.001,False,128.0,128.0,,
train,,,,,,,291.78691053390503,7.0,332.0,3146.0,0.5745787024497986,0.9999991059303284,0.0010000004390519764,0.001,False,128.0,128.0,,
train,,,,,,,291.82414722442627,7.0,333.0,3147.0,0.5817154049873352,0.9999991059303284,0.0009999986248356827,0.001,False,128.0,128.0,,
train,,,,,,,291.8595988750458,7.0,334.0,3148.0,0.5772034525871277,0.9999991059303284,0.0009999992944396412,0.001,False,128.0,128.0,,
train,,,,,,,291.89294958114624,7.0,335.0,3149.0,0.5301761627197266,0.9999990463256836,0.0009999998856336442,0.001,False,128.0,128.0,,
train,,,,,,,291.9273443222046,7.0,336.0,3150.0,0.5607264637947083,0.9999990463256836,0.0008940806759775472,0.001,False,128.0,128.0,,
train,,,,,,,291.96974992752075,7.0,337.0,3151.0,0.6304970979690552,0.8940832614898682,0.0010000012216197813,0.001,False,128.0,128.0,,
train,,,,,,,292.00507855415344,7.0,338.0,3152.0,0.6595076322555542,0.9999990463256836,0.0009778927094797544,0.001,False,128.0,128.0,,
train,,,,,,,292.03888297080994,7.0,339.0,3153.0,0.5647090673446655,0.9778945446014404,0.000999998844937676,0.001,False,128.0,128.0,,
train,,,,,,,292.07527709007263,7.0,340.0,3154.0,0.5291637778282166,0.9999991059303284,0.0009999992891383226,0.001,False,128.0,128.0,,
train,,,,,,,292.1276526451111,7.0,341.0,3155.0,0.45826199650764465,0.9999989867210388,0.0010000005767195617,0.001,False,128.0,128.0,,
train,,,,,,,292.16595554351807,7.0,342.0,3156.0,0.5909594297409058,0.9999991059303284,0.0009999980398581957,0.001,False,128.0,128.0,,
train,,,,,,,292.2062346935272,7.0,343.0,3157.0,0.5723115801811218,0.9999992251396179,0.0010000002287758058,0.001,False,128.0,128.0,,
train,,,,,,,292.24363899230957,7.0,344.0,3158.0,0.5962986350059509,0.9999990463256836,0.0009462566315454904,0.001,False,128.0,128.0,,
train,,,,,,,292.27942061424255,7.0,345.0,3159.0,0.5811498761177063,0.946255624294281,0.0009999971434064554,0.001,False,128.0,128.0,,
train,,,,,,,292.3294792175293,7.0,346.0,3160.0,0.5420927405357361,0.999998927116394,0.0009999991859985249,0.001,False,128.0,128.0,,
train,,,,,,,292.5764169692993,7.0,347.0,3161.0,0.4831511676311493,0.9999992847442627,0.0009999982016179942,0.001,False,128.0,128.0,,
train,,,,,,,292.61315631866455,7.0,348.0,3162.0,0.651025116443634,0.9999991655349731,0.0010000014906542108,0.001,False,128.0,128.0,,
train,,,,,,,292.6477234363556,7.0,349.0,3163.0,0.5705874562263489,0.9999992251396179,0.0010000008535812305,0.001,False,128.0,128.0,,
train,,,,,,,292.6777997016907,7.0,350.0,3164.0,0.608524739742279,0.9999990463256836,0.0009999996342513354,0.001,False,128.0,128.0,,
train,,,,,,,292.7100827693939,7.0,351.0,3165.0,0.5919860005378723,0.9999992251396179,0.00099999985834991,0.001,False,128.0,128.0,,
train,,,,,,,292.7404067516327,7.0,352.0,3166.0,0.4765327274799347,0.9999993443489075,0.0010000007676777935,0.001,False,128.0,128.0,,
train,,,,,,,292.7733099460602,7.0,353.0,3167.0,0.5192597508430481,0.9999990463256836,0.0009999977025162115,0.001,False,128.0,128.0,,
train,,,,,,,292.805016040802,7.0,354.0,3168.0,0.4204137325286865,0.9999991655349731,0.0010000002120114418,0.001,False,128.0,128.0,,
train,,,,,,,292.84344005584717,7.0,355.0,3169.0,0.6505555510520935,0.9999991655349731,0.0009999976209701395,0.001,False,128.0,128.0,,
train,,,,,,,292.8767170906067,7.0,356.0,3170.0,0.6676751971244812,0.9999991655349731,0.0010000025540236733,0.001,False,128.0,128.0,,
train,,,,,,,292.913259267807,7.0,357.0,3171.0,0.5427347421646118,0.9999991655349731,0.000999996036260524,0.001,False,128.0,128.0,,
train,,,,,,,292.9459431171417,7.0,358.0,3172.0,0.6370908617973328,0.9999991655349731,0.000999999438269125,0.001,False,128.0,128.0,,
train,,,,,,,292.97675132751465,7.0,359.0,3173.0,0.5752216577529907,0.9999992251396179,0.0009999995187325809,0.001,False,128.0,128.0,,
train,,,,,,,293.01117610931396,7.0,360.0,3174.0,0.5118944048881531,0.9999994039535522,0.0008761668741166724,0.001,False,128.0,128.0,,
train,,,,,,,293.04508662223816,7.0,361.0,3175.0,0.5470012426376343,0.8761664032936096,0.0009999989182679888,0.001,False,128.0,128.0,,
train,,,,,,,293.0813522338867,7.0,362.0,3176.0,0.6936273574829102,0.9999991059303284,0.0009999999347332618,0.001,False,128.0,128.0,,
train,,,,,,,293.12042760849,7.0,363.0,3177.0,0.6556973457336426,0.9999992251396179,0.0009999997715859645,0.001,False,128.0,128.0,,
train,,,,,,,293.15301966667175,7.0,364.0,3178.0,0.6224280595779419,0.9999992251396179,0.0010000010853123066,0.001,False,128.0,128.0,,
train,,,,,,,293.18633341789246,7.0,365.0,3179.0,0.4433865547180176,0.9999992847442627,0.0009344751441001657,0.001,False,128.0,128.0,,
train,,,,,,,293.2163245677948,7.0,366.0,3180.0,0.5980120897293091,0.9344752430915833,0.001000000313013955,0.001,False,128.0,128.0,,
train,,,,,,,293.2472257614136,7.0,367.0,3181.0,0.6680333018302917,0.9999991655349731,0.0010000003223120698,0.001,False,128.0,128.0,,
train,,,,,,,293.28304290771484,7.0,368.0,3182.0,0.5554726719856262,0.9999992847442627,0.0009999978464847025,0.001,False,128.0,128.0,,
train,,,,,,,293.31562852859497,7.0,369.0,3183.0,0.6300778388977051,0.9999990463256836,0.000999995983871666,0.001,False,128.0,128.0,,
train,,,,,,,293.3469798564911,7.0,370.0,3184.0,0.6412191390991211,0.9999991059303284,0.0009588974906162897,0.001,False,128.0,128.0,,
train,,,,,,,293.38235330581665,7.0,371.0,3185.0,0.4871901571750641,0.9588983654975891,0.000937539163054906,0.001,False,128.0,128.0,,
train,,,,,,,293.41603660583496,7.0,372.0,3186.0,0.5309149622917175,0.9375386834144592,0.0008654587502369185,0.001,False,128.0,128.0,,
train,,,,,,,293.45047783851624,7.0,373.0,3187.0,0.5073508024215698,0.8654600381851196,0.000936259066462274,0.001,False,128.0,128.0,,
train,,,,,,,293.4873526096344,7.0,374.0,3188.0,0.5513589978218079,0.9362581968307495,0.000999997585026583,0.001,False,128.0,128.0,,
train,,,,,,,293.52476143836975,7.0,375.0,3189.0,0.5181117057800293,0.9999991655349731,0.0009999994765718403,0.001,False,128.0,128.0,,
train,,,,,,,293.55588603019714,7.0,376.0,3190.0,0.697763204574585,0.9999991059303284,0.0009999989840210164,0.001,False,128.0,128.0,,
train,,,,,,,293.5903105735779,7.0,377.0,3191.0,0.5338984727859497,0.9999991655349731,0.0009999968113932564,0.001,False,128.0,128.0,,
train,,,,,,,293.6268231868744,7.0,378.0,3192.0,0.5044418573379517,0.9999992251396179,0.0008333359334687791,0.001,False,128.0,128.0,,
train,,,,,,,293.658164024353,7.0,379.0,3193.0,0.5123593807220459,0.8333360552787781,0.0009970989031038793,0.001,False,128.0,128.0,,
train,,,,,,,293.696364402771,7.0,380.0,3194.0,0.5533152222633362,0.9970980286598206,0.0009518797615584573,0.001,False,128.0,128.0,,
train,,,,,,,293.7316429615021,7.0,381.0,3195.0,0.6034433245658875,0.9518799781799316,0.001000000045450254,0.001,False,128.0,128.0,,
train,,,,,,,293.7671353816986,7.0,382.0,3196.0,0.5178729891777039,0.9999991655349731,0.0009999997281207222,0.001,False,128.0,128.0,,
train,,,,,,,293.80195927619934,7.0,383.0,3197.0,0.5393227338790894,0.9999991655349731,0.0009473518182272147,0.001,False,128.0,128.0,,
train,,,,,,,293.8329954147339,7.0,384.0,3198.0,0.6080172061920166,0.9473521113395691,0.0009999997637311347,0.001,False,128.0,128.0,,
train,,,,,,,293.868935585022,7.0,385.0,3199.0,0.5087093114852905,0.9999991655349731,0.000999997824585506,0.001,False,128.0,128.0,,
train,,,,,,,293.90174651145935,7.0,386.0,3200.0,0.45102402567863464,0.9999991059303284,0.0009265889612331827,0.001,False,128.0,128.0,,
train,,,,,,,293.9315481185913,7.0,387.0,3201.0,0.5985894799232483,0.9265890717506409,0.0009999969767892451,0.001,False,128.0,128.0,,
train,,,,,,,293.96544075012207,7.0,388.0,3202.0,0.7054184079170227,0.9999992251396179,0.0009999996194298526,0.001,False,128.0,128.0,,
train,,,,,,,293.99820852279663,7.0,389.0,3203.0,0.5530836582183838,0.9999993443489075,0.0009046571485385606,0.001,False,128.0,128.0,,
train,,,,,,,294.0369117259979,7.0,390.0,3204.0,0.5446103811264038,0.9046580195426941,0.000926409261368619,0.001,False,128.0,128.0,,
train,,,,,,,294.0714521408081,7.0,391.0,3205.0,0.6214163899421692,0.9264087677001953,0.0009999988569280983,0.001,False,128.0,128.0,,
train,,,,,,,294.105854511261,7.0,392.0,3206.0,0.5213840007781982,0.999998927116394,0.0009999999252963655,0.001,False,128.0,128.0,,
train,,,,,,,294.13638067245483,7.0,393.0,3207.0,0.5293723344802856,0.9999990463256836,0.0009822016307851446,0.001,False,128.0,128.0,,
train,,,,,,,294.1674180030823,7.0,394.0,3208.0,0.5346266031265259,0.9822013974189758,0.0009999963709385255,0.001,False,128.0,128.0,,
train,,,,,,,294.2011528015137,7.0,395.0,3209.0,0.5483738780021667,0.9999989867210388,0.0009999979826815961,0.001,False,128.0,128.0,,
train,,,,,,,294.23463249206543,7.0,396.0,3210.0,0.5491997003555298,0.9999991655349731,0.0009215701320802739,0.001,False,128.0,128.0,,
train,,,,,,,294.2662281990051,7.0,397.0,3211.0,0.484306663274765,0.9215698838233948,0.000879266962074103,0.001,False,128.0,128.0,,
train,,,,,,,294.3009476661682,7.0,398.0,3212.0,0.5491474270820618,0.8792670369148254,0.0009530466519936588,0.001,False,128.0,128.0,,
train,,,,,,,294.33527970314026,7.0,399.0,3213.0,0.6221252083778381,0.9530462622642517,0.0009999991801698492,0.001,False,128.0,128.0,,
train,,,,,,,294.3676996231079,7.0,400.0,3214.0,0.5475868582725525,0.9999991059303284,0.0009693990661223505,0.001,False,128.0,128.0,,
train,,,,,,,294.4016342163086,7.0,401.0,3215.0,0.5331597924232483,0.9693984389305115,0.0010000013758573146,0.001,False,128.0,128.0,,
train,,,,,,,294.4341094493866,7.0,402.0,3216.0,0.498080313205719,0.9999992251396179,0.0009466371884602663,0.001,False,128.0,128.0,,
train,,,,,,,294.4688251018524,7.0,403.0,3217.0,0.5111171007156372,0.9466383457183838,0.000921912656877295,0.001,False,128.0,128.0,,
train,,,,,,,294.50332474708557,7.0,404.0,3218.0,0.5820695757865906,0.9219149947166443,0.0009999987317503014,0.001,False,128.0,128.0,,
train,,,,,,,294.5452995300293,7.0,405.0,3219.0,0.5632227659225464,0.9999990463256836,0.000999999167041451,0.001,False,128.0,128.0,,
train,,,,,,,294.585786819458,7.0,406.0,3220.0,0.5599397420883179,0.9999990463256836,0.0009999996425502555,0.001,False,128.0,128.0,,
train,,,,,,,294.6246328353882,7.0,407.0,3221.0,0.5375809073448181,0.9999991059303284,0.0008511654953150527,0.001,False,128.0,128.0,,
train,,,,,,,294.66547203063965,7.0,408.0,3222.0,0.6150041818618774,0.851163387298584,0.0009999979682764233,0.001,False,128.0,128.0,,
train,,,,,,,294.7086193561554,7.0,409.0,3223.0,0.5653558969497681,0.9999991059303284,0.0009088054203810952,0.001,False,128.0,128.0,,
train,,,,,,,294.7426278591156,7.0,410.0,3224.0,0.4664640724658966,0.908807098865509,0.0009999986854539414,0.001,False,128.0,128.0,,
train,,,,,,,294.77337551116943,7.0,411.0,3225.0,0.5686563849449158,0.9999991059303284,0.0009999998012844367,0.001,False,128.0,128.0,,
train,,,,,,,294.8081166744232,7.0,412.0,3226.0,0.5401005744934082,0.9999991655349731,0.00099999908763268,0.001,False,128.0,128.0,,
train,,,,,,,294.8389081954956,7.0,413.0,3227.0,0.49834147095680237,0.9999992251396179,0.0008704176504253464,0.001,False,128.0,128.0,,
train,,,,,,,294.8709542751312,7.0,414.0,3228.0,0.5595861673355103,0.8704191446304321,0.0009999973166294827,0.001,False,128.0,128.0,,
train,,,,,,,294.90281558036804,7.0,415.0,3229.0,0.584357500076294,0.9999991059303284,0.0009999996321696666,0.001,False,128.0,128.0,,
train,,,,,,,294.9393026828766,7.0,416.0,3230.0,0.45645156502723694,0.9999991655349731,0.0009999991823347858,0.001,False,128.0,128.0,,
train,,,,,,,294.9751386642456,7.0,417.0,3231.0,0.5615700483322144,0.9999990463256836,0.0009999975665690806,0.001,False,128.0,128.0,,
train,,,,,,,295.01032638549805,7.0,418.0,3232.0,0.5468816161155701,0.9999990463256836,0.0009730830499100501,0.001,False,128.0,128.0,,
train,,,,,,,295.04400968551636,7.0,419.0,3233.0,0.5188174247741699,0.9730841517448425,0.0009999990199645226,0.001,False,128.0,128.0,,
train,,,,,,,295.0805401802063,7.0,420.0,3234.0,0.5080297589302063,0.9999992251396179,0.0009999978693275902,0.001,False,128.0,128.0,,
train,,,,,,,295.1186819076538,7.0,421.0,3235.0,0.5448493361473083,0.9999991655349731,0.0009247847699687877,0.001,False,128.0,128.0,,
train,,,,,,,295.1550178527832,7.0,422.0,3236.0,0.635296642780304,0.9247853755950928,0.0009999975110022814,0.001,False,128.0,128.0,,
train,,,,,,,295.1928653717041,7.0,423.0,3237.0,0.49991610646247864,0.9999991059303284,0.000829420327967594,0.001,False,128.0,128.0,,
train,,,,,,,295.2312505245209,7.0,424.0,3238.0,0.6741756796836853,0.8294200301170349,0.0010000004215382158,0.001,False,128.0,128.0,,
train,,,,,,,295.270902633667,7.0,425.0,3239.0,0.6020641922950745,0.9999991655349731,0.0010000011654425632,0.001,False,128.0,128.0,,
train,,,,,,,295.3130750656128,7.0,426.0,3240.0,0.5544947385787964,0.9999991655349731,0.0009999975165534104,0.001,False,128.0,128.0,,
train,,,,,,,295.3512988090515,7.0,427.0,3241.0,0.6578373312950134,0.9999991059303284,0.0009999977216676025,0.001,False,128.0,128.0,,
train,,,,,,,295.3938705921173,7.0,428.0,3242.0,0.4914253354072571,0.9999992251396179,0.0009957274318278914,0.001,False,128.0,128.0,,
train,,,,,,,295.4373412132263,7.0,429.0,3243.0,0.5516871809959412,0.9957278966903687,0.0009934021537969196,0.001,False,128.0,128.0,,
train,,,,,,,295.4726531505585,7.0,430.0,3244.0,0.5135905742645264,0.9934038519859314,0.0009999990834693398,0.001,False,128.0,128.0,,
train,,,,,,,295.5153524875641,7.0,431.0,3245.0,0.6295202970504761,0.9999992251396179,0.001000000327363583,0.001,False,128.0,128.0,,
train,,,,,,,295.57143926620483,7.0,432.0,3246.0,0.5903640389442444,0.9999991059303284,0.0009251250815811878,0.001,False,128.0,128.0,,
train,,,,,,,295.6129398345947,7.0,433.0,3247.0,0.547309398651123,0.9251242876052856,0.0009729982211174782,0.001,False,128.0,128.0,,
train,,,,,,,295.9745156764984,7.0,434.0,3248.0,0.595579206943512,0.9729981422424316,0.0009999989564597014,0.001,False,128.0,128.0,,
train,,,,,,,296.00548577308655,7.0,435.0,3249.0,0.5570849180221558,0.9999992251396179,0.0009999974535203396,0.001,False,128.0,128.0,,
train,,,,,,,296.039856672287,7.0,436.0,3250.0,0.564067542552948,0.9999991059303284,0.0009999985705457007,0.001,False,128.0,128.0,,
train,,,,,,,296.07950043678284,7.0,437.0,3251.0,0.5287976264953613,0.9999992847442627,0.0010000004751342083,0.001,False,128.0,128.0,,
train,,,,,,,296.11647486686707,7.0,438.0,3252.0,0.4361547827720642,0.9999990463256836,0.0008471713131807724,0.001,False,128.0,128.0,,
train,,,,,,,296.1513903141022,7.0,439.0,3253.0,0.4369734227657318,0.8471710681915283,0.000972145664213057,0.001,False,128.0,128.0,,
train,,,,,,,296.18585324287415,7.0,440.0,3254.0,0.5320307612419128,0.9721456170082092,0.0009999991092820486,0.001,False,128.0,128.0,,
train,,,,,,,296.22231364250183,7.0,441.0,3255.0,0.46929600834846497,0.9999991655349731,0.0009145934133318945,0.001,False,128.0,128.0,,
train,,,,,,,296.2539165019989,7.0,442.0,3256.0,0.606803297996521,0.9145911931991577,0.0009999990323990326,0.001,False,128.0,128.0,,
train,,,,,,,296.2888717651367,7.0,443.0,3257.0,0.5369174480438232,0.9999989867210388,0.000999999869563164,0.001,False,128.0,128.0,,
train,,,,,,,296.3202500343323,7.0,444.0,3258.0,0.6067256927490234,0.9999989867210388,0.0010000014224866164,0.001,False,128.0,128.0,,
train,,,,,,,296.3525116443634,7.0,445.0,3259.0,0.48440030217170715,0.9999990463256836,0.0009972892141328971,0.001,False,128.0,128.0,,
train,,,,,,,296.38805103302,7.0,446.0,3260.0,0.5539812445640564,0.997291088104248,0.0009620368046257885,0.001,False,128.0,128.0,,
train,,,,,,,296.42189502716064,7.0,447.0,3261.0,0.6487470865249634,0.9620346426963806,0.000999999100150456,0.001,False,128.0,128.0,,
train,,,,,,,296.45873188972473,7.0,448.0,3262.0,0.5984422564506531,0.9999991059303284,0.0010000001870591844,0.001,False,128.0,128.0,,
train,,,,,,,296.49283266067505,7.0,449.0,3263.0,0.533793032169342,0.9999992251396179,0.0009999977313543203,0.001,False,128.0,128.0,,
train,,,,,,,296.52765250205994,7.0,450.0,3264.0,0.5900848507881165,0.9999991655349731,0.0009827118557031533,0.001,False,128.0,128.0,,
train,,,,,,,296.56379652023315,7.0,451.0,3265.0,0.5071211457252502,0.9827125668525696,0.0009524183421396392,0.001,False,128.0,128.0,,
train,,,,,,,296.59990191459656,7.0,452.0,3266.0,0.45352819561958313,0.9524161219596863,0.0009192789475729819,0.001,False,128.0,128.0,,
train,,,,,,,296.632226228714,7.0,453.0,3267.0,0.46569186449050903,0.9192776679992676,0.0010000016597409111,0.001,False,128.0,128.0,,
train,,,,,,,296.6654622554779,7.0,454.0,3268.0,0.5609491467475891,0.9999991059303284,0.0009999974875210056,0.001,False,128.0,128.0,,
train,,,,,,,296.6985354423523,7.0,455.0,3269.0,0.5142520070075989,0.9999992251396179,0.0009636060989648221,0.001,False,128.0,128.0,,
train,,,,,,,296.7291235923767,7.0,456.0,3270.0,0.5409705638885498,0.9636057019233704,0.000999998663360474,0.001,False,128.0,128.0,,
train,,,,,,,296.7607526779175,7.0,457.0,3271.0,0.6043381690979004,0.9999992847442627,0.0010000000982135996,0.001,False,128.0,128.0,,
train,,,,,,,296.7914443016052,7.0,458.0,3272.0,0.6498318314552307,0.9999991655349731,0.000999998682622869,0.001,False,128.0,128.0,,
train,,,,,,,296.8219587802887,7.0,459.0,3273.0,0.5417611002922058,0.9999991655349731,0.0009508111746841367,0.001,False,128.0,128.0,,
train,,,,,,,296.85683488845825,7.0,460.0,3274.0,0.6174096465110779,0.9508110880851746,0.0009999998659826943,0.001,False,128.0,128.0,,
train,,,,,,,296.89061522483826,7.0,461.0,3275.0,0.6043487787246704,0.999998927116394,0.0009999987721347144,0.001,False,128.0,128.0,,
train,,,,,,,296.92631101608276,7.0,462.0,3276.0,0.5749180912971497,0.9999989867210388,0.0009890034203988989,0.001,False,128.0,128.0,,
train,,,,,,,296.9595048427582,7.0,463.0,3277.0,0.4897756576538086,0.989004373550415,0.0009973008281723773,0.001,False,128.0,128.0,,
train,,,,,,,296.9934301376343,7.0,464.0,3278.0,0.554307222366333,0.9973016977310181,0.0010000000331545345,0.001,False,128.0,128.0,,
train,,,,,,,297.0267243385315,7.0,465.0,3279.0,0.49172237515449524,0.9999991655349731,0.0009999998667320948,0.001,False,128.0,128.0,,
train,,,,,,,297.063839673996,7.0,466.0,3280.0,0.5755950212478638,0.9999991059303284,0.0010000022426068617,0.001,False,128.0,128.0,,
train,,,,,,,297.10344910621643,7.0,467.0,3281.0,0.5650733113288879,0.9999992251396179,0.0009776744444317796,0.001,False,128.0,128.0,,
train,,,,,,,297.1400570869446,7.0,468.0,3282.0,0.47741541266441345,0.977672278881073,0.0009999993395979935,0.001,False,128.0,128.0,,
train,,,,,,,297.17130732536316,7.0,469.0,3283.0,0.6010619401931763,0.9999989867210388,0.0009538010274050359,0.001,False,128.0,128.0,,
eval,,,,,,,299.4400746822357,7.0,,3283.0,,,,,False,128.0,128.0,0.5228768918037414,0.8763
train,,,,,,,299.48166513442993,8.0,1.0,3284.0,0.6348544955253601,0.9538017511367798,0.0009999981540170953,0.001,False,128.0,128.0,,
train,,,,,,,299.519412279129,8.0,2.0,3285.0,0.791053831577301,0.9999991655349731,0.0009999987417423212,0.001,False,128.0,128.0,,
train,,,,,,,299.55730295181274,8.0,3.0,3286.0,0.5713740587234497,0.9999992847442627,0.0009999996600362742,0.001,False,128.0,128.0,,
train,,,,,,,299.5999484062195,8.0,4.0,3287.0,0.55808025598526,0.9999991655349731,0.0010000008529150973,0.001,False,128.0,128.0,,
train,,,,,,,299.6403696537018,8.0,5.0,3288.0,0.5766626000404358,0.9999992847442627,0.0009487049194612252,0.001,False,128.0,128.0,,
train,,,,,,,299.67915296554565,8.0,6.0,3289.0,0.5727449059486389,0.9487034678459167,0.0009999986025756803,0.001,False,128.0,128.0,,
train,,,,,,,299.71714663505554,8.0,7.0,3290.0,0.5903591513633728,0.9999991655349731,0.0010000016183851713,0.001,False,128.0,128.0,,
train,,,,,,,299.75431180000305,8.0,8.0,3291.0,0.6179215312004089,0.9999992251396179,0.0009999977174487452,0.001,False,128.0,128.0,,
train,,,,,,,299.8198778629303,8.0,9.0,3292.0,0.5234020352363586,0.9999991059303284,0.000898991560852559,0.001,False,128.0,128.0,,
train,,,,,,,299.8909034729004,8.0,10.0,3293.0,0.5080946683883667,0.8989913463592529,0.0009874328738449158,0.001,False,128.0,128.0,,
train,,,,,,,299.99730134010315,8.0,11.0,3294.0,0.4902592897415161,0.9874316453933716,0.0009133212474634881,0.001,False,128.0,128.0,,
train,,,,,,,300.08027386665344,8.0,12.0,3295.0,0.4568222165107727,0.9133217930793762,0.0008708701489530676,0.001,False,128.0,128.0,,
train,,,,,,,300.14605355262756,8.0,13.0,3296.0,0.5222362279891968,0.8708674907684326,0.0009903134809633005,0.001,False,128.0,128.0,,
train,,,,,,,300.20611691474915,8.0,14.0,3297.0,0.5099858641624451,0.9903147220611572,0.0009999988801040302,0.001,False,128.0,128.0,,
train,,,,,,,300.3133749961853,8.0,15.0,3298.0,0.5094438791275024,0.9999991655349731,0.001000000715941439,0.001,False,128.0,128.0,,
train,,,,,,,300.3688266277313,8.0,16.0,3299.0,0.6204730868339539,0.9999992251396179,0.0010000000414256958,0.001,False,128.0,128.0,,
train,,,,,,,300.4186339378357,8.0,17.0,3300.0,0.5365561842918396,0.9999991655349731,0.001000000776365282,0.001,False,128.0,128.0,,
train,,,,,,,300.47334122657776,8.0,18.0,3301.0,0.569281280040741,0.9999991059303284,0.0009999967401722197,0.001,False,128.0,128.0,,
train,,,,,,,300.53346610069275,8.0,19.0,3302.0,0.5545741319656372,0.9999990463256836,0.0009999995015241155,0.001,False,128.0,128.0,,
train,,,,,,,300.5911817550659,8.0,20.0,3303.0,0.52085280418396,0.9999991059303284,0.0009999987300849647,0.001,False,128.0,128.0,,
train,,,,,,,300.6731095314026,8.0,21.0,3304.0,0.4716399908065796,0.9999992251396179,0.000999997195198506,0.001,False,128.0,128.0,,
train,,,,,,,300.7523543834686,8.0,22.0,3305.0,0.5215941667556763,0.9999991655349731,0.0009999993034602095,0.001,False,128.0,128.0,,
train,,,,,,,300.82848477363586,8.0,23.0,3306.0,0.48467421531677246,0.9999991059303284,0.000999995276365074,0.001,False,128.0,128.0,,
train,,,,,,,300.9006378650665,8.0,24.0,3307.0,0.6968469619750977,0.9999992251396179,0.0010000007393671277,0.001,False,128.0,128.0,,
train,,,,,,,300.9591040611267,8.0,25.0,3308.0,0.4670332670211792,0.9999990463256836,0.0009889875646804378,0.001,False,128.0,128.0,,
train,,,,,,,301.03202533721924,8.0,26.0,3309.0,0.5851110219955444,0.9889875650405884,0.0009999963402962584,0.001,False,128.0,128.0,,
train,,,,,,,301.1118896007538,8.0,27.0,3310.0,0.4753490090370178,0.9999991059303284,0.0009999972549286705,0.001,False,128.0,128.0,,
train,,,,,,,301.18064284324646,8.0,28.0,3311.0,0.47926294803619385,0.9999991059303284,0.000999999608605174,0.001,False,128.0,128.0,,
train,,,,,,,301.2385015487671,8.0,29.0,3312.0,0.5510526895523071,0.9999990463256836,0.000999998224599652,0.001,False,128.0,128.0,,
train,,,,,,,301.3089213371277,8.0,30.0,3313.0,0.505289614200592,0.9999991059303284,0.000849572565038621,0.001,False,128.0,128.0,,
train,,,,,,,301.372029542923,8.0,31.0,3314.0,0.5141304135322571,0.8495714664459229,0.000999999348257739,0.001,False,128.0,128.0,,
train,,,,,,,301.4297847747803,8.0,32.0,3315.0,0.4460849165916443,0.9999989867210388,0.00099999961623796,0.001,False,128.0,128.0,,
train,,,,,,,301.49667859077454,8.0,33.0,3316.0,0.5042344331741333,0.9999989867210388,0.0009999984796738122,0.001,False,128.0,128.0,,
train,,,,,,,301.5484244823456,8.0,34.0,3317.0,0.6546168923377991,0.9999992251396179,0.000999999004615674,0.001,False,128.0,128.0,,
train,,,,,,,301.61143946647644,8.0,35.0,3318.0,0.506600022315979,0.9999991059303284,0.0009522469771710076,0.001,False,128.0,128.0,,
train,,,,,,,301.67478466033936,8.0,36.0,3319.0,0.5608209371566772,0.9522461891174316,0.0009999978430152482,0.001,False,128.0,128.0,,
train,,,,,,,301.74369978904724,8.0,37.0,3320.0,0.6237112283706665,0.9999991059303284,0.000999998598856428,0.001,False,128.0,128.0,,
train,,,,,,,301.8316819667816,8.0,38.0,3321.0,0.4636208117008209,0.9999991655349731,0.0009999990789729325,0.001,False,128.0,128.0,,
train,,,,,,,301.90977001190186,8.0,39.0,3322.0,0.5029126405715942,0.9999990463256836,0.0010000013288949442,0.001,False,128.0,128.0,,
train,,,,,,,301.9812433719635,8.0,40.0,3323.0,0.5788859128952026,0.9999990463256836,0.0009488844848502299,0.001,False,128.0,128.0,,
train,,,,,,,302.0689754486084,8.0,41.0,3324.0,0.47184836864471436,0.9488843083381653,0.0010000002241128702,0.001,False,128.0,128.0,,
train,,,,,,,302.14394903182983,8.0,42.0,3325.0,0.5182886123657227,0.9999990463256836,0.0010000002507582165,0.001,False,128.0,128.0,,
train,,,,,,,302.266398191452,8.0,43.0,3326.0,0.43690547347068787,0.9999989867210388,0.000995648129743697,0.001,False,128.0,128.0,,
train,,,,,,,302.3403820991516,8.0,44.0,3327.0,0.5024937987327576,0.9956474900245667,0.0009017657488983878,0.001,False,128.0,128.0,,
train,,,,,,,302.41038036346436,8.0,45.0,3328.0,0.5630388855934143,0.9017654061317444,0.000999997652278503,0.001,False,128.0,128.0,,
train,,,,,,,302.4982886314392,8.0,46.0,3329.0,0.536361813545227,0.9999990463256836,0.0009999988560954302,0.001,False,128.0,128.0,,
train,,,,,,,302.57413053512573,8.0,47.0,3330.0,0.5262655019760132,0.9999990463256836,0.0009999975615175535,0.001,False,128.0,128.0,,
train,,,,,,,302.671626329422,8.0,48.0,3331.0,0.5951577425003052,0.9999990463256836,0.0009999976365132987,0.001,False,128.0,128.0,,
train,,,,,,,302.74796533584595,8.0,49.0,3332.0,0.46131613850593567,0.9999991655349731,0.0008029684782243551,0.001,False,128.0,128.0,,
train,,,,,,,302.83567094802856,8.0,50.0,3333.0,0.5339764356613159,0.8029710054397583,0.001000000361530685,0.001,False,128.0,128.0,,
train,,,,,,,302.9125235080719,8.0,51.0,3334.0,0.46818995475769043,0.9999991059303284,0.0008899268755132876,0.001,False,128.0,128.0,,
train,,,,,,,303.0115647315979,8.0,52.0,3335.0,0.5662009119987488,0.8899271488189697,0.0009999999252408543,0.001,False,128.0,128.0,,
train,,,,,,,303.1009500026703,8.0,53.0,3336.0,0.5487868189811707,0.9999990463256836,0.0009014204810005363,0.001,False,128.0,128.0,,
train,,,,,,,303.1968719959259,8.0,54.0,3337.0,0.5433369278907776,0.9014216661453247,0.00099999926829387,0.001,False,128.0,128.0,,
train,,,,,,,303.28751826286316,8.0,55.0,3338.0,0.5148905515670776,0.9999992251396179,0.0009999993386543033,0.001,False,128.0,128.0,,
train,,,,,,,303.3518714904785,8.0,56.0,3339.0,0.5806329846382141,0.9999991655349731,0.0010000012824876823,0.001,False,128.0,128.0,,
train,,,,,,,303.4170665740967,8.0,57.0,3340.0,0.6303404569625854,0.9999992251396179,0.000999999338543281,0.001,False,128.0,128.0,,
train,,,,,,,303.48941588401794,8.0,58.0,3341.0,0.4909321665763855,0.9999991655349731,0.000905419140781631,0.001,False,128.0,128.0,,
train,,,,,,,303.56993198394775,8.0,59.0,3342.0,0.6006807684898376,0.9054163098335266,0.0009999962172275781,0.001,False,128.0,128.0,,
train,,,,,,,303.66523480415344,8.0,60.0,3343.0,0.43727993965148926,0.9999991059303284,0.0010000016931585682,0.001,False,128.0,128.0,,
train,,,,,,,303.769366979599,8.0,61.0,3344.0,0.6018497347831726,0.9999991059303284,0.0009999996683907053,0.001,False,128.0,128.0,,
train,,,,,,,303.8363993167877,8.0,62.0,3345.0,0.5171360373497009,0.9999991655349731,0.0009400730582813407,0.001,False,128.0,128.0,,
train,,,,,,,303.90127754211426,8.0,63.0,3346.0,0.46820417046546936,0.9400731921195984,0.0009999966245976195,0.001,False,128.0,128.0,,
train,,,,,,,303.9763889312744,8.0,64.0,3347.0,0.6111454963684082,0.9999991059303284,0.0009441344714155173,0.001,False,128.0,128.0,,
train,,,,,,,304.0669229030609,8.0,65.0,3348.0,0.44505903124809265,0.9441338777542114,0.0009470757351702968,0.001,False,128.0,128.0,,
train,,,,,,,304.1381080150604,8.0,66.0,3349.0,0.5262352228164673,0.9470751285552979,0.001000001445412689,0.001,False,128.0,128.0,,
train,,,,,,,304.200715303421,8.0,67.0,3350.0,0.595845103263855,0.9999991655349731,0.0009999973041116845,0.001,False,128.0,128.0,,
train,,,,,,,304.26116728782654,8.0,68.0,3351.0,0.4826275110244751,0.9999992251396179,0.0008562430225292402,0.001,False,128.0,128.0,,
train,,,,,,,304.35259890556335,8.0,69.0,3352.0,0.4989503026008606,0.8562430739402771,0.0010000032031692071,0.001,False,128.0,128.0,,
train,,,,,,,304.4710726737976,8.0,70.0,3353.0,0.49596986174583435,0.9999990463256836,0.0009999980462419905,0.001,False,128.0,128.0,,
train,,,,,,,304.58212780952454,8.0,71.0,3354.0,0.6736918091773987,0.9999991655349731,0.0009999988345570786,0.001,False,128.0,128.0,,
train,,,,,,,304.69756388664246,8.0,72.0,3355.0,0.5034165382385254,0.9999991059303284,0.0009999986132615919,0.001,False,128.0,128.0,,
train,,,,,,,304.77587938308716,8.0,73.0,3356.0,0.5696533918380737,0.9999992251396179,0.0009999992058160219,0.001,False,128.0,128.0,,
train,,,,,,,304.86309266090393,8.0,74.0,3357.0,0.5452919006347656,0.9999992251396179,0.0009999974012287005,0.001,False,128.0,128.0,,
train,,,,,,,304.9821319580078,8.0,75.0,3358.0,0.5718356370925903,0.9999991059303284,0.0009999987564250391,0.001,False,128.0,128.0,,
train,,,,,,,305.05478596687317,8.0,76.0,3359.0,0.48475247621536255,0.9999989867210388,0.0009300878299877283,0.001,False,128.0,128.0,,
train,,,,,,,305.12304949760437,8.0,77.0,3360.0,0.5061158537864685,0.930087149143219,0.0009999991339845326,0.001,False,128.0,128.0,,
train,,,,,,,305.1952259540558,8.0,78.0,3361.0,0.46689102053642273,0.9999989867210388,0.0010000005786069397,0.001,False,128.0,128.0,,
train,,,,,,,305.28014183044434,8.0,79.0,3362.0,0.5557271838188171,0.9999991059303284,0.0009732068120431905,0.001,False,128.0,128.0,,
train,,,,,,,305.3531279563904,8.0,80.0,3363.0,0.6724874377250671,0.9732072949409485,0.0010000008866936033,0.001,False,128.0,128.0,,
train,,,,,,,305.42144656181335,8.0,81.0,3364.0,0.5228464007377625,0.9999991059303284,0.0009999999576593686,0.001,False,128.0,128.0,,
train,,,,,,,305.4909510612488,8.0,82.0,3365.0,0.6346955299377441,0.9999992251396179,0.0010000006161047,0.001,False,128.0,128.0,,
train,,,,,,,305.5651071071625,8.0,83.0,3366.0,0.5048390626907349,0.9999992251396179,0.0009999984011254107,0.001,False,128.0,128.0,,
train,,,,,,,305.6320950984955,8.0,84.0,3367.0,0.5105507373809814,0.9999992251396179,0.001000000905067778,0.001,False,128.0,128.0,,
train,,,,,,,305.7064185142517,8.0,85.0,3368.0,0.43169212341308594,0.9999991059303284,0.0009779952654792499,0.001,False,128.0,128.0,,
train,,,,,,,305.82573533058167,8.0,86.0,3369.0,0.6004819273948669,0.9779927134513855,0.0009770424959910972,0.001,False,128.0,128.0,,
train,,,,,,,305.9025807380676,8.0,87.0,3370.0,0.4971776008605957,0.9770403504371643,0.0009502637036051102,0.001,False,128.0,128.0,,
train,,,,,,,305.95386505126953,8.0,88.0,3371.0,0.558803141117096,0.9502639174461365,0.0009999990018678695,0.001,False,128.0,128.0,,
train,,,,,,,305.9967339038849,8.0,89.0,3372.0,0.547852635383606,0.9999992251396179,0.0009330472796034446,0.001,False,128.0,128.0,,
train,,,,,,,306.03526878356934,8.0,90.0,3373.0,0.4293634295463562,0.9330461621284485,0.0009124411344746553,0.001,False,128.0,128.0,,
train,,,,,,,306.07668828964233,8.0,91.0,3374.0,0.5456996560096741,0.9124394655227661,0.0010000004641430055,0.001,False,128.0,128.0,,
train,,,,,,,306.11281394958496,8.0,92.0,3375.0,0.5292965769767761,0.9999992251396179,0.0010000001118138301,0.001,False,128.0,128.0,,
train,,,,,,,306.1764266490936,8.0,93.0,3376.0,0.5302453637123108,0.9999992847442627,0.0009999961278265269,0.001,False,128.0,128.0,,
train,,,,,,,306.27399611473083,8.0,94.0,3377.0,0.34970876574516296,0.9999991059303284,0.0009115141357143224,0.001,False,128.0,128.0,,
train,,,,,,,306.3600215911865,8.0,95.0,3378.0,0.48097628355026245,0.9115129709243774,0.0009999977103433018,0.001,False,128.0,128.0,,
train,,,,,,,306.4249653816223,8.0,96.0,3379.0,0.5055527687072754,0.9999991655349731,0.0009564472745969337,0.001,False,128.0,128.0,,
train,,,,,,,306.5276494026184,8.0,97.0,3380.0,0.6155590415000916,0.956447422504425,0.0009999972578707697,0.001,False,128.0,128.0,,
train,,,,,,,306.59928464889526,8.0,98.0,3381.0,0.5463976860046387,0.9999991059303284,0.0010000007879671035,0.001,False,128.0,128.0,,
train,,,,,,,306.67303943634033,8.0,99.0,3382.0,0.45682886242866516,0.9999991059303284,0.000999338952603184,0.001,False,128.0,128.0,,
train,,,,,,,306.7460355758667,8.0,100.0,3383.0,0.5892192125320435,0.9993395209312439,0.0009774214507002436,0.001,False,128.0,128.0,,
train,,,,,,,306.822571516037,8.0,101.0,3384.0,0.473702073097229,0.9774205088615417,0.000999998353829833,0.001,False,128.0,128.0,,
train,,,,,,,306.881733417511,8.0,102.0,3385.0,0.6201552152633667,0.9999991059303284,0.0009305383795747742,0.001,False,128.0,128.0,,
train,,,,,,,306.9533009529114,8.0,103.0,3386.0,0.5220937132835388,0.9305382966995239,0.0009999999925758836,0.001,False,128.0,128.0,,
train,,,,,,,307.31703186035156,8.0,104.0,3387.0,0.4418221116065979,0.9999991655349731,0.000948657104222481,0.001,False,128.0,128.0,,
train,,,,,,,307.4339907169342,8.0,105.0,3388.0,0.6171417832374573,0.9486576914787292,0.0009999970862298046,0.001,False,128.0,128.0,,
train,,,,,,,307.5733518600464,8.0,106.0,3389.0,0.42277175188064575,0.9999991655349731,0.0009635411379634042,0.001,False,128.0,128.0,,
train,,,,,,,307.6618137359619,8.0,107.0,3390.0,0.4879879057407379,0.9635401368141174,0.0009999987316392789,0.001,False,128.0,128.0,,
train,,,,,,,307.74915409088135,8.0,108.0,3391.0,0.5582969188690186,0.9999991059303284,0.000999997909795305,0.001,False,128.0,128.0,,
train,,,,,,,307.8597056865692,8.0,109.0,3392.0,0.5515269041061401,0.9999990463256836,0.0009311388793922456,0.001,False,128.0,128.0,,
train,,,,,,,307.9598774909973,8.0,110.0,3393.0,0.463140070438385,0.9311375021934509,0.0010000004203447267,0.001,False,128.0,128.0,,
train,,,,,,,308.07054376602173,8.0,111.0,3394.0,0.5357936024665833,0.9999990463256836,0.000999999995684508,0.001,False,128.0,128.0,,
train,,,,,,,308.1735956668854,8.0,112.0,3395.0,0.5219937562942505,0.9999991059303284,0.0009999970869792073,0.001,False,128.0,128.0,,
train,,,,,,,308.26245379447937,8.0,113.0,3396.0,0.4814230501651764,0.9999990463256836,0.0009999989963722599,0.001,False,128.0,128.0,,
train,,,,,,,308.39012455940247,8.0,114.0,3397.0,0.559601366519928,0.9999990463256836,0.0009999986607514464,0.001,False,128.0,128.0,,
train,,,,,,,308.4958441257477,8.0,115.0,3398.0,0.47741585969924927,0.9999990463256836,0.0009107083569146969,0.001,False,128.0,128.0,,
train,,,,,,,308.63133001327515,8.0,116.0,3399.0,0.466899037361145,0.9107067584991455,0.0008947496560874995,0.001,False,128.0,128.0,,
train,,,,,,,308.74540996551514,8.0,117.0,3400.0,0.5524393916130066,0.8947503566741943,0.0009305034281409247,0.001,False,128.0,128.0,,
train,,,,,,,308.8420629501343,8.0,118.0,3401.0,0.49009931087493896,0.9305033683776855,0.0009999992935792177,0.001,False,128.0,128.0,,
train,,,,,,,308.96508860588074,8.0,119.0,3402.0,0.4169895052909851,0.9999991655349731,0.0008470043111708686,0.001,False,128.0,128.0,,
train,,,,,,,309.0619261264801,8.0,120.0,3403.0,0.5276637673377991,0.8470064401626587,0.0010000025798640479,0.001,False,128.0,128.0,,
train,,,,,,,309.16607689857483,8.0,121.0,3404.0,0.6247804760932922,0.9999991059303284,0.0009999992656015773,0.001,False,128.0,128.0,,
train,,,,,,,309.2594873905182,8.0,122.0,3405.0,0.4961799383163452,0.9999991059303284,0.0009999985717669478,0.001,False,128.0,128.0,,
train,,,,,,,309.3919291496277,8.0,123.0,3406.0,0.5085493326187134,0.9999991655349731,0.000999999036839929,0.001,False,128.0,128.0,,
train,,,,,,,309.4933512210846,8.0,124.0,3407.0,0.49458208680152893,0.9999990463256836,0.0010000002001875692,0.001,False,128.0,128.0,,
train,,,,,,,309.6037106513977,8.0,125.0,3408.0,0.5465580821037292,0.9999989867210388,0.0008945156368646317,0.001,False,128.0,128.0,,
train,,,,,,,309.7128903865814,8.0,126.0,3409.0,0.48959270119667053,0.8945154547691345,0.0009999997090248808,0.001,False,128.0,128.0,,
train,,,,,,,309.82234263420105,8.0,127.0,3410.0,0.4647429883480072,0.9999989867210388,0.000999998122680992,0.001,False,128.0,128.0,,
train,,,,,,,310.187073469162,8.0,128.0,3411.0,0.6011252403259277,0.9999992251396179,0.0009999995509845747,0.001,False,128.0,128.0,,
train,,,,,,,310.2817621231079,8.0,129.0,3412.0,0.4103083312511444,0.9999990463256836,0.0009999992971874451,0.001,False,128.0,128.0,,
train,,,,,,,310.3818356990814,8.0,130.0,3413.0,0.5194791555404663,0.9999989867210388,0.0008397410361880749,0.001,False,128.0,128.0,,
train,,,,,,,310.50320172309875,8.0,131.0,3414.0,0.5575529932975769,0.8397411108016968,0.0009999991015659916,0.001,False,128.0,128.0,,
train,,,,,,,310.60422015190125,8.0,132.0,3415.0,0.6370922923088074,0.9999991059303284,0.0010000000454780096,0.001,False,128.0,128.0,,
train,,,,,,,310.70611548423767,8.0,133.0,3416.0,0.6120831370353699,0.9999992251396179,0.0009999998596266666,0.001,False,128.0,128.0,,
train,,,,,,,310.8116087913513,8.0,134.0,3417.0,0.6165645718574524,0.9999992251396179,0.0010000007769342708,0.001,False,128.0,128.0,,
train,,,,,,,310.93501901626587,8.0,135.0,3418.0,0.45487940311431885,0.9999991059303284,0.0009689540263137104,0.001,False,128.0,128.0,,
train,,,,,,,311.03605675697327,8.0,136.0,3419.0,0.5068000555038452,0.9689541459083557,0.0008648713123137711,0.001,False,128.0,128.0,,
train,,,,,,,311.1707446575165,8.0,137.0,3420.0,0.5195050239562988,0.8648711442947388,0.0009999999138610674,0.001,False,128.0,128.0,,
train,,,,,,,311.27668380737305,8.0,138.0,3421.0,0.5574337840080261,0.9999990463256836,0.0009999968961035396,0.001,False,128.0,128.0,,
train,,,,,,,311.34780049324036,8.0,139.0,3422.0,0.6277544498443604,0.9999991059303284,0.0009327885268857573,0.001,False,128.0,128.0,,
train,,,,,,,311.40558433532715,8.0,140.0,3423.0,0.548865020275116,0.9327882528305054,0.00094197047411742,0.001,False,128.0,128.0,,
train,,,,,,,311.4438645839691,8.0,141.0,3424.0,0.5454100966453552,0.9419703483581543,0.0009999997584853296,0.001,False,128.0,128.0,,
train,,,,,,,311.4793493747711,8.0,142.0,3425.0,0.4840037226676941,0.9999990463256836,0.0009999986291655586,0.001,False,128.0,128.0,,
train,,,,,,,311.51994371414185,8.0,143.0,3426.0,0.5445422530174255,0.9999991059303284,0.0009999974856336217,0.001,False,128.0,128.0,,
train,,,,,,,311.5587532520294,8.0,144.0,3427.0,0.45811402797698975,0.9999991655349731,0.0009188049048438891,0.001,False,128.0,128.0,,
train,,,,,,,311.60345220565796,8.0,145.0,3428.0,0.465957373380661,0.9188082814216614,0.0009999993959140922,0.001,False,128.0,128.0,,
train,,,,,,,311.6391589641571,8.0,146.0,3429.0,0.5770422220230103,0.9999992251396179,0.0009999992740392786,0.001,False,128.0,128.0,,
train,,,,,,,311.67956352233887,8.0,147.0,3430.0,0.6247976422309875,0.9999991059303284,0.0010000000726784722,0.001,False,128.0,128.0,,
train,,,,,,,311.7157578468323,8.0,148.0,3431.0,0.41128814220428467,0.9999991655349731,0.0008921842518659199,0.001,False,128.0,128.0,,
train,,,,,,,311.75126338005066,8.0,149.0,3432.0,0.46968480944633484,0.8921850919723511,0.0009999986352717935,0.001,False,128.0,128.0,,
train,,,,,,,311.7876191139221,8.0,150.0,3433.0,0.407732218503952,0.9999991655349731,0.0008910653945614545,0.001,False,128.0,128.0,,
train,,,,,,,311.82158279418945,8.0,151.0,3434.0,0.46573546528816223,0.8910662531852722,0.0009661222332372582,0.001,False,128.0,128.0,,
train,,,,,,,311.86053919792175,8.0,152.0,3435.0,0.5229688882827759,0.9661200642585754,0.0009999962689641654,0.001,False,128.0,128.0,,
train,,,,,,,311.90066170692444,8.0,153.0,3436.0,0.42938727140426636,0.9999990463256836,0.0009999997637588902,0.001,False,128.0,128.0,,
train,,,,,,,311.9410049915314,8.0,154.0,3437.0,0.5214878916740417,0.9999992251396179,0.0009999964046616718,0.001,False,128.0,128.0,,
train,,,,,,,311.9766387939453,8.0,155.0,3438.0,0.5515620112419128,0.9999990463256836,0.0009999999727584022,0.001,False,128.0,128.0,,
train,,,,,,,312.01162219047546,8.0,156.0,3439.0,0.577986478805542,0.9999990463256836,0.000929332435196165,0.001,False,128.0,128.0,,
train,,,,,,,312.07297563552856,8.0,157.0,3440.0,0.5625542998313904,0.9293302893638611,0.001000001447855176,0.001,False,128.0,128.0,,
train,,,,,,,312.1548869609833,8.0,158.0,3441.0,0.5095565915107727,0.9999991059303284,0.0009999961364862999,0.001,False,128.0,128.0,,
train,,,,,,,312.24354887008667,8.0,159.0,3442.0,0.5775431990623474,0.9999992251396179,0.0010000006195186337,0.001,False,128.0,128.0,,
train,,,,,,,312.34148502349854,8.0,160.0,3443.0,0.4186267554759979,0.9999990463256836,0.0009053199649416286,0.001,False,128.0,128.0,,
train,,,,,,,312.4421854019165,8.0,161.0,3444.0,0.4521339237689972,0.905319333076477,0.0009446942286832644,0.001,False,128.0,128.0,,
train,,,,,,,312.5295088291168,8.0,162.0,3445.0,0.7452049851417542,0.9446942210197449,0.0009999989959281702,0.001,False,128.0,128.0,,
train,,,,,,,312.6158468723297,8.0,163.0,3446.0,0.4291173815727234,0.9999992847442627,0.0009034918613075152,0.001,False,128.0,128.0,,
train,,,,,,,312.71740317344666,8.0,164.0,3447.0,0.45576539635658264,0.9034912586212158,0.0009550782323634647,0.001,False,128.0,128.0,,
train,,,,,,,312.83204197883606,8.0,165.0,3448.0,0.5369765758514404,0.9550802111625671,0.0009280051298027194,0.001,False,128.0,128.0,,
train,,,,,,,312.94206142425537,8.0,166.0,3449.0,0.4719681441783905,0.9280043840408325,0.0009382621398100622,0.001,False,128.0,128.0,,
train,,,,,,,313.0739622116089,8.0,167.0,3450.0,0.5496223568916321,0.9382631182670593,0.0009999994427377754,0.001,False,128.0,128.0,,
train,,,,,,,313.19642162323,8.0,168.0,3451.0,0.6113102436065674,0.9999991059303284,0.0009999967040898532,0.001,False,128.0,128.0,,
train,,,,,,,313.308851480484,8.0,169.0,3452.0,0.46696120500564575,0.9999990463256836,0.0008622037130563739,0.001,False,128.0,128.0,,
train,,,,,,,313.43334102630615,8.0,170.0,3453.0,0.5163664817810059,0.8622034788131714,0.000870796369367846,0.001,False,128.0,128.0,,
train,,,,,,,313.53779435157776,8.0,171.0,3454.0,0.4896797239780426,0.8707961440086365,0.0008990890481419812,0.001,False,128.0,128.0,,
train,,,,,,,313.62882018089294,8.0,172.0,3455.0,0.5435300469398499,0.8990902900695801,0.0009999999709265342,0.001,False,128.0,128.0,,
train,,,,,,,313.74499797821045,8.0,173.0,3456.0,0.4556589126586914,0.9999992847442627,0.0008460544990530962,0.001,False,128.0,128.0,,
train,,,,,,,313.8403387069702,8.0,174.0,3457.0,0.5582849383354187,0.8460561633110046,0.0009999992578300105,0.001,False,128.0,128.0,,
train,,,,,,,313.9282009601593,8.0,175.0,3458.0,0.6792306900024414,0.9999991059303284,0.0009999995630582555,0.001,False,128.0,128.0,,
train,,,,,,,314.0452997684479,8.0,176.0,3459.0,0.49899038672447205,0.9999991655349731,0.0009355141302506631,0.001,False,128.0,128.0,,
train,,,,,,,314.1794285774231,8.0,177.0,3460.0,0.5558992624282837,0.9355119466781616,0.0009999996240372799,0.001,False,128.0,128.0,,
train,,,,,,,314.2853367328644,8.0,178.0,3461.0,0.5033503174781799,0.9999990463256836,0.0009999996590925844,0.001,False,128.0,128.0,,
train,,,,,,,314.3759744167328,8.0,179.0,3462.0,0.42164546251296997,0.9999989867210388,0.0009451960999065375,0.001,False,128.0,128.0,,
train,,,,,,,314.47861766815186,8.0,180.0,3463.0,0.44271188974380493,0.9451965689659119,0.0009668423340467183,0.001,False,128.0,128.0,,
train,,,,,,,314.59495210647583,8.0,181.0,3464.0,0.6222105026245117,0.9668386578559875,0.0010000012063264775,0.001,False,128.0,128.0,,
train,,,,,,,314.69769978523254,8.0,182.0,3465.0,0.5061810612678528,0.9999990463256836,0.0010000001073174273,0.001,False,128.0,128.0,,
train,,,,,,,314.8145980834961,8.0,183.0,3466.0,0.511315643787384,0.9999991059303284,0.0009999991006223012,0.001,False,128.0,128.0,,
train,,,,,,,314.9310884475708,8.0,184.0,3467.0,0.5913881659507751,0.9999990463256836,0.0009005331454670736,0.001,False,128.0,128.0,,
train,,,,,,,315.04693508148193,8.0,185.0,3468.0,0.5956017971038818,0.9005335569381714,0.000999997537481166,0.001,False,128.0,128.0,,
train,,,,,,,315.1473400592804,8.0,186.0,3469.0,0.5295127630233765,0.9999993443489075,0.0009999977313265647,0.001,False,128.0,128.0,,
train,,,,,,,315.25562596321106,8.0,187.0,3470.0,0.5649307370185852,0.9999991655349731,0.000999999877723304,0.001,False,128.0,128.0,,
train,,,,,,,315.3711771965027,8.0,188.0,3471.0,0.5620896816253662,0.9999992251396179,0.000999998463186975,0.001,False,128.0,128.0,,
train,,,,,,,315.4716248512268,8.0,189.0,3472.0,0.49929019808769226,0.9999991655349731,0.0009392955751251177,0.001,False,128.0,128.0,,
train,,,,,,,315.60016918182373,8.0,190.0,3473.0,0.650926947593689,0.939295768737793,0.000999999755598749,0.001,False,128.0,128.0,,
train,,,,,,,315.7069926261902,8.0,191.0,3474.0,0.5568564534187317,0.9999990463256836,0.0009999981949566441,0.001,False,128.0,128.0,,
train,,,,,,,315.8190567493439,8.0,192.0,3475.0,0.470485657453537,0.9999990463256836,0.0008480808198853114,0.001,False,128.0,128.0,,
train,,,,,,,315.9150321483612,8.0,193.0,3476.0,0.610029399394989,0.8480821251869202,0.000999999711273083,0.001,False,128.0,128.0,,
train,,,,,,,316.0214886665344,8.0,194.0,3477.0,0.5218668580055237,0.9999991059303284,0.0009999986202837623,0.001,False,128.0,128.0,,
train,,,,,,,316.1435384750366,8.0,195.0,3478.0,0.5307005643844604,0.9999989867210388,0.0009713176278182886,0.001,False,128.0,128.0,,
train,,,,,,,316.2420473098755,8.0,196.0,3479.0,0.5366474986076355,0.9713178277015686,0.0008741275793277231,0.001,False,128.0,128.0,,
train,,,,,,,316.3452408313751,8.0,197.0,3480.0,0.5114862322807312,0.8741272687911987,0.0010000016146104191,0.001,False,128.0,128.0,,
train,,,,,,,316.44924902915955,8.0,198.0,3481.0,0.4104352295398712,0.9999992251396179,0.0008747253852770889,0.001,False,128.0,128.0,,
train,,,,,,,316.57344675064087,8.0,199.0,3482.0,0.5908828973770142,0.8747251033782959,0.0009999980585099788,0.001,False,128.0,128.0,,
train,,,,,,,316.6595208644867,8.0,200.0,3483.0,0.43726447224617004,0.9999989867210388,0.0009366373599265182,0.001,False,128.0,128.0,,
train,,,,,,,316.7555603981018,8.0,201.0,3484.0,0.4931395649909973,0.9366361498832703,0.0008432470113047179,0.001,False,128.0,128.0,,
train,,,,,,,316.8512489795685,8.0,202.0,3485.0,0.5561397671699524,0.8432465195655823,0.0009999989858806419,0.001,False,128.0,128.0,,
train,,,,,,,316.9821515083313,8.0,203.0,3486.0,0.6133307218551636,0.9999991059303284,0.0009999998635679588,0.001,False,128.0,128.0,,
train,,,,,,,317.07752656936646,8.0,204.0,3487.0,0.585385262966156,0.9999991655349731,0.0009999980197353637,0.001,False,128.0,128.0,,
train,,,,,,,317.212753534317,8.0,205.0,3488.0,0.47554585337638855,0.9999990463256836,0.0010000021670563514,0.001,False,128.0,128.0,,
train,,,,,,,317.32602310180664,8.0,206.0,3489.0,0.6359935402870178,0.9999992251396179,0.00099999781253956,0.001,False,128.0,128.0,,
train,,,,,,,317.4322109222412,8.0,207.0,3490.0,0.5421893000602722,0.9999991059303284,0.0009999975221600505,0.001,False,128.0,128.0,,
train,,,,,,,317.53886437416077,8.0,208.0,3491.0,0.4981133043766022,0.9999989867210388,0.0009999999726751354,0.001,False,128.0,128.0,,
train,,,,,,,317.63197565078735,8.0,209.0,3492.0,0.4838012158870697,0.9999992251396179,0.0009464307910136254,0.001,False,128.0,128.0,,
train,,,,,,,317.7255973815918,8.0,210.0,3493.0,0.5729506611824036,0.9464316368103027,0.000999996927217636,0.001,False,128.0,128.0,,
train,,,,,,,317.8297438621521,8.0,211.0,3494.0,0.5023233890533447,0.9999989867210388,0.0009999999325683267,0.001,False,128.0,128.0,,
train,,,,,,,317.93426418304443,8.0,212.0,3495.0,0.5919179916381836,0.9999991655349731,0.0009999988364722155,0.001,False,128.0,128.0,,
train,,,,,,,318.0459978580475,8.0,213.0,3496.0,0.5119543671607971,0.9999990463256836,0.0009999977235827415,0.001,False,128.0,128.0,,
train,,,,,,,318.1567018032074,8.0,214.0,3497.0,0.5362720489501953,0.9999991059303284,0.000979260924233278,0.001,False,128.0,128.0,,
train,,,,,,,318.25462436676025,8.0,215.0,3498.0,0.6534360647201538,0.9792614579200745,0.0009999984036789277,0.001,False,128.0,128.0,,
train,,,,,,,318.365510225296,8.0,216.0,3499.0,0.46249163150787354,0.9999991059303284,0.0009032442062321654,0.001,False,128.0,128.0,,
train,,,,,,,318.4759576320648,8.0,217.0,3500.0,0.47764715552330017,0.9032430648803711,0.0009074143100584759,0.001,False,128.0,128.0,,
train,,,,,,,318.5643906593323,8.0,218.0,3501.0,0.5608468055725098,0.9074157476425171,0.000921478322332992,0.001,False,128.0,128.0,,
train,,,,,,,318.6492326259613,8.0,219.0,3502.0,0.5024139881134033,0.9214797616004944,0.0010000000611321534,0.001,False,128.0,128.0,,
train,,,,,,,318.7570343017578,8.0,220.0,3503.0,0.5680058002471924,0.9999990463256836,0.0009492167369941464,0.001,False,128.0,128.0,,
train,,,,,,,318.8479459285736,8.0,221.0,3504.0,0.513433575630188,0.9492164850234985,0.0009999980116862307,0.001,False,128.0,128.0,,
train,,,,,,,318.9643876552582,8.0,222.0,3505.0,0.4503391683101654,0.9999991059303284,0.0008914161075643485,0.001,False,128.0,128.0,,
train,,,,,,,319.0651550292969,8.0,223.0,3506.0,0.496753454208374,0.891416072845459,0.0009290318451971364,0.001,False,128.0,128.0,,
train,,,,,,,319.3834068775177,8.0,224.0,3507.0,0.5528877377510071,0.92903071641922,0.001000001606561315,0.001,False,128.0,128.0,,
train,,,,,,,319.4934871196747,8.0,225.0,3508.0,0.5300742387771606,0.9999991655349731,0.0009721569582317597,0.001,False,128.0,128.0,,
train,,,,,,,319.5989406108856,8.0,226.0,3509.0,0.5262436866760254,0.9721564054489136,0.0009999996520704214,0.001,False,128.0,128.0,,
train,,,,,,,319.70907974243164,8.0,227.0,3510.0,0.5035244822502136,0.9999991059303284,0.0009999985190312776,0.001,False,128.0,128.0,,
train,,,,,,,319.8041899204254,8.0,228.0,3511.0,0.36329206824302673,0.9999989867210388,0.0007953838017938049,0.001,False,128.0,128.0,,
train,,,,,,,319.90963196754456,8.0,229.0,3512.0,0.4924854338169098,0.7953828573226929,0.0009130903104390777,0.001,False,128.0,128.0,,
train,,,,,,,320.01641392707825,8.0,230.0,3513.0,0.5836262106895447,0.9130893349647522,0.0010000003305832288,0.001,False,128.0,128.0,,
train,,,,,,,320.12471318244934,8.0,231.0,3514.0,0.6075364351272583,0.9999991059303284,0.0009999998923782498,0.001,False,128.0,128.0,,
train,,,,,,,320.25160694122314,8.0,232.0,3515.0,0.5041987299919128,0.9999991655349731,0.0008191095716619256,0.001,False,128.0,128.0,,
train,,,,,,,320.3602201938629,8.0,233.0,3516.0,0.5461317300796509,0.8191100358963013,0.0009212535962570774,0.001,False,128.0,128.0,,
train,,,,,,,320.45022082328796,8.0,234.0,3517.0,0.530810534954071,0.9212536811828613,0.0009988554474541051,0.001,False,128.0,128.0,,
train,,,,,,,320.5467162132263,8.0,235.0,3518.0,0.5477121472358704,0.9988558888435364,0.0010000003318599848,0.001,False,128.0,128.0,,
train,,,,,,,320.667103767395,8.0,236.0,3519.0,0.5351517796516418,0.9999991059303284,0.0009232219055308275,0.001,False,128.0,128.0,,
train,,,,,,,320.771267414093,8.0,237.0,3520.0,0.5745114684104919,0.9232221245765686,0.0009999978397678387,0.001,False,128.0,128.0,,
train,,,,,,,320.8600769042969,8.0,238.0,3521.0,0.5110088586807251,0.9999989867210388,0.0009838549394254993,0.001,False,128.0,128.0,,
train,,,,,,,320.95353603363037,8.0,239.0,3522.0,0.5549521446228027,0.983856201171875,0.000999998541291282,0.001,False,128.0,128.0,,
train,,,,,,,321.06174898147583,8.0,240.0,3523.0,0.46231767535209656,0.9999994039535522,0.0009681934712362784,0.001,False,128.0,128.0,,
train,,,,,,,321.18057584762573,8.0,241.0,3524.0,0.4456082582473755,0.9681957960128784,0.0007646682274598833,0.001,False,128.0,128.0,,
train,,,,,,,321.2915470600128,8.0,242.0,3525.0,0.4824661314487457,0.7646675109863281,0.0009999985317155943,0.001,False,128.0,128.0,,
train,,,,,,,321.39468264579773,8.0,243.0,3526.0,0.5407777428627014,0.9999991655349731,0.0009302462142523891,0.001,False,128.0,128.0,,
train,,,,,,,321.50911259651184,8.0,244.0,3527.0,0.4659142792224884,0.9302482008934021,0.0007804355397485733,0.001,False,128.0,128.0,,
train,,,,,,,321.6308970451355,8.0,245.0,3528.0,0.5350938439369202,0.7804354429244995,0.0010000012641690258,0.001,False,128.0,128.0,,
train,,,,,,,321.7383532524109,8.0,246.0,3529.0,0.4976278841495514,0.9999990463256836,0.000999998632440721,0.001,False,128.0,128.0,,
train,,,,,,,321.8536057472229,8.0,247.0,3530.0,0.45895934104919434,0.9999991059303284,0.0009167590906613868,0.001,False,128.0,128.0,,
train,,,,,,,321.9704420566559,8.0,248.0,3531.0,0.5289207100868225,0.9167605042457581,0.001000001389513039,0.001,False,128.0,128.0,,
train,,,,,,,322.0905363559723,8.0,249.0,3532.0,0.564820408821106,0.9999991059303284,0.0009999982437232774,0.001,False,128.0,128.0,,
train,,,,,,,322.206191778183,8.0,250.0,3533.0,0.5392424464225769,0.9999991059303284,0.0009999967603783444,0.001,False,128.0,128.0,,
train,,,,,,,322.31501364707947,8.0,251.0,3534.0,0.46759548783302307,0.9999990463256836,0.001000000011449675,0.001,False,128.0,128.0,,
train,,,,,,,322.4330403804779,8.0,252.0,3535.0,0.3793126344680786,0.9999991059303284,0.0009580512523224842,0.001,False,128.0,128.0,,
train,,,,,,,322.5501494407654,8.0,253.0,3536.0,0.4850461184978485,0.958048939704895,0.0009490625748260338,0.001,False,128.0,128.0,,
train,,,,,,,322.6643581390381,8.0,254.0,3537.0,0.4632420241832733,0.949062168598175,0.0009150640712724992,0.001,False,128.0,128.0,,
train,,,,,,,322.77541756629944,8.0,255.0,3538.0,0.42910414934158325,0.9150630235671997,0.0009999978373530984,0.001,False,128.0,128.0,,
train,,,,,,,322.8847472667694,8.0,256.0,3539.0,0.5724735856056213,0.9999991655349731,0.0010000004458520896,0.001,False,128.0,128.0,,
train,,,,,,,322.9982886314392,8.0,257.0,3540.0,0.5262511372566223,0.9999991059303284,0.0009928016049921436,0.001,False,128.0,128.0,,
train,,,,,,,323.1263167858124,8.0,258.0,3541.0,0.5460933446884155,0.9927986264228821,0.0008119374478600787,0.001,False,128.0,128.0,,
train,,,,,,,323.2373344898224,8.0,259.0,3542.0,0.47880882024765015,0.8119380474090576,0.0009996634442176124,0.001,False,128.0,128.0,,
train,,,,,,,323.3383638858795,8.0,260.0,3543.0,0.5415837168693542,0.9996617436408997,0.0009999959496350256,0.001,False,128.0,128.0,,
train,,,,,,,323.5018587112427,8.0,261.0,3544.0,0.5583757162094116,0.9999991655349731,0.000999998008882912,0.001,False,128.0,128.0,,
train,,,,,,,323.6175138950348,8.0,262.0,3545.0,0.42209118604660034,0.9999991059303284,0.001000000132075398,0.001,False,128.0,128.0,,
train,,,,,,,323.71693873405457,8.0,263.0,3546.0,0.5495012402534485,0.9999991655349731,0.0009999974214070563,0.001,False,128.0,128.0,,
train,,,,,,,323.81618070602417,8.0,264.0,3547.0,0.521612286567688,0.9999991059303284,0.0009101371178995599,0.001,False,128.0,128.0,,
train,,,,,,,324.175146818161,8.0,265.0,3548.0,0.44290804862976074,0.910136878490448,0.000874473970921769,0.001,False,128.0,128.0,,
train,,,,,,,324.2858827114105,8.0,266.0,3549.0,0.5032387971878052,0.8744749426841736,0.000999998920988038,0.001,False,128.0,128.0,,
train,,,,,,,324.3815813064575,8.0,267.0,3550.0,0.5763393640518188,0.9999991059303284,0.0009999972804638699,0.001,False,128.0,128.0,,
train,,,,,,,324.4837214946747,8.0,268.0,3551.0,0.5128984451293945,0.9999992251396179,0.0009999999548282997,0.001,False,128.0,128.0,,
train,,,,,,,324.60413217544556,8.0,269.0,3552.0,0.43861123919487,0.9999990463256836,0.0009870372832850838,0.001,False,128.0,128.0,,
train,,,,,,,324.71060156822205,8.0,270.0,3553.0,0.5879061818122864,0.9870389103889465,0.0009564918097418335,0.001,False,128.0,128.0,,
train,,,,,,,324.8284673690796,8.0,271.0,3554.0,0.5131045579910278,0.9564909338951111,0.000999998956903791,0.001,False,128.0,128.0,,
train,,,,,,,324.92011070251465,8.0,272.0,3555.0,0.5659028887748718,0.9999991655349731,0.0009999996237042127,0.001,False,128.0,128.0,,
train,,,,,,,325.01566672325134,8.0,273.0,3556.0,0.4715135991573334,0.9999991059303284,0.0010000014443579787,0.001,False,128.0,128.0,,
train,,,,,,,325.1246361732483,8.0,274.0,3557.0,0.6764795184135437,0.9999992847442627,0.0009999992752605248,0.001,False,128.0,128.0,,
train,,,,,,,325.22351145744324,8.0,275.0,3558.0,0.5233983397483826,0.9999991655349731,0.0009537796573160301,0.001,False,128.0,128.0,,
train,,,,,,,325.3183403015137,8.0,276.0,3559.0,0.5225844383239746,0.9537785053253174,0.0009999985268028502,0.001,False,128.0,128.0,,
train,,,,,,,325.4201719760895,8.0,277.0,3560.0,0.46921923756599426,0.9999991655349731,0.0009999982131643345,0.001,False,128.0,128.0,,
train,,,,,,,325.537150144577,8.0,278.0,3561.0,0.4768912196159363,0.9999990463256836,0.0009999979872612754,0.001,False,128.0,128.0,,
train,,,,,,,325.6228995323181,8.0,279.0,3562.0,0.4935145080089569,0.9999991059303284,0.0008613651507603539,0.001,False,128.0,128.0,,
train,,,,,,,325.73794436454773,8.0,280.0,3563.0,0.5033822655677795,0.8613658547401428,0.0009515591418382082,0.001,False,128.0,128.0,,
train,,,,,,,325.8298428058624,8.0,281.0,3564.0,0.5586490035057068,0.9515597224235535,0.0009999988512104433,0.001,False,128.0,128.0,,
train,,,,,,,325.9238133430481,8.0,282.0,3565.0,0.43929341435432434,0.9999991059303284,0.0009755139241452997,0.001,False,128.0,128.0,,
train,,,,,,,326.02964782714844,8.0,283.0,3566.0,0.7325910925865173,0.9755157232284546,0.0010000007170516611,0.001,False,128.0,128.0,,
train,,,,,,,326.1663553714752,8.0,284.0,3567.0,0.5543312430381775,0.9999991059303284,0.000999997966333529,0.001,False,128.0,128.0,,
train,,,,,,,326.2907519340515,8.0,285.0,3568.0,0.47618427872657776,0.9999990463256836,0.000934768155502166,0.001,False,128.0,128.0,,
train,,,,,,,326.39463210105896,8.0,286.0,3569.0,0.4629817306995392,0.9347663521766663,0.000981573457690734,0.001,False,128.0,128.0,,
train,,,,,,,326.49048471450806,8.0,287.0,3570.0,0.49275997281074524,0.9815730452537537,0.0009999996194853637,0.001,False,128.0,128.0,,
train,,,,,,,326.5857834815979,8.0,288.0,3571.0,0.5405650734901428,0.9999991059303284,0.0009999990508842637,0.001,False,128.0,128.0,,
train,,,,,,,326.69180059432983,8.0,289.0,3572.0,0.5609408020973206,0.9999991059303284,0.0009999994854258734,0.001,False,128.0,128.0,,
train,,,,,,,326.7898232936859,8.0,290.0,3573.0,0.6323586702346802,0.9999991059303284,0.000999999226355164,0.001,False,128.0,128.0,,
train,,,,,,,326.89578127861023,8.0,291.0,3574.0,0.4954380393028259,0.9999991059303284,0.0009999987614765602,0.001,False,128.0,128.0,,
train,,,,,,,327.1747508049011,8.0,292.0,3575.0,0.5318498611450195,0.9999992847442627,0.0009443172391396511,0.001,False,128.0,128.0,,
train,,,,,,,327.2703769207001,8.0,293.0,3576.0,0.4902729094028473,0.9443163275718689,0.0009995254822767936,0.001,False,128.0,128.0,,
train,,,,,,,327.3718719482422,8.0,294.0,3577.0,0.542384147644043,0.9995262622833252,0.0009999983573270414,0.001,False,128.0,128.0,,
train,,,,,,,327.468101978302,8.0,295.0,3578.0,0.5772784948348999,0.9999992251396179,0.0009999996766618697,0.001,False,128.0,128.0,,
train,,,,,,,327.5951199531555,8.0,296.0,3579.0,0.5225746035575867,0.9999990463256836,0.0009999996701115516,0.001,False,128.0,128.0,,
train,,,,,,,327.6851587295532,8.0,297.0,3580.0,0.5680500268936157,0.9999991655349731,0.0010000013587043923,0.001,False,128.0,128.0,,
train,,,,,,,327.7925009727478,8.0,298.0,3581.0,0.46928125619888306,0.9999992251396179,0.0009999992801455096,0.001,False,128.0,128.0,,
train,,,,,,,327.8838891983032,8.0,299.0,3582.0,0.5751605033874512,0.9999992251396179,0.0009999986130117913,0.001,False,128.0,128.0,,
train,,,,,,,327.9690451622009,8.0,300.0,3583.0,0.47602444887161255,0.9999990463256836,0.001000002027335077,0.001,False,128.0,128.0,,
train,,,,,,,328.06116342544556,8.0,301.0,3584.0,0.4832455813884735,0.9999992251396179,0.0009341973035874913,0.001,False,128.0,128.0,,
train,,,,,,,328.1658179759979,8.0,302.0,3585.0,0.5481324195861816,0.9341978430747986,0.0009822470023699255,0.001,False,128.0,128.0,,
train,,,,,,,328.25960516929626,8.0,303.0,3586.0,0.5275236964225769,0.9822471737861633,0.0009999989371140448,0.001,False,128.0,128.0,,
train,,,,,,,328.34970211982727,8.0,304.0,3587.0,0.5007153749465942,0.9999991655349731,0.0009999991156103252,0.001,False,128.0,128.0,,
train,,,,,,,328.44281363487244,8.0,305.0,3588.0,0.5043095946311951,0.9999991059303284,0.0009999972091873555,0.001,False,128.0,128.0,,
train,,,,,,,328.53536891937256,8.0,306.0,3589.0,0.5746753811836243,0.9999991059303284,0.0009999972582038375,0.001,False,128.0,128.0,,
train,,,,,,,328.62346363067627,8.0,307.0,3590.0,0.43508976697921753,0.9999989867210388,0.0009700879136740057,0.001,False,128.0,128.0,,
train,,,,,,,328.7180349826813,8.0,308.0,3591.0,0.5774794816970825,0.9700891971588135,0.0009999985711008131,0.001,False,128.0,128.0,,
train,,,,,,,328.8216676712036,8.0,309.0,3592.0,0.4966096580028534,0.9999991655349731,0.0009552748586538967,0.001,False,128.0,128.0,,
train,,,,,,,328.9167375564575,8.0,310.0,3593.0,0.5546654462814331,0.955275297164917,0.0009999985747645543,0.001,False,128.0,128.0,,
train,,,,,,,329.0110046863556,8.0,311.0,3594.0,0.5333248376846313,0.9999991655349731,0.0009999965910410147,0.001,False,128.0,128.0,,
train,,,,,,,329.1008460521698,8.0,312.0,3595.0,0.6007868051528931,0.9999991655349731,0.000999997241578202,0.001,False,128.0,128.0,,
train,,,,,,,329.1985263824463,8.0,313.0,3596.0,0.6007115840911865,0.9999991059303284,0.0009999971340527998,0.001,False,128.0,128.0,,
train,,,,,,,329.29481196403503,8.0,314.0,3597.0,0.5040088295936584,0.9999991059303284,0.0010000000659061122,0.001,False,128.0,128.0,,
train,,,,,,,329.3890645503998,8.0,315.0,3598.0,0.5113232731819153,0.9999991059303284,0.0009654329568131696,0.001,False,128.0,128.0,,
train,,,,,,,329.47996616363525,8.0,316.0,3599.0,0.5099732875823975,0.9654318690299988,0.0009917330988563255,0.001,False,128.0,128.0,,
train,,,,,,,329.57634258270264,8.0,317.0,3600.0,0.5445531010627747,0.9917345643043518,0.0009999987220913487,0.001,False,128.0,128.0,,
train,,,,,,,329.6737563610077,8.0,318.0,3601.0,0.49599456787109375,0.9999990463256836,0.0009955920643060208,0.001,False,128.0,128.0,,
train,,,,,,,329.7643940448761,8.0,319.0,3602.0,0.5257136821746826,0.9955922365188599,0.001000000482572699,0.001,False,128.0,128.0,,
train,,,,,,,329.8620524406433,8.0,320.0,3603.0,0.46138519048690796,0.9999992251396179,0.0009999986639155863,0.001,False,128.0,128.0,,
train,,,,,,,329.95343255996704,8.0,321.0,3604.0,0.4762508273124695,0.9999990463256836,0.0009588132956938954,0.001,False,128.0,128.0,,
train,,,,,,,330.0468943119049,8.0,322.0,3605.0,0.5494735836982727,0.95881187915802,0.0009999978031581549,0.001,False,128.0,128.0,,
train,,,,,,,330.14695930480957,8.0,323.0,3606.0,0.43572843074798584,0.9999991059303284,0.0010000000806720773,0.001,False,128.0,128.0,,
train,,,,,,,330.25814270973206,8.0,324.0,3607.0,0.4410274922847748,0.9999991655349731,0.0009999989912929845,0.001,False,128.0,128.0,,
train,,,,,,,330.3573627471924,8.0,325.0,3608.0,0.5692086219787598,0.9999992847442627,0.0009999992280204997,0.001,False,128.0,128.0,,
train,,,,,,,330.7810742855072,8.0,326.0,3609.0,0.4716441035270691,0.9999992251396179,0.0009999972260627923,0.001,False,128.0,128.0,,
train,,,,,,,330.8772990703583,8.0,327.0,3610.0,0.4600677490234375,0.9999990463256836,0.000999999470826433,0.001,False,128.0,128.0,,
train,,,,,,,330.97694420814514,8.0,328.0,3611.0,0.5182048082351685,0.9999991655349731,0.0010000020708002193,0.001,False,128.0,128.0,,
train,,,,,,,331.0843596458435,8.0,329.0,3612.0,0.5510492920875549,0.9999991059303284,0.0009999971781565347,0.001,False,128.0,128.0,,
train,,,,,,,331.18706822395325,8.0,330.0,3613.0,0.5657532215118408,0.9999991655349731,0.0009999988917891406,0.001,False,128.0,128.0,,
train,,,,,,,331.27161955833435,8.0,331.0,3614.0,0.4889545440673828,0.9999991655349731,0.0009999997209042704,0.001,False,128.0,128.0,,
train,,,,,,,331.35928106307983,8.0,332.0,3615.0,0.5136744976043701,0.9999991059303284,0.0008567939273559997,0.001,False,128.0,128.0,,
train,,,,,,,331.45001554489136,8.0,333.0,3616.0,0.4960920512676239,0.8567944169044495,0.0008766527783482445,0.001,False,128.0,128.0,,
train,,,,,,,331.53197860717773,8.0,334.0,3617.0,0.45962148904800415,0.8766540884971619,0.0010000015375888182,0.001,False,128.0,128.0,,
train,,,,,,,331.6208155155182,8.0,335.0,3618.0,0.5450656414031982,0.9999991655349731,0.0009999981755277059,0.001,False,128.0,128.0,,
train,,,,,,,331.7063105106354,8.0,336.0,3619.0,0.49979472160339355,0.9999991059303284,0.001000001939627632,0.001,False,128.0,128.0,,
train,,,,,,,331.7872357368469,8.0,337.0,3620.0,0.5277550220489502,0.9999991655349731,0.0009999988416347586,0.001,False,128.0,128.0,,
train,,,,,,,331.8704824447632,8.0,338.0,3621.0,0.5454158782958984,0.9999990463256836,0.0009935654303453187,0.001,False,128.0,128.0,,
train,,,,,,,331.9671492576599,8.0,339.0,3622.0,0.5199928879737854,0.9935653805732727,0.0009821291175081057,0.001,False,128.0,128.0,,
train,,,,,,,332.0570421218872,8.0,340.0,3623.0,0.5149592757225037,0.982127845287323,0.0009999986343281026,0.001,False,128.0,128.0,,
train,,,,,,,332.14424991607666,8.0,341.0,3624.0,0.49136096239089966,0.9999991655349731,0.0009951820128597487,0.001,False,128.0,128.0,,
train,,,,,,,332.23590755462646,8.0,342.0,3625.0,0.4982607066631317,0.9951813220977783,0.0009983861116874655,0.001,False,128.0,128.0,,
train,,,,,,,332.3332784175873,8.0,343.0,3626.0,0.5694463849067688,0.9983860850334167,0.0009999987982249872,0.001,False,128.0,128.0,,
train,,,,,,,332.4298892021179,8.0,344.0,3627.0,0.48759856820106506,0.9999991655349731,0.0009079051189741012,0.001,False,128.0,128.0,,
train,,,,,,,332.52652764320374,8.0,345.0,3628.0,0.5495312809944153,0.907903790473938,0.0010000003382992762,0.001,False,128.0,128.0,,
train,,,,,,,332.6250801086426,8.0,346.0,3629.0,0.5282199382781982,0.9999991059303284,0.0009999968249935318,0.001,False,128.0,128.0,,
train,,,,,,,332.7567455768585,8.0,347.0,3630.0,0.47719746828079224,0.9999992251396179,0.0008935939474682883,0.001,False,128.0,128.0,,
train,,,,,,,332.868882894516,8.0,348.0,3631.0,0.4403356909751892,0.8935937285423279,0.0009805506967988638,0.001,False,128.0,128.0,,
train,,,,,,,332.99179458618164,8.0,349.0,3632.0,0.47387266159057617,0.9805499315261841,0.0010000004860698998,0.001,False,128.0,128.0,,
train,,,,,,,333.0901448726654,8.0,350.0,3633.0,0.5163236856460571,0.9999991059303284,0.0008399755168699019,0.001,False,128.0,128.0,,
train,,,,,,,333.216121673584,8.0,351.0,3634.0,0.46246135234832764,0.8399769067764282,0.0008940855844858541,0.001,False,128.0,128.0,,
train,,,,,,,333.3184714317322,8.0,352.0,3635.0,0.5894027948379517,0.8940842151641846,0.0009149275987003632,0.001,False,128.0,128.0,,
train,,,,,,,333.4146451950073,8.0,353.0,3636.0,0.6170668005943298,0.9149259924888611,0.0009999984878062082,0.001,False,128.0,128.0,,
train,,,,,,,333.5172469615936,8.0,354.0,3637.0,0.4648309648036957,0.9999990463256836,0.0010000001720156652,0.001,False,128.0,128.0,,
train,,,,,,,333.6107246875763,8.0,355.0,3638.0,0.4719281494617462,0.9999991059303284,0.0009999994410169286,0.001,False,128.0,128.0,,
train,,,,,,,333.70984745025635,8.0,356.0,3639.0,0.4357529878616333,0.9999990463256836,0.0009999971500955682,0.001,False,128.0,128.0,,
train,,,,,,,333.8164019584656,8.0,357.0,3640.0,0.48342713713645935,0.9999991059303284,0.0009999962720450457,0.001,False,128.0,128.0,,
train,,,,,,,333.9292457103729,8.0,358.0,3641.0,0.5793726444244385,0.9999991655349731,0.001000003131226983,0.001,False,128.0,128.0,,
train,,,,,,,334.03398752212524,8.0,359.0,3642.0,0.4563552737236023,0.9999992251396179,0.0010000006612074816,0.001,False,128.0,128.0,,
train,,,,,,,334.13308691978455,8.0,360.0,3643.0,0.4968394935131073,0.9999991059303284,0.0010000009444251477,0.001,False,128.0,128.0,,
train,,,,,,,334.2361183166504,8.0,361.0,3644.0,0.5397678017616272,0.9999992847442627,0.0009182333481261953,0.001,False,128.0,128.0,,
train,,,,,,,334.33820939064026,8.0,362.0,3645.0,0.45986294746398926,0.91823410987854,0.0009178452683560387,0.001,False,128.0,128.0,,
train,,,,,,,334.4385714530945,8.0,363.0,3646.0,0.3828432559967041,0.917844831943512,0.0008094336788453263,0.001,False,128.0,128.0,,
train,,,,,,,334.534747838974,8.0,364.0,3647.0,0.3574887812137604,0.8094329237937927,0.0008940327796303372,0.001,False,128.0,128.0,,
train,,,,,,,334.63654947280884,8.0,365.0,3648.0,0.49966883659362793,0.8940311670303345,0.0008784403184119339,0.001,False,128.0,128.0,,
train,,,,,,,334.73963832855225,8.0,366.0,3649.0,0.4810500741004944,0.8784416317939758,0.0010000006453313027,0.001,False,128.0,128.0,,
train,,,,,,,334.8280222415924,8.0,367.0,3650.0,0.5057690739631653,0.9999990463256836,0.0009185118895855907,0.001,False,128.0,128.0,,
train,,,,,,,334.9337775707245,8.0,368.0,3651.0,0.41764312982559204,0.9185124635696411,0.0007910248793133253,0.001,False,128.0,128.0,,
train,,,,,,,335.03089666366577,8.0,369.0,3652.0,0.5018566250801086,0.7910244464874268,0.0009403707649625429,0.001,False,128.0,128.0,,
train,,,,,,,335.1261496543884,8.0,370.0,3653.0,0.4461837410926819,0.9403707385063171,0.000999999805642063,0.001,False,128.0,128.0,,
train,,,,,,,335.5671510696411,8.0,371.0,3654.0,0.5633798241615295,0.9999991059303284,0.0009758480512057028,0.001,False,128.0,128.0,,
train,,,,,,,335.67176055908203,8.0,372.0,3655.0,0.5758976340293884,0.975845992565155,0.000999998980051965,0.001,False,128.0,128.0,,
train,,,,,,,335.77369594573975,8.0,373.0,3656.0,0.4769456088542938,0.9999991655349731,0.0009999977843675888,0.001,False,128.0,128.0,,
train,,,,,,,335.8718342781067,8.0,374.0,3657.0,0.5393118858337402,0.9999991059303284,0.0010000004045795663,0.001,False,128.0,128.0,,
train,,,,,,,335.9654290676117,8.0,375.0,3658.0,0.522782564163208,0.9999993443489075,0.0009999978313578813,0.001,False,128.0,128.0,,
train,,,,,,,336.0661780834198,8.0,376.0,3659.0,0.43902525305747986,0.9999991655349731,0.0009999994208663694,0.001,False,128.0,128.0,,
train,,,,,,,336.157986164093,8.0,377.0,3660.0,0.3965066969394684,0.9999991655349731,0.0009999990730332339,0.001,False,128.0,128.0,,
train,,,,,,,336.25135803222656,8.0,378.0,3661.0,0.4385616183280945,0.9999989867210388,0.0009375506589080255,0.001,False,128.0,128.0,,
train,,,,,,,336.3801031112671,8.0,379.0,3662.0,0.5960857272148132,0.9375517964363098,0.0010000000802834993,0.001,False,128.0,128.0,,
train,,,,,,,336.4884707927704,8.0,380.0,3663.0,0.6451779007911682,0.9999991655349731,0.0009999983700391159,0.001,False,128.0,128.0,,
train,,,,,,,336.5894227027893,8.0,381.0,3664.0,0.5572173595428467,0.9999991059303284,0.000885862975591938,0.001,False,128.0,128.0,,
train,,,,,,,336.67013907432556,8.0,382.0,3665.0,0.4867473542690277,0.8858643770217896,0.0008802679443450047,0.001,False,128.0,128.0,,
train,,,,,,,336.7786328792572,8.0,383.0,3666.0,0.5322988629341125,0.8802692890167236,0.0009999964250343371,0.001,False,128.0,128.0,,
train,,,,,,,336.8729479312897,8.0,384.0,3667.0,0.6165772080421448,0.9999991059303284,0.0009999994045460812,0.001,False,128.0,128.0,,
train,,,,,,,336.9724950790405,8.0,385.0,3668.0,0.5542299151420593,0.9999992847442627,0.0009999979300291616,0.001,False,128.0,128.0,,
train,,,,,,,337.0729784965515,8.0,386.0,3669.0,0.49169570207595825,0.9999992847442627,0.00099999946385978,0.001,False,128.0,128.0,,
train,,,,,,,337.16464853286743,8.0,387.0,3670.0,0.7077642679214478,0.9999993443489075,0.0009999998507448811,0.001,False,128.0,128.0,,
train,,,,,,,337.2542064189911,8.0,388.0,3671.0,0.47769004106521606,0.9999990463256836,0.0009999987766311231,0.001,False,128.0,128.0,,
train,,,,,,,337.3880341053009,8.0,389.0,3672.0,0.5210520029067993,0.9999991655349731,0.0009999994639708022,0.001,False,128.0,128.0,,
train,,,,,,,337.4837830066681,8.0,390.0,3673.0,0.4332641661167145,0.9999989867210388,0.0009999997412768686,0.001,False,128.0,128.0,,
train,,,,,,,337.5933015346527,8.0,391.0,3674.0,0.4172985851764679,0.9999989867210388,0.0009159358933528802,0.001,False,128.0,128.0,,
train,,,,,,,337.69957399368286,8.0,392.0,3675.0,0.5154614448547363,0.9159342050552368,0.0009198027812158201,0.001,False,128.0,128.0,,
train,,,,,,,337.80135345458984,8.0,393.0,3676.0,0.5769192576408386,0.9198046922683716,0.0010000008682639174,0.001,False,128.0,128.0,,
train,,,,,,,337.9544813632965,8.0,394.0,3677.0,0.5193305611610413,0.9999991655349731,0.000999997187843258,0.001,False,128.0,128.0,,
train,,,,,,,338.0428819656372,8.0,395.0,3678.0,0.4945812225341797,0.9999991655349731,0.0008993211162540843,0.001,False,128.0,128.0,,
train,,,,,,,338.1492009162903,8.0,396.0,3679.0,0.5115077495574951,0.8993209004402161,0.0010000006710884598,0.001,False,128.0,128.0,,
train,,,,,,,338.2437767982483,8.0,397.0,3680.0,0.543307363986969,0.9999990463256836,0.0009600687946344749,0.001,False,128.0,128.0,,
train,,,,,,,338.3492558002472,8.0,398.0,3681.0,0.4622548818588257,0.9600695371627808,0.0009696984607783714,0.001,False,128.0,128.0,,
train,,,,,,,338.457683801651,8.0,399.0,3682.0,0.6166025996208191,0.9696972966194153,0.0010000009023477339,0.001,False,128.0,128.0,,
train,,,,,,,338.57906436920166,8.0,400.0,3683.0,0.5642947554588318,0.9999992251396179,0.0010000003621135518,0.001,False,128.0,128.0,,
train,,,,,,,338.69817996025085,8.0,401.0,3684.0,0.4873396158218384,0.9999990463256836,0.0009999966237649494,0.001,False,128.0,128.0,,
train,,,,,,,338.8529210090637,8.0,402.0,3685.0,0.406364381313324,0.9999989867210388,0.0007962372832439083,0.001,False,128.0,128.0,,
train,,,,,,,338.95843863487244,8.0,403.0,3686.0,0.4744628369808197,0.7962378859519958,0.0009901508623153202,0.001,False,128.0,128.0,,
train,,,,,,,339.0567524433136,8.0,404.0,3687.0,0.5146689414978027,0.9901492595672607,0.0009999974444164874,0.001,False,128.0,128.0,,
train,,,,,,,339.1683430671692,8.0,405.0,3688.0,0.5237391591072083,0.9999991059303284,0.0010000001385424462,0.001,False,128.0,128.0,,
train,,,,,,,339.29868245124817,8.0,406.0,3689.0,0.4850395917892456,0.9999991059303284,0.0010000003915344507,0.001,False,128.0,128.0,,
train,,,,,,,339.4461359977722,8.0,407.0,3690.0,0.5525199174880981,0.9999990463256836,0.000999997530930834,0.001,False,128.0,128.0,,
train,,,,,,,339.5447611808777,8.0,408.0,3691.0,0.6033613681793213,0.9999991059303284,0.001000000502279148,0.001,False,128.0,128.0,,
train,,,,,,,339.6484754085541,8.0,409.0,3692.0,0.5223389267921448,0.9999991655349731,0.0009999996908449734,0.001,False,128.0,128.0,,
train,,,,,,,339.7768204212189,8.0,410.0,3693.0,0.6214150190353394,0.9999992251396179,0.0009999981752501497,0.001,False,128.0,128.0,,
train,,,,,,,339.88309359550476,8.0,411.0,3694.0,0.41208672523498535,0.9999991655349731,0.0009999996334186679,0.001,False,128.0,128.0,,
train,,,,,,,339.9767141342163,8.0,412.0,3695.0,0.5867547988891602,0.9999991059303284,0.0009999988082170063,0.001,False,128.0,128.0,,
train,,,,,,,340.37239241600037,8.0,413.0,3696.0,0.4876437187194824,0.9999992251396179,0.0009999992539719827,0.001,False,128.0,128.0,,
train,,,,,,,340.47987151145935,8.0,414.0,3697.0,0.46590861678123474,0.9999991655349731,0.00099999951892687,0.001,False,128.0,128.0,,
train,,,,,,,340.58780550956726,8.0,415.0,3698.0,0.5120636820793152,0.9999991059303284,0.0009999953647669962,0.001,False,128.0,128.0,,
train,,,,,,,340.6853687763214,8.0,416.0,3699.0,0.5304850339889526,0.9999990463256836,0.000999998995095502,0.001,False,128.0,128.0,,
train,,,,,,,340.7822506427765,8.0,417.0,3700.0,0.49725061655044556,0.9999989867210388,0.0009999994485664495,0.001,False,128.0,128.0,,
train,,,,,,,340.896502494812,8.0,418.0,3701.0,0.6315180659294128,0.9999990463256836,0.0009999994107078227,0.001,False,128.0,128.0,,
train,,,,,,,340.99519538879395,8.0,419.0,3702.0,0.5188127160072327,0.9999990463256836,0.0009999990521055101,0.001,False,128.0,128.0,,
train,,,,,,,341.0949053764343,8.0,420.0,3703.0,0.54332035779953,0.9999992251396179,0.0008886383293079133,0.001,False,128.0,128.0,,
train,,,,,,,341.2102029323578,8.0,421.0,3704.0,0.4671132564544678,0.888638973236084,0.0009962062787604818,0.001,False,128.0,128.0,,
train,,,,,,,341.3072102069855,8.0,422.0,3705.0,0.4984241724014282,0.9962074160575867,0.0009910176335515308,0.001,False,128.0,128.0,,
train,,,,,,,341.4044668674469,8.0,423.0,3706.0,0.40509194135665894,0.9910181164741516,0.0009999982784733184,0.001,False,128.0,128.0,,
train,,,,,,,341.5003328323364,8.0,424.0,3707.0,0.4796161949634552,0.9999991059303284,0.0009448218211336879,0.001,False,128.0,128.0,,
train,,,,,,,341.5950837135315,8.0,425.0,3708.0,0.46228650212287903,0.9448237419128418,0.000934817554212837,0.001,False,128.0,128.0,,
train,,,,,,,341.6938192844391,8.0,426.0,3709.0,0.4951617419719696,0.9348174333572388,0.0009999990344807027,0.001,False,128.0,128.0,,
train,,,,,,,341.7979533672333,8.0,427.0,3710.0,0.5580400228500366,0.9999991655349731,0.0009999993415131295,0.001,False,128.0,128.0,,
train,,,,,,,341.88908290863037,8.0,428.0,3711.0,0.4691328704357147,0.9999991655349731,0.000999999781244907,0.001,False,128.0,128.0,,
train,,,,,,,341.974880695343,8.0,429.0,3712.0,0.4881023168563843,0.9999991059303284,0.0009999985948596195,0.001,False,128.0,128.0,,
train,,,,,,,342.11391377449036,8.0,430.0,3713.0,0.5124494433403015,0.9999991059303284,0.0010000003953647188,0.001,False,128.0,128.0,,
train,,,,,,,342.2101056575775,8.0,431.0,3714.0,0.570637583732605,0.9999991655349731,0.0010000003594212619,0.001,False,128.0,128.0,,
train,,,,,,,342.3113133907318,8.0,432.0,3715.0,0.5150587558746338,0.9999991655349731,0.0010000000319332894,0.001,False,128.0,128.0,,
train,,,,,,,342.4293327331543,8.0,433.0,3716.0,0.5679841041564941,0.9999991655349731,0.0009343101558071163,0.001,False,128.0,128.0,,
train,,,,,,,342.5497658252716,8.0,434.0,3717.0,0.48890483379364014,0.934310793876648,0.0009831384651206988,0.001,False,128.0,128.0,,
train,,,,,,,342.66322135925293,8.0,435.0,3718.0,0.366696834564209,0.9831398725509644,0.0008586718053128987,0.001,False,128.0,128.0,,
train,,,,,,,342.7645435333252,8.0,436.0,3719.0,0.36733895540237427,0.8586727976799011,0.000903397987119258,0.001,False,128.0,128.0,,
train,,,,,,,342.86964082717896,8.0,437.0,3720.0,0.6600200533866882,0.9033972024917603,0.0010000003699683767,0.001,False,128.0,128.0,,
train,,,,,,,342.9892621040344,8.0,438.0,3721.0,0.582280158996582,0.9999991655349731,0.000999998514368334,0.001,False,128.0,128.0,,
train,,,,,,,343.12021565437317,8.0,439.0,3722.0,0.4936831295490265,0.9999990463256836,0.0009999977370997374,0.001,False,128.0,128.0,,
train,,,,,,,343.21755027770996,8.0,440.0,3723.0,0.4657478332519531,0.9999991655349731,0.0008750124993464277,0.001,False,128.0,128.0,,
train,,,,,,,343.32952404022217,8.0,441.0,3724.0,0.5726925134658813,0.8750079870223999,0.0009999998762661364,0.001,False,128.0,128.0,,
train,,,,,,,343.444495677948,8.0,442.0,3725.0,0.4421755373477936,0.9999990463256836,0.0008492857660081364,0.001,False,128.0,128.0,,
train,,,,,,,343.58416867256165,8.0,443.0,3726.0,0.536209225654602,0.8492889404296875,0.001000000376213379,0.001,False,128.0,128.0,,
train,,,,,,,343.7030448913574,8.0,444.0,3727.0,0.47348088026046753,0.9999991059303284,0.000923635960598202,0.001,False,128.0,128.0,,
train,,,,,,,343.8391201496124,8.0,445.0,3728.0,0.5028445720672607,0.9236379861831665,0.0009806378515134853,0.001,False,128.0,128.0,,
train,,,,,,,343.9772686958313,8.0,446.0,3729.0,0.5826845169067383,0.980636715888977,0.0009519964501153907,0.001,False,128.0,128.0,,
train,,,,,,,344.0969989299774,8.0,447.0,3730.0,0.41502147912979126,0.9519980549812317,0.0009050203120313437,0.001,False,128.0,128.0,,
train,,,,,,,344.36275339126587,8.0,448.0,3731.0,0.48836550116539,0.9050203561782837,0.0009382646147467746,0.001,False,128.0,128.0,,
train,,,,,,,344.4706904888153,8.0,449.0,3732.0,0.4885422885417938,0.9382638335227966,0.001000002913568417,0.001,False,128.0,128.0,,
train,,,,,,,344.58096742630005,8.0,450.0,3733.0,0.4502614140510559,0.9999992847442627,0.0008758027752378175,0.001,False,128.0,128.0,,
train,,,,,,,344.6881957054138,8.0,451.0,3734.0,0.3783593475818634,0.8758043050765991,0.0008726395576367527,0.001,False,128.0,128.0,,
train,,,,,,,344.7769639492035,8.0,452.0,3735.0,0.5843121409416199,0.8726410269737244,0.0009999991267680766,0.001,False,128.0,128.0,,
train,,,,,,,344.8775124549866,8.0,453.0,3736.0,0.48773905634880066,0.9999991655349731,0.0009999987252554885,0.001,False,128.0,128.0,,
train,,,,,,,344.9847061634064,8.0,454.0,3737.0,0.48410969972610474,0.9999991655349731,0.00096091944315952,0.001,False,128.0,128.0,,
train,,,,,,,345.07797741889954,8.0,455.0,3738.0,0.5840764045715332,0.9609169960021973,0.000999995776272983,0.001,False,128.0,128.0,,
train,,,,,,,345.19883036613464,8.0,456.0,3739.0,0.5771514177322388,0.9999991059303284,0.0010000001413735145,0.001,False,128.0,128.0,,
train,,,,,,,345.30971002578735,8.0,457.0,3740.0,0.5232775807380676,0.9999991059303284,0.0009999979845689792,0.001,False,128.0,128.0,,
train,,,,,,,345.3961284160614,8.0,458.0,3741.0,0.42192208766937256,0.9999993443489075,0.0007992845513607723,0.001,False,128.0,128.0,,
train,,,,,,,345.5081412792206,8.0,459.0,3742.0,0.39952772855758667,0.7992842793464661,0.0009999997678112054,0.001,False,128.0,128.0,,
train,,,,,,,345.6179518699646,8.0,460.0,3743.0,0.47467178106307983,0.9999991059303284,0.0009999984236629738,0.001,False,128.0,128.0,,
train,,,,,,,345.72151160240173,8.0,461.0,3744.0,0.4048957824707031,0.9999991059303284,0.0009870936328151773,0.001,False,128.0,128.0,,
train,,,,,,,345.8402490615845,8.0,462.0,3745.0,0.4930032193660736,0.9870940446853638,0.0009999996889575936,0.001,False,128.0,128.0,,
train,,,,,,,345.9423997402191,8.0,463.0,3746.0,0.4899735748767853,0.9999991655349731,0.0009999989440251905,0.001,False,128.0,128.0,,
train,,,,,,,346.051105260849,8.0,464.0,3747.0,0.5581101179122925,0.9999991059303284,0.0009999978302476556,0.001,False,128.0,128.0,,
train,,,,,,,346.151624917984,8.0,465.0,3748.0,0.49261969327926636,0.9999992251396179,0.0009999991665418503,0.001,False,128.0,128.0,,
train,,,,,,,346.25259041786194,8.0,466.0,3749.0,0.44393110275268555,0.9999993443489075,0.0009999989083314819,0.001,False,128.0,128.0,,
train,,,,,,,346.3431832790375,8.0,467.0,3750.0,0.5057441592216492,0.9999990463256836,0.000999999783021264,0.001,False,128.0,128.0,,
train,,,,,,,346.4527885913849,8.0,468.0,3751.0,0.5256646275520325,0.9999991655349731,0.0009999988052471563,0.001,False,128.0,128.0,,
train,,,,,,,346.5407702922821,8.0,469.0,3752.0,0.4379872977733612,0.9999990463256836,0.000973366989278896,0.001,False,128.0,128.0,,
eval,,,,,,,353.74698758125305,8.0,,3752.0,,,,,False,128.0,128.0,0.4809286800384521,0.8824
train,,,,,,,353.84499073028564,9.0,1.0,3753.0,0.38553673028945923,0.9733676314353943,0.0008218549756195213,0.001,False,128.0,128.0,,
train,,,,,,,353.95818400382996,9.0,2.0,3754.0,0.48733288049697876,0.8218550086021423,0.0009999988935654994,0.001,False,128.0,128.0,,
train,,,,,,,354.05576157569885,9.0,3.0,3755.0,0.4383789300918579,0.9999991059303284,0.0008452794297562922,0.001,False,128.0,128.0,,
train,,,,,,,354.1494379043579,9.0,4.0,3756.0,0.3721191883087158,0.845278263092041,0.0009385640010045942,0.001,False,128.0,128.0,,
train,,,,,,,354.24924421310425,9.0,5.0,3757.0,0.48422473669052124,0.9385632276535034,0.0008972422030715978,0.001,False,128.0,128.0,,
train,,,,,,,354.3581521511078,9.0,6.0,3758.0,0.528679609298706,0.8972432017326355,0.000999998848823461,0.001,False,128.0,128.0,,
train,,,,,,,354.4575574398041,9.0,7.0,3759.0,0.6168192028999329,0.9999992847442627,0.0010000012276566116,0.001,False,128.0,128.0,,
train,,,,,,,354.5621054172516,9.0,8.0,3760.0,0.5225836038589478,0.9999991059303284,0.0009999981081925543,0.001,False,128.0,128.0,,
train,,,,,,,354.6689398288727,9.0,9.0,3761.0,0.49463561177253723,0.9999991059303284,0.0009999979317222552,0.001,False,128.0,128.0,,
train,,,,,,,354.7617290019989,9.0,10.0,3762.0,0.4305754601955414,0.9999991059303284,0.0009999983690954248,0.001,False,128.0,128.0,,
train,,,,,,,354.8658835887909,9.0,11.0,3763.0,0.5018661022186279,0.9999991059303284,0.0009999965503234456,0.001,False,128.0,128.0,,
train,,,,,,,354.95930647850037,9.0,12.0,3764.0,0.5140632390975952,0.9999989867210388,0.0009999987168177826,0.001,False,128.0,128.0,,
train,,,,,,,355.0577428340912,9.0,13.0,3765.0,0.6394538879394531,0.9999991655349731,0.000979851386951557,0.001,False,128.0,128.0,,
train,,,,,,,355.1521828174591,9.0,14.0,3766.0,0.530404269695282,0.9798505306243896,0.0009021001816821254,0.001,False,128.0,128.0,,
train,,,,,,,355.2488875389099,9.0,15.0,3767.0,0.445820152759552,0.9021015763282776,0.0010000004824339212,0.001,False,128.0,128.0,,
train,,,,,,,355.35687947273254,9.0,16.0,3768.0,0.4249550998210907,0.9999992251396179,0.0009695460001718746,0.001,False,128.0,128.0,,
train,,,,,,,355.4657609462738,9.0,17.0,3769.0,0.4963087737560272,0.9695451855659485,0.0009809536237794295,0.001,False,128.0,128.0,,
train,,,,,,,355.566490650177,9.0,18.0,3770.0,0.47426605224609375,0.9809530377388,0.0010000004569265593,0.001,False,128.0,128.0,,
train,,,,,,,355.67131996154785,9.0,19.0,3771.0,0.40865421295166016,0.9999992251396179,0.0009999984798958572,0.001,False,128.0,128.0,,
train,,,,,,,355.7679786682129,9.0,20.0,3772.0,0.5617477893829346,0.9999991059303284,0.0009923787083645007,0.001,False,128.0,128.0,,
train,,,,,,,355.87779688835144,9.0,21.0,3773.0,0.5150101780891418,0.9923797845840454,0.0010000005026122147,0.001,False,128.0,128.0,,
train,,,,,,,355.9734935760498,9.0,22.0,3774.0,0.4458736479282379,0.9999992251396179,0.000999998224821697,0.001,False,128.0,128.0,,
train,,,,,,,356.07240319252014,9.0,23.0,3775.0,0.5463708639144897,0.9999991059303284,0.0009999995404929623,0.001,False,128.0,128.0,,
train,,,,,,,356.1649794578552,9.0,24.0,3776.0,0.5026205778121948,0.9999991655349731,0.0009540860769256753,0.001,False,128.0,128.0,,
train,,,,,,,356.25826621055603,9.0,25.0,3777.0,0.5743839740753174,0.9540868997573853,0.0009999968012901945,0.001,False,128.0,128.0,,
train,,,,,,,356.3506429195404,9.0,26.0,3778.0,0.522479236125946,0.9999991059303284,0.0009946942112216074,0.001,False,128.0,128.0,,
train,,,,,,,356.4417898654938,9.0,27.0,3779.0,0.4451064467430115,0.9946944117546082,0.000846696915435596,0.001,False,128.0,128.0,,
train,,,,,,,356.5380668640137,9.0,28.0,3780.0,0.5581960678100586,0.8466984629631042,0.0009999973958163492,0.001,False,128.0,128.0,,
train,,,,,,,356.6514196395874,9.0,29.0,3781.0,0.5649483799934387,0.9999991655349731,0.0008574573961232875,0.001,False,128.0,128.0,,
train,,,,,,,356.76242661476135,9.0,30.0,3782.0,0.40201425552368164,0.8574570417404175,0.000846161902970144,0.001,False,128.0,128.0,,
train,,,,,,,356.86024951934814,9.0,31.0,3783.0,0.5591968894004822,0.8461633920669556,0.0009640049496567257,0.001,False,128.0,128.0,,
train,,,,,,,356.95675826072693,9.0,32.0,3784.0,0.435375452041626,0.9640045166015625,0.0008959858615269533,0.001,False,128.0,128.0,,
train,,,,,,,357.0525372028351,9.0,33.0,3785.0,0.47346025705337524,0.8959851861000061,0.0009999992382345594,0.001,False,128.0,128.0,,
train,,,,,,,357.1493806838989,9.0,34.0,3786.0,0.4339459240436554,0.9999992251396179,0.0009999970765153248,0.001,False,128.0,128.0,,
train,,,,,,,357.24888825416565,9.0,35.0,3787.0,0.3596450984477997,0.9999991059303284,0.0007876996783019121,0.001,False,128.0,128.0,,
train,,,,,,,357.3502655029297,9.0,36.0,3788.0,0.5352626442909241,0.7876995801925659,0.000999999196823208,0.001,False,128.0,128.0,,
train,,,,,,,357.4464159011841,9.0,37.0,3789.0,0.3928271234035492,0.9999991655349731,0.0008372974490350722,0.001,False,128.0,128.0,,
train,,,,,,,357.57428789138794,9.0,38.0,3790.0,0.4287227690219879,0.8372974395751953,0.000934463993212988,0.001,False,128.0,128.0,,
train,,,,,,,357.670264005661,9.0,39.0,3791.0,0.4595400393009186,0.9344646334648132,0.0009748656825688289,0.001,False,128.0,128.0,,
train,,,,,,,357.77449345588684,9.0,40.0,3792.0,0.4051215648651123,0.9748678207397461,0.0008363110963396378,0.001,False,128.0,128.0,,
train,,,,,,,357.883939743042,9.0,41.0,3793.0,0.3929680287837982,0.8363124132156372,0.0007820074598215164,0.001,False,128.0,128.0,,
train,,,,,,,357.9835329055786,9.0,42.0,3794.0,0.5370575189590454,0.7820075154304504,0.0009999972108804501,0.001,False,128.0,128.0,,
train,,,,,,,358.0920293331146,9.0,43.0,3795.0,0.5103350877761841,0.9999990463256836,0.001000000693181883,0.001,False,128.0,128.0,,
train,,,,,,,358.19708347320557,9.0,44.0,3796.0,0.5925875306129456,0.9999990463256836,0.0009999975335953759,0.001,False,128.0,128.0,,
train,,,,,,,358.29271697998047,9.0,45.0,3797.0,0.4755946695804596,0.9999991059303284,0.000999998509067011,0.001,False,128.0,128.0,,
train,,,,,,,358.3834939002991,9.0,46.0,3798.0,0.5693643689155579,0.9999991059303284,0.0009999997270382544,0.001,False,128.0,128.0,,
train,,,,,,,358.47612476348877,9.0,47.0,3799.0,0.46158066391944885,0.9999991655349731,0.0008497017489830583,0.001,False,128.0,128.0,,
train,,,,,,,358.57973074913025,9.0,48.0,3800.0,0.4636010527610779,0.8497026562690735,0.0008442507357411815,0.001,False,128.0,128.0,,
train,,,,,,,358.67377734184265,9.0,49.0,3801.0,0.4837392568588257,0.8442504405975342,0.000965337904952378,0.001,False,128.0,128.0,,
train,,,,,,,358.77271699905396,9.0,50.0,3802.0,0.46642714738845825,0.9653372764587402,0.0010000010852567955,0.001,False,128.0,128.0,,
train,,,,,,,358.88173055648804,9.0,51.0,3803.0,0.6156152486801147,0.9999991059303284,0.0009913429271927838,0.001,False,128.0,128.0,,
train,,,,,,,358.98054671287537,9.0,52.0,3804.0,0.3676861524581909,0.9913439750671387,0.0008682978599556149,0.001,False,128.0,128.0,,
train,,,,,,,359.0739643573761,9.0,53.0,3805.0,0.48738840222358704,0.8682978749275208,0.0008487664294816225,0.001,False,128.0,128.0,,
train,,,,,,,359.1799302101135,9.0,54.0,3806.0,0.429302453994751,0.8487672209739685,0.000941226871839573,0.001,False,128.0,128.0,,
train,,,,,,,359.2703218460083,9.0,55.0,3807.0,0.5051073431968689,0.941226065158844,0.000965219092771758,0.001,False,128.0,128.0,,
train,,,,,,,359.3616578578949,9.0,56.0,3808.0,0.5665141940116882,0.9652180075645447,0.0009735249830380532,0.001,False,128.0,128.0,,
train,,,,,,,359.4597508907318,9.0,57.0,3809.0,0.536876916885376,0.9735276103019714,0.0009999975867751886,0.001,False,128.0,128.0,,
train,,,,,,,359.55400490760803,9.0,58.0,3810.0,0.5826389789581299,0.9999991655349731,0.0010000001474519847,0.001,False,128.0,128.0,,
train,,,,,,,359.64702105522156,9.0,59.0,3811.0,0.4550466537475586,0.9999992251396179,0.0009759510722183912,0.001,False,128.0,128.0,,
train,,,,,,,359.74004459381104,9.0,60.0,3812.0,0.4214361011981964,0.9759504199028015,0.0009999979896760153,0.001,False,128.0,128.0,,
train,,,,,,,359.8307719230652,9.0,61.0,3813.0,0.3959648311138153,0.9999989867210388,0.0008483857633700808,0.001,False,128.0,128.0,,
train,,,,,,,359.91495275497437,9.0,62.0,3814.0,0.40831243991851807,0.8483843803405762,0.0008427672338282152,0.001,False,128.0,128.0,,
train,,,,,,,360.008070230484,9.0,63.0,3815.0,0.528816282749176,0.8427674174308777,0.0009999986551448127,0.001,False,128.0,128.0,,
train,,,,,,,360.10154008865356,9.0,64.0,3816.0,0.4196365475654602,0.9999992847442627,0.0010000002751276054,0.001,False,128.0,128.0,,
train,,,,,,,360.1960208415985,9.0,65.0,3817.0,0.4217700660228729,0.9999991655349731,0.0009014910224489208,0.001,False,128.0,128.0,,
train,,,,,,,360.28725838661194,9.0,66.0,3818.0,0.4249945282936096,0.9014924168586731,0.0010000007375907721,0.001,False,128.0,128.0,,
train,,,,,,,360.3791079521179,9.0,67.0,3819.0,0.5142300128936768,0.9999990463256836,0.0009999966017269475,0.001,False,128.0,128.0,,
train,,,,,,,360.4708652496338,9.0,68.0,3820.0,0.4691750407218933,0.9999989867210388,0.0008284009625456104,0.001,False,128.0,128.0,,
train,,,,,,,360.5709946155548,9.0,69.0,3821.0,0.5837039351463318,0.8284004926681519,0.0009999981941239753,0.001,False,128.0,128.0,,
train,,,,,,,360.66291069984436,9.0,70.0,3822.0,0.483688086271286,0.9999991655349731,0.0009999986629163843,0.001,False,128.0,128.0,,
train,,,,,,,360.75503277778625,9.0,71.0,3823.0,0.5030092597007751,0.9999991655349731,0.0009642055905097388,0.001,False,128.0,128.0,,
train,,,,,,,360.85055351257324,9.0,72.0,3824.0,0.5105377435684204,0.9642040729522705,0.001000001792800911,0.001,False,128.0,128.0,,
train,,,,,,,360.9567084312439,9.0,73.0,3825.0,0.48580196499824524,0.9999991059303284,0.0009999975621836888,0.001,False,128.0,128.0,,
train,,,,,,,361.0555980205536,9.0,74.0,3826.0,0.4382801055908203,0.9999991059303284,0.0009999986903389292,0.001,False,128.0,128.0,,
train,,,,,,,361.17537927627563,9.0,75.0,3827.0,0.4205617606639862,0.9999991059303284,0.0009999995439346552,0.001,False,128.0,128.0,,
train,,,,,,,361.28725385665894,9.0,76.0,3828.0,0.4371930658817291,0.9999991655349731,0.0010000016399789738,0.001,False,128.0,128.0,,
train,,,,,,,361.38439416885376,9.0,77.0,3829.0,0.5524725317955017,0.9999989867210388,0.0009822048590344657,0.001,False,128.0,128.0,,
train,,,,,,,361.48814582824707,9.0,78.0,3830.0,0.48995378613471985,0.9822041988372803,0.0009999993945263126,0.001,False,128.0,128.0,,
train,,,,,,,361.5902819633484,9.0,79.0,3831.0,0.3633558750152588,0.9999991655349731,0.0008501720677045832,0.001,False,128.0,128.0,,
train,,,,,,,361.6865575313568,9.0,80.0,3832.0,0.4311428964138031,0.8501725196838379,0.000999998228596462,0.001,False,128.0,128.0,,
train,,,,,,,361.7790729999542,9.0,81.0,3833.0,0.49923276901245117,0.9999990463256836,0.0009726887930709423,0.001,False,128.0,128.0,,
train,,,,,,,361.89732480049133,9.0,82.0,3834.0,0.507530152797699,0.972688615322113,0.0008732117916322983,0.001,False,128.0,128.0,,
train,,,,,,,362.0283172130585,9.0,83.0,3835.0,0.4705566167831421,0.8732132911682129,0.0009719339080900529,0.001,False,128.0,128.0,,
train,,,,,,,362.12541007995605,9.0,84.0,3836.0,0.4445191025733948,0.9719343185424805,0.0008593125911177903,0.001,False,128.0,128.0,,
train,,,,,,,362.22177624702454,9.0,85.0,3837.0,0.49984005093574524,0.8593126535415649,0.0009964153871550752,0.001,False,128.0,128.0,,
train,,,,,,,362.5655801296234,9.0,86.0,3838.0,0.6125011444091797,0.9964169859886169,0.0009999976465053296,0.001,False,128.0,128.0,,
train,,,,,,,362.66121220588684,9.0,87.0,3839.0,0.5416471362113953,0.9999992251396179,0.000999998465240891,0.001,False,128.0,128.0,,
train,,,,,,,362.8510010242462,9.0,88.0,3840.0,0.4599496126174927,0.9999991059303284,0.0009999986957235178,0.001,False,128.0,128.0,,
train,,,,,,,363.10228753089905,9.0,89.0,3841.0,0.41622042655944824,0.9999991059303284,0.0009747141754515059,0.001,False,128.0,128.0,,
train,,,,,,,363.21577978134155,9.0,90.0,3842.0,0.5199370384216309,0.9747142195701599,0.0009999988074120936,0.001,False,128.0,128.0,,
train,,,,,,,363.30630588531494,9.0,91.0,3843.0,0.39481791853904724,0.9999992251396179,0.0008888982810042295,0.001,False,128.0,128.0,,
train,,,,,,,363.402414560318,9.0,92.0,3844.0,0.43481647968292236,0.8888987302780151,0.0010000002403221227,0.001,False,128.0,128.0,,
train,,,,,,,363.49364948272705,9.0,93.0,3845.0,0.48444366455078125,0.9999991059303284,0.0009999980319200855,0.001,False,128.0,128.0,,
train,,,,,,,363.58529138565063,9.0,94.0,3846.0,0.5223679542541504,0.9999991059303284,0.0009999985445664447,0.001,False,128.0,128.0,,
train,,,,,,,363.6760160923004,9.0,95.0,3847.0,0.45909833908081055,0.9999992847442627,0.0009999999524413202,0.001,False,128.0,128.0,,
train,,,,,,,363.7698609828949,9.0,96.0,3848.0,0.4838493764400482,0.9999991655349731,0.0008319803447227558,0.001,False,128.0,128.0,,
train,,,,,,,363.863094329834,9.0,97.0,3849.0,0.5577471256256104,0.8319803476333618,0.0009999994142050274,0.001,False,128.0,128.0,,
train,,,,,,,363.95561718940735,9.0,98.0,3850.0,0.5031262636184692,0.9999991059303284,0.0009697324426271962,0.001,False,128.0,128.0,,
train,,,,,,,364.0498540401459,9.0,99.0,3851.0,0.5012587904930115,0.9697341918945312,0.0010000001763177785,0.001,False,128.0,128.0,,
train,,,,,,,364.14494466781616,9.0,100.0,3852.0,0.45411479473114014,0.9999992251396179,0.0010000013132963313,0.001,False,128.0,128.0,,
train,,,,,,,364.2402882575989,9.0,101.0,3853.0,0.48434725403785706,0.9999991059303284,0.000999997593103475,0.001,False,128.0,128.0,,
train,,,,,,,364.3358986377716,9.0,102.0,3854.0,0.4140284061431885,0.9999992251396179,0.0009999997809118399,0.001,False,128.0,128.0,,
train,,,,,,,364.42908334732056,9.0,103.0,3855.0,0.45933687686920166,0.9999992251396179,0.000995961999445829,0.001,False,128.0,128.0,,
train,,,,,,,364.5239987373352,9.0,104.0,3856.0,0.5203089118003845,0.9959614276885986,0.000999999096181405,0.001,False,128.0,128.0,,
train,,,,,,,364.6262774467468,9.0,105.0,3857.0,0.5357711315155029,0.999998927116394,0.0009597507409209178,0.001,False,128.0,128.0,,
train,,,,,,,364.7221829891205,9.0,106.0,3858.0,0.5119596719741821,0.9597490429878235,0.0009999993865049462,0.001,False,128.0,128.0,,
train,,,,,,,364.81333470344543,9.0,107.0,3859.0,0.5462068319320679,0.9999991655349731,0.0009999984464780928,0.001,False,128.0,128.0,,
train,,,,,,,364.908091545105,9.0,108.0,3860.0,0.4020097553730011,0.9999991655349731,0.0008285658680028199,0.001,False,128.0,128.0,,
train,,,,,,,365.00939297676086,9.0,109.0,3861.0,0.5059868693351746,0.8285671472549438,0.0010000002857302325,0.001,False,128.0,128.0,,
train,,,,,,,365.1059718132019,9.0,110.0,3862.0,0.46796727180480957,0.9999993443489075,0.0010000000012356232,0.001,False,128.0,128.0,,
train,,,,,,,365.2147207260132,9.0,111.0,3863.0,0.51973956823349,0.9999989867210388,0.000928136292883089,0.001,False,128.0,128.0,,
train,,,,,,,365.3162405490875,9.0,112.0,3864.0,0.48786163330078125,0.9281358122825623,0.0010000004429377555,0.001,False,128.0,128.0,,
train,,,,,,,365.4085273742676,9.0,113.0,3865.0,0.48259827494621277,0.9999991059303284,0.0008508845407808375,0.001,False,128.0,128.0,,
train,,,,,,,365.5228281021118,9.0,114.0,3866.0,0.5093941688537598,0.850884199142456,0.0009999992793128416,0.001,False,128.0,128.0,,
train,,,,,,,365.6286451816559,9.0,115.0,3867.0,0.4437866806983948,0.9999991059303284,0.0008050805383380384,0.001,False,128.0,128.0,,
train,,,,,,,365.7315020561218,9.0,116.0,3868.0,0.5288483500480652,0.8050810098648071,0.0009999974332309618,0.001,False,128.0,128.0,,
train,,,,,,,365.82414746284485,9.0,117.0,3869.0,0.5052785277366638,0.9999991059303284,0.0008571330675207369,0.001,False,128.0,128.0,,
train,,,,,,,365.9304714202881,9.0,118.0,3870.0,0.4959891736507416,0.8571318984031677,0.0009969423038703143,0.001,False,128.0,128.0,,
train,,,,,,,366.0621657371521,9.0,119.0,3871.0,0.5620611906051636,0.9969428777694702,0.0009999983623785644,0.001,False,128.0,128.0,,
train,,,,,,,366.1771900653839,9.0,120.0,3872.0,0.5978131890296936,0.9999991655349731,0.000999998939917361,0.001,False,128.0,128.0,,
train,,,,,,,366.27753806114197,9.0,121.0,3873.0,0.5182846188545227,0.9999990463256836,0.0009999990066418332,0.001,False,128.0,128.0,,
train,,,,,,,366.3916494846344,9.0,122.0,3874.0,0.4174445867538452,0.9999991655349731,0.0009359817680102688,0.001,False,128.0,128.0,,
train,,,,,,,366.5115270614624,9.0,123.0,3875.0,0.542335569858551,0.9359821677207947,0.0009753590668601516,0.001,False,128.0,128.0,,
train,,,,,,,366.617112159729,9.0,124.0,3876.0,0.42327094078063965,0.9753594994544983,0.0009165209516191141,0.001,False,128.0,128.0,,
train,,,,,,,366.7261555194855,9.0,125.0,3877.0,0.4374781548976898,0.9165196418762207,0.00099999870715883,0.001,False,128.0,128.0,,
train,,,,,,,366.82317638397217,9.0,126.0,3878.0,0.4623761773109436,0.9999991059303284,0.0009199960176869929,0.001,False,128.0,128.0,,
train,,,,,,,366.96805143356323,9.0,127.0,3879.0,0.5145630836486816,0.9199971556663513,0.0010000000826149674,0.001,False,128.0,128.0,,
train,,,,,,,367.057541847229,9.0,128.0,3880.0,0.48513278365135193,0.9999991059303284,0.0009873253309410823,0.001,False,128.0,128.0,,
train,,,,,,,367.15692472457886,9.0,129.0,3881.0,0.4486210346221924,0.9873246550559998,0.0009197633657323909,0.001,False,128.0,128.0,,
train,,,,,,,367.27269196510315,9.0,130.0,3882.0,0.5504986643791199,0.9197654128074646,0.000997008214892397,0.001,False,128.0,128.0,,
train,,,,,,,367.38506388664246,9.0,131.0,3883.0,0.5118486285209656,0.9970070719718933,0.0009819494172059455,0.001,False,128.0,128.0,,
train,,,,,,,367.4732813835144,9.0,132.0,3884.0,0.34160494804382324,0.9819507598876953,0.0008685646042644729,0.001,False,128.0,128.0,,
train,,,,,,,367.5728795528412,9.0,133.0,3885.0,0.4639744758605957,0.868564784526825,0.000982428967984951,0.001,False,128.0,128.0,,
train,,,,,,,367.95941710472107,9.0,134.0,3886.0,0.5927572250366211,0.9824287295341492,0.0008687572878067052,0.001,False,128.0,128.0,,
train,,,,,,,368.06331419944763,9.0,135.0,3887.0,0.5786996483802795,0.8687567710876465,0.0009999992237738934,0.001,False,128.0,128.0,,
train,,,,,,,368.15861797332764,9.0,136.0,3888.0,0.3780781030654907,0.9999991059303284,0.0009999991455863731,0.001,False,128.0,128.0,,
train,,,,,,,368.2678270339966,9.0,137.0,3889.0,0.437438428401947,0.9999991059303284,0.0009302237033035354,0.001,False,128.0,128.0,,
train,,,,,,,368.356671333313,9.0,138.0,3890.0,0.48526114225387573,0.930222749710083,0.0008914455509024042,0.001,False,128.0,128.0,,
train,,,,,,,368.44622802734375,9.0,139.0,3891.0,0.5429993867874146,0.8914458751678467,0.0009334813800145115,0.001,False,128.0,128.0,,
train,,,,,,,368.54311990737915,9.0,140.0,3892.0,0.45904532074928284,0.9334819316864014,0.0009717641206202135,0.001,False,128.0,128.0,,
train,,,,,,,368.6476979255676,9.0,141.0,3893.0,0.42648494243621826,0.9717655181884766,0.0007904660086891507,0.001,False,128.0,128.0,,
train,,,,,,,368.77374935150146,9.0,142.0,3894.0,0.4818184971809387,0.7904649972915649,0.0009999989277604058,0.001,False,128.0,128.0,,
train,,,,,,,368.87765741348267,9.0,143.0,3895.0,0.40828949213027954,0.9999990463256836,0.0010000009584139446,0.001,False,128.0,128.0,,
train,,,,,,,368.99323439598083,9.0,144.0,3896.0,0.4610488712787628,0.9999990463256836,0.0009306245560003772,0.001,False,128.0,128.0,,
train,,,,,,,369.0971345901489,9.0,145.0,3897.0,0.430117130279541,0.9306238889694214,0.000999996776754187,0.001,False,128.0,128.0,,
train,,,,,,,369.1864778995514,9.0,146.0,3898.0,0.536722719669342,0.9999992251396179,0.0009999975629608469,0.001,False,128.0,128.0,,
train,,,,,,,369.27631878852844,9.0,147.0,3899.0,0.5011901259422302,0.9999991059303284,0.000977253352151235,0.001,False,128.0,128.0,,
train,,,,,,,369.3787667751312,9.0,148.0,3900.0,0.4599553048610687,0.9772537350654602,0.0009999980466305694,0.001,False,128.0,128.0,,
train,,,,,,,369.4800446033478,9.0,149.0,3901.0,0.42975351214408875,0.9999991059303284,0.0008429927141672903,0.001,False,128.0,128.0,,
train,,,,,,,369.5680649280548,9.0,150.0,3902.0,0.5428398251533508,0.8429929614067078,0.0009895378647748572,0.001,False,128.0,128.0,,
train,,,,,,,369.6780905723572,9.0,151.0,3903.0,0.5992014408111572,0.9895389080047607,0.0009259372223038309,0.001,False,128.0,128.0,,
train,,,,,,,369.8032202720642,9.0,152.0,3904.0,0.4924735426902771,0.9259330630302429,0.0010000020047975949,0.001,False,128.0,128.0,,
train,,,,,,,369.9062225818634,9.0,153.0,3905.0,0.5424115061759949,0.9999991059303284,0.0009781059100543636,0.001,False,128.0,128.0,,
train,,,,,,,369.99947237968445,9.0,154.0,3906.0,0.4928567409515381,0.9781075716018677,0.000999999094294024,0.001,False,128.0,128.0,,
train,,,,,,,370.0884382724762,9.0,155.0,3907.0,0.456900417804718,0.9999992251396179,0.0008647835663654992,0.001,False,128.0,128.0,,
train,,,,,,,370.1800220012665,9.0,156.0,3908.0,0.4733845591545105,0.8647841215133667,0.0009233116952658946,0.001,False,128.0,128.0,,
train,,,,,,,370.27197885513306,9.0,157.0,3909.0,0.5108076333999634,0.9233110547065735,0.000999999668945817,0.001,False,128.0,128.0,,
train,,,,,,,370.3705539703369,9.0,158.0,3910.0,0.48155611753463745,0.9999991059303284,0.0009999984016527675,0.001,False,128.0,128.0,,
train,,,,,,,370.48003339767456,9.0,159.0,3911.0,0.4577063322067261,0.9999990463256836,0.0009999999899668595,0.001,False,128.0,128.0,,
train,,,,,,,370.612366437912,9.0,160.0,3912.0,0.4191708266735077,0.9999990463256836,0.0008521691856335791,0.001,False,128.0,128.0,,
train,,,,,,,370.71422481536865,9.0,161.0,3913.0,0.4874262511730194,0.852168083190918,0.0010000004713316963,0.001,False,128.0,128.0,,
train,,,,,,,370.81085777282715,9.0,162.0,3914.0,0.4779682755470276,0.9999991655349731,0.0009987758225170353,0.001,False,128.0,128.0,,
train,,,,,,,370.906564950943,9.0,163.0,3915.0,0.4176347851753235,0.9987736940383911,0.0009376360092419726,0.001,False,128.0,128.0,,
train,,,,,,,371.0048019886017,9.0,164.0,3916.0,0.5226598978042603,0.9376356601715088,0.00098840090636556,0.001,False,128.0,128.0,,
train,,,,,,,371.1319634914398,9.0,165.0,3917.0,0.42650601267814636,0.9883989095687866,0.0009321181089026067,0.001,False,128.0,128.0,,
train,,,,,,,371.25432109832764,9.0,166.0,3918.0,0.40868258476257324,0.9321163296699524,0.0007567069600095019,0.001,False,128.0,128.0,,
train,,,,,,,371.40800857543945,9.0,167.0,3919.0,0.4750092625617981,0.7567068338394165,0.0009499753334222088,0.001,False,128.0,128.0,,
train,,,,,,,371.5111849308014,9.0,168.0,3920.0,0.505592942237854,0.9499743580818176,0.0009866009773011782,0.001,False,128.0,128.0,,
train,,,,,,,371.62381076812744,9.0,169.0,3921.0,0.41928818821907043,0.9865996241569519,0.000999999632808045,0.001,False,128.0,128.0,,
train,,,,,,,371.7511303424835,9.0,170.0,3922.0,0.530106246471405,0.9999989867210388,0.0009999969637163294,0.001,False,128.0,128.0,,
train,,,,,,,371.8696370124817,9.0,171.0,3923.0,0.40264999866485596,0.9999992251396179,0.0008788169435030573,0.001,False,128.0,128.0,,
train,,,,,,,371.96788573265076,9.0,172.0,3924.0,0.485588014125824,0.878817617893219,0.0008824721275153776,0.001,False,128.0,128.0,,
train,,,,,,,372.0996775627136,9.0,173.0,3925.0,0.4435071349143982,0.8824701905250549,0.000999999128877502,0.001,False,128.0,128.0,,
train,,,,,,,372.215140581131,9.0,174.0,3926.0,0.5387321710586548,0.9999991059303284,0.0009999990437233183,0.001,False,128.0,128.0,,
train,,,,,,,372.32976031303406,9.0,175.0,3927.0,0.4686589539051056,0.9999991655349731,0.0009102952231628318,0.001,False,128.0,128.0,,
train,,,,,,,372.4188129901886,9.0,176.0,3928.0,0.5337033867835999,0.9102980494499207,0.000944733810331947,0.001,False,128.0,128.0,,
train,,,,,,,372.5606966018677,9.0,177.0,3929.0,0.580024003982544,0.9447313547134399,0.000999998839497577,0.001,False,128.0,128.0,,
train,,,,,,,372.6861455440521,9.0,178.0,3930.0,0.4558899402618408,0.9999991059303284,0.0009436282383549712,0.001,False,128.0,128.0,,
train,,,,,,,372.95911836624146,9.0,179.0,3931.0,0.48205339908599854,0.9436293840408325,0.00100000222900666,0.001,False,128.0,128.0,,
train,,,,,,,373.0549602508545,9.0,180.0,3932.0,0.5459942817687988,0.9999992251396179,0.000999998017986759,0.001,False,128.0,128.0,,
train,,,,,,,373.1547374725342,9.0,181.0,3933.0,0.45155060291290283,0.9999991059303284,0.0009999984794517673,0.001,False,128.0,128.0,,
train,,,,,,,373.2491047382355,9.0,182.0,3934.0,0.5671848654747009,0.9999991059303284,0.0009999982898808795,0.001,False,128.0,128.0,,
train,,,,,,,373.3496124744415,9.0,183.0,3935.0,0.5758228898048401,0.9999989867210388,0.000999998504431823,0.001,False,128.0,128.0,,
train,,,,,,,373.4714164733887,9.0,184.0,3936.0,0.5422608852386475,0.9999992251396179,0.0009593167983328668,0.001,False,128.0,128.0,,
train,,,,,,,373.598215341568,9.0,185.0,3937.0,0.4110431373119354,0.9593168497085571,0.0009176785315626824,0.001,False,128.0,128.0,,
train,,,,,,,373.70923829078674,9.0,186.0,3938.0,0.5218927264213562,0.9176788330078125,0.0009999982856065137,0.001,False,128.0,128.0,,
train,,,,,,,373.81173872947693,9.0,187.0,3939.0,0.38417792320251465,0.9999989867210388,0.0009668905719483407,0.001,False,128.0,128.0,,
train,,,,,,,373.92202162742615,9.0,188.0,3940.0,0.42019233107566833,0.9668923616409302,0.00100000004114814,0.001,False,128.0,128.0,,
train,,,,,,,374.0478150844574,9.0,189.0,3941.0,0.46826931834220886,0.9999989867210388,0.0009999996197629197,0.001,False,128.0,128.0,,
train,,,,,,,374.1696171760559,9.0,190.0,3942.0,0.5264056324958801,0.9999992251396179,0.0010000005188492182,0.001,False,128.0,128.0,,
train,,,,,,,374.2692642211914,9.0,191.0,3943.0,0.5146545767784119,0.9999990463256836,0.0009648624419330247,0.001,False,128.0,128.0,,
train,,,,,,,374.3900182247162,9.0,192.0,3944.0,0.43347036838531494,0.9648639559745789,0.0008813264807812611,0.001,False,128.0,128.0,,
train,,,,,,,374.480149269104,9.0,193.0,3945.0,0.5242018699645996,0.8813289999961853,0.0009645797707426684,0.001,False,128.0,128.0,,
train,,,,,,,374.6057140827179,9.0,194.0,3946.0,0.4975830316543579,0.9645827412605286,0.0008626296410335385,0.001,False,128.0,128.0,,
train,,,,,,,374.7364430427551,9.0,195.0,3947.0,0.375531941652298,0.8626282811164856,0.000999999659786474,0.001,False,128.0,128.0,,
train,,,,,,,374.8370554447174,9.0,196.0,3948.0,0.43979963660240173,0.9999991059303284,0.0008863720320489033,0.001,False,128.0,128.0,,
train,,,,,,,374.96306014060974,9.0,197.0,3949.0,0.45682838559150696,0.8863703608512878,0.0009973265651108192,0.001,False,128.0,128.0,,
train,,,,,,,375.0674395561218,9.0,198.0,3950.0,0.4901587963104248,0.9973267912864685,0.0009809837144439794,0.001,False,128.0,128.0,,
train,,,,,,,375.17652797698975,9.0,199.0,3951.0,0.453906387090683,0.9809814095497131,0.0009870747233478412,0.001,False,128.0,128.0,,
train,,,,,,,375.2724132537842,9.0,200.0,3952.0,0.5376604199409485,0.9870747923851013,0.0009999990784733317,0.001,False,128.0,128.0,,
train,,,,,,,375.3990287780762,9.0,201.0,3953.0,0.49256664514541626,0.9999990463256836,0.0010000008321816997,0.001,False,128.0,128.0,,
train,,,,,,,375.51066994667053,9.0,202.0,3954.0,0.49203944206237793,0.9999992847442627,0.0009999979354970213,0.001,False,128.0,128.0,,
train,,,,,,,375.6545133590698,9.0,203.0,3955.0,0.45119211077690125,0.9999991655349731,0.0009999992598284135,0.001,False,128.0,128.0,,
train,,,,,,,375.75345277786255,9.0,204.0,3956.0,0.4537862539291382,0.9999990463256836,0.0010000004452137116,0.001,False,128.0,128.0,,
train,,,,,,,375.86367440223694,9.0,205.0,3957.0,0.6038898825645447,0.9999991059303284,0.0009999989123838002,0.001,False,128.0,128.0,,
train,,,,,,,375.9588167667389,9.0,206.0,3958.0,0.5586336851119995,0.9999992251396179,0.0009999967429477864,0.001,False,128.0,128.0,,
train,,,,,,,376.0895059108734,9.0,207.0,3959.0,0.622016429901123,0.9999992847442627,0.0010000031106879212,0.001,False,128.0,128.0,,
train,,,,,,,376.21326303482056,9.0,208.0,3960.0,0.555905818939209,0.9999990463256836,0.0009999995643072569,0.001,False,128.0,128.0,,
train,,,,,,,376.3571081161499,9.0,209.0,3961.0,0.47338172793388367,0.9999991655349731,0.0009999971561185453,0.001,False,128.0,128.0,,
train,,,,,,,376.4510838985443,9.0,210.0,3962.0,0.45195460319519043,0.9999991059303284,0.0010000018145057319,0.001,False,128.0,128.0,,
train,,,,,,,376.5725359916687,9.0,211.0,3963.0,0.40472808480262756,0.9999991655349731,0.0008653750095558089,0.001,False,128.0,128.0,,
train,,,,,,,376.6959879398346,9.0,212.0,3964.0,0.46105867624282837,0.8653743863105774,0.0009589166599996227,0.001,False,128.0,128.0,,
train,,,,,,,376.795533657074,9.0,213.0,3965.0,0.5159198641777039,0.958915650844574,0.0009999990778627084,0.001,False,128.0,128.0,,
train,,,,,,,376.88352704048157,9.0,214.0,3966.0,0.4050792455673218,0.9999990463256836,0.00090382777159715,0.001,False,128.0,128.0,,
train,,,,,,,377.0273628234863,9.0,215.0,3967.0,0.46108385920524597,0.9038287997245789,0.0009076332307316856,0.001,False,128.0,128.0,,
train,,,,,,,377.35529804229736,9.0,216.0,3968.0,0.48186904191970825,0.9076307415962219,0.0009305467024366539,0.001,False,128.0,128.0,,
train,,,,,,,377.4598867893219,9.0,217.0,3969.0,0.5221170783042908,0.9305453896522522,0.0009999985589438536,0.001,False,128.0,128.0,,
train,,,,,,,377.5591721534729,9.0,218.0,3970.0,0.42742225527763367,0.9999990463256836,0.0008347787527418054,0.001,False,128.0,128.0,,
train,,,,,,,377.6518623828888,9.0,219.0,3971.0,0.5642226934432983,0.8347789645195007,0.0009999993024610082,0.001,False,128.0,128.0,,
train,,,,,,,377.75544238090515,9.0,220.0,3972.0,0.4829004406929016,0.9999991655349731,0.0009478059822117682,0.001,False,128.0,128.0,,
train,,,,,,,377.86079144477844,9.0,221.0,3973.0,0.4153760075569153,0.9478062391281128,0.0009780614349818933,0.001,False,128.0,128.0,,
train,,,,,,,377.97534465789795,9.0,222.0,3974.0,0.5801279544830322,0.9780643582344055,0.0009999998172161401,0.001,False,128.0,128.0,,
train,,,,,,,378.0869662761688,9.0,223.0,3975.0,0.6025280952453613,0.9999993443489075,0.0009524298018951878,0.001,False,128.0,128.0,,
train,,,,,,,378.23639369010925,9.0,224.0,3976.0,0.43438413739204407,0.9524282217025757,0.0009953520122618453,0.001,False,128.0,128.0,,
train,,,,,,,378.3225700855255,9.0,225.0,3977.0,0.5435221791267395,0.995349109172821,0.0009999990434457623,0.001,False,128.0,128.0,,
train,,,,,,,378.41456604003906,9.0,226.0,3978.0,0.37316685914993286,0.9999991655349731,0.0009999995670273046,0.001,False,128.0,128.0,,
train,,,,,,,378.5115056037903,9.0,227.0,3979.0,0.47168102860450745,0.9999992847442627,0.0010000018293549377,0.001,False,128.0,128.0,,
train,,,,,,,378.6074056625366,9.0,228.0,3980.0,0.5520711541175842,0.9999991059303284,0.0009234649643691952,0.001,False,128.0,128.0,,
train,,,,,,,378.7088153362274,9.0,229.0,3981.0,0.45835113525390625,0.9234648942947388,0.0009268929337725806,0.001,False,128.0,128.0,,
train,,,,,,,378.8130958080292,9.0,230.0,3982.0,0.4908912777900696,0.9268943667411804,0.0008254687942792921,0.001,False,128.0,128.0,,
train,,,,,,,378.9573926925659,9.0,231.0,3983.0,0.5397924780845642,0.8254660367965698,0.0010000011286109567,0.001,False,128.0,128.0,,
train,,,,,,,379.0528962612152,9.0,232.0,3984.0,0.5062023401260376,0.9999991655349731,0.0009501985366293206,0.001,False,128.0,128.0,,
train,,,,,,,379.14143323898315,9.0,233.0,3985.0,0.5625057816505432,0.9501997828483582,0.0010000000932731076,0.001,False,128.0,128.0,,
train,,,,,,,379.24846053123474,9.0,234.0,3986.0,0.4766206741333008,0.9999992251396179,0.0010000008105878796,0.001,False,128.0,128.0,,
train,,,,,,,379.34924721717834,9.0,235.0,3987.0,0.5010210871696472,0.9999990463256836,0.000999999173064416,0.001,False,128.0,128.0,,
train,,,,,,,379.44195914268494,9.0,236.0,3988.0,0.5188682675361633,0.9999992847442627,0.0009999984421759718,0.001,False,128.0,128.0,,
train,,,,,,,379.5299565792084,9.0,237.0,3989.0,0.4710097312927246,0.9999990463256836,0.0009620003742613874,0.001,False,128.0,128.0,,
train,,,,,,,379.63783979415894,9.0,238.0,3990.0,0.459201455116272,0.9620013236999512,0.0008936347619984791,0.001,False,128.0,128.0,,
train,,,,,,,379.73510789871216,9.0,239.0,3991.0,0.4966304302215576,0.8936307430267334,0.0009636232442814265,0.001,False,128.0,128.0,,
train,,,,,,,379.8472762107849,9.0,240.0,3992.0,0.4372673034667969,0.9636240601539612,0.001000000931602084,0.001,False,128.0,128.0,,
train,,,,,,,379.9981327056885,9.0,241.0,3993.0,0.5745206475257874,0.9999991655349731,0.0010000002090138403,0.001,False,128.0,128.0,,
train,,,,,,,380.12460947036743,9.0,242.0,3994.0,0.48632508516311646,0.9999991655349731,0.00099999740505898,0.001,False,128.0,128.0,,
train,,,,,,,380.2241425514221,9.0,243.0,3995.0,0.4861566126346588,0.9999991655349731,0.0008833555322157123,0.001,False,128.0,128.0,,
train,,,,,,,380.3452134132385,9.0,244.0,3996.0,0.5233154296875,0.8833515644073486,0.000999999011193752,0.001,False,128.0,128.0,,
train,,,,,,,380.4495310783386,9.0,245.0,3997.0,0.42630136013031006,0.9999989867210388,0.0009296802843527199,0.001,False,128.0,128.0,,
train,,,,,,,380.55529260635376,9.0,246.0,3998.0,0.6041684150695801,0.9296811819076538,0.0010000005228737747,0.001,False,128.0,128.0,,
train,,,,,,,380.66968178749084,9.0,247.0,3999.0,0.514417827129364,0.9999991655349731,0.0010000001482846517,0.001,False,128.0,128.0,,
train,,,,,,,380.7712996006012,9.0,248.0,4000.0,0.5349321365356445,0.9999990463256836,0.0009999986926981562,0.001,False,128.0,128.0,,
train,,,,,,,380.89503931999207,9.0,249.0,4001.0,0.5919184684753418,0.9999990463256836,0.0009999988245650597,0.001,False,128.0,128.0,,
train,,,,,,,381.0223181247711,9.0,250.0,4002.0,0.47817498445510864,0.9999989867210388,0.0008399206595078354,0.001,False,128.0,128.0,,
train,,,,,,,381.1426510810852,9.0,251.0,4003.0,0.5543365478515625,0.8399219512939453,0.0009999994224206825,0.001,False,128.0,128.0,,
train,,,,,,,381.2451112270355,9.0,252.0,4004.0,0.4397084712982178,0.9999992251396179,0.0009087740159724373,0.001,False,128.0,128.0,,
train,,,,,,,381.3837125301361,9.0,253.0,4005.0,0.5230214595794678,0.9087746143341064,0.0009999982782790291,0.001,False,128.0,128.0,,
train,,,,,,,381.49180364608765,9.0,254.0,4006.0,0.41442254185676575,0.9999991059303284,0.0009999988950643022,0.001,False,128.0,128.0,,
train,,,,,,,381.5919167995453,9.0,255.0,4007.0,0.5705229043960571,0.9999992251396179,0.0009644136457318488,0.001,False,128.0,128.0,,
train,,,,,,,381.7374997138977,9.0,256.0,4008.0,0.4554363489151001,0.9644151926040649,0.0008864540903055389,0.001,False,128.0,128.0,,
train,,,,,,,381.84611320495605,9.0,257.0,4009.0,0.4737837314605713,0.8864544034004211,0.0010000006370601464,0.001,False,128.0,128.0,,
train,,,,,,,381.95138716697693,9.0,258.0,4010.0,0.6609493494033813,0.9999991655349731,0.0010000005822706735,0.001,False,128.0,128.0,,
train,,,,,,,382.3534471988678,9.0,259.0,4011.0,0.5802891850471497,0.9999992251396179,0.001000000204461927,0.001,False,128.0,128.0,,
train,,,,,,,382.465961933136,9.0,260.0,4012.0,0.4715501666069031,0.9999992251396179,0.0009299990001764494,0.001,False,128.0,128.0,,
train,,,,,,,382.59792613983154,9.0,261.0,4013.0,0.6231651306152344,0.9299973845481873,0.001000000882696804,0.001,False,128.0,128.0,,
train,,,,,,,382.69125628471375,9.0,262.0,4014.0,0.5204252004623413,0.9999993443489075,0.0009999978916986317,0.001,False,128.0,128.0,,
train,,,,,,,382.77791810035706,9.0,263.0,4015.0,0.4727417528629303,0.9999991059303284,0.0009195990000494201,0.001,False,128.0,128.0,,
train,,,,,,,382.8947925567627,9.0,264.0,4016.0,0.5638173818588257,0.9195966720581055,0.0010000010993011013,0.001,False,128.0,128.0,,
train,,,,,,,383.02091884613037,9.0,265.0,4017.0,0.47388193011283875,0.9999990463256836,0.001000000205433372,0.001,False,128.0,128.0,,
train,,,,,,,383.142067193985,9.0,266.0,4018.0,0.5829134583473206,0.9999989867210388,0.0010000016693998354,0.001,False,128.0,128.0,,
train,,,,,,,383.23117113113403,9.0,267.0,4019.0,0.5241537690162659,0.9999991655349731,0.0009999985987454055,0.001,False,128.0,128.0,,
train,,,,,,,383.3274440765381,9.0,268.0,4020.0,0.43504849076271057,0.9999992251396179,0.0009611556321204271,0.001,False,128.0,128.0,,
train,,,,,,,383.41372323036194,9.0,269.0,4021.0,0.383993923664093,0.9611541032791138,0.000999999196268096,0.001,False,128.0,128.0,,
train,,,,,,,383.50944685935974,9.0,270.0,4022.0,0.3805771768093109,0.9999991059303284,0.0009198856616926918,0.001,False,128.0,128.0,,
train,,,,,,,383.60004687309265,9.0,271.0,4023.0,0.4921349287033081,0.9198843240737915,0.0009999976633807593,0.001,False,128.0,128.0,,
train,,,,,,,383.7368586063385,9.0,272.0,4024.0,0.458524227142334,0.9999992847442627,0.001000000563840982,0.001,False,128.0,128.0,,
train,,,,,,,383.85949754714966,9.0,273.0,4025.0,0.3502292037010193,0.9999993443489075,0.000999998315527075,0.001,False,128.0,128.0,,
train,,,,,,,384.0001447200775,9.0,274.0,4026.0,0.44390857219696045,0.9999991655349731,0.0009874008239542937,0.001,False,128.0,128.0,,
train,,,,,,,384.0969007015228,9.0,275.0,4027.0,0.4433446228504181,0.9874006509780884,0.000882872576291203,0.001,False,128.0,128.0,,
train,,,,,,,384.1966943740845,9.0,276.0,4028.0,0.5312229990959167,0.8828742504119873,0.0009999987490698025,0.001,False,128.0,128.0,,
train,,,,,,,384.30595874786377,9.0,277.0,4029.0,0.5038720369338989,0.9999992251396179,0.000908273574910359,0.001,False,128.0,128.0,,
train,,,,,,,384.42160630226135,9.0,278.0,4030.0,0.40457484126091003,0.908273458480835,0.0009999986563660596,0.001,False,128.0,128.0,,
train,,,,,,,384.5557131767273,9.0,279.0,4031.0,0.5672574639320374,0.9999992251396179,0.000847350512220041,0.001,False,128.0,128.0,,
train,,,,,,,384.67774510383606,9.0,280.0,4032.0,0.5316714644432068,0.847352147102356,0.0009999991209394005,0.001,False,128.0,128.0,,
train,,,,,,,384.809091091156,9.0,281.0,4033.0,0.43091297149658203,0.9999991059303284,0.0009999986442646124,0.001,False,128.0,128.0,,
train,,,,,,,384.8906066417694,9.0,282.0,4034.0,0.4291665256023407,0.9999992251396179,0.0008886358864132643,0.001,False,128.0,128.0,,
train,,,,,,,385.0207943916321,9.0,283.0,4035.0,0.43366795778274536,0.888635516166687,0.0008070177471944789,0.001,False,128.0,128.0,,
train,,,,,,,385.12692499160767,9.0,284.0,4036.0,0.45272761583328247,0.8070191144943237,0.0009450162867453617,0.001,False,128.0,128.0,,
train,,,,,,,385.2720556259155,9.0,285.0,4037.0,0.5690135955810547,0.9450158476829529,0.0009999997589571746,0.001,False,128.0,128.0,,
train,,,,,,,385.3649923801422,9.0,286.0,4038.0,0.5450243353843689,0.9999993443489075,0.0009993716230771886,0.001,False,128.0,128.0,,
train,,,,,,,385.49420642852783,9.0,287.0,4039.0,0.577182948589325,0.9993706941604614,0.0009999983637663456,0.001,False,128.0,128.0,,
train,,,,,,,385.6062879562378,9.0,288.0,4040.0,0.49996522068977356,0.9999990463256836,0.0009999994284158903,0.001,False,128.0,128.0,,
train,,,,,,,385.7255046367645,9.0,289.0,4041.0,0.5330020189285278,0.9999994039535522,0.0008359588151169162,0.001,False,128.0,128.0,,
train,,,,,,,385.8437223434448,9.0,290.0,4042.0,0.43590977787971497,0.8359588384628296,0.0010000002854526767,0.001,False,128.0,128.0,,
train,,,,,,,385.9482810497284,9.0,291.0,4043.0,0.4716147184371948,0.9999990463256836,0.000999998243751033,0.001,False,128.0,128.0,,
train,,,,,,,386.0712914466858,9.0,292.0,4044.0,0.45389842987060547,0.9999991655349731,0.0009999974486075902,0.001,False,128.0,128.0,,
train,,,,,,,386.2203297615051,9.0,293.0,4045.0,0.5398894548416138,0.9999991059303284,0.0009999984647135341,0.001,False,128.0,128.0,,
train,,,,,,,386.3754634857178,9.0,294.0,4046.0,0.48483651876449585,0.9999991655349731,0.0009999983242423404,0.001,False,128.0,128.0,,
train,,,,,,,386.4999659061432,9.0,295.0,4047.0,0.44412222504615784,0.9999992251396179,0.0008472317824674644,0.001,False,128.0,128.0,,
train,,,,,,,386.5979676246643,9.0,296.0,4048.0,0.5541764497756958,0.8472318649291992,0.0009275432920984102,0.001,False,128.0,128.0,,
train,,,,,,,386.7317371368408,9.0,297.0,4049.0,0.40034058690071106,0.9275420904159546,0.0008774270715655023,0.001,False,128.0,128.0,,
train,,,,,,,386.84824228286743,9.0,298.0,4050.0,0.5315148234367371,0.8774276971817017,0.001000001333058275,0.001,False,128.0,128.0,,
train,,,,,,,386.9471764564514,9.0,299.0,4051.0,0.5130723118782043,0.9999990463256836,0.0009999975392575272,0.001,False,128.0,128.0,,
train,,,,,,,387.0623459815979,9.0,300.0,4052.0,0.5352354049682617,0.9999993443489075,0.000999999090685796,0.001,False,128.0,128.0,,
train,,,,,,,387.1828303337097,9.0,301.0,4053.0,0.48052653670310974,0.9999992251396179,0.0008836555400542034,0.001,False,128.0,128.0,,
train,,,,,,,387.5578489303589,9.0,302.0,4054.0,0.4642370045185089,0.8836548328399658,0.000977906968820376,0.001,False,128.0,128.0,,
train,,,,,,,387.64738035202026,9.0,303.0,4055.0,0.41808629035949707,0.9779077768325806,0.0009223122484519065,0.001,False,128.0,128.0,,
train,,,,,,,387.7958152294159,9.0,304.0,4056.0,0.47647011280059814,0.9223122000694275,0.0009999990169114062,0.001,False,128.0,128.0,,
train,,,,,,,387.8949887752533,9.0,305.0,4057.0,0.5056866407394409,0.9999990463256836,0.0009999986125121903,0.001,False,128.0,128.0,,
train,,,,,,,387.999370098114,9.0,306.0,4058.0,0.4661288857460022,0.9999991059303284,0.0009999990305671628,0.001,False,128.0,128.0,,
train,,,,,,,388.11595940589905,9.0,307.0,4059.0,0.4017103314399719,0.9999991059303284,0.0008024232049279092,0.001,False,128.0,128.0,,
train,,,,,,,388.232191324234,9.0,308.0,4060.0,0.5115799903869629,0.8024250268936157,0.0009999998566845752,0.001,False,128.0,128.0,,
train,,,,,,,388.3245565891266,9.0,309.0,4061.0,0.49899840354919434,0.9999992251396179,0.0010000001689347967,0.001,False,128.0,128.0,,
train,,,,,,,388.4397130012512,9.0,310.0,4062.0,0.5372599959373474,0.9999990463256836,0.0009566551753001504,0.001,False,128.0,128.0,,
train,,,,,,,388.54097270965576,9.0,311.0,4063.0,0.5654129385948181,0.9566549062728882,0.0009999987025791541,0.001,False,128.0,128.0,,
train,,,,,,,388.63578391075134,9.0,312.0,4064.0,0.48417240381240845,0.9999989867210388,0.00099999802992168,0.001,False,128.0,128.0,,
train,,,,,,,388.73766708374023,9.0,313.0,4065.0,0.4416338801383972,0.9999990463256836,0.0009999979562582346,0.001,False,128.0,128.0,,
train,,,,,,,388.82680773735046,9.0,314.0,4066.0,0.4671536386013031,0.9999991059303284,0.0009999996031928346,0.001,False,128.0,128.0,,
train,,,,,,,388.9229645729065,9.0,315.0,4067.0,0.48493650555610657,0.9999992251396179,0.0009141582874793845,0.001,False,128.0,128.0,,
train,,,,,,,389.01220703125,9.0,316.0,4068.0,0.5584213733673096,0.9141578078269958,0.001000000328140739,0.001,False,128.0,128.0,,
train,,,,,,,389.1033511161804,9.0,317.0,4069.0,0.5604302287101746,0.9999992251396179,0.000999998138557211,0.001,False,128.0,128.0,,
train,,,,,,,389.19300508499146,9.0,318.0,4070.0,0.5909513235092163,0.9999991655349731,0.0009999996094933526,0.001,False,128.0,128.0,,
train,,,,,,,389.28664469718933,9.0,319.0,4071.0,0.45176538825035095,0.9999991655349731,0.0008687096366385686,0.001,False,128.0,128.0,,
train,,,,,,,389.38231325149536,9.0,320.0,4072.0,0.5687397718429565,0.8687096834182739,0.0010000004602017157,0.001,False,128.0,128.0,,
train,,,,,,,389.49770617485046,9.0,321.0,4073.0,0.45937326550483704,0.9999991059303284,0.0009999996498499745,0.001,False,128.0,128.0,,
train,,,,,,,389.6247646808624,9.0,322.0,4074.0,0.37576550245285034,0.9999989867210388,0.0009821093136239993,0.001,False,128.0,128.0,,
train,,,,,,,389.7191822528839,9.0,323.0,4075.0,0.40154698491096497,0.9821118116378784,0.0010000009790640729,0.001,False,128.0,128.0,,
train,,,,,,,389.8174817562103,9.0,324.0,4076.0,0.49009472131729126,0.9999989867210388,0.0008617896726916825,0.001,False,128.0,128.0,,
train,,,,,,,389.90589213371277,9.0,325.0,4077.0,0.5491703152656555,0.8617872595787048,0.0009865863593083836,0.001,False,128.0,128.0,,
train,,,,,,,389.99549317359924,9.0,326.0,4078.0,0.46946054697036743,0.9865867495536804,0.000999999038088931,0.001,False,128.0,128.0,,
train,,,,,,,390.0947105884552,9.0,327.0,4079.0,0.4411364495754242,0.9999991059303284,0.0009999996430776117,0.001,False,128.0,128.0,,
train,,,,,,,390.19996428489685,9.0,328.0,4080.0,0.5557122230529785,0.9999992847442627,0.0009418672911280606,0.001,False,128.0,128.0,,
train,,,,,,,390.2908790111542,9.0,329.0,4081.0,0.4058266282081604,0.9418677687644958,0.0008601617823732413,0.001,False,128.0,128.0,,
train,,,,,,,390.3919606208801,9.0,330.0,4082.0,0.4606645703315735,0.860160231590271,0.000932405963448747,0.001,False,128.0,128.0,,
train,,,,,,,390.5128548145294,9.0,331.0,4083.0,0.4262763559818268,0.9324051737785339,0.0009576428977814015,0.001,False,128.0,128.0,,
train,,,,,,,390.6245222091675,9.0,332.0,4084.0,0.546599268913269,0.9576429724693298,0.0009999979327492137,0.001,False,128.0,128.0,,
train,,,,,,,390.71905303001404,9.0,333.0,4085.0,0.40378671884536743,0.9999992847442627,0.001000000372244333,0.001,False,128.0,128.0,,
train,,,,,,,390.8217384815216,9.0,334.0,4086.0,0.5303432941436768,0.9999991655349731,0.0009040489082589696,0.001,False,128.0,128.0,,
train,,,,,,,390.9105887413025,9.0,335.0,4087.0,0.5161369442939758,0.9040487408638,0.0009595336311447576,0.001,False,128.0,128.0,,
train,,,,,,,391.0018079280853,9.0,336.0,4088.0,0.44572198390960693,0.9595305919647217,0.0008772497196490035,0.001,False,128.0,128.0,,
train,,,,,,,391.10658740997314,9.0,337.0,4089.0,0.368624210357666,0.877252459526062,0.0008659719351463174,0.001,False,128.0,128.0,,
train,,,,,,,391.1961479187012,9.0,338.0,4090.0,0.439212441444397,0.8659719228744507,0.0009999994070995957,0.001,False,128.0,128.0,,
train,,,,,,,391.28495478630066,9.0,339.0,4091.0,0.4496144652366638,0.9999991059303284,0.0009940645745799678,0.001,False,128.0,128.0,,
train,,,,,,,391.3775374889374,9.0,340.0,4092.0,0.41412457823753357,0.9940641522407532,0.00099999825829498,0.001,False,128.0,128.0,,
train,,,,,,,391.4728946685791,9.0,341.0,4093.0,0.4054774343967438,0.9999991059303284,0.0009434517367013788,0.001,False,128.0,128.0,,
train,,,,,,,391.55989384651184,9.0,342.0,4094.0,0.4858677089214325,0.9434512853622437,0.0009164039578473867,0.001,False,128.0,128.0,,
train,,,,,,,391.6504418849945,9.0,343.0,4095.0,0.5108495354652405,0.9164013266563416,0.001000000242042968,0.001,False,128.0,128.0,,
train,,,,,,,391.76629400253296,9.0,344.0,4096.0,0.5048776865005493,0.9999990463256836,0.0009999991953244059,0.001,False,128.0,128.0,,
train,,,,,,,391.86387753486633,9.0,345.0,4097.0,0.4207311272621155,0.9999992251396179,0.0008538888714264678,0.001,False,128.0,128.0,,
train,,,,,,,391.96127367019653,9.0,346.0,4098.0,0.41784530878067017,0.8538875579833984,0.0009999980305878153,0.001,False,128.0,128.0,,
train,,,,,,,392.06032538414,9.0,347.0,4099.0,0.486000657081604,0.9999989867210388,0.0010000000986576888,0.001,False,128.0,128.0,,
train,,,,,,,392.1705856323242,9.0,348.0,4100.0,0.5867758989334106,0.9999991059303284,0.0009999975426437159,0.001,False,128.0,128.0,,
train,,,,,,,392.28686022758484,9.0,349.0,4101.0,0.5149089097976685,0.9999992251396179,0.0009999984562480706,0.001,False,128.0,128.0,,
train,,,,,,,392.3900692462921,9.0,350.0,4102.0,0.5171820521354675,0.9999991059303284,0.0009999976016244571,0.001,False,128.0,128.0,,
train,,,,,,,392.5311143398285,9.0,351.0,4103.0,0.42170149087905884,0.9999991059303284,0.0009999985996890963,0.001,False,128.0,128.0,,
train,,,,,,,392.67137932777405,9.0,352.0,4104.0,0.48239052295684814,0.9999990463256836,0.0009999996923160193,0.001,False,128.0,128.0,,
train,,,,,,,392.80557346343994,9.0,353.0,4105.0,0.5612503290176392,0.9999991655349731,0.0010000008427843207,0.001,False,128.0,128.0,,
train,,,,,,,392.9038679599762,9.0,354.0,4106.0,0.4175703227519989,0.9999991655349731,0.0009521194474385933,0.001,False,128.0,128.0,,
train,,,,,,,393.0240728855133,9.0,355.0,4107.0,0.39177024364471436,0.9521178007125854,0.0008305585198076309,0.001,False,128.0,128.0,,
train,,,,,,,393.12349462509155,9.0,356.0,4108.0,0.5562215447425842,0.8305603861808777,0.0009461473271375919,0.001,False,128.0,128.0,,
train,,,,,,,393.22067880630493,9.0,357.0,4109.0,0.5014699101448059,0.9461463689804077,0.0009561094119329141,0.001,False,128.0,128.0,,
train,,,,,,,393.3187379837036,9.0,358.0,4110.0,0.4826701283454895,0.9561082720756531,0.0008267787031713017,0.001,False,128.0,128.0,,
train,,,,,,,393.42605805397034,9.0,359.0,4111.0,0.3335050940513611,0.8267788887023926,0.0009700663886194261,0.001,False,128.0,128.0,,
train,,,,,,,393.519651889801,9.0,360.0,4112.0,0.5055581331253052,0.9700654745101929,0.0009999996987136814,0.001,False,128.0,128.0,,
train,,,,,,,393.61154556274414,9.0,361.0,4113.0,0.4552447199821472,0.9999991059303284,0.0009807947299755996,0.001,False,128.0,128.0,,
train,,,,,,,393.9521818161011,9.0,362.0,4114.0,0.34075838327407837,0.9807939529418945,0.0010000002506471942,0.001,False,128.0,128.0,,
train,,,,,,,394.05447006225586,9.0,363.0,4115.0,0.42838364839553833,0.9999990463256836,0.0008565285394513928,0.001,False,128.0,128.0,,
train,,,,,,,394.163920879364,9.0,364.0,4116.0,0.4387893080711365,0.8565286993980408,0.0009853320792476518,0.001,False,128.0,128.0,,
train,,,,,,,394.26194190979004,9.0,365.0,4117.0,0.4895588755607605,0.9853339195251465,0.0008264803221633301,0.001,False,128.0,128.0,,
train,,,,,,,394.40831208229065,9.0,366.0,4118.0,0.3582395911216736,0.8264815807342529,0.0009999999455024258,0.001,False,128.0,128.0,,
train,,,,,,,394.51397490501404,9.0,367.0,4119.0,0.4707992672920227,0.9999991655349731,0.0009487580273657443,0.001,False,128.0,128.0,,
train,,,,,,,394.60242533683777,9.0,368.0,4120.0,0.3455102741718292,0.9487599730491638,0.0007729236860489791,0.001,False,128.0,128.0,,
train,,,,,,,394.706680059433,9.0,369.0,4121.0,0.5852941274642944,0.7729238271713257,0.000999999867314962,0.001,False,128.0,128.0,,
train,,,,,,,394.81360483169556,9.0,370.0,4122.0,0.38898080587387085,0.9999991655349731,0.0007786593939162246,0.001,False,128.0,128.0,,
train,,,,,,,394.97340273857117,9.0,371.0,4123.0,0.47339293360710144,0.7786573767662048,0.0009486670748028344,0.001,False,128.0,128.0,,
train,,,,,,,395.0993685722351,9.0,372.0,4124.0,0.433415025472641,0.9486656785011292,0.0008743944252961137,0.001,False,128.0,128.0,,
train,,,,,,,395.1938097476959,9.0,373.0,4125.0,0.5000100135803223,0.8743945956230164,0.0008630959829142266,0.001,False,128.0,128.0,,
train,,,,,,,395.2797501087189,9.0,374.0,4126.0,0.4294581413269043,0.8630948662757874,0.0009999973773588433,0.001,False,128.0,128.0,,
train,,,,,,,395.3862829208374,9.0,375.0,4127.0,0.4417715072631836,0.9999989867210388,0.0009999995984188736,0.001,False,128.0,128.0,,
train,,,,,,,395.48495841026306,9.0,376.0,4128.0,0.4376201033592224,0.9999990463256836,0.0009357032529568232,0.001,False,128.0,128.0,,
train,,,,,,,395.58974957466125,9.0,377.0,4129.0,0.4784117341041565,0.9357025623321533,0.0009999981588743301,0.001,False,128.0,128.0,,
train,,,,,,,395.7233576774597,9.0,378.0,4130.0,0.3231659531593323,0.9999991655349731,0.0008873523476958538,0.001,False,128.0,128.0,,
train,,,,,,,395.82084560394287,9.0,379.0,4131.0,0.5497680306434631,0.8873535990715027,0.0008981768277458555,0.001,False,128.0,128.0,,
train,,,,,,,395.9185690879822,9.0,380.0,4132.0,0.6259074807167053,0.8981745839118958,0.000936538225177617,0.001,False,128.0,128.0,,
train,,,,,,,396.0092453956604,9.0,381.0,4133.0,0.5361591577529907,0.9365385174751282,0.0009999971350797589,0.001,False,128.0,128.0,,
train,,,,,,,396.11489176750183,9.0,382.0,4134.0,0.6063457727432251,0.9999992847442627,0.0009999967592126064,0.001,False,128.0,128.0,,
train,,,,,,,396.5594811439514,9.0,383.0,4135.0,0.4137602150440216,0.9999992251396179,0.0009420881550387223,0.001,False,128.0,128.0,,
train,,,,,,,396.67703676223755,9.0,384.0,4136.0,0.4264250695705414,0.942087709903717,0.0009999996246479027,0.001,False,128.0,128.0,,
train,,,,,,,396.7646789550781,9.0,385.0,4137.0,0.39984312653541565,0.9999991059303284,0.001000005760723015,0.001,False,128.0,128.0,,
train,,,,,,,396.8756446838379,9.0,386.0,4138.0,0.521277904510498,0.9999991059303284,0.0009178191733154396,0.001,False,128.0,128.0,,
train,,,,,,,396.9919271469116,9.0,387.0,4139.0,0.45873764157295227,0.9178200364112854,0.0010000016547449158,0.001,False,128.0,128.0,,
train,,,,,,,397.078599691391,9.0,388.0,4140.0,0.3518195152282715,0.9999990463256836,0.0008902747764099538,0.001,False,128.0,128.0,,
train,,,,,,,397.17360281944275,9.0,389.0,4141.0,0.6071033477783203,0.890275776386261,0.000999998933589083,0.001,False,128.0,128.0,,
train,,,,,,,397.30235385894775,9.0,390.0,4142.0,0.46249574422836304,0.9999991059303284,0.0008794949960719214,0.001,False,128.0,128.0,,
train,,,,,,,397.41059708595276,9.0,391.0,4143.0,0.5189092755317688,0.8794967532157898,0.0010000003377164093,0.001,False,128.0,128.0,,
train,,,,,,,397.51228976249695,9.0,392.0,4144.0,0.36472970247268677,0.9999992251396179,0.0008138896885505962,0.001,False,128.0,128.0,,
train,,,,,,,397.6032085418701,9.0,393.0,4145.0,0.5199407339096069,0.8138914108276367,0.000999999656455804,0.001,False,128.0,128.0,,
train,,,,,,,397.7695450782776,9.0,394.0,4146.0,0.46684789657592773,0.9999992251396179,0.0009129549507335815,0.001,False,128.0,128.0,,
train,,,,,,,397.87604689598083,9.0,395.0,4147.0,0.4211201071739197,0.9129562377929688,0.0009999973808838105,0.001,False,128.0,128.0,,
train,,,,,,,397.9657485485077,9.0,396.0,4148.0,0.5199078321456909,0.9999990463256836,0.0009845730845565435,0.001,False,128.0,128.0,,
train,,,,,,,398.08856987953186,9.0,397.0,4149.0,0.3583972454071045,0.9845728278160095,0.0008908315715619178,0.001,False,128.0,128.0,,
train,,,,,,,398.2010235786438,9.0,398.0,4150.0,0.541253387928009,0.8908315896987915,0.0009999998859944667,0.001,False,128.0,128.0,,
train,,,,,,,398.3086655139923,9.0,399.0,4151.0,0.44733449816703796,0.9999991059303284,0.0009999978013817941,0.001,False,128.0,128.0,,
train,,,,,,,398.4116590023041,9.0,400.0,4152.0,0.43152135610580444,0.9999991655349731,0.000999998145329584,0.001,False,128.0,128.0,,
train,,,,,,,398.51254653930664,9.0,401.0,4153.0,0.527936577796936,0.9999989867210388,0.0009999987710522455,0.001,False,128.0,128.0,,
train,,,,,,,398.630619764328,9.0,402.0,4154.0,0.43402427434921265,0.9999991059303284,0.0008226137510299093,0.001,False,128.0,128.0,,
train,,,,,,,398.73262572288513,9.0,403.0,4155.0,0.5069624781608582,0.8226133584976196,0.000979584376558301,0.001,False,128.0,128.0,,
train,,,,,,,398.82698917388916,9.0,404.0,4156.0,0.5016394257545471,0.9795840382575989,0.0009075105554536127,0.001,False,128.0,128.0,,
train,,,,,,,398.9230501651764,9.0,405.0,4157.0,0.47047245502471924,0.9075111746788025,0.0009126768226310147,0.001,False,128.0,128.0,,
train,,,,,,,399.0312135219574,9.0,406.0,4158.0,0.4194747805595398,0.9126768708229065,0.0009617855461497512,0.001,False,128.0,128.0,,
train,,,,,,,399.13548707962036,9.0,407.0,4159.0,0.4427260160446167,0.9617868065834045,0.0009999985037101769,0.001,False,128.0,128.0,,
train,,,,,,,399.2330777645111,9.0,408.0,4160.0,0.5355361104011536,0.9999993443489075,0.0009999970892829268,0.001,False,128.0,128.0,,
train,,,,,,,399.3449881076813,9.0,409.0,4161.0,0.4992411732673645,0.9999991655349731,0.000999999355973794,0.001,False,128.0,128.0,,
train,,,,,,,399.44104409217834,9.0,410.0,4162.0,0.6103790998458862,0.9999991059303284,0.0009999989185733003,0.001,False,128.0,128.0,,
train,,,,,,,399.53715896606445,9.0,411.0,4163.0,0.7069679498672485,0.9999994039535522,0.000999999861042201,0.001,False,128.0,128.0,,
train,,,,,,,399.63639879226685,9.0,412.0,4164.0,0.5989793539047241,0.9999992251396179,0.0009606363154990773,0.001,False,128.0,128.0,,
train,,,,,,,399.73993277549744,9.0,413.0,4165.0,0.657465398311615,0.9606362581253052,0.000999999512237773,0.001,False,128.0,128.0,,
train,,,,,,,399.866858959198,9.0,414.0,4166.0,0.3887808322906494,0.9999991655349731,0.0008373873875270153,0.001,False,128.0,128.0,,
train,,,,,,,399.95988845825195,9.0,415.0,4167.0,0.3904326558113098,0.8373895287513733,0.0009409284345979931,0.001,False,128.0,128.0,,
train,,,,,,,400.06953263282776,9.0,416.0,4168.0,0.36198028922080994,0.940929651260376,0.0008732259848915673,0.001,False,128.0,128.0,,
train,,,,,,,400.2164890766144,9.0,417.0,4169.0,0.43045300245285034,0.8732263445854187,0.0009573279746649514,0.001,False,128.0,128.0,,
train,,,,,,,400.332795381546,9.0,418.0,4170.0,0.5394197106361389,0.9573261141777039,0.0009647626296288542,0.001,False,128.0,128.0,,
train,,,,,,,400.4355688095093,9.0,419.0,4171.0,0.5369913578033447,0.9647636413574219,0.0009999989218762175,0.001,False,128.0,128.0,,
train,,,,,,,400.53791785240173,9.0,420.0,4172.0,0.6047558188438416,0.9999991655349731,0.00100000001700079,0.001,False,128.0,128.0,,
train,,,,,,,400.94830322265625,9.0,421.0,4173.0,0.5613759160041809,0.9999991655349731,0.0009977800911501124,0.001,False,128.0,128.0,,
train,,,,,,,401.05014753341675,9.0,422.0,4174.0,0.41063931584358215,0.9977798461914062,0.0007928913222192428,0.001,False,128.0,128.0,,
train,,,,,,,401.14587450027466,9.0,423.0,4175.0,0.4119386374950409,0.7928908467292786,0.0008928831201185605,0.001,False,128.0,128.0,,
train,,,,,,,401.2429723739624,9.0,424.0,4176.0,0.5360625386238098,0.8928818702697754,0.0009875254428215927,0.001,False,128.0,128.0,,
train,,,,,,,401.3772783279419,9.0,425.0,4177.0,0.44428616762161255,0.9875254034996033,0.0008896564940648945,0.001,False,128.0,128.0,,
train,,,,,,,401.47210717201233,9.0,426.0,4178.0,0.5005273818969727,0.8896570205688477,0.0010000001745969333,0.001,False,128.0,128.0,,
train,,,,,,,401.56350779533386,9.0,427.0,4179.0,0.4699910581111908,0.9999991059303284,0.0009999990403926462,0.001,False,128.0,128.0,,
train,,,,,,,401.6714177131653,9.0,428.0,4180.0,0.31589579582214355,0.9999991059303284,0.0008015200637268072,0.001,False,128.0,128.0,,
train,,,,,,,401.7982585430145,9.0,429.0,4181.0,0.48643362522125244,0.8015195727348328,0.0008106222758509832,0.001,False,128.0,128.0,,
train,,,,,,,401.9452610015869,9.0,430.0,4182.0,0.4359927177429199,0.810621976852417,0.000999996961939967,0.001,False,128.0,128.0,,
train,,,,,,,402.0405683517456,9.0,431.0,4183.0,0.44282811880111694,0.9999991059303284,0.0009999989136328026,0.001,False,128.0,128.0,,
train,,,,,,,402.14460015296936,9.0,432.0,4184.0,0.5258917212486267,0.9999991655349731,0.0009999994755726391,0.001,False,128.0,128.0,,
train,,,,,,,402.2609465122223,9.0,433.0,4185.0,0.4518682062625885,0.9999992251396179,0.0008240136147426528,0.001,False,128.0,128.0,,
train,,,,,,,402.40137219429016,9.0,434.0,4186.0,0.5047079920768738,0.8240123987197876,0.000926487260719256,0.001,False,128.0,128.0,,
train,,,,,,,402.5185351371765,9.0,435.0,4187.0,0.4625992774963379,0.9264886379241943,0.0010000013595925696,0.001,False,128.0,128.0,,
train,,,,,,,402.6051015853882,9.0,436.0,4188.0,0.4388796091079712,0.9999991059303284,0.0009396994971529911,0.001,False,128.0,128.0,,
train,,,,,,,402.70591282844543,9.0,437.0,4189.0,0.47808513045310974,0.9397005438804626,0.001000000994912491,0.001,False,128.0,128.0,,
train,,,,,,,402.81067872047424,9.0,438.0,4190.0,0.47664931416511536,0.9999991059303284,0.0009999975776435821,0.001,False,128.0,128.0,,
train,,,,,,,402.9071846008301,9.0,439.0,4191.0,0.4528108835220337,0.9999990463256836,0.0009999992649909542,0.001,False,128.0,128.0,,
train,,,,,,,403.0231816768646,9.0,440.0,4192.0,0.547404408454895,0.9999990463256836,0.0009999999257959658,0.001,False,128.0,128.0,,
train,,,,,,,403.12147855758667,9.0,441.0,4193.0,0.505050778388977,0.9999991655349731,0.000999997901912705,0.001,False,128.0,128.0,,
train,,,,,,,403.2419409751892,9.0,442.0,4194.0,0.46410703659057617,0.9999993443489075,0.00099999709194747,0.001,False,128.0,128.0,,
train,,,,,,,403.3501660823822,9.0,443.0,4195.0,0.5045320987701416,0.9999990463256836,0.0009999991806139388,0.001,False,128.0,128.0,,
train,,,,,,,403.48064255714417,9.0,444.0,4196.0,0.41967636346817017,0.9999991655349731,0.0008292325769422124,0.001,False,128.0,128.0,,
train,,,,,,,403.5885374546051,9.0,445.0,4197.0,0.5388098955154419,0.8292356729507446,0.0009999987576185304,0.001,False,128.0,128.0,,
train,,,,,,,403.6855139732361,9.0,446.0,4198.0,0.5589182376861572,0.9999992847442627,0.0009999980945367853,0.001,False,128.0,128.0,,
train,,,,,,,403.8089427947998,9.0,447.0,4199.0,0.47927266359329224,0.9999991059303284,0.000899358679828633,0.001,False,128.0,128.0,,
train,,,,,,,403.9124209880829,9.0,448.0,4200.0,0.49082061648368835,0.8993587493896484,0.001000000629177568,0.001,False,128.0,128.0,,
train,,,,,,,404.06117272377014,9.0,449.0,4201.0,0.5043306946754456,0.9999990463256836,0.000988981903971108,0.001,False,128.0,128.0,,
train,,,,,,,404.154048204422,9.0,450.0,4202.0,0.49157318472862244,0.9889824986457825,0.0009999985267473389,0.001,False,128.0,128.0,,
train,,,,,,,404.2717401981354,9.0,451.0,4203.0,0.4437572658061981,0.9999991655349731,0.0009999996926490862,0.001,False,128.0,128.0,,
train,,,,,,,404.41259002685547,9.0,452.0,4204.0,0.5094896554946899,0.9999990463256836,0.0009999983075334557,0.001,False,128.0,128.0,,
train,,,,,,,404.50321865081787,9.0,453.0,4205.0,0.47861936688423157,0.9999991655349731,0.0009999997141319082,0.001,False,128.0,128.0,,
train,,,,,,,404.6333055496216,9.0,454.0,4206.0,0.5225648880004883,0.9999991655349731,0.0010000014939016083,0.001,False,128.0,128.0,,
train,,,,,,,404.7396922111511,9.0,455.0,4207.0,0.41964027285575867,0.9999990463256836,0.0009773762416587855,0.001,False,128.0,128.0,,
train,,,,,,,404.83956027030945,9.0,456.0,4208.0,0.4531659185886383,0.9773751497268677,0.0009665364844800565,0.001,False,128.0,128.0,,
train,,,,,,,404.9856765270233,9.0,457.0,4209.0,0.47930189967155457,0.9665369987487793,0.000999999915387624,0.001,False,128.0,128.0,,
train,,,,,,,405.10586953163147,9.0,458.0,4210.0,0.43145978450775146,0.9999991059303284,0.0008782432681155867,0.001,False,128.0,128.0,,
train,,,,,,,405.20026564598083,9.0,459.0,4211.0,0.5135674476623535,0.878242015838623,0.000999998488250298,0.001,False,128.0,128.0,,
train,,,,,,,405.29200553894043,9.0,460.0,4212.0,0.456458181142807,0.9999990463256836,0.0009999986975553882,0.001,False,128.0,128.0,,
train,,,,,,,405.42373275756836,9.0,461.0,4213.0,0.376115620136261,0.9999992251396179,0.0009606429615958865,0.001,False,128.0,128.0,,
train,,,,,,,405.5228533744812,9.0,462.0,4214.0,0.40469229221343994,0.9606428742408752,0.0010000008140850793,0.001,False,128.0,128.0,,
train,,,,,,,405.61004281044006,9.0,463.0,4215.0,0.5695991516113281,0.9999991059303284,0.0009999984810615931,0.001,False,128.0,128.0,,
train,,,,,,,405.7189619541168,9.0,464.0,4216.0,0.454754114151001,0.9999991655349731,0.0008869221370327214,0.001,False,128.0,128.0,,
train,,,,,,,405.839519739151,9.0,465.0,4217.0,0.39343106746673584,0.8869222402572632,0.0009999996422449442,0.001,False,128.0,128.0,,
train,,,,,,,405.94495844841003,9.0,466.0,4218.0,0.4096299409866333,0.9999992251396179,0.001000000883501715,0.001,False,128.0,128.0,,
train,,,,,,,406.04105257987976,9.0,467.0,4219.0,0.41302284598350525,0.9999991059303284,0.0009441443649934664,0.001,False,128.0,128.0,,
train,,,,,,,406.1424021720886,9.0,468.0,4220.0,0.5262919664382935,0.9441456198692322,0.0009875051385341072,0.001,False,128.0,128.0,,
train,,,,,,,406.2283911705017,9.0,469.0,4221.0,0.5019424557685852,0.9875050783157349,0.0009999999323740377,0.001,False,128.0,128.0,,
eval,,,,,,,413.6572961807251,9.0,,4221.0,,,,,False,128.0,128.0,0.45001423420906067,0.8866
train,,,,,,,413.78702044487,10.0,1.0,4222.0,0.6438884139060974,0.9999991655349731,0.0009665510204924504,0.001,False,128.0,128.0,,
train,,,,,,,413.87931275367737,10.0,2.0,4223.0,0.44422999024391174,0.9665518999099731,0.0009391004279528988,0.001,False,128.0,128.0,,
train,,,,,,,414.1427175998688,10.0,3.0,4224.0,0.4261910915374756,0.9391003847122192,0.0009999992672946687,0.001,False,128.0,128.0,,
train,,,,,,,414.2531440258026,10.0,4.0,4225.0,0.40017178654670715,0.9999992847442627,0.0009631471996728049,0.001,False,128.0,128.0,,
train,,,,,,,414.3858218193054,10.0,5.0,4226.0,0.4746311604976654,0.9631471037864685,0.0010000016986541629,0.001,False,128.0,128.0,,
train,,,,,,,414.510409116745,10.0,6.0,4227.0,0.5441040992736816,0.9999991655349731,0.0010000016344278678,0.001,False,128.0,128.0,,
train,,,,,,,414.60712933540344,10.0,7.0,4228.0,0.5202587246894836,0.9999991059303284,0.0009999993895025503,0.001,False,128.0,128.0,,
train,,,,,,,414.7305805683136,10.0,8.0,4229.0,0.48209983110427856,0.9999990463256836,0.0009999976472824875,0.001,False,128.0,128.0,,
train,,,,,,,414.83026456832886,10.0,9.0,4230.0,0.4082486927509308,0.9999991655349731,0.0009486948680330676,0.001,False,128.0,128.0,,
train,,,,,,,414.9369170665741,10.0,10.0,4231.0,0.46629512310028076,0.9486916661262512,0.0010000003869825383,0.001,False,128.0,128.0,,
train,,,,,,,415.066202878952,10.0,11.0,4232.0,0.49696287512779236,0.9999991655349731,0.0009999995916465103,0.001,False,128.0,128.0,,
train,,,,,,,415.1673152446747,10.0,12.0,4233.0,0.5156497955322266,0.9999991655349731,0.0009999965266201019,0.001,False,128.0,128.0,,
train,,,,,,,415.2877507209778,10.0,13.0,4234.0,0.4395293891429901,0.9999991059303284,0.0009944327090419,0.001,False,128.0,128.0,,
train,,,,,,,415.40531516075134,10.0,14.0,4235.0,0.5717576742172241,0.9944345355033875,0.001000000175457356,0.001,False,128.0,128.0,,
train,,,,,,,415.508455991745,10.0,15.0,4236.0,0.37298858165740967,0.9999992251396179,0.0008853960038953841,0.001,False,128.0,128.0,,
train,,,,,,,415.6063320636749,10.0,16.0,4237.0,0.45431146025657654,0.8853963017463684,0.0010000004624221607,0.001,False,128.0,128.0,,
train,,,,,,,415.702956199646,10.0,17.0,4238.0,0.5097469091415405,0.9999992847442627,0.0009441618715411787,0.001,False,128.0,128.0,,
train,,,,,,,415.82401990890503,10.0,18.0,4239.0,0.4598093628883362,0.9441613554954529,0.001000002010515232,0.001,False,128.0,128.0,,
train,,,,,,,415.9391529560089,10.0,19.0,4240.0,0.5321385264396667,0.9999991059303284,0.000999998979496853,0.001,False,128.0,128.0,,
train,,,,,,,416.0536570549011,10.0,20.0,4241.0,0.41101086139678955,0.9999991655349731,0.0009536478046309827,0.001,False,128.0,128.0,,
train,,,,,,,416.19340229034424,10.0,21.0,4242.0,0.5169273614883423,0.9536468982696533,0.0009953869474920193,0.001,False,128.0,128.0,,
train,,,,,,,416.28480672836304,10.0,22.0,4243.0,0.4592670500278473,0.9953863620758057,0.0009999973238737072,0.001,False,128.0,128.0,,
train,,,,,,,416.39361596107483,10.0,23.0,4244.0,0.5272336602210999,0.9999991059303284,0.0009999995683040615,0.001,False,128.0,128.0,,
train,,,,,,,416.50621247291565,10.0,24.0,4245.0,0.4737185835838318,0.9999990463256836,0.0009999988525427124,0.001,False,128.0,128.0,,
train,,,,,,,416.6217420101166,10.0,25.0,4246.0,0.43520066142082214,0.9999992847442627,0.0009999962781512951,0.001,False,128.0,128.0,,
train,,,,,,,416.73528480529785,10.0,26.0,4247.0,0.4158291816711426,0.9999990463256836,0.0009999979277809552,0.001,False,128.0,128.0,,
train,,,,,,,416.83319187164307,10.0,27.0,4248.0,0.46887803077697754,0.9999989867210388,0.0009999997269827432,0.001,False,128.0,128.0,,
train,,,,,,,416.93313002586365,10.0,28.0,4249.0,0.4032096862792969,0.9999991059303284,0.0008921877157365337,0.001,False,128.0,128.0,,
train,,,,,,,417.04327416419983,10.0,29.0,4250.0,0.49519577622413635,0.8921865820884705,0.0009679630197216484,0.001,False,128.0,128.0,,
train,,,,,,,417.1511344909668,10.0,30.0,4251.0,0.42024216055870056,0.9679616093635559,0.0008550391962917459,0.001,False,128.0,128.0,,
train,,,,,,,417.2754864692688,10.0,31.0,4252.0,0.4436699450016022,0.8550392985343933,0.0009999984775643852,0.001,False,128.0,128.0,,
train,,,,,,,417.3908145427704,10.0,32.0,4253.0,0.4410780668258667,0.9999992251396179,0.0007939303849604718,0.001,False,128.0,128.0,,
train,,,,,,,417.4989528656006,10.0,33.0,4254.0,0.46431630849838257,0.7939296960830688,0.000999999765313203,0.001,False,128.0,128.0,,
train,,,,,,,417.62795066833496,10.0,34.0,4255.0,0.5334528684616089,0.9999992251396179,0.001000000031100622,0.001,False,128.0,128.0,,
train,,,,,,,417.73057317733765,10.0,35.0,4256.0,0.5092424750328064,0.9999992251396179,0.001000000012948476,0.001,False,128.0,128.0,,
train,,,,,,,417.84625482559204,10.0,36.0,4257.0,0.5484989881515503,0.9999991059303284,0.001000001833601533,0.001,False,128.0,128.0,,
train,,,,,,,418.14002108573914,10.0,37.0,4258.0,0.46305906772613525,0.9999991059303284,0.0008091185572004792,0.001,False,128.0,128.0,,
train,,,,,,,418.2356140613556,10.0,38.0,4259.0,0.3915291130542755,0.8091185688972473,0.0008934801208393358,0.001,False,128.0,128.0,,
train,,,,,,,418.32779598236084,10.0,39.0,4260.0,0.4051527678966522,0.893480122089386,0.0009042755706699048,0.001,False,128.0,128.0,,
train,,,,,,,418.47913908958435,10.0,40.0,4261.0,0.5063491463661194,0.9042739272117615,0.0009999959887427893,0.001,False,128.0,128.0,,
train,,,,,,,418.58195877075195,10.0,41.0,4262.0,0.4154491126537323,0.9999989867210388,0.0009433417023195539,0.001,False,128.0,128.0,,
train,,,,,,,418.6731917858124,10.0,42.0,4263.0,0.6387252807617188,0.9433431625366211,0.0009999984022633912,0.001,False,128.0,128.0,,
train,,,,,,,418.7605891227722,10.0,43.0,4264.0,0.45394691824913025,0.9999991655349731,0.0009940443603581094,0.001,False,128.0,128.0,,
train,,,,,,,418.8919439315796,10.0,44.0,4265.0,0.46692487597465515,0.9940436482429504,0.001000000407521656,0.001,False,128.0,128.0,,
train,,,,,,,418.98397278785706,10.0,45.0,4266.0,0.4191819727420807,0.9999991059303284,0.0008370778527456409,0.001,False,128.0,128.0,,
train,,,,,,,419.1146686077118,10.0,46.0,4267.0,0.4837062954902649,0.8370797038078308,0.0009456943847338531,0.001,False,128.0,128.0,,
train,,,,,,,419.21759390830994,10.0,47.0,4268.0,0.6382410526275635,0.9456942677497864,0.0009999983029815335,0.001,False,128.0,128.0,,
train,,,,,,,419.3199112415314,10.0,48.0,4269.0,0.2883504331111908,0.9999992251396179,0.0006458222399696519,0.001,False,128.0,128.0,,
train,,,,,,,419.42773509025574,10.0,49.0,4270.0,0.5085991024971008,0.6458230018615723,0.000969912934203592,0.001,False,128.0,128.0,,
train,,,,,,,419.5194399356842,10.0,50.0,4271.0,0.42002207040786743,0.9699115753173828,0.0010000002875620998,0.001,False,128.0,128.0,,
train,,,,,,,419.610951423645,10.0,51.0,4272.0,0.35815414786338806,0.9999991655349731,0.0007519689831982582,0.001,False,128.0,128.0,,
train,,,,,,,419.73997163772583,10.0,52.0,4273.0,0.410196989774704,0.7519684433937073,0.0009999989332560156,0.001,False,128.0,128.0,,
train,,,,,,,419.8467514514923,10.0,53.0,4274.0,0.4801087975502014,0.9999989867210388,0.0008550402106703519,0.001,False,128.0,128.0,,
train,,,,,,,419.9746370315552,10.0,54.0,4275.0,0.4376751780509949,0.8550403714179993,0.0008720764914178423,0.001,False,128.0,128.0,,
train,,,,,,,420.0917053222656,10.0,55.0,4276.0,0.4207867383956909,0.8720762729644775,0.0009999988112701233,0.001,False,128.0,128.0,,
train,,,,,,,420.19616770744324,10.0,56.0,4277.0,0.6185986995697021,0.9999992251396179,0.0009999994509534303,0.001,False,128.0,128.0,,
train,,,,,,,420.29578590393066,10.0,57.0,4278.0,0.41824185848236084,0.9999991059303284,0.0009999976269653582,0.001,False,128.0,128.0,,
train,,,,,,,420.395290851593,10.0,58.0,4279.0,0.43267112970352173,0.9999993443489075,0.0008645719894870065,0.001,False,128.0,128.0,,
train,,,,,,,420.515319108963,10.0,59.0,4280.0,0.46159136295318604,0.86457359790802,0.0010000008638785401,0.001,False,128.0,128.0,,
train,,,,,,,420.61475467681885,10.0,60.0,4281.0,0.4589577913284302,0.9999989867210388,0.000999998559859789,0.001,False,128.0,128.0,,
train,,,,,,,420.74923753738403,10.0,61.0,4282.0,0.5315999388694763,0.9999990463256836,0.0009493502886002986,0.001,False,128.0,128.0,,
train,,,,,,,420.86457347869873,10.0,62.0,4283.0,0.45060765743255615,0.949350893497467,0.0010000005191822849,0.001,False,128.0,128.0,,
train,,,,,,,420.9804549217224,10.0,63.0,4284.0,0.5232560634613037,0.9999989867210388,0.00095480310491144,0.001,False,128.0,128.0,,
train,,,,,,,421.0859456062317,10.0,64.0,4285.0,0.4350281357765198,0.9548039436340332,0.0009584584275001458,0.001,False,128.0,128.0,,
train,,,,,,,421.2092797756195,10.0,65.0,4286.0,0.4121004343032837,0.9584575891494751,0.0009157259496664507,0.001,False,128.0,128.0,,
train,,,,,,,421.35072684288025,10.0,66.0,4287.0,0.4546157717704773,0.9157251715660095,0.000999998243084898,0.001,False,128.0,128.0,,
train,,,,,,,421.4732127189636,10.0,67.0,4288.0,0.40805551409721375,0.9999990463256836,0.0009999993198360104,0.001,False,128.0,128.0,,
train,,,,,,,421.5882911682129,10.0,68.0,4289.0,0.4747598469257355,0.9999989867210388,0.0009913419613188285,0.001,False,128.0,128.0,,
train,,,,,,,421.6944568157196,10.0,69.0,4290.0,0.449669748544693,0.9913410544395447,0.0009209711454398052,0.001,False,128.0,128.0,,
train,,,,,,,421.8171377182007,10.0,70.0,4291.0,0.37346985936164856,0.9209715127944946,0.0007739962876661326,0.001,False,128.0,128.0,,
train,,,,,,,421.94233798980713,10.0,71.0,4292.0,0.3707822561264038,0.7739959955215454,0.0008418956703197993,0.001,False,128.0,128.0,,
train,,,,,,,422.0541124343872,10.0,72.0,4293.0,0.5480020046234131,0.8418946266174316,0.0009999988721936823,0.001,False,128.0,128.0,,
train,,,,,,,422.1608769893646,10.0,73.0,4294.0,0.4633459746837616,0.9999991059303284,0.0010000017138086811,0.001,False,128.0,128.0,,
train,,,,,,,422.25869846343994,10.0,74.0,4295.0,0.4996300935745239,0.9999991655349731,0.0009999998908794485,0.001,False,128.0,128.0,,
train,,,,,,,422.3714997768402,10.0,75.0,4296.0,0.39669039845466614,0.9999992251396179,0.0008228643197636051,0.001,False,128.0,128.0,,
train,,,,,,,422.4871275424957,10.0,76.0,4297.0,0.4984648823738098,0.8228636980056763,0.0009999981768877317,0.001,False,128.0,128.0,,
train,,,,,,,422.59584951400757,10.0,77.0,4298.0,0.5672442317008972,0.9999990463256836,0.0009999982561855526,0.001,False,128.0,128.0,,
train,,,,,,,422.70174741744995,10.0,78.0,4299.0,0.5087004899978638,0.9999991059303284,0.0009999992724016983,0.001,False,128.0,128.0,,
train,,,,,,,422.8014373779297,10.0,79.0,4300.0,0.46761149168014526,0.9999991655349731,0.0009999990653726878,0.001,False,128.0,128.0,,
train,,,,,,,423.14135789871216,10.0,80.0,4301.0,0.4353458881378174,0.9999991059303284,0.0008334452451952728,0.001,False,128.0,128.0,,
train,,,,,,,423.24110674858093,10.0,81.0,4302.0,0.6279489398002625,0.8334469795227051,0.0009999987323886805,0.001,False,128.0,128.0,,
train,,,,,,,423.33688712120056,10.0,82.0,4303.0,0.502380907535553,0.9999992251396179,0.0009106542782095931,0.001,False,128.0,128.0,,
train,,,,,,,423.44701981544495,10.0,83.0,4304.0,0.5511818528175354,0.9106554985046387,0.0010000011127625408,0.001,False,128.0,128.0,,
train,,,,,,,423.54723072052,10.0,84.0,4305.0,0.5685863494873047,0.9999992251396179,0.0009999984798958572,0.001,False,128.0,128.0,,
train,,,,,,,423.6656596660614,10.0,85.0,4306.0,0.44478660821914673,0.9999992251396179,0.0008191047520742449,0.001,False,128.0,128.0,,
train,,,,,,,423.77629470825195,10.0,86.0,4307.0,0.3773171901702881,0.8191052675247192,0.0010000009543061233,0.001,False,128.0,128.0,,
train,,,,,,,423.88805079460144,10.0,87.0,4308.0,0.4138469099998474,0.9999991059303284,0.0007999654095922872,0.001,False,128.0,128.0,,
train,,,,,,,423.9800834655762,10.0,88.0,4309.0,0.5310136675834656,0.7999645471572876,0.000999996090078797,0.001,False,128.0,128.0,,
train,,,,,,,424.0714645385742,10.0,89.0,4310.0,0.4166351854801178,0.9999992847442627,0.0008615341474391926,0.001,False,128.0,128.0,,
train,,,,,,,424.1622745990753,10.0,90.0,4311.0,0.36299049854278564,0.8615314364433289,0.0009314646344915411,0.001,False,128.0,128.0,,
train,,,,,,,424.25411558151245,10.0,91.0,4312.0,0.6527494192123413,0.9314650893211365,0.0010000006115805438,0.001,False,128.0,128.0,,
train,,,,,,,424.34516286849976,10.0,92.0,4313.0,0.5021054744720459,0.9999993443489075,0.0009999983530526758,0.001,False,128.0,128.0,,
train,,,,,,,424.43485260009766,10.0,93.0,4314.0,0.4034990966320038,0.9999993443489075,0.0009999995426023872,0.001,False,128.0,128.0,,
train,,,,,,,424.5237708091736,10.0,94.0,4315.0,0.4708951711654663,0.9999991059303284,0.001000000877062427,0.001,False,128.0,128.0,,
train,,,,,,,424.61314940452576,10.0,95.0,4316.0,0.47034117579460144,0.9999991655349731,0.0009999973229855264,0.001,False,128.0,128.0,,
train,,,,,,,424.702597618103,10.0,96.0,4317.0,0.4690375328063965,0.9999992251396179,0.0009999975020094525,0.001,False,128.0,128.0,,
train,,,,,,,424.7915699481964,10.0,97.0,4318.0,0.5307738184928894,0.9999992251396179,0.0010000009840600715,0.001,False,128.0,128.0,,
train,,,,,,,424.8826162815094,10.0,98.0,4319.0,0.47363680601119995,0.9999992251396179,0.0009999992524454247,0.001,False,128.0,128.0,,
train,,,,,,,424.98711585998535,10.0,99.0,4320.0,0.38303670287132263,0.9999991059303284,0.000768883865585041,0.001,False,128.0,128.0,,
train,,,,,,,425.08272647857666,10.0,100.0,4321.0,0.4251534640789032,0.7688832879066467,0.0009999995399378506,0.001,False,128.0,128.0,,
train,,,,,,,425.1862678527832,10.0,101.0,4322.0,0.409361332654953,0.9999991059303284,0.0009999997733623218,0.001,False,128.0,128.0,,
train,,,,,,,425.2838797569275,10.0,102.0,4323.0,0.4925724267959595,0.9999990463256836,0.0009702783212659186,0.001,False,128.0,128.0,,
train,,,,,,,425.3748598098755,10.0,103.0,4324.0,0.44356614351272583,0.9702780842781067,0.0009999976714854062,0.001,False,128.0,128.0,,
train,,,,,,,425.4636776447296,10.0,104.0,4325.0,0.35392388701438904,0.9999991059303284,0.0008719377616224874,0.001,False,128.0,128.0,,
train,,,,,,,425.56586623191833,10.0,105.0,4326.0,0.4626648724079132,0.8719374537467957,0.000999998269952342,0.001,False,128.0,128.0,,
train,,,,,,,425.66165041923523,10.0,106.0,4327.0,0.40128782391548157,0.9999989867210388,0.0008088546879561529,0.001,False,128.0,128.0,,
train,,,,,,,425.76839208602905,10.0,107.0,4328.0,0.47461432218551636,0.8088528513908386,0.0009999994921427262,0.001,False,128.0,128.0,,
train,,,,,,,425.91012358665466,10.0,108.0,4329.0,0.46817755699157715,0.9999992847442627,0.0009999986939471588,0.001,False,128.0,128.0,,
train,,,,,,,426.0281538963318,10.0,109.0,4330.0,0.5991775393486023,0.9999992847442627,0.001000000974012563,0.001,False,128.0,128.0,,
train,,,,,,,426.1254415512085,10.0,110.0,4331.0,0.40469539165496826,0.9999992251396179,0.0008971856753674279,0.001,False,128.0,128.0,,
train,,,,,,,426.21648955345154,10.0,111.0,4332.0,0.4359056353569031,0.8971870541572571,0.0009999998893806474,0.001,False,128.0,128.0,,
train,,,,,,,426.33493304252625,10.0,112.0,4333.0,0.4887925386428833,0.9999991059303284,0.0009735640281161268,0.001,False,128.0,128.0,,
train,,,,,,,426.4291844367981,10.0,113.0,4334.0,0.39149782061576843,0.9735639691352844,0.00090927138163561,0.001,False,128.0,128.0,,
train,,,,,,,426.53122305870056,10.0,114.0,4335.0,0.4660864770412445,0.9092742204666138,0.0009380054983049248,0.001,False,128.0,128.0,,
train,,,,,,,426.65397930145264,10.0,115.0,4336.0,0.40523141622543335,0.9380055069923401,0.0009999997006982055,0.001,False,128.0,128.0,,
train,,,,,,,426.7524929046631,10.0,116.0,4337.0,0.5236256122589111,0.9999993443489075,0.0009999983211337108,0.001,False,128.0,128.0,,
train,,,,,,,426.84829568862915,10.0,117.0,4338.0,0.406139612197876,0.9999991655349731,0.0008362251215346737,0.001,False,128.0,128.0,,
train,,,,,,,426.962060213089,10.0,118.0,4339.0,0.5194188356399536,0.8362246155738831,0.0009999986827894027,0.001,False,128.0,128.0,,
train,,,,,,,427.0668387413025,10.0,119.0,4340.0,0.3573209047317505,0.9999992251396179,0.0008169587684190572,0.001,False,128.0,128.0,,
train,,,,,,,427.1658389568329,10.0,120.0,4341.0,0.48721250891685486,0.8169580101966858,0.0009999973201544501,0.001,False,128.0,128.0,,
train,,,,,,,427.2660734653473,10.0,121.0,4342.0,0.6030044555664062,0.9999990463256836,0.0010000014069157606,0.001,False,128.0,128.0,,
train,,,,,,,427.3749330043793,10.0,122.0,4343.0,0.6310253739356995,0.9999991059303284,0.0009999996617848761,0.001,False,128.0,128.0,,
train,,,,,,,427.4832649230957,10.0,123.0,4344.0,0.5324467420578003,0.9999991655349731,0.0010000016807240912,0.001,False,128.0,128.0,,
train,,,,,,,427.5888638496399,10.0,124.0,4345.0,0.4624194800853729,0.9999992251396179,0.0008775335897939095,0.001,False,128.0,128.0,,
train,,,,,,,427.68855905532837,10.0,125.0,4346.0,0.4460538923740387,0.8775325417518616,0.0007659714161397415,0.001,False,128.0,128.0,,
train,,,,,,,427.78435015678406,10.0,126.0,4347.0,0.40032675862312317,0.7659741044044495,0.0010000007122221944,0.001,False,128.0,128.0,,
train,,,,,,,427.8824007511139,10.0,127.0,4348.0,0.42105546593666077,0.9999990463256836,0.0009952311088639704,0.001,False,128.0,128.0,,
train,,,,,,,427.98791790008545,10.0,128.0,4349.0,0.4746064245700836,0.9952301979064941,0.000979965428673561,0.001,False,128.0,128.0,,
train,,,,,,,428.0944583415985,10.0,129.0,4350.0,0.39710482954978943,0.9799695014953613,0.0009999976658787667,0.001,False,128.0,128.0,,
train,,,,,,,428.20188784599304,10.0,130.0,4351.0,0.4029009938240051,0.9999990463256836,0.000773396479052796,0.001,False,128.0,128.0,,
train,,,,,,,428.3048255443573,10.0,131.0,4352.0,0.39552757143974304,0.7733951807022095,0.0009999984882780536,0.001,False,128.0,128.0,,
train,,,,,,,428.43309140205383,10.0,132.0,4353.0,0.5013835430145264,0.9999991655349731,0.0009535161339226516,0.001,False,128.0,128.0,,
train,,,,,,,428.53733348846436,10.0,133.0,4354.0,0.45155370235443115,0.9535150527954102,0.0010000002307742068,0.001,False,128.0,128.0,,
train,,,,,,,428.6282465457916,10.0,134.0,4355.0,0.49900156259536743,0.9999991059303284,0.0010000006008668981,0.001,False,128.0,128.0,,
train,,,,,,,428.76713824272156,10.0,135.0,4356.0,0.4137623906135559,0.9999991059303284,0.0008933646387283326,0.001,False,128.0,128.0,,
train,,,,,,,428.88639736175537,10.0,136.0,4357.0,0.4754739999771118,0.8933645486831665,0.0009999969905560523,0.001,False,128.0,128.0,,
train,,,,,,,428.9941499233246,10.0,137.0,4358.0,0.46594154834747314,0.9999989867210388,0.0009537181552842689,0.001,False,128.0,128.0,,
train,,,,,,,429.10573053359985,10.0,138.0,4359.0,0.4694233238697052,0.9537164568901062,0.0009999986135669037,0.001,False,128.0,128.0,,
train,,,,,,,429.21089220046997,10.0,139.0,4360.0,0.5532649159431458,0.9999991059303284,0.0009934182424498395,0.001,False,128.0,128.0,,
train,,,,,,,429.30838656425476,10.0,140.0,4361.0,0.41943541169166565,0.9934183359146118,0.0009564709571364121,0.001,False,128.0,128.0,,
train,,,,,,,429.40445590019226,10.0,141.0,4362.0,0.4669063091278076,0.9564706087112427,0.0009999992365692235,0.001,False,128.0,128.0,,
train,,,,,,,429.50656390190125,10.0,142.0,4363.0,0.35689735412597656,0.9999990463256836,0.0008575766908414258,0.001,False,128.0,128.0,,
train,,,,,,,429.6116945743561,10.0,143.0,4364.0,0.5191655158996582,0.8575767874717712,0.0009999993737928848,0.001,False,128.0,128.0,,
train,,,,,,,429.7140579223633,10.0,144.0,4365.0,0.4008100628852844,0.9999989867210388,0.0009999981029744963,0.001,False,128.0,128.0,,
train,,,,,,,429.8299651145935,10.0,145.0,4366.0,0.43151384592056274,0.9999989867210388,0.0010000002898380564,0.001,False,128.0,128.0,,
train,,,,,,,429.93581652641296,10.0,146.0,4367.0,0.5013116002082825,0.9999991059303284,0.0009999995069086998,0.001,False,128.0,128.0,,
train,,,,,,,430.042040348053,10.0,147.0,4368.0,0.4724568724632263,0.9999991059303284,0.0009999998520771488,0.001,False,128.0,128.0,,
train,,,,,,,430.1759078502655,10.0,148.0,4369.0,0.4270242154598236,0.9999990463256836,0.000918742544788868,0.001,False,128.0,128.0,,
train,,,,,,,430.2709000110626,10.0,149.0,4370.0,0.4542596936225891,0.9187414646148682,0.0009667134887333849,0.001,False,128.0,128.0,,
train,,,,,,,430.3821783065796,10.0,150.0,4371.0,0.489158034324646,0.9667150378227234,0.0009999999551058554,0.001,False,128.0,128.0,,
train,,,,,,,430.4898478984833,10.0,151.0,4372.0,0.45592454075813293,0.9999991059303284,0.0008526353288068001,0.001,False,128.0,128.0,,
train,,,,,,,430.60393810272217,10.0,152.0,4373.0,0.3599778413772583,0.8526342511177063,0.0009765197864662044,0.001,False,128.0,128.0,,
train,,,,,,,430.7065317630768,10.0,153.0,4374.0,0.3919098973274231,0.9765199422836304,0.0009999974441944424,0.001,False,128.0,128.0,,
train,,,,,,,430.8120059967041,10.0,154.0,4375.0,0.41514304280281067,0.9999989867210388,0.0009999984582187195,0.001,False,128.0,128.0,,
train,,,,,,,430.9107618331909,10.0,155.0,4376.0,0.49966201186180115,0.9999989867210388,0.000871085140810796,0.001,False,128.0,128.0,,
train,,,,,,,431.0041959285736,10.0,156.0,4377.0,0.5194905400276184,0.8710838556289673,0.0007743998561567424,0.001,False,128.0,128.0,,
train,,,,,,,431.09720754623413,10.0,157.0,4378.0,0.41623184084892273,0.774399995803833,0.0009341446527861014,0.001,False,128.0,128.0,,
train,,,,,,,431.19902896881104,10.0,158.0,4379.0,0.3388656973838806,0.9341460466384888,0.0008331137424020437,0.001,False,128.0,128.0,,
train,,,,,,,431.3265118598938,10.0,159.0,4380.0,0.46475446224212646,0.833114504814148,0.0009437070783915264,0.001,False,128.0,128.0,,
train,,,,,,,431.4157314300537,10.0,160.0,4381.0,0.5374858379364014,0.9437079429626465,0.000999999471048478,0.001,False,128.0,128.0,,
train,,,,,,,431.53781032562256,10.0,161.0,4382.0,0.5172678232192993,0.9999992251396179,0.0010000001769839124,0.001,False,128.0,128.0,,
train,,,,,,,431.6344873905182,10.0,162.0,4383.0,0.359671413898468,0.9999991655349731,0.0009055514340660492,0.001,False,128.0,128.0,,
train,,,,,,,431.73133277893066,10.0,163.0,4384.0,0.35243910551071167,0.905554473400116,0.0008636013736431624,0.001,False,128.0,128.0,,
train,,,,,,,431.82683205604553,10.0,164.0,4385.0,0.4827416241168976,0.8636009097099304,0.0009693707007930826,0.001,False,128.0,128.0,,
train,,,,,,,431.9265944957733,10.0,165.0,4386.0,0.48668721318244934,0.9693724513053894,0.0009999983413953148,0.001,False,128.0,128.0,,
train,,,,,,,432.02481389045715,10.0,166.0,4387.0,0.5421544909477234,0.9999992251396179,0.0009999988571778987,0.001,False,128.0,128.0,,
train,,,,,,,432.1265037059784,10.0,167.0,4388.0,0.504095196723938,0.9999991059303284,0.0009999982702298983,0.001,False,128.0,128.0,,
train,,,,,,,432.25869512557983,10.0,168.0,4389.0,0.5010520219802856,0.9999991655349731,0.0010000007593511271,0.001,False,128.0,128.0,,
train,,,,,,,432.3642191886902,10.0,169.0,4390.0,0.5113720893859863,0.9999992251396179,0.001000000006675716,0.001,False,128.0,128.0,,
train,,,,,,,432.45967507362366,10.0,170.0,4391.0,0.5140480995178223,0.9999992251396179,0.0009999998586829768,0.001,False,128.0,128.0,,
train,,,,,,,432.5534062385559,10.0,171.0,4392.0,0.5344984531402588,0.9999991655349731,0.0009999999075605511,0.001,False,128.0,128.0,,
train,,,,,,,432.68541264533997,10.0,172.0,4393.0,0.5194569230079651,0.9999993443489075,0.0009999979725507906,0.001,False,128.0,128.0,,
train,,,,,,,432.78338074684143,10.0,173.0,4394.0,0.49294906854629517,0.9999990463256836,0.0009630202811187266,0.001,False,128.0,128.0,,
train,,,,,,,432.88599705696106,10.0,174.0,4395.0,0.511128842830658,0.9630236625671387,0.0009999991122796534,0.001,False,128.0,128.0,,
train,,,,,,,433.0293047428131,10.0,175.0,4396.0,0.4814762473106384,0.9999992847442627,0.0009570827559058407,0.001,False,128.0,128.0,,
train,,,,,,,433.14767599105835,10.0,176.0,4397.0,0.49490323662757874,0.957082986831665,0.0008797788208482659,0.001,False,128.0,128.0,,
train,,,,,,,433.2380871772766,10.0,177.0,4398.0,0.4285179674625397,0.8797786831855774,0.000880562882809433,0.001,False,128.0,128.0,,
train,,,,,,,433.3483090400696,10.0,178.0,4399.0,0.5145978331565857,0.8805624842643738,0.00099298317648822,0.001,False,128.0,128.0,,
train,,,,,,,433.46131134033203,10.0,179.0,4400.0,0.3618587255477905,0.9929852485656738,0.000999999033703546,0.001,False,128.0,128.0,,
train,,,,,,,433.55747532844543,10.0,180.0,4401.0,0.40065521001815796,0.9999991059303284,0.0007761681791744349,0.001,False,128.0,128.0,,
train,,,,,,,433.65465927124023,10.0,181.0,4402.0,0.4526524543762207,0.7761688828468323,0.0009999995631970334,0.001,False,128.0,128.0,,
train,,,,,,,433.7811198234558,10.0,182.0,4403.0,0.5146812200546265,0.9999991655349731,0.0009999992083695368,0.001,False,128.0,128.0,,
train,,,,,,,433.9026470184326,10.0,183.0,4404.0,0.4659014046192169,0.9999991655349731,0.0008997521290945695,0.001,False,128.0,128.0,,
train,,,,,,,434.02341508865356,10.0,184.0,4405.0,0.559474766254425,0.8997498750686646,0.0009802001213832583,0.001,False,128.0,128.0,,
train,,,,,,,434.12436532974243,10.0,185.0,4406.0,0.44282421469688416,0.9801988005638123,0.0009756210579354705,0.001,False,128.0,128.0,,
train,,,,,,,434.2663242816925,10.0,186.0,4407.0,0.38592448830604553,0.9756217002868652,0.00091758087469236,0.001,False,128.0,128.0,,
train,,,,,,,434.3920454978943,10.0,187.0,4408.0,0.5685820579528809,0.917580783367157,0.0009999975773937813,0.001,False,128.0,128.0,,
train,,,,,,,434.48461508750916,10.0,188.0,4409.0,0.459503710269928,0.9999992847442627,0.0010000012346093746,0.001,False,128.0,128.0,,
train,,,,,,,434.94382214546204,10.0,189.0,4410.0,0.49038460850715637,0.9999991655349731,0.0008615656241765134,0.001,False,128.0,128.0,,
train,,,,,,,435.0400040149689,10.0,190.0,4411.0,0.4391894042491913,0.8615654110908508,0.0009999987937285785,0.001,False,128.0,128.0,,
train,,,,,,,435.1416895389557,10.0,191.0,4412.0,0.44666704535484314,0.9999991059303284,0.0009999993254981518,0.001,False,128.0,128.0,,
train,,,,,,,435.2440025806427,10.0,192.0,4413.0,0.4781891107559204,0.9999991655349731,0.0009999990351745927,0.001,False,128.0,128.0,,
train,,,,,,,435.3519334793091,10.0,193.0,4414.0,0.3997606933116913,0.9999991655349731,0.0010000000992683113,0.001,False,128.0,128.0,,
train,,,,,,,435.4460942745209,10.0,194.0,4415.0,0.5162028670310974,0.9999991059303284,0.0009107664121128026,0.001,False,128.0,128.0,,
train,,,,,,,435.5449504852295,10.0,195.0,4416.0,0.47269099950790405,0.9107648730278015,0.0009999979643906347,0.001,False,128.0,128.0,,
train,,,,,,,435.64070558547974,10.0,196.0,4417.0,0.42420923709869385,0.9999991059303284,0.0008030771972476311,0.001,False,128.0,128.0,,
train,,,,,,,435.7382400035858,10.0,197.0,4418.0,0.4003002643585205,0.8030772805213928,0.000885460071478075,0.001,False,128.0,128.0,,
train,,,,,,,435.82341408729553,10.0,198.0,4419.0,0.45360714197158813,0.8854627013206482,0.0009999979117381993,0.001,False,128.0,128.0,,
train,,,,,,,435.9244556427002,10.0,199.0,4420.0,0.5162543058395386,0.9999991655349731,0.00084131349036289,0.001,False,128.0,128.0,,
train,,,,,,,436.0173466205597,10.0,200.0,4421.0,0.42427098751068115,0.8413122892379761,0.0009999994962505536,0.001,False,128.0,128.0,,
train,,,,,,,436.1047508716583,10.0,201.0,4422.0,0.3931722342967987,0.9999991655349731,0.0008427601413275832,0.001,False,128.0,128.0,,
train,,,,,,,436.20533299446106,10.0,202.0,4423.0,0.5970195531845093,0.8427600860595703,0.0009999985402920797,0.001,False,128.0,128.0,,
train,,,,,,,436.30299139022827,10.0,203.0,4424.0,0.451430082321167,0.9999992847442627,0.0008924269444370476,0.001,False,128.0,128.0,,
train,,,,,,,436.4270763397217,10.0,204.0,4425.0,0.6955869197845459,0.8924267292022705,0.0010000005877662743,0.001,False,128.0,128.0,,
train,,,,,,,436.5402481555939,10.0,205.0,4426.0,0.47763800621032715,0.9999993443489075,0.000966767969022237,0.001,False,128.0,128.0,,
train,,,,,,,436.63962292671204,10.0,206.0,4427.0,0.4313766658306122,0.9667668342590332,0.000831795368243569,0.001,False,128.0,128.0,,
train,,,,,,,436.73805379867554,10.0,207.0,4428.0,0.4250714182853699,0.8317950367927551,0.0008512656380427796,0.001,False,128.0,128.0,,
train,,,,,,,436.84189915657043,10.0,208.0,4429.0,0.4592980742454529,0.851265549659729,0.0009999983226325142,0.001,False,128.0,128.0,,
train,,,,,,,436.9362416267395,10.0,209.0,4430.0,0.4261946678161621,0.9999991655349731,0.0009999983060901634,0.001,False,128.0,128.0,,
train,,,,,,,437.0400731563568,10.0,210.0,4431.0,0.47249844670295715,0.9999990463256836,0.0009999996377485392,0.001,False,128.0,128.0,,
train,,,,,,,437.1369469165802,10.0,211.0,4432.0,0.4936303496360779,0.9999992251396179,0.0009999968221346984,0.001,False,128.0,128.0,,
train,,,,,,,437.23464584350586,10.0,212.0,4433.0,0.4626293480396271,0.9999991059303284,0.0008523797943281245,0.001,False,128.0,128.0,,
train,,,,,,,437.3397328853607,10.0,213.0,4434.0,0.5936806797981262,0.8523804545402527,0.0010000000716237603,0.001,False,128.0,128.0,,
train,,,,,,,437.4537217617035,10.0,214.0,4435.0,0.4449514150619507,0.9999992251396179,0.0010000012867620355,0.001,False,128.0,128.0,,
train,,,,,,,437.5588803291321,10.0,215.0,4436.0,0.44540950655937195,0.9999991059303284,0.0008273323045031887,0.001,False,128.0,128.0,,
train,,,,,,,437.6518018245697,10.0,216.0,4437.0,0.44563913345336914,0.8273337483406067,0.000999998917601854,0.001,False,128.0,128.0,,
train,,,,,,,437.7645950317383,10.0,217.0,4438.0,0.4021766781806946,0.9999991059303284,0.0009999978791530848,0.001,False,128.0,128.0,,
train,,,,,,,437.8753969669342,10.0,218.0,4439.0,0.41574129462242126,0.9999989867210388,0.0009056214457954713,0.001,False,128.0,128.0,,
train,,,,,,,437.9808769226074,10.0,219.0,4440.0,0.38942551612854004,0.9056208729743958,0.0009999990701466512,0.001,False,128.0,128.0,,
train,,,,,,,438.08202028274536,10.0,220.0,4441.0,0.47693726420402527,0.9999990463256836,0.0009054655641786932,0.001,False,128.0,128.0,,
train,,,,,,,438.229697227478,10.0,221.0,4442.0,0.5981063842773438,0.9054648876190186,0.00099999982582037,0.001,False,128.0,128.0,,
train,,,,,,,438.37330889701843,10.0,222.0,4443.0,0.43788620829582214,0.9999991655349731,0.0009036118055147207,0.001,False,128.0,128.0,,
train,,,,,,,438.4757490158081,10.0,223.0,4444.0,0.3409619927406311,0.9036116600036621,0.0007264156965085741,0.001,False,128.0,128.0,,
train,,,,,,,438.5997905731201,10.0,224.0,4445.0,0.33867835998535156,0.7264143824577332,0.000937818871901753,0.001,False,128.0,128.0,,
train,,,,,,,438.7083737850189,10.0,225.0,4446.0,0.449181467294693,0.9378212094306946,0.000999996857023567,0.001,False,128.0,128.0,,
train,,,,,,,438.8141345977783,10.0,226.0,4447.0,0.4491052031517029,0.9999991059303284,0.0009003357766616857,0.001,False,128.0,128.0,,
train,,,,,,,438.91726517677307,10.0,227.0,4448.0,0.42522671818733215,0.9003357291221619,0.0009999986061561546,0.001,False,128.0,128.0,,
train,,,,,,,439.01885318756104,10.0,228.0,4449.0,0.48006027936935425,0.9999992251396179,0.0008397438984176243,0.001,False,128.0,128.0,,
train,,,,,,,439.11212277412415,10.0,229.0,4450.0,0.4725671708583832,0.8397431969642639,0.0008714078361110966,0.001,False,128.0,128.0,,
train,,,,,,,439.2107837200165,10.0,230.0,4451.0,0.3483498692512512,0.871407151222229,0.000962296062573107,0.001,False,128.0,128.0,,
train,,,,,,,439.30595445632935,10.0,231.0,4452.0,0.5936809182167053,0.9622944593429565,0.0010000001380706014,0.001,False,128.0,128.0,,
train,,,,,,,439.41036772727966,10.0,232.0,4453.0,0.35618114471435547,0.9999992847442627,0.0008593543329025825,0.001,False,128.0,128.0,,
train,,,,,,,439.5116398334503,10.0,233.0,4454.0,0.45282602310180664,0.859353244304657,0.0009180564020867043,0.001,False,128.0,128.0,,
train,,,,,,,439.9387209415436,10.0,234.0,4455.0,0.38060277700424194,0.9180561900138855,0.0008524338587868163,0.001,False,128.0,128.0,,
train,,,,,,,440.0406367778778,10.0,235.0,4456.0,0.49793392419815063,0.852433443069458,0.00099948737082584,0.001,False,128.0,128.0,,
train,,,,,,,440.13631677627563,10.0,236.0,4457.0,0.4178678095340729,0.9994874596595764,0.0009149361296705335,0.001,False,128.0,128.0,,
train,,,,,,,440.243271112442,10.0,237.0,4458.0,0.5109151005744934,0.9149356484413147,0.0009999984914977054,0.001,False,128.0,128.0,,
train,,,,,,,440.3683235645294,10.0,238.0,4459.0,0.4750467836856842,0.9999992847442627,0.000999997274884984,0.001,False,128.0,128.0,,
train,,,,,,,440.46048617362976,10.0,239.0,4460.0,0.5131196975708008,0.9999991059303284,0.0009999990030891159,0.001,False,128.0,128.0,,
train,,,,,,,440.549920797348,10.0,240.0,4461.0,0.5186119079589844,0.9999991655349731,0.0009999967955170164,0.001,False,128.0,128.0,,
train,,,,,,,440.6405942440033,10.0,241.0,4462.0,0.5304216742515564,0.9999992251396179,0.0009999998822752191,0.001,False,128.0,128.0,,
train,,,,,,,440.73740005493164,10.0,242.0,4463.0,0.40977534651756287,0.9999991655349731,0.0008965632998445824,0.001,False,128.0,128.0,,
train,,,,,,,440.8376450538635,10.0,243.0,4464.0,0.39013737440109253,0.8965638875961304,0.0008668429275915885,0.001,False,128.0,128.0,,
train,,,,,,,440.93404626846313,10.0,244.0,4465.0,0.31695061922073364,0.8668432831764221,0.0009078415361413041,0.001,False,128.0,128.0,,
train,,,,,,,441.0506548881531,10.0,245.0,4466.0,0.4884969890117645,0.9078401327133179,0.0009999988505443086,0.001,False,128.0,128.0,,
train,,,,,,,441.1686029434204,10.0,246.0,4467.0,0.44556567072868347,0.9999991655349731,0.0009803889840762385,0.001,False,128.0,128.0,,
train,,,,,,,441.26179552078247,10.0,247.0,4468.0,0.4456905126571655,0.9803873896598816,0.0007717036515316715,0.001,False,128.0,128.0,,
train,,,,,,,441.3592863082886,10.0,248.0,4469.0,0.3923182189464569,0.7717033624649048,0.0009999984093688298,0.001,False,128.0,128.0,,
train,,,,,,,441.4622395038605,10.0,249.0,4470.0,0.4261271357536316,0.9999992251396179,0.0009999993927777102,0.001,False,128.0,128.0,,
train,,,,,,,441.56148290634155,10.0,250.0,4471.0,0.4568348824977875,0.9999991059303284,0.0007898750725084336,0.001,False,128.0,128.0,,
train,,,,,,,441.65344071388245,10.0,251.0,4472.0,0.38451889157295227,0.789874792098999,0.0008211364888942189,0.001,False,128.0,128.0,,
train,,,,,,,441.75244426727295,10.0,252.0,4473.0,0.43376314640045166,0.8211356401443481,0.0009579204865469333,0.001,False,128.0,128.0,,
train,,,,,,,441.8653793334961,10.0,253.0,4474.0,0.5414990186691284,0.9579222798347473,0.0009999986571432168,0.001,False,128.0,128.0,,
train,,,,,,,441.9653158187866,10.0,254.0,4475.0,0.5501134991645813,0.9999991655349731,0.0010000003279186944,0.001,False,128.0,128.0,,
train,,,,,,,442.06987833976746,10.0,255.0,4476.0,0.5127425193786621,0.9999990463256836,0.0008586969719677307,0.001,False,128.0,128.0,,
train,,,,,,,442.16842246055603,10.0,256.0,4477.0,0.5557178258895874,0.8586974740028381,0.0009999996749410233,0.001,False,128.0,128.0,,
train,,,,,,,442.2601001262665,10.0,257.0,4478.0,0.5052919387817383,0.9999992251396179,0.0009999990030891159,0.001,False,128.0,128.0,,
train,,,,,,,442.3955383300781,10.0,258.0,4479.0,0.45031458139419556,0.9999991059303284,0.0009043582960212337,0.001,False,128.0,128.0,,
train,,,,,,,442.4938254356384,10.0,259.0,4480.0,0.43943339586257935,0.9043595194816589,0.0010000015757249197,0.001,False,128.0,128.0,,
train,,,,,,,442.59967947006226,10.0,260.0,4481.0,0.4700775444507599,0.9999991655349731,0.0009380581034570881,0.001,False,128.0,128.0,,
train,,,,,,,442.72280406951904,10.0,261.0,4482.0,0.38631579279899597,0.9380581378936768,0.000999998898672531,0.001,False,128.0,128.0,,
train,,,,,,,442.828250169754,10.0,262.0,4483.0,0.3850013315677643,0.9999991059303284,0.0009108087419237794,0.001,False,128.0,128.0,,
train,,,,,,,442.931902885437,10.0,263.0,4484.0,0.5898151993751526,0.9108089208602905,0.0009999998262089482,0.001,False,128.0,128.0,,
train,,,,,,,443.0321855545044,10.0,264.0,4485.0,0.5363770723342896,0.9999991655349731,0.0009999989109405088,0.001,False,128.0,128.0,,
train,,,,,,,443.13267827033997,10.0,265.0,4486.0,0.46165528893470764,0.9999992251396179,0.0008368514296423432,0.001,False,128.0,128.0,,
train,,,,,,,443.2412805557251,10.0,266.0,4487.0,0.37373465299606323,0.8368538618087769,0.00099999907747413,0.001,False,128.0,128.0,,
train,,,,,,,443.371075630188,10.0,267.0,4488.0,0.4581795632839203,0.9999992251396179,0.0009999971007182572,0.001,False,128.0,128.0,,
train,,,,,,,443.4849364757538,10.0,268.0,4489.0,0.366765558719635,0.9999990463256836,0.0009875367470656513,0.001,False,128.0,128.0,,
train,,,,,,,443.5783197879791,10.0,269.0,4490.0,0.4209512174129486,0.9875375628471375,0.0010000015766963633,0.001,False,128.0,128.0,,
train,,,,,,,443.6870787143707,10.0,270.0,4491.0,0.3302919268608093,0.9999989867210388,0.0009449087026281052,0.001,False,128.0,128.0,,
train,,,,,,,443.7994222640991,10.0,271.0,4492.0,0.4114830195903778,0.9449078440666199,0.0009599345588438582,0.001,False,128.0,128.0,,
train,,,,,,,443.89494705200195,10.0,272.0,4493.0,0.4857977330684662,0.9599365592002869,0.000999998581287124,0.001,False,128.0,128.0,,
train,,,,,,,444.00850319862366,10.0,273.0,4494.0,0.42752981185913086,0.9999991059303284,0.0009999985969690462,0.001,False,128.0,128.0,,
train,,,,,,,444.1142387390137,10.0,274.0,4495.0,0.50777667760849,0.9999992251396179,0.0009999983412842923,0.001,False,128.0,128.0,,
train,,,,,,,444.21225142478943,10.0,275.0,4496.0,0.3272169828414917,0.9999992251396179,0.0009589902099131293,0.001,False,128.0,128.0,,
train,,,,,,,444.32125067710876,10.0,276.0,4497.0,0.43104735016822815,0.9589890241622925,0.0009732573421809417,0.001,False,128.0,128.0,,
train,,,,,,,444.4300866127014,10.0,277.0,4498.0,0.40039584040641785,0.9732567071914673,0.0009805723267589618,0.001,False,128.0,128.0,,
train,,,,,,,444.5337224006653,10.0,278.0,4499.0,0.4263478219509125,0.9805744886398315,0.0009999984686825875,0.001,False,128.0,128.0,,
train,,,,,,,444.6399462223053,10.0,279.0,4500.0,0.4773545563220978,0.9999991655349731,0.0009999988257863065,0.001,False,128.0,128.0,,
train,,,,,,,444.9375023841858,10.0,280.0,4501.0,0.37866196036338806,0.9999991059303284,0.0009052235796652226,0.001,False,128.0,128.0,,
train,,,,,,,445.0428218841553,10.0,281.0,4502.0,0.4175630509853363,0.9052224159240723,0.0009999990045879185,0.001,False,128.0,128.0,,
train,,,,,,,445.1305296421051,10.0,282.0,4503.0,0.4696672558784485,0.9999992251396179,0.0009784843772649057,0.001,False,128.0,128.0,,
train,,,,,,,445.23025488853455,10.0,283.0,4504.0,0.5900632739067078,0.9784835577011108,0.0010000002446242358,0.001,False,128.0,128.0,,
train,,,,,,,445.3647885322571,10.0,284.0,4505.0,0.39435428380966187,0.9999992251396179,0.001000000091108173,0.001,False,128.0,128.0,,
train,,,,,,,445.46956181526184,10.0,285.0,4506.0,0.4249691069126129,0.9999991655349731,0.0009999979399934339,0.001,False,128.0,128.0,,
train,,,,,,,445.56143164634705,10.0,286.0,4507.0,0.5209333896636963,0.9999990463256836,0.0009392518790681996,0.001,False,128.0,128.0,,
train,,,,,,,445.65559434890747,10.0,287.0,4508.0,0.5246211886405945,0.9392529726028442,0.0009999994314690054,0.001,False,128.0,128.0,,
train,,,,,,,445.7478663921356,10.0,288.0,4509.0,0.4694065451622009,0.9999991655349731,0.0009781866041624566,0.001,False,128.0,128.0,,
train,,,,,,,445.83969259262085,10.0,289.0,4510.0,0.5456610321998596,0.9781876802444458,0.000999999686931436,0.001,False,128.0,128.0,,
train,,,,,,,445.93537497520447,10.0,290.0,4511.0,0.49724116921424866,0.9999991655349731,0.000999996473606767,0.001,False,128.0,128.0,,
train,,,,,,,446.028431892395,10.0,291.0,4512.0,0.4434909522533417,0.9999991655349731,0.0010000014640088976,0.001,False,128.0,128.0,,
train,,,,,,,446.1223566532135,10.0,292.0,4513.0,0.435891330242157,0.9999992847442627,0.0008287714478323009,0.001,False,128.0,128.0,,
train,,,,,,,446.2309019565582,10.0,293.0,4514.0,0.4632560610771179,0.8287723660469055,0.0009999968861115014,0.001,False,128.0,128.0,,
train,,,,,,,446.3214886188507,10.0,294.0,4515.0,0.40032759308815,0.9999992251396179,0.0009601468063926495,0.001,False,128.0,128.0,,
train,,,,,,,446.43223094940186,10.0,295.0,4516.0,0.548366129398346,0.9601472020149231,0.0009920932218184383,0.001,False,128.0,128.0,,
train,,,,,,,446.53336238861084,10.0,296.0,4517.0,0.3997874855995178,0.9920949935913086,0.0009999986837608491,0.001,False,128.0,128.0,,
train,,,,,,,446.63436365127563,10.0,297.0,4518.0,0.36227214336395264,0.9999991655349731,0.0008058122918372447,0.001,False,128.0,128.0,,
train,,,,,,,446.7235097885132,10.0,298.0,4519.0,0.5440853834152222,0.8058121204376221,0.0009999995608100528,0.001,False,128.0,128.0,,
train,,,,,,,446.83101439476013,10.0,299.0,4520.0,0.4850149154663086,0.9999991655349731,0.0009999996663923032,0.001,False,128.0,128.0,,
train,,,,,,,446.9260354042053,10.0,300.0,4521.0,0.489745169878006,0.9999991059303284,0.001000000149561408,0.001,False,128.0,128.0,,
train,,,,,,,447.0168378353119,10.0,301.0,4522.0,0.4385610818862915,0.9999992847442627,0.0009135813220523165,0.001,False,128.0,128.0,,
train,,,,,,,447.12184381484985,10.0,302.0,4523.0,0.3473927676677704,0.9135796427726746,0.0008572383517564373,0.001,False,128.0,128.0,,
train,,,,,,,447.22471261024475,10.0,303.0,4524.0,0.5554316639900208,0.8572385907173157,0.000950235030068295,0.001,False,128.0,128.0,,
train,,,,,,,447.3235740661621,10.0,304.0,4525.0,0.36719241738319397,0.9502382278442383,0.0009999975378975007,0.001,False,128.0,128.0,,
train,,,,,,,447.7408356666565,10.0,305.0,4526.0,0.5593608617782593,0.9999990463256836,0.0009156045091832369,0.001,False,128.0,128.0,,
train,,,,,,,447.8386023044586,10.0,306.0,4527.0,0.461178183555603,0.9156044721603394,0.0009798437297247851,0.001,False,128.0,128.0,,
train,,,,,,,447.9309196472168,10.0,307.0,4528.0,0.3655669689178467,0.9798413515090942,0.0008244146291972762,0.001,False,128.0,128.0,,
train,,,,,,,448.02818632125854,10.0,308.0,4529.0,0.4582858383655548,0.8244161009788513,0.00099999844231475,0.001,False,128.0,128.0,,
train,,,,,,,448.1194317340851,10.0,309.0,4530.0,0.5574700236320496,0.9999991059303284,0.000999997724304388,0.001,False,128.0,128.0,,
train,,,,,,,448.2120461463928,10.0,310.0,4531.0,0.3732702434062958,0.9999992251396179,0.0009999978382967901,0.001,False,128.0,128.0,,
train,,,,,,,448.30807518959045,10.0,311.0,4532.0,0.5442954301834106,0.9999990463256836,0.0009999982359239468,0.001,False,128.0,128.0,,
train,,,,,,,448.3958637714386,10.0,312.0,4533.0,0.4642450511455536,0.9999992251396179,0.0009999977054027979,0.001,False,128.0,128.0,,
train,,,,,,,448.5002615451813,10.0,313.0,4534.0,0.37632226943969727,0.9999992251396179,0.0007412349633825326,0.001,False,128.0,128.0,,
train,,,,,,,448.61155915260315,10.0,314.0,4535.0,0.4227052628993988,0.7412341237068176,0.0009999969652706464,0.001,False,128.0,128.0,,
train,,,,,,,448.70444536209106,10.0,315.0,4536.0,0.48161306977272034,0.9999991655349731,0.0010000003274746054,0.001,False,128.0,128.0,,
train,,,,,,,448.7977554798126,10.0,316.0,4537.0,0.398719847202301,0.9999991059303284,0.0007669038442531384,0.001,False,128.0,128.0,,
train,,,,,,,448.89112401008606,10.0,317.0,4538.0,0.46853840351104736,0.766904890537262,0.0009999980332801113,0.001,False,128.0,128.0,,
train,,,,,,,448.9784412384033,10.0,318.0,4539.0,0.5280089378356934,0.9999992251396179,0.0010000009726247856,0.001,False,128.0,128.0,,
train,,,,,,,449.06905794143677,10.0,319.0,4540.0,0.4167402386665344,0.9999991655349731,0.0009999982012294155,0.001,False,128.0,128.0,,
train,,,,,,,449.16207695007324,10.0,320.0,4541.0,0.5279998183250427,0.9999990463256836,0.0009845198932891203,0.001,False,128.0,128.0,,
train,,,,,,,449.25980281829834,10.0,321.0,4542.0,0.4480327367782593,0.9845213294029236,0.0009999996360276929,0.001,False,128.0,128.0,,
train,,,,,,,449.3533298969269,10.0,322.0,4543.0,0.380681574344635,0.9999991655349731,0.0009999981922643485,0.001,False,128.0,128.0,,
train,,,,,,,449.4620563983917,10.0,323.0,4544.0,0.42678016424179077,0.9999991059303284,0.0009294170872820947,0.001,False,128.0,128.0,,
train,,,,,,,449.55435037612915,10.0,324.0,4545.0,0.39620864391326904,0.9294188618659973,0.0009473178398895679,0.001,False,128.0,128.0,,
train,,,,,,,449.65552496910095,10.0,325.0,4546.0,0.45340144634246826,0.9473196864128113,0.0008989987914194846,0.001,False,128.0,128.0,,
train,,,,,,,449.7603368759155,10.0,326.0,4547.0,0.4930363595485687,0.8989977836608887,0.0010000004902332342,0.001,False,128.0,128.0,,
train,,,,,,,449.86038517951965,10.0,327.0,4548.0,0.5357950329780579,0.9999992251396179,0.0009999990403926462,0.001,False,128.0,128.0,,
train,,,,,,,449.9611020088196,10.0,328.0,4549.0,0.48125049471855164,0.9999991655349731,0.0010000002017973922,0.001,False,128.0,128.0,,
train,,,,,,,450.05676341056824,10.0,329.0,4550.0,0.4152454435825348,0.9999992251396179,0.0007970587964054403,0.001,False,128.0,128.0,,
train,,,,,,,450.1692135334015,10.0,330.0,4551.0,0.5037720203399658,0.7970615029335022,0.0010000001963017893,0.001,False,128.0,128.0,,
train,,,,,,,450.28351974487305,10.0,331.0,4552.0,0.5578458309173584,0.9999991655349731,0.0010000007087805057,0.001,False,128.0,128.0,,
train,,,,,,,450.38414001464844,10.0,332.0,4553.0,0.6144330501556396,0.9999991655349731,0.0010000001102595181,0.001,False,128.0,128.0,,
train,,,,,,,450.47922444343567,10.0,333.0,4554.0,0.4883911609649658,0.9999991655349731,0.0009673885518382871,0.001,False,128.0,128.0,,
train,,,,,,,450.5776765346527,10.0,334.0,4555.0,0.45652273297309875,0.9673881530761719,0.0009815217368990105,0.001,False,128.0,128.0,,
train,,,,,,,450.6808588504791,10.0,335.0,4556.0,0.49675148725509644,0.9815229177474976,0.0009999982161896976,0.001,False,128.0,128.0,,
train,,,,,,,450.7869219779968,10.0,336.0,4557.0,0.4075604975223541,0.9999992847442627,0.0008875702428766695,0.001,False,128.0,128.0,,
train,,,,,,,450.88426089286804,10.0,337.0,4558.0,0.50877845287323,0.8875724077224731,0.0009672330109588938,0.001,False,128.0,128.0,,
train,,,,,,,450.9749093055725,10.0,338.0,4559.0,0.4111683666706085,0.967232882976532,0.0009999983055350508,0.001,False,128.0,128.0,,
train,,,,,,,451.0829076766968,10.0,339.0,4560.0,0.43972551822662354,0.9999992251396179,0.0009999979237563885,0.001,False,128.0,128.0,,
train,,,,,,,451.18461441993713,10.0,340.0,4561.0,0.5061405301094055,0.9999991059303284,0.0009999993870600582,0.001,False,128.0,128.0,,
train,,,,,,,451.28190565109253,10.0,341.0,4562.0,0.3853517472743988,0.9999989867210388,0.0010000008315155665,0.001,False,128.0,128.0,,
train,,,,,,,451.3884229660034,10.0,342.0,4563.0,0.47081896662712097,0.9999992251396179,0.0009733236558118926,0.001,False,128.0,128.0,,
train,,,,,,,451.48774456977844,10.0,343.0,4564.0,0.4248330295085907,0.9733227491378784,0.0008698384756676311,0.001,False,128.0,128.0,,
train,,,,,,,451.59407114982605,10.0,344.0,4565.0,0.4127064347267151,0.8698399066925049,0.000845800577828596,0.001,False,128.0,128.0,,
train,,,,,,,451.7078285217285,10.0,345.0,4566.0,0.38775521516799927,0.8457977175712585,0.0007680492668448844,0.001,False,128.0,128.0,,
train,,,,,,,451.8088183403015,10.0,346.0,4567.0,0.3981974720954895,0.7680481672286987,0.0008610267943693778,0.001,False,128.0,128.0,,
train,,,,,,,451.9136459827423,10.0,347.0,4568.0,0.4462572932243347,0.8610265254974365,0.0009143746176315141,0.001,False,128.0,128.0,,
train,,,,,,,452.01049637794495,10.0,348.0,4569.0,0.32959091663360596,0.9143728613853455,0.0008872911234238081,0.001,False,128.0,128.0,,
train,,,,,,,452.10941648483276,10.0,349.0,4570.0,0.4947105348110199,0.8872905969619751,0.0010000010495354078,0.001,False,128.0,128.0,,
train,,,,,,,452.20470690727234,10.0,350.0,4571.0,0.5297200679779053,0.9999991655349731,0.000999999103064794,0.001,False,128.0,128.0,,
train,,,,,,,452.29547119140625,10.0,351.0,4572.0,0.415152370929718,0.9999992847442627,0.0008958974242881939,0.001,False,128.0,128.0,,
train,,,,,,,452.4076886177063,10.0,352.0,4573.0,0.4202535152435303,0.8958960771560669,0.0008418921109603608,0.001,False,128.0,128.0,,
train,,,,,,,452.5124399662018,10.0,353.0,4574.0,0.49485912919044495,0.8418932557106018,0.0009999996225939895,0.001,False,128.0,128.0,,
train,,,,,,,452.6126968860626,10.0,354.0,4575.0,0.3664286732673645,0.9999990463256836,0.0008473626334364442,0.001,False,128.0,128.0,,
train,,,,,,,452.73141145706177,10.0,355.0,4576.0,0.5081101655960083,0.8473612070083618,0.0009999994278052672,0.001,False,128.0,128.0,,
train,,,,,,,452.8354697227478,10.0,356.0,4577.0,0.39437130093574524,0.9999989867210388,0.0009999963236150963,0.001,False,128.0,128.0,,
train,,,,,,,452.9377443790436,10.0,357.0,4578.0,0.3492642045021057,0.9999992251396179,0.0006678528891603772,0.001,False,128.0,128.0,,
train,,,,,,,453.0390815734863,10.0,358.0,4579.0,0.5179362893104553,0.6678519248962402,0.0009064508132877741,0.001,False,128.0,128.0,,
train,,,,,,,453.1391611099243,10.0,359.0,4580.0,0.490365594625473,0.9064502120018005,0.0008555957747433604,0.001,False,128.0,128.0,,
train,,,,,,,453.2411811351776,10.0,360.0,4581.0,0.4005391299724579,0.855596125125885,0.0007864939611578692,0.001,False,128.0,128.0,,
train,,,,,,,453.345431804657,10.0,361.0,4582.0,0.3717677593231201,0.7864928841590881,0.0008882447831832681,0.001,False,128.0,128.0,,
train,,,,,,,453.4556291103363,10.0,362.0,4583.0,0.2874593436717987,0.8882440328598022,0.0007505172280794949,0.001,False,128.0,128.0,,
train,,,,,,,453.5537078380585,10.0,363.0,4584.0,0.3934348225593567,0.7505168914794922,0.0009503812367075281,0.001,False,128.0,128.0,,
train,,,,,,,453.66425585746765,10.0,364.0,4585.0,0.48084551095962524,0.9503827691078186,0.0009999993420682415,0.001,False,128.0,128.0,,
train,,,,,,,453.9331965446472,10.0,365.0,4586.0,0.4972420632839203,0.9999991059303284,0.0010000017890816704,0.001,False,128.0,128.0,,
train,,,,,,,454.02943110466003,10.0,366.0,4587.0,0.45688802003860474,0.9999991059303284,0.0009999997210985597,0.001,False,128.0,128.0,,
train,,,,,,,454.12857007980347,10.0,367.0,4588.0,0.39081043004989624,0.9999992251396179,0.0010000009357654163,0.001,False,128.0,128.0,,
train,,,,,,,454.2209596633911,10.0,368.0,4589.0,0.3994012176990509,0.9999991059303284,0.0008314122836196685,0.001,False,128.0,128.0,,
train,,,,,,,454.3376204967499,10.0,369.0,4590.0,0.5359857082366943,0.8314144611358643,0.0010000001936927656,0.001,False,128.0,128.0,,
train,,,,,,,454.4285933971405,10.0,370.0,4591.0,0.39945560693740845,0.9999992251396179,0.0008518146946651964,0.001,False,128.0,128.0,,
train,,,,,,,454.52026104927063,10.0,371.0,4592.0,0.4187542498111725,0.8518142104148865,0.000817436205016688,0.001,False,128.0,128.0,,
train,,,,,,,454.6193528175354,10.0,372.0,4593.0,0.5091718435287476,0.8174355626106262,0.0010000005300902204,0.001,False,128.0,128.0,,
train,,,,,,,454.71128940582275,10.0,373.0,4594.0,0.35204747319221497,0.9999991655349731,0.0008785666515757336,0.001,False,128.0,128.0,,
train,,,,,,,454.8001923561096,10.0,374.0,4595.0,0.4166750907897949,0.8785668015480042,0.0008034207010636537,0.001,False,128.0,128.0,,
train,,,,,,,454.8933870792389,10.0,375.0,4596.0,0.46923401951789856,0.8034206628799438,0.0009043071599349823,0.001,False,128.0,128.0,,
train,,,,,,,454.9934380054474,10.0,376.0,4597.0,0.3943004012107849,0.9043071269989014,0.0009296792022289014,0.001,False,128.0,128.0,,
train,,,,,,,455.09186911582947,10.0,377.0,4598.0,0.43098902702331543,0.9296796321868896,0.0009999998890475805,0.001,False,128.0,128.0,,
train,,,,,,,455.1865146160126,10.0,378.0,4599.0,0.487384557723999,0.9999991059303284,0.0009807190650305167,0.001,False,128.0,128.0,,
train,,,,,,,455.27924633026123,10.0,379.0,4600.0,0.35628992319107056,0.9807192087173462,0.0008482669450921172,0.001,False,128.0,128.0,,
train,,,,,,,455.3787519931793,10.0,380.0,4601.0,0.3406033515930176,0.848267138004303,0.000969169668617817,0.001,False,128.0,128.0,,
train,,,,,,,455.48486399650574,10.0,381.0,4602.0,0.41070231795310974,0.9691708087921143,0.000999997444610777,0.001,False,128.0,128.0,,
train,,,,,,,455.5953724384308,10.0,382.0,4603.0,0.44274741411209106,0.9999991655349731,0.0008361802256571727,0.001,False,128.0,128.0,,
train,,,,,,,455.694863319397,10.0,383.0,4604.0,0.4207598567008972,0.8361808061599731,0.0008811515467898587,0.001,False,128.0,128.0,,
train,,,,,,,455.8002939224243,10.0,384.0,4605.0,0.5291993618011475,0.881152331829071,0.0009999968546920914,0.001,False,128.0,128.0,,
train,,,,,,,455.9236099720001,10.0,385.0,4606.0,0.5311719179153442,0.9999991655349731,0.0008451930443622275,0.001,False,128.0,128.0,,
train,,,,,,,456.01866698265076,10.0,386.0,4607.0,0.37285012006759644,0.8451947569847107,0.0009999979368292917,0.001,False,128.0,128.0,,
train,,,,,,,456.1281542778015,10.0,387.0,4608.0,0.4483187794685364,0.9999990463256836,0.0008430997746699441,0.001,False,128.0,128.0,,
train,,,,,,,456.23026609420776,10.0,388.0,4609.0,0.40606260299682617,0.8430987596511841,0.0008384688060440684,0.001,False,128.0,128.0,,
train,,,,,,,456.33745861053467,10.0,389.0,4610.0,0.434874951839447,0.8384677767753601,0.0009506232903597667,0.001,False,128.0,128.0,,
train,,,,,,,456.4716591835022,10.0,390.0,4611.0,0.4534243047237396,0.9506228566169739,0.0009999989156867174,0.001,False,128.0,128.0,,
train,,,,,,,456.5702631473541,10.0,391.0,4612.0,0.43369734287261963,0.9999991059303284,0.0008070942170473271,0.001,False,128.0,128.0,,
train,,,,,,,456.66422748565674,10.0,392.0,4613.0,0.3904217779636383,0.8070927858352661,0.0008992042063846309,0.001,False,128.0,128.0,,
train,,,,,,,456.79802989959717,10.0,393.0,4614.0,0.4555618166923523,0.8992049098014832,0.0009483665680423705,0.001,False,128.0,128.0,,
train,,,,,,,456.9073464870453,10.0,394.0,4615.0,0.45146068930625916,0.9483640193939209,0.0008347468765967796,0.001,False,128.0,128.0,,
train,,,,,,,457.01488637924194,10.0,395.0,4616.0,0.3523861765861511,0.8347457051277161,0.0007627687860182016,0.001,False,128.0,128.0,,
train,,,,,,,457.1364703178406,10.0,396.0,4617.0,0.40824031829833984,0.7627668976783752,0.0008978619049406297,0.001,False,128.0,128.0,,
train,,,,,,,457.23685789108276,10.0,397.0,4618.0,0.4474468231201172,0.8978635668754578,0.000999998486945784,0.001,False,128.0,128.0,,
train,,,,,,,457.34641194343567,10.0,398.0,4619.0,0.3935927450656891,0.9999989867210388,0.0009165197882729712,0.001,False,128.0,128.0,,
train,,,,,,,457.4542238712311,10.0,399.0,4620.0,0.4478098154067993,0.9165207147598267,0.0009743002246493204,0.001,False,128.0,128.0,,
train,,,,,,,457.5553123950958,10.0,400.0,4621.0,0.42790350317955017,0.9743003845214844,0.0009999996065512605,0.001,False,128.0,128.0,,
train,,,,,,,457.6663212776184,10.0,401.0,4622.0,0.41899412870407104,0.999998927116394,0.0009999986582256858,0.001,False,128.0,128.0,,
train,,,,,,,457.78788232803345,10.0,402.0,4623.0,0.377078652381897,0.9999990463256836,0.0009573156343990207,0.001,False,128.0,128.0,,
train,,,,,,,457.9299647808075,10.0,403.0,4624.0,0.3276575207710266,0.957317054271698,0.000872927957363085,0.001,False,128.0,128.0,,
train,,,,,,,458.0368971824646,10.0,404.0,4625.0,0.35590583086013794,0.8729268908500671,0.0009999987195933439,0.001,False,128.0,128.0,,
train,,,,,,,458.13697147369385,10.0,405.0,4626.0,0.4775393009185791,0.9999990463256836,0.0009862281375473065,0.001,False,128.0,128.0,,
train,,,,,,,458.24445700645447,10.0,406.0,4627.0,0.3550412356853485,0.9862309098243713,0.0009475519498107656,0.001,False,128.0,128.0,,
train,,,,,,,458.41143345832825,10.0,407.0,4628.0,0.49197256565093994,0.9475527405738831,0.0009999995130149295,0.001,False,128.0,128.0,,
train,,,,,,,458.5384669303894,10.0,408.0,4629.0,0.39281609654426575,0.9999992251396179,0.0009198699975938122,0.001,False,128.0,128.0,,
train,,,,,,,458.6386685371399,10.0,409.0,4630.0,0.4416137933731079,0.9198690056800842,0.0008501313447104372,0.001,False,128.0,128.0,,
train,,,,,,,458.74761867523193,10.0,410.0,4631.0,0.40514475107192993,0.8501333594322205,0.0009799017982179772,0.001,False,128.0,128.0,,
train,,,,,,,459.1330351829529,10.0,411.0,4632.0,0.38577893376350403,0.9799047708511353,0.0009710318950894849,0.001,False,128.0,128.0,,
train,,,,,,,459.23144340515137,10.0,412.0,4633.0,0.3562839925289154,0.9710323214530945,0.0008959485616247177,0.001,False,128.0,128.0,,
train,,,,,,,459.3258092403412,10.0,413.0,4634.0,0.43554067611694336,0.8959491848945618,0.0009999972941196502,0.001,False,128.0,128.0,,
train,,,,,,,459.42258310317993,10.0,414.0,4635.0,0.40989506244659424,0.9999990463256836,0.0009682563361987265,0.001,False,128.0,128.0,,
train,,,,,,,459.5207691192627,10.0,415.0,4636.0,0.3379439413547516,0.9682577848434448,0.0008199365262021593,0.001,False,128.0,128.0,,
train,,,,,,,459.6243555545807,10.0,416.0,4637.0,0.4470754861831665,0.8199344873428345,0.000999999670888708,0.001,False,128.0,128.0,,
train,,,,,,,459.7239348888397,10.0,417.0,4638.0,0.4231162667274475,0.9999991059303284,0.0010000010841465738,0.001,False,128.0,128.0,,
train,,,,,,,459.81987380981445,10.0,418.0,4639.0,0.4493960440158844,0.999998927116394,0.0007719451097880456,0.001,False,128.0,128.0,,
train,,,,,,,459.9173090457916,10.0,419.0,4640.0,0.39933666586875916,0.7719444036483765,0.0009999965760807083,0.001,False,128.0,128.0,,
train,,,,,,,460.0107023715973,10.0,420.0,4641.0,0.5665442943572998,0.9999992847442627,0.0009999966714769437,0.001,False,128.0,128.0,,
train,,,,,,,460.1046223640442,10.0,421.0,4642.0,0.44259804487228394,0.9999992251396179,0.0009999991201067326,0.001,False,128.0,128.0,,
train,,,,,,,460.20467615127563,10.0,422.0,4643.0,0.4449584484100342,0.9999991059303284,0.0008042166267348771,0.001,False,128.0,128.0,,
train,,,,,,,460.3026490211487,10.0,423.0,4644.0,0.5340651273727417,0.8042162656784058,0.0009999990164118054,0.001,False,128.0,128.0,,
train,,,,,,,460.39540934562683,10.0,424.0,4645.0,0.5596558451652527,0.9999992251396179,0.0009999969808415713,0.001,False,128.0,128.0,,
train,,,,,,,460.4869499206543,10.0,425.0,4646.0,0.48135125637054443,0.9999992251396179,0.0008666500950539166,0.001,False,128.0,128.0,,
train,,,,,,,460.6004145145416,10.0,426.0,4647.0,0.4568215012550354,0.8666501045227051,0.0009999977663819356,0.001,False,128.0,128.0,,
train,,,,,,,460.697327375412,10.0,427.0,4648.0,0.4480004906654358,0.9999990463256836,0.0010000009349882609,0.001,False,128.0,128.0,,
train,,,,,,,460.79370737075806,10.0,428.0,4649.0,0.35585862398147583,0.9999991059303284,0.0008048244144274777,0.001,False,128.0,128.0,,
train,,,,,,,460.886999130249,10.0,429.0,4650.0,0.3929971158504486,0.8048240542411804,0.000999996954779007,0.001,False,128.0,128.0,,
train,,,,,,,461.00958013534546,10.0,430.0,4651.0,0.3876444101333618,0.9999992847442627,0.0009410464797791594,0.001,False,128.0,128.0,,
train,,,,,,,461.11527013778687,10.0,431.0,4652.0,0.5578345060348511,0.9410472512245178,0.0009999988620906413,0.001,False,128.0,128.0,,
train,,,,,,,461.2179732322693,10.0,432.0,4653.0,0.3591265082359314,0.9999991655349731,0.0008460934456440606,0.001,False,128.0,128.0,,
train,,,,,,,461.3379399776459,10.0,433.0,4654.0,0.46419936418533325,0.8460923433303833,0.0009999986252797726,0.001,False,128.0,128.0,,
train,,,,,,,461.43491101264954,10.0,434.0,4655.0,0.5260381102561951,0.9999992251396179,0.0009414830714769173,0.001,False,128.0,128.0,,
train,,,,,,,461.5457065105438,10.0,435.0,4656.0,0.45882973074913025,0.9414829015731812,0.0008969693047379568,0.001,False,128.0,128.0,,
train,,,,,,,461.64700627326965,10.0,436.0,4657.0,0.5076308250427246,0.8969689607620239,0.000999998234147587,0.001,False,128.0,128.0,,
train,,,,,,,461.74953508377075,10.0,437.0,4658.0,0.5539363026618958,0.9999991059303284,0.0010000011784876686,0.001,False,128.0,128.0,,
train,,,,,,,461.8520939350128,10.0,438.0,4659.0,0.4725669026374817,0.9999993443489075,0.0010000007504693497,0.001,False,128.0,128.0,,
train,,,,,,,461.9633409976959,10.0,439.0,4660.0,0.33165448904037476,0.9999991655349731,0.0009854317653924542,0.001,False,128.0,128.0,,
train,,,,,,,462.07101106643677,10.0,440.0,4661.0,0.3800073266029358,0.9854317307472229,0.0008125529012239409,0.001,False,128.0,128.0,,
train,,,,,,,462.18231534957886,10.0,441.0,4662.0,0.42914798855781555,0.8125525712966919,0.0008901387092075997,0.001,False,128.0,128.0,,
train,,,,,,,462.2883574962616,10.0,442.0,4663.0,0.502859354019165,0.8901378512382507,0.000999998021206412,0.001,False,128.0,128.0,,
train,,,,,,,462.3929352760315,10.0,443.0,4664.0,0.5105962157249451,0.9999991059303284,0.0010000001871979622,0.001,False,128.0,128.0,,
train,,,,,,,462.50598764419556,10.0,444.0,4665.0,0.598610520362854,0.9999992251396179,0.0009999981477165681,0.001,False,128.0,128.0,,
train,,,,,,,462.6061041355133,10.0,445.0,4666.0,0.4390941858291626,0.9999992251396179,0.0009779744255152478,0.001,False,128.0,128.0,,
train,,,,,,,462.7057182788849,10.0,446.0,4667.0,0.4926036596298218,0.9779735803604126,0.0009231388817660608,0.001,False,128.0,128.0,,
train,,,,,,,462.81832575798035,10.0,447.0,4668.0,0.506781280040741,0.9231374263763428,0.000999997952205912,0.001,False,128.0,128.0,,
train,,,,,,,462.9109618663788,10.0,448.0,4669.0,0.40299442410469055,0.9999991655349731,0.0007338834323810495,0.001,False,128.0,128.0,,
train,,,,,,,463.0030686855316,10.0,449.0,4670.0,0.4974578320980072,0.7338826060295105,0.0009999992794238642,0.001,False,128.0,128.0,,
train,,,,,,,463.1111669540405,10.0,450.0,4671.0,0.4308263659477234,0.9999991655349731,0.0008624332668618843,0.001,False,128.0,128.0,,
train,,,,,,,463.2142562866211,10.0,451.0,4672.0,0.3977070748806,0.8624333143234253,0.0009353398207377699,0.001,False,128.0,128.0,,
train,,,,,,,463.31429052352905,10.0,452.0,4673.0,0.48945343494415283,0.9353392124176025,0.0010000012021076352,0.001,False,128.0,128.0,,
train,,,,,,,463.73000621795654,10.0,453.0,4674.0,0.46745264530181885,0.9999991059303284,0.0009211756034217898,0.001,False,128.0,128.0,,
train,,,,,,,463.831670999527,10.0,454.0,4675.0,0.48952433466911316,0.9211733937263489,0.00099999964679686,0.001,False,128.0,128.0,,
train,,,,,,,463.92405557632446,10.0,455.0,4676.0,0.49812909960746765,0.9999991655349731,0.0009427424207421779,0.001,False,128.0,128.0,,
train,,,,,,,464.0211408138275,10.0,456.0,4677.0,0.4460117518901825,0.9427423477172852,0.0009999999859700564,0.001,False,128.0,128.0,,
train,,,,,,,464.11974930763245,10.0,457.0,4678.0,0.43521004915237427,0.9999993443489075,0.0009999998216847887,0.001,False,128.0,128.0,,
train,,,,,,,464.2164103984833,10.0,458.0,4679.0,0.5482492446899414,0.9999989867210388,0.0009999999471677606,0.001,False,128.0,128.0,,
train,,,,,,,464.3133718967438,10.0,459.0,4680.0,0.4203416109085083,0.9999991655349731,0.0009974585138335101,0.001,False,128.0,128.0,,
train,,,,,,,464.4032597541809,10.0,460.0,4681.0,0.42030444741249084,0.9974560141563416,0.0009083246092540701,0.001,False,128.0,128.0,,
train,,,,,,,464.49620628356934,10.0,461.0,4682.0,0.4091182351112366,0.9083269834518433,0.0008514892161426188,0.001,False,128.0,128.0,,
train,,,,,,,464.59516978263855,10.0,462.0,4683.0,0.3682125210762024,0.85148686170578,0.000906796427817829,0.001,False,128.0,128.0,,
train,,,,,,,464.6851849555969,10.0,463.0,4684.0,0.4646223187446594,0.9067965149879456,0.000999998850877376,0.001,False,128.0,128.0,,
train,,,,,,,464.78003334999084,10.0,464.0,4685.0,0.4185411334037781,0.9999990463256836,0.0009146986851180248,0.001,False,128.0,128.0,,
train,,,,,,,464.8744249343872,10.0,465.0,4686.0,0.4526004493236542,0.9146966338157654,0.0009735452143983296,0.001,False,128.0,128.0,,
train,,,,,,,464.968633890152,10.0,466.0,4687.0,0.4576379060745239,0.9735459685325623,0.0009852214625721833,0.001,False,128.0,128.0,,
train,,,,,,,465.0600950717926,10.0,467.0,4688.0,0.4590056240558624,0.9852206110954285,0.0009185907466419267,0.001,False,128.0,128.0,,
train,,,,,,,465.1484045982361,10.0,468.0,4689.0,0.38949906826019287,0.9185917377471924,0.0009999999630994616,0.001,False,128.0,128.0,,
train,,,,,,,465.22263979911804,10.0,469.0,4690.0,0.4743732511997223,0.9999990463256836,0.0009999995768527825,0.001,False,128.0,128.0,,
eval,,,,,,,471.9637942314148,10.0,,4690.0,,,,,False,128.0,128.0,0.4260898050308228,0.8904
