phase,seed,torch_version,cuda_available,device,cudnn_deterministic,cudnn_benchmark,time_sec,epoch,batch,global_step,train_loss,grad_norm,update_norm,lr,tainted,effective_batch_size,original_batch_size,test_loss,test_accuracy,optimizer
meta_begin,123.0,2.6.0+cu124,True,cuda,True,False,0.0,,,,,,,,,,,,,SGD
train,,,,,,,0.0990116596221923,1.0,1.0,1.0,2.3664941787719727,0.0,0.0010000016766717,0.001,False,128.0,128.0,,,SGD
train,,,,,,,0.2383782863616943,1.0,2.0,2.0,2.3405590057373047,0.999999463558197,0.0009999973368633,0.001,False,128.0,128.0,,,SGD
train,,,,,,,0.3271708488464355,1.0,3.0,3.0,2.3433547019958496,0.999999463558197,0.0009999980205957,0.001,False,128.0,128.0,,,SGD
train,,,,,,,0.3627128601074219,1.0,4.0,4.0,2.323523998260498,0.999999463558197,0.0009999987020795,0.001,False,128.0,128.0,,,SGD
train,,,,,,,0.3984389305114746,1.0,5.0,5.0,2.354774713516236,0.9999995231628418,0.0009999989207104,0.001,False,128.0,128.0,,,SGD
train,,,,,,,0.4336793422698974,1.0,6.0,6.0,2.3351619243621826,0.9999993443489076,0.0009999988957304,0.001,False,128.0,128.0,,,SGD
train,,,,,,,0.4669859409332275,1.0,7.0,7.0,2.3459136486053467,0.9999995231628418,0.0010000002867571,0.001,False,128.0,128.0,,,SGD
train,,,,,,,0.5007791519165039,1.0,8.0,8.0,2.3578031063079834,0.999999463558197,0.0009999989716697,0.001,False,128.0,128.0,,,SGD
train,,,,,,,0.5309741497039795,1.0,9.0,9.0,2.382596731185913,0.9999994039535522,0.0009999996528475,0.001,False,128.0,128.0,,,SGD
train,,,,,,,0.5710723400115967,1.0,10.0,10.0,2.3712317943573,0.9999994039535522,0.0009999997976762,0.001,False,128.0,128.0,,,SGD
train,,,,,,,0.6059591770172119,1.0,11.0,11.0,2.355762481689453,0.999999463558197,0.0010000006756126,0.001,False,128.0,128.0,,,SGD
train,,,,,,,0.6443893909454346,1.0,12.0,12.0,2.3506429195404053,0.999999463558197,0.000999998673741,0.001,False,128.0,128.0,,,SGD
train,,,,,,,0.6777923107147217,1.0,13.0,13.0,2.333847999572754,0.9999994039535522,0.0010000003758803,0.001,False,128.0,128.0,,,SGD
train,,,,,,,0.7102243900299072,1.0,14.0,14.0,2.359851837158203,0.999999463558197,0.0010000001798704,0.001,False,128.0,128.0,,,SGD
train,,,,,,,0.7436714172363281,1.0,15.0,15.0,2.318427801132202,0.9999994039535522,0.0009999985230003,0.001,False,128.0,128.0,,,SGD
train,,,,,,,0.7836418151855469,1.0,16.0,16.0,2.320275068283081,0.9999995827674866,0.0009999997820775,0.001,False,128.0,128.0,,,SGD
train,,,,,,,0.8210592269897461,1.0,17.0,17.0,2.327404737472534,0.9999994039535522,0.0010000001888077,0.001,False,128.0,128.0,,,SGD
train,,,,,,,0.8551876544952393,1.0,18.0,18.0,2.312746524810791,0.999999463558197,0.0009999987560087,0.001,False,128.0,128.0,,,SGD
train,,,,,,,0.8865776062011719,1.0,19.0,19.0,2.3284506797790527,0.9999994039535522,0.0009999999150823,0.001,False,128.0,128.0,,,SGD
train,,,,,,,0.9224283695220948,1.0,20.0,20.0,2.3227500915527344,0.9999995231628418,0.000999999266906,0.001,False,128.0,128.0,,,SGD
train,,,,,,,0.9533162117004396,1.0,21.0,21.0,2.328247547149658,0.999999463558197,0.0009999994524522,0.001,False,128.0,128.0,,,SGD
train,,,,,,,0.986736297607422,1.0,22.0,22.0,2.334103584289551,0.9999994039535522,0.0010000000161126,0.001,False,128.0,128.0,,,SGD
train,,,,,,,1.03300142288208,1.0,23.0,23.0,2.3406131267547607,0.999999463558197,0.0009999996142118,0.001,False,128.0,128.0,,,SGD
train,,,,,,,1.0723345279693604,1.0,24.0,24.0,2.36025619506836,0.9999995231628418,0.0009999991795869,0.001,False,128.0,128.0,,,SGD
train,,,,,,,1.118018388748169,1.0,25.0,25.0,2.2862439155578613,0.9999996423721312,0.0010000010479533,0.001,False,128.0,128.0,,,SGD
train,,,,,,,1.1595845222473145,1.0,26.0,26.0,2.3382997512817383,0.9999995231628418,0.0010000008431451,0.001,False,128.0,128.0,,,SGD
train,,,,,,,1.2007057666778564,1.0,27.0,27.0,2.3381383419036865,0.9999995231628418,0.0009999977553074,0.001,False,128.0,128.0,,,SGD
train,,,,,,,1.253387689590454,1.0,28.0,28.0,2.3272745609283447,0.9999994039535522,0.0009999997461618,0.001,False,128.0,128.0,,,SGD
train,,,,,,,1.2886784076690674,1.0,29.0,29.0,2.342047929763794,0.999999463558197,0.0009999996461307,0.001,False,128.0,128.0,,,SGD
train,,,,,,,1.3236191272735596,1.0,30.0,30.0,2.314885139465332,0.9999994039535522,0.0009999987698309,0.001,False,128.0,128.0,,,SGD
train,,,,,,,1.3650636672973633,1.0,31.0,31.0,2.309424638748169,0.999999463558197,0.000999998633884,0.001,False,128.0,128.0,,,SGD
train,,,,,,,1.4136862754821775,1.0,32.0,32.0,2.321016550064087,0.999999463558197,0.0009999993937769,0.001,False,128.0,128.0,,,SGD
train,,,,,,,1.460413932800293,1.0,33.0,33.0,2.3218789100646973,0.999999463558197,0.0010000010058204,0.001,False,128.0,128.0,,,SGD
train,,,,,,,1.497485637664795,1.0,34.0,34.0,2.336019992828369,0.999999463558197,0.0010000001317978,0.001,False,128.0,128.0,,,SGD
train,,,,,,,1.550607442855835,1.0,35.0,35.0,2.302435398101806,0.999999463558197,0.0009999996508491,0.001,False,128.0,128.0,,,SGD
train,,,,,,,1.5957229137420654,1.0,36.0,36.0,2.321450710296631,0.9999994039535522,0.0009999994093477,0.001,False,128.0,128.0,,,SGD
train,,,,,,,1.6250882148742676,1.0,37.0,37.0,2.353635311126709,0.9999994039535522,0.0009999999531074,0.001,False,128.0,128.0,,,SGD
train,,,,,,,1.656693935394287,1.0,38.0,38.0,2.321458339691162,0.999999463558197,0.0009999967924916,0.001,False,128.0,128.0,,,SGD
train,,,,,,,1.692495584487915,1.0,39.0,39.0,2.3205740451812744,0.9999995827674866,0.0009999995309172,0.001,False,128.0,128.0,,,SGD
train,,,,,,,1.7243869304656982,1.0,40.0,40.0,2.2791128158569336,0.999999463558197,0.0010000000733446,0.001,False,128.0,128.0,,,SGD
train,,,,,,,1.7580113410949707,1.0,41.0,41.0,2.3357837200164795,0.999999463558197,0.000999999712189,0.001,False,128.0,128.0,,,SGD
train,,,,,,,1.7918932437896729,1.0,42.0,42.0,2.310502290725708,0.9999994039535522,0.0009999980801871,0.001,False,128.0,128.0,,,SGD
train,,,,,,,1.83016300201416,1.0,43.0,43.0,2.257798433303833,0.999999463558197,0.0009999984168628,0.001,False,128.0,128.0,,,SGD
train,,,,,,,1.859891653060913,1.0,44.0,44.0,2.318225145339966,0.999999463558197,0.0010000000005139,0.001,False,128.0,128.0,,,SGD
train,,,,,,,1.891817569732666,1.0,45.0,45.0,2.304526090621948,0.9999995231628418,0.0009999985975241,0.001,False,128.0,128.0,,,SGD
train,,,,,,,1.935310125350952,1.0,46.0,46.0,2.316170454025269,0.9999995231628418,0.0010000003016341,0.001,False,128.0,128.0,,,SGD
train,,,,,,,1.9771735668182373,1.0,47.0,47.0,2.340128898620605,0.9999995231628418,0.0010000008951868,0.001,False,128.0,128.0,,,SGD
train,,,,,,,2.013881206512451,1.0,48.0,48.0,2.302351951599121,0.999999463558197,0.0009999981464398,0.001,False,128.0,128.0,,,SGD
train,,,,,,,2.0440773963928223,1.0,49.0,49.0,2.298454761505127,0.999999463558197,0.0009999987088241,0.001,False,128.0,128.0,,,SGD
train,,,,,,,2.0773367881774902,1.0,50.0,50.0,2.2676243782043457,0.999999463558197,0.0009999999148047,0.001,False,128.0,128.0,,,SGD
train,,,,,,,2.1144416332244877,1.0,51.0,51.0,2.3059000968933105,0.9999993443489076,0.0009999980350564,0.001,False,128.0,128.0,,,SGD
train,,,,,,,2.149874448776245,1.0,52.0,52.0,2.28794002532959,0.9999994039535522,0.0009999993855057,0.001,False,128.0,128.0,,,SGD
train,,,,,,,2.3289170265197754,1.0,53.0,53.0,2.3066940307617188,0.9999994039535522,0.000999999381842,0.001,False,128.0,128.0,,,SGD
train,,,,,,,2.359630584716797,1.0,54.0,54.0,2.294788122177124,0.999999463558197,0.0010000001834787,0.001,False,128.0,128.0,,,SGD
train,,,,,,,2.3879916667938232,1.0,55.0,55.0,2.2825636863708496,0.9999993443489076,0.0010000005869336,0.001,False,128.0,128.0,,,SGD
train,,,,,,,2.418524742126465,1.0,56.0,56.0,2.260183334350586,0.999999463558197,0.0009999990586003,0.001,False,128.0,128.0,,,SGD
train,,,,,,,2.455721616744995,1.0,57.0,57.0,2.306440830230713,0.999999463558197,0.0009999986744072,0.001,False,128.0,128.0,,,SGD
train,,,,,,,2.489414930343628,1.0,58.0,58.0,2.2944042682647705,0.999999463558197,0.000999999716269,0.001,False,128.0,128.0,,,SGD
train,,,,,,,2.52082633972168,1.0,59.0,59.0,2.267049789428711,0.9999994039535522,0.0009999998966803,0.001,False,128.0,128.0,,,SGD
train,,,,,,,2.5560832023620605,1.0,60.0,60.0,2.2954258918762207,0.9999995231628418,0.0009999997922638,0.001,False,128.0,128.0,,,SGD
train,,,,,,,2.5893030166625977,1.0,61.0,61.0,2.2930986881256104,0.9999995231628418,0.0009999998103605,0.001,False,128.0,128.0,,,SGD
train,,,,,,,2.624375820159912,1.0,62.0,62.0,2.276667356491089,0.9999994039535522,0.0009999999843324,0.001,False,128.0,128.0,,,SGD
train,,,,,,,2.65775728225708,1.0,63.0,63.0,2.271493673324585,0.999999463558197,0.0009999988147118,0.001,False,128.0,128.0,,,SGD
train,,,,,,,2.695273399353028,1.0,64.0,64.0,2.260805130004883,0.9999994039535522,0.0009999997517684,0.001,False,128.0,128.0,,,SGD
train,,,,,,,2.72904372215271,1.0,65.0,65.0,2.29010009765625,0.999999463558197,0.000999999208203,0.001,False,128.0,128.0,,,SGD
train,,,,,,,2.761343479156494,1.0,66.0,66.0,2.273683547973633,0.9999995231628418,0.0009999979113496,0.001,False,128.0,128.0,,,SGD
train,,,,,,,2.798963785171509,1.0,67.0,67.0,2.272575855255127,0.999999463558197,0.0010000008282959,0.001,False,128.0,128.0,,,SGD
train,,,,,,,2.841730833053589,1.0,68.0,68.0,2.2789902687072754,0.999999463558197,0.0009999996709442,0.001,False,128.0,128.0,,,SGD
train,,,,,,,2.8799116611480717,1.0,69.0,69.0,2.264702796936035,0.999999463558197,0.0009999993998276,0.001,False,128.0,128.0,,,SGD
train,,,,,,,2.908818244934082,1.0,70.0,70.0,2.253537893295288,0.999999463558197,0.000999999603165,0.001,False,128.0,128.0,,,SGD
train,,,,,,,2.9370195865631104,1.0,71.0,71.0,2.265920639038086,0.9999994039535522,0.0009999992579687,0.001,False,128.0,128.0,,,SGD
train,,,,,,,2.9709651470184326,1.0,72.0,72.0,2.248704433441162,0.9999994039535522,0.0010000005555975,0.001,False,128.0,128.0,,,SGD
train,,,,,,,3.0033998489379883,1.0,73.0,73.0,2.2716469764709477,0.999999463558197,0.0010000002494814,0.001,False,128.0,128.0,,,SGD
train,,,,,,,3.037397623062134,1.0,74.0,74.0,2.284921884536743,0.999999463558197,0.0009999990725336,0.001,False,128.0,128.0,,,SGD
train,,,,,,,3.0710036754608154,1.0,75.0,75.0,2.2531533241271973,0.9999994039535522,0.0009999997392784,0.001,False,128.0,128.0,,,SGD
train,,,,,,,3.1026642322540283,1.0,76.0,76.0,2.3019232749938965,0.999999463558197,0.0009999986870637,0.001,False,128.0,128.0,,,SGD
train,,,,,,,3.139604330062866,1.0,77.0,77.0,2.26517105102539,0.999999463558197,0.0009999996985332,0.001,False,128.0,128.0,,,SGD
train,,,,,,,3.1748485565185547,1.0,78.0,78.0,2.2431485652923584,0.9999994039535522,0.0009999979696086,0.001,False,128.0,128.0,,,SGD
train,,,,,,,3.211502313613892,1.0,79.0,79.0,2.292234420776367,0.9999994039535522,0.0010000007601282,0.001,False,128.0,128.0,,,SGD
train,,,,,,,3.244511604309082,1.0,80.0,80.0,2.2575230598449707,0.9999994039535522,0.0010000002499255,0.001,False,128.0,128.0,,,SGD
train,,,,,,,3.2809805870056152,1.0,81.0,81.0,2.2870142459869385,0.9999993443489076,0.0009999983514983,0.001,False,128.0,128.0,,,SGD
train,,,,,,,3.314756155014038,1.0,82.0,82.0,2.285438537597656,0.999999463558197,0.0009999991685402,0.001,False,128.0,128.0,,,SGD
train,,,,,,,3.3454480171203613,1.0,83.0,83.0,2.2491250038146973,0.999999463558197,0.000999998751651,0.001,False,128.0,128.0,,,SGD
train,,,,,,,3.38372015953064,1.0,84.0,84.0,2.2537755966186523,0.9999994039535522,0.0009999984404828,0.001,False,128.0,128.0,,,SGD
train,,,,,,,3.415409564971924,1.0,85.0,85.0,2.2768971920013428,0.999999463558197,0.0009999985041542,0.001,False,128.0,128.0,,,SGD
train,,,,,,,3.4549670219421387,1.0,86.0,86.0,2.268512725830078,0.9999994039535522,0.0009999989676729,0.001,False,128.0,128.0,,,SGD
train,,,,,,,3.49332857131958,1.0,87.0,87.0,2.2723922729492188,0.999999463558197,0.0009999998716725,0.001,False,128.0,128.0,,,SGD
train,,,,,,,3.528275966644287,1.0,88.0,88.0,2.2370970249176025,0.9999995231628418,0.0009999991485007,0.001,False,128.0,128.0,,,SGD
train,,,,,,,3.5566823482513428,1.0,89.0,89.0,2.244950771331787,0.999999463558197,0.000999998396851,0.001,False,128.0,128.0,,,SGD
train,,,,,,,3.5910720825195312,1.0,90.0,90.0,2.2603299617767334,0.9999993443489076,0.0009999999421162,0.001,False,128.0,128.0,,,SGD
train,,,,,,,3.6225996017456055,1.0,91.0,91.0,2.2566475868225098,0.9999993443489076,0.0010000000757315,0.001,False,128.0,128.0,,,SGD
train,,,,,,,3.656550884246826,1.0,92.0,92.0,2.258981704711914,0.999999463558197,0.0009999997306742,0.001,False,128.0,128.0,,,SGD
train,,,,,,,3.6901869773864746,1.0,93.0,93.0,2.254959344863892,0.999999463558197,0.0009999981502423,0.001,False,128.0,128.0,,,SGD
train,,,,,,,3.724377393722534,1.0,94.0,94.0,2.2672483921051025,0.999999463558197,0.0009999996131015,0.001,False,128.0,128.0,,,SGD
train,,,,,,,3.756181955337525,1.0,95.0,95.0,2.24573016166687,0.9999995827674866,0.0010000012071591,0.001,False,128.0,128.0,,,SGD
train,,,,,,,3.7895195484161377,1.0,96.0,96.0,2.24059534072876,0.9999994039535522,0.0010000003866217,0.001,False,128.0,128.0,,,SGD
train,,,,,,,3.822268724441528,1.0,97.0,97.0,2.2171952724456787,0.9999994039535522,0.0010000009863637,0.001,False,128.0,128.0,,,SGD
train,,,,,,,3.860652685165405,1.0,98.0,98.0,2.2553086280822754,0.999999463558197,0.0009999991314865,0.001,False,128.0,128.0,,,SGD
train,,,,,,,3.890125274658203,1.0,99.0,99.0,2.2278101444244385,0.999999463558197,0.0009999982400595,0.001,False,128.0,128.0,,,SGD
train,,,,,,,3.919008731842041,1.0,100.0,100.0,2.241377830505371,0.9999994039535522,0.0009999980955359,0.001,False,128.0,128.0,,,SGD
train,,,,,,,3.947708368301392,1.0,101.0,101.0,2.2511754035949707,0.999999463558197,0.0009999985188369,0.001,False,128.0,128.0,,,SGD
train,,,,,,,3.981842279434204,1.0,102.0,102.0,2.2318432331085205,0.9999995231628418,0.0010000002539778,0.001,False,128.0,128.0,,,SGD
train,,,,,,,4.017789125442505,1.0,103.0,103.0,2.2240893840789795,0.9999995231628418,0.0009999997572918,0.001,False,128.0,128.0,,,SGD
train,,,,,,,4.047496557235718,1.0,104.0,104.0,2.241187810897827,0.9999994039535522,0.0009999988288949,0.001,False,128.0,128.0,,,SGD
train,,,,,,,4.078133583068848,1.0,105.0,105.0,2.2291364669799805,0.9999994039535522,0.0009999999674015,0.001,False,128.0,128.0,,,SGD
train,,,,,,,4.114501714706421,1.0,106.0,106.0,2.2414889335632324,0.9999994039535522,0.0010000010747929,0.001,False,128.0,128.0,,,SGD
train,,,,,,,4.157932996749878,1.0,107.0,107.0,2.22651481628418,0.9999995231628418,0.0009999987920632,0.001,False,128.0,128.0,,,SGD
train,,,,,,,4.190103054046631,1.0,108.0,108.0,2.2362828254699707,0.999999463558197,0.0010000005942055,0.001,False,128.0,128.0,,,SGD
train,,,,,,,4.228370904922485,1.0,109.0,109.0,2.2410778999328613,0.999999463558197,0.0009999997708643,0.001,False,128.0,128.0,,,SGD
train,,,,,,,4.269378423690796,1.0,110.0,110.0,2.2162790298461914,0.9999995231628418,0.0009999991490835,0.001,False,128.0,128.0,,,SGD
train,,,,,,,4.302095413208008,1.0,111.0,111.0,2.233074903488159,0.999999463558197,0.0009999996488507,0.001,False,128.0,128.0,,,SGD
train,,,,,,,4.333667993545532,1.0,112.0,112.0,2.226948976516724,0.9999993443489076,0.0010000001216948,0.001,False,128.0,128.0,,,SGD
train,,,,,,,4.368654012680054,1.0,113.0,113.0,2.1924853324890137,0.999999463558197,0.0010000007683439,0.001,False,128.0,128.0,,,SGD
train,,,,,,,4.404834747314453,1.0,114.0,114.0,2.234013319015503,0.999999463558197,0.0010000002486765,0.001,False,128.0,128.0,,,SGD
train,,,,,,,4.436646938323975,1.0,115.0,115.0,2.241010427474976,0.9999992847442628,0.0009999998969856,0.001,False,128.0,128.0,,,SGD
train,,,,,,,4.470539569854736,1.0,116.0,116.0,2.215698480606079,0.9999993443489076,0.0009999976451453,0.001,False,128.0,128.0,,,SGD
train,,,,,,,4.500538110733032,1.0,117.0,117.0,2.22890567779541,0.9999995231628418,0.0009999991567718,0.001,False,128.0,128.0,,,SGD
train,,,,,,,4.535396099090576,1.0,118.0,118.0,2.2353391647338867,0.9999994039535522,0.0009999999755617,0.001,False,128.0,128.0,,,SGD
train,,,,,,,4.572944402694702,1.0,119.0,119.0,2.248224973678589,0.9999994039535522,0.0010000004001109,0.001,False,128.0,128.0,,,SGD
train,,,,,,,4.605881452560425,1.0,120.0,120.0,2.216135025024414,0.9999994039535522,0.001000000030934,0.001,False,128.0,128.0,,,SGD
train,,,,,,,4.638660192489624,1.0,121.0,121.0,2.2330150604248047,0.999999463558197,0.0009999991529693,0.001,False,128.0,128.0,,,SGD
train,,,,,,,4.674872159957886,1.0,122.0,122.0,2.225071668624878,0.999999463558197,0.0009999986584754,0.001,False,128.0,128.0,,,SGD
train,,,,,,,4.7048656940460205,1.0,123.0,123.0,2.2303261756896973,0.9999994039535522,0.0010000000465049,0.001,False,128.0,128.0,,,SGD
train,,,,,,,4.739739656448364,1.0,124.0,124.0,2.192775249481201,0.9999994039535522,0.0009999990615701,0.001,False,128.0,128.0,,,SGD
train,,,,,,,4.775802373886108,1.0,125.0,125.0,2.215545892715454,0.9999995231628418,0.0009999993479801,0.001,False,128.0,128.0,,,SGD
train,,,,,,,4.815183877944946,1.0,126.0,126.0,2.214228868484497,0.9999994039535522,0.000999999973369,0.001,False,128.0,128.0,,,SGD
train,,,,,,,4.8487982749938965,1.0,127.0,127.0,2.2184813022613525,0.9999994039535522,0.0010000008951868,0.001,False,128.0,128.0,,,SGD
train,,,,,,,4.885920286178589,1.0,128.0,128.0,2.226986885070801,0.999999463558197,0.0009999987146806,0.001,False,128.0,128.0,,,SGD
train,,,,,,,4.923246145248413,1.0,129.0,129.0,2.1705844402313232,0.9999994039535522,0.0009999994674402,0.001,False,128.0,128.0,,,SGD
train,,,,,,,4.95600175857544,1.0,130.0,130.0,2.2045605182647705,0.9999995231628418,0.0009999982752259,0.001,False,128.0,128.0,,,SGD
train,,,,,,,4.992302417755127,1.0,131.0,131.0,2.1901683807373047,0.999999463558197,0.0009999992286866,0.001,False,128.0,128.0,,,SGD
train,,,,,,,5.026824235916138,1.0,132.0,132.0,2.2342851161956787,0.999999463558197,0.000999999669945,0.001,False,128.0,128.0,,,SGD
train,,,,,,,5.059595823287964,1.0,133.0,133.0,2.18212366104126,0.9999993443489076,0.0009999989446913,0.001,False,128.0,128.0,,,SGD
train,,,,,,,5.093860864639282,1.0,134.0,134.0,2.209346294403076,0.9999993443489076,0.0009999995046327,0.001,False,128.0,128.0,,,SGD
train,,,,,,,5.130179643630981,1.0,135.0,135.0,2.2029128074646,0.9999994039535522,0.0009999995940334,0.001,False,128.0,128.0,,,SGD
train,,,,,,,5.17162299156189,1.0,136.0,136.0,2.207929372787476,0.9999995231628418,0.0009999988550962,0.001,False,128.0,128.0,,,SGD
train,,,,,,,5.204389333724976,1.0,137.0,137.0,2.173948049545288,0.999999463558197,0.0010000018968841,0.001,False,128.0,128.0,,,SGD
train,,,,,,,5.240718841552734,1.0,138.0,138.0,2.197784423828125,0.9999995231628418,0.0009999995517894,0.001,False,128.0,128.0,,,SGD
train,,,,,,,5.283209323883057,1.0,139.0,139.0,2.197995901107788,0.999999463558197,0.0009999988304492,0.001,False,128.0,128.0,,,SGD
train,,,,,,,5.323156595230103,1.0,140.0,140.0,2.208371877670288,0.9999994039535522,0.0009999999417831,0.001,False,128.0,128.0,,,SGD
train,,,,,,,5.364210605621338,1.0,141.0,141.0,2.2247440814971924,0.999999463558197,0.0009999994199226,0.001,False,128.0,128.0,,,SGD
train,,,,,,,5.408106565475464,1.0,142.0,142.0,2.191405773162842,0.9999994039535522,0.0009999999982657,0.001,False,128.0,128.0,,,SGD
train,,,,,,,5.448522329330444,1.0,143.0,143.0,2.1847586631774902,0.9999994039535522,0.0009999980194855,0.001,False,128.0,128.0,,,SGD
train,,,,,,,5.485501289367676,1.0,144.0,144.0,2.178088665008545,0.999999463558197,0.0009999996359721,0.001,False,128.0,128.0,,,SGD
train,,,,,,,5.517187595367432,1.0,145.0,145.0,2.2226240634918213,0.999999463558197,0.0010000007869401,0.001,False,128.0,128.0,,,SGD
train,,,,,,,5.555214166641235,1.0,146.0,146.0,2.2031116485595703,0.999999463558197,0.0009999980312539,0.001,False,128.0,128.0,,,SGD
train,,,,,,,5.597535371780396,1.0,147.0,147.0,2.176530599594116,0.9999994039535522,0.0009999978103191,0.001,False,128.0,128.0,,,SGD
train,,,,,,,5.636758089065552,1.0,148.0,148.0,2.1853578090667725,0.9999995231628418,0.0009999984622987,0.001,False,128.0,128.0,,,SGD
train,,,,,,,5.678098201751709,1.0,149.0,149.0,2.2004261016845703,0.9999994039535522,0.0009999992563312,0.001,False,128.0,128.0,,,SGD
train,,,,,,,5.7156822681427,1.0,150.0,150.0,2.188993453979492,0.9999994039535522,0.0010000014084423,0.001,False,128.0,128.0,,,SGD
train,,,,,,,5.752112627029419,1.0,151.0,151.0,2.1647696495056152,0.9999995231628418,0.0009999990708682,0.001,False,128.0,128.0,,,SGD
train,,,,,,,5.784264087677002,1.0,152.0,152.0,2.2065582275390625,0.999999463558197,0.0010000001129795,0.001,False,128.0,128.0,,,SGD
train,,,,,,,5.823716163635254,1.0,153.0,153.0,2.1729445457458496,0.9999994039535522,0.0009999993371832,0.001,False,128.0,128.0,,,SGD
train,,,,,,,5.855679273605347,1.0,154.0,154.0,2.166417598724365,0.9999995231628418,0.0009999999991817,0.001,False,128.0,128.0,,,SGD
train,,,,,,,5.890433549880981,1.0,155.0,155.0,2.1534693241119385,0.9999994039535522,0.0009999988891801,0.001,False,128.0,128.0,,,SGD
train,,,,,,,5.929964542388916,1.0,156.0,156.0,2.179706573486328,0.9999994039535522,0.0009999984718467,0.001,False,128.0,128.0,,,SGD
train,,,,,,,5.964480400085449,1.0,157.0,157.0,2.183906555175781,0.9999994039535522,0.0009999978556163,0.001,False,128.0,128.0,,,SGD
train,,,,,,,6.003381013870239,1.0,158.0,158.0,2.177942991256714,0.9999995827674866,0.0010000021315848,0.001,False,128.0,128.0,,,SGD
train,,,,,,,6.043543100357056,1.0,159.0,159.0,2.1719274520874023,0.999999463558197,0.000999999826542,0.001,False,128.0,128.0,,,SGD
train,,,,,,,6.080889463424683,1.0,160.0,160.0,2.1793053150177,0.9999993443489076,0.0009999991137784,0.001,False,128.0,128.0,,,SGD
train,,,,,,,6.116251230239868,1.0,161.0,161.0,2.159343004226685,0.9999994039535522,0.0010000016076715,0.001,False,128.0,128.0,,,SGD
train,,,,,,,6.16171932220459,1.0,162.0,162.0,2.1775074005126958,0.999999463558197,0.0009999993045149,0.001,False,128.0,128.0,,,SGD
train,,,,,,,6.199652194976807,1.0,163.0,163.0,2.156676769256592,0.999999463558197,0.0010000004202059,0.001,False,128.0,128.0,,,SGD
train,,,,,,,6.243565320968628,1.0,164.0,164.0,2.1796507835388184,0.999999463558197,0.0009999991646822,0.001,False,128.0,128.0,,,SGD
train,,,,,,,6.277757406234741,1.0,165.0,165.0,2.169252872467041,0.9999995231628418,0.0010000008317376,0.001,False,128.0,128.0,,,SGD
train,,,,,,,6.312026023864746,1.0,166.0,166.0,2.17427659034729,0.9999993443489076,0.0009999998527432,0.001,False,128.0,128.0,,,SGD
train,,,,,,,6.346775531768799,1.0,167.0,167.0,2.160849094390869,0.999999463558197,0.0009999988865433,0.001,False,128.0,128.0,,,SGD
train,,,,,,,6.383368253707886,1.0,168.0,168.0,2.1653478145599365,0.9999994039535522,0.0009999983784768,0.001,False,128.0,128.0,,,SGD
train,,,,,,,6.423049211502075,1.0,169.0,169.0,2.139833927154541,0.9999993443489076,0.0009999991570494,0.001,False,128.0,128.0,,,SGD
train,,,,,,,6.4684343338012695,1.0,170.0,170.0,2.170109510421753,0.9999995231628418,0.0009999993572505,0.001,False,128.0,128.0,,,SGD
train,,,,,,,6.507535934448242,1.0,171.0,171.0,2.2052371501922607,0.9999994039535522,0.0010000000396493,0.001,False,128.0,128.0,,,SGD
train,,,,,,,6.541930675506592,1.0,172.0,172.0,2.1773853302001958,0.9999994039535522,0.0009999991930206,0.001,False,128.0,128.0,,,SGD
train,,,,,,,6.580353260040283,1.0,173.0,173.0,2.164952754974365,0.9999994039535522,0.0009999994754616,0.001,False,128.0,128.0,,,SGD
train,,,,,,,6.623805999755859,1.0,174.0,174.0,2.1510002613067627,0.9999993443489076,0.0009999986219213,0.001,False,128.0,128.0,,,SGD
train,,,,,,,6.658611297607422,1.0,175.0,175.0,2.170515298843384,0.999999463558197,0.0010000001964683,0.001,False,128.0,128.0,,,SGD
train,,,,,,,6.691574335098267,1.0,176.0,176.0,2.1548759937286377,0.9999994039535522,0.0010000019725456,0.001,False,128.0,128.0,,,SGD
train,,,,,,,6.728604316711426,1.0,177.0,177.0,2.135097026824951,0.999999463558197,0.000999999085773,0.001,False,128.0,128.0,,,SGD
train,,,,,,,6.763988494873047,1.0,178.0,178.0,2.172614574432373,0.9999994039535522,0.0009999991364825,0.001,False,128.0,128.0,,,SGD
train,,,,,,,6.80769681930542,1.0,179.0,179.0,2.1755712032318115,0.9999994039535522,0.0009999982220461,0.001,False,128.0,128.0,,,SGD
train,,,,,,,6.8386523723602295,1.0,180.0,180.0,2.173356771469116,0.9999994039535522,0.0009999995629749,0.001,False,128.0,128.0,,,SGD
train,,,,,,,6.874853134155273,1.0,181.0,181.0,2.132588148117065,0.9999993443489076,0.0009999995042719,0.001,False,128.0,128.0,,,SGD
train,,,,,,,6.920623302459717,1.0,182.0,182.0,2.1335277557373047,0.9999995231628418,0.0010000017107278,0.001,False,128.0,128.0,,,SGD
train,,,,,,,6.991858959197998,1.0,183.0,183.0,2.1462764739990234,0.999999463558197,0.0009999992273543,0.001,False,128.0,128.0,,,SGD
train,,,,,,,7.039056301116943,1.0,184.0,184.0,2.1662826538085938,0.999999463558197,0.0009999986379918,0.001,False,128.0,128.0,,,SGD
train,,,,,,,7.097949028015137,1.0,185.0,185.0,2.1293344497680664,0.9999993443489076,0.0009999987428525,0.001,False,128.0,128.0,,,SGD
train,,,,,,,7.143603801727295,1.0,186.0,186.0,2.1645967960357666,0.9999994039535522,0.0010000004996146,0.001,False,128.0,128.0,,,SGD
train,,,,,,,7.327160835266113,1.0,187.0,187.0,2.131466627120972,0.9999995231628418,0.0009999997071652,0.001,False,128.0,128.0,,,SGD
train,,,,,,,7.359761714935303,1.0,188.0,188.0,2.152315378189087,0.9999995231628418,0.0010000004498211,0.001,False,128.0,128.0,,,SGD
train,,,,,,,7.393758296966553,1.0,189.0,189.0,2.1743626594543457,0.9999995231628418,0.0009999983623785,0.001,False,128.0,128.0,,,SGD
train,,,,,,,7.429504871368408,1.0,190.0,190.0,2.1401169300079346,0.999999463558197,0.0009999986999701,0.001,False,128.0,128.0,,,SGD
train,,,,,,,7.466763257980347,1.0,191.0,191.0,2.1735169887542725,0.9999994039535522,0.0009999983557172,0.001,False,128.0,128.0,,,SGD
train,,,,,,,7.505209922790527,1.0,192.0,192.0,2.166818857192993,0.9999994039535522,0.001000001106684,0.001,False,128.0,128.0,,,SGD
train,,,,,,,7.536552667617798,1.0,193.0,193.0,2.10251784324646,0.9999993443489076,0.0009999997236243,0.001,False,128.0,128.0,,,SGD
train,,,,,,,7.569708585739136,1.0,194.0,194.0,2.137782335281372,0.9999994039535522,0.0009999985531151,0.001,False,128.0,128.0,,,SGD
train,,,,,,,7.608221769332886,1.0,195.0,195.0,2.142351627349853,0.9999994039535522,0.0010000002574195,0.001,False,128.0,128.0,,,SGD
train,,,,,,,7.6435346603393555,1.0,196.0,196.0,2.1344597339630127,0.999999463558197,0.0010000005777742,0.001,False,128.0,128.0,,,SGD
train,,,,,,,7.676686763763428,1.0,197.0,197.0,2.119450807571411,0.9999994039535522,0.0009999994111519,0.001,False,128.0,128.0,,,SGD
train,,,,,,,7.709262132644653,1.0,198.0,198.0,2.1507487297058105,0.9999993443489076,0.0009999994084318,0.001,False,128.0,128.0,,,SGD
train,,,,,,,7.743412256240845,1.0,199.0,199.0,2.1353437900543213,0.999999463558197,0.0009999973615103,0.001,False,128.0,128.0,,,SGD
train,,,,,,,7.77744722366333,1.0,200.0,200.0,2.1315903663635254,0.9999993443489076,0.0009999991171646,0.001,False,128.0,128.0,,,SGD
train,,,,,,,7.814486026763916,1.0,201.0,201.0,2.1439151763916016,0.999999463558197,0.0009999989374748,0.001,False,128.0,128.0,,,SGD
train,,,,,,,7.85055947303772,1.0,202.0,202.0,2.1152634620666504,0.999999463558197,0.0009999993522545,0.001,False,128.0,128.0,,,SGD
train,,,,,,,7.887585639953613,1.0,203.0,203.0,2.128392457962036,0.999999463558197,0.0009999999855537,0.001,False,128.0,128.0,,,SGD
train,,,,,,,7.923350095748901,1.0,204.0,204.0,2.142904996871948,0.9999994039535522,0.00100000088414,0.001,False,128.0,128.0,,,SGD
train,,,,,,,7.961498022079468,1.0,205.0,205.0,2.074822902679444,0.9999995231628418,0.0009999985305221,0.001,False,128.0,128.0,,,SGD
train,,,,,,,7.993114948272705,1.0,206.0,206.0,2.1196696758270264,0.9999995231628418,0.0009999994899222,0.001,False,128.0,128.0,,,SGD
train,,,,,,,8.033765077590942,1.0,207.0,207.0,2.164989709854126,0.9999995827674866,0.0009999985196696,0.001,False,128.0,128.0,,,SGD
train,,,,,,,8.065752983093262,1.0,208.0,208.0,2.1335153579711914,0.9999995231628418,0.0009999996797704,0.001,False,128.0,128.0,,,SGD
train,,,,,,,8.099758625030518,1.0,209.0,209.0,2.105236530303955,0.999999463558197,0.000999999588066,0.001,False,128.0,128.0,,,SGD
train,,,,,,,8.137699127197266,1.0,210.0,210.0,2.1349294185638428,0.9999992847442628,0.0010000004853204,0.001,False,128.0,128.0,,,SGD
train,,,,,,,8.169532060623169,1.0,211.0,211.0,2.1296191215515137,0.9999994039535522,0.000999999886494,0.001,False,128.0,128.0,,,SGD
train,,,,,,,8.20249056816101,1.0,212.0,212.0,2.095839500427246,0.999999463558197,0.0009999996914278,0.001,False,128.0,128.0,,,SGD
train,,,,,,,8.242615461349487,1.0,213.0,213.0,2.1273021697998047,0.9999995231628418,0.0009999986783762,0.001,False,128.0,128.0,,,SGD
train,,,,,,,8.27971863746643,1.0,214.0,214.0,2.120236873626709,0.999999463558197,0.0009999995791842,0.001,False,128.0,128.0,,,SGD
train,,,,,,,8.3131103515625,1.0,215.0,215.0,2.130857229232788,0.9999994039535522,0.0009999987224799,0.001,False,128.0,128.0,,,SGD
train,,,,,,,8.34633493423462,1.0,216.0,216.0,2.095294713973999,0.9999993443489076,0.0009999998052812,0.001,False,128.0,128.0,,,SGD
train,,,,,,,8.383146286010742,1.0,217.0,217.0,2.133317470550537,0.9999995231628418,0.0009999999794197,0.001,False,128.0,128.0,,,SGD
train,,,,,,,8.420467138290405,1.0,218.0,218.0,2.1166441440582275,0.9999994039535522,0.0009999985797883,0.001,False,128.0,128.0,,,SGD
train,,,,,,,8.454963684082031,1.0,219.0,219.0,2.11342453956604,0.999999463558197,0.0010000002407107,0.001,False,128.0,128.0,,,SGD
train,,,,,,,8.491699695587158,1.0,220.0,220.0,2.102539539337158,0.9999995231628418,0.0010000008291563,0.001,False,128.0,128.0,,,SGD
train,,,,,,,8.52157187461853,1.0,221.0,221.0,2.1002140045166016,0.9999995231628418,0.0009999999787258,0.001,False,128.0,128.0,,,SGD
train,,,,,,,8.552971839904785,1.0,222.0,222.0,2.0926008224487305,0.999999463558197,0.0009999990939609,0.001,False,128.0,128.0,,,SGD
train,,,,,,,8.585203886032104,1.0,223.0,223.0,2.106880187988281,0.999999463558197,0.0009999999681232,0.001,False,128.0,128.0,,,SGD
train,,,,,,,8.619091510772705,1.0,224.0,224.0,2.142220020294189,0.9999995231628418,0.0009999988146285,0.001,False,128.0,128.0,,,SGD
train,,,,,,,8.650815963745117,1.0,225.0,225.0,2.1088297367095947,0.9999993443489076,0.0010000006913777,0.001,False,128.0,128.0,,,SGD
train,,,,,,,8.684361457824707,1.0,226.0,226.0,2.1527252197265625,0.9999994039535522,0.0009999982473592,0.001,False,128.0,128.0,,,SGD
train,,,,,,,8.717496156692505,1.0,227.0,227.0,2.126718759536743,0.999999463558197,0.0009999997769427,0.001,False,128.0,128.0,,,SGD
train,,,,,,,8.750316619873047,1.0,228.0,228.0,2.073858976364136,0.9999994039535522,0.0009999992547768,0.001,False,128.0,128.0,,,SGD
train,,,,,,,8.788635492324829,1.0,229.0,229.0,2.1160223484039307,0.999999463558197,0.0009999991449202,0.001,False,128.0,128.0,,,SGD
train,,,,,,,8.81953763961792,1.0,230.0,230.0,2.120440721511841,0.9999994039535522,0.0010000004154597,0.001,False,128.0,128.0,,,SGD
train,,,,,,,8.848491430282593,1.0,231.0,231.0,2.118781089782715,0.999999463558197,0.0009999990340088,0.001,False,128.0,128.0,,,SGD
train,,,,,,,8.878414392471313,1.0,232.0,232.0,2.086003541946411,0.9999993443489076,0.0009999996368881,0.001,False,128.0,128.0,,,SGD
train,,,,,,,8.907258033752441,1.0,233.0,233.0,2.0843846797943115,0.9999994039535522,0.0009999995898146,0.001,False,128.0,128.0,,,SGD
train,,,,,,,8.939998149871826,1.0,234.0,234.0,2.0884485244750977,0.9999994039535522,0.0009999995042441,0.001,False,128.0,128.0,,,SGD
train,,,,,,,8.975889444351196,1.0,235.0,235.0,2.113753080368042,0.999999463558197,0.0010000006206011,0.001,False,128.0,128.0,,,SGD
train,,,,,,,9.012582302093506,1.0,236.0,236.0,2.134573221206665,0.9999995231628418,0.0010000010585004,0.001,False,128.0,128.0,,,SGD
train,,,,,,,9.049432754516602,1.0,237.0,237.0,2.100050449371338,0.9999994039535522,0.0009999998742816,0.001,False,128.0,128.0,,,SGD
train,,,,,,,9.082688331604004,1.0,238.0,238.0,2.074254274368286,0.9999994039535522,0.0010000013365277,0.001,False,128.0,128.0,,,SGD
train,,,,,,,9.128000736236572,1.0,239.0,239.0,2.106283187866211,0.9999994039535522,0.0009999990033666,0.001,False,128.0,128.0,,,SGD
train,,,,,,,9.15989375114441,1.0,240.0,240.0,2.123838186264038,0.9999993443489076,0.0010000000952992,0.001,False,128.0,128.0,,,SGD
train,,,,,,,9.195891618728638,1.0,241.0,241.0,2.0989415645599365,0.9999994039535522,0.0009999983789209,0.001,False,128.0,128.0,,,SGD
train,,,,,,,9.229381322860718,1.0,242.0,242.0,2.109336853027344,0.9999994039535522,0.0009999978536179,0.001,False,128.0,128.0,,,SGD
train,,,,,,,9.269442558288574,1.0,243.0,243.0,2.0728001594543457,0.999999463558197,0.0009999976890269,0.001,False,128.0,128.0,,,SGD
train,,,,,,,9.304622650146484,1.0,244.0,244.0,2.108981847763061,0.9999994039535522,0.0010000000661281,0.001,False,128.0,128.0,,,SGD
train,,,,,,,9.340802669525146,1.0,245.0,245.0,2.069974660873413,0.999999463558197,0.0010000013361113,0.001,False,128.0,128.0,,,SGD
train,,,,,,,9.37683653831482,1.0,246.0,246.0,2.1069626808166504,0.9999995231628418,0.0010000001445654,0.001,False,128.0,128.0,,,SGD
train,,,,,,,9.414770364761353,1.0,247.0,247.0,2.06986927986145,0.999999463558197,0.0009999980271461,0.001,False,128.0,128.0,,,SGD
train,,,,,,,9.452319145202637,1.0,248.0,248.0,2.09866714477539,0.999999463558197,0.0010000002134824,0.001,False,128.0,128.0,,,SGD
train,,,,,,,9.497533798217772,1.0,249.0,249.0,2.084667444229126,0.999999463558197,0.0009999988067182,0.001,False,128.0,128.0,,,SGD
train,,,,,,,9.57326364517212,1.0,250.0,250.0,2.1057090759277344,0.999999463558197,0.0009999987102674,0.001,False,128.0,128.0,,,SGD
train,,,,,,,9.613952159881592,1.0,251.0,251.0,2.073634386062622,0.9999993443489076,0.0009999996770226,0.001,False,128.0,128.0,,,SGD
train,,,,,,,9.644133806228638,1.0,252.0,252.0,2.07655930519104,0.999999463558197,0.0009999992813112,0.001,False,128.0,128.0,,,SGD
train,,,,,,,9.67688536643982,1.0,253.0,253.0,2.069035768508911,0.9999994039535522,0.0010000010987182,0.001,False,128.0,128.0,,,SGD
train,,,,,,,9.716997623443604,1.0,254.0,254.0,2.101588726043701,0.9999994039535522,0.000999999891379,0.001,False,128.0,128.0,,,SGD
train,,,,,,,9.757707595825195,1.0,255.0,255.0,2.0560035705566406,0.999999463558197,0.0009999981847703,0.001,False,128.0,128.0,,,SGD
train,,,,,,,9.79511857032776,1.0,256.0,256.0,2.09708833694458,0.9999994039535522,0.0009999985090392,0.001,False,128.0,128.0,,,SGD
train,,,,,,,9.83600902557373,1.0,257.0,257.0,2.057298183441162,0.999999463558197,0.0009999998379773,0.001,False,128.0,128.0,,,SGD
train,,,,,,,9.87194037437439,1.0,258.0,258.0,2.058164358139038,0.9999995231628418,0.0010000001468413,0.001,False,128.0,128.0,,,SGD
train,,,,,,,9.905615329742432,1.0,259.0,259.0,2.0784401893615723,0.9999993443489076,0.0010000006786379,0.001,False,128.0,128.0,,,SGD
train,,,,,,,9.946402311325071,1.0,260.0,260.0,2.052558422088623,0.999999463558197,0.0009999992352369,0.001,False,128.0,128.0,,,SGD
train,,,,,,,9.980937480926514,1.0,261.0,261.0,2.096951723098755,0.999999463558197,0.0010000004990317,0.001,False,128.0,128.0,,,SGD
train,,,,,,,10.01854968070984,1.0,262.0,262.0,2.085761785507202,0.999999463558197,0.0009999992703755,0.001,False,128.0,128.0,,,SGD
train,,,,,,,10.053173065185549,1.0,263.0,263.0,2.044910430908203,0.9999994039535522,0.0010000001109811,0.001,False,128.0,128.0,,,SGD
train,,,,,,,10.095881700515749,1.0,264.0,264.0,2.079523801803589,0.999999463558197,0.001000001144265,0.001,False,128.0,128.0,,,SGD
train,,,,,,,10.132288455963137,1.0,265.0,265.0,2.0571281909942627,0.999999463558197,0.0009999988512104,0.001,False,128.0,128.0,,,SGD
train,,,,,,,10.17185926437378,1.0,266.0,266.0,2.038969755172729,0.9999994039535522,0.0009999989958449,0.001,False,128.0,128.0,,,SGD
train,,,,,,,10.216267585754396,1.0,267.0,267.0,2.0872151851654053,0.9999994039535522,0.000999998770164,0.001,False,128.0,128.0,,,SGD
train,,,,,,,10.251672506332396,1.0,268.0,268.0,2.0743093490600586,0.999999463558197,0.0009999974321762,0.001,False,128.0,128.0,,,SGD
train,,,,,,,10.286862134933472,1.0,269.0,269.0,2.0557003021240234,0.999999463558197,0.0009999972919269,0.001,False,128.0,128.0,,,SGD
train,,,,,,,10.319196939468384,1.0,270.0,270.0,2.065787076950073,0.9999994039535522,0.0009999996716658,0.001,False,128.0,128.0,,,SGD
train,,,,,,,10.350388050079346,1.0,271.0,271.0,2.051431894302368,0.999999463558197,0.0009999986110133,0.001,False,128.0,128.0,,,SGD
train,,,,,,,10.38401174545288,1.0,272.0,272.0,2.0616378784179688,0.9999994039535522,0.0009999982463045,0.001,False,128.0,128.0,,,SGD
train,,,,,,,10.418975353240969,1.0,273.0,273.0,2.0979349613189697,0.9999994039535522,0.0009999995368847,0.001,False,128.0,128.0,,,SGD
train,,,,,,,10.457845449447632,1.0,274.0,274.0,2.050791025161743,0.9999993443489076,0.0010000005044718,0.001,False,128.0,128.0,,,SGD
train,,,,,,,10.496833324432371,1.0,275.0,275.0,2.0666608810424805,0.9999994039535522,0.0009999990095561,0.001,False,128.0,128.0,,,SGD
train,,,,,,,10.535919904708862,1.0,276.0,276.0,2.0440399646759038,0.9999994039535522,0.0009999978485386,0.001,False,128.0,128.0,,,SGD
train,,,,,,,10.57191801071167,1.0,277.0,277.0,2.0490260124206543,0.9999995231628418,0.0009999995728559,0.001,False,128.0,128.0,,,SGD
train,,,,,,,10.604734897613524,1.0,278.0,278.0,2.062110185623169,0.999999463558197,0.0009999984988251,0.001,False,128.0,128.0,,,SGD
train,,,,,,,10.650382041931152,1.0,279.0,279.0,2.0452566146850586,0.9999994039535522,0.0010000001369603,0.001,False,128.0,128.0,,,SGD
train,,,,,,,10.692131757736206,1.0,280.0,280.0,2.0666632652282715,0.9999994039535522,0.0010000006700337,0.001,False,128.0,128.0,,,SGD
train,,,,,,,10.72909379005432,1.0,281.0,281.0,2.096449851989746,0.9999993443489076,0.0009999992965768,0.001,False,128.0,128.0,,,SGD
train,,,,,,,10.767879009246826,1.0,282.0,282.0,2.084311962127685,0.9999994039535522,0.0010000006578768,0.001,False,128.0,128.0,,,SGD
train,,,,,,,10.818612575531006,1.0,283.0,283.0,1.9945485591888428,0.999999463558197,0.0009999994283603,0.001,False,128.0,128.0,,,SGD
train,,,,,,,10.863209009170532,1.0,284.0,284.0,2.081917762756348,0.9999993443489076,0.0010000004449916,0.001,False,128.0,128.0,,,SGD
train,,,,,,,10.898875713348389,1.0,285.0,285.0,2.056869506835937,0.9999994039535522,0.0010000003043542,0.001,False,128.0,128.0,,,SGD
train,,,,,,,10.938706398010254,1.0,286.0,286.0,2.0070459842681885,0.999999463558197,0.0010000001972177,0.001,False,128.0,128.0,,,SGD
train,,,,,,,10.978988885879517,1.0,287.0,287.0,2.0713083744049072,0.999999463558197,0.0010000009350992,0.001,False,128.0,128.0,,,SGD
train,,,,,,,11.02080464363098,1.0,288.0,288.0,2.040649175643921,0.9999993443489076,0.0010000009101192,0.001,False,128.0,128.0,,,SGD
train,,,,,,,11.06166124343872,1.0,289.0,289.0,2.0274155139923096,0.999999463558197,0.0009999986421551,0.001,False,128.0,128.0,,,SGD
train,,,,,,,11.104341506958008,1.0,290.0,290.0,2.029444932937622,0.999999463558197,0.0009999988192082,0.001,False,128.0,128.0,,,SGD
train,,,,,,,11.14949345588684,1.0,291.0,291.0,2.0702931880950928,0.9999994039535522,0.000999997907214,0.001,False,128.0,128.0,,,SGD
train,,,,,,,11.18970274925232,1.0,292.0,292.0,2.036262989044189,0.9999992847442628,0.0009999994107633,0.001,False,128.0,128.0,,,SGD
train,,,,,,,11.291616916656494,1.0,293.0,293.0,2.053016662597656,0.9999994039535522,0.0010000006449427,0.001,False,128.0,128.0,,,SGD
train,,,,,,,11.36491322517395,1.0,294.0,294.0,2.0658483505249023,0.999999463558197,0.0009999995338593,0.001,False,128.0,128.0,,,SGD
train,,,,,,,11.518760204315186,1.0,295.0,295.0,2.043852567672729,0.999999463558197,0.0010000006044196,0.001,False,128.0,128.0,,,SGD
train,,,,,,,11.55682921409607,1.0,296.0,296.0,2.032224416732788,0.9999994039535522,0.0009999993707952,0.001,False,128.0,128.0,,,SGD
train,,,,,,,11.586359024047852,1.0,297.0,297.0,2.059690475463867,0.999999463558197,0.0009999993368779,0.001,False,128.0,128.0,,,SGD
train,,,,,,,11.619646549224854,1.0,298.0,298.0,2.1002755165100098,0.9999994039535522,0.0009999987837643,0.001,False,128.0,128.0,,,SGD
train,,,,,,,11.655922174453735,1.0,299.0,299.0,2.004699945449829,0.999999463558197,0.0009999992463114,0.001,False,128.0,128.0,,,SGD
train,,,,,,,11.686508178710938,1.0,300.0,300.0,2.0450360774993896,0.9999994039535522,0.0009999996533471,0.001,False,128.0,128.0,,,SGD
train,,,,,,,11.715843439102173,1.0,301.0,301.0,2.0146095752716064,0.999999463558197,0.0009999999170529,0.001,False,128.0,128.0,,,SGD
train,,,,,,,11.74817705154419,1.0,302.0,302.0,2.0246450901031494,0.9999993443489076,0.0009999984635755,0.001,False,128.0,128.0,,,SGD
train,,,,,,,11.7820725440979,1.0,303.0,303.0,2.050650358200073,0.9999992847442628,0.0009999989430814,0.001,False,128.0,128.0,,,SGD
train,,,,,,,11.822827339172363,1.0,304.0,304.0,2.05668568611145,0.9999993443489076,0.0009999986369926,0.001,False,128.0,128.0,,,SGD
train,,,,,,,11.859341382980348,1.0,305.0,305.0,2.0384929180145264,0.999999463558197,0.0009999995209252,0.001,False,128.0,128.0,,,SGD
train,,,,,,,11.897437810897827,1.0,306.0,306.0,2.0361328125,0.9999992847442628,0.0009999979409648,0.001,False,128.0,128.0,,,SGD
train,,,,,,,11.933247327804564,1.0,307.0,307.0,2.047168731689453,0.999999463558197,0.0009999995805165,0.001,False,128.0,128.0,,,SGD
train,,,,,,,11.96474814414978,1.0,308.0,308.0,2.0284552574157715,0.9999993443489076,0.0009999972904003,0.001,False,128.0,128.0,,,SGD
train,,,,,,,11.996636867523192,1.0,309.0,309.0,1.99382483959198,0.9999993443489076,0.0009999978446805,0.001,False,128.0,128.0,,,SGD
train,,,,,,,12.02838397026062,1.0,310.0,310.0,2.0244734287261963,0.999999463558197,0.0009999998114429,0.001,False,128.0,128.0,,,SGD
train,,,,,,,12.063568353652954,1.0,311.0,311.0,2.022022485733032,0.999999463558197,0.001000000477993,0.001,False,128.0,128.0,,,SGD
train,,,,,,,12.096279382705688,1.0,312.0,312.0,2.034552574157715,0.999999463558197,0.0009999996912613,0.001,False,128.0,128.0,,,SGD
train,,,,,,,12.129889488220217,1.0,313.0,313.0,2.0260701179504395,0.9999995231628418,0.0010000004638099,0.001,False,128.0,128.0,,,SGD
train,,,,,,,12.163715839385986,1.0,314.0,314.0,2.0140221118927,0.9999994039535522,0.0009999981112734,0.001,False,128.0,128.0,,,SGD
train,,,,,,,12.201726913452148,1.0,315.0,315.0,1.9927951097488403,0.999999463558197,0.0009999998307053,0.001,False,128.0,128.0,,,SGD
train,,,,,,,12.234431743621826,1.0,316.0,316.0,1.995056629180908,0.999999463558197,0.001000000283482,0.001,False,128.0,128.0,,,SGD
train,,,,,,,12.27369785308838,1.0,317.0,317.0,2.0156750679016118,0.9999995231628418,0.0009999989410275,0.001,False,128.0,128.0,,,SGD
train,,,,,,,12.309555292129517,1.0,318.0,318.0,2.0098226070404053,0.9999994039535522,0.0009999990240723,0.001,False,128.0,128.0,,,SGD
train,,,,,,,12.34001612663269,1.0,319.0,319.0,2.041722059249878,0.9999994039535522,0.0009999994755171,0.001,False,128.0,128.0,,,SGD
train,,,,,,,12.374451160430908,1.0,320.0,320.0,1.989601969718933,0.9999994039535522,0.0009999983518314,0.001,False,128.0,128.0,,,SGD
train,,,,,,,12.407946586608888,1.0,321.0,321.0,2.021329402923584,0.999999463558197,0.0009999995943388,0.001,False,128.0,128.0,,,SGD
train,,,,,,,12.444663047790527,1.0,322.0,322.0,2.0503830909729004,0.9999993443489076,0.0009999981465508,0.001,False,128.0,128.0,,,SGD
train,,,,,,,12.477768659591677,1.0,323.0,323.0,1.9813153743743896,0.9999994039535522,0.0009999986966116,0.001,False,128.0,128.0,,,SGD
train,,,,,,,12.508689403533936,1.0,324.0,324.0,1.9909617900848389,0.9999995231628418,0.0009999996886522,0.001,False,128.0,128.0,,,SGD
train,,,,,,,12.542043924331663,1.0,325.0,325.0,2.0259032249450684,0.999999463558197,0.0010000003494847,0.001,False,128.0,128.0,,,SGD
train,,,,,,,12.5752911567688,1.0,326.0,326.0,1.9989761114120483,0.9999994039535522,0.0009999987559809,0.001,False,128.0,128.0,,,SGD
train,,,,,,,12.609851360321043,1.0,327.0,327.0,2.042900562286377,0.9999993443489076,0.0009999995209252,0.001,False,128.0,128.0,,,SGD
train,,,,,,,12.643269777297974,1.0,328.0,328.0,2.033267974853516,0.9999994039535522,0.0009999993312713,0.001,False,128.0,128.0,,,SGD
train,,,,,,,12.679371118545532,1.0,329.0,329.0,2.026402473449707,0.9999995231628418,0.0009999983924101,0.001,False,128.0,128.0,,,SGD
train,,,,,,,12.708885192871094,1.0,330.0,330.0,2.0071613788604736,0.9999994039535522,0.0009999994521746,0.001,False,128.0,128.0,,,SGD
train,,,,,,,12.741621494293211,1.0,331.0,331.0,2.0512349605560303,0.9999993443489076,0.0009999994089037,0.001,False,128.0,128.0,,,SGD
train,,,,,,,12.776160717010498,1.0,332.0,332.0,2.00297474861145,0.9999994039535522,0.0009999982462767,0.001,False,128.0,128.0,,,SGD
train,,,,,,,12.812629699707031,1.0,333.0,333.0,2.028181314468384,0.9999993443489076,0.0009999999906885,0.001,False,128.0,128.0,,,SGD
train,,,,,,,12.847954750061035,1.0,334.0,334.0,1.99596643447876,0.9999995231628418,0.0009999976245228,0.001,False,128.0,128.0,,,SGD
train,,,,,,,12.881439447402954,1.0,335.0,335.0,1.977201223373413,0.9999994039535522,0.0009999989294812,0.001,False,128.0,128.0,,,SGD
train,,,,,,,12.91219162940979,1.0,336.0,336.0,1.988044261932373,0.9999993443489076,0.0009999996510712,0.001,False,128.0,128.0,,,SGD
train,,,,,,,12.94605803489685,1.0,337.0,337.0,2.0083348751068115,0.9999994039535522,0.0010000005962594,0.001,False,128.0,128.0,,,SGD
train,,,,,,,12.980212450027466,1.0,338.0,338.0,2.025848388671875,0.999999463558197,0.0010000000727062,0.001,False,128.0,128.0,,,SGD
train,,,,,,,13.018978834152222,1.0,339.0,339.0,1.987950325012207,0.9999994039535522,0.0009999999047572,0.001,False,128.0,128.0,,,SGD
train,,,,,,,13.055664539337158,1.0,340.0,340.0,1.990564584732056,0.9999994039535522,0.0009999991255468,0.001,False,128.0,128.0,,,SGD
train,,,,,,,13.0856032371521,1.0,341.0,341.0,1.9727988243103027,0.999999463558197,0.0010000000542487,0.001,False,128.0,128.0,,,SGD
train,,,,,,,13.114901781082152,1.0,342.0,342.0,2.009117126464844,0.999999463558197,0.0009999979616428,0.001,False,128.0,128.0,,,SGD
train,,,,,,,13.15039086341858,1.0,343.0,343.0,2.003209352493286,0.9999994039535522,0.0009999992123385,0.001,False,128.0,128.0,,,SGD
train,,,,,,,13.184680223464966,1.0,344.0,344.0,1.9634668827056885,0.9999994039535522,0.0010000007316788,0.001,False,128.0,128.0,,,SGD
train,,,,,,,13.21645712852478,1.0,345.0,345.0,1.991635799407959,0.9999995231628418,0.00099999863888,0.001,False,128.0,128.0,,,SGD
train,,,,,,,13.250025749206545,1.0,346.0,346.0,2.00899076461792,0.9999994039535522,0.0009999987669166,0.001,False,128.0,128.0,,,SGD
train,,,,,,,13.288304090499878,1.0,347.0,347.0,1.9400721788406368,0.9999993443489076,0.0009999989354209,0.001,False,128.0,128.0,,,SGD
train,,,,,,,13.324460744857788,1.0,348.0,348.0,2.023347854614258,0.9999994039535522,0.0009999984717079,0.001,False,128.0,128.0,,,SGD
train,,,,,,,13.361756324768066,1.0,349.0,349.0,1.986535906791687,0.9999994039535522,0.0009999998383103,0.001,False,128.0,128.0,,,SGD
train,,,,,,,13.397419691085815,1.0,350.0,350.0,1.9418823719024656,0.999999463558197,0.0009999994803743,0.001,False,128.0,128.0,,,SGD
train,,,,,,,13.43561863899231,1.0,351.0,351.0,2.017292022705078,0.999999463558197,0.0010000003207022,0.001,False,128.0,128.0,,,SGD
train,,,,,,,13.472234725952148,1.0,352.0,352.0,2.007973909378052,0.9999994039535522,0.0009999998089172,0.001,False,128.0,128.0,,,SGD
train,,,,,,,13.50920867919922,1.0,353.0,353.0,1.963139533996582,0.9999993443489076,0.0010000016024257,0.001,False,128.0,128.0,,,SGD
train,,,,,,,13.54161286354065,1.0,354.0,354.0,1.978458404541016,0.9999995827674866,0.0010000000767862,0.001,False,128.0,128.0,,,SGD
train,,,,,,,13.575590372085571,1.0,355.0,355.0,1.991742491722107,0.9999994039535522,0.000999999732062,0.001,False,128.0,128.0,,,SGD
train,,,,,,,13.60972285270691,1.0,356.0,356.0,1.9893277883529663,0.9999993443489076,0.0009999980720547,0.001,False,128.0,128.0,,,SGD
train,,,,,,,13.643139123916626,1.0,357.0,357.0,1.956097960472107,0.9999993443489076,0.0009999992314066,0.001,False,128.0,128.0,,,SGD
train,,,,,,,13.679968118667604,1.0,358.0,358.0,1.9474143981933596,0.9999993443489076,0.0010000015515498,0.001,False,128.0,128.0,,,SGD
train,,,,,,,13.716424703598022,1.0,359.0,359.0,1.983959078788757,0.999999463558197,0.0009999997815779,0.001,False,128.0,128.0,,,SGD
train,,,,,,,13.752156257629396,1.0,360.0,360.0,1.965777277946472,0.9999995231628418,0.0009999995652231,0.001,False,128.0,128.0,,,SGD
train,,,,,,,13.789563179016112,1.0,361.0,361.0,2.0264194011688232,0.9999994039535522,0.0009999996063569,0.001,False,128.0,128.0,,,SGD
train,,,,,,,13.82280206680298,1.0,362.0,362.0,2.0116076469421387,0.9999994039535522,0.0009999988806591,0.001,False,128.0,128.0,,,SGD
train,,,,,,,13.854416131973268,1.0,363.0,363.0,1.9703054428100584,0.9999993443489076,0.0009999992250228,0.001,False,128.0,128.0,,,SGD
train,,,,,,,13.890307903289797,1.0,364.0,364.0,1.9965739250183103,0.999999463558197,0.0009999980397471,0.001,False,128.0,128.0,,,SGD
train,,,,,,,13.925715923309326,1.0,365.0,365.0,1.9811861515045168,0.9999994039535522,0.0009999992213591,0.001,False,128.0,128.0,,,SGD
train,,,,,,,13.960286617279053,1.0,366.0,366.0,1.9886159896850584,0.9999995231628418,0.0010000011477345,0.001,False,128.0,128.0,,,SGD
train,,,,,,,13.996079683303831,1.0,367.0,367.0,1.9637646675109863,0.999999463558197,0.0009999978960562,0.001,False,128.0,128.0,,,SGD
train,,,,,,,14.029370069503784,1.0,368.0,368.0,1.9898661375045776,0.9999994039535522,0.0009999993253593,0.001,False,128.0,128.0,,,SGD
train,,,,,,,14.065431118011476,1.0,369.0,369.0,1.919399380683899,0.9999993443489076,0.0009999989607895,0.001,False,128.0,128.0,,,SGD
train,,,,,,,14.10391926765442,1.0,370.0,370.0,1.969656229019165,0.9999995231628418,0.0009999986853706,0.001,False,128.0,128.0,,,SGD
train,,,,,,,14.137353420257568,1.0,371.0,371.0,1.937345623970032,0.999999463558197,0.0010000002253341,0.001,False,128.0,128.0,,,SGD
train,,,,,,,14.175327777862549,1.0,372.0,372.0,1.9316115379333496,0.9999995231628418,0.0009999978241969,0.001,False,128.0,128.0,,,SGD
train,,,,,,,14.218300819396973,1.0,373.0,373.0,1.9077012538909912,0.9999994039535522,0.0009999985493959,0.001,False,128.0,128.0,,,SGD
train,,,,,,,14.2547128200531,1.0,374.0,374.0,1.91498064994812,0.999999463558197,0.0010000000080912,0.001,False,128.0,128.0,,,SGD
train,,,,,,,14.299890518188477,1.0,375.0,375.0,1.9861406087875368,0.999999463558197,0.0009999970917254,0.001,False,128.0,128.0,,,SGD
train,,,,,,,14.338696718215942,1.0,376.0,376.0,1.9478169679641724,0.9999994039535522,0.0010000003358567,0.001,False,128.0,128.0,,,SGD
train,,,,,,,14.380432844161987,1.0,377.0,377.0,1.988534688949585,0.9999993443489076,0.0009999990808603,0.001,False,128.0,128.0,,,SGD
train,,,,,,,14.418276071548462,1.0,378.0,378.0,1.92280375957489,0.9999993443489076,0.000999999916137,0.001,False,128.0,128.0,,,SGD
train,,,,,,,14.482603788375854,1.0,379.0,379.0,1.988489031791687,0.9999994039535522,0.0009999994151487,0.001,False,128.0,128.0,,,SGD
train,,,,,,,14.51644253730774,1.0,380.0,380.0,1.9619141817092896,0.9999995231628418,0.0009999988140179,0.001,False,128.0,128.0,,,SGD
train,,,,,,,14.54805302619934,1.0,381.0,381.0,1.919718027114868,0.9999994039535522,0.0009999997125775,0.001,False,128.0,128.0,,,SGD
train,,,,,,,14.58181929588318,1.0,382.0,382.0,1.9635761976242063,0.9999994039535522,0.0010000001271904,0.001,False,128.0,128.0,,,SGD
train,,,,,,,14.619365930557253,1.0,383.0,383.0,1.9521313905715945,0.9999994039535522,0.0009999978063222,0.001,False,128.0,128.0,,,SGD
train,,,,,,,14.654162883758543,1.0,384.0,384.0,1.982914447784424,0.9999994039535522,0.000999999277703,0.001,False,128.0,128.0,,,SGD
train,,,,,,,14.687837839126589,1.0,385.0,385.0,1.9734429121017456,0.9999993443489076,0.000999999777137,0.001,False,128.0,128.0,,,SGD
train,,,,,,,14.723704099655151,1.0,386.0,386.0,1.939711689949036,0.9999994039535522,0.0009999995685816,0.001,False,128.0,128.0,,,SGD
train,,,,,,,14.75792407989502,1.0,387.0,387.0,1.9893927574157717,0.9999994039535522,0.0009999992945229,0.001,False,128.0,128.0,,,SGD
train,,,,,,,14.805272579193115,1.0,388.0,388.0,1.9474118947982788,0.9999993443489076,0.0009999988216784,0.001,False,128.0,128.0,,,SGD
train,,,,,,,14.83719801902771,1.0,389.0,389.0,1.9808058738708496,0.9999993443489076,0.0009999978743236,0.001,False,128.0,128.0,,,SGD
train,,,,,,,14.876956701278688,1.0,390.0,390.0,1.9121878147125244,0.9999995231628418,0.00100000095908,0.001,False,128.0,128.0,,,SGD
train,,,,,,,14.91242265701294,1.0,391.0,391.0,1.9389443397521973,0.9999993443489076,0.0009999992394558,0.001,False,128.0,128.0,,,SGD
train,,,,,,,14.945404529571531,1.0,392.0,392.0,1.9514306783676147,0.9999994039535522,0.000999997234667,0.001,False,128.0,128.0,,,SGD
train,,,,,,,14.98022437095642,1.0,393.0,393.0,1.914430260658264,0.999999463558197,0.0009999982680094,0.001,False,128.0,128.0,,,SGD
train,,,,,,,15.315176725387571,1.0,394.0,394.0,1.90653932094574,0.999999463558197,0.0009999977766237,0.001,False,128.0,128.0,,,SGD
train,,,,,,,15.349793195724487,1.0,395.0,395.0,1.9743160009384155,0.9999992847442628,0.0009999994280273,0.001,False,128.0,128.0,,,SGD
train,,,,,,,15.386555910110474,1.0,396.0,396.0,1.970200061798096,0.999999463558197,0.0009999981411107,0.001,False,128.0,128.0,,,SGD
train,,,,,,,15.415452241897585,1.0,397.0,397.0,1.9777482748031616,0.9999994039535522,0.000999999332437,0.001,False,128.0,128.0,,,SGD
train,,,,,,,15.447344779968262,1.0,398.0,398.0,1.9178661108016968,0.9999992847442628,0.0009999989782478,0.001,False,128.0,128.0,,,SGD
train,,,,,,,15.47831678390503,1.0,399.0,399.0,1.948525309562683,0.9999994039535522,0.0009999974379216,0.001,False,128.0,128.0,,,SGD
train,,,,,,,15.511418581008911,1.0,400.0,400.0,1.9370893239974976,0.9999994039535522,0.0009999992838092,0.001,False,128.0,128.0,,,SGD
train,,,,,,,15.543733596801758,1.0,401.0,401.0,1.8893029689788816,0.9999994039535522,0.000999999948833,0.001,False,128.0,128.0,,,SGD
train,,,,,,,15.574467658996582,1.0,402.0,402.0,1.94075345993042,0.9999995231628418,0.0009999989397785,0.001,False,128.0,128.0,,,SGD
train,,,,,,,15.60663628578186,1.0,403.0,403.0,1.921371579170227,0.9999993443489076,0.0010000001759292,0.001,False,128.0,128.0,,,SGD
train,,,,,,,15.638371467590332,1.0,404.0,404.0,1.9805768728256223,0.9999994039535522,0.0009999981237634,0.001,False,128.0,128.0,,,SGD
train,,,,,,,15.67301058769226,1.0,405.0,405.0,1.940311074256897,0.9999992847442628,0.0009999985977739,0.001,False,128.0,128.0,,,SGD
train,,,,,,,15.70756721496582,1.0,406.0,406.0,1.9476215839385984,0.9999994039535522,0.0009999972638659,0.001,False,128.0,128.0,,,SGD
train,,,,,,,15.74384069442749,1.0,407.0,407.0,1.9482007026672363,0.999999463558197,0.0010000022577336,0.001,False,128.0,128.0,,,SGD
train,,,,,,,15.781137943267822,1.0,408.0,408.0,1.9091938734054563,0.9999993443489076,0.0009999997285925,0.001,False,128.0,128.0,,,SGD
train,,,,,,,15.815608739852903,1.0,409.0,409.0,1.9330679178237915,0.9999995231628418,0.0009999994174801,0.001,False,128.0,128.0,,,SGD
train,,,,,,,15.853293657302856,1.0,410.0,410.0,1.879950165748596,0.9999995231628418,0.0010000002346599,0.001,False,128.0,128.0,,,SGD
train,,,,,,,15.888350486755373,1.0,411.0,411.0,1.97453773021698,0.9999994039535522,0.0010000024183825,0.001,False,128.0,128.0,,,SGD
train,,,,,,,15.926187992095947,1.0,412.0,412.0,1.9032635688781736,0.999999463558197,0.0010000014806067,0.001,False,128.0,128.0,,,SGD
train,,,,,,,15.96390986442566,1.0,413.0,413.0,1.8802475929260252,0.9999994039535522,0.0009999989158532,0.001,False,128.0,128.0,,,SGD
train,,,,,,,15.999701738357544,1.0,414.0,414.0,1.888038754463196,0.999999463558197,0.0010000003540644,0.001,False,128.0,128.0,,,SGD
train,,,,,,,16.034846544265747,1.0,415.0,415.0,1.8957130908966064,0.9999995231628418,0.0009999993903629,0.001,False,128.0,128.0,,,SGD
train,,,,,,,16.06801724433899,1.0,416.0,416.0,1.8495644330978396,0.9999995231628418,0.0009999992252449,0.001,False,128.0,128.0,,,SGD
train,,,,,,,16.108275175094604,1.0,417.0,417.0,1.9185609817504885,0.9999995827674866,0.0010000008398699,0.001,False,128.0,128.0,,,SGD
train,,,,,,,16.139604330062866,1.0,418.0,418.0,1.895892143249512,0.999999463558197,0.0009999982133308,0.001,False,128.0,128.0,,,SGD
train,,,,,,,16.172005891799927,1.0,419.0,419.0,1.9009748697280884,0.999999225139618,0.0010000008749252,0.001,False,128.0,128.0,,,SGD
train,,,,,,,16.2093665599823,1.0,420.0,420.0,1.8934195041656492,0.999999463558197,0.0010000008831964,0.001,False,128.0,128.0,,,SGD
train,,,,,,,16.24537491798401,1.0,421.0,421.0,1.904522180557251,0.999999463558197,0.0010000000652399,0.001,False,128.0,128.0,,,SGD
train,,,,,,,16.29084348678589,1.0,422.0,422.0,1.8786858320236208,0.9999995231628418,0.0009999987617541,0.001,False,128.0,128.0,,,SGD
train,,,,,,,16.321820735931396,1.0,423.0,423.0,1.9238786697387693,0.9999994039535522,0.0010000008462815,0.001,False,128.0,128.0,,,SGD
train,,,,,,,16.356229305267334,1.0,424.0,424.0,1.8847700357437132,0.9999993443489076,0.0009999991878026,0.001,False,128.0,128.0,,,SGD
train,,,,,,,16.392024517059326,1.0,425.0,425.0,1.9150238037109373,0.9999994039535522,0.0010000001911114,0.001,False,128.0,128.0,,,SGD
train,,,,,,,16.432018518447876,1.0,426.0,426.0,1.917306423187256,0.9999994039535522,0.000999999765563,0.001,False,128.0,128.0,,,SGD
train,,,,,,,16.464375495910645,1.0,427.0,427.0,1.901278376579285,0.9999994039535522,0.0010000020397695,0.001,False,128.0,128.0,,,SGD
train,,,,,,,16.493897438049316,1.0,428.0,428.0,1.896942377090454,0.999999463558197,0.0009999984571917,0.001,False,128.0,128.0,,,SGD
train,,,,,,,16.524402379989624,1.0,429.0,429.0,1.851712942123413,0.999999463558197,0.0009999975348721,0.001,False,128.0,128.0,,,SGD
train,,,,,,,16.556384563446045,1.0,430.0,430.0,1.93388032913208,0.9999994039535522,0.0009999976576075,0.001,False,128.0,128.0,,,SGD
train,,,,,,,16.591617822647095,1.0,431.0,431.0,1.9128665924072263,0.999999463558197,0.0010000003004684,0.001,False,128.0,128.0,,,SGD
train,,,,,,,16.628204345703125,1.0,432.0,432.0,1.9002236127853396,0.9999995231628418,0.0009999991069505,0.001,False,128.0,128.0,,,SGD
train,,,,,,,16.66005301475525,1.0,433.0,433.0,1.9243193864822388,0.9999995231628418,0.0009999987834312,0.001,False,128.0,128.0,,,SGD
train,,,,,,,16.694884300231934,1.0,434.0,434.0,1.9076125621795652,0.9999994039535522,0.0009999995603104,0.001,False,128.0,128.0,,,SGD
train,,,,,,,16.726163864135742,1.0,435.0,435.0,1.8649173974990845,0.9999994039535522,0.0010000001021548,0.001,False,128.0,128.0,,,SGD
train,,,,,,,16.76264476776123,1.0,436.0,436.0,1.918785572052002,0.9999994039535522,0.0010000005780795,0.001,False,128.0,128.0,,,SGD
train,,,,,,,16.795493841171265,1.0,437.0,437.0,1.9233410358428955,0.999999463558197,0.001000000150283,0.001,False,128.0,128.0,,,SGD
train,,,,,,,16.828964710235596,1.0,438.0,438.0,1.892183303833008,0.999999463558197,0.001000000359449,0.001,False,128.0,128.0,,,SGD
train,,,,,,,16.864762544631958,1.0,439.0,439.0,1.902652144432068,0.9999992847442628,0.0009999988598701,0.001,False,128.0,128.0,,,SGD
train,,,,,,,16.903742790222168,1.0,440.0,440.0,1.885914921760559,0.9999993443489076,0.0010000000392607,0.001,False,128.0,128.0,,,SGD
train,,,,,,,16.935429334640503,1.0,441.0,441.0,1.9174408912658687,0.999999463558197,0.000999998866587,0.001,False,128.0,128.0,,,SGD
train,,,,,,,16.97018027305603,1.0,442.0,442.0,1.8821477890014648,0.9999994039535522,0.0009999987450174,0.001,False,128.0,128.0,,,SGD
train,,,,,,,17.00731372833252,1.0,443.0,443.0,1.92375910282135,0.999999463558197,0.0010000009448137,0.001,False,128.0,128.0,,,SGD
train,,,,,,,17.04169487953186,1.0,444.0,444.0,1.8459436893463133,0.9999994039535522,0.0010000011806526,0.001,False,128.0,128.0,,,SGD
train,,,,,,,17.07622766494751,1.0,445.0,445.0,1.9274568557739256,0.999999463558197,0.0009999984884445,0.001,False,128.0,128.0,,,SGD
train,,,,,,,17.116626739501953,1.0,446.0,446.0,1.9053183794021609,0.999999463558197,0.0010000009826722,0.001,False,128.0,128.0,,,SGD
train,,,,,,,17.155996561050415,1.0,447.0,447.0,1.9041883945465088,0.9999995231628418,0.0010000000255564,0.001,False,128.0,128.0,,,SGD
train,,,,,,,17.193560123443604,1.0,448.0,448.0,1.8789371252059937,0.9999992847442628,0.0010000000064536,0.001,False,128.0,128.0,,,SGD
train,,,,,,,17.22973346710205,1.0,449.0,449.0,1.9067264795303345,0.9999994039535522,0.0009999986688283,0.001,False,128.0,128.0,,,SGD
train,,,,,,,17.263898849487305,1.0,450.0,450.0,1.9085410833358765,0.9999994039535522,0.0009999984493369,0.001,False,128.0,128.0,,,SGD
train,,,,,,,17.301925897598267,1.0,451.0,451.0,1.86495578289032,0.9999994039535522,0.0009999987485424,0.001,False,128.0,128.0,,,SGD
train,,,,,,,17.335262537002563,1.0,452.0,452.0,1.8167437314987185,0.999999463558197,0.0009999987682211,0.001,False,128.0,128.0,,,SGD
train,,,,,,,17.372535705566406,1.0,453.0,453.0,1.931318283081055,0.999999463558197,0.0009999995864007,0.001,False,128.0,128.0,,,SGD
train,,,,,,,17.405529975891113,1.0,454.0,454.0,1.8658264875411987,0.9999993443489076,0.000999997557937,0.001,False,128.0,128.0,,,SGD
train,,,,,,,17.44369864463806,1.0,455.0,455.0,1.8542121648788448,0.9999994039535522,0.0009999995810993,0.001,False,128.0,128.0,,,SGD
train,,,,,,,17.479271173477173,1.0,456.0,456.0,1.8503215312957764,0.9999994039535522,0.0009999995555364,0.001,False,128.0,128.0,,,SGD
train,,,,,,,17.51487636566162,1.0,457.0,457.0,1.879547119140625,0.999999463558197,0.000999999533443,0.001,False,128.0,128.0,,,SGD
train,,,,,,,17.553039073944092,1.0,458.0,458.0,1.9297003746032717,0.9999992847442628,0.0009999997429977,0.001,False,128.0,128.0,,,SGD
train,,,,,,,17.58819890022278,1.0,459.0,459.0,1.852519989013672,0.9999994039535522,0.0009999990024229,0.001,False,128.0,128.0,,,SGD
train,,,,,,,17.62806987762451,1.0,460.0,460.0,1.8931957483291624,0.9999994039535522,0.0009999987136813,0.001,False,128.0,128.0,,,SGD
train,,,,,,,17.665117740631104,1.0,461.0,461.0,1.8989295959472656,0.9999995231628418,0.0010000010586114,0.001,False,128.0,128.0,,,SGD
train,,,,,,,17.69778275489807,1.0,462.0,462.0,1.879322171211243,0.9999993443489076,0.001000000238851,0.001,False,128.0,128.0,,,SGD
train,,,,,,,17.734468460083008,1.0,463.0,463.0,1.9281741380691528,0.9999993443489076,0.0009999994184516,0.001,False,128.0,128.0,,,SGD
train,,,,,,,17.77239680290222,1.0,464.0,464.0,1.858309864997864,0.9999993443489076,0.0009999972293379,0.001,False,128.0,128.0,,,SGD
train,,,,,,,17.810644149780273,1.0,465.0,465.0,1.888433814048767,0.999999463558197,0.0009999986468181,0.001,False,128.0,128.0,,,SGD
train,,,,,,,17.848369359970093,1.0,466.0,466.0,1.8739264011383057,0.9999994039535522,0.0009999984309071,0.001,False,128.0,128.0,,,SGD
train,,,,,,,17.885133981704712,1.0,467.0,467.0,1.8941636085510252,0.9999994039535522,0.0009999994411834,0.001,False,128.0,128.0,,,SGD
train,,,,,,,17.933018445968628,1.0,468.0,468.0,1.858815312385559,0.9999994039535522,0.0010000000444788,0.001,False,128.0,128.0,,,SGD
train,,,,,,,17.96614646911621,1.0,469.0,469.0,1.8349852561950684,0.9999994039535522,0.0009999995012188,0.001,False,128.0,128.0,,,SGD
eval,,,,,,,20.01386308670044,1.0,,469.0,,,,,False,128.0,128.0,1.8588686555862424,0.6349,SGD
train,,,,,,,20.05775260925293,2.0,1.0,470.0,1.8564032316207888,0.9999995827674866,0.0010000013969515,0.001,False,128.0,128.0,,,SGD
train,,,,,,,20.092976331710812,2.0,2.0,471.0,1.8069863319396973,0.999999463558197,0.0009999999227983,0.001,False,128.0,128.0,,,SGD
train,,,,,,,20.12963318824768,2.0,3.0,472.0,1.8479583263397217,0.9999994039535522,0.0010000014708367,0.001,False,128.0,128.0,,,SGD
train,,,,,,,20.170072078704838,2.0,4.0,473.0,1.85353684425354,0.999999463558197,0.0009999992197493,0.001,False,128.0,128.0,,,SGD
train,,,,,,,20.20763897895813,2.0,5.0,474.0,1.860840439796448,0.999999463558197,0.0010000006253473,0.001,False,128.0,128.0,,,SGD
train,,,,,,,20.245285987854004,2.0,6.0,475.0,1.891298532485962,0.9999993443489076,0.0009999993960251,0.001,False,128.0,128.0,,,SGD
train,,,,,,,20.30037760734558,2.0,7.0,476.0,1.840024709701538,0.9999993443489076,0.0009999991881357,0.001,False,128.0,128.0,,,SGD
train,,,,,,,20.348913192749023,2.0,8.0,477.0,1.8478275537490845,0.9999994039535522,0.0009999987110723,0.001,False,128.0,128.0,,,SGD
train,,,,,,,20.387236833572388,2.0,9.0,478.0,1.830959439277649,0.999999463558197,0.0010000001536414,0.001,False,128.0,128.0,,,SGD
train,,,,,,,20.42678713798523,2.0,10.0,479.0,1.881455659866333,0.9999995231628418,0.0009999996607856,0.001,False,128.0,128.0,,,SGD
train,,,,,,,20.46376585960388,2.0,11.0,480.0,1.863314867019653,0.999999463558197,0.0009999997997856,0.001,False,128.0,128.0,,,SGD
train,,,,,,,20.502871990203857,2.0,12.0,481.0,1.843838214874268,0.9999994039535522,0.0009999997354204,0.001,False,128.0,128.0,,,SGD
train,,,,,,,20.539952278137207,2.0,13.0,482.0,1.8750380277633667,0.9999994039535522,0.0009999973667284,0.001,False,128.0,128.0,,,SGD
train,,,,,,,20.71929097175598,2.0,14.0,483.0,1.9017621278762815,0.9999993443489076,0.0009999996987553,0.001,False,128.0,128.0,,,SGD
train,,,,,,,20.75332522392273,2.0,15.0,484.0,1.880930781364441,0.9999994039535522,0.0010000002015753,0.001,False,128.0,128.0,,,SGD
train,,,,,,,20.785595893859863,2.0,16.0,485.0,1.8553298711776731,0.9999994039535522,0.0010000023944572,0.001,False,128.0,128.0,,,SGD
train,,,,,,,20.82486367225647,2.0,17.0,486.0,1.8246757984161377,0.9999994039535522,0.0010000013994217,0.001,False,128.0,128.0,,,SGD
train,,,,,,,20.8581178188324,2.0,18.0,487.0,1.8361636400222776,0.9999994039535522,0.0009999999858867,0.001,False,128.0,128.0,,,SGD
train,,,,,,,20.89440107345581,2.0,19.0,488.0,1.8537840843200684,0.999999463558197,0.0009999986733524,0.001,False,128.0,128.0,,,SGD
train,,,,,,,20.92963433265686,2.0,20.0,489.0,1.877318739891052,0.999999463558197,0.0010000008595486,0.001,False,128.0,128.0,,,SGD
train,,,,,,,20.965232610702515,2.0,21.0,490.0,1.883293986320496,0.9999994039535522,0.0010000001881971,0.001,False,128.0,128.0,,,SGD
train,,,,,,,21.001731872558597,2.0,22.0,491.0,1.9047746658325195,0.9999993443489076,0.000999998792535,0.001,False,128.0,128.0,,,SGD
train,,,,,,,21.03828239440918,2.0,23.0,492.0,1.8491549491882324,0.9999994039535522,0.00099999921467,0.001,False,128.0,128.0,,,SGD
train,,,,,,,21.073923110961918,2.0,24.0,493.0,1.828775405883789,0.9999994039535522,0.001000000185033,0.001,False,128.0,128.0,,,SGD
train,,,,,,,21.105574369430546,2.0,25.0,494.0,1.855288028717041,0.999999463558197,0.0010000003517884,0.001,False,128.0,128.0,,,SGD
train,,,,,,,21.13503623008728,2.0,26.0,495.0,1.842777967453003,0.9999994039535522,0.0009999992602169,0.001,False,128.0,128.0,,,SGD
train,,,,,,,21.167680501937863,2.0,27.0,496.0,1.8216254711151123,0.9999994039535522,0.0010000002554766,0.001,False,128.0,128.0,,,SGD
train,,,,,,,21.20222949981689,2.0,28.0,497.0,1.8795281648635864,0.9999993443489076,0.000999998936087,0.001,False,128.0,128.0,,,SGD
train,,,,,,,21.239025592803955,2.0,29.0,498.0,1.8692816495895384,0.999999463558197,0.0010000006742525,0.001,False,128.0,128.0,,,SGD
train,,,,,,,21.278284788131717,2.0,30.0,499.0,1.8519184589385984,0.9999994039535522,0.0009999981529901,0.001,False,128.0,128.0,,,SGD
train,,,,,,,21.320555686950684,2.0,31.0,500.0,1.8036179542541504,0.999999463558197,0.0009999991968232,0.001,False,128.0,128.0,,,SGD
train,,,,,,,21.35856318473816,2.0,32.0,501.0,1.8510841131210327,0.9999994039535522,0.0009999985065412,0.001,False,128.0,128.0,,,SGD
train,,,,,,,21.392331838607788,2.0,33.0,502.0,1.8458504676818848,0.9999993443489076,0.0009999984681829,0.001,False,128.0,128.0,,,SGD
train,,,,,,,21.426814317703247,2.0,34.0,503.0,1.861754298210144,0.9999994039535522,0.0010000018063456,0.001,False,128.0,128.0,,,SGD
train,,,,,,,21.464766025543213,2.0,35.0,504.0,1.8089741468429563,0.9999994039535522,0.0009999986337174,0.001,False,128.0,128.0,,,SGD
train,,,,,,,21.499170780181885,2.0,36.0,505.0,1.8253209590911863,0.9999995231628418,0.0009999988618408,0.001,False,128.0,128.0,,,SGD
train,,,,,,,21.538330078125,2.0,37.0,506.0,1.8524906635284424,0.9999993443489076,0.0009999998612364,0.001,False,128.0,128.0,,,SGD
train,,,,,,,21.569398164749146,2.0,38.0,507.0,1.845513105392456,0.9999993443489076,0.0009999980880419,0.001,False,128.0,128.0,,,SGD
train,,,,,,,21.610739707946777,2.0,39.0,508.0,1.818780541419983,0.999999463558197,0.0010000010235284,0.001,False,128.0,128.0,,,SGD
train,,,,,,,21.64148449897766,2.0,40.0,509.0,1.8430061340332031,0.999999463558197,0.0009999972086877,0.001,False,128.0,128.0,,,SGD
train,,,,,,,21.67171287536621,2.0,41.0,510.0,1.8307095766067505,0.9999993443489076,0.001000000084419,0.001,False,128.0,128.0,,,SGD
train,,,,,,,21.702153205871586,2.0,42.0,511.0,1.856416940689087,0.9999995827674866,0.0010000009706263,0.001,False,128.0,128.0,,,SGD
train,,,,,,,21.732271909713745,2.0,43.0,512.0,1.7955031394958496,0.999999463558197,0.0010000015137468,0.001,False,128.0,128.0,,,SGD
train,,,,,,,21.765953302383423,2.0,44.0,513.0,1.824815273284912,0.999999463558197,0.0009999994024366,0.001,False,128.0,128.0,,,SGD
train,,,,,,,21.796379566192627,2.0,45.0,514.0,1.7963263988494873,0.9999995231628418,0.000999998911218,0.001,False,128.0,128.0,,,SGD
train,,,,,,,21.82923436164856,2.0,46.0,515.0,1.7786859273910522,0.999999463558197,0.0009999993891139,0.001,False,128.0,128.0,,,SGD
train,,,,,,,21.86433744430542,2.0,47.0,516.0,1.8227064609527588,0.9999995231628418,0.0009999999873578,0.001,False,128.0,128.0,,,SGD
train,,,,,,,21.91700053215027,2.0,48.0,517.0,1.849020838737488,0.999999463558197,0.0009999989479664,0.001,False,128.0,128.0,,,SGD
train,,,,,,,21.951939344406128,2.0,49.0,518.0,1.8151992559432983,0.9999994039535522,0.0010000003489574,0.001,False,128.0,128.0,,,SGD
train,,,,,,,21.981560230255127,2.0,50.0,519.0,1.7774198055267334,0.9999992847442628,0.0009999994125119,0.001,False,128.0,128.0,,,SGD
train,,,,,,,22.01484203338623,2.0,51.0,520.0,1.8202826976776123,0.9999995231628418,0.0009999995686926,0.001,False,128.0,128.0,,,SGD
train,,,,,,,22.04800534248352,2.0,52.0,521.0,1.806309461593628,0.9999993443489076,0.0009999988758296,0.001,False,128.0,128.0,,,SGD
train,,,,,,,22.0796971321106,2.0,53.0,522.0,1.834070444107056,0.9999995231628418,0.000999999888881,0.001,False,128.0,128.0,,,SGD
train,,,,,,,22.11406660079956,2.0,54.0,523.0,1.8098551034927368,0.9999995231628418,0.0009999975067834,0.001,False,128.0,128.0,,,SGD
train,,,,,,,22.14947485923767,2.0,55.0,524.0,1.7985725402832031,0.9999993443489076,0.0009999988784109,0.001,False,128.0,128.0,,,SGD
train,,,,,,,22.18492317199707,2.0,56.0,525.0,1.7878659963607788,0.9999994039535522,0.0010000002988863,0.001,False,128.0,128.0,,,SGD
train,,,,,,,22.21873188018799,2.0,57.0,526.0,1.8315266370773315,0.9999995231628418,0.0009999988949532,0.001,False,128.0,128.0,,,SGD
train,,,,,,,22.253637552261356,2.0,58.0,527.0,1.812044620513916,0.9999993443489076,0.0009999985669374,0.001,False,128.0,128.0,,,SGD
train,,,,,,,22.29437136650085,2.0,59.0,528.0,1.7601122856140137,0.9999994039535522,0.0010000000276866,0.001,False,128.0,128.0,,,SGD
train,,,,,,,22.340250968933105,2.0,60.0,529.0,1.8119601011276243,0.999999463558197,0.0009999991073391,0.001,False,128.0,128.0,,,SGD
train,,,,,,,22.379486560821533,2.0,61.0,530.0,1.7895046472549438,0.9999994039535522,0.0009999997455234,0.001,False,128.0,128.0,,,SGD
train,,,,,,,22.415530681610107,2.0,62.0,531.0,1.832268238067627,0.9999994039535522,0.000999998831726,0.001,False,128.0,128.0,,,SGD
train,,,,,,,22.448246240615845,2.0,63.0,532.0,1.7881500720977783,0.9999994039535522,0.0009999997248178,0.001,False,128.0,128.0,,,SGD
train,,,,,,,22.484219789505005,2.0,64.0,533.0,1.82071316242218,0.999999463558197,0.0009999992908036,0.001,False,128.0,128.0,,,SGD
train,,,,,,,22.526673316955566,2.0,65.0,534.0,1.8330624103546145,0.9999993443489076,0.0009999973991747,0.001,False,128.0,128.0,,,SGD
train,,,,,,,22.567188501358032,2.0,66.0,535.0,1.7283798456192017,0.9999993443489076,0.0009999993573615,0.001,False,128.0,128.0,,,SGD
train,,,,,,,22.61004400253296,2.0,67.0,536.0,1.7504990100860596,0.999999463558197,0.0010000012261716,0.001,False,128.0,128.0,,,SGD
train,,,,,,,22.6751172542572,2.0,68.0,537.0,1.788884520530701,0.999999463558197,0.0010000011258076,0.001,False,128.0,128.0,,,SGD
train,,,,,,,22.711352586746216,2.0,69.0,538.0,1.7692136764526367,0.9999994039535522,0.0010000005759424,0.001,False,128.0,128.0,,,SGD
train,,,,,,,22.751734256744385,2.0,70.0,539.0,1.7955124378204346,0.999999463558197,0.0009999986571154,0.001,False,128.0,128.0,,,SGD
train,,,,,,,22.788949012756348,2.0,71.0,540.0,1.8111251592636108,0.999999463558197,0.0009999995876497,0.001,False,128.0,128.0,,,SGD
train,,,,,,,22.82083535194397,2.0,72.0,541.0,1.815482258796692,0.9999992847442628,0.0009999977944706,0.001,False,128.0,128.0,,,SGD
train,,,,,,,22.850461721420288,2.0,73.0,542.0,1.800843358039856,0.9999992847442628,0.0009999993509777,0.001,False,128.0,128.0,,,SGD
train,,,,,,,22.88364124298096,2.0,74.0,543.0,1.8192813396453855,0.9999993443489076,0.0010000001238042,0.001,False,128.0,128.0,,,SGD
train,,,,,,,22.92479181289673,2.0,75.0,544.0,1.7727265357971191,0.9999994039535522,0.000999999886161,0.001,False,128.0,128.0,,,SGD
train,,,,,,,22.96626710891724,2.0,76.0,545.0,1.785461187362671,0.999999463558197,0.0009999998012289,0.001,False,128.0,128.0,,,SGD
train,,,,,,,23.00431728363037,2.0,77.0,546.0,1.7604416608810425,0.9999993443489076,0.0010000009715423,0.001,False,128.0,128.0,,,SGD
train,,,,,,,23.057230949401852,2.0,78.0,547.0,1.7749592065811155,0.9999994039535522,0.0010000002492316,0.001,False,128.0,128.0,,,SGD
train,,,,,,,23.09562587738037,2.0,79.0,548.0,1.7740813493728638,0.9999994039535522,0.0009999993626628,0.001,False,128.0,128.0,,,SGD
train,,,,,,,23.13490843772888,2.0,80.0,549.0,1.7229844331741333,0.999999463558197,0.0009999995301956,0.001,False,128.0,128.0,,,SGD
train,,,,,,,23.182462692260746,2.0,81.0,550.0,1.7637639045715332,0.9999995231628418,0.00100000041929,0.001,False,128.0,128.0,,,SGD
train,,,,,,,23.21424078941345,2.0,82.0,551.0,1.8365840911865237,0.9999993443489076,0.0009999986442646,0.001,False,128.0,128.0,,,SGD
train,,,,,,,23.247350692749023,2.0,83.0,552.0,1.8122597932815552,0.9999993443489076,0.0009999996627285,0.001,False,128.0,128.0,,,SGD
train,,,,,,,23.28649377822876,2.0,84.0,553.0,1.803409218788147,0.9999994039535522,0.0010000004215937,0.001,False,128.0,128.0,,,SGD
train,,,,,,,23.32611203193665,2.0,85.0,554.0,1.7895302772521973,0.9999994039535522,0.0009999996380816,0.001,False,128.0,128.0,,,SGD
train,,,,,,,23.364154815673828,2.0,86.0,555.0,1.714750051498413,0.9999994039535522,0.0009999985601095,0.001,False,128.0,128.0,,,SGD
train,,,,,,,23.402270555496216,2.0,87.0,556.0,1.7761338949203491,0.9999996423721312,0.0010000009543616,0.001,False,128.0,128.0,,,SGD
train,,,,,,,23.43771529197693,2.0,88.0,557.0,1.7947396039962769,0.999999463558197,0.001000002590994,0.001,False,128.0,128.0,,,SGD
train,,,,,,,23.47232723236084,2.0,89.0,558.0,1.8011494874954224,0.9999995231628418,0.0009999997714749,0.001,False,128.0,128.0,,,SGD
train,,,,,,,23.50858044624329,2.0,90.0,559.0,1.77448570728302,0.9999992847442628,0.0009999974620968,0.001,False,128.0,128.0,,,SGD
train,,,,,,,23.54752469062805,2.0,91.0,560.0,1.7720513343811035,0.9999992847442628,0.0009999997417764,0.001,False,128.0,128.0,,,SGD
train,,,,,,,23.589550495147705,2.0,92.0,561.0,1.8150228261947632,0.9999995231628418,0.0009999994181463,0.001,False,128.0,128.0,,,SGD
train,,,,,,,23.635141134262085,2.0,93.0,562.0,1.7156591415405271,0.999999463558197,0.000999999894099,0.001,False,128.0,128.0,,,SGD
train,,,,,,,23.667766332626343,2.0,94.0,563.0,1.7715612649917605,0.9999993443489076,0.0009999996488507,0.001,False,128.0,128.0,,,SGD
train,,,,,,,23.701375007629395,2.0,95.0,564.0,1.775888204574585,0.999999463558197,0.0010000009111184,0.001,False,128.0,128.0,,,SGD
train,,,,,,,23.735607624053955,2.0,96.0,565.0,1.7589746713638306,0.9999994039535522,0.0009999998479138,0.001,False,128.0,128.0,,,SGD
train,,,,,,,23.91413426399231,2.0,97.0,566.0,1.7976263761520386,0.999999463558197,0.0009999983173589,0.001,False,128.0,128.0,,,SGD
train,,,,,,,23.948633909225464,2.0,98.0,567.0,1.7522279024124146,0.9999993443489076,0.0009999992134488,0.001,False,128.0,128.0,,,SGD
train,,,,,,,23.982751607894897,2.0,99.0,568.0,1.7448742389678955,0.9999993443489076,0.000999997393013,0.001,False,128.0,128.0,,,SGD
train,,,,,,,24.013847827911377,2.0,100.0,569.0,1.752716064453125,0.9999993443489076,0.0010000004853482,0.001,False,128.0,128.0,,,SGD
train,,,,,,,24.050824880599976,2.0,101.0,570.0,1.7427971363067627,0.999999463558197,0.0010000010105111,0.001,False,128.0,128.0,,,SGD
train,,,,,,,24.084967136383057,2.0,102.0,571.0,1.8063974380493164,0.9999993443489076,0.0009999986836775,0.001,False,128.0,128.0,,,SGD
train,,,,,,,24.12121343612671,2.0,103.0,572.0,1.783077359199524,0.9999994039535522,0.0009999992448681,0.001,False,128.0,128.0,,,SGD
train,,,,,,,24.1551194190979,2.0,104.0,573.0,1.760998249053955,0.9999994039535522,0.0009999996979781,0.001,False,128.0,128.0,,,SGD
train,,,,,,,24.18373680114746,2.0,105.0,574.0,1.7662127017974854,0.9999994039535522,0.0009999988335578,0.001,False,128.0,128.0,,,SGD
train,,,,,,,24.21527624130249,2.0,106.0,575.0,1.7159197330474854,0.9999995231628418,0.0009999994575315,0.001,False,128.0,128.0,,,SGD
train,,,,,,,24.246825456619263,2.0,107.0,576.0,1.772969365119934,0.9999994039535522,0.0010000001949695,0.001,False,128.0,128.0,,,SGD
train,,,,,,,24.27831196784973,2.0,108.0,577.0,1.7917133569717407,0.999999463558197,0.0010000002080701,0.001,False,128.0,128.0,,,SGD
train,,,,,,,24.31494402885437,2.0,109.0,578.0,1.6904376745224,0.9999994039535522,0.0010000003319154,0.001,False,128.0,128.0,,,SGD
train,,,,,,,24.350481748580933,2.0,110.0,579.0,1.7248879671096802,0.999999463558197,0.0010000004056342,0.001,False,128.0,128.0,,,SGD
train,,,,,,,24.38191032409668,2.0,111.0,580.0,1.7377113103866575,0.999999463558197,0.0009999991586315,0.001,False,128.0,128.0,,,SGD
train,,,,,,,24.413100957870483,2.0,112.0,581.0,1.7585471868515017,0.9999994039535522,0.0010000026463384,0.001,False,128.0,128.0,,,SGD
train,,,,,,,24.44246220588684,2.0,113.0,582.0,1.76154625415802,0.999999463558197,0.0009999997536558,0.001,False,128.0,128.0,,,SGD
train,,,,,,,24.478031873703003,2.0,114.0,583.0,1.8034988641738887,0.9999993443489076,0.0009999996604526,0.001,False,128.0,128.0,,,SGD
train,,,,,,,24.508396863937374,2.0,115.0,584.0,1.7531859874725342,0.9999993443489076,0.0009999994586417,0.001,False,128.0,128.0,,,SGD
train,,,,,,,24.536877155303955,2.0,116.0,585.0,1.7522010803222656,0.9999995231628418,0.0009999990740879,0.001,False,128.0,128.0,,,SGD
train,,,,,,,24.56541609764099,2.0,117.0,586.0,1.7430251836776731,0.999999463558197,0.0009999972890681,0.001,False,128.0,128.0,,,SGD
train,,,,,,,24.59661436080933,2.0,118.0,587.0,1.7006484270095823,0.999999463558197,0.0010000003606425,0.001,False,128.0,128.0,,,SGD
train,,,,,,,24.6297128200531,2.0,119.0,588.0,1.7520333528518677,0.9999993443489076,0.0009999995703579,0.001,False,128.0,128.0,,,SGD
train,,,,,,,24.66107964515686,2.0,120.0,589.0,1.750773787498474,0.999999463558197,0.0009999999082266,0.001,False,128.0,128.0,,,SGD
train,,,,,,,24.695335626602173,2.0,121.0,590.0,1.7417184114456177,0.999999463558197,0.0010000015818588,0.001,False,128.0,128.0,,,SGD
train,,,,,,,24.72944951057434,2.0,122.0,591.0,1.6702911853790283,0.999999463558197,0.0010000003021615,0.001,False,128.0,128.0,,,SGD
train,,,,,,,24.76135945320129,2.0,123.0,592.0,1.7810603380203247,0.9999994039535522,0.0009999995586451,0.001,False,128.0,128.0,,,SGD
train,,,,,,,24.792458057403564,2.0,124.0,593.0,1.7506873607635498,0.999999463558197,0.0009999986920875,0.001,False,128.0,128.0,,,SGD
train,,,,,,,24.823182582855225,2.0,125.0,594.0,1.7056468725204468,0.9999994039535522,0.0010000011747406,0.001,False,128.0,128.0,,,SGD
train,,,,,,,24.85264563560486,2.0,126.0,595.0,1.701157569885254,0.9999995231628418,0.0009999990939609,0.001,False,128.0,128.0,,,SGD
train,,,,,,,24.884723901748657,2.0,127.0,596.0,1.743720769882202,0.9999994039535522,0.0009999988744141,0.001,False,128.0,128.0,,,SGD
train,,,,,,,24.92328405380249,2.0,128.0,597.0,1.7243518829345703,0.9999994039535522,0.0010000015977905,0.001,False,128.0,128.0,,,SGD
train,,,,,,,24.95768475532532,2.0,129.0,598.0,1.7503314018249512,0.999999463558197,0.0010000003609478,0.001,False,128.0,128.0,,,SGD
train,,,,,,,24.99208164215088,2.0,130.0,599.0,1.7748911380767822,0.999999463558197,0.0009999990209082,0.001,False,128.0,128.0,,,SGD
train,,,,,,,25.027193069458008,2.0,131.0,600.0,1.728042721748352,0.9999993443489076,0.0010000002194776,0.001,False,128.0,128.0,,,SGD
train,,,,,,,25.060978651046756,2.0,132.0,601.0,1.7632755041122437,0.9999993443489076,0.0009999982263205,0.001,False,128.0,128.0,,,SGD
train,,,,,,,25.093319177627563,2.0,133.0,602.0,1.7220014333724976,0.9999993443489076,0.0009999983655427,0.001,False,128.0,128.0,,,SGD
train,,,,,,,25.128570556640625,2.0,134.0,603.0,1.765211582183838,0.9999994039535522,0.0010000008364005,0.001,False,128.0,128.0,,,SGD
train,,,,,,,25.160425901412964,2.0,135.0,604.0,1.7442446947097778,0.999999463558197,0.0010000004353327,0.001,False,128.0,128.0,,,SGD
train,,,,,,,25.19563889503479,2.0,136.0,605.0,1.75901997089386,0.9999994039535522,0.0010000000591892,0.001,False,128.0,128.0,,,SGD
train,,,,,,,25.23101496696472,2.0,137.0,606.0,1.7423735857009888,0.9999994039535522,0.000999999384784,0.001,False,128.0,128.0,,,SGD
train,,,,,,,25.27208375930786,2.0,138.0,607.0,1.7407983541488647,0.9999995231628418,0.0009999991419226,0.001,False,128.0,128.0,,,SGD
train,,,,,,,25.30554723739624,2.0,139.0,608.0,1.7420110702514648,0.999999463558197,0.0009999991716488,0.001,False,128.0,128.0,,,SGD
train,,,,,,,25.3397114276886,2.0,140.0,609.0,1.688765048980713,0.999999463558197,0.0009999992816998,0.001,False,128.0,128.0,,,SGD
train,,,,,,,25.37172770500183,2.0,141.0,610.0,1.783618450164795,0.9999994039535522,0.0009999999396182,0.001,False,128.0,128.0,,,SGD
train,,,,,,,25.402227640151978,2.0,142.0,611.0,1.7494158744812012,0.9999994039535522,0.0009999999481669,0.001,False,128.0,128.0,,,SGD
train,,,,,,,25.43903875350952,2.0,143.0,612.0,1.74969744682312,0.9999992847442628,0.000999999754655,0.001,False,128.0,128.0,,,SGD
train,,,,,,,25.479564905166622,2.0,144.0,613.0,1.6747974157333374,0.999999463558197,0.0009999993426511,0.001,False,128.0,128.0,,,SGD
train,,,,,,,25.51271414756775,2.0,145.0,614.0,1.725894331932068,0.9999994039535522,0.000999999943393,0.001,False,128.0,128.0,,,SGD
train,,,,,,,25.546223163604736,2.0,146.0,615.0,1.7034757137298584,0.9999995231628418,0.0009999980124911,0.001,False,128.0,128.0,,,SGD
train,,,,,,,25.5830500125885,2.0,147.0,616.0,1.758159637451172,0.9999995231628418,0.0009999997649801,0.001,False,128.0,128.0,,,SGD
train,,,,,,,25.61848735809326,2.0,148.0,617.0,1.6910643577575684,0.9999994039535522,0.0009999997769983,0.001,False,128.0,128.0,,,SGD
train,,,,,,,25.658183097839355,2.0,149.0,618.0,1.735337257385254,0.9999993443489076,0.0009999984259111,0.001,False,128.0,128.0,,,SGD
train,,,,,,,25.698246240615845,2.0,150.0,619.0,1.7071079015731812,0.9999994039535522,0.0009999992446183,0.001,False,128.0,128.0,,,SGD
train,,,,,,,25.72986531257629,2.0,151.0,620.0,1.707682728767395,0.9999995231628418,0.0010000018799532,0.001,False,128.0,128.0,,,SGD
train,,,,,,,25.76715588569641,2.0,152.0,621.0,1.736495018005371,0.9999994039535522,0.0009999996128795,0.001,False,128.0,128.0,,,SGD
train,,,,,,,25.796246767044067,2.0,153.0,622.0,1.7609626054763794,0.9999994039535522,0.0009999998381438,0.001,False,128.0,128.0,,,SGD
train,,,,,,,25.830130338668823,2.0,154.0,623.0,1.6840330362319946,0.9999993443489076,0.0010000001621901,0.001,False,128.0,128.0,,,SGD
train,,,,,,,25.866819143295288,2.0,155.0,624.0,1.7323603630065918,0.9999993443489076,0.0009999984780639,0.001,False,128.0,128.0,,,SGD
train,,,,,,,25.903322219848636,2.0,156.0,625.0,1.6834604740142822,0.9999994039535522,0.0009999990321769,0.001,False,128.0,128.0,,,SGD
train,,,,,,,25.937883853912357,2.0,157.0,626.0,1.7139580249786377,0.999999463558197,0.0010000006322306,0.001,False,128.0,128.0,,,SGD
train,,,,,,,25.977463722229004,2.0,158.0,627.0,1.7037428617477417,0.999999463558197,0.0009999995933118,0.001,False,128.0,128.0,,,SGD
train,,,,,,,26.01045656204224,2.0,159.0,628.0,1.6764090061187744,0.9999994039535522,0.0009999991305428,0.001,False,128.0,128.0,,,SGD
train,,,,,,,26.040828943252563,2.0,160.0,629.0,1.6893566846847534,0.9999993443489076,0.0009999997239573,0.001,False,128.0,128.0,,,SGD
train,,,,,,,26.071309089660645,2.0,161.0,630.0,1.6722575426101685,0.9999994039535522,0.0009999993787333,0.001,False,128.0,128.0,,,SGD
train,,,,,,,26.106918334960938,2.0,162.0,631.0,1.6918458938598633,0.999999463558197,0.0009999996158216,0.001,False,128.0,128.0,,,SGD
train,,,,,,,26.140151262283325,2.0,163.0,632.0,1.7282310724258425,0.9999992847442628,0.0010000008189145,0.001,False,128.0,128.0,,,SGD
train,,,,,,,26.17816925048828,2.0,164.0,633.0,1.6807191371917725,0.9999994039535522,0.0009999979921185,0.001,False,128.0,128.0,,,SGD
train,,,,,,,26.208204746246334,2.0,165.0,634.0,1.6412384510040283,0.9999995231628418,0.0010000006468856,0.001,False,128.0,128.0,,,SGD
train,,,,,,,26.240880966186523,2.0,166.0,635.0,1.6654716730117798,0.9999994039535522,0.0010000006866315,0.001,False,128.0,128.0,,,SGD
train,,,,,,,26.276322603225708,2.0,167.0,636.0,1.745402216911316,0.999999463558197,0.0010000008819196,0.001,False,128.0,128.0,,,SGD
train,,,,,,,26.30695152282715,2.0,168.0,637.0,1.7422139644622805,0.9999993443489076,0.0009999998863275,0.001,False,128.0,128.0,,,SGD
train,,,,,,,26.343989610672,2.0,169.0,638.0,1.7101202011108398,0.9999994039535522,0.0010000007025355,0.001,False,128.0,128.0,,,SGD
train,,,,,,,26.381908416748047,2.0,170.0,639.0,1.7483309507369995,0.999999463558197,0.0009999999963506,0.001,False,128.0,128.0,,,SGD
train,,,,,,,26.41789722442627,2.0,171.0,640.0,1.691871166229248,0.9999994039535522,0.0009999974085839,0.001,False,128.0,128.0,,,SGD
train,,,,,,,26.44984269142151,2.0,172.0,641.0,1.737250566482544,0.9999994039535522,0.0009999997501586,0.001,False,128.0,128.0,,,SGD
train,,,,,,,26.48521661758423,2.0,173.0,642.0,1.6985911130905151,0.9999994039535522,0.0009999999622112,0.001,False,128.0,128.0,,,SGD
train,,,,,,,26.515372276306152,2.0,174.0,643.0,1.7121375799179075,0.9999994039535522,0.0010000013989221,0.001,False,128.0,128.0,,,SGD
train,,,,,,,26.54792046546936,2.0,175.0,644.0,1.6673622131347656,0.9999993443489076,0.0009999988123248,0.001,False,128.0,128.0,,,SGD
train,,,,,,,26.58483338356018,2.0,176.0,645.0,1.7293586730957031,0.999999463558197,0.0010000002479271,0.001,False,128.0,128.0,,,SGD
train,,,,,,,26.617687702178955,2.0,177.0,646.0,1.679903864860535,0.9999994039535522,0.00099999894347,0.001,False,128.0,128.0,,,SGD
train,,,,,,,26.64923095703125,2.0,178.0,647.0,1.6458187103271484,0.9999994039535522,0.0009999994855646,0.001,False,128.0,128.0,,,SGD
train,,,,,,,26.684183597564697,2.0,179.0,648.0,1.709187388420105,0.9999994039535522,0.0010000006025044,0.001,False,128.0,128.0,,,SGD
train,,,,,,,26.72102212905884,2.0,180.0,649.0,1.6814371347427368,0.9999994039535522,0.0010000006150777,0.001,False,128.0,128.0,,,SGD
train,,,,,,,26.754765033721924,2.0,181.0,650.0,1.6301164627075195,0.9999996423721312,0.0009999998536869,0.001,False,128.0,128.0,,,SGD
train,,,,,,,26.78812074661255,2.0,182.0,651.0,1.6980575323104858,0.9999994039535522,0.001000000115644,0.001,False,128.0,128.0,,,SGD
train,,,,,,,26.82655358314514,2.0,183.0,652.0,1.6907814741134644,0.9999994039535522,0.0009999993467311,0.001,False,128.0,128.0,,,SGD
train,,,,,,,26.860509872436523,2.0,184.0,653.0,1.6822795867919922,0.9999994039535522,0.0009999998687304,0.001,False,128.0,128.0,,,SGD
train,,,,,,,26.89594054222107,2.0,185.0,654.0,1.706282377243042,0.9999994039535522,0.0009999990615979,0.001,False,128.0,128.0,,,SGD
train,,,,,,,26.92894196510315,2.0,186.0,655.0,1.7037339210510254,0.9999994039535522,0.0009999991712325,0.001,False,128.0,128.0,,,SGD
train,,,,,,,26.963759899139404,2.0,187.0,656.0,1.6817907094955444,0.9999994039535522,0.0009999979381893,0.001,False,128.0,128.0,,,SGD
train,,,,,,,27.00415873527527,2.0,188.0,657.0,1.6686838865280151,0.9999994039535522,0.0010000001217503,0.001,False,128.0,128.0,,,SGD
train,,,,,,,27.04362726211548,2.0,189.0,658.0,1.669848918914795,0.9999994039535522,0.0009999988724712,0.001,False,128.0,128.0,,,SGD
train,,,,,,,27.080749988555908,2.0,190.0,659.0,1.684941291809082,0.9999994039535522,0.0010000002727961,0.001,False,128.0,128.0,,,SGD
train,,,,,,,27.114017724990845,2.0,191.0,660.0,1.64816153049469,0.9999994039535522,0.0009999994273056,0.001,False,128.0,128.0,,,SGD
train,,,,,,,27.14631819725037,2.0,192.0,661.0,1.6934880018234253,0.9999993443489076,0.0009999983626561,0.001,False,128.0,128.0,,,SGD
train,,,,,,,27.184282541275024,2.0,193.0,662.0,1.6874552965164185,0.9999994039535522,0.0010000000123378,0.001,False,128.0,128.0,,,SGD
train,,,,,,,27.217140197753903,2.0,194.0,663.0,1.7065931558609009,0.999999463558197,0.0010000012391335,0.001,False,128.0,128.0,,,SGD
train,,,,,,,27.260745763778687,2.0,195.0,664.0,1.6607354879379272,0.999999463558197,0.0010000017395103,0.001,False,128.0,128.0,,,SGD
train,,,,,,,27.29862189292908,2.0,196.0,665.0,1.6140331029891968,0.9999994039535522,0.0009999996091602,0.001,False,128.0,128.0,,,SGD
train,,,,,,,27.334003448486328,2.0,197.0,666.0,1.722529053688049,0.999999463558197,0.0009999981533509,0.001,False,128.0,128.0,,,SGD
train,,,,,,,27.370423793792725,2.0,198.0,667.0,1.7071518898010254,0.999999463558197,0.0009999995089071,0.001,False,128.0,128.0,,,SGD
train,,,,,,,27.40512728691101,2.0,199.0,668.0,1.6504402160644531,0.9999993443489076,0.0009999989083869,0.001,False,128.0,128.0,,,SGD
train,,,,,,,27.44196200370789,2.0,200.0,669.0,1.6308895349502563,0.999999463558197,0.0009999994084873,0.001,False,128.0,128.0,,,SGD
train,,,,,,,27.474332094192505,2.0,201.0,670.0,1.643862247467041,0.999999463558197,0.0009999990510507,0.001,False,128.0,128.0,,,SGD
train,,,,,,,27.511375188827515,2.0,202.0,671.0,1.6620618104934692,0.9999993443489076,0.0009999979212306,0.001,False,128.0,128.0,,,SGD
train,,,,,,,27.550822734832764,2.0,203.0,672.0,1.6688942909240725,0.9999994039535522,0.0010000012492087,0.001,False,128.0,128.0,,,SGD
train,,,,,,,27.58241844177246,2.0,204.0,673.0,1.6814525127410889,0.9999993443489076,0.0009999987809332,0.001,False,128.0,128.0,,,SGD
train,,,,,,,27.61511301994324,2.0,205.0,674.0,1.610119342803955,0.9999992847442628,0.0009999995600328,0.001,False,128.0,128.0,,,SGD
train,,,,,,,27.654277563095093,2.0,206.0,675.0,1.659193754196167,0.9999994039535522,0.0009999994312469,0.001,False,128.0,128.0,,,SGD
train,,,,,,,27.689903020858765,2.0,207.0,676.0,1.5972996950149536,0.9999994039535522,0.0010000006759734,0.001,False,128.0,128.0,,,SGD
train,,,,,,,27.72542643547058,2.0,208.0,677.0,1.6869823932647705,0.9999994039535522,0.0009999997679499,0.001,False,128.0,128.0,,,SGD
train,,,,,,,27.76210021972656,2.0,209.0,678.0,1.6824685335159302,0.9999994039535522,0.0009999983492224,0.001,False,128.0,128.0,,,SGD
train,,,,,,,27.794605255126957,2.0,210.0,679.0,1.681313395500183,0.9999994039535522,0.0010000007133879,0.001,False,128.0,128.0,,,SGD
train,,,,,,,27.83062529563904,2.0,211.0,680.0,1.7443865537643433,0.9999994039535522,0.0010000003474031,0.001,False,128.0,128.0,,,SGD
train,,,,,,,27.86297917366028,2.0,212.0,681.0,1.6739861965179443,0.9999993443489076,0.0009999967176346,0.001,False,128.0,128.0,,,SGD
train,,,,,,,27.89765930175781,2.0,213.0,682.0,1.6396609544754028,0.9999994039535522,0.0009999992329054,0.001,False,128.0,128.0,,,SGD
train,,,,,,,27.940027475357056,2.0,214.0,683.0,1.6606333255767822,0.9999994039535522,0.0010000001951915,0.001,False,128.0,128.0,,,SGD
train,,,,,,,27.97881865501404,2.0,215.0,684.0,1.7340521812438965,0.9999994039535522,0.0010000007797792,0.001,False,128.0,128.0,,,SGD
train,,,,,,,28.0184063911438,2.0,216.0,685.0,1.6991676092147827,0.9999992847442628,0.0009999979734112,0.001,False,128.0,128.0,,,SGD
train,,,,,,,28.057608127593998,2.0,217.0,686.0,1.6586883068084717,0.999999463558197,0.0009999987900925,0.001,False,128.0,128.0,,,SGD
train,,,,,,,28.094199180603027,2.0,218.0,687.0,1.6781991720199585,0.9999993443489076,0.0009999978771824,0.001,False,128.0,128.0,,,SGD
train,,,,,,,28.13279414176941,2.0,219.0,688.0,1.6537333726882937,0.9999993443489076,0.0010000013463254,0.001,False,128.0,128.0,,,SGD
train,,,,,,,28.164525747299194,2.0,220.0,689.0,1.5798423290252686,0.9999994039535522,0.0009999997952892,0.001,False,128.0,128.0,,,SGD
train,,,,,,,28.199843645095825,2.0,221.0,690.0,1.6257380247116089,0.999999463558197,0.0009999981447744,0.001,False,128.0,128.0,,,SGD
train,,,,,,,28.23175048828125,2.0,222.0,691.0,1.6785523891448977,0.9999994039535522,0.0009999982946548,0.001,False,128.0,128.0,,,SGD
train,,,,,,,28.265188932418823,2.0,223.0,692.0,1.6703081130981443,0.9999994039535522,0.0009999986583644,0.001,False,128.0,128.0,,,SGD
train,,,,,,,28.29762554168701,2.0,224.0,693.0,1.6418105363845823,0.9999993443489076,0.0010000011630278,0.001,False,128.0,128.0,,,SGD
train,,,,,,,28.33918046951294,2.0,225.0,694.0,1.608093500137329,0.9999994039535522,0.001000000160275,0.001,False,128.0,128.0,,,SGD
train,,,,,,,28.375195026397705,2.0,226.0,695.0,1.6478272676467896,0.9999994039535522,0.0010000000661281,0.001,False,128.0,128.0,,,SGD
train,,,,,,,28.41018319129944,2.0,227.0,696.0,1.6628296375274658,0.999999463558197,0.0009999996767451,0.001,False,128.0,128.0,,,SGD
train,,,,,,,28.44450044631958,2.0,228.0,697.0,1.6685397624969482,0.9999994039535522,0.001000000808978,0.001,False,128.0,128.0,,,SGD
train,,,,,,,28.48838186264038,2.0,229.0,698.0,1.646557331085205,0.9999994039535522,0.0009999977301608,0.001,False,128.0,128.0,,,SGD
train,,,,,,,28.5377733707428,2.0,230.0,699.0,1.6383532285690308,0.999999463558197,0.0009999993161722,0.001,False,128.0,128.0,,,SGD
train,,,,,,,28.58063006401062,2.0,231.0,700.0,1.6781853437423706,0.999999463558197,0.0010000013363056,0.001,False,128.0,128.0,,,SGD
train,,,,,,,28.72755455970764,2.0,232.0,701.0,1.6455295085906982,0.999999463558197,0.0010000004870691,0.001,False,128.0,128.0,,,SGD
train,,,,,,,28.76811981201172,2.0,233.0,702.0,1.6070419549942017,0.999999463558197,0.0010000014101076,0.001,False,128.0,128.0,,,SGD
train,,,,,,,28.80697560310364,2.0,234.0,703.0,1.593483328819275,0.999999463558197,0.001000000275877,0.001,False,128.0,128.0,,,SGD
train,,,,,,,28.840266466140747,2.0,235.0,704.0,1.6033728122711182,0.9999994039535522,0.0009999987165957,0.001,False,128.0,128.0,,,SGD
train,,,,,,,28.876957178115845,2.0,236.0,705.0,1.6199544668197632,0.9999994039535522,0.001000001003822,0.001,False,128.0,128.0,,,SGD
train,,,,,,,28.912726879119877,2.0,237.0,706.0,1.568474292755127,0.9999994039535522,0.0009999993781505,0.001,False,128.0,128.0,,,SGD
train,,,,,,,28.94990110397339,2.0,238.0,707.0,1.6958136558532717,0.999999463558197,0.000999999759429,0.001,False,128.0,128.0,,,SGD
train,,,,,,,28.98768520355225,2.0,239.0,708.0,1.6267762184143066,0.9999992847442628,0.0009999991533301,0.001,False,128.0,128.0,,,SGD
train,,,,,,,29.02665543556213,2.0,240.0,709.0,1.570052146911621,0.9999994039535522,0.0010000005142695,0.001,False,128.0,128.0,,,SGD
train,,,,,,,29.06537175178528,2.0,241.0,710.0,1.6548564434051514,0.9999994039535522,0.0009999992428142,0.001,False,128.0,128.0,,,SGD
train,,,,,,,29.0955753326416,2.0,242.0,711.0,1.6291598081588743,0.9999995231628418,0.0009999987422419,0.001,False,128.0,128.0,,,SGD
train,,,,,,,29.13054060935974,2.0,243.0,712.0,1.6791908740997314,0.999999463558197,0.0010000000317112,0.001,False,128.0,128.0,,,SGD
train,,,,,,,29.168190240859985,2.0,244.0,713.0,1.6782852411270142,0.999999463558197,0.0009999982187987,0.001,False,128.0,128.0,,,SGD
train,,,,,,,29.203304529190063,2.0,245.0,714.0,1.5988476276397705,0.9999994039535522,0.0010000007423647,0.001,False,128.0,128.0,,,SGD
train,,,,,,,29.23760461807251,2.0,246.0,715.0,1.6421072483062744,0.9999995231628418,0.0009999984719577,0.001,False,128.0,128.0,,,SGD
train,,,,,,,29.27507376670837,2.0,247.0,716.0,1.695441961288452,0.9999994039535522,0.0010000003418797,0.001,False,128.0,128.0,,,SGD
train,,,,,,,29.31214070320129,2.0,248.0,717.0,1.6172508001327517,0.999999463558197,0.0009999987204537,0.001,False,128.0,128.0,,,SGD
train,,,,,,,29.34547781944275,2.0,249.0,718.0,1.6325125694274902,0.999999463558197,0.0009999996810472,0.001,False,128.0,128.0,,,SGD
train,,,,,,,29.380565643310547,2.0,250.0,719.0,1.6175364255905151,0.9999993443489076,0.0010000010886984,0.001,False,128.0,128.0,,,SGD
train,,,,,,,29.41547155380249,2.0,251.0,720.0,1.6849441528320312,0.9999994039535522,0.0009999999938526,0.001,False,128.0,128.0,,,SGD
train,,,,,,,29.45374035835266,2.0,252.0,721.0,1.624686360359192,0.9999993443489076,0.0010000012632808,0.001,False,128.0,128.0,,,SGD
train,,,,,,,29.490326166152958,2.0,253.0,722.0,1.6417769193649292,0.9999994039535522,0.0009999991590478,0.001,False,128.0,128.0,,,SGD
train,,,,,,,29.528122663497925,2.0,254.0,723.0,1.6636598110198977,0.9999994039535522,0.0009999987193157,0.001,False,128.0,128.0,,,SGD
train,,,,,,,29.56165647506714,2.0,255.0,724.0,1.6066005229949951,0.999999463558197,0.0010000000610766,0.001,False,128.0,128.0,,,SGD
train,,,,,,,29.60195255279541,2.0,256.0,725.0,1.580175280570984,0.9999993443489076,0.0009999997255116,0.001,False,128.0,128.0,,,SGD
train,,,,,,,29.63798999786377,2.0,257.0,726.0,1.592830777168274,0.9999994039535522,0.0009999968579117,0.001,False,128.0,128.0,,,SGD
train,,,,,,,29.67525601387024,2.0,258.0,727.0,1.6008473634719849,0.9999994039535522,0.0009999997602061,0.001,False,128.0,128.0,,,SGD
train,,,,,,,29.71414446830749,2.0,259.0,728.0,1.596189022064209,0.9999994039535522,0.0010000004269227,0.001,False,128.0,128.0,,,SGD
train,,,,,,,29.74931287765503,2.0,260.0,729.0,1.5634775161743164,0.9999994039535522,0.0010000006850772,0.001,False,128.0,128.0,,,SGD
train,,,,,,,29.789573907852173,2.0,261.0,730.0,1.668992042541504,0.9999994039535522,0.0010000013217062,0.001,False,128.0,128.0,,,SGD
train,,,,,,,29.8232159614563,2.0,262.0,731.0,1.664299488067627,0.999999463558197,0.001000000153003,0.001,False,128.0,128.0,,,SGD
train,,,,,,,29.85816740989685,2.0,263.0,732.0,1.6302275657653809,0.9999994039535522,0.0010000002367138,0.001,False,128.0,128.0,,,SGD
train,,,,,,,29.89366817474365,2.0,264.0,733.0,1.5919052362442017,0.9999993443489076,0.000999998569824,0.001,False,128.0,128.0,,,SGD
train,,,,,,,29.93216133117676,2.0,265.0,734.0,1.656026840209961,0.9999994039535522,0.0009999993359897,0.001,False,128.0,128.0,,,SGD
train,,,,,,,29.967759370803837,2.0,266.0,735.0,1.600804328918457,0.9999993443489076,0.0009999992680995,0.001,False,128.0,128.0,,,SGD
train,,,,,,,30.00450539588928,2.0,267.0,736.0,1.6018776893615725,0.999999463558197,0.0009999974823029,0.001,False,128.0,128.0,,,SGD
train,,,,,,,30.038010835647583,2.0,268.0,737.0,1.5788527727127075,0.9999993443489076,0.000999999012748,0.001,False,128.0,128.0,,,SGD
train,,,,,,,30.081650972366333,2.0,269.0,738.0,1.6377934217453003,0.9999994039535522,0.0010000001237487,0.001,False,128.0,128.0,,,SGD
train,,,,,,,30.11864638328552,2.0,270.0,739.0,1.5960416793823242,0.9999994039535522,0.0009999993858388,0.001,False,128.0,128.0,,,SGD
train,,,,,,,30.16041135787964,2.0,271.0,740.0,1.559684991836548,0.9999995231628418,0.0009999997161025,0.001,False,128.0,128.0,,,SGD
train,,,,,,,30.19914698600769,2.0,272.0,741.0,1.59457266330719,0.9999994039535522,0.0009999986606681,0.001,False,128.0,128.0,,,SGD
train,,,,,,,30.240031003952023,2.0,273.0,742.0,1.5297771692276,0.999999463558197,0.0009999987437407,0.001,False,128.0,128.0,,,SGD
train,,,,,,,30.284549236297607,2.0,274.0,743.0,1.5729961395263672,0.9999994039535522,0.0009999984239127,0.001,False,128.0,128.0,,,SGD
train,,,,,,,30.32449698448181,2.0,275.0,744.0,1.5606701374053955,0.9999994039535522,0.0009999999123622,0.001,False,128.0,128.0,,,SGD
train,,,,,,,30.35762596130371,2.0,276.0,745.0,1.6067692041397097,0.9999994039535522,0.001000000909009,0.001,False,128.0,128.0,,,SGD
train,,,,,,,30.39269208908081,2.0,277.0,746.0,1.5381344556808472,0.9999993443489076,0.0009999987815716,0.001,False,128.0,128.0,,,SGD
train,,,,,,,30.42557978630066,2.0,278.0,747.0,1.573924899101257,0.9999994039535522,0.0009999986765999,0.001,False,128.0,128.0,,,SGD
train,,,,,,,30.463306427001957,2.0,279.0,748.0,1.634253740310669,0.9999994039535522,0.0009999994402952,0.001,False,128.0,128.0,,,SGD
train,,,,,,,30.505073308944706,2.0,280.0,749.0,1.6288610696792605,0.9999993443489076,0.0009999985740151,0.001,False,128.0,128.0,,,SGD
train,,,,,,,30.543776512146,2.0,281.0,750.0,1.6559265851974487,0.999999463558197,0.0009999983592144,0.001,False,128.0,128.0,,,SGD
train,,,,,,,30.600419282913208,2.0,282.0,751.0,1.652775764465332,0.9999994039535522,0.000999998248747,0.001,False,128.0,128.0,,,SGD
train,,,,,,,30.644392013549805,2.0,283.0,752.0,1.5454481840133667,0.999999463558197,0.0009999995002473,0.001,False,128.0,128.0,,,SGD
train,,,,,,,30.68512225151062,2.0,284.0,753.0,1.598374605178833,0.999999463558197,0.0009999996132681,0.001,False,128.0,128.0,,,SGD
train,,,,,,,30.723356008529663,2.0,285.0,754.0,1.5708404779434204,0.9999994039535522,0.0009999994306363,0.001,False,128.0,128.0,,,SGD
train,,,,,,,30.76727724075317,2.0,286.0,755.0,1.5840715169906616,0.9999994039535522,0.0009999987343038,0.001,False,128.0,128.0,,,SGD
train,,,,,,,30.807960033416748,2.0,287.0,756.0,1.5605957508087158,0.9999994039535522,0.0010000010921124,0.001,False,128.0,128.0,,,SGD
train,,,,,,,30.844187021255493,2.0,288.0,757.0,1.568341851234436,0.9999994039535522,0.0009999985152565,0.001,False,128.0,128.0,,,SGD
train,,,,,,,30.884538888931274,2.0,289.0,758.0,1.6030558347702026,0.9999994039535522,0.0009999996144893,0.001,False,128.0,128.0,,,SGD
train,,,,,,,30.93089985847473,2.0,290.0,759.0,1.5693049430847168,0.9999993443489076,0.0009999992208595,0.001,False,128.0,128.0,,,SGD
train,,,,,,,31.015310287475582,2.0,291.0,760.0,1.5360958576202393,0.9999993443489076,0.0009999990162452,0.001,False,128.0,128.0,,,SGD
train,,,,,,,31.049617767333984,2.0,292.0,761.0,1.5943719148635864,0.999999463558197,0.0009999985687138,0.001,False,128.0,128.0,,,SGD
train,,,,,,,31.104849576950077,2.0,293.0,762.0,1.62504780292511,0.999999463558197,0.0009999988122415,0.001,False,128.0,128.0,,,SGD
train,,,,,,,31.14050436019897,2.0,294.0,763.0,1.5764446258544922,0.9999993443489076,0.0009999982988181,0.001,False,128.0,128.0,,,SGD
train,,,,,,,31.175666332244877,2.0,295.0,764.0,1.5830509662628174,0.9999994039535522,0.0009999993193919,0.001,False,128.0,128.0,,,SGD
train,,,,,,,31.216338634490967,2.0,296.0,765.0,1.6025331020355225,0.9999994039535522,0.0009999999297372,0.001,False,128.0,128.0,,,SGD
train,,,,,,,31.255847692489624,2.0,297.0,766.0,1.6159154176712036,0.9999993443489076,0.0009999998221011,0.001,False,128.0,128.0,,,SGD
train,,,,,,,31.288066387176517,2.0,298.0,767.0,1.559786677360535,0.9999994039535522,0.0009999968957704,0.001,False,128.0,128.0,,,SGD
train,,,,,,,31.32477331161499,2.0,299.0,768.0,1.5881593227386477,0.9999994039535522,0.0010000008513885,0.001,False,128.0,128.0,,,SGD
train,,,,,,,31.35719084739685,2.0,300.0,769.0,1.6264654397964478,0.9999993443489076,0.0009999989809123,0.001,False,128.0,128.0,,,SGD
train,,,,,,,31.3927321434021,2.0,301.0,770.0,1.6001789569854736,0.9999993443489076,0.0010000003951981,0.001,False,128.0,128.0,,,SGD
train,,,,,,,31.433788776397705,2.0,302.0,771.0,1.5419883728027344,0.999999463558197,0.0009999996201237,0.001,False,128.0,128.0,,,SGD
train,,,,,,,31.470811367034912,2.0,303.0,772.0,1.5418939590454102,0.999999463558197,0.0009999984551933,0.001,False,128.0,128.0,,,SGD
train,,,,,,,31.510076761245728,2.0,304.0,773.0,1.575331687927246,0.9999993443489076,0.0010000002351318,0.001,False,128.0,128.0,,,SGD
train,,,,,,,31.550148010253903,2.0,305.0,774.0,1.619330883026123,0.9999994039535522,0.0010000005678377,0.001,False,128.0,128.0,,,SGD
train,,,,,,,31.587305068969727,2.0,306.0,775.0,1.5642218589782717,0.9999994039535522,0.0009999988191249,0.001,False,128.0,128.0,,,SGD
train,,,,,,,31.62698745727539,2.0,307.0,776.0,1.521647810935974,0.9999993443489076,0.0010000008796992,0.001,False,128.0,128.0,,,SGD
train,,,,,,,31.668267250061035,2.0,308.0,777.0,1.5741921663284302,0.999999463558197,0.0009999990957095,0.001,False,128.0,128.0,,,SGD
train,,,,,,,31.708735704422,2.0,309.0,778.0,1.5264794826507568,0.9999992847442628,0.0010000012376902,0.001,False,128.0,128.0,,,SGD
train,,,,,,,31.74480628967285,2.0,310.0,779.0,1.5426760911941528,0.9999994039535522,0.0010000005612042,0.001,False,128.0,128.0,,,SGD
train,,,,,,,31.78446078300476,2.0,311.0,780.0,1.6250005960464478,0.9999994039535522,0.0010000001516708,0.001,False,128.0,128.0,,,SGD
train,,,,,,,31.82480001449585,2.0,312.0,781.0,1.5497517585754397,0.9999992847442628,0.0010000005465492,0.001,False,128.0,128.0,,,SGD
train,,,,,,,31.86753463745117,2.0,313.0,782.0,1.604361653327942,0.9999994039535522,0.0010000002122889,0.001,False,128.0,128.0,,,SGD
train,,,,,,,31.90899157524109,2.0,314.0,783.0,1.6426808834075928,0.9999994039535522,0.0009999978231422,0.001,False,128.0,128.0,,,SGD
train,,,,,,,31.950032472610477,2.0,315.0,784.0,1.5534998178482056,0.999999463558197,0.0010000007980146,0.001,False,128.0,128.0,,,SGD
train,,,,,,,31.988758325576782,2.0,316.0,785.0,1.5656064748764038,0.999999463558197,0.0009999986930589,0.001,False,128.0,128.0,,,SGD
train,,,,,,,32.02613592147827,2.0,317.0,786.0,1.55378520488739,0.9999994039535522,0.0010000011780713,0.001,False,128.0,128.0,,,SGD
train,,,,,,,32.062618017196655,2.0,318.0,787.0,1.550745725631714,0.9999994039535522,0.0009999977743478,0.001,False,128.0,128.0,,,SGD
train,,,,,,,32.10209679603577,2.0,319.0,788.0,1.551857352256775,0.9999993443489076,0.0009999988768011,0.001,False,128.0,128.0,,,SGD
train,,,,,,,32.138856649398804,2.0,320.0,789.0,1.5634416341781616,0.9999994039535522,0.0009999984659902,0.001,False,128.0,128.0,,,SGD
train,,,,,,,32.17629909515381,2.0,321.0,790.0,1.5201174020767212,0.9999994039535522,0.0010000004578147,0.001,False,128.0,128.0,,,SGD
train,,,,,,,32.218098163604736,2.0,322.0,791.0,1.5727187395095823,0.9999992847442628,0.0010000008382324,0.001,False,128.0,128.0,,,SGD
train,,,,,,,32.25576567649841,2.0,323.0,792.0,1.5641168355941772,0.9999993443489076,0.0009999987124323,0.001,False,128.0,128.0,,,SGD
train,,,,,,,32.298540353775024,2.0,324.0,793.0,1.6266149282455444,0.9999992847442628,0.0009999980890966,0.001,False,128.0,128.0,,,SGD
train,,,,,,,32.33792853355408,2.0,325.0,794.0,1.648451805114746,0.9999992847442628,0.0010000017319052,0.001,False,128.0,128.0,,,SGD
train,,,,,,,32.374637842178345,2.0,326.0,795.0,1.5309581756591797,0.9999993443489076,0.0010000001346289,0.001,False,128.0,128.0,,,SGD
train,,,,,,,32.421634912490845,2.0,327.0,796.0,1.5479117631912231,0.999999463558197,0.0009999984726238,0.001,False,128.0,128.0,,,SGD
train,,,,,,,32.4608097076416,2.0,328.0,797.0,1.5200462341308594,0.9999994039535522,0.0010000002016308,0.001,False,128.0,128.0,,,SGD
train,,,,,,,32.70963287353516,2.0,329.0,798.0,1.479379177093506,0.9999993443489076,0.0010000008272967,0.001,False,128.0,128.0,,,SGD
train,,,,,,,32.74224042892456,2.0,330.0,799.0,1.5671718120574951,0.9999993443489076,0.0010000001165877,0.001,False,128.0,128.0,,,SGD
train,,,,,,,32.77575182914734,2.0,331.0,800.0,1.5491074323654177,0.9999994039535522,0.0009999995741882,0.001,False,128.0,128.0,,,SGD
train,,,,,,,32.81317186355591,2.0,332.0,801.0,1.6265954971313477,0.9999994039535522,0.0009999985677423,0.001,False,128.0,128.0,,,SGD
train,,,,,,,32.84790539741516,2.0,333.0,802.0,1.5246630907058716,0.9999994039535522,0.0009999988895409,0.001,False,128.0,128.0,,,SGD
train,,,,,,,32.880629539489746,2.0,334.0,803.0,1.603411316871643,0.9999994039535522,0.0010000008301,0.001,False,128.0,128.0,,,SGD
train,,,,,,,32.91370606422424,2.0,335.0,804.0,1.5481369495391846,0.9999993443489076,0.0010000002273602,0.001,False,128.0,128.0,,,SGD
train,,,,,,,32.94414472579956,2.0,336.0,805.0,1.5456115007400513,0.9999992847442628,0.0009999976354585,0.001,False,128.0,128.0,,,SGD
train,,,,,,,32.9779098033905,2.0,337.0,806.0,1.6228177547454834,0.999999463558197,0.0009999991176642,0.001,False,128.0,128.0,,,SGD
train,,,,,,,33.01581072807312,2.0,338.0,807.0,1.5251675844192505,0.9999993443489076,0.001000000227277,0.001,False,128.0,128.0,,,SGD
train,,,,,,,33.048192501068115,2.0,339.0,808.0,1.545292854309082,0.9999993443489076,0.0010000007845531,0.001,False,128.0,128.0,,,SGD
train,,,,,,,33.08261752128601,2.0,340.0,809.0,1.5124154090881348,0.9999994039535522,0.0009999998752253,0.001,False,128.0,128.0,,,SGD
train,,,,,,,33.11691761016846,2.0,341.0,810.0,1.5275466442108154,0.9999993443489076,0.0010000003270027,0.001,False,128.0,128.0,,,SGD
train,,,,,,,33.15719676017761,2.0,342.0,811.0,1.5994324684143066,0.9999993443489076,0.0010000004960063,0.001,False,128.0,128.0,,,SGD
train,,,,,,,33.19355320930481,2.0,343.0,812.0,1.6389012336730957,0.9999993443489076,0.00099999895324,0.001,False,128.0,128.0,,,SGD
train,,,,,,,33.22991490364075,2.0,344.0,813.0,1.5818912982940674,0.9999994039535522,0.0010000015244326,0.001,False,128.0,128.0,,,SGD
train,,,,,,,33.27035927772522,2.0,345.0,814.0,1.5588788986206057,0.9999993443489076,0.0010000006985942,0.001,False,128.0,128.0,,,SGD
train,,,,,,,33.3057062625885,2.0,346.0,815.0,1.4912859201431274,0.9999994039535522,0.0009999989774984,0.001,False,128.0,128.0,,,SGD
train,,,,,,,33.33841180801392,2.0,347.0,816.0,1.465624213218689,0.9999994039535522,0.0009999992209983,0.001,False,128.0,128.0,,,SGD
train,,,,,,,33.37743377685547,2.0,348.0,817.0,1.5281940698623655,0.9999994039535522,0.0009999987638912,0.001,False,128.0,128.0,,,SGD
train,,,,,,,33.40994834899902,2.0,349.0,818.0,1.5562149286270142,0.9999994039535522,0.0009999994377972,0.001,False,128.0,128.0,,,SGD
train,,,,,,,33.4417986869812,2.0,350.0,819.0,1.5041450262069702,0.9999994039535522,0.0009999986534794,0.001,False,128.0,128.0,,,SGD
train,,,,,,,33.4739408493042,2.0,351.0,820.0,1.4548829793930054,0.9999994039535522,0.0009999996282838,0.001,False,128.0,128.0,,,SGD
train,,,,,,,33.50653338432312,2.0,352.0,821.0,1.4954243898391724,0.999999463558197,0.0009999983172479,0.001,False,128.0,128.0,,,SGD
train,,,,,,,33.5378303527832,2.0,353.0,822.0,1.526533842086792,0.999999463558197,0.0010000000413701,0.001,False,128.0,128.0,,,SGD
train,,,,,,,33.573628425598145,2.0,354.0,823.0,1.515988826751709,0.999999463558197,0.0010000000449784,0.001,False,128.0,128.0,,,SGD
train,,,,,,,33.60921239852905,2.0,355.0,824.0,1.583234429359436,0.9999994039535522,0.0009999986041299,0.001,False,128.0,128.0,,,SGD
train,,,,,,,33.64797258377075,2.0,356.0,825.0,1.5379741191864014,0.9999993443489076,0.0009999985694909,0.001,False,128.0,128.0,,,SGD
train,,,,,,,33.6803925037384,2.0,357.0,826.0,1.5141059160232544,0.9999994039535522,0.0009999993526708,0.001,False,128.0,128.0,,,SGD
train,,,,,,,33.70919990539551,2.0,358.0,827.0,1.530671238899231,0.9999994039535522,0.0009999993872265,0.001,False,128.0,128.0,,,SGD
train,,,,,,,33.742335081100464,2.0,359.0,828.0,1.5681204795837402,0.999999463558197,0.0009999990707017,0.001,False,128.0,128.0,,,SGD
train,,,,,,,33.779550313949585,2.0,360.0,829.0,1.4950050115585327,0.9999994039535522,0.0009999994183683,0.001,False,128.0,128.0,,,SGD
train,,,,,,,33.82335186004639,2.0,361.0,830.0,1.4854800701141355,0.9999994039535522,0.00099999906454,0.001,False,128.0,128.0,,,SGD
train,,,,,,,33.85483145713806,2.0,362.0,831.0,1.579746127128601,0.9999994039535522,0.0009999985619692,0.001,False,128.0,128.0,,,SGD
train,,,,,,,33.89072895050049,2.0,363.0,832.0,1.562104344367981,0.9999993443489076,0.0009999989650084,0.001,False,128.0,128.0,,,SGD
train,,,,,,,33.92647433280945,2.0,364.0,833.0,1.5271005630493164,0.9999993443489076,0.001000000273601,0.001,False,128.0,128.0,,,SGD
train,,,,,,,33.96144342422485,2.0,365.0,834.0,1.4606751203536987,0.9999993443489076,0.0009999998592935,0.001,False,128.0,128.0,,,SGD
train,,,,,,,33.995112895965576,2.0,366.0,835.0,1.4931882619857788,0.9999994039535522,0.000999999697645,0.001,False,128.0,128.0,,,SGD
train,,,,,,,34.029627561569214,2.0,367.0,836.0,1.5021501779556274,0.9999995231628418,0.0009999975016763,0.001,False,128.0,128.0,,,SGD
train,,,,,,,34.05943584442139,2.0,368.0,837.0,1.6098109483718872,0.9999993443489076,0.0009999978838437,0.001,False,128.0,128.0,,,SGD
train,,,,,,,34.09030032157898,2.0,369.0,838.0,1.5938383340835571,0.9999993443489076,0.0009999987566193,0.001,False,128.0,128.0,,,SGD
train,,,,,,,34.12704610824585,2.0,370.0,839.0,1.5264713764190674,0.9999994039535522,0.0010000002840648,0.001,False,128.0,128.0,,,SGD
train,,,,,,,34.15783262252808,2.0,371.0,840.0,1.464303731918335,0.9999994039535522,0.0010000006653708,0.001,False,128.0,128.0,,,SGD
train,,,,,,,34.19346570968628,2.0,372.0,841.0,1.5379756689071655,0.9999994039535522,0.0009999977106763,0.001,False,128.0,128.0,,,SGD
train,,,,,,,34.2289252281189,2.0,373.0,842.0,1.46763014793396,0.9999993443489076,0.0009999999242971,0.001,False,128.0,128.0,,,SGD
train,,,,,,,34.27101373672485,2.0,374.0,843.0,1.5370057821273804,0.999999463558197,0.0009999998804988,0.001,False,128.0,128.0,,,SGD
train,,,,,,,34.303268909454346,2.0,375.0,844.0,1.4479739665985107,0.9999994039535522,0.0009999992397888,0.001,False,128.0,128.0,,,SGD
train,,,,,,,34.33474659919739,2.0,376.0,845.0,1.498457431793213,0.999999463558197,0.0009999999360377,0.001,False,128.0,128.0,,,SGD
train,,,,,,,34.363470792770386,2.0,377.0,846.0,1.555240035057068,0.9999993443489076,0.0009999999990984,0.001,False,128.0,128.0,,,SGD
train,,,,,,,34.39453077316284,2.0,378.0,847.0,1.4810556173324585,0.9999993443489076,0.0009999988411629,0.001,False,128.0,128.0,,,SGD
train,,,,,,,34.42993760108948,2.0,379.0,848.0,1.4790592193603516,0.9999993443489076,0.0009999994499264,0.001,False,128.0,128.0,,,SGD
train,,,,,,,34.462029218673706,2.0,380.0,849.0,1.4876819849014282,0.9999994039535522,0.0010000006992603,0.001,False,128.0,128.0,,,SGD
train,,,,,,,34.496861934661865,2.0,381.0,850.0,1.527940273284912,0.999999463558197,0.0009999984105623,0.001,False,128.0,128.0,,,SGD
train,,,,,,,34.539117097854614,2.0,382.0,851.0,1.477406620979309,0.9999993443489076,0.0009999986865086,0.001,False,128.0,128.0,,,SGD
train,,,,,,,34.58160138130188,2.0,383.0,852.0,1.5819236040115356,0.9999994039535522,0.0010000004810183,0.001,False,128.0,128.0,,,SGD
train,,,,,,,34.618709564208984,2.0,384.0,853.0,1.5072627067565918,0.999999463558197,0.0009999990997896,0.001,False,128.0,128.0,,,SGD
train,,,,,,,34.656261682510376,2.0,385.0,854.0,1.4792753458023071,0.9999994039535522,0.0009999985750976,0.001,False,128.0,128.0,,,SGD
train,,,,,,,34.69540190696716,2.0,386.0,855.0,1.4994772672653198,0.9999995231628418,0.0010000006768061,0.001,False,128.0,128.0,,,SGD
train,,,,,,,34.73012828826904,2.0,387.0,856.0,1.5060243606567385,0.999999463558197,0.0009999984128937,0.001,False,128.0,128.0,,,SGD
train,,,,,,,34.76663446426392,2.0,388.0,857.0,1.5277528762817385,0.9999994039535522,0.0010000011058236,0.001,False,128.0,128.0,,,SGD
train,,,,,,,34.80308699607849,2.0,389.0,858.0,1.5542815923690796,0.9999993443489076,0.0009999980534584,0.001,False,128.0,128.0,,,SGD
train,,,,,,,34.84339618682861,2.0,390.0,859.0,1.4612380266189575,0.9999994039535522,0.0010000019511461,0.001,False,128.0,128.0,,,SGD
train,,,,,,,34.88585591316223,2.0,391.0,860.0,1.543102145195007,0.9999992847442628,0.0010000004800191,0.001,False,128.0,128.0,,,SGD
train,,,,,,,34.929861545562744,2.0,392.0,861.0,1.560320258140564,0.9999994039535522,0.0009999987980862,0.001,False,128.0,128.0,,,SGD
train,,,,,,,34.96453285217285,2.0,393.0,862.0,1.5294126272201538,0.9999993443489076,0.0009999988858494,0.001,False,128.0,128.0,,,SGD
train,,,,,,,34.99617385864258,2.0,394.0,863.0,1.4618761539459229,0.999999463558197,0.0010000010332984,0.001,False,128.0,128.0,,,SGD
train,,,,,,,35.02983808517456,2.0,395.0,864.0,1.514181137084961,0.9999993443489076,0.0010000002938903,0.001,False,128.0,128.0,,,SGD
train,,,,,,,35.06317496299744,2.0,396.0,865.0,1.5216389894485474,0.9999993443489076,0.0009999996522369,0.001,False,128.0,128.0,,,SGD
train,,,,,,,35.099119901657104,2.0,397.0,866.0,1.4756252765655518,0.9999993443489076,0.0009999998786669,0.001,False,128.0,128.0,,,SGD
train,,,,,,,35.13560199737549,2.0,398.0,867.0,1.4307782649993896,0.9999992847442628,0.0010000004819065,0.001,False,128.0,128.0,,,SGD
train,,,,,,,35.17676877975464,2.0,399.0,868.0,1.4620487689971924,0.9999995231628418,0.000999997957979,0.001,False,128.0,128.0,,,SGD
train,,,,,,,35.21514630317688,2.0,400.0,869.0,1.5641884803771973,0.9999994039535522,0.0009999990431126,0.001,False,128.0,128.0,,,SGD
train,,,,,,,35.25795030593872,2.0,401.0,870.0,1.5093812942504885,0.9999994039535522,0.0009999999361765,0.001,False,128.0,128.0,,,SGD
train,,,,,,,35.30384469032288,2.0,402.0,871.0,1.4561408758163452,0.9999994039535522,0.00099999894347,0.001,False,128.0,128.0,,,SGD
train,,,,,,,35.341779708862305,2.0,403.0,872.0,1.478142023086548,0.9999994039535522,0.0009999991612405,0.001,False,128.0,128.0,,,SGD
train,,,,,,,35.37764835357666,2.0,404.0,873.0,1.435841679573059,0.9999993443489076,0.0010000007268216,0.001,False,128.0,128.0,,,SGD
train,,,,,,,35.41613984107971,2.0,405.0,874.0,1.515544891357422,0.9999994039535522,0.0009999990293181,0.001,False,128.0,128.0,,,SGD
train,,,,,,,35.457245111465454,2.0,406.0,875.0,1.404299259185791,0.9999993443489076,0.0009999982791672,0.001,False,128.0,128.0,,,SGD
train,,,,,,,35.49707579612732,2.0,407.0,876.0,1.471107840538025,0.9999994039535522,0.0009999993061247,0.001,False,128.0,128.0,,,SGD
train,,,,,,,35.53183555603027,2.0,408.0,877.0,1.4484100341796875,0.9999993443489076,0.0010000007086139,0.001,False,128.0,128.0,,,SGD
train,,,,,,,35.57757353782654,2.0,409.0,878.0,1.480931043624878,0.9999993443489076,0.0010000000775634,0.001,False,128.0,128.0,,,SGD
train,,,,,,,35.62113904953003,2.0,410.0,879.0,1.439958095550537,0.9999994039535522,0.0009999986572542,0.001,False,128.0,128.0,,,SGD
train,,,,,,,35.66194415092468,2.0,411.0,880.0,1.4801241159439087,0.9999994039535522,0.0010000004554277,0.001,False,128.0,128.0,,,SGD
train,,,,,,,35.9139838218689,2.0,412.0,881.0,1.4688130617141724,0.9999994039535522,0.0009999992436469,0.001,False,128.0,128.0,,,SGD
train,,,,,,,35.952943086624146,2.0,413.0,882.0,1.4361697435379028,0.9999993443489076,0.0009999988157942,0.001,False,128.0,128.0,,,SGD
train,,,,,,,35.996071577072144,2.0,414.0,883.0,1.44697904586792,0.9999994039535522,0.0009999984425923,0.001,False,128.0,128.0,,,SGD
train,,,,,,,36.03053045272827,2.0,415.0,884.0,1.5356106758117676,0.9999993443489076,0.0009999983451145,0.001,False,128.0,128.0,,,SGD
train,,,,,,,36.067704916000366,2.0,416.0,885.0,1.4250216484069824,0.9999994039535522,0.0009999992482543,0.001,False,128.0,128.0,,,SGD
train,,,,,,,36.10274338722229,2.0,417.0,886.0,1.4236150979995728,0.9999993443489076,0.0010000009629658,0.001,False,128.0,128.0,,,SGD
train,,,,,,,36.13639521598816,2.0,418.0,887.0,1.4621223211288452,0.9999995231628418,0.0010000008193863,0.001,False,128.0,128.0,,,SGD
train,,,,,,,36.179075956344604,2.0,419.0,888.0,1.4689725637435913,0.9999994039535522,0.0009999994052677,0.001,False,128.0,128.0,,,SGD
train,,,,,,,36.21109890937805,2.0,420.0,889.0,1.4709365367889404,0.9999994039535522,0.0009999986758782,0.001,False,128.0,128.0,,,SGD
train,,,,,,,36.24931311607361,2.0,421.0,890.0,1.4887166023254397,0.9999994039535522,0.0009999995775189,0.001,False,128.0,128.0,,,SGD
train,,,,,,,36.28408217430115,2.0,422.0,891.0,1.5158562660217283,0.9999993443489076,0.0009999991672357,0.001,False,128.0,128.0,,,SGD
train,,,,,,,36.32731294631958,2.0,423.0,892.0,1.4023804664611816,0.9999993443489076,0.0009999979359133,0.001,False,128.0,128.0,,,SGD
train,,,,,,,36.370980978012085,2.0,424.0,893.0,1.5200064182281494,0.9999994039535522,0.0009999987213974,0.001,False,128.0,128.0,,,SGD
train,,,,,,,36.41127324104309,2.0,425.0,894.0,1.4531772136688232,0.9999994039535522,0.0010000019730452,0.001,False,128.0,128.0,,,SGD
train,,,,,,,36.45391964912415,2.0,426.0,895.0,1.5551040172576904,0.9999993443489076,0.0009999980677248,0.001,False,128.0,128.0,,,SGD
train,,,,,,,36.497570276260376,2.0,427.0,896.0,1.4410022497177124,0.9999993443489076,0.0010000017574681,0.001,False,128.0,128.0,,,SGD
train,,,,,,,36.56185603141785,2.0,428.0,897.0,1.447252869606018,0.9999993443489076,0.0009999992495588,0.001,False,128.0,128.0,,,SGD
train,,,,,,,36.60378646850586,2.0,429.0,898.0,1.384122014045715,0.999999463558197,0.0009999993240548,0.001,False,128.0,128.0,,,SGD
train,,,,,,,36.6385657787323,2.0,430.0,899.0,1.5675318241119385,0.9999993443489076,0.0010000001466748,0.001,False,128.0,128.0,,,SGD
train,,,,,,,36.67479681968689,2.0,431.0,900.0,1.452885627746582,0.9999993443489076,0.0009999991419226,0.001,False,128.0,128.0,,,SGD
train,,,,,,,36.71588802337647,2.0,432.0,901.0,1.4124915599822998,0.9999993443489076,0.0010000008195251,0.001,False,128.0,128.0,,,SGD
train,,,,,,,36.75692176818848,2.0,433.0,902.0,1.3651014566421509,0.9999994039535522,0.0009999972748017,0.001,False,128.0,128.0,,,SGD
train,,,,,,,36.79448795318604,2.0,434.0,903.0,1.4958810806274414,0.9999994039535522,0.0009999994286379,0.001,False,128.0,128.0,,,SGD
train,,,,,,,36.8396589756012,2.0,435.0,904.0,1.4218454360961914,0.9999995231628418,0.0009999983855822,0.001,False,128.0,128.0,,,SGD
train,,,,,,,36.88629937171936,2.0,436.0,905.0,1.486473798751831,0.9999994039535522,0.0009999982655114,0.001,False,128.0,128.0,,,SGD
train,,,,,,,36.9240882396698,2.0,437.0,906.0,1.4433883428573608,0.999999463558197,0.000999999695036,0.001,False,128.0,128.0,,,SGD
train,,,,,,,36.967326402664185,2.0,438.0,907.0,1.464519739151001,0.999999463558197,0.0010000018969951,0.001,False,128.0,128.0,,,SGD
train,,,,,,,37.00555682182312,2.0,439.0,908.0,1.4257524013519287,0.9999994039535522,0.0010000000619648,0.001,False,128.0,128.0,,,SGD
train,,,,,,,37.04670310020447,2.0,440.0,909.0,1.450129151344299,0.9999994039535522,0.00100000149726,0.001,False,128.0,128.0,,,SGD
train,,,,,,,37.08246302604675,2.0,441.0,910.0,1.376248836517334,0.9999993443489076,0.0009999991974893,0.001,False,128.0,128.0,,,SGD
train,,,,,,,37.11961007118225,2.0,442.0,911.0,1.4063576459884644,0.9999994039535522,0.0009999977948869,0.001,False,128.0,128.0,,,SGD
train,,,,,,,37.15377926826477,2.0,443.0,912.0,1.5611721277236938,0.999999463558197,0.0010000006432773,0.001,False,128.0,128.0,,,SGD
train,,,,,,,37.185696840286255,2.0,444.0,913.0,1.5319072008132937,0.9999994039535522,0.0009999997601506,0.001,False,128.0,128.0,,,SGD
train,,,,,,,37.22620296478272,2.0,445.0,914.0,1.444861650466919,0.9999995231628418,0.000999999945891,0.001,False,128.0,128.0,,,SGD
train,,,,,,,37.27243185043335,2.0,446.0,915.0,1.4676098823547363,0.999999463558197,0.0009999998603483,0.001,False,128.0,128.0,,,SGD
train,,,,,,,37.31082248687744,2.0,447.0,916.0,1.423387885093689,0.9999994039535522,0.0009999983592699,0.001,False,128.0,128.0,,,SGD
train,,,,,,,37.34716248512268,2.0,448.0,917.0,1.446107029914856,0.9999995231628418,0.00099999991375,0.001,False,128.0,128.0,,,SGD
train,,,,,,,37.38117527961731,2.0,449.0,918.0,1.41856050491333,0.9999994039535522,0.0010000014008372,0.001,False,128.0,128.0,,,SGD
train,,,,,,,37.4165403842926,2.0,450.0,919.0,1.5165929794311523,0.9999993443489076,0.0009999993258312,0.001,False,128.0,128.0,,,SGD
train,,,,,,,37.45497727394104,2.0,451.0,920.0,1.5132077932357788,0.999999463558197,0.0010000004456022,0.001,False,128.0,128.0,,,SGD
train,,,,,,,37.48756718635559,2.0,452.0,921.0,1.4934775829315186,0.9999992847442628,0.0009999979273091,0.001,False,128.0,128.0,,,SGD
train,,,,,,,37.518319606781006,2.0,453.0,922.0,1.488186955451965,0.9999993443489076,0.0009999991236039,0.001,False,128.0,128.0,,,SGD
train,,,,,,,37.55018925666809,2.0,454.0,923.0,1.461207389831543,0.9999995231628418,0.0009999987289192,0.001,False,128.0,128.0,,,SGD
train,,,,,,,37.58257126808167,2.0,455.0,924.0,1.525219202041626,0.9999994039535522,0.0009999993790664,0.001,False,128.0,128.0,,,SGD
train,,,,,,,37.6165292263031,2.0,456.0,925.0,1.3892539739608765,0.999999463558197,0.0010000007677888,0.001,False,128.0,128.0,,,SGD
train,,,,,,,37.65121269226074,2.0,457.0,926.0,1.5100271701812744,0.9999993443489076,0.000999999532083,0.001,False,128.0,128.0,,,SGD
train,,,,,,,37.682579040527344,2.0,458.0,927.0,1.459252119064331,0.9999993443489076,0.0009999987373014,0.001,False,128.0,128.0,,,SGD
train,,,,,,,37.71889424324036,2.0,459.0,928.0,1.4213571548461914,0.9999994039535522,0.0010000013615354,0.001,False,128.0,128.0,,,SGD
train,,,,,,,37.74945855140686,2.0,460.0,929.0,1.4387567043304443,0.9999994039535522,0.0009999985409027,0.001,False,128.0,128.0,,,SGD
train,,,,,,,37.78733563423157,2.0,461.0,930.0,1.401310920715332,0.9999994039535522,0.0010000009467566,0.001,False,128.0,128.0,,,SGD
train,,,,,,,37.82626748085022,2.0,462.0,931.0,1.4495856761932373,0.9999995231628418,0.0009999984366526,0.001,False,128.0,128.0,,,SGD
train,,,,,,,37.85746264457703,2.0,463.0,932.0,1.441551923751831,0.9999993443489076,0.0009999979401877,0.001,False,128.0,128.0,,,SGD
train,,,,,,,37.88709211349487,2.0,464.0,933.0,1.494122862815857,0.9999993443489076,0.0009999991495831,0.001,False,128.0,128.0,,,SGD
train,,,,,,,37.92300462722778,2.0,465.0,934.0,1.41390860080719,0.9999993443489076,0.0009999992381235,0.001,False,128.0,128.0,,,SGD
train,,,,,,,37.95455265045166,2.0,466.0,935.0,1.412808895111084,0.9999993443489076,0.0009999983591589,0.001,False,128.0,128.0,,,SGD
train,,,,,,,37.98775839805603,2.0,467.0,936.0,1.4416040182113647,0.9999993443489076,0.0010000012042448,0.001,False,128.0,128.0,,,SGD
train,,,,,,,38.02334403991699,2.0,468.0,937.0,1.3466674089431765,0.999999463558197,0.0009999984153917,0.001,False,128.0,128.0,,,SGD
train,,,,,,,38.06006717681885,2.0,469.0,938.0,1.4797091484069824,0.999999463558197,0.0010000003243659,0.001,False,128.0,128.0,,,SGD
eval,,,,,,,40.18640661239624,2.0,,938.0,,,,,False,128.0,128.0,1.4125843963623046,0.7426,SGD
train,,,,,,,40.225433349609375,3.0,1.0,939.0,1.4744713306427002,0.999999463558197,0.0009999995382447,0.001,False,128.0,128.0,,,SGD
train,,,,,,,40.26310420036316,3.0,2.0,940.0,1.4271726608276367,0.9999994039535522,0.0010000003797383,0.001,False,128.0,128.0,,,SGD
train,,,,,,,40.3126220703125,3.0,3.0,941.0,1.4070377349853516,0.9999994039535522,0.0009999978835939,0.001,False,128.0,128.0,,,SGD
train,,,,,,,40.35856890678406,3.0,4.0,942.0,1.434437870979309,0.9999992847442628,0.0009999983249639,0.001,False,128.0,128.0,,,SGD
train,,,,,,,40.40299153327942,3.0,5.0,943.0,1.4335108995437622,0.999999463558197,0.0009999985041542,0.001,False,128.0,128.0,,,SGD
train,,,,,,,40.44798851013184,3.0,6.0,944.0,1.4065803289413452,0.9999993443489076,0.0009999999886068,0.001,False,128.0,128.0,,,SGD
train,,,,,,,40.49254298210144,3.0,7.0,945.0,1.380590558052063,0.9999994039535522,0.0009999999253518,0.001,False,128.0,128.0,,,SGD
train,,,,,,,40.54004192352295,3.0,8.0,946.0,1.460791826248169,0.999999463558197,0.0009999989225423,0.001,False,128.0,128.0,,,SGD
train,,,,,,,40.57849311828613,3.0,9.0,947.0,1.449246883392334,0.9999994039535522,0.0009999990851069,0.001,False,128.0,128.0,,,SGD
train,,,,,,,40.6183660030365,3.0,10.0,948.0,1.4879285097122192,0.9999992847442628,0.0009999986806799,0.001,False,128.0,128.0,,,SGD
train,,,,,,,40.65463519096375,3.0,11.0,949.0,1.3570406436920166,0.999999463558197,0.0010000003676646,0.001,False,128.0,128.0,,,SGD
train,,,,,,,40.70458269119263,3.0,12.0,950.0,1.3571151494979858,0.9999994039535522,0.0010000002281651,0.001,False,128.0,128.0,,,SGD
train,,,,,,,40.746830701828,3.0,13.0,951.0,1.401604175567627,0.999999463558197,0.000999997690609,0.001,False,128.0,128.0,,,SGD
train,,,,,,,40.79181718826294,3.0,14.0,952.0,1.5313953161239624,0.9999993443489076,0.0009999991749517,0.001,False,128.0,128.0,,,SGD
train,,,,,,,40.83902525901794,3.0,15.0,953.0,1.4539283514022827,0.9999994039535522,0.0009999986553668,0.001,False,128.0,128.0,,,SGD
train,,,,,,,40.87976598739624,3.0,16.0,954.0,1.3998122215270996,0.9999993443489076,0.0009999994512309,0.001,False,128.0,128.0,,,SGD
train,,,,,,,40.91705298423767,3.0,17.0,955.0,1.3625144958496094,0.999999463558197,0.0009999997054721,0.001,False,128.0,128.0,,,SGD
train,,,,,,,40.95811247825623,3.0,18.0,956.0,1.407507300376892,0.9999993443489076,0.0010000011347171,0.001,False,128.0,128.0,,,SGD
train,,,,,,,41.00150227546692,3.0,19.0,957.0,1.4486252069473269,0.9999993443489076,0.000999999307679,0.001,False,128.0,128.0,,,SGD
train,,,,,,,41.038302183151245,3.0,20.0,958.0,1.458691954612732,0.999999463558197,0.0010000005811882,0.001,False,128.0,128.0,,,SGD
train,,,,,,,41.08241105079651,3.0,21.0,959.0,1.3889334201812744,0.9999993443489076,0.0009999977370164,0.001,False,128.0,128.0,,,SGD
train,,,,,,,41.314805030822754,3.0,22.0,960.0,1.42153000831604,0.9999993443489076,0.00099999946633,0.001,False,128.0,128.0,,,SGD
train,,,,,,,41.34959816932678,3.0,23.0,961.0,1.3869125843048096,0.9999994039535522,0.0009999994435426,0.001,False,128.0,128.0,,,SGD
train,,,,,,,41.38524651527405,3.0,24.0,962.0,1.485605001449585,0.9999992847442628,0.0009999999367039,0.001,False,128.0,128.0,,,SGD
train,,,,,,,41.41890358924866,3.0,25.0,963.0,1.4512958526611328,0.9999992847442628,0.0010000014937628,0.001,False,128.0,128.0,,,SGD
train,,,,,,,41.45413589477539,3.0,26.0,964.0,1.4392366409301758,0.999999463558197,0.0010000010408479,0.001,False,128.0,128.0,,,SGD
train,,,,,,,41.49164366722107,3.0,27.0,965.0,1.4107316732406616,0.9999994039535522,0.0009999991766726,0.001,False,128.0,128.0,,,SGD
train,,,,,,,41.53583478927612,3.0,28.0,966.0,1.430467128753662,0.9999993443489076,0.0009999997584853,0.001,False,128.0,128.0,,,SGD
train,,,,,,,41.57100462913513,3.0,29.0,967.0,1.398219347000122,0.9999992847442628,0.0010000015388378,0.001,False,128.0,128.0,,,SGD
train,,,,,,,41.60472774505615,3.0,30.0,968.0,1.363296627998352,0.9999994039535522,0.0009999983482787,0.001,False,128.0,128.0,,,SGD
train,,,,,,,41.63776588439941,3.0,31.0,969.0,1.2540678977966309,0.9999995231628418,0.0010000001971899,0.001,False,128.0,128.0,,,SGD
train,,,,,,,41.67184615135193,3.0,32.0,970.0,1.4200962781906128,0.9999993443489076,0.0009999994526465,0.001,False,128.0,128.0,,,SGD
train,,,,,,,41.70952463150024,3.0,33.0,971.0,1.3556616306304932,0.9999994039535522,0.0010000008756468,0.001,False,128.0,128.0,,,SGD
train,,,,,,,41.74946331977844,3.0,34.0,972.0,1.2790319919586182,0.9999994039535522,0.0009999996611187,0.001,False,128.0,128.0,,,SGD
train,,,,,,,41.7880482673645,3.0,35.0,973.0,1.4088352918624878,0.9999995231628418,0.0010000004513754,0.001,False,128.0,128.0,,,SGD
train,,,,,,,41.821927309036255,3.0,36.0,974.0,1.3751558065414429,0.9999992847442628,0.000999999230574,0.001,False,128.0,128.0,,,SGD
train,,,,,,,41.85492253303528,3.0,37.0,975.0,1.4015353918075562,0.9999994039535522,0.0009999983221606,0.001,False,128.0,128.0,,,SGD
train,,,,,,,41.89670920372009,3.0,38.0,976.0,1.4226176738739014,0.9999994039535522,0.0009999983916607,0.001,False,128.0,128.0,,,SGD
train,,,,,,,41.93208622932434,3.0,39.0,977.0,1.3989105224609375,0.9999994039535522,0.000999999657788,0.001,False,128.0,128.0,,,SGD
train,,,,,,,41.9660792350769,3.0,40.0,978.0,1.3843052387237549,0.9999993443489076,0.0009999978923925,0.001,False,128.0,128.0,,,SGD
train,,,,,,,41.99627065658569,3.0,41.0,979.0,1.4006108045578003,0.9999992847442628,0.0009999981468283,0.001,False,128.0,128.0,,,SGD
train,,,,,,,42.03300642967224,3.0,42.0,980.0,1.4222044944763184,0.999999463558197,0.0009999999923538,0.001,False,128.0,128.0,,,SGD
train,,,,,,,42.06553554534912,3.0,43.0,981.0,1.419277906417847,0.9999993443489076,0.0010000003750198,0.001,False,128.0,128.0,,,SGD
train,,,,,,,42.09652018547058,3.0,44.0,982.0,1.3782650232315063,0.9999994039535522,0.001000000357062,0.001,False,128.0,128.0,,,SGD
train,,,,,,,42.13232135772705,3.0,45.0,983.0,1.3602728843688965,0.9999992847442628,0.0009999996093823,0.001,False,128.0,128.0,,,SGD
train,,,,,,,42.169599533081055,3.0,46.0,984.0,1.3781731128692627,0.9999992847442628,0.0009999979513177,0.001,False,128.0,128.0,,,SGD
train,,,,,,,42.20767021179199,3.0,47.0,985.0,1.3993799686431885,0.9999994039535522,0.0010000004251741,0.001,False,128.0,128.0,,,SGD
train,,,,,,,42.242785692214966,3.0,48.0,986.0,1.3669896125793457,0.9999994039535522,0.0009999988784109,0.001,False,128.0,128.0,,,SGD
train,,,,,,,42.28441905975342,3.0,49.0,987.0,1.3296349048614502,0.9999994039535522,0.0009999989216541,0.001,False,128.0,128.0,,,SGD
train,,,,,,,42.32012629508972,3.0,50.0,988.0,1.3666609525680542,0.9999994039535522,0.0009999976949389,0.001,False,128.0,128.0,,,SGD
train,,,,,,,42.364301919937134,3.0,51.0,989.0,1.41896390914917,0.9999994039535522,0.0009999998566845,0.001,False,128.0,128.0,,,SGD
train,,,,,,,42.40154147148132,3.0,52.0,990.0,1.4024587869644165,0.9999994039535522,0.0009999976166402,0.001,False,128.0,128.0,,,SGD
train,,,,,,,42.43525552749634,3.0,53.0,991.0,1.415979504585266,0.9999994039535522,0.0009999987527335,0.001,False,128.0,128.0,,,SGD
train,,,,,,,42.46873950958252,3.0,54.0,992.0,1.4003362655639648,0.9999994039535522,0.0010000004807685,0.001,False,128.0,128.0,,,SGD
train,,,,,,,42.50716471672058,3.0,55.0,993.0,1.2819221019744873,0.9999993443489076,0.0009999990901306,0.001,False,128.0,128.0,,,SGD
train,,,,,,,42.5392484664917,3.0,56.0,994.0,1.4615986347198486,0.9999993443489076,0.0009999993912789,0.001,False,128.0,128.0,,,SGD
train,,,,,,,42.57437300682068,3.0,57.0,995.0,1.369559645652771,0.9999993443489076,0.0009999996669751,0.001,False,128.0,128.0,,,SGD
train,,,,,,,42.60597586631775,3.0,58.0,996.0,1.43088960647583,0.9999994039535522,0.0010000007781138,0.001,False,128.0,128.0,,,SGD
train,,,,,,,42.63888311386109,3.0,59.0,997.0,1.35489022731781,0.999999463558197,0.0010000002786803,0.001,False,128.0,128.0,,,SGD
train,,,,,,,42.67169547080994,3.0,60.0,998.0,1.3903319835662842,0.9999993443489076,0.001000000122694,0.001,False,128.0,128.0,,,SGD
train,,,,,,,42.70832443237305,3.0,61.0,999.0,1.4109615087509155,0.9999992847442628,0.0010000006964015,0.001,False,128.0,128.0,,,SGD
train,,,,,,,42.740628480911255,3.0,62.0,1000.0,1.3954159021377563,0.999999463558197,0.000999998525304,0.001,False,128.0,128.0,,,SGD
train,,,,,,,42.77538728713989,3.0,63.0,1001.0,1.343777418136597,0.9999994039535522,0.0009999992221085,0.001,False,128.0,128.0,,,SGD
train,,,,,,,42.81793785095215,3.0,64.0,1002.0,1.3941733837127686,0.999999463558197,0.0009999999379529,0.001,False,128.0,128.0,,,SGD
train,,,,,,,42.85537219047546,3.0,65.0,1003.0,1.3859398365020752,0.999999463558197,0.0009999998561849,0.001,False,128.0,128.0,,,SGD
train,,,,,,,42.89016675949097,3.0,66.0,1004.0,1.3984460830688477,0.9999993443489076,0.000999997872797,0.001,False,128.0,128.0,,,SGD
train,,,,,,,42.92236971855164,3.0,67.0,1005.0,1.3685574531555176,0.9999994039535522,0.0010000004138776,0.001,False,128.0,128.0,,,SGD
train,,,,,,,42.95705723762512,3.0,68.0,1006.0,1.4265912771224976,0.9999994039535522,0.0010000003261145,0.001,False,128.0,128.0,,,SGD
train,,,,,,,43.00417280197144,3.0,69.0,1007.0,1.3498815298080444,0.999999463558197,0.0009999982576843,0.001,False,128.0,128.0,,,SGD
train,,,,,,,43.04521822929382,3.0,70.0,1008.0,1.34798002243042,0.999999463558197,0.0009999993700181,0.001,False,128.0,128.0,,,SGD
train,,,,,,,43.08463382720947,3.0,71.0,1009.0,1.3107973337173462,0.9999994039535522,0.0010000005170728,0.001,False,128.0,128.0,,,SGD
train,,,,,,,43.120200634002686,3.0,72.0,1010.0,1.3722447156906128,0.9999993443489076,0.0009999990147187,0.001,False,128.0,128.0,,,SGD
train,,,,,,,43.1513352394104,3.0,73.0,1011.0,1.3598638772964478,0.9999993443489076,0.0010000027040144,0.001,False,128.0,128.0,,,SGD
train,,,,,,,43.18354320526123,3.0,74.0,1012.0,1.4419564008712769,0.999999463558197,0.0009999997593735,0.001,False,128.0,128.0,,,SGD
train,,,,,,,43.22332119941712,3.0,75.0,1013.0,1.4733771085739136,0.999999463558197,0.0009999985443443,0.001,False,128.0,128.0,,,SGD
train,,,,,,,43.25466847419739,3.0,76.0,1014.0,1.3724007606506348,0.9999994039535522,0.0010000004889842,0.001,False,128.0,128.0,,,SGD
train,,,,,,,43.289443016052246,3.0,77.0,1015.0,1.3130145072937012,0.9999993443489076,0.000999998520419,0.001,False,128.0,128.0,,,SGD
train,,,,,,,43.31994557380676,3.0,78.0,1016.0,1.3734151124954224,0.9999994039535522,0.0009999972032476,0.001,False,128.0,128.0,,,SGD
train,,,,,,,43.35499978065491,3.0,79.0,1017.0,1.3781938552856443,0.9999993443489076,0.0009999969628281,0.001,False,128.0,128.0,,,SGD
train,,,,,,,43.39590644836426,3.0,80.0,1018.0,1.3280566930770874,0.9999994039535522,0.0009999981118285,0.001,False,128.0,128.0,,,SGD
train,,,,,,,43.4282124042511,3.0,81.0,1019.0,1.3116847276687622,0.9999994039535522,0.0009999985604981,0.001,False,128.0,128.0,,,SGD
train,,,,,,,43.460983753204346,3.0,82.0,1020.0,1.3493125438690186,0.9999995827674866,0.0009999975079491,0.001,False,128.0,128.0,,,SGD
train,,,,,,,43.49091148376465,3.0,83.0,1021.0,1.3322778940200806,0.999999463558197,0.000999997726497,0.001,False,128.0,128.0,,,SGD
train,,,,,,,43.51914381980896,3.0,84.0,1022.0,1.3339585065841677,0.9999993443489076,0.0010000011313865,0.001,False,128.0,128.0,,,SGD
train,,,,,,,43.55245113372803,3.0,85.0,1023.0,1.4698196649551392,0.9999994039535522,0.0010000015137468,0.001,False,128.0,128.0,,,SGD
train,,,,,,,43.58622455596924,3.0,86.0,1024.0,1.2953078746795654,0.9999994039535522,0.0009999992230244,0.001,False,128.0,128.0,,,SGD
train,,,,,,,43.618245363235474,3.0,87.0,1025.0,1.2744343280792236,0.999999463558197,0.0009999979320553,0.001,False,128.0,128.0,,,SGD
train,,,,,,,43.65612769126892,3.0,88.0,1026.0,1.323634386062622,0.9999994039535522,0.0009999981308411,0.001,False,128.0,128.0,,,SGD
train,,,,,,,43.69550013542175,3.0,89.0,1027.0,1.3475377559661863,0.9999994039535522,0.0010000006632058,0.001,False,128.0,128.0,,,SGD
train,,,,,,,43.72589564323425,3.0,90.0,1028.0,1.3463846445083618,0.9999994039535522,0.0009999966664809,0.001,False,128.0,128.0,,,SGD
train,,,,,,,43.75851130485535,3.0,91.0,1029.0,1.3555721044540403,0.9999994039535522,0.0009999995812381,0.001,False,128.0,128.0,,,SGD
train,,,,,,,43.79451751708984,3.0,92.0,1030.0,1.3949040174484253,0.9999993443489076,0.0010000005209863,0.001,False,128.0,128.0,,,SGD
train,,,,,,,43.82538390159607,3.0,93.0,1031.0,1.4146020412445068,0.9999994039535522,0.000999999012637,0.001,False,128.0,128.0,,,SGD
train,,,,,,,43.86103177070618,3.0,94.0,1032.0,1.349945068359375,0.9999993443489076,0.001000000162884,0.001,False,128.0,128.0,,,SGD
train,,,,,,,43.89535164833069,3.0,95.0,1033.0,1.3318312168121338,0.9999992847442628,0.0009999975189681,0.001,False,128.0,128.0,,,SGD
train,,,,,,,43.93004131317139,3.0,96.0,1034.0,1.3586384057998655,0.9999993443489076,0.0010000005870446,0.001,False,128.0,128.0,,,SGD
train,,,,,,,43.96277523040772,3.0,97.0,1035.0,1.3575879335403442,0.999999463558197,0.0009999993788444,0.001,False,128.0,128.0,,,SGD
train,,,,,,,43.99741673469544,3.0,98.0,1036.0,1.325974702835083,0.999999225139618,0.000999998152546,0.001,False,128.0,128.0,,,SGD
train,,,,,,,44.034276723861694,3.0,99.0,1037.0,1.3915269374847412,0.9999993443489076,0.0009999982643457,0.001,False,128.0,128.0,,,SGD
train,,,,,,,44.07857656478882,3.0,100.0,1038.0,1.344340682029724,0.9999992847442628,0.0010000005203202,0.001,False,128.0,128.0,,,SGD
train,,,,,,,44.11690306663513,3.0,101.0,1039.0,1.2981840372085571,0.999999463558197,0.0009999993901409,0.001,False,128.0,128.0,,,SGD
train,,,,,,,44.15506172180176,3.0,102.0,1040.0,1.3379735946655271,0.9999993443489076,0.0009999979024678,0.001,False,128.0,128.0,,,SGD
train,,,,,,,44.19269108772278,3.0,103.0,1041.0,1.3554939031600952,0.9999992847442628,0.0010000006689512,0.001,False,128.0,128.0,,,SGD
train,,,,,,,44.23118877410889,3.0,104.0,1042.0,1.3693122863769531,0.9999994039535522,0.0010000002573085,0.001,False,128.0,128.0,,,SGD
train,,,,,,,44.27741956710816,3.0,105.0,1043.0,1.3325560092926023,0.999999463558197,0.0009999971180932,0.001,False,128.0,128.0,,,SGD
train,,,,,,,44.314096450805664,3.0,106.0,1044.0,1.3102867603302002,0.999999463558197,0.0010000003013843,0.001,False,128.0,128.0,,,SGD
train,,,,,,,44.34692311286926,3.0,107.0,1045.0,1.290727615356445,0.9999993443489076,0.0009999982226567,0.001,False,128.0,128.0,,,SGD
train,,,,,,,44.387532234191895,3.0,108.0,1046.0,1.378656983375549,0.9999993443489076,0.0009999986097921,0.001,False,128.0,128.0,,,SGD
train,,,,,,,44.41925525665283,3.0,109.0,1047.0,1.343357801437378,0.9999994039535522,0.0010000001115362,0.001,False,128.0,128.0,,,SGD
train,,,,,,,44.45542502403259,3.0,110.0,1048.0,1.3348137140274048,0.9999992847442628,0.0009999990388383,0.001,False,128.0,128.0,,,SGD
train,,,,,,,44.48880672454834,3.0,111.0,1049.0,1.363795042037964,0.9999994039535522,0.0010000001535026,0.001,False,128.0,128.0,,,SGD
train,,,,,,,44.52144718170166,3.0,112.0,1050.0,1.3078644275665283,0.9999995827674866,0.000999997999779,0.001,False,128.0,128.0,,,SGD
train,,,,,,,44.55524063110352,3.0,113.0,1051.0,1.2842031717300415,0.999999463558197,0.0010000008432839,0.001,False,128.0,128.0,,,SGD
train,,,,,,,44.5944414138794,3.0,114.0,1052.0,1.402276635169983,0.9999993443489076,0.0009999997188503,0.001,False,128.0,128.0,,,SGD
train,,,,,,,44.63095259666443,3.0,115.0,1053.0,1.323955535888672,0.9999994039535522,0.0009999995004694,0.001,False,128.0,128.0,,,SGD
train,,,,,,,44.66847586631775,3.0,116.0,1054.0,1.3443527221679688,0.9999993443489076,0.0009999992034567,0.001,False,128.0,128.0,,,SGD
train,,,,,,,44.70679211616516,3.0,117.0,1055.0,1.3626646995544434,0.9999993443489076,0.0009999984604114,0.001,False,128.0,128.0,,,SGD
train,,,,,,,44.74825501441956,3.0,118.0,1056.0,1.3738715648651123,0.999999463558197,0.0009999994842046,0.001,False,128.0,128.0,,,SGD
train,,,,,,,44.784343242645264,3.0,119.0,1057.0,1.3268914222717283,0.9999992847442628,0.0009999990386717,0.001,False,128.0,128.0,,,SGD
train,,,,,,,44.821895599365234,3.0,120.0,1058.0,1.3024237155914309,0.999999463558197,0.0009999967240184,0.001,False,128.0,128.0,,,SGD
train,,,,,,,44.85944318771362,3.0,121.0,1059.0,1.3984018564224243,0.9999993443489076,0.0009999968566904,0.001,False,128.0,128.0,,,SGD
train,,,,,,,44.894794940948486,3.0,122.0,1060.0,1.3235498666763306,0.9999994039535522,0.0010000010242778,0.001,False,128.0,128.0,,,SGD
train,,,,,,,44.93356132507324,3.0,123.0,1061.0,1.333361029624939,0.9999992847442628,0.0010000008590213,0.001,False,128.0,128.0,,,SGD
train,,,,,,,44.9728434085846,3.0,124.0,1062.0,1.3004767894744873,0.9999995231628418,0.0009999984633257,0.001,False,128.0,128.0,,,SGD
train,,,,,,,45.00522208213806,3.0,125.0,1063.0,1.2730451822280884,0.9999993443489076,0.0009999991361494,0.001,False,128.0,128.0,,,SGD
train,,,,,,,45.044766664505005,3.0,126.0,1064.0,1.2831193208694458,0.9999994039535522,0.0009999987214252,0.001,False,128.0,128.0,,,SGD
train,,,,,,,45.08415293693543,3.0,127.0,1065.0,1.2487845420837402,0.999999463558197,0.0009999981200164,0.001,False,128.0,128.0,,,SGD
train,,,,,,,45.12334990501404,3.0,128.0,1066.0,1.2911373376846311,0.9999993443489076,0.0010000000751764,0.001,False,128.0,128.0,,,SGD
train,,,,,,,45.157259941101074,3.0,129.0,1067.0,1.4060600996017456,0.9999993443489076,0.0009999997873233,0.001,False,128.0,128.0,,,SGD
train,,,,,,,45.18907880783081,3.0,130.0,1068.0,1.211654782295227,0.999999463558197,0.0009999998720889,0.001,False,128.0,128.0,,,SGD
train,,,,,,,45.2297785282135,3.0,131.0,1069.0,1.2076321840286257,0.9999994039535522,0.0009999982501348,0.001,False,128.0,128.0,,,SGD
train,,,,,,,45.27384781837464,3.0,132.0,1070.0,1.2310032844543457,0.9999993443489076,0.0010000011955018,0.001,False,128.0,128.0,,,SGD
train,,,,,,,45.311124086380005,3.0,133.0,1071.0,1.345439910888672,0.9999994039535522,0.0009999984967157,0.001,False,128.0,128.0,,,SGD
train,,,,,,,45.35228490829468,3.0,134.0,1072.0,1.33410906791687,0.9999993443489076,0.0009999969636053,0.001,False,128.0,128.0,,,SGD
train,,,,,,,45.391029834747314,3.0,135.0,1073.0,1.314293384552002,0.9999993443489076,0.0010000007496921,0.001,False,128.0,128.0,,,SGD
train,,,,,,,45.4293224811554,3.0,136.0,1074.0,1.325945258140564,0.9999994039535522,0.000999998269536,0.001,False,128.0,128.0,,,SGD
train,,,,,,,45.46413612365723,3.0,137.0,1075.0,1.339156985282898,0.9999993443489076,0.0009999988626179,0.001,False,128.0,128.0,,,SGD
train,,,,,,,45.499146461486816,3.0,138.0,1076.0,1.2879414558410645,0.9999992847442628,0.0009999991135564,0.001,False,128.0,128.0,,,SGD
train,,,,,,,45.53956604003906,3.0,139.0,1077.0,1.3508527278900146,0.999999463558197,0.0009999985209741,0.001,False,128.0,128.0,,,SGD
train,,,,,,,45.58364534378052,3.0,140.0,1078.0,1.361083984375,0.9999993443489076,0.0010000000639077,0.001,False,128.0,128.0,,,SGD
train,,,,,,,45.62333035469055,3.0,141.0,1079.0,1.292661428451538,0.9999993443489076,0.0009999999790589,0.001,False,128.0,128.0,,,SGD
train,,,,,,,45.652836084365845,3.0,142.0,1080.0,1.2058839797973633,0.9999994039535522,0.0009999988129632,0.001,False,128.0,128.0,,,SGD
train,,,,,,,45.68419790267944,3.0,143.0,1081.0,1.3195819854736328,0.9999993443489076,0.0009999989883231,0.001,False,128.0,128.0,,,SGD
train,,,,,,,45.72251009941101,3.0,144.0,1082.0,1.3342372179031372,0.9999994039535522,0.0010000001368493,0.001,False,128.0,128.0,,,SGD
train,,,,,,,45.758140325546265,3.0,145.0,1083.0,1.301645278930664,0.9999994039535522,0.0009999975727308,0.001,False,128.0,128.0,,,SGD
train,,,,,,,45.792086362838745,3.0,146.0,1084.0,1.270612359046936,0.9999993443489076,0.0009999998257093,0.001,False,128.0,128.0,,,SGD
train,,,,,,,45.8243682384491,3.0,147.0,1085.0,1.2741048336029053,0.9999995231628418,0.0009999987498469,0.001,False,128.0,128.0,,,SGD
train,,,,,,,45.85834646224976,3.0,148.0,1086.0,1.350658893585205,0.9999992847442628,0.0009999982917405,0.001,False,128.0,128.0,,,SGD
train,,,,,,,45.89349961280823,3.0,149.0,1087.0,1.3350372314453125,0.9999993443489076,0.0009999989303139,0.001,False,128.0,128.0,,,SGD
train,,,,,,,45.929327726364136,3.0,150.0,1088.0,1.293904423713684,0.999999225139618,0.001000000202408,0.001,False,128.0,128.0,,,SGD
train,,,,,,,45.96666216850281,3.0,151.0,1089.0,1.2875503301620483,0.9999994039535522,0.0009999994332453,0.001,False,128.0,128.0,,,SGD
train,,,,,,,46.0005476474762,3.0,152.0,1090.0,1.3384296894073486,0.999999463558197,0.0010000003527599,0.001,False,128.0,128.0,,,SGD
train,,,,,,,46.035476207733154,3.0,153.0,1091.0,1.1980515718460083,0.9999994039535522,0.0010000006900732,0.001,False,128.0,128.0,,,SGD
train,,,,,,,46.07119393348694,3.0,154.0,1092.0,1.36856210231781,0.9999995231628418,0.0009999999126953,0.001,False,128.0,128.0,,,SGD
train,,,,,,,46.12333106994629,3.0,155.0,1093.0,1.306995153427124,0.999999225139618,0.0009999998533539,0.001,False,128.0,128.0,,,SGD
train,,,,,,,46.16283464431763,3.0,156.0,1094.0,1.2632349729537964,0.999999225139618,0.0009999993213903,0.001,False,128.0,128.0,,,SGD
train,,,,,,,46.19366478919983,3.0,157.0,1095.0,1.3323559761047363,0.9999992847442628,0.0009999991112804,0.001,False,128.0,128.0,,,SGD
train,,,,,,,46.22939348220825,3.0,158.0,1096.0,1.2056536674499512,0.9999994039535522,0.0009999986699107,0.001,False,128.0,128.0,,,SGD
train,,,,,,,46.27261233329773,3.0,159.0,1097.0,1.2934726476669312,0.999999463558197,0.001000000646386,0.001,False,128.0,128.0,,,SGD
train,,,,,,,46.31194615364075,3.0,160.0,1098.0,1.2673346996307373,0.9999994039535522,0.0010000008470031,0.001,False,128.0,128.0,,,SGD
train,,,,,,,46.34415507316589,3.0,161.0,1099.0,1.2661974430084229,0.9999993443489076,0.0009999986213662,0.001,False,128.0,128.0,,,SGD
train,,,,,,,46.38468170166016,3.0,162.0,1100.0,1.341614007949829,0.9999994039535522,0.0009999991050631,0.001,False,128.0,128.0,,,SGD
train,,,,,,,46.43055677413941,3.0,163.0,1101.0,1.3582844734191897,0.9999993443489076,0.001000000471637,0.001,False,128.0,128.0,,,SGD
train,,,,,,,46.46702694892883,3.0,164.0,1102.0,1.2177067995071411,0.9999992847442628,0.0009999987090462,0.001,False,128.0,128.0,,,SGD
train,,,,,,,46.512587785720825,3.0,165.0,1103.0,1.2216339111328125,0.9999993443489076,0.0009999996965348,0.001,False,128.0,128.0,,,SGD
train,,,,,,,46.55044436454773,3.0,166.0,1104.0,1.3356715440750122,0.9999993443489076,0.0009999998430843,0.001,False,128.0,128.0,,,SGD
train,,,,,,,46.62809348106384,3.0,167.0,1105.0,1.2809892892837524,0.9999992847442628,0.0009999988548741,0.001,False,128.0,128.0,,,SGD
train,,,,,,,46.66875338554382,3.0,168.0,1106.0,1.2624187469482422,0.999999463558197,0.0010000010684369,0.001,False,128.0,128.0,,,SGD
train,,,,,,,46.70526361465454,3.0,169.0,1107.0,1.2462120056152344,0.9999992847442628,0.0009999998128862,0.001,False,128.0,128.0,,,SGD
train,,,,,,,46.74044799804688,3.0,170.0,1108.0,1.361520290374756,0.9999994039535522,0.0009999996304488,0.001,False,128.0,128.0,,,SGD
train,,,,,,,46.78040933609009,3.0,171.0,1109.0,1.3302483558654783,0.9999993443489076,0.0009999988723324,0.001,False,128.0,128.0,,,SGD
train,,,,,,,46.821056604385376,3.0,172.0,1110.0,1.296400785446167,0.9999992847442628,0.0009999991788098,0.001,False,128.0,128.0,,,SGD
train,,,,,,,46.85752201080322,3.0,173.0,1111.0,1.256260633468628,0.9999992847442628,0.0009999994520914,0.001,False,128.0,128.0,,,SGD
train,,,,,,,46.892857789993286,3.0,174.0,1112.0,1.3312621116638184,0.999999463558197,0.0010000003188148,0.001,False,128.0,128.0,,,SGD
train,,,,,,,46.92780089378357,3.0,175.0,1113.0,1.2702653408050537,0.999999463558197,0.0009999992859741,0.001,False,128.0,128.0,,,SGD
train,,,,,,,46.96581077575684,3.0,176.0,1114.0,1.2666525840759275,0.9999993443489076,0.0010000004701937,0.001,False,128.0,128.0,,,SGD
train,,,,,,,46.99952006340027,3.0,177.0,1115.0,1.267564058303833,0.9999994039535522,0.000999999155051,0.001,False,128.0,128.0,,,SGD
train,,,,,,,47.03238248825073,3.0,178.0,1116.0,1.3374119997024536,0.9999993443489076,0.0009999992899432,0.001,False,128.0,128.0,,,SGD
train,,,,,,,47.06654071807861,3.0,179.0,1117.0,1.3090522289276123,0.9999992847442628,0.0009999989050563,0.001,False,128.0,128.0,,,SGD
train,,,,,,,47.10183763504028,3.0,180.0,1118.0,1.291613221168518,0.9999991655349731,0.0010000006152442,0.001,False,128.0,128.0,,,SGD
train,,,,,,,47.148807525634766,3.0,181.0,1119.0,1.2279764413833618,0.999999463558197,0.0009999999150268,0.001,False,128.0,128.0,,,SGD
train,,,,,,,47.18417406082153,3.0,182.0,1120.0,1.241548776626587,0.999999463558197,0.000999999971093,0.001,False,128.0,128.0,,,SGD
train,,,,,,,47.217840909957886,3.0,183.0,1121.0,1.1918879747390747,0.9999994039535522,0.0009999984601338,0.001,False,128.0,128.0,,,SGD
train,,,,,,,47.25424885749817,3.0,184.0,1122.0,1.3238787651062012,0.9999994039535522,0.0009999986687728,0.001,False,128.0,128.0,,,SGD
train,,,,,,,47.28925323486328,3.0,185.0,1123.0,1.273815631866455,0.9999994039535522,0.0009999990753924,0.001,False,128.0,128.0,,,SGD
train,,,,,,,47.32217311859131,3.0,186.0,1124.0,1.3086529970169067,0.9999993443489076,0.0009999999561605,0.001,False,128.0,128.0,,,SGD
train,,,,,,,47.36537909507752,3.0,187.0,1125.0,1.2375168800354004,0.9999994039535522,0.0010000000140586,0.001,False,128.0,128.0,,,SGD
train,,,,,,,47.40017604827881,3.0,188.0,1126.0,1.2930908203125,0.9999992847442628,0.0010000001496724,0.001,False,128.0,128.0,,,SGD
train,,,,,,,47.43496918678284,3.0,189.0,1127.0,1.2910270690917969,0.999999463558197,0.001000000643888,0.001,False,128.0,128.0,,,SGD
train,,,,,,,47.46666193008423,3.0,190.0,1128.0,1.2415733337402344,0.999999463558197,0.0009999997508803,0.001,False,128.0,128.0,,,SGD
train,,,,,,,47.50022411346436,3.0,191.0,1129.0,1.3092398643493652,0.9999992847442628,0.0009999971853174,0.001,False,128.0,128.0,,,SGD
train,,,,,,,47.53191518783569,3.0,192.0,1130.0,1.3001184463500977,0.9999993443489076,0.0009999996139897,0.001,False,128.0,128.0,,,SGD
train,,,,,,,47.5785698890686,3.0,193.0,1131.0,1.322995901107788,0.9999993443489076,0.0009999996593978,0.001,False,128.0,128.0,,,SGD
train,,,,,,,47.611016273498535,3.0,194.0,1132.0,1.2109180688858032,0.9999992847442628,0.0010000011631388,0.001,False,128.0,128.0,,,SGD
train,,,,,,,47.64687371253967,3.0,195.0,1133.0,1.274439811706543,0.9999992847442628,0.0010000004401621,0.001,False,128.0,128.0,,,SGD
train,,,,,,,47.679481506347656,3.0,196.0,1134.0,1.317563533782959,0.9999992847442628,0.0009999990990679,0.001,False,128.0,128.0,,,SGD
train,,,,,,,47.71494603157044,3.0,197.0,1135.0,1.2262378931045532,0.9999994039535522,0.0009999996715825,0.001,False,128.0,128.0,,,SGD
train,,,,,,,47.7490975856781,3.0,198.0,1136.0,1.2428264617919922,0.9999992847442628,0.0009999996311704,0.001,False,128.0,128.0,,,SGD
train,,,,,,,47.7831780910492,3.0,199.0,1137.0,1.2860260009765625,0.999999463558197,0.0009999982699523,0.001,False,128.0,128.0,,,SGD
train,,,,,,,47.8180148601532,3.0,200.0,1138.0,1.276965618133545,0.9999992847442628,0.000999998855679,0.001,False,128.0,128.0,,,SGD
train,,,,,,,47.851072788238525,3.0,201.0,1139.0,1.2100229263305664,0.9999994039535522,0.0010000000233568,0.001,False,128.0,128.0,,,SGD
train,,,,,,,47.883225202560425,3.0,202.0,1140.0,1.2069562673568726,0.9999992847442628,0.0010000000378729,0.001,False,128.0,128.0,,,SGD
train,,,,,,,47.918696641922,3.0,203.0,1141.0,1.233818769454956,0.9999993443489076,0.0009999997594567,0.001,False,128.0,128.0,,,SGD
train,,,,,,,47.95399618148804,3.0,204.0,1142.0,1.2200191020965576,0.9999992847442628,0.0010000004852372,0.001,False,128.0,128.0,,,SGD
train,,,,,,,47.98681616783142,3.0,205.0,1143.0,1.2842236757278442,0.9999993443489076,0.0010000004353882,0.001,False,128.0,128.0,,,SGD
train,,,,,,,48.02277946472168,3.0,206.0,1144.0,1.3501367568969729,0.9999994039535522,0.0009999982594052,0.001,False,128.0,128.0,,,SGD
train,,,,,,,48.05348873138428,3.0,207.0,1145.0,1.2209261655807495,0.9999992847442628,0.0009999989878235,0.001,False,128.0,128.0,,,SGD
train,,,,,,,48.089031457901,3.0,208.0,1146.0,1.2339533567428589,0.9999992847442628,0.0009999994530628,0.001,False,128.0,128.0,,,SGD
train,,,,,,,48.12841439247131,3.0,209.0,1147.0,1.2746330499649048,0.9999994039535522,0.0009999998126642,0.001,False,128.0,128.0,,,SGD
train,,,,,,,48.16727137565613,3.0,210.0,1148.0,1.2175688743591309,0.9999994039535522,0.000999998793451,0.001,False,128.0,128.0,,,SGD
train,,,,,,,48.19954562187195,3.0,211.0,1149.0,1.2102723121643066,0.9999993443489076,0.0009999994824421,0.001,False,128.0,128.0,,,SGD
train,,,,,,,48.23606896400452,3.0,212.0,1150.0,1.2747822999954224,0.9999993443489076,0.0009999987705526,0.001,False,128.0,128.0,,,SGD
train,,,,,,,48.27162218093872,3.0,213.0,1151.0,1.2090997695922852,0.9999992847442628,0.0010000018475903,0.001,False,128.0,128.0,,,SGD
train,,,,,,,48.308844804763794,3.0,214.0,1152.0,1.2083368301391602,0.9999994039535522,0.0009999996251475,0.001,False,128.0,128.0,,,SGD
train,,,,,,,48.35409712791443,3.0,215.0,1153.0,1.1906960010528564,0.9999994039535522,0.001000000675113,0.001,False,128.0,128.0,,,SGD
train,,,,,,,48.39287805557251,3.0,216.0,1154.0,1.3145886659622192,0.9999992847442628,0.0009999976712633,0.001,False,128.0,128.0,,,SGD
train,,,,,,,48.43140172958374,3.0,217.0,1155.0,1.3218945264816284,0.9999993443489076,0.0009999989665072,0.001,False,128.0,128.0,,,SGD
train,,,,,,,48.46864914894104,3.0,218.0,1156.0,1.2137129306793213,0.9999992847442628,0.0009999999999033,0.001,False,128.0,128.0,,,SGD
train,,,,,,,48.50801801681519,3.0,219.0,1157.0,1.2992191314697266,0.9999993443489076,0.0009999992027629,0.001,False,128.0,128.0,,,SGD
train,,,,,,,48.55308175086975,3.0,220.0,1158.0,1.2740333080291748,0.9999993443489076,0.0009999972243141,0.001,False,128.0,128.0,,,SGD
train,,,,,,,48.59211182594299,3.0,221.0,1159.0,1.2687721252441406,0.9999992847442628,0.0009999996301435,0.001,False,128.0,128.0,,,SGD
train,,,,,,,48.63325333595276,3.0,222.0,1160.0,1.2224787473678589,0.9999994039535522,0.0009999989445247,0.001,False,128.0,128.0,,,SGD
train,,,,,,,48.67465972900391,3.0,223.0,1161.0,1.269432783126831,0.9999992847442628,0.0010000005506848,0.001,False,128.0,128.0,,,SGD
train,,,,,,,48.7173068523407,3.0,224.0,1162.0,1.2087500095367432,0.9999994039535522,0.0010000025767831,0.001,False,128.0,128.0,,,SGD
train,,,,,,,48.75261187553406,3.0,225.0,1163.0,1.2320948839187622,0.9999994039535522,0.0009999984027907,0.001,False,128.0,128.0,,,SGD
train,,,,,,,48.78963994979858,3.0,226.0,1164.0,1.2815216779708862,0.9999994039535522,0.0009999989448023,0.001,False,128.0,128.0,,,SGD
train,,,,,,,48.82257270812988,3.0,227.0,1165.0,1.1996558904647827,0.9999992847442628,0.0009999992262718,0.001,False,128.0,128.0,,,SGD
train,,,,,,,48.86298441886902,3.0,228.0,1166.0,1.2634326219558716,0.999999225139618,0.0009999994268893,0.001,False,128.0,128.0,,,SGD
train,,,,,,,48.90113162994385,3.0,229.0,1167.0,1.2230201959609983,0.9999992847442628,0.0009999998956534,0.001,False,128.0,128.0,,,SGD
train,,,,,,,48.94079566001892,3.0,230.0,1168.0,1.2541611194610596,0.9999993443489076,0.0009999979401044,0.001,False,128.0,128.0,,,SGD
train,,,,,,,48.97577881813049,3.0,231.0,1169.0,1.202862024307251,0.9999992847442628,0.0010000001574995,0.001,False,128.0,128.0,,,SGD
train,,,,,,,49.02192187309265,3.0,232.0,1170.0,1.283332109451294,0.9999992847442628,0.0009999985084841,0.001,False,128.0,128.0,,,SGD
train,,,,,,,49.06320834159851,3.0,233.0,1171.0,1.2791075706481934,0.9999994039535522,0.0010000012905645,0.001,False,128.0,128.0,,,SGD
train,,,,,,,49.10544466972351,3.0,234.0,1172.0,1.238892912864685,0.9999994039535522,0.0009999983543294,0.001,False,128.0,128.0,,,SGD
train,,,,,,,49.1414840221405,3.0,235.0,1173.0,1.2189308404922483,0.9999994039535522,0.0010000011238925,0.001,False,128.0,128.0,,,SGD
train,,,,,,,49.18603849411011,3.0,236.0,1174.0,1.209486722946167,0.9999994039535522,0.0009999991784767,0.001,False,128.0,128.0,,,SGD
train,,,,,,,49.228127002716064,3.0,237.0,1175.0,1.299630880355835,0.999999463558197,0.0010000008958529,0.001,False,128.0,128.0,,,SGD
train,,,,,,,49.27065324783325,3.0,238.0,1176.0,1.2136458158493042,0.9999994039535522,0.0009999999677346,0.001,False,128.0,128.0,,,SGD
train,,,,,,,49.31544208526611,3.0,239.0,1177.0,1.183237910270691,0.9999993443489076,0.0009999977515326,0.001,False,128.0,128.0,,,SGD
train,,,,,,,49.37000989913941,3.0,240.0,1178.0,1.256991624832153,0.9999993443489076,0.0009999983580486,0.001,False,128.0,128.0,,,SGD
train,,,,,,,49.413798093795776,3.0,241.0,1179.0,1.2261135578155518,0.9999993443489076,0.0009999993999941,0.001,False,128.0,128.0,,,SGD
train,,,,,,,49.45144319534302,3.0,242.0,1180.0,1.1839220523834229,0.9999992847442628,0.0009999998721721,0.001,False,128.0,128.0,,,SGD
train,,,,,,,49.48780679702759,3.0,243.0,1181.0,1.2421188354492188,0.9999994039535522,0.000999997797718,0.001,False,128.0,128.0,,,SGD
train,,,,,,,49.52559614181519,3.0,244.0,1182.0,1.2961442470550537,0.999999463558197,0.0009999992995466,0.001,False,128.0,128.0,,,SGD
train,,,,,,,49.560237646102905,3.0,245.0,1183.0,1.1762943267822266,0.9999992847442628,0.0009999993742924,0.001,False,128.0,128.0,,,SGD
train,,,,,,,49.603471755981445,3.0,246.0,1184.0,1.325347065925598,0.9999994039535522,0.0009999993599983,0.001,False,128.0,128.0,,,SGD
train,,,,,,,49.64149713516235,3.0,247.0,1185.0,1.2324227094650269,0.9999993443489076,0.0009999998656773,0.001,False,128.0,128.0,,,SGD
train,,,,,,,49.68096947669983,3.0,248.0,1186.0,1.1618037223815918,0.9999994039535522,0.0009999990827476,0.001,False,128.0,128.0,,,SGD
train,,,,,,,49.72132682800293,3.0,249.0,1187.0,1.324575424194336,0.9999992847442628,0.0009999988403302,0.001,False,128.0,128.0,,,SGD
train,,,,,,,49.75571155548096,3.0,250.0,1188.0,1.1793783903121948,0.9999992847442628,0.000999999406711,0.001,False,128.0,128.0,,,SGD
train,,,,,,,49.79286980628967,3.0,251.0,1189.0,1.1503039598464966,0.9999993443489076,0.0010000001720989,0.001,False,128.0,128.0,,,SGD
train,,,,,,,49.82840013504028,3.0,252.0,1190.0,1.2454404830932615,0.999999463558197,0.0009999996840448,0.001,False,128.0,128.0,,,SGD
train,,,,,,,49.86556959152222,3.0,253.0,1191.0,1.1909160614013672,0.999999463558197,0.0009999998154952,0.001,False,128.0,128.0,,,SGD
train,,,,,,,49.896589279174805,3.0,254.0,1192.0,1.2974708080291748,0.9999994039535522,0.0009999980728873,0.001,False,128.0,128.0,,,SGD
train,,,,,,,49.93038058280945,3.0,255.0,1193.0,1.2460054159164429,0.9999993443489076,0.0010000007999297,0.001,False,128.0,128.0,,,SGD
train,,,,,,,49.96452879905701,3.0,256.0,1194.0,1.267035722732544,0.999999225139618,0.0010000003300003,0.001,False,128.0,128.0,,,SGD
train,,,,,,,49.99988007545471,3.0,257.0,1195.0,1.2122256755828855,0.9999994039535522,0.0010000030184841,0.001,False,128.0,128.0,,,SGD
train,,,,,,,50.03151988983154,3.0,258.0,1196.0,1.236047387123108,0.9999992847442628,0.000999997883816,0.001,False,128.0,128.0,,,SGD
train,,,,,,,50.06607556343079,3.0,259.0,1197.0,1.2096340656280518,0.9999993443489076,0.0010000011287219,0.001,False,128.0,128.0,,,SGD
train,,,,,,,50.10097551345825,3.0,260.0,1198.0,1.2563276290893557,0.9999994039535522,0.0010000000513621,0.001,False,128.0,128.0,,,SGD
train,,,,,,,50.13645100593567,3.0,261.0,1199.0,1.1770787239074707,0.9999992847442628,0.0010000019362969,0.001,False,128.0,128.0,,,SGD
train,,,,,,,50.17225980758667,3.0,262.0,1200.0,1.18822979927063,0.9999994039535522,0.0009999997775256,0.001,False,128.0,128.0,,,SGD
train,,,,,,,50.21690845489502,3.0,263.0,1201.0,1.230787992477417,0.9999994039535522,0.0010000004409948,0.001,False,128.0,128.0,,,SGD
train,,,,,,,50.25726628303528,3.0,264.0,1202.0,1.2086129188537598,0.9999992847442628,0.0010000007269326,0.001,False,128.0,128.0,,,SGD
train,,,,,,,50.295249462127686,3.0,265.0,1203.0,1.2265210151672363,0.9999993443489076,0.0009999985742371,0.001,False,128.0,128.0,,,SGD
train,,,,,,,50.33548665046692,3.0,266.0,1204.0,1.2251276969909668,0.9999994039535522,0.000999999208647,0.001,False,128.0,128.0,,,SGD
train,,,,,,,50.36906147003174,3.0,267.0,1205.0,1.2440361976623535,0.9999993443489076,0.0010000027554731,0.001,False,128.0,128.0,,,SGD
train,,,,,,,50.40582895278931,3.0,268.0,1206.0,1.1791651248931885,0.9999994039535522,0.0009999997225696,0.001,False,128.0,128.0,,,SGD
train,,,,,,,50.451759338378906,3.0,269.0,1207.0,1.188542127609253,0.999999463558197,0.0009999987484036,0.001,False,128.0,128.0,,,SGD
train,,,,,,,50.4872932434082,3.0,270.0,1208.0,1.250249266624451,0.9999992847442628,0.0010000002234467,0.001,False,128.0,128.0,,,SGD
train,,,,,,,50.52114176750183,3.0,271.0,1209.0,1.1242817640304563,0.9999994039535522,0.0010000008533314,0.001,False,128.0,128.0,,,SGD
train,,,,,,,50.55729269981384,3.0,272.0,1210.0,1.3000482320785522,0.999999463558197,0.0010000013563174,0.001,False,128.0,128.0,,,SGD
train,,,,,,,50.60100483894348,3.0,273.0,1211.0,1.2169501781463623,0.9999994039535522,0.0010000016382026,0.001,False,128.0,128.0,,,SGD
train,,,,,,,50.64089226722717,3.0,274.0,1212.0,1.163481593132019,0.9999994039535522,0.0009999992586626,0.001,False,128.0,128.0,,,SGD
train,,,,,,,50.67600631713867,3.0,275.0,1213.0,1.3062598705291748,0.9999993443489076,0.0009999987623924,0.001,False,128.0,128.0,,,SGD
train,,,,,,,50.71884226799011,3.0,276.0,1214.0,1.250805377960205,0.9999994039535522,0.0010000004988097,0.001,False,128.0,128.0,,,SGD
train,,,,,,,50.754947900772095,3.0,277.0,1215.0,1.111778974533081,0.9999993443489076,0.0009999987222578,0.001,False,128.0,128.0,,,SGD
train,,,,,,,50.79061651229858,3.0,278.0,1216.0,1.247700810432434,0.9999993443489076,0.0009999978879238,0.001,False,128.0,128.0,,,SGD
train,,,,,,,50.82846426963806,3.0,279.0,1217.0,1.1329400539398191,0.9999993443489076,0.0010000013689739,0.001,False,128.0,128.0,,,SGD
train,,,,,,,50.866126537323,3.0,280.0,1218.0,1.226318597793579,0.9999993443489076,0.0009999984035123,0.001,False,128.0,128.0,,,SGD
train,,,,,,,50.900169372558594,3.0,281.0,1219.0,1.1972386837005615,0.9999992847442628,0.0010000001541133,0.001,False,128.0,128.0,,,SGD
train,,,,,,,50.93747568130493,3.0,282.0,1220.0,1.1430809497833252,0.999999225139618,0.0009999984410935,0.001,False,128.0,128.0,,,SGD
train,,,,,,,50.97513270378113,3.0,283.0,1221.0,1.3310470581054688,0.9999993443489076,0.0009999999122512,0.001,False,128.0,128.0,,,SGD
train,,,,,,,51.0160174369812,3.0,284.0,1222.0,1.23257577419281,0.9999993443489076,0.0010000009635764,0.001,False,128.0,128.0,,,SGD
train,,,,,,,51.05515694618225,3.0,285.0,1223.0,1.2167586088180542,0.9999992847442628,0.0009999990708682,0.001,False,128.0,128.0,,,SGD
train,,,,,,,51.0906023979187,3.0,286.0,1224.0,1.2110626697540283,0.9999992847442628,0.000999999351283,0.001,False,128.0,128.0,,,SGD
train,,,,,,,51.12041187286377,3.0,287.0,1225.0,1.136497139930725,0.9999993443489076,0.0010000015800825,0.001,False,128.0,128.0,,,SGD
train,,,,,,,51.163217306137085,3.0,288.0,1226.0,1.2912030220031738,0.9999993443489076,0.0009999981561265,0.001,False,128.0,128.0,,,SGD
train,,,,,,,51.20393371582031,3.0,289.0,1227.0,1.212478756904602,0.9999993443489076,0.0009999976153079,0.001,False,128.0,128.0,,,SGD
train,,,,,,,51.24720597267151,3.0,290.0,1228.0,1.206291913986206,0.9999992847442628,0.0009999993464258,0.001,False,128.0,128.0,,,SGD
train,,,,,,,51.286094188690186,3.0,291.0,1229.0,1.255218744277954,0.9999993443489076,0.0010000008521101,0.001,False,128.0,128.0,,,SGD
train,,,,,,,51.325549364089966,3.0,292.0,1230.0,1.2273838520050049,0.9999994039535522,0.0009999990710625,0.001,False,128.0,128.0,,,SGD
train,,,,,,,51.3632447719574,3.0,293.0,1231.0,1.1207175254821775,0.9999993443489076,0.0010000021422429,0.001,False,128.0,128.0,,,SGD
train,,,,,,,51.40003490447998,3.0,294.0,1232.0,1.2049604654312134,0.9999993443489076,0.0009999993455932,0.001,False,128.0,128.0,,,SGD
train,,,,,,,51.43976044654846,3.0,295.0,1233.0,1.240875482559204,0.9999992847442628,0.0009999992445628,0.001,False,128.0,128.0,,,SGD
train,,,,,,,51.47649836540222,3.0,296.0,1234.0,1.1975208520889282,0.999999463558197,0.0009999982131088,0.001,False,128.0,128.0,,,SGD
train,,,,,,,51.51057839393616,3.0,297.0,1235.0,1.104338765144348,0.9999993443489076,0.0010000003588661,0.001,False,128.0,128.0,,,SGD
train,,,,,,,51.54519391059876,3.0,298.0,1236.0,1.1516265869140625,0.9999992847442628,0.0009999995512621,0.001,False,128.0,128.0,,,SGD
train,,,,,,,51.58768939971924,3.0,299.0,1237.0,1.194245457649231,0.9999994039535522,0.0009999994515085,0.001,False,128.0,128.0,,,SGD
train,,,,,,,51.62425112724304,3.0,300.0,1238.0,1.1876472234725952,0.9999993443489076,0.0009999997237908,0.001,False,128.0,128.0,,,SGD
train,,,,,,,51.65967035293579,3.0,301.0,1239.0,1.2282187938690186,0.9999992847442628,0.0010000006839115,0.001,False,128.0,128.0,,,SGD
train,,,,,,,51.69677758216858,3.0,302.0,1240.0,1.1950169801712036,0.9999993443489076,0.0009999983936869,0.001,False,128.0,128.0,,,SGD
train,,,,,,,51.73229098320007,3.0,303.0,1241.0,1.1314901113510132,0.9999993443489076,0.000999998296792,0.001,False,128.0,128.0,,,SGD
train,,,,,,,51.77121639251709,3.0,304.0,1242.0,1.197468400001526,0.9999992847442628,0.0009999963238093,0.001,False,128.0,128.0,,,SGD
train,,,,,,,51.81764626502991,3.0,305.0,1243.0,1.2543340921401978,0.9999994039535522,0.0010000021184841,0.001,False,128.0,128.0,,,SGD
train,,,,,,,51.860804319381714,3.0,306.0,1244.0,1.247395634651184,0.9999992847442628,0.001000000450515,0.001,False,128.0,128.0,,,SGD
train,,,,,,,51.900537967681885,3.0,307.0,1245.0,1.1989033222198486,0.9999994039535522,0.0009999998784727,0.001,False,128.0,128.0,,,SGD
train,,,,,,,51.93454027175903,3.0,308.0,1246.0,1.2301641702651978,0.9999992847442628,0.000999999141645,0.001,False,128.0,128.0,,,SGD
train,,,,,,,51.97408485412598,3.0,309.0,1247.0,1.2052454948425293,0.9999993443489076,0.000999999846859,0.001,False,128.0,128.0,,,SGD
train,,,,,,,52.011242151260376,3.0,310.0,1248.0,1.1393779516220093,0.9999993443489076,0.0009999975735635,0.001,False,128.0,128.0,,,SGD
train,,,,,,,52.049107789993286,3.0,311.0,1249.0,1.1190032958984375,0.9999992847442628,0.0009999988848502,0.001,False,128.0,128.0,,,SGD
train,,,,,,,52.09494733810425,3.0,312.0,1250.0,1.1654595136642456,0.9999992847442628,0.0010000006620123,0.001,False,128.0,128.0,,,SGD
train,,,,,,,52.13074851036072,3.0,313.0,1251.0,1.1653448343276978,0.9999992847442628,0.0009999995791287,0.001,False,128.0,128.0,,,SGD
train,,,,,,,52.17267918586731,3.0,314.0,1252.0,1.1808347702026367,0.999999225139618,0.0009999988287561,0.001,False,128.0,128.0,,,SGD
train,,,,,,,52.20724439620972,3.0,315.0,1253.0,1.1738998889923096,0.999999225139618,0.0009999983889684,0.001,False,128.0,128.0,,,SGD
train,,,,,,,52.249098777771,3.0,316.0,1254.0,1.2288111448287964,0.9999992847442628,0.0009999962662163,0.001,False,128.0,128.0,,,SGD
train,,,,,,,52.30217099189758,3.0,317.0,1255.0,1.1870816946029663,0.999999225139618,0.0010000007419761,0.001,False,128.0,128.0,,,SGD
train,,,,,,,52.33310317993164,3.0,318.0,1256.0,1.278281331062317,0.9999994039535522,0.0009999998746701,0.001,False,128.0,128.0,,,SGD
train,,,,,,,52.36727619171143,3.0,319.0,1257.0,1.2022005319595337,0.9999993443489076,0.0010000009967304,0.001,False,128.0,128.0,,,SGD
train,,,,,,,52.40185475349426,3.0,320.0,1258.0,1.2461059093475342,0.9999992847442628,0.0009999986547562,0.001,False,128.0,128.0,,,SGD
train,,,,,,,52.43520426750183,3.0,321.0,1259.0,1.1954103708267212,0.9999994039535522,0.000999997682199,0.001,False,128.0,128.0,,,SGD
train,,,,,,,52.70381093025208,3.0,322.0,1260.0,1.1466538906097412,0.9999993443489076,0.0009999996300879,0.001,False,128.0,128.0,,,SGD
train,,,,,,,52.73643898963928,3.0,323.0,1261.0,1.207975149154663,0.9999992847442628,0.0009999990382832,0.001,False,128.0,128.0,,,SGD
train,,,,,,,52.77012491226196,3.0,324.0,1262.0,1.125086545944214,0.9999994039535522,0.0009999979453225,0.001,False,128.0,128.0,,,SGD
train,,,,,,,52.8030047416687,3.0,325.0,1263.0,1.210153102874756,0.9999995231628418,0.0009999977205573,0.001,False,128.0,128.0,,,SGD
train,,,,,,,52.836708545684814,3.0,326.0,1264.0,1.2233048677444458,0.9999992847442628,0.000999998231594,0.001,False,128.0,128.0,,,SGD
train,,,,,,,52.868531227111816,3.0,327.0,1265.0,1.1639952659606934,0.9999993443489076,0.0009999990669547,0.001,False,128.0,128.0,,,SGD
train,,,,,,,52.90298891067505,3.0,328.0,1266.0,1.1121203899383545,0.9999993443489076,0.000999997938328,0.001,False,128.0,128.0,,,SGD
train,,,,,,,52.93968081474304,3.0,329.0,1267.0,1.2054111957550049,0.9999994039535522,0.0010000008778673,0.001,False,128.0,128.0,,,SGD
train,,,,,,,52.9789924621582,3.0,330.0,1268.0,1.258525252342224,0.9999992847442628,0.0009999984103402,0.001,False,128.0,128.0,,,SGD
train,,,,,,,53.013410568237305,3.0,331.0,1269.0,1.1915326118469238,0.9999994039535522,0.0010000007915475,0.001,False,128.0,128.0,,,SGD
train,,,,,,,53.04341077804565,3.0,332.0,1270.0,1.2054014205932615,0.9999993443489076,0.0009999989005044,0.001,False,128.0,128.0,,,SGD
train,,,,,,,53.07446575164795,3.0,333.0,1271.0,1.1551982164382937,0.9999993443489076,0.0010000005543485,0.001,False,128.0,128.0,,,SGD
train,,,,,,,53.106688022613525,3.0,334.0,1272.0,1.1707476377487185,0.9999994039535522,0.0009999995523723,0.001,False,128.0,128.0,,,SGD
train,,,,,,,53.13903093338013,3.0,335.0,1273.0,1.18104887008667,0.9999993443489076,0.0010000011722704,0.001,False,128.0,128.0,,,SGD
train,,,,,,,53.17039299011231,3.0,336.0,1274.0,1.109556794166565,0.9999993443489076,0.00099999950244,0.001,False,128.0,128.0,,,SGD
train,,,,,,,53.20472359657288,3.0,337.0,1275.0,1.1487332582473757,0.9999993443489076,0.0009999985495902,0.001,False,128.0,128.0,,,SGD
train,,,,,,,53.23902726173401,3.0,338.0,1276.0,1.179231882095337,0.9999993443489076,0.0009999980852108,0.001,False,128.0,128.0,,,SGD
train,,,,,,,53.28409242630005,3.0,339.0,1277.0,1.1728366613388062,0.999999463558197,0.0010000002686883,0.001,False,128.0,128.0,,,SGD
train,,,,,,,53.32826972007752,3.0,340.0,1278.0,1.1818779706954956,0.9999994039535522,0.0009999987853741,0.001,False,128.0,128.0,,,SGD
train,,,,,,,53.36509251594544,3.0,341.0,1279.0,1.1048307418823242,0.9999994039535522,0.000999999871506,0.001,False,128.0,128.0,,,SGD
train,,,,,,,53.39697289466858,3.0,342.0,1280.0,1.1413284540176392,0.9999993443489076,0.0009999985146458,0.001,False,128.0,128.0,,,SGD
train,,,,,,,53.42916202545166,3.0,343.0,1281.0,1.2050741910934448,0.9999992847442628,0.0009999980868762,0.001,False,128.0,128.0,,,SGD
train,,,,,,,53.46450805664063,3.0,344.0,1282.0,1.1228655576705933,0.9999992847442628,0.0009999976860293,0.001,False,128.0,128.0,,,SGD
train,,,,,,,53.4955837726593,3.0,345.0,1283.0,1.0823724269866943,0.9999992847442628,0.0010000002458177,0.001,False,128.0,128.0,,,SGD
train,,,,,,,53.53187894821167,3.0,346.0,1284.0,1.1564677953720093,0.9999993443489076,0.0010000005782461,0.001,False,128.0,128.0,,,SGD
train,,,,,,,53.56113147735596,3.0,347.0,1285.0,1.1558778285980225,0.9999994039535522,0.0009999998893251,0.001,False,128.0,128.0,,,SGD
train,,,,,,,53.59190917015076,3.0,348.0,1286.0,1.0798382759094238,0.9999994039535522,0.0009999982911021,0.001,False,128.0,128.0,,,SGD
train,,,,,,,53.62438583374024,3.0,349.0,1287.0,1.1685101985931396,0.9999993443489076,0.001000000307324,0.001,False,128.0,128.0,,,SGD
train,,,,,,,53.65770506858826,3.0,350.0,1288.0,1.173427939414978,0.9999992847442628,0.001000001103853,0.001,False,128.0,128.0,,,SGD
train,,,,,,,53.69159126281738,3.0,351.0,1289.0,1.1630492210388184,0.9999993443489076,0.0009999989319237,0.001,False,128.0,128.0,,,SGD
train,,,,,,,53.723631620407104,3.0,352.0,1290.0,1.150220274925232,0.9999993443489076,0.0009999996803256,0.001,False,128.0,128.0,,,SGD
train,,,,,,,53.75601148605347,3.0,353.0,1291.0,1.180534839630127,0.9999994039535522,0.0009999985990229,0.001,False,128.0,128.0,,,SGD
train,,,,,,,53.79296517372131,3.0,354.0,1292.0,1.178339600563049,0.9999993443489076,0.0009999975435318,0.001,False,128.0,128.0,,,SGD
train,,,,,,,53.824376583099365,3.0,355.0,1293.0,1.2431378364562988,0.999999225139618,0.0009999989823279,0.001,False,128.0,128.0,,,SGD
train,,,,,,,53.85742378234863,3.0,356.0,1294.0,1.0663771629333496,0.9999992847442628,0.0010000002507582,0.001,False,128.0,128.0,,,SGD
train,,,,,,,53.890870809555054,3.0,357.0,1295.0,1.044033765792847,0.999999225139618,0.0009999996502385,0.001,False,128.0,128.0,,,SGD
train,,,,,,,53.92320728302002,3.0,358.0,1296.0,1.123939037322998,0.9999992847442628,0.0009999990954597,0.001,False,128.0,128.0,,,SGD
train,,,,,,,53.95584225654602,3.0,359.0,1297.0,1.1536866426467896,0.9999992847442628,0.0009999986107913,0.001,False,128.0,128.0,,,SGD
train,,,,,,,53.98673105239868,3.0,360.0,1298.0,1.0937738418579102,0.9999992847442628,0.0009999971932,0.001,False,128.0,128.0,,,SGD
train,,,,,,,54.02327919006348,3.0,361.0,1299.0,1.2193646430969238,0.9999992847442628,0.0010000002142318,0.001,False,128.0,128.0,,,SGD
train,,,,,,,54.05780386924744,3.0,362.0,1300.0,1.1567295789718628,0.999999463558197,0.0009999993237773,0.001,False,128.0,128.0,,,SGD
train,,,,,,,54.09954857826233,3.0,363.0,1301.0,1.1325794458389282,0.999999225139618,0.0009999994372976,0.001,False,128.0,128.0,,,SGD
train,,,,,,,54.129798412323,3.0,364.0,1302.0,1.1708879470825195,0.9999992847442628,0.0009999995215081,0.001,False,128.0,128.0,,,SGD
train,,,,,,,54.15984606742859,3.0,365.0,1303.0,1.1391204595565796,0.9999992847442628,0.001000000200132,0.001,False,128.0,128.0,,,SGD
train,,,,,,,54.18854784965515,3.0,366.0,1304.0,1.1176304817199707,0.9999993443489076,0.0010000000645738,0.001,False,128.0,128.0,,,SGD
train,,,,,,,54.22341585159302,3.0,367.0,1305.0,1.1236883401870728,0.9999992847442628,0.0009999991961015,0.001,False,128.0,128.0,,,SGD
train,,,,,,,54.26112675666809,3.0,368.0,1306.0,1.174968123435974,0.999999463558197,0.0010000006310927,0.001,False,128.0,128.0,,,SGD
train,,,,,,,54.30126214027405,3.0,369.0,1307.0,1.1933038234710691,0.9999993443489076,0.0010000004005827,0.001,False,128.0,128.0,,,SGD
train,,,,,,,54.33051586151123,3.0,370.0,1308.0,1.1662898063659668,0.9999994039535522,0.0010000004309473,0.001,False,128.0,128.0,,,SGD
train,,,,,,,54.36488199234009,3.0,371.0,1309.0,1.202534794807434,0.9999993443489076,0.0009999985667154,0.001,False,128.0,128.0,,,SGD
train,,,,,,,54.40085244178772,3.0,372.0,1310.0,1.0788789987564087,0.9999992847442628,0.0009999978901998,0.001,False,128.0,128.0,,,SGD
train,,,,,,,54.42864489555359,3.0,373.0,1311.0,1.1100093126296997,0.9999992847442628,0.0010000002309129,0.001,False,128.0,128.0,,,SGD
train,,,,,,,54.46589136123657,3.0,374.0,1312.0,1.116550326347351,0.9999992847442628,0.0010000001805366,0.001,False,128.0,128.0,,,SGD
train,,,,,,,54.49951481819153,3.0,375.0,1313.0,1.0680992603302002,0.999999225139618,0.0010000010908634,0.001,False,128.0,128.0,,,SGD
train,,,,,,,54.536848068237305,3.0,376.0,1314.0,1.1331393718719482,0.9999994039535522,0.0009999978431262,0.001,False,128.0,128.0,,,SGD
train,,,,,,,54.57154321670532,3.0,377.0,1315.0,1.0957130193710327,0.9999993443489076,0.0009999971229505,0.001,False,128.0,128.0,,,SGD
train,,,,,,,54.60457372665405,3.0,378.0,1316.0,1.2189196348190308,0.9999992847442628,0.0009999988183478,0.001,False,128.0,128.0,,,SGD
train,,,,,,,54.63623142242432,3.0,379.0,1317.0,1.027199149131775,0.9999993443489076,0.0010000001787602,0.001,False,128.0,128.0,,,SGD
train,,,,,,,54.672980070114136,3.0,380.0,1318.0,1.2096019983291626,0.9999993443489076,0.0010000002525345,0.001,False,128.0,128.0,,,SGD
train,,,,,,,54.71335887908936,3.0,381.0,1319.0,1.133820414543152,0.9999994039535522,0.0009999995762421,0.001,False,128.0,128.0,,,SGD
train,,,,,,,54.749430894851685,3.0,382.0,1320.0,1.181821346282959,0.9999993443489076,0.0010000003436005,0.001,False,128.0,128.0,,,SGD
train,,,,,,,54.783886194229126,3.0,383.0,1321.0,1.1980901956558228,0.9999993443489076,0.0010000014134105,0.001,False,128.0,128.0,,,SGD
train,,,,,,,54.82066106796265,3.0,384.0,1322.0,1.1266015768051147,0.999999225139618,0.0010000006370046,0.001,False,128.0,128.0,,,SGD
train,,,,,,,54.85165333747864,3.0,385.0,1323.0,1.0636862516403198,0.9999993443489076,0.0009999954373481,0.001,False,128.0,128.0,,,SGD
train,,,,,,,54.882813692092896,3.0,386.0,1324.0,1.1132551431655884,0.9999993443489076,0.0009999978459018,0.001,False,128.0,128.0,,,SGD
train,,,,,,,54.91925668716431,3.0,387.0,1325.0,1.1102373600006104,0.9999994039535522,0.001000000120307,0.001,False,128.0,128.0,,,SGD
train,,,,,,,54.952205419540405,3.0,388.0,1326.0,1.211059331893921,0.9999994039535522,0.0010000001093435,0.001,False,128.0,128.0,,,SGD
train,,,,,,,54.98602294921875,3.0,389.0,1327.0,1.0333009958267212,0.9999992847442628,0.0009999984505304,0.001,False,128.0,128.0,,,SGD
train,,,,,,,55.02803421020508,3.0,390.0,1328.0,1.133217215538025,0.9999993443489076,0.0009999988941761,0.001,False,128.0,128.0,,,SGD
train,,,,,,,55.06235027313232,3.0,391.0,1329.0,1.1086266040802002,0.9999992847442628,0.0009999993325758,0.001,False,128.0,128.0,,,SGD
train,,,,,,,55.10130023956299,3.0,392.0,1330.0,1.1413261890411377,0.9999993443489076,0.0010000010422356,0.001,False,128.0,128.0,,,SGD
train,,,,,,,55.13623213768005,3.0,393.0,1331.0,1.1171000003814695,0.9999994039535522,0.0010000003338028,0.001,False,128.0,128.0,,,SGD
train,,,,,,,55.17490530014038,3.0,394.0,1332.0,1.120615005493164,0.9999992847442628,0.0009999997449683,0.001,False,128.0,128.0,,,SGD
train,,,,,,,55.21166253089905,3.0,395.0,1333.0,1.1443264484405518,0.9999994039535522,0.0010000010374617,0.001,False,128.0,128.0,,,SGD
train,,,,,,,55.25172567367554,3.0,396.0,1334.0,1.25714111328125,0.9999994039535522,0.0010000008828078,0.001,False,128.0,128.0,,,SGD
train,,,,,,,55.29049634933472,3.0,397.0,1335.0,1.1855895519256592,0.9999994039535522,0.0009999987626422,0.001,False,128.0,128.0,,,SGD
train,,,,,,,55.324978828430176,3.0,398.0,1336.0,1.104342699050903,0.999999463558197,0.0010000012755765,0.001,False,128.0,128.0,,,SGD
train,,,,,,,55.36166477203369,3.0,399.0,1337.0,1.292920708656311,0.9999993443489076,0.0009999996256748,0.001,False,128.0,128.0,,,SGD
train,,,,,,,55.39646053314209,3.0,400.0,1338.0,1.1001633405685425,0.9999992847442628,0.000999998681124,0.001,False,128.0,128.0,,,SGD
train,,,,,,,55.43070983886719,3.0,401.0,1339.0,1.1633750200271606,0.9999993443489076,0.0010000014660628,0.001,False,128.0,128.0,,,SGD
train,,,,,,,55.46104884147644,3.0,402.0,1340.0,1.2176141738891602,0.9999994039535522,0.0009999990597938,0.001,False,128.0,128.0,,,SGD
train,,,,,,,55.494556188583374,3.0,403.0,1341.0,1.1417925357818604,0.9999992847442628,0.0009999989573756,0.001,False,128.0,128.0,,,SGD
train,,,,,,,55.52931547164917,3.0,404.0,1342.0,1.029646396636963,0.999999225139618,0.0010000006766395,0.001,False,128.0,128.0,,,SGD
train,,,,,,,55.56002473831177,3.0,405.0,1343.0,1.1735607385635376,0.9999993443489076,0.0009999996982557,0.001,False,128.0,128.0,,,SGD
train,,,,,,,55.6005289554596,3.0,406.0,1344.0,1.132249116897583,0.9999993443489076,0.0009999995864007,0.001,False,128.0,128.0,,,SGD
train,,,,,,,55.638330936431885,3.0,407.0,1345.0,1.0942437648773191,0.9999993443489076,0.0009999973627038,0.001,False,128.0,128.0,,,SGD
train,,,,,,,55.67304539680481,3.0,408.0,1346.0,1.0917989015579224,0.9999993443489076,0.0010000012445736,0.001,False,128.0,128.0,,,SGD
train,,,,,,,55.71002531051636,3.0,409.0,1347.0,1.1909313201904297,0.9999993443489076,0.0010000002404053,0.001,False,128.0,128.0,,,SGD
train,,,,,,,55.74208807945252,3.0,410.0,1348.0,1.1361916065216064,0.9999993443489076,0.0009999983996821,0.001,False,128.0,128.0,,,SGD
train,,,,,,,55.77454495429993,3.0,411.0,1349.0,1.1728845834732056,0.9999992847442628,0.001000000411796,0.001,False,128.0,128.0,,,SGD
train,,,,,,,55.81123948097229,3.0,412.0,1350.0,1.1807011365890503,0.9999992847442628,0.0010000001156163,0.001,False,128.0,128.0,,,SGD
train,,,,,,,55.85172963142395,3.0,413.0,1351.0,1.0412275791168213,0.9999994039535522,0.0009999970690768,0.001,False,128.0,128.0,,,SGD
train,,,,,,,55.891592502594,3.0,414.0,1352.0,1.1688662767410278,0.999999463558197,0.0009999987452395,0.001,False,128.0,128.0,,,SGD
train,,,,,,,55.9255268573761,3.0,415.0,1353.0,1.0720993280410769,0.9999993443489076,0.0009999990516891,0.001,False,128.0,128.0,,,SGD
train,,,,,,,55.9601457118988,3.0,416.0,1354.0,1.215969204902649,0.999999225139618,0.0010000001955246,0.001,False,128.0,128.0,,,SGD
train,,,,,,,55.99502944946289,3.0,417.0,1355.0,1.0056521892547607,0.9999993443489076,0.0009999998786114,0.001,False,128.0,128.0,,,SGD
train,,,,,,,56.02887225151062,3.0,418.0,1356.0,1.140040397644043,0.9999993443489076,0.0009999999736465,0.001,False,128.0,128.0,,,SGD
train,,,,,,,56.0606963634491,3.0,419.0,1357.0,1.1157532930374146,0.999999463558197,0.0009999991201622,0.001,False,128.0,128.0,,,SGD
train,,,,,,,56.096272468566895,3.0,420.0,1358.0,1.1616861820220947,0.9999992847442628,0.0009999993233332,0.001,False,128.0,128.0,,,SGD
train,,,,,,,56.13373517990112,3.0,421.0,1359.0,1.1703203916549685,0.9999992847442628,0.0009999999692056,0.001,False,128.0,128.0,,,SGD
train,,,,,,,56.16931438446045,3.0,422.0,1360.0,1.1870654821395874,0.9999993443489076,0.0010000002375743,0.001,False,128.0,128.0,,,SGD
train,,,,,,,56.20329308509827,3.0,423.0,1361.0,1.1039961576461792,0.9999992847442628,0.0009999993417074,0.001,False,128.0,128.0,,,SGD
train,,,,,,,56.2358820438385,3.0,424.0,1362.0,1.1392308473587036,0.9999994039535522,0.0009999985443721,0.001,False,128.0,128.0,,,SGD
train,,,,,,,56.27580809593201,3.0,425.0,1363.0,1.0972568988800049,0.999999225139618,0.0009999998756693,0.001,False,128.0,128.0,,,SGD
train,,,,,,,56.31288552284241,3.0,426.0,1364.0,1.1238772869110107,0.9999992847442628,0.0009999996485732,0.001,False,128.0,128.0,,,SGD
train,,,,,,,56.350441217422485,3.0,427.0,1365.0,1.05851948261261,0.999999225139618,0.0010000010584033,0.001,False,128.0,128.0,,,SGD
train,,,,,,,56.38471484184265,3.0,428.0,1366.0,1.1404906511306765,0.9999992847442628,0.0009999998673704,0.001,False,128.0,128.0,,,SGD
train,,,,,,,56.41880416870117,3.0,429.0,1367.0,1.055388569831848,0.9999992847442628,0.0009999996927601,0.001,False,128.0,128.0,,,SGD
train,,,,,,,56.46254825592041,3.0,430.0,1368.0,1.136338472366333,0.9999993443489076,0.0010000000406485,0.001,False,128.0,128.0,,,SGD
train,,,,,,,56.496461629867554,3.0,431.0,1369.0,1.1575822830200195,0.9999993443489076,0.001000000973957,0.001,False,128.0,128.0,,,SGD
train,,,,,,,56.53920412063599,3.0,432.0,1370.0,1.101060390472412,0.9999993443489076,0.0010000013523206,0.001,False,128.0,128.0,,,SGD
train,,,,,,,56.580732345581055,3.0,433.0,1371.0,1.0754331350326538,0.9999993443489076,0.0009999992201934,0.001,False,128.0,128.0,,,SGD
train,,,,,,,56.61885952949524,3.0,434.0,1372.0,1.0631157159805298,0.9999993443489076,0.0009999995814602,0.001,False,128.0,128.0,,,SGD
train,,,,,,,56.651952028274536,3.0,435.0,1373.0,1.2038646936416626,0.9999993443489076,0.0009999992286866,0.001,False,128.0,128.0,,,SGD
train,,,,,,,56.68838167190552,3.0,436.0,1374.0,1.1249436140060425,0.9999992847442628,0.0010000000030674,0.001,False,128.0,128.0,,,SGD
train,,,,,,,56.72145342826843,3.0,437.0,1375.0,1.101221203804016,0.9999993443489076,0.0010000008758966,0.001,False,128.0,128.0,,,SGD
train,,,,,,,56.76237630844116,3.0,438.0,1376.0,1.1772634983062744,0.9999993443489076,0.0010000017199981,0.001,False,128.0,128.0,,,SGD
train,,,,,,,56.80089569091797,3.0,439.0,1377.0,1.1599644422531128,0.9999993443489076,0.0010000000960486,0.001,False,128.0,128.0,,,SGD
train,,,,,,,56.838058948516846,3.0,440.0,1378.0,1.1215559244155884,0.9999994039535522,0.0009999991046746,0.001,False,128.0,128.0,,,SGD
train,,,,,,,56.88109493255615,3.0,441.0,1379.0,1.1630141735076904,0.9999992847442628,0.0010000011448201,0.001,False,128.0,128.0,,,SGD
train,,,,,,,56.91955804824829,3.0,442.0,1380.0,1.141783595085144,0.9999992847442628,0.0009999991218553,0.001,False,128.0,128.0,,,SGD
train,,,,,,,56.95504188537598,3.0,443.0,1381.0,1.0623912811279297,0.9999992847442628,0.0009999988624237,0.001,False,128.0,128.0,,,SGD
train,,,,,,,56.99854302406311,3.0,444.0,1382.0,1.1538981199264526,0.9999992847442628,0.0009999995046882,0.001,False,128.0,128.0,,,SGD
train,,,,,,,57.04074096679688,3.0,445.0,1383.0,1.068087816238403,0.999999225139618,0.0009999986788481,0.001,False,128.0,128.0,,,SGD
train,,,,,,,57.077866077423096,3.0,446.0,1384.0,0.9943066239356996,0.9999992847442628,0.0009999964421318,0.001,False,128.0,128.0,,,SGD
train,,,,,,,57.120301246643066,3.0,447.0,1385.0,1.0379997491836548,0.9999992847442628,0.0009999989839932,0.001,False,128.0,128.0,,,SGD
train,,,,,,,57.16160607337952,3.0,448.0,1386.0,1.091233491897583,0.9999994039535522,0.0010000003311938,0.001,False,128.0,128.0,,,SGD
train,,,,,,,57.20113706588745,3.0,449.0,1387.0,1.1113659143447876,0.999999463558197,0.0009999985292453,0.001,False,128.0,128.0,,,SGD
train,,,,,,,57.23306369781494,3.0,450.0,1388.0,1.0666640996932983,0.9999992847442628,0.0009999980340295,0.001,False,128.0,128.0,,,SGD
train,,,,,,,57.2652440071106,3.0,451.0,1389.0,1.1141510009765625,0.9999992847442628,0.0009999980888191,0.001,False,128.0,128.0,,,SGD
train,,,,,,,57.30764174461365,3.0,452.0,1390.0,1.0354859828948977,0.9999992847442628,0.0009999981454128,0.001,False,128.0,128.0,,,SGD
train,,,,,,,57.3472843170166,3.0,453.0,1391.0,1.1047531366348269,0.9999992847442628,0.0010000004484333,0.001,False,128.0,128.0,,,SGD
train,,,,,,,57.38389301300049,3.0,454.0,1392.0,1.0180771350860596,0.9999993443489076,0.0009999991093098,0.001,False,128.0,128.0,,,SGD
train,,,,,,,57.4211049079895,3.0,455.0,1393.0,1.121776461601257,0.9999993443489076,0.0010000003294174,0.001,False,128.0,128.0,,,SGD
train,,,,,,,57.45617485046387,3.0,456.0,1394.0,1.1473971605300903,0.9999992847442628,0.0009999978945297,0.001,False,128.0,128.0,,,SGD
train,,,,,,,57.493813276290894,3.0,457.0,1395.0,1.012412428855896,0.9999993443489076,0.0009999988846559,0.001,False,128.0,128.0,,,SGD
train,,,,,,,57.528202056884766,3.0,458.0,1396.0,1.1398186683654783,0.9999993443489076,0.000999998439095,0.001,False,128.0,128.0,,,SGD
train,,,,,,,57.5629153251648,3.0,459.0,1397.0,1.1735100746154783,0.9999994039535522,0.0010000017996842,0.001,False,128.0,128.0,,,SGD
train,,,,,,,57.59312868118286,3.0,460.0,1398.0,1.0821887254714966,0.9999994039535522,0.0009999994467345,0.001,False,128.0,128.0,,,SGD
train,,,,,,,57.627681016922,3.0,461.0,1399.0,1.0929718017578125,0.9999992847442628,0.0009999984740116,0.001,False,128.0,128.0,,,SGD
train,,,,,,,57.658854484558105,3.0,462.0,1400.0,1.075680375099182,0.9999993443489076,0.0009999991743689,0.001,False,128.0,128.0,,,SGD
train,,,,,,,57.68940472602844,3.0,463.0,1401.0,1.1589434146881104,0.999999225139618,0.0009999982101667,0.001,False,128.0,128.0,,,SGD
train,,,,,,,57.72129535675049,3.0,464.0,1402.0,1.0679125785827637,0.9999994039535522,0.0009999980743861,0.001,False,128.0,128.0,,,SGD
train,,,,,,,57.762152910232544,3.0,465.0,1403.0,1.1153734922409058,0.9999994039535522,0.000999999109504,0.001,False,128.0,128.0,,,SGD
train,,,,,,,57.80159592628479,3.0,466.0,1404.0,1.0223076343536377,0.9999993443489076,0.0010000000234955,0.001,False,128.0,128.0,,,SGD
train,,,,,,,57.84695315361023,3.0,467.0,1405.0,1.1195802688598633,0.9999992847442628,0.0009999973073868,0.001,False,128.0,128.0,,,SGD
train,,,,,,,57.88980913162232,3.0,468.0,1406.0,1.1128791570663452,0.999999225139618,0.0009999994978326,0.001,False,128.0,128.0,,,SGD
train,,,,,,,57.9288387298584,3.0,469.0,1407.0,1.1431026458740234,0.9999994039535522,0.0009999990936278,0.001,False,128.0,128.0,,,SGD
eval,,,,,,,60.26613426208496,3.0,,1407.0,,,,,False,128.0,128.0,1.060528985309601,0.8014,SGD
train,,,,,,,60.31537437438965,4.0,1.0,1408.0,1.0759074687957764,0.999999463558197,0.0009999977494232,0.001,False,128.0,128.0,,,SGD
train,,,,,,,60.35431790351868,4.0,2.0,1409.0,1.0514875650405884,0.9999993443489076,0.00100000088414,0.001,False,128.0,128.0,,,SGD
train,,,,,,,60.38846302032471,4.0,3.0,1410.0,1.0732474327087402,0.9999993443489076,0.0009999991564665,0.001,False,128.0,128.0,,,SGD
train,,,,,,,60.423180103302,4.0,4.0,1411.0,1.1051318645477295,0.9999993443489076,0.0009999967225473,0.001,False,128.0,128.0,,,SGD
train,,,,,,,60.45774865150452,4.0,5.0,1412.0,1.0417296886444092,0.9999992847442628,0.0010000002339383,0.001,False,128.0,128.0,,,SGD
train,,,,,,,60.493884325027466,4.0,6.0,1413.0,1.072633981704712,0.9999992847442628,0.0009999997963994,0.001,False,128.0,128.0,,,SGD
train,,,,,,,60.529722452163696,4.0,7.0,1414.0,1.0531610250473022,0.9999992847442628,0.0009999992177231,0.001,False,128.0,128.0,,,SGD
train,,,,,,,60.56594443321228,4.0,8.0,1415.0,1.1273493766784668,0.9999992847442628,0.0010000008847507,0.001,False,128.0,128.0,,,SGD
train,,,,,,,60.60847496986389,4.0,9.0,1416.0,1.132292628288269,0.9999993443489076,0.0009999999728694,0.001,False,128.0,128.0,,,SGD
train,,,,,,,60.6484477519989,4.0,10.0,1417.0,1.1092004776000977,0.9999992847442628,0.0009999991415895,0.001,False,128.0,128.0,,,SGD
train,,,,,,,60.69124937057495,4.0,11.0,1418.0,0.9695593118667604,0.9999994039535522,0.0010000006064735,0.001,False,128.0,128.0,,,SGD
train,,,,,,,60.72737693786621,4.0,12.0,1419.0,1.0895123481750488,0.999999463558197,0.0010000003141241,0.001,False,128.0,128.0,,,SGD
train,,,,,,,60.769917249679565,4.0,13.0,1420.0,0.9938119649887084,0.9999992847442628,0.0009999994367425,0.001,False,128.0,128.0,,,SGD
train,,,,,,,60.80829763412476,4.0,14.0,1421.0,1.1548234224319458,0.9999993443489076,0.0009999987911473,0.001,False,128.0,128.0,,,SGD
train,,,,,,,60.85657095909119,4.0,15.0,1422.0,1.0687428712844849,0.999999225139618,0.0009999988940373,0.001,False,128.0,128.0,,,SGD
train,,,,,,,60.90741777420044,4.0,16.0,1423.0,1.1241133213043213,0.999999225139618,0.0009999993397367,0.001,False,128.0,128.0,,,SGD
train,,,,,,,60.94792032241821,4.0,17.0,1424.0,1.059910535812378,0.999999225139618,0.0009999976586623,0.001,False,128.0,128.0,,,SGD
train,,,,,,,60.99445199966431,4.0,18.0,1425.0,1.0827986001968384,0.999999225139618,0.0010000006892128,0.001,False,128.0,128.0,,,SGD
train,,,,,,,61.03929805755615,4.0,19.0,1426.0,1.0413843393325806,0.9999992847442628,0.0009999998612642,0.001,False,128.0,128.0,,,SGD
train,,,,,,,61.0722119808197,4.0,20.0,1427.0,1.1735087633132937,0.9999993443489076,0.0009999984653519,0.001,False,128.0,128.0,,,SGD
train,,,,,,,61.108556270599365,4.0,21.0,1428.0,1.0666277408599854,0.9999992847442628,0.0010000006975672,0.001,False,128.0,128.0,,,SGD
train,,,,,,,61.14432954788208,4.0,22.0,1429.0,1.0762560367584229,0.9999994039535522,0.0009999997101351,0.001,False,128.0,128.0,,,SGD
train,,,,,,,61.18291068077088,4.0,23.0,1430.0,1.0186681747436523,0.999999225139618,0.0010000004526522,0.001,False,128.0,128.0,,,SGD
train,,,,,,,61.228593587875366,4.0,24.0,1431.0,1.0253677368164062,0.9999993443489076,0.0009999997597065,0.001,False,128.0,128.0,,,SGD
train,,,,,,,61.27772283554077,4.0,25.0,1432.0,1.0934233665466309,0.9999992847442628,0.000999997977741,0.001,False,128.0,128.0,,,SGD
train,,,,,,,61.32516145706177,4.0,26.0,1433.0,1.1131738424301147,0.9999992847442628,0.0009999988196523,0.001,False,128.0,128.0,,,SGD
train,,,,,,,61.36054229736328,4.0,27.0,1434.0,1.0830531120300293,0.999999225139618,0.0010000011435434,0.001,False,128.0,128.0,,,SGD
train,,,,,,,61.40014314651489,4.0,28.0,1435.0,1.0879464149475098,0.999999225139618,0.0010000002052113,0.001,False,128.0,128.0,,,SGD
train,,,,,,,61.44126343727112,4.0,29.0,1436.0,1.0485740900039673,0.9999992847442628,0.0009999995266151,0.001,False,128.0,128.0,,,SGD
train,,,,,,,61.481926918029785,4.0,30.0,1437.0,0.9855870604515076,0.9999992847442628,0.0010000004336673,0.001,False,128.0,128.0,,,SGD
train,,,,,,,61.52842497825623,4.0,31.0,1438.0,1.102007269859314,0.9999993443489076,0.0009999982313165,0.001,False,128.0,128.0,,,SGD
train,,,,,,,61.5697500705719,4.0,32.0,1439.0,0.9962729215621948,0.999999225139618,0.0009999984261332,0.001,False,128.0,128.0,,,SGD
train,,,,,,,61.616389989852905,4.0,33.0,1440.0,1.0534065961837769,0.9999992847442628,0.001000000526593,0.001,False,128.0,128.0,,,SGD
train,,,,,,,61.66516661643982,4.0,34.0,1441.0,1.1041628122329712,0.9999994039535522,0.0010000006068065,0.001,False,128.0,128.0,,,SGD
train,,,,,,,61.90563249588013,4.0,35.0,1442.0,1.0251001119613647,0.999999225139618,0.0009999990315663,0.001,False,128.0,128.0,,,SGD
train,,,,,,,61.942312717437744,4.0,36.0,1443.0,1.018562912940979,0.9999994039535522,0.0009999997987864,0.001,False,128.0,128.0,,,SGD
train,,,,,,,61.97761392593384,4.0,37.0,1444.0,1.050587177276611,0.9999994039535522,0.0009999984499753,0.001,False,128.0,128.0,,,SGD
train,,,,,,,62.01419973373413,4.0,38.0,1445.0,1.0390641689300537,0.9999994039535522,0.0009999992564144,0.001,False,128.0,128.0,,,SGD
train,,,,,,,62.04444336891174,4.0,39.0,1446.0,1.0676217079162598,0.999999225139618,0.0009999989212655,0.001,False,128.0,128.0,,,SGD
train,,,,,,,62.0777759552002,4.0,40.0,1447.0,1.1230484247207642,0.9999992847442628,0.0009999980313094,0.001,False,128.0,128.0,,,SGD
train,,,,,,,62.11473727226257,4.0,41.0,1448.0,1.1035234928131104,0.999999225139618,0.0010000005433018,0.001,False,128.0,128.0,,,SGD
train,,,,,,,62.16604113578797,4.0,42.0,1449.0,1.083886742591858,0.9999994039535522,0.0009999981548497,0.001,False,128.0,128.0,,,SGD
train,,,,,,,62.20190334320069,4.0,43.0,1450.0,1.1341646909713743,0.9999992847442628,0.0009999994875352,0.001,False,128.0,128.0,,,SGD
train,,,,,,,62.24322485923767,4.0,44.0,1451.0,0.9812060594558716,0.9999992847442628,0.0009999999033139,0.001,False,128.0,128.0,,,SGD
train,,,,,,,62.300365924835205,4.0,45.0,1452.0,1.0478298664093018,0.9999993443489076,0.0009999995406594,0.001,False,128.0,128.0,,,SGD
train,,,,,,,62.35398459434509,4.0,46.0,1453.0,1.09684956073761,0.9999994039535522,0.0009999985443443,0.001,False,128.0,128.0,,,SGD
train,,,,,,,62.403042793273926,4.0,47.0,1454.0,0.957876443862915,0.9999992847442628,0.0009999988005287,0.001,False,128.0,128.0,,,SGD
train,,,,,,,62.44895100593567,4.0,48.0,1455.0,0.979970157146454,0.9999994039535522,0.0010000018698502,0.001,False,128.0,128.0,,,SGD
train,,,,,,,62.499037742614746,4.0,49.0,1456.0,1.1043624877929688,0.9999994039535522,0.0010000024328986,0.001,False,128.0,128.0,,,SGD
train,,,,,,,62.5489456653595,4.0,50.0,1457.0,1.0867074728012085,0.9999992847442628,0.0009999992339601,0.001,False,128.0,128.0,,,SGD
train,,,,,,,62.59304308891296,4.0,51.0,1458.0,0.9969483017921448,0.9999992847442628,0.001000000247261,0.001,False,128.0,128.0,,,SGD
train,,,,,,,62.63253569602966,4.0,52.0,1459.0,1.127167582511902,0.9999992847442628,0.0009999982860506,0.001,False,128.0,128.0,,,SGD
train,,,,,,,62.67356467247009,4.0,53.0,1460.0,1.0440365076065063,0.9999994039535522,0.0009999997973431,0.001,False,128.0,128.0,,,SGD
train,,,,,,,62.71325445175171,4.0,54.0,1461.0,1.0378153324127195,0.9999992847442628,0.0009999972845161,0.001,False,128.0,128.0,,,SGD
train,,,,,,,62.7697434425354,4.0,55.0,1462.0,1.0742814540863037,0.9999992847442628,0.001000000912534,0.001,False,128.0,128.0,,,SGD
train,,,,,,,62.821871519088745,4.0,56.0,1463.0,1.014007329940796,0.999999225139618,0.0009999979376064,0.001,False,128.0,128.0,,,SGD
train,,,,,,,62.86913776397705,4.0,57.0,1464.0,1.0551035404205322,0.9999994039535522,0.0010000016757003,0.001,False,128.0,128.0,,,SGD
train,,,,,,,62.91210460662842,4.0,58.0,1465.0,1.1327505111694336,0.999999463558197,0.0009999993072072,0.001,False,128.0,128.0,,,SGD
train,,,,,,,62.94296431541443,4.0,59.0,1466.0,1.0825235843658447,0.9999992847442628,0.0010000006245146,0.001,False,128.0,128.0,,,SGD
train,,,,,,,62.97200226783752,4.0,60.0,1467.0,1.041179895401001,0.9999993443489076,0.0009999996158216,0.001,False,128.0,128.0,,,SGD
train,,,,,,,63.00736808776856,4.0,61.0,1468.0,1.0305707454681396,0.9999992847442628,0.0009999985298004,0.001,False,128.0,128.0,,,SGD
train,,,,,,,63.04327464103699,4.0,62.0,1469.0,1.111308455467224,0.9999992847442628,0.0010000007103903,0.001,False,128.0,128.0,,,SGD
train,,,,,,,63.07157039642334,4.0,63.0,1470.0,1.0232456922531128,0.9999992847442628,0.0010000003626686,0.001,False,128.0,128.0,,,SGD
train,,,,,,,63.10433745384216,4.0,64.0,1471.0,1.0904362201690674,0.9999993443489076,0.0009999995571185,0.001,False,128.0,128.0,,,SGD
train,,,,,,,63.13210844993591,4.0,65.0,1472.0,1.0424431562423706,0.9999993443489076,0.0009999992922469,0.001,False,128.0,128.0,,,SGD
train,,,,,,,63.16222715377808,4.0,66.0,1473.0,1.1272820234298706,0.9999993443489076,0.0009999973544604,0.001,False,128.0,128.0,,,SGD
train,,,,,,,63.19775724411011,4.0,67.0,1474.0,0.9836994409561156,0.9999992847442628,0.0009999996549014,0.001,False,128.0,128.0,,,SGD
train,,,,,,,63.22989106178284,4.0,68.0,1475.0,1.1507965326309204,0.9999992847442628,0.0010000012635584,0.001,False,128.0,128.0,,,SGD
train,,,,,,,63.26916480064392,4.0,69.0,1476.0,0.9670968055725098,0.9999995231628418,0.0010000015355626,0.001,False,128.0,128.0,,,SGD
train,,,,,,,63.29758548736572,4.0,70.0,1477.0,1.0446035861968994,0.9999992847442628,0.0009999992245788,0.001,False,128.0,128.0,,,SGD
train,,,,,,,63.32666659355164,4.0,71.0,1478.0,0.972330927848816,0.999999463558197,0.0009999973779139,0.001,False,128.0,128.0,,,SGD
train,,,,,,,63.35677409172058,4.0,72.0,1479.0,1.0578467845916748,0.9999991655349731,0.0010000005260101,0.001,False,128.0,128.0,,,SGD
train,,,,,,,63.38968825340271,4.0,73.0,1480.0,1.0601608753204346,0.9999992847442628,0.0009999982866057,0.001,False,128.0,128.0,,,SGD
train,,,,,,,63.42347931861877,4.0,74.0,1481.0,0.9999489188194276,0.9999992847442628,0.00099999825749,0.001,False,128.0,128.0,,,SGD
train,,,,,,,63.45942997932434,4.0,75.0,1482.0,1.0342680215835571,0.9999994039535522,0.0010000001367938,0.001,False,128.0,128.0,,,SGD
train,,,,,,,63.493224143981934,4.0,76.0,1483.0,1.047308087348938,0.9999993443489076,0.0010000006945141,0.001,False,128.0,128.0,,,SGD
train,,,,,,,63.53324174880981,4.0,77.0,1484.0,1.0136010646820068,0.9999994039535522,0.0009999997526566,0.001,False,128.0,128.0,,,SGD
train,,,,,,,63.56686091423035,4.0,78.0,1485.0,1.007508635520935,0.9999991059303284,0.0009999985412357,0.001,False,128.0,128.0,,,SGD
train,,,,,,,63.60822463035584,4.0,79.0,1486.0,0.994083046913147,0.9999993443489076,0.0009999992730678,0.001,False,128.0,128.0,,,SGD
train,,,,,,,63.64670467376709,4.0,80.0,1487.0,1.1239984035491943,0.999999225139618,0.0009999974351183,0.001,False,128.0,128.0,,,SGD
train,,,,,,,63.68852663040161,4.0,81.0,1488.0,1.0991185903549194,0.9999993443489076,0.0009999989614557,0.001,False,128.0,128.0,,,SGD
train,,,,,,,63.72867321968079,4.0,82.0,1489.0,0.9751641750335692,0.9999993443489076,0.0009999985233611,0.001,False,128.0,128.0,,,SGD
train,,,,,,,63.76668930053711,4.0,83.0,1490.0,1.0675817728042605,0.9999992847442628,0.0009999999486388,0.001,False,128.0,128.0,,,SGD
train,,,,,,,63.80449724197388,4.0,84.0,1491.0,0.9809554815292358,0.9999992847442628,0.0009999984217478,0.001,False,128.0,128.0,,,SGD
train,,,,,,,63.84153127670288,4.0,85.0,1492.0,1.0212979316711426,0.9999994039535522,0.0010000007760044,0.001,False,128.0,128.0,,,SGD
train,,,,,,,63.87621426582336,4.0,86.0,1493.0,1.0360469818115234,0.9999994039535522,0.0009999994475394,0.001,False,128.0,128.0,,,SGD
train,,,,,,,63.90677332878113,4.0,87.0,1494.0,1.0228806734085083,0.9999991655349731,0.0010000010859784,0.001,False,128.0,128.0,,,SGD
train,,,,,,,63.94327354431152,4.0,88.0,1495.0,1.0126632452011108,0.999999225139618,0.0009999977357119,0.001,False,128.0,128.0,,,SGD
train,,,,,,,63.97394108772278,4.0,89.0,1496.0,1.0611313581466677,0.9999991655349731,0.001000000798764,0.001,False,128.0,128.0,,,SGD
train,,,,,,,64.01097989082336,4.0,90.0,1497.0,1.0313254594802856,0.9999993443489076,0.0009999981178792,0.001,False,128.0,128.0,,,SGD
train,,,,,,,64.04569721221924,4.0,91.0,1498.0,1.0483512878417969,0.999999225139618,0.0009999991420891,0.001,False,128.0,128.0,,,SGD
train,,,,,,,64.07816576957703,4.0,92.0,1499.0,1.001834750175476,0.9999992847442628,0.0009999999674848,0.001,False,128.0,128.0,,,SGD
train,,,,,,,64.11329174041748,4.0,93.0,1500.0,1.0811069011688232,0.9999992847442628,0.0009999991372041,0.001,False,128.0,128.0,,,SGD
train,,,,,,,64.14544010162354,4.0,94.0,1501.0,1.0097182989120483,0.9999992847442628,0.0010000007510799,0.001,False,128.0,128.0,,,SGD
train,,,,,,,64.17966341972351,4.0,95.0,1502.0,0.996064841747284,0.9999992847442628,0.0009999998543808,0.001,False,128.0,128.0,,,SGD
train,,,,,,,64.21487402915955,4.0,96.0,1503.0,1.1188002824783323,0.9999994039535522,0.0010000003547305,0.001,False,128.0,128.0,,,SGD
train,,,,,,,64.25602412223816,4.0,97.0,1504.0,1.011846661567688,0.9999992847442628,0.0009999999596577,0.001,False,128.0,128.0,,,SGD
train,,,,,,,64.29649043083191,4.0,98.0,1505.0,1.1288000345230105,0.999999225139618,0.0009999994776543,0.001,False,128.0,128.0,,,SGD
train,,,,,,,64.33486843109131,4.0,99.0,1506.0,0.999363362789154,0.9999992847442628,0.0009999984032348,0.001,False,128.0,128.0,,,SGD
train,,,,,,,64.36686611175537,4.0,100.0,1507.0,1.0413073301315308,0.9999991655349731,0.0010000016780595,0.001,False,128.0,128.0,,,SGD
train,,,,,,,64.4016432762146,4.0,101.0,1508.0,0.93611341714859,0.9999992847442628,0.0009999993646335,0.001,False,128.0,128.0,,,SGD
train,,,,,,,64.44473242759705,4.0,102.0,1509.0,1.0639066696166992,0.9999994039535522,0.0009999984948838,0.001,False,128.0,128.0,,,SGD
train,,,,,,,64.48391222953796,4.0,103.0,1510.0,0.9204127192497252,0.9999993443489076,0.0009999973717799,0.001,False,128.0,128.0,,,SGD
train,,,,,,,64.51957821846008,4.0,104.0,1511.0,1.0760855674743652,0.9999992847442628,0.0009999995181497,0.001,False,128.0,128.0,,,SGD
train,,,,,,,64.55786609649658,4.0,105.0,1512.0,0.971312403678894,0.9999992847442628,0.0010000001845889,0.001,False,128.0,128.0,,,SGD
train,,,,,,,64.59862303733826,4.0,106.0,1513.0,0.9805960059165956,0.9999992847442628,0.0010000009061224,0.001,False,128.0,128.0,,,SGD
train,,,,,,,64.62923765182495,4.0,107.0,1514.0,1.0675195455551147,0.9999993443489076,0.000999998733138,0.001,False,128.0,128.0,,,SGD
train,,,,,,,64.66634917259216,4.0,108.0,1515.0,1.0237382650375366,0.9999992847442628,0.0009999992793128,0.001,False,128.0,128.0,,,SGD
train,,,,,,,64.70355677604675,4.0,109.0,1516.0,0.991994082927704,0.999999225139618,0.0010000001739307,0.001,False,128.0,128.0,,,SGD
train,,,,,,,64.7412896156311,4.0,110.0,1517.0,1.0309433937072754,0.999999225139618,0.0009999993706287,0.001,False,128.0,128.0,,,SGD
train,,,,,,,64.77653908729553,4.0,111.0,1518.0,0.927298367023468,0.9999992847442628,0.0009999992917751,0.001,False,128.0,128.0,,,SGD
train,,,,,,,64.8097825050354,4.0,112.0,1519.0,0.9752137064933776,0.9999993443489076,0.0009999991227712,0.001,False,128.0,128.0,,,SGD
train,,,,,,,64.85063982009888,4.0,113.0,1520.0,0.9288421869277954,0.9999993443489076,0.0010000014209878,0.001,False,128.0,128.0,,,SGD
train,,,,,,,64.89430809020996,4.0,114.0,1521.0,1.0111438035964966,0.9999992847442628,0.0009999993905572,0.001,False,128.0,128.0,,,SGD
train,,,,,,,64.9269449710846,4.0,115.0,1522.0,1.0192368030548096,0.9999992847442628,0.0010000011734361,0.001,False,128.0,128.0,,,SGD
train,,,,,,,64.96209812164307,4.0,116.0,1523.0,0.8958258032798767,0.9999993443489076,0.0009999997244847,0.001,False,128.0,128.0,,,SGD
train,,,,,,,64.99853038787842,4.0,117.0,1524.0,1.0630924701690674,0.9999991655349731,0.0010000015423905,0.001,False,128.0,128.0,,,SGD
train,,,,,,,65.037437915802,4.0,118.0,1525.0,1.0931086540222168,0.9999994039535522,0.0009999985725718,0.001,False,128.0,128.0,,,SGD
train,,,,,,,65.07924437522888,4.0,119.0,1526.0,0.9408010840415956,0.9999992847442628,0.0009999992307683,0.001,False,128.0,128.0,,,SGD
train,,,,,,,65.11980104446411,4.0,120.0,1527.0,0.9992976784706116,0.999999225139618,0.0009999984176677,0.001,False,128.0,128.0,,,SGD
train,,,,,,,65.15624356269836,4.0,121.0,1528.0,0.992505669593811,0.999999463558197,0.0009999970045449,0.001,False,128.0,128.0,,,SGD
train,,,,,,,65.19248628616333,4.0,122.0,1529.0,0.9819692373275756,0.9999992847442628,0.0009999985725163,0.001,False,128.0,128.0,,,SGD
train,,,,,,,65.22327136993408,4.0,123.0,1530.0,1.0728384256362915,0.999999225139618,0.0009999995460163,0.001,False,128.0,128.0,,,SGD
train,,,,,,,65.26148128509521,4.0,124.0,1531.0,1.052470088005066,0.9999994039535522,0.0010000001537247,0.001,False,128.0,128.0,,,SGD
train,,,,,,,65.29482316970825,4.0,125.0,1532.0,1.0632160902023315,0.9999993443489076,0.0009999975664025,0.001,False,128.0,128.0,,,SGD
train,,,,,,,65.33188486099243,4.0,126.0,1533.0,1.0098735094070437,0.9999994039535522,0.0009999981784142,0.001,False,128.0,128.0,,,SGD
train,,,,,,,65.3673849105835,4.0,127.0,1534.0,0.9102901816368104,0.999999225139618,0.0010000005536824,0.001,False,128.0,128.0,,,SGD
train,,,,,,,65.40832233428955,4.0,128.0,1535.0,0.9441244602203368,0.9999993443489076,0.0009999981903214,0.001,False,128.0,128.0,,,SGD
train,,,,,,,65.44353938102722,4.0,129.0,1536.0,1.0162304639816284,0.9999994039535522,0.000999999645298,0.001,False,128.0,128.0,,,SGD
train,,,,,,,65.4859311580658,4.0,130.0,1537.0,1.021936297416687,0.9999993443489076,0.0009999992910257,0.001,False,128.0,128.0,,,SGD
train,,,,,,,65.51955509185791,4.0,131.0,1538.0,0.9927456378936768,0.999999225139618,0.0009999985869215,0.001,False,128.0,128.0,,,SGD
train,,,,,,,65.5614812374115,4.0,132.0,1539.0,0.9779691696166992,0.9999991655349731,0.0009999996463527,0.001,False,128.0,128.0,,,SGD
train,,,,,,,65.60248899459839,4.0,133.0,1540.0,0.9984331130981444,0.999999225139618,0.000999999337433,0.001,False,128.0,128.0,,,SGD
train,,,,,,,65.63356518745422,4.0,134.0,1541.0,0.9934553503990172,0.9999993443489076,0.0009999980528478,0.001,False,128.0,128.0,,,SGD
train,,,,,,,65.66958022117615,4.0,135.0,1542.0,1.027635931968689,0.9999992847442628,0.0009999996175979,0.001,False,128.0,128.0,,,SGD
train,,,,,,,65.70220971107483,4.0,136.0,1543.0,0.9843985438346864,0.9999992847442628,0.0009999985009068,0.001,False,128.0,128.0,,,SGD
train,,,,,,,65.73410177230835,4.0,137.0,1544.0,0.9473714828491212,0.999999225139618,0.0010000002449295,0.001,False,128.0,128.0,,,SGD
train,,,,,,,65.76778078079224,4.0,138.0,1545.0,0.9522324800491332,0.9999992847442628,0.0010000006319808,0.001,False,128.0,128.0,,,SGD
train,,,,,,,65.80770063400269,4.0,139.0,1546.0,0.9437140226364136,0.9999994039535522,0.0009999984483099,0.001,False,128.0,128.0,,,SGD
train,,,,,,,65.84281730651855,4.0,140.0,1547.0,1.0658758878707886,0.9999992847442628,0.001000000424286,0.001,False,128.0,128.0,,,SGD
train,,,,,,,65.87587356567383,4.0,141.0,1548.0,1.05729079246521,0.9999993443489076,0.00099999817253,0.001,False,128.0,128.0,,,SGD
train,,,,,,,65.92195463180542,4.0,142.0,1549.0,0.981862246990204,0.9999992847442628,0.0009999982382276,0.001,False,128.0,128.0,,,SGD
train,,,,,,,66.11274361610413,4.0,143.0,1550.0,1.0368868112564087,0.9999993443489076,0.000999998061341,0.001,False,128.0,128.0,,,SGD
train,,,,,,,66.14311814308167,4.0,144.0,1551.0,0.9830533266067504,0.999999225139618,0.0010000001322974,0.001,False,128.0,128.0,,,SGD
train,,,,,,,66.1759250164032,4.0,145.0,1552.0,0.9702478051185608,0.9999991655349731,0.0009999985629129,0.001,False,128.0,128.0,,,SGD
train,,,,,,,66.21104764938354,4.0,146.0,1553.0,1.0240767002105713,0.999999225139618,0.0010000002801791,0.001,False,128.0,128.0,,,SGD
train,,,,,,,66.24474239349365,4.0,147.0,1554.0,0.9642139673233032,0.9999992847442628,0.0009999984852526,0.001,False,128.0,128.0,,,SGD
train,,,,,,,66.28039765357971,4.0,148.0,1555.0,0.8974156975746155,0.9999994039535522,0.0009999991656814,0.001,False,128.0,128.0,,,SGD
train,,,,,,,66.31804251670837,4.0,149.0,1556.0,1.0409297943115234,0.9999993443489076,0.0009999993389873,0.001,False,128.0,128.0,,,SGD
train,,,,,,,66.35343766212463,4.0,150.0,1557.0,0.9393914341926576,0.999999225139618,0.0010000007407549,0.001,False,128.0,128.0,,,SGD
train,,,,,,,66.38406705856323,4.0,151.0,1558.0,1.0058449506759644,0.9999994039535522,0.0009999980202072,0.001,False,128.0,128.0,,,SGD
train,,,,,,,66.41398882865906,4.0,152.0,1559.0,0.8656105995178223,0.9999992847442628,0.0009999972972282,0.001,False,128.0,128.0,,,SGD
train,,,,,,,66.44770812988281,4.0,153.0,1560.0,0.984861135482788,0.9999991655349731,0.0009999994686059,0.001,False,128.0,128.0,,,SGD
train,,,,,,,66.48125672340393,4.0,154.0,1561.0,1.0159655809402466,0.999999225139618,0.000999997361316,0.001,False,128.0,128.0,,,SGD
train,,,,,,,66.51113390922546,4.0,155.0,1562.0,0.9946781396865844,0.9999994039535522,0.0009999998163834,0.001,False,128.0,128.0,,,SGD
train,,,,,,,66.5476279258728,4.0,156.0,1563.0,1.0018086433410645,0.999999225139618,0.0009999989587911,0.001,False,128.0,128.0,,,SGD
train,,,,,,,66.5829451084137,4.0,157.0,1564.0,0.9828433394432068,0.9999992847442628,0.0009999991761175,0.001,False,128.0,128.0,,,SGD
train,,,,,,,66.61608457565308,4.0,158.0,1565.0,1.06276273727417,0.9999991655349731,0.0010000001850885,0.001,False,128.0,128.0,,,SGD
train,,,,,,,66.64868593215942,4.0,159.0,1566.0,0.897985577583313,0.9999992847442628,0.0009999998099996,0.001,False,128.0,128.0,,,SGD
train,,,,,,,66.68814182281494,4.0,160.0,1567.0,0.9645032286643982,0.9999992847442628,0.0009999995730225,0.001,False,128.0,128.0,,,SGD
train,,,,,,,66.72624683380127,4.0,161.0,1568.0,1.0103636980056765,0.9999993443489076,0.0010000000197208,0.001,False,128.0,128.0,,,SGD
train,,,,,,,66.7640027999878,4.0,162.0,1569.0,1.0189263820648191,0.9999994039535522,0.0010000010837302,0.001,False,128.0,128.0,,,SGD
train,,,,,,,66.79216313362122,4.0,163.0,1570.0,1.0825544595718384,0.9999994039535522,0.0010000003389654,0.001,False,128.0,128.0,,,SGD
train,,,,,,,66.83161425590515,4.0,164.0,1571.0,0.966031551361084,0.9999993443489076,0.0010000002067656,0.001,False,128.0,128.0,,,SGD
train,,,,,,,66.87345576286316,4.0,165.0,1572.0,0.9850111603736876,0.9999992847442628,0.0010000010937499,0.001,False,128.0,128.0,,,SGD
train,,,,,,,66.90585374832153,4.0,166.0,1573.0,0.9822219610214232,0.9999993443489076,0.0009999972047464,0.001,False,128.0,128.0,,,SGD
train,,,,,,,66.94126415252686,4.0,167.0,1574.0,0.9779730439186096,0.9999993443489076,0.0009999992266604,0.001,False,128.0,128.0,,,SGD
train,,,,,,,66.97016048431396,4.0,168.0,1575.0,0.9902608394622804,0.999999225139618,0.0010000002732402,0.001,False,128.0,128.0,,,SGD
train,,,,,,,67.00465202331543,4.0,169.0,1576.0,0.9366016387939452,0.9999992847442628,0.0009999996268961,0.001,False,128.0,128.0,,,SGD
train,,,,,,,67.03807950019836,4.0,170.0,1577.0,0.9746282696723938,0.999999225139618,0.0010000005289244,0.001,False,128.0,128.0,,,SGD
train,,,,,,,67.07535529136658,4.0,171.0,1578.0,0.908693253993988,0.9999993443489076,0.0009999986576983,0.001,False,128.0,128.0,,,SGD
train,,,,,,,67.11279845237732,4.0,172.0,1579.0,0.9499019980430604,0.9999992847442628,0.0010000003183152,0.001,False,128.0,128.0,,,SGD
train,,,,,,,67.15259075164795,4.0,173.0,1580.0,1.019925236701965,0.999999225139618,0.0009999981417768,0.001,False,128.0,128.0,,,SGD
train,,,,,,,67.18139934539795,4.0,174.0,1581.0,1.010359287261963,0.9999992847442628,0.0009999996412734,0.001,False,128.0,128.0,,,SGD
train,,,,,,,67.21621680259705,4.0,175.0,1582.0,1.0377440452575684,0.9999994039535522,0.0009999980393863,0.001,False,128.0,128.0,,,SGD
train,,,,,,,67.25505089759827,4.0,176.0,1583.0,1.01618754863739,0.999999463558197,0.0009999980600087,0.001,False,128.0,128.0,,,SGD
train,,,,,,,67.28998470306396,4.0,177.0,1584.0,1.005195140838623,0.9999992847442628,0.0010000009202778,0.001,False,128.0,128.0,,,SGD
train,,,,,,,67.32330679893494,4.0,178.0,1585.0,0.91265469789505,0.9999992847442628,0.0009999999845822,0.001,False,128.0,128.0,,,SGD
train,,,,,,,67.35603880882263,4.0,179.0,1586.0,0.9473433494567872,0.9999991655349731,0.0009999995040776,0.001,False,128.0,128.0,,,SGD
train,,,,,,,67.38898491859436,4.0,180.0,1587.0,0.9280506372451782,0.9999992847442628,0.0009999995938947,0.001,False,128.0,128.0,,,SGD
train,,,,,,,67.42428398132324,4.0,181.0,1588.0,1.039775848388672,0.999999225139618,0.0009999989696991,0.001,False,128.0,128.0,,,SGD
train,,,,,,,67.4561288356781,4.0,182.0,1589.0,1.012831211090088,0.999999225139618,0.0009999987882052,0.001,False,128.0,128.0,,,SGD
train,,,,,,,67.48948168754578,4.0,183.0,1590.0,1.010360598564148,0.9999993443489076,0.0009999980063849,0.001,False,128.0,128.0,,,SGD
train,,,,,,,67.53072118759155,4.0,184.0,1591.0,1.0045583248138428,0.9999992847442628,0.0009999979348308,0.001,False,128.0,128.0,,,SGD
train,,,,,,,67.5658962726593,4.0,185.0,1592.0,0.9127671122550964,0.9999992847442628,0.0009999990942385,0.001,False,128.0,128.0,,,SGD
train,,,,,,,67.60265445709229,4.0,186.0,1593.0,1.0757241249084473,0.9999991655349731,0.000999999541048,0.001,False,128.0,128.0,,,SGD
train,,,,,,,67.63784313201904,4.0,187.0,1594.0,0.9522165060043336,0.9999992847442628,0.0010000009168916,0.001,False,128.0,128.0,,,SGD
train,,,,,,,67.67240619659424,4.0,188.0,1595.0,0.8731423616409302,0.9999992847442628,0.0009999994796249,0.001,False,128.0,128.0,,,SGD
train,,,,,,,67.70105314254761,4.0,189.0,1596.0,0.9757473468780518,0.9999991655349731,0.0009999989803295,0.001,False,128.0,128.0,,,SGD
train,,,,,,,67.73739361763,4.0,190.0,1597.0,1.020169973373413,0.9999993443489076,0.0010000003757692,0.001,False,128.0,128.0,,,SGD
train,,,,,,,67.77257466316223,4.0,191.0,1598.0,1.0032447576522827,0.9999993443489076,0.0010000003746035,0.001,False,128.0,128.0,,,SGD
train,,,,,,,67.80652379989624,4.0,192.0,1599.0,0.926343023777008,0.9999992847442628,0.0010000003537868,0.001,False,128.0,128.0,,,SGD
train,,,,,,,67.83895111083984,4.0,193.0,1600.0,1.0067417621612549,0.9999992847442628,0.0009999988743031,0.001,False,128.0,128.0,,,SGD
train,,,,,,,67.87358117103577,4.0,194.0,1601.0,0.970751941204071,0.9999992847442628,0.0010000010061534,0.001,False,128.0,128.0,,,SGD
train,,,,,,,67.91473960876465,4.0,195.0,1602.0,1.0556052923202517,0.9999991655349731,0.0009999994858699,0.001,False,128.0,128.0,,,SGD
train,,,,,,,67.9563295841217,4.0,196.0,1603.0,0.9205180406570436,0.9999992847442628,0.0009999985361287,0.001,False,128.0,128.0,,,SGD
train,,,,,,,67.99832463264465,4.0,197.0,1604.0,0.8910380601882935,0.999999225139618,0.0009999971999724,0.001,False,128.0,128.0,,,SGD
train,,,,,,,68.03699374198914,4.0,198.0,1605.0,1.0068416595458984,0.999999225139618,0.0009999979754373,0.001,False,128.0,128.0,,,SGD
train,,,,,,,68.06628847122192,4.0,199.0,1606.0,1.006625413894653,0.9999993443489076,0.0009999977589711,0.001,False,128.0,128.0,,,SGD
train,,,,,,,68.09744048118591,4.0,200.0,1607.0,0.9898625612258912,0.999999225139618,0.0010000010319106,0.001,False,128.0,128.0,,,SGD
train,,,,,,,68.13251686096191,4.0,201.0,1608.0,0.9690578579902648,0.9999994039535522,0.0009999995864562,0.001,False,128.0,128.0,,,SGD
train,,,,,,,68.17291641235352,4.0,202.0,1609.0,0.9847830533981324,0.9999991059303284,0.0009999993063467,0.001,False,128.0,128.0,,,SGD
train,,,,,,,68.21454620361328,4.0,203.0,1610.0,0.9245798587799072,0.9999993443489076,0.0009999980928714,0.001,False,128.0,128.0,,,SGD
train,,,,,,,68.24981665611267,4.0,204.0,1611.0,0.9643261432647704,0.999999225139618,0.0009999999624888,0.001,False,128.0,128.0,,,SGD
train,,,,,,,68.29573774337769,4.0,205.0,1612.0,0.962623655796051,0.999999225139618,0.0010000001608301,0.001,False,128.0,128.0,,,SGD
train,,,,,,,68.33490657806396,4.0,206.0,1613.0,0.9518653750419616,0.9999991655349731,0.0010000005110082,0.001,False,128.0,128.0,,,SGD
train,,,,,,,68.36825346946716,4.0,207.0,1614.0,0.9936169981956482,0.9999991655349731,0.001000001117703,0.001,False,128.0,128.0,,,SGD
train,,,,,,,68.40662860870361,4.0,208.0,1615.0,0.9684903025627136,0.9999993443489076,0.000999998622976,0.001,False,128.0,128.0,,,SGD
train,,,,,,,68.44043111801147,4.0,209.0,1616.0,0.937285304069519,0.9999992847442628,0.0009999984546382,0.001,False,128.0,128.0,,,SGD
train,,,,,,,68.47237873077393,4.0,210.0,1617.0,0.9222639203071594,0.999999225139618,0.0010000005613707,0.001,False,128.0,128.0,,,SGD
train,,,,,,,68.51010131835938,4.0,211.0,1618.0,1.0035223960876465,0.999999225139618,0.0009999981836323,0.001,False,128.0,128.0,,,SGD
train,,,,,,,68.54830241203308,4.0,212.0,1619.0,0.962833046913147,0.9999992847442628,0.0009999975627665,0.001,False,128.0,128.0,,,SGD
train,,,,,,,68.58370018005371,4.0,213.0,1620.0,0.9098363518714904,0.9999992847442628,0.0009999997602616,0.001,False,128.0,128.0,,,SGD
train,,,,,,,68.61848855018616,4.0,214.0,1621.0,1.006424903869629,0.999999225139618,0.0010000003927834,0.001,False,128.0,128.0,,,SGD
train,,,,,,,68.655100107193,4.0,215.0,1622.0,0.9517343640327454,0.9999994039535522,0.0009999995432407,0.001,False,128.0,128.0,,,SGD
train,,,,,,,68.68697834014893,4.0,216.0,1623.0,0.9575926065444946,0.9999992847442628,0.0009999993870323,0.001,False,128.0,128.0,,,SGD
train,,,,,,,68.72417688369751,4.0,217.0,1624.0,0.9742053747177124,0.9999992847442628,0.0009999982964312,0.001,False,128.0,128.0,,,SGD
train,,,,,,,68.76055264472961,4.0,218.0,1625.0,0.944598376750946,0.9999993443489076,0.0009999973768037,0.001,False,128.0,128.0,,,SGD
train,,,,,,,68.79292893409729,4.0,219.0,1626.0,0.8698956370353699,0.9999993443489076,0.001000000280068,0.001,False,128.0,128.0,,,SGD
train,,,,,,,68.82916378974915,4.0,220.0,1627.0,0.9667904376983644,0.999999225139618,0.0009999984287561,0.001,False,128.0,128.0,,,SGD
train,,,,,,,68.86682748794556,4.0,221.0,1628.0,0.9354544281959534,0.999999225139618,0.0009999984924969,0.001,False,128.0,128.0,,,SGD
train,,,,,,,68.90271496772766,4.0,222.0,1629.0,0.9954314827919006,0.9999992847442628,0.0009999990509952,0.001,False,128.0,128.0,,,SGD
train,,,,,,,68.95211005210876,4.0,223.0,1630.0,1.0331096649169922,0.999999225139618,0.0009999985514775,0.001,False,128.0,128.0,,,SGD
train,,,,,,,68.98855113983154,4.0,224.0,1631.0,0.8898826837539673,0.999999225139618,0.0009999969052073,0.001,False,128.0,128.0,,,SGD
train,,,,,,,69.02739429473877,4.0,225.0,1632.0,0.912621259689331,0.9999993443489076,0.0009999993823138,0.001,False,128.0,128.0,,,SGD
train,,,,,,,69.06259679794312,4.0,226.0,1633.0,0.940262734889984,0.999999225139618,0.000999996893772,0.001,False,128.0,128.0,,,SGD
train,,,,,,,69.09476780891418,4.0,227.0,1634.0,0.9623873829841614,0.9999993443489076,0.0009999996600085,0.001,False,128.0,128.0,,,SGD
train,,,,,,,69.1284773349762,4.0,228.0,1635.0,0.9764840602874756,0.9999994039535522,0.0009999985461762,0.001,False,128.0,128.0,,,SGD
train,,,,,,,69.16457557678223,4.0,229.0,1636.0,0.9178367853164672,0.9999991655349731,0.0009999991569939,0.001,False,128.0,128.0,,,SGD
train,,,,,,,69.22247672080994,4.0,230.0,1637.0,0.9649420976638794,0.999999225139618,0.0009999990929895,0.001,False,128.0,128.0,,,SGD
train,,,,,,,69.50216293334961,4.0,231.0,1638.0,0.98642760515213,0.9999992847442628,0.0009999988899295,0.001,False,128.0,128.0,,,SGD
train,,,,,,,69.53972148895264,4.0,232.0,1639.0,1.0874271392822266,0.9999993443489076,0.0009999996101872,0.001,False,128.0,128.0,,,SGD
train,,,,,,,69.57420206069946,4.0,233.0,1640.0,0.9270811676979064,0.9999994039535522,0.0009999982669269,0.001,False,128.0,128.0,,,SGD
train,,,,,,,69.60398268699646,4.0,234.0,1641.0,0.975128173828125,0.9999990463256836,0.0009999980292277,0.001,False,128.0,128.0,,,SGD
train,,,,,,,69.638512134552,4.0,235.0,1642.0,0.9827839136123656,0.9999992847442628,0.0009999998105548,0.001,False,128.0,128.0,,,SGD
train,,,,,,,69.67019581794739,4.0,236.0,1643.0,0.9793967604637146,0.9999994039535522,0.0009999992036233,0.001,False,128.0,128.0,,,SGD
train,,,,,,,69.70857501029968,4.0,237.0,1644.0,0.9253085851669312,0.9999993443489076,0.0010000000993793,0.001,False,128.0,128.0,,,SGD
train,,,,,,,69.74012160301208,4.0,238.0,1645.0,0.9450141191482544,0.999999225139618,0.0009999976809778,0.001,False,128.0,128.0,,,SGD
train,,,,,,,69.77112603187561,4.0,239.0,1646.0,0.883408784866333,0.999999225139618,0.0010000011871751,0.001,False,128.0,128.0,,,SGD
train,,,,,,,69.8065938949585,4.0,240.0,1647.0,1.007367730140686,0.9999991655349731,0.0010000000814492,0.001,False,128.0,128.0,,,SGD
train,,,,,,,69.83556771278381,4.0,241.0,1648.0,1.0655149221420288,0.9999991655349731,0.0009999990568239,0.001,False,128.0,128.0,,,SGD
train,,,,,,,69.88458609580994,4.0,242.0,1649.0,0.9453082084655762,0.999999225139618,0.0009999989174908,0.001,False,128.0,128.0,,,SGD
train,,,,,,,69.92349910736084,4.0,243.0,1650.0,0.9502547979354858,0.9999993443489076,0.0009999978044071,0.001,False,128.0,128.0,,,SGD
train,,,,,,,69.95793056488037,4.0,244.0,1651.0,0.9224295020103456,0.9999992847442628,0.000999998393104,0.001,False,128.0,128.0,,,SGD
train,,,,,,,69.99840974807739,4.0,245.0,1652.0,1.031955599784851,0.999999225139618,0.0010000008443386,0.001,False,128.0,128.0,,,SGD
train,,,,,,,70.04195141792297,4.0,246.0,1653.0,0.91111421585083,0.999999225139618,0.001000001367253,0.001,False,128.0,128.0,,,SGD
train,,,,,,,70.0751223564148,4.0,247.0,1654.0,0.8951858282089233,0.9999992847442628,0.000999999300185,0.001,False,128.0,128.0,,,SGD
train,,,,,,,70.10830593109131,4.0,248.0,1655.0,0.881095290184021,0.9999991059303284,0.0009999982128312,0.001,False,128.0,128.0,,,SGD
train,,,,,,,70.13853621482849,4.0,249.0,1656.0,0.9329695105552672,0.999999225139618,0.0010000003303056,0.001,False,128.0,128.0,,,SGD
train,,,,,,,70.17090034484863,4.0,250.0,1657.0,0.916512668132782,0.9999991655349731,0.000999996956139,0.001,False,128.0,128.0,,,SGD
train,,,,,,,70.20324420928955,4.0,251.0,1658.0,0.9757552742958068,0.999999225139618,0.0009999982609595,0.001,False,128.0,128.0,,,SGD
train,,,,,,,70.23821806907654,4.0,252.0,1659.0,0.9566569328308104,0.9999991655349731,0.0010000010326322,0.001,False,128.0,128.0,,,SGD
train,,,,,,,70.2731499671936,4.0,253.0,1660.0,0.9711512327194214,0.999999225139618,0.0009999989927085,0.001,False,128.0,128.0,,,SGD
train,,,,,,,70.30698537826538,4.0,254.0,1661.0,0.9826913475990297,0.999999225139618,0.0009999993382102,0.001,False,128.0,128.0,,,SGD
train,,,,,,,70.3362762928009,4.0,255.0,1662.0,0.8924441933631897,0.9999992847442628,0.0009999997162413,0.001,False,128.0,128.0,,,SGD
train,,,,,,,70.3671247959137,4.0,256.0,1663.0,0.9322456121444702,0.999999225139618,0.0009999999259902,0.001,False,128.0,128.0,,,SGD
train,,,,,,,70.40505957603455,4.0,257.0,1664.0,0.8964910507202148,0.9999992847442628,0.0009999986066835,0.001,False,128.0,128.0,,,SGD
train,,,,,,,70.43908452987671,4.0,258.0,1665.0,0.9752429127693176,0.9999992847442628,0.0010000000307675,0.001,False,128.0,128.0,,,SGD
train,,,,,,,70.48147654533386,4.0,259.0,1666.0,1.0220465660095217,0.999999225139618,0.0009999998937105,0.001,False,128.0,128.0,,,SGD
train,,,,,,,70.51648330688477,4.0,260.0,1667.0,0.9192095398902892,0.9999991655349731,0.0009999984974374,0.001,False,128.0,128.0,,,SGD
train,,,,,,,70.54904317855835,4.0,261.0,1668.0,0.9767269492149352,0.9999992847442628,0.0009999979472931,0.001,False,128.0,128.0,,,SGD
train,,,,,,,70.58536505699158,4.0,262.0,1669.0,0.9074512124061584,0.9999991059303284,0.0009999988954806,0.001,False,128.0,128.0,,,SGD
train,,,,,,,70.6244592666626,4.0,263.0,1670.0,0.8788549304008484,0.9999991059303284,0.0009999987587842,0.001,False,128.0,128.0,,,SGD
train,,,,,,,70.65982437133789,4.0,264.0,1671.0,0.96360182762146,0.9999992847442628,0.0010000001396804,0.001,False,128.0,128.0,,,SGD
train,,,,,,,70.69223237037659,4.0,265.0,1672.0,0.9491175413131714,0.9999991655349731,0.0010000001006283,0.001,False,128.0,128.0,,,SGD
train,,,,,,,70.72350764274597,4.0,266.0,1673.0,0.8345402479171753,0.9999993443489076,0.0009999977181703,0.001,False,128.0,128.0,,,SGD
train,,,,,,,70.7551372051239,4.0,267.0,1674.0,1.0211111307144165,0.999999225139618,0.0009999995843467,0.001,False,128.0,128.0,,,SGD
train,,,,,,,70.78867197036743,4.0,268.0,1675.0,0.9127843379974364,0.9999993443489076,0.0009999991554118,0.001,False,128.0,128.0,,,SGD
train,,,,,,,70.83710289001465,4.0,269.0,1676.0,0.87404865026474,0.9999993443489076,0.0009999972066893,0.001,False,128.0,128.0,,,SGD
train,,,,,,,70.8764488697052,4.0,270.0,1677.0,0.9885939359664916,0.9999992847442628,0.0009999996919829,0.001,False,128.0,128.0,,,SGD
train,,,,,,,70.91164302825928,4.0,271.0,1678.0,0.8503504991531372,0.9999993443489076,0.0009999970019081,0.001,False,128.0,128.0,,,SGD
train,,,,,,,70.94795274734497,4.0,272.0,1679.0,0.8591382503509521,0.999999225139618,0.0009999985803434,0.001,False,128.0,128.0,,,SGD
train,,,,,,,70.98167681694031,4.0,273.0,1680.0,0.9470275044441224,0.999999225139618,0.0010000000734556,0.001,False,128.0,128.0,,,SGD
train,,,,,,,71.02186846733093,4.0,274.0,1681.0,0.9177199006080629,0.9999993443489076,0.0009999980510159,0.001,False,128.0,128.0,,,SGD
train,,,,,,,71.06147885322571,4.0,275.0,1682.0,0.8681329488754272,0.999999225139618,0.0009999985149234,0.001,False,128.0,128.0,,,SGD
train,,,,,,,71.09578442573547,4.0,276.0,1683.0,0.900975227355957,0.999999225139618,0.0010000003658883,0.001,False,128.0,128.0,,,SGD
train,,,,,,,71.13135147094727,4.0,277.0,1684.0,0.9157021045684814,0.9999992847442628,0.0010000007626262,0.001,False,128.0,128.0,,,SGD
train,,,,,,,71.16355752944946,4.0,278.0,1685.0,0.8833304643630981,0.999999225139618,0.0010000012407433,0.001,False,128.0,128.0,,,SGD
train,,,,,,,71.19850635528564,4.0,279.0,1686.0,0.917528510093689,0.9999992847442628,0.0009999988405245,0.001,False,128.0,128.0,,,SGD
train,,,,,,,71.22986769676208,4.0,280.0,1687.0,0.9451756477355956,0.9999991655349731,0.0009999997340049,0.001,False,128.0,128.0,,,SGD
train,,,,,,,71.26200151443481,4.0,281.0,1688.0,0.9076713919639589,0.9999994039535522,0.0009999995327769,0.001,False,128.0,128.0,,,SGD
train,,,,,,,71.29716444015503,4.0,282.0,1689.0,0.8846073746681213,0.9999994039535522,0.0009999978830943,0.001,False,128.0,128.0,,,SGD
train,,,,,,,71.33011841773987,4.0,283.0,1690.0,0.9518189430236816,0.999999225139618,0.0009999992038176,0.001,False,128.0,128.0,,,SGD
train,,,,,,,71.37099242210388,4.0,284.0,1691.0,1.0040950775146484,0.9999991655349731,0.0009999988041369,0.001,False,128.0,128.0,,,SGD
train,,,,,,,71.40763187408447,4.0,285.0,1692.0,1.092711329460144,0.9999992847442628,0.001000000445741,0.001,False,128.0,128.0,,,SGD
train,,,,,,,71.43928670883179,4.0,286.0,1693.0,0.8397527933120728,0.9999991655349731,0.0009999989585136,0.001,False,128.0,128.0,,,SGD
train,,,,,,,71.47621750831604,4.0,287.0,1694.0,0.9516832828521729,0.9999992847442628,0.0009999994397401,0.001,False,128.0,128.0,,,SGD
train,,,,,,,71.51166892051697,4.0,288.0,1695.0,0.9292750954627992,0.9999992847442628,0.0009999983134176,0.001,False,128.0,128.0,,,SGD
train,,,,,,,71.54255104064941,4.0,289.0,1696.0,0.960703670978546,0.9999993443489076,0.0009999998419463,0.001,False,128.0,128.0,,,SGD
train,,,,,,,71.57239317893982,4.0,290.0,1697.0,1.0282431840896606,0.999999225139618,0.0009999988801317,0.001,False,128.0,128.0,,,SGD
train,,,,,,,71.6049370765686,4.0,291.0,1698.0,1.006335973739624,0.999999225139618,0.0009999998923227,0.001,False,128.0,128.0,,,SGD
train,,,,,,,71.64029955863953,4.0,292.0,1699.0,0.8614869117736816,0.999999225139618,0.0010000011387139,0.001,False,128.0,128.0,,,SGD
train,,,,,,,71.67636299133301,4.0,293.0,1700.0,0.8905094861984253,0.999999225139618,0.0009999998332588,0.001,False,128.0,128.0,,,SGD
train,,,,,,,71.71519255638123,4.0,294.0,1701.0,0.9347031712532043,0.9999991655349731,0.0010000008266861,0.001,False,128.0,128.0,,,SGD
train,,,,,,,71.74889755249023,4.0,295.0,1702.0,0.9088342785835266,0.9999991655349731,0.0009999985605536,0.001,False,128.0,128.0,,,SGD
train,,,,,,,71.78875470161438,4.0,296.0,1703.0,0.878714919090271,0.9999992847442628,0.0009999993207519,0.001,False,128.0,128.0,,,SGD
train,,,,,,,71.82103562355042,4.0,297.0,1704.0,0.9213053584098816,0.9999992847442628,0.000999997938328,0.001,False,128.0,128.0,,,SGD
train,,,,,,,71.85394048690796,4.0,298.0,1705.0,0.9335618615150452,0.999999225139618,0.0010000003656662,0.001,False,128.0,128.0,,,SGD
train,,,,,,,71.8971118927002,4.0,299.0,1706.0,1.005245327949524,0.999999225139618,0.0009999986077382,0.001,False,128.0,128.0,,,SGD
train,,,,,,,71.9260823726654,4.0,300.0,1707.0,0.9225698709487916,0.9999993443489076,0.0009999975626277,0.001,False,128.0,128.0,,,SGD
train,,,,,,,71.96268439292908,4.0,301.0,1708.0,0.934614360332489,0.9999991655349731,0.0009999997772203,0.001,False,128.0,128.0,,,SGD
train,,,,,,,71.99804472923279,4.0,302.0,1709.0,0.9120314121246338,0.9999993443489076,0.0009999991791151,0.001,False,128.0,128.0,,,SGD
train,,,,,,,72.03083562850952,4.0,303.0,1710.0,0.9141986966133118,0.9999990463256836,0.001000001438335,0.001,False,128.0,128.0,,,SGD
train,,,,,,,72.0642740726471,4.0,304.0,1711.0,0.9413987994194032,0.999999225139618,0.0009999977477301,0.001,False,128.0,128.0,,,SGD
train,,,,,,,72.1011004447937,4.0,305.0,1712.0,0.8824295997619629,0.9999992847442628,0.0009999987421864,0.001,False,128.0,128.0,,,SGD
train,,,,,,,72.13820695877075,4.0,306.0,1713.0,0.9073510766029358,0.999999225139618,0.0010000003738264,0.001,False,128.0,128.0,,,SGD
train,,,,,,,72.17207956314087,4.0,307.0,1714.0,0.919677436351776,0.9999993443489076,0.0010000000020682,0.001,False,128.0,128.0,,,SGD
train,,,,,,,72.20233726501465,4.0,308.0,1715.0,0.8644609451293945,0.9999993443489076,0.0009999997531007,0.001,False,128.0,128.0,,,SGD
train,,,,,,,72.23894953727722,4.0,309.0,1716.0,0.9514594674110411,0.9999991655349731,0.0009999980283673,0.001,False,128.0,128.0,,,SGD
train,,,,,,,72.2774248123169,4.0,310.0,1717.0,0.9135907888412476,0.9999992847442628,0.0009999989488546,0.001,False,128.0,128.0,,,SGD
train,,,,,,,72.31240558624268,4.0,311.0,1718.0,0.8712915182113647,0.9999994039535522,0.0010000002085697,0.001,False,128.0,128.0,,,SGD
train,,,,,,,72.3543107509613,4.0,312.0,1719.0,0.9399632215499878,0.9999991655349731,0.0010000006009224,0.001,False,128.0,128.0,,,SGD
train,,,,,,,72.39155530929565,4.0,313.0,1720.0,0.954773724079132,0.999999225139618,0.0009999995077691,0.001,False,128.0,128.0,,,SGD
train,,,,,,,72.42816972732544,4.0,314.0,1721.0,0.9212624430656432,0.999999225139618,0.0009999984467556,0.001,False,128.0,128.0,,,SGD
train,,,,,,,72.46977138519287,4.0,315.0,1722.0,0.9050681591033936,0.9999992847442628,0.0009999998555188,0.001,False,128.0,128.0,,,SGD
train,,,,,,,72.51149916648865,4.0,316.0,1723.0,0.9118238091468812,0.9999993443489076,0.0009999969653816,0.001,False,128.0,128.0,,,SGD
train,,,,,,,72.55320191383362,4.0,317.0,1724.0,0.936820149421692,0.9999991655349731,0.0010000003718002,0.001,False,128.0,128.0,,,SGD
train,,,,,,,72.58808898925781,4.0,318.0,1725.0,0.905629575252533,0.9999993443489076,0.0010000013388314,0.001,False,128.0,128.0,,,SGD
train,,,,,,,72.62101197242737,4.0,319.0,1726.0,0.9499655365943908,0.9999992847442628,0.0009999994329122,0.001,False,128.0,128.0,,,SGD
train,,,,,,,72.65524196624756,4.0,320.0,1727.0,1.0077284574508667,0.9999992847442628,0.0010000004976162,0.001,False,128.0,128.0,,,SGD
train,,,,,,,72.69385051727295,4.0,321.0,1728.0,0.8509558439254761,0.9999992847442628,0.0009999994624442,0.001,False,128.0,128.0,,,SGD
train,,,,,,,72.72895741462708,4.0,322.0,1729.0,0.936251938343048,0.9999991655349731,0.0009999997466614,0.001,False,128.0,128.0,,,SGD
train,,,,,,,72.767160654068,4.0,323.0,1730.0,0.8466443419456482,0.9999992847442628,0.0010000019656623,0.001,False,128.0,128.0,,,SGD
train,,,,,,,72.79905867576599,4.0,324.0,1731.0,0.867438018321991,0.9999992847442628,0.0009999986073496,0.001,False,128.0,128.0,,,SGD
train,,,,,,,72.83655071258545,4.0,325.0,1732.0,0.8654994964599609,0.999999225139618,0.0009999991169981,0.001,False,128.0,128.0,,,SGD
train,,,,,,,72.87388515472412,4.0,326.0,1733.0,0.9829527139663696,0.999999225139618,0.0009999996074394,0.001,False,128.0,128.0,,,SGD
train,,,,,,,72.91246771812439,4.0,327.0,1734.0,0.9138451218605042,0.9999991655349731,0.00099999845103,0.001,False,128.0,128.0,,,SGD
train,,,,,,,72.95242476463318,4.0,328.0,1735.0,0.8502472043037415,0.9999992847442628,0.0009999999010379,0.001,False,128.0,128.0,,,SGD
train,,,,,,,72.98430037498474,4.0,329.0,1736.0,0.9197838306427002,0.9999992847442628,0.0010000006485509,0.001,False,128.0,128.0,,,SGD
train,,,,,,,73.02347540855408,4.0,330.0,1737.0,0.965639591217041,0.9999993443489076,0.0009999987969204,0.001,False,128.0,128.0,,,SGD
train,,,,,,,73.06544995307922,4.0,331.0,1738.0,0.8740910291671753,0.9999993443489076,0.0010000005203757,0.001,False,128.0,128.0,,,SGD
train,,,,,,,73.10251784324646,4.0,332.0,1739.0,1.0435168743133545,0.9999993443489076,0.0009999992012085,0.001,False,128.0,128.0,,,SGD
train,,,,,,,73.14196157455444,4.0,333.0,1740.0,0.8797634840011597,0.9999991655349731,0.0009999998921006,0.001,False,128.0,128.0,,,SGD
train,,,,,,,73.17454862594604,4.0,334.0,1741.0,0.9789028167724608,0.999999225139618,0.0009999999697052,0.001,False,128.0,128.0,,,SGD
train,,,,,,,73.2213089466095,4.0,335.0,1742.0,0.9165406823158264,0.9999992847442628,0.0009999991211336,0.001,False,128.0,128.0,,,SGD
train,,,,,,,73.27085447311401,4.0,336.0,1743.0,0.9550512433052064,0.999999225139618,0.0009999994404618,0.001,False,128.0,128.0,,,SGD
train,,,,,,,73.31156945228577,4.0,337.0,1744.0,0.8803929090499878,0.9999992847442628,0.001000000629233,0.001,False,128.0,128.0,,,SGD
train,,,,,,,73.34788250923157,4.0,338.0,1745.0,0.8863897919654846,0.9999993443489076,0.0009999983448092,0.001,False,128.0,128.0,,,SGD
train,,,,,,,73.38481187820435,4.0,339.0,1746.0,0.7974150776863098,0.999999225139618,0.0009999986276112,0.001,False,128.0,128.0,,,SGD
train,,,,,,,73.42228293418884,4.0,340.0,1747.0,0.8119089007377625,0.9999991655349731,0.0009999991670692,0.001,False,128.0,128.0,,,SGD
train,,,,,,,73.4574842453003,4.0,341.0,1748.0,0.9606201648712158,0.9999992847442628,0.0009999981536562,0.001,False,128.0,128.0,,,SGD
train,,,,,,,73.49006199836731,4.0,342.0,1749.0,0.9389934539794922,0.9999993443489076,0.0009999991333183,0.001,False,128.0,128.0,,,SGD
train,,,,,,,73.52612233161926,4.0,343.0,1750.0,0.938181698322296,0.9999993443489076,0.001000000009479,0.001,False,128.0,128.0,,,SGD
train,,,,,,,73.56173515319824,4.0,344.0,1751.0,0.8505174517631531,0.9999991059303284,0.0010000014388068,0.001,False,128.0,128.0,,,SGD
train,,,,,,,73.60121035575867,4.0,345.0,1752.0,0.8737407922744751,0.9999992847442628,0.0009999977124527,0.001,False,128.0,128.0,,,SGD
train,,,,,,,73.64161539077759,4.0,346.0,1753.0,0.842979907989502,0.9999992847442628,0.0010000001984112,0.001,False,128.0,128.0,,,SGD
train,,,,,,,73.68278408050537,4.0,347.0,1754.0,0.9122928380966188,0.9999993443489076,0.0009999988585101,0.001,False,128.0,128.0,,,SGD
train,,,,,,,73.71822023391724,4.0,348.0,1755.0,0.9325428605079652,0.9999993443489076,0.0009999998511612,0.001,False,128.0,128.0,,,SGD
train,,,,,,,73.75715851783752,4.0,349.0,1756.0,0.8251112699508667,0.999999225139618,0.0010000002848975,0.001,False,128.0,128.0,,,SGD
train,,,,,,,73.78907895088196,4.0,350.0,1757.0,0.8552899360656738,0.9999994039535522,0.0010000003149568,0.001,False,128.0,128.0,,,SGD
train,,,,,,,73.82655453681946,4.0,351.0,1758.0,0.9226049184799194,0.9999992847442628,0.0010000004178467,0.001,False,128.0,128.0,,,SGD
train,,,,,,,73.86860251426697,4.0,352.0,1759.0,0.9198222756385804,0.9999992847442628,0.0010000004811571,0.001,False,128.0,128.0,,,SGD
train,,,,,,,73.91321086883545,4.0,353.0,1760.0,0.9530267715454102,0.999999225139618,0.0009999985034326,0.001,False,128.0,128.0,,,SGD
train,,,,,,,73.94885396957397,4.0,354.0,1761.0,1.0325965881347656,0.9999992847442628,0.0009999998473587,0.001,False,128.0,128.0,,,SGD
train,,,,,,,73.98485803604126,4.0,355.0,1762.0,0.8725002408027649,0.999999225139618,0.0009999992957996,0.001,False,128.0,128.0,,,SGD
train,,,,,,,74.02668738365173,4.0,356.0,1763.0,0.8367634415626526,0.9999993443489076,0.0009999984229135,0.001,False,128.0,128.0,,,SGD
train,,,,,,,74.0628969669342,4.0,357.0,1764.0,0.8502708077430725,0.9999992847442628,0.0009999998942378,0.001,False,128.0,128.0,,,SGD
train,,,,,,,74.11440992355347,4.0,358.0,1765.0,0.9053736925125122,0.9999991059303284,0.0009999993768182,0.001,False,128.0,128.0,,,SGD
train,,,,,,,74.16330480575562,4.0,359.0,1766.0,0.8653472065925598,0.999999225139618,0.0009999982689531,0.001,False,128.0,128.0,,,SGD
train,,,,,,,74.20401000976562,4.0,360.0,1767.0,0.846646785736084,0.999999225139618,0.0009999986655809,0.001,False,128.0,128.0,,,SGD
train,,,,,,,74.24061679840088,4.0,361.0,1768.0,0.8066519498825073,0.9999991655349731,0.0009999998446386,0.001,False,128.0,128.0,,,SGD
train,,,,,,,74.27800369262695,4.0,362.0,1769.0,0.9154602289199828,0.9999992847442628,0.0009999995951159,0.001,False,128.0,128.0,,,SGD
train,,,,,,,74.311448097229,4.0,363.0,1770.0,0.848900556564331,0.9999991655349731,0.0009999986996648,0.001,False,128.0,128.0,,,SGD
train,,,,,,,74.34681010246277,4.0,364.0,1771.0,0.994076669216156,0.9999991655349731,0.0009999996614518,0.001,False,128.0,128.0,,,SGD
train,,,,,,,74.3872058391571,4.0,365.0,1772.0,0.8370447158813477,0.9999992847442628,0.0009999983672357,0.001,False,128.0,128.0,,,SGD
train,,,,,,,74.42662930488586,4.0,366.0,1773.0,0.9318802952766418,0.9999991059303284,0.00099999707893,0.001,False,128.0,128.0,,,SGD
train,,,,,,,74.46955847740173,4.0,367.0,1774.0,0.9528360366821288,0.999999225139618,0.0009999980790491,0.001,False,128.0,128.0,,,SGD
train,,,,,,,74.50986933708191,4.0,368.0,1775.0,0.813797116279602,0.9999993443489076,0.0009999996744414,0.001,False,128.0,128.0,,,SGD
train,,,,,,,74.54739189147949,4.0,369.0,1776.0,0.8935329914093018,0.9999991655349731,0.0010000010773742,0.001,False,128.0,128.0,,,SGD
train,,,,,,,74.59019136428833,4.0,370.0,1777.0,0.9889867901802064,0.9999992847442628,0.0009999993437058,0.001,False,128.0,128.0,,,SGD
train,,,,,,,74.62687706947327,4.0,371.0,1778.0,0.8658738136291504,0.9999991655349731,0.0010000004145715,0.001,False,128.0,128.0,,,SGD
train,,,,,,,74.66697978973389,4.0,372.0,1779.0,0.9184027314186096,0.9999991655349731,0.0009999975775603,0.001,False,128.0,128.0,,,SGD
train,,,,,,,74.70323038101196,4.0,373.0,1780.0,0.9066062569618224,0.9999992847442628,0.0010000011313865,0.001,False,128.0,128.0,,,SGD
train,,,,,,,74.73922657966614,4.0,374.0,1781.0,0.9140458703041076,0.9999993443489076,0.0010000012782133,0.001,False,128.0,128.0,,,SGD
train,,,,,,,74.78157210350037,4.0,375.0,1782.0,0.8937667608261108,0.9999991059303284,0.0009999960987663,0.001,False,128.0,128.0,,,SGD
train,,,,,,,74.82008075714111,4.0,376.0,1783.0,0.9105395078659058,0.9999991059303284,0.0009999985740429,0.001,False,128.0,128.0,,,SGD
train,,,,,,,74.85669946670532,4.0,377.0,1784.0,0.8832642436027527,0.9999991059303284,0.0010000000287413,0.001,False,128.0,128.0,,,SGD
train,,,,,,,74.89248728752136,4.0,378.0,1785.0,0.8244979977607727,0.9999993443489076,0.0009999993482577,0.001,False,128.0,128.0,,,SGD
train,,,,,,,74.92668128013611,4.0,379.0,1786.0,0.8478642702102661,0.999999225139618,0.0009999980666701,0.001,False,128.0,128.0,,,SGD
train,,,,,,,74.96616959571838,4.0,380.0,1787.0,0.8911482095718384,0.9999991655349731,0.0010000001960242,0.001,False,128.0,128.0,,,SGD
train,,,,,,,74.99860000610352,4.0,381.0,1788.0,0.9487619996070862,0.999999225139618,0.0009999976030677,0.001,False,128.0,128.0,,,SGD
train,,,,,,,75.03363537788391,4.0,382.0,1789.0,0.8483757376670837,0.9999993443489076,0.0010000003360788,0.001,False,128.0,128.0,,,SGD
train,,,,,,,75.06730365753174,4.0,383.0,1790.0,0.8561096787452698,0.999999225139618,0.0010000006461084,0.001,False,128.0,128.0,,,SGD
train,,,,,,,75.1079797744751,4.0,384.0,1791.0,0.8354186415672302,0.9999991059303284,0.0009999987362744,0.001,False,128.0,128.0,,,SGD
train,,,,,,,75.14567518234253,4.0,385.0,1792.0,0.8562978506088257,0.9999990463256836,0.0010000004188181,0.001,False,128.0,128.0,,,SGD
train,,,,,,,75.18881940841675,4.0,386.0,1793.0,0.8646529316902161,0.9999991655349731,0.0010000007393948,0.001,False,128.0,128.0,,,SGD
train,,,,,,,75.23159456253052,4.0,387.0,1794.0,0.8818184733390808,0.999999225139618,0.00100000039975,0.001,False,128.0,128.0,,,SGD
train,,,,,,,75.27167510986328,4.0,388.0,1795.0,1.09695565700531,0.9999992847442628,0.0009999979802113,0.001,False,128.0,128.0,,,SGD
train,,,,,,,75.51126289367676,4.0,389.0,1796.0,0.9834745526313782,0.9999991655349731,0.0010000011183969,0.001,False,128.0,128.0,,,SGD
train,,,,,,,75.54301691055298,4.0,390.0,1797.0,0.9221460819244384,0.9999993443489076,0.0009999997994525,0.001,False,128.0,128.0,,,SGD
train,,,,,,,75.57625198364258,4.0,391.0,1798.0,0.7747279405593872,0.9999991655349731,0.0009999997851306,0.001,False,128.0,128.0,,,SGD
train,,,,,,,75.6069860458374,4.0,392.0,1799.0,0.8703480362892151,0.9999991655349731,0.0010000007028963,0.001,False,128.0,128.0,,,SGD
train,,,,,,,75.65054202079773,4.0,393.0,1800.0,0.7945712804794312,0.999999225139618,0.0009999996509601,0.001,False,128.0,128.0,,,SGD
train,,,,,,,75.68298625946045,4.0,394.0,1801.0,0.9596605896949768,0.9999993443489076,0.0010000012748549,0.001,False,128.0,128.0,,,SGD
train,,,,,,,75.71223449707031,4.0,395.0,1802.0,0.9450474977493286,0.9999992847442628,0.0009999977249982,0.001,False,128.0,128.0,,,SGD
train,,,,,,,75.74409627914429,4.0,396.0,1803.0,0.9062172174453736,0.9999992847442628,0.0010000000700694,0.001,False,128.0,128.0,,,SGD
train,,,,,,,75.77686834335327,4.0,397.0,1804.0,0.9148972630500792,0.9999991655349731,0.0010000007320119,0.001,False,128.0,128.0,,,SGD
train,,,,,,,75.81452488899231,4.0,398.0,1805.0,0.8017621636390686,0.9999993443489076,0.0009999987394663,0.001,False,128.0,128.0,,,SGD
train,,,,,,,75.84849143028259,4.0,399.0,1806.0,0.8495169281959534,0.9999992847442628,0.0009999972191238,0.001,False,128.0,128.0,,,SGD
train,,,,,,,75.88201546669006,4.0,400.0,1807.0,0.8960907459259033,0.9999991655349731,0.0009999982462212,0.001,False,128.0,128.0,,,SGD
train,,,,,,,75.91481685638428,4.0,401.0,1808.0,0.7636410593986511,0.999999225139618,0.0009999996516818,0.001,False,128.0,128.0,,,SGD
train,,,,,,,75.9470145702362,4.0,402.0,1809.0,0.8533222675323486,0.999999225139618,0.0009999994124841,0.001,False,128.0,128.0,,,SGD
train,,,,,,,75.98007822036743,4.0,403.0,1810.0,0.9548292756080629,0.9999992847442628,0.001000001394398,0.001,False,128.0,128.0,,,SGD
train,,,,,,,76.01369023323059,4.0,404.0,1811.0,0.8278489112854004,0.9999992847442628,0.0009999993611363,0.001,False,128.0,128.0,,,SGD
train,,,,,,,76.04617834091187,4.0,405.0,1812.0,0.827958881855011,0.9999992847442628,0.0010000017148356,0.001,False,128.0,128.0,,,SGD
train,,,,,,,76.07826733589172,4.0,406.0,1813.0,0.8602718114852905,0.9999991655349731,0.0009999975188848,0.001,False,128.0,128.0,,,SGD
train,,,,,,,76.10776448249817,4.0,407.0,1814.0,0.8142042756080627,0.9999992847442628,0.0009999995699138,0.001,False,128.0,128.0,,,SGD
train,,,,,,,76.14151310920715,4.0,408.0,1815.0,0.8335263133049011,0.9999991059303284,0.0010000007300135,0.001,False,128.0,128.0,,,SGD
train,,,,,,,76.17452669143677,4.0,409.0,1816.0,0.8640754222869873,0.999999225139618,0.0010000001747079,0.001,False,128.0,128.0,,,SGD
train,,,,,,,76.20746350288391,4.0,410.0,1817.0,0.8695302605628967,0.9999992847442628,0.0010000010863947,0.001,False,128.0,128.0,,,SGD
train,,,,,,,76.23853182792664,4.0,411.0,1818.0,0.8685053586959839,0.9999991655349731,0.0009999985668264,0.001,False,128.0,128.0,,,SGD
train,,,,,,,76.27752184867859,4.0,412.0,1819.0,0.852538526058197,0.9999992847442628,0.0009999994074881,0.001,False,128.0,128.0,,,SGD
train,,,,,,,76.3221423625946,4.0,413.0,1820.0,0.8991061449050903,0.9999993443489076,0.0010000005075527,0.001,False,128.0,128.0,,,SGD
train,,,,,,,76.35993146896362,4.0,414.0,1821.0,0.9032543301582336,0.9999991059303284,0.001000001582525,0.001,False,128.0,128.0,,,SGD
train,,,,,,,76.39341163635254,4.0,415.0,1822.0,0.8352016806602478,0.999999225139618,0.0009999996321419,0.001,False,128.0,128.0,,,SGD
train,,,,,,,76.42791962623596,4.0,416.0,1823.0,0.8082830905914307,0.9999992847442628,0.0009999996269793,0.001,False,128.0,128.0,,,SGD
train,,,,,,,76.46332693099976,4.0,417.0,1824.0,0.9479008316993712,0.999999225139618,0.0009999994613617,0.001,False,128.0,128.0,,,SGD
train,,,,,,,76.50089144706726,4.0,418.0,1825.0,0.8917976021766663,0.9999992847442628,0.0009999989277048,0.001,False,128.0,128.0,,,SGD
train,,,,,,,76.54232883453369,4.0,419.0,1826.0,0.8531846404075623,0.999999225139618,0.0009999986869249,0.001,False,128.0,128.0,,,SGD
train,,,,,,,76.57864117622375,4.0,420.0,1827.0,0.8898823857307434,0.9999992847442628,0.0010000006125797,0.001,False,128.0,128.0,,,SGD
train,,,,,,,76.61053276062012,4.0,421.0,1828.0,0.8613373041152954,0.999999225139618,0.0010000007353703,0.001,False,128.0,128.0,,,SGD
train,,,,,,,76.64691495895386,4.0,422.0,1829.0,0.9025707244873048,0.9999992847442628,0.0009999991012051,0.001,False,128.0,128.0,,,SGD
train,,,,,,,76.67695927619934,4.0,423.0,1830.0,0.8635015487670898,0.9999991655349731,0.0009999993826746,0.001,False,128.0,128.0,,,SGD
train,,,,,,,76.72270464897156,4.0,424.0,1831.0,0.941242516040802,0.9999992847442628,0.0009999993165608,0.001,False,128.0,128.0,,,SGD
train,,,,,,,76.76701784133911,4.0,425.0,1832.0,0.8418871164321899,0.9999992847442628,0.0010000012782688,0.001,False,128.0,128.0,,,SGD
train,,,,,,,76.80195498466492,4.0,426.0,1833.0,0.8287860155105591,0.9999991655349731,0.0009999973575135,0.001,False,128.0,128.0,,,SGD
train,,,,,,,76.83560276031494,4.0,427.0,1834.0,0.8245102763175964,0.999999225139618,0.0009999965952321,0.001,False,128.0,128.0,,,SGD
train,,,,,,,76.86916446685791,4.0,428.0,1835.0,0.8253179788589478,0.999999225139618,0.0009999991152772,0.001,False,128.0,128.0,,,SGD
train,,,,,,,76.90594673156738,4.0,429.0,1836.0,0.804444432258606,0.999999225139618,0.0009999969891405,0.001,False,128.0,128.0,,,SGD
train,,,,,,,76.94074749946594,4.0,430.0,1837.0,0.8226068019866943,0.9999990463256836,0.0009999992759821,0.001,False,128.0,128.0,,,SGD
train,,,,,,,76.97797393798828,4.0,431.0,1838.0,0.852290153503418,0.9999992847442628,0.0009999994519526,0.001,False,128.0,128.0,,,SGD
train,,,,,,,77.00940346717834,4.0,432.0,1839.0,0.8852516412734985,0.999999225139618,0.0009999986525912,0.001,False,128.0,128.0,,,SGD
train,,,,,,,77.04669713973999,4.0,433.0,1840.0,0.7886200547218323,0.9999992847442628,0.0010000009313522,0.001,False,128.0,128.0,,,SGD
train,,,,,,,77.0769031047821,4.0,434.0,1841.0,0.8238900899887085,0.9999990463256836,0.0009999979655563,0.001,False,128.0,128.0,,,SGD
train,,,,,,,77.11142015457153,4.0,435.0,1842.0,0.88969886302948,0.9999991059303284,0.0009999996278397,0.001,False,128.0,128.0,,,SGD
train,,,,,,,77.14480686187744,4.0,436.0,1843.0,0.823495626449585,0.9999991655349731,0.0009999987579515,0.001,False,128.0,128.0,,,SGD
train,,,,,,,77.18483018875122,4.0,437.0,1844.0,0.8465098142623901,0.9999994039535522,0.0009999996353338,0.001,False,128.0,128.0,,,SGD
train,,,,,,,77.21872782707214,4.0,438.0,1845.0,0.8921670317649841,0.9999992847442628,0.0009999994858144,0.001,False,128.0,128.0,,,SGD
train,,,,,,,77.26035523414612,4.0,439.0,1846.0,0.8826434016227722,0.999999225139618,0.0010000000292409,0.001,False,128.0,128.0,,,SGD
train,,,,,,,77.29122877120972,4.0,440.0,1847.0,0.8430145978927612,0.999999225139618,0.0009999970422093,0.001,False,128.0,128.0,,,SGD
train,,,,,,,77.32817697525024,4.0,441.0,1848.0,0.840064287185669,0.9999992847442628,0.0009999997924859,0.001,False,128.0,128.0,,,SGD
train,,,,,,,77.36561417579651,4.0,442.0,1849.0,0.8740265965461731,0.9999992847442628,0.0009999965817428,0.001,False,128.0,128.0,,,SGD
train,,,,,,,77.40831637382507,4.0,443.0,1850.0,0.8374517560005188,0.9999991655349731,0.0009999996826015,0.001,False,128.0,128.0,,,SGD
train,,,,,,,77.45610070228577,4.0,444.0,1851.0,0.7689006328582764,0.999999225139618,0.000999999506298,0.001,False,128.0,128.0,,,SGD
train,,,,,,,77.49451065063477,4.0,445.0,1852.0,0.8455509543418884,0.999999225139618,0.0010000000041499,0.001,False,128.0,128.0,,,SGD
train,,,,,,,77.5281822681427,4.0,446.0,1853.0,0.8560312390327454,0.999999225139618,0.0009999983729257,0.001,False,128.0,128.0,,,SGD
train,,,,,,,77.56698822975159,4.0,447.0,1854.0,0.8151201605796814,0.9999991059303284,0.00099999910065,0.001,False,128.0,128.0,,,SGD
train,,,,,,,77.60193872451782,4.0,448.0,1855.0,0.7878090739250183,0.9999992847442628,0.0009999995126818,0.001,False,128.0,128.0,,,SGD
train,,,,,,,77.64137935638428,4.0,449.0,1856.0,0.7661306262016296,0.999999225139618,0.0010000008398977,0.001,False,128.0,128.0,,,SGD
train,,,,,,,77.67449378967285,4.0,450.0,1857.0,0.8947593569755554,0.9999991655349731,0.0010000002304411,0.001,False,128.0,128.0,,,SGD
train,,,,,,,77.70538520812988,4.0,451.0,1858.0,0.967992663383484,0.999999225139618,0.0009999978645536,0.001,False,128.0,128.0,,,SGD
train,,,,,,,77.75195145606995,4.0,452.0,1859.0,0.885431706905365,0.9999992847442628,0.0009999978740182,0.001,False,128.0,128.0,,,SGD
train,,,,,,,77.7902500629425,4.0,453.0,1860.0,0.9189337491989136,0.9999992847442628,0.0009999991978779,0.001,False,128.0,128.0,,,SGD
train,,,,,,,77.8317620754242,4.0,454.0,1861.0,0.8447403311729431,0.9999991655349731,0.0009999990016735,0.001,False,128.0,128.0,,,SGD
train,,,,,,,77.87299370765686,4.0,455.0,1862.0,0.8456087112426758,0.9999992847442628,0.000999999181169,0.001,False,128.0,128.0,,,SGD
train,,,,,,,77.91267466545105,4.0,456.0,1863.0,0.8679680824279785,0.9999992847442628,0.0009999989643978,0.001,False,128.0,128.0,,,SGD
train,,,,,,,77.94826865196228,4.0,457.0,1864.0,0.8686726689338684,0.9999992847442628,0.0009999998953203,0.001,False,128.0,128.0,,,SGD
train,,,,,,,77.98206949234009,4.0,458.0,1865.0,0.7615059614181519,0.9999991655349731,0.0010000005515452,0.001,False,128.0,128.0,,,SGD
train,,,,,,,78.01411032676697,4.0,459.0,1866.0,0.8954090476036072,0.9999991655349731,0.0010000002628041,0.001,False,128.0,128.0,,,SGD
train,,,,,,,78.04511213302612,4.0,460.0,1867.0,0.8153467774391174,0.9999992847442628,0.0010000003241439,0.001,False,128.0,128.0,,,SGD
train,,,,,,,78.07986235618591,4.0,461.0,1868.0,0.8160536289215088,0.9999991655349731,0.0010000003179822,0.001,False,128.0,128.0,,,SGD
train,,,,,,,78.12226819992065,4.0,462.0,1869.0,0.9333023428916932,0.9999991655349731,0.0009999996512099,0.001,False,128.0,128.0,,,SGD
train,,,,,,,78.16630339622498,4.0,463.0,1870.0,0.7994502186775208,0.9999992847442628,0.0009999969871976,0.001,False,128.0,128.0,,,SGD
train,,,,,,,78.21209526062012,4.0,464.0,1871.0,0.7707487940788269,0.999999225139618,0.0009999990175497,0.001,False,128.0,128.0,,,SGD
train,,,,,,,78.25638341903687,4.0,465.0,1872.0,0.8700698614120483,0.9999992847442628,0.0010000015515498,0.001,False,128.0,128.0,,,SGD
train,,,,,,,78.28920602798462,4.0,466.0,1873.0,0.8284995555877686,0.9999991655349731,0.0009999975790036,0.001,False,128.0,128.0,,,SGD
train,,,,,,,78.33357524871826,4.0,467.0,1874.0,0.7303051948547363,0.9999991655349731,0.001000000561787,0.001,False,128.0,128.0,,,SGD
train,,,,,,,78.37951374053955,4.0,468.0,1875.0,0.8252013921737671,0.999999225139618,0.0010000006901565,0.001,False,128.0,128.0,,,SGD
train,,,,,,,78.41935229301453,4.0,469.0,1876.0,0.8305280208587646,0.9999991655349731,0.0009999990518279,0.001,False,128.0,128.0,,,SGD
eval,,,,,,,80.6438422203064,4.0,,1876.0,,,,,False,128.0,128.0,0.822141069984436,0.838,SGD
train,,,,,,,80.69331097602844,5.0,1.0,1877.0,0.7877113223075867,0.999999225139618,0.0009999982098059,0.001,False,128.0,128.0,,,SGD
train,,,,,,,80.73268675804138,5.0,2.0,1878.0,0.9227477312088012,0.9999992847442628,0.0009999986589195,0.001,False,128.0,128.0,,,SGD
train,,,,,,,80.77647566795349,5.0,3.0,1879.0,0.7844002842903137,0.9999991655349731,0.0009999992525009,0.001,False,128.0,128.0,,,SGD
train,,,,,,,80.81498646736145,5.0,4.0,1880.0,0.8300272226333618,0.9999992847442628,0.0009999986848155,0.001,False,128.0,128.0,,,SGD
train,,,,,,,80.87777328491211,5.0,5.0,1881.0,0.7559590935707092,0.9999991059303284,0.0009999987935898,0.001,False,128.0,128.0,,,SGD
train,,,,,,,80.91673159599304,5.0,6.0,1882.0,0.827165961265564,0.9999990463256836,0.0009999980633394,0.001,False,128.0,128.0,,,SGD
train,,,,,,,80.95539498329163,5.0,7.0,1883.0,0.8228667974472046,0.999999225139618,0.0009999977452876,0.001,False,128.0,128.0,,,SGD
train,,,,,,,81.00438714027405,5.0,8.0,1884.0,0.8780196309089661,0.9999993443489076,0.0009999983534967,0.001,False,128.0,128.0,,,SGD
train,,,,,,,81.29917526245117,5.0,9.0,1885.0,0.8641617298126221,0.9999991655349731,0.0010000011350502,0.001,False,128.0,128.0,,,SGD
train,,,,,,,81.33398175239563,5.0,10.0,1886.0,0.7514922618865967,0.9999994039535522,0.0009999992272988,0.001,False,128.0,128.0,,,SGD
train,,,,,,,81.3696882724762,5.0,11.0,1887.0,0.9206993579864502,0.999999225139618,0.0009999985854227,0.001,False,128.0,128.0,,,SGD
train,,,,,,,81.40982484817505,5.0,12.0,1888.0,1.0071827173233032,0.9999992847442628,0.0009999985504506,0.001,False,128.0,128.0,,,SGD
train,,,,,,,81.44963550567627,5.0,13.0,1889.0,0.8104766607284546,0.9999991655349731,0.0009999979881217,0.001,False,128.0,128.0,,,SGD
train,,,,,,,81.48958659172058,5.0,14.0,1890.0,0.9110358953475952,0.999999225139618,0.0010000001614407,0.001,False,128.0,128.0,,,SGD
train,,,,,,,81.5224757194519,5.0,15.0,1891.0,0.8919592499732971,0.9999991655349731,0.0009999988140179,0.001,False,128.0,128.0,,,SGD
train,,,,,,,81.56545734405518,5.0,16.0,1892.0,0.898389458656311,0.999999225139618,0.0009999988278402,0.001,False,128.0,128.0,,,SGD
train,,,,,,,81.59651684761047,5.0,17.0,1893.0,0.6827353239059448,0.9999992847442628,0.0009999997068599,0.001,False,128.0,128.0,,,SGD
train,,,,,,,81.62960290908813,5.0,18.0,1894.0,0.8489962816238403,0.9999992847442628,0.0010000002117893,0.001,False,128.0,128.0,,,SGD
train,,,,,,,81.66201591491699,5.0,19.0,1895.0,0.7771645784378052,0.9999991655349731,0.0009999982949879,0.001,False,128.0,128.0,,,SGD
train,,,,,,,81.69818782806396,5.0,20.0,1896.0,0.858174741268158,0.9999991655349731,0.0009999997714194,0.001,False,128.0,128.0,,,SGD
train,,,,,,,81.73126554489136,5.0,21.0,1897.0,0.8676466345787048,0.9999992847442628,0.0009999988882919,0.001,False,128.0,128.0,,,SGD
train,,,,,,,81.76640224456787,5.0,22.0,1898.0,0.8603906631469727,0.9999992847442628,0.0009999980675583,0.001,False,128.0,128.0,,,SGD
train,,,,,,,81.7992901802063,5.0,23.0,1899.0,0.8245334029197693,0.9999991655349731,0.0009999985533372,0.001,False,128.0,128.0,,,SGD
train,,,,,,,81.83448100090027,5.0,24.0,1900.0,0.7865249514579773,0.9999992847442628,0.0010000011307481,0.001,False,128.0,128.0,,,SGD
train,,,,,,,81.86476397514343,5.0,25.0,1901.0,0.7587684392929077,0.999999225139618,0.0009999993165608,0.001,False,128.0,128.0,,,SGD
train,,,,,,,81.8964831829071,5.0,26.0,1902.0,0.8724736571311951,0.9999992847442628,0.0009999996038589,0.001,False,128.0,128.0,,,SGD
train,,,,,,,81.93034195899963,5.0,27.0,1903.0,0.8844537734985352,0.9999991655349731,0.0009999983636553,0.001,False,128.0,128.0,,,SGD
train,,,,,,,81.96144223213196,5.0,28.0,1904.0,0.7070020437240601,0.999999225139618,0.0009999985119258,0.001,False,128.0,128.0,,,SGD
train,,,,,,,81.99378943443298,5.0,29.0,1905.0,0.9180614948272704,0.999999225139618,0.0009999996424669,0.001,False,128.0,128.0,,,SGD
train,,,,,,,82.02596831321716,5.0,30.0,1906.0,0.7654250264167786,0.9999992847442628,0.0009999991730921,0.001,False,128.0,128.0,,,SGD
train,,,,,,,82.06239342689514,5.0,31.0,1907.0,0.914361834526062,0.9999990463256836,0.0009999980805479,0.001,False,128.0,128.0,,,SGD
train,,,,,,,82.09841823577881,5.0,32.0,1908.0,0.8708873987197876,0.999999225139618,0.0009999985075404,0.001,False,128.0,128.0,,,SGD
train,,,,,,,82.12855100631714,5.0,33.0,1909.0,0.8954629302024841,0.999999225139618,0.00099999901025,0.001,False,128.0,128.0,,,SGD
train,,,,,,,82.15924024581909,5.0,34.0,1910.0,0.8902897238731384,0.9999992847442628,0.0009999982710625,0.001,False,128.0,128.0,,,SGD
train,,,,,,,82.18825912475586,5.0,35.0,1911.0,0.852786123752594,0.9999991059303284,0.0010000015650945,0.001,False,128.0,128.0,,,SGD
train,,,,,,,82.21686744689941,5.0,36.0,1912.0,0.7213783264160156,0.9999993443489076,0.0009999985396814,0.001,False,128.0,128.0,,,SGD
train,,,,,,,82.2464804649353,5.0,37.0,1913.0,0.8107364773750305,0.999999225139618,0.0009999981458291,0.001,False,128.0,128.0,,,SGD
train,,,,,,,82.27402377128601,5.0,38.0,1914.0,0.8078720569610596,0.9999992847442628,0.0009999998708121,0.001,False,128.0,128.0,,,SGD
train,,,,,,,82.3309314250946,5.0,39.0,1915.0,0.8740355372428894,0.9999991655349731,0.0009999995943388,0.001,False,128.0,128.0,,,SGD
train,,,,,,,82.36543536186218,5.0,40.0,1916.0,0.7766051888465881,0.9999991655349731,0.000999999717074,0.001,False,128.0,128.0,,,SGD
train,,,,,,,82.39623975753784,5.0,41.0,1917.0,0.8221415281295776,0.999999225139618,0.0009999984936626,0.001,False,128.0,128.0,,,SGD
train,,,,,,,82.43090867996216,5.0,42.0,1918.0,0.8198509216308594,0.9999993443489076,0.0010000010202255,0.001,False,128.0,128.0,,,SGD
train,,,,,,,82.46417665481567,5.0,43.0,1919.0,0.7851440906524658,0.9999992847442628,0.0010000010225292,0.001,False,128.0,128.0,,,SGD
train,,,,,,,82.49564218521118,5.0,44.0,1920.0,0.8490481972694397,0.9999993443489076,0.0010000006894071,0.001,False,128.0,128.0,,,SGD
train,,,,,,,82.53194785118103,5.0,45.0,1921.0,0.7845526933670044,0.9999992847442628,0.0010000005220133,0.001,False,128.0,128.0,,,SGD
train,,,,,,,82.56022500991821,5.0,46.0,1922.0,0.8691903948783875,0.9999991059303284,0.0009999978855091,0.001,False,128.0,128.0,,,SGD
train,,,,,,,82.5892927646637,5.0,47.0,1923.0,0.7763177752494812,0.9999991655349731,0.0010000000278809,0.001,False,128.0,128.0,,,SGD
train,,,,,,,82.62879300117493,5.0,48.0,1924.0,0.8224236965179443,0.9999991655349731,0.0010000001714883,0.001,False,128.0,128.0,,,SGD
train,,,,,,,82.66774201393127,5.0,49.0,1925.0,0.8098726868629456,0.9999990463256836,0.0009999993376551,0.001,False,128.0,128.0,,,SGD
train,,,,,,,82.69890284538269,5.0,50.0,1926.0,0.8007717132568359,0.9999992847442628,0.0009999983170258,0.001,False,128.0,128.0,,,SGD
train,,,,,,,82.7323067188263,5.0,51.0,1927.0,0.7843490242958069,0.9999991655349731,0.001000001161418,0.001,False,128.0,128.0,,,SGD
train,,,,,,,82.7645173072815,5.0,52.0,1928.0,0.7825881242752075,0.9999991059303284,0.0010000005411369,0.001,False,128.0,128.0,,,SGD
train,,,,,,,82.79664182662964,5.0,53.0,1929.0,0.8880066275596619,0.9999991655349731,0.0009999988843228,0.001,False,128.0,128.0,,,SGD
train,,,,,,,82.8346996307373,5.0,54.0,1930.0,0.8572269678115845,0.9999991059303284,0.0010000003431842,0.001,False,128.0,128.0,,,SGD
train,,,,,,,82.8714210987091,5.0,55.0,1931.0,0.8283830881118774,0.999999225139618,0.0010000004472398,0.001,False,128.0,128.0,,,SGD
train,,,,,,,82.90390539169312,5.0,56.0,1932.0,0.8497299551963806,0.9999991655349731,0.0009999991497497,0.001,False,128.0,128.0,,,SGD
train,,,,,,,82.93574500083923,5.0,57.0,1933.0,0.8138898611068726,0.9999994039535522,0.0010000004063004,0.001,False,128.0,128.0,,,SGD
train,,,,,,,82.97293066978455,5.0,58.0,1934.0,0.8409174084663391,0.9999991655349731,0.0009999987944224,0.001,False,128.0,128.0,,,SGD
train,,,,,,,83.00882339477539,5.0,59.0,1935.0,0.8308233022689819,0.9999991655349731,0.0010000011859539,0.001,False,128.0,128.0,,,SGD
train,,,,,,,83.03910231590271,5.0,60.0,1936.0,0.8280892968177795,0.999999225139618,0.0010000008556628,0.001,False,128.0,128.0,,,SGD
train,,,,,,,83.07206320762634,5.0,61.0,1937.0,0.7584759593009949,0.999999225139618,0.0010000012378012,0.001,False,128.0,128.0,,,SGD
train,,,,,,,83.10424566268921,5.0,62.0,1938.0,0.913205623626709,0.9999991655349731,0.0009999997956222,0.001,False,128.0,128.0,,,SGD
train,,,,,,,83.1364963054657,5.0,63.0,1939.0,0.9069763422012328,0.9999991655349731,0.0009999997103016,0.001,False,128.0,128.0,,,SGD
train,,,,,,,83.16611576080322,5.0,64.0,1940.0,0.7633249759674072,0.999999225139618,0.0009999986480393,0.001,False,128.0,128.0,,,SGD
train,,,,,,,83.20460247993469,5.0,65.0,1941.0,0.78745037317276,0.9999992847442628,0.0009999972278946,0.001,False,128.0,128.0,,,SGD
train,,,,,,,83.23744368553162,5.0,66.0,1942.0,0.904300570487976,0.9999991059303284,0.0010000005083298,0.001,False,128.0,128.0,,,SGD
train,,,,,,,83.26962733268738,5.0,67.0,1943.0,0.857978880405426,0.9999991059303284,0.0010000000919685,0.001,False,128.0,128.0,,,SGD
train,,,,,,,83.306565284729,5.0,68.0,1944.0,0.7976150512695312,0.999999225139618,0.000999997423683,0.001,False,128.0,128.0,,,SGD
train,,,,,,,83.33979773521423,5.0,69.0,1945.0,0.7559195756912231,0.999999225139618,0.0010000014499923,0.001,False,128.0,128.0,,,SGD
train,,,,,,,83.37805247306824,5.0,70.0,1946.0,0.7818511724472046,0.999999225139618,0.000999999025016,0.001,False,128.0,128.0,,,SGD
train,,,,,,,83.4142234325409,5.0,71.0,1947.0,0.8355386257171631,0.999999225139618,0.0009999996677245,0.001,False,128.0,128.0,,,SGD
train,,,,,,,83.45358872413635,5.0,72.0,1948.0,0.7994227409362793,0.9999992847442628,0.0010000001166155,0.001,False,128.0,128.0,,,SGD
train,,,,,,,83.49929451942444,5.0,73.0,1949.0,0.85822594165802,0.9999994039535522,0.0009999980982837,0.001,False,128.0,128.0,,,SGD
train,,,,,,,83.53408074378967,5.0,74.0,1950.0,0.8084556460380554,0.9999991655349731,0.0010000008329588,0.001,False,128.0,128.0,,,SGD
train,,,,,,,83.57204508781433,5.0,75.0,1951.0,0.8277740478515625,0.999999225139618,0.001000002079793,0.001,False,128.0,128.0,,,SGD
train,,,,,,,83.61456298828125,5.0,76.0,1952.0,0.8831459879875183,0.9999991059303284,0.0009999981046675,0.001,False,128.0,128.0,,,SGD
train,,,,,,,83.67121767997742,5.0,77.0,1953.0,0.9760488867759703,0.9999990463256836,0.00099999846488,0.001,False,128.0,128.0,,,SGD
train,,,,,,,83.71586012840271,5.0,78.0,1954.0,0.775858461856842,0.999999225139618,0.0010000007287367,0.001,False,128.0,128.0,,,SGD
train,,,,,,,83.75259566307068,5.0,79.0,1955.0,0.8148042559623718,0.999999225139618,0.0009999984875564,0.001,False,128.0,128.0,,,SGD
train,,,,,,,83.78412055969238,5.0,80.0,1956.0,0.8281397223472595,0.9999993443489076,0.0009999978311358,0.001,False,128.0,128.0,,,SGD
train,,,,,,,83.81621599197388,5.0,81.0,1957.0,0.7938176989555359,0.999999225139618,0.0009999963750741,0.001,False,128.0,128.0,,,SGD
train,,,,,,,83.8520679473877,5.0,82.0,1958.0,0.8718300461769104,0.9999990463256836,0.0010000003346355,0.001,False,128.0,128.0,,,SGD
train,,,,,,,83.88245582580566,5.0,83.0,1959.0,0.8052995204925537,0.9999992847442628,0.0009999987632251,0.001,False,128.0,128.0,,,SGD
train,,,,,,,83.91153240203857,5.0,84.0,1960.0,0.9133096933364868,0.9999991655349731,0.0010000003781007,0.001,False,128.0,128.0,,,SGD
train,,,,,,,83.94786596298218,5.0,85.0,1961.0,0.779699444770813,0.9999991655349731,0.0010000002836763,0.001,False,128.0,128.0,,,SGD
train,,,,,,,83.98490881919861,5.0,86.0,1962.0,0.8675045967102051,0.999999225139618,0.0009999980367218,0.001,False,128.0,128.0,,,SGD
train,,,,,,,84.01593685150146,5.0,87.0,1963.0,0.7932454943656921,0.9999991655349731,0.0010000010367678,0.001,False,128.0,128.0,,,SGD
train,,,,,,,84.0594425201416,5.0,88.0,1964.0,0.8279881477355957,0.999999225139618,0.0009999992139484,0.001,False,128.0,128.0,,,SGD
train,,,,,,,84.1002414226532,5.0,89.0,1965.0,0.8910113573074341,0.9999990463256836,0.0010000015729216,0.001,False,128.0,128.0,,,SGD
train,,,,,,,84.14069437980652,5.0,90.0,1966.0,0.7654776573181152,0.999999225139618,0.0009999989405279,0.001,False,128.0,128.0,,,SGD
train,,,,,,,84.17343950271606,5.0,91.0,1967.0,0.8068230152130127,0.9999991059303284,0.0009999988264801,0.001,False,128.0,128.0,,,SGD
train,,,,,,,84.21217107772827,5.0,92.0,1968.0,0.7698132395744324,0.9999991059303284,0.0009999985643284,0.001,False,128.0,128.0,,,SGD
train,,,,,,,84.24798464775085,5.0,93.0,1969.0,0.8503760695457458,0.9999995231628418,0.0009999979112941,0.001,False,128.0,128.0,,,SGD
train,,,,,,,84.49509501457214,5.0,94.0,1970.0,0.8550339341163635,0.9999991655349731,0.0009999984885556,0.001,False,128.0,128.0,,,SGD
train,,,,,,,84.52727222442627,5.0,95.0,1971.0,0.7372272610664368,0.9999993443489076,0.0009999994746567,0.001,False,128.0,128.0,,,SGD
train,,,,,,,84.55545496940613,5.0,96.0,1972.0,0.8282471299171448,0.9999991655349731,0.0010000001534749,0.001,False,128.0,128.0,,,SGD
train,,,,,,,84.58800148963928,5.0,97.0,1973.0,0.759044349193573,0.9999991655349731,0.0009999989669235,0.001,False,128.0,128.0,,,SGD
train,,,,,,,84.62733459472656,5.0,98.0,1974.0,0.8086110949516296,0.9999990463256836,0.0009999959182988,0.001,False,128.0,128.0,,,SGD
train,,,,,,,84.66243267059326,5.0,99.0,1975.0,0.8475086092948914,0.9999991059303284,0.0009999984500863,0.001,False,128.0,128.0,,,SGD
train,,,,,,,84.70213508605957,5.0,100.0,1976.0,0.8143548965454102,0.9999991655349731,0.0009999993195584,0.001,False,128.0,128.0,,,SGD
train,,,,,,,84.7319483757019,5.0,101.0,1977.0,0.8098262548446655,0.9999992847442628,0.0010000003889531,0.001,False,128.0,128.0,,,SGD
train,,,,,,,84.76607179641724,5.0,102.0,1978.0,0.840036928653717,0.9999991655349731,0.0010000009969941,0.001,False,128.0,128.0,,,SGD
train,,,,,,,84.80254054069519,5.0,103.0,1979.0,0.7494307160377502,0.9999991059303284,0.0010000007497477,0.001,False,128.0,128.0,,,SGD
train,,,,,,,84.83394241333008,5.0,104.0,1980.0,0.8010300397872925,0.9999991655349731,0.0009999988303382,0.001,False,128.0,128.0,,,SGD
train,,,,,,,84.86383724212646,5.0,105.0,1981.0,0.8407456278800964,0.9999992847442628,0.0009999991492501,0.001,False,128.0,128.0,,,SGD
train,,,,,,,84.89854955673218,5.0,106.0,1982.0,0.8318000435829163,0.9999991059303284,0.001000000893799,0.001,False,128.0,128.0,,,SGD
train,,,,,,,84.93389987945557,5.0,107.0,1983.0,0.9585033059120178,0.9999991655349731,0.0009999988657543,0.001,False,128.0,128.0,,,SGD
train,,,,,,,84.96807813644409,5.0,108.0,1984.0,0.893333911895752,0.9999992847442628,0.0009999995626974,0.001,False,128.0,128.0,,,SGD
train,,,,,,,85.00308346748352,5.0,109.0,1985.0,0.806139349937439,0.9999991655349731,0.0009999996569554,0.001,False,128.0,128.0,,,SGD
train,,,,,,,85.03339576721191,5.0,110.0,1986.0,0.9045782089233398,0.9999991655349731,0.0009999971378275,0.001,False,128.0,128.0,,,SGD
train,,,,,,,85.06541180610657,5.0,111.0,1987.0,0.7695490717887878,0.9999992847442628,0.0010000003171772,0.001,False,128.0,128.0,,,SGD
train,,,,,,,85.09553909301758,5.0,112.0,1988.0,0.9104591012001038,0.9999991059303284,0.0010000025826118,0.001,False,128.0,128.0,,,SGD
train,,,,,,,85.12514972686768,5.0,113.0,1989.0,0.7901396155357361,0.999999225139618,0.0010000009770101,0.001,False,128.0,128.0,,,SGD
train,,,,,,,85.15402960777283,5.0,114.0,1990.0,0.8325799703598022,0.9999991655349731,0.0010000000181665,0.001,False,128.0,128.0,,,SGD
train,,,,,,,85.1843330860138,5.0,115.0,1991.0,0.7933135032653809,0.9999994039535522,0.0009999995875386,0.001,False,128.0,128.0,,,SGD
train,,,,,,,85.21509623527527,5.0,116.0,1992.0,0.7693118453025818,0.9999991655349731,0.0009999990694805,0.001,False,128.0,128.0,,,SGD
train,,,,,,,85.24515390396118,5.0,117.0,1993.0,0.8261522650718689,0.9999991655349731,0.0010000001981614,0.001,False,128.0,128.0,,,SGD
train,,,,,,,85.27728319168091,5.0,118.0,1994.0,0.7751500606536865,0.9999991655349731,0.0009999993447327,0.001,False,128.0,128.0,,,SGD
train,,,,,,,85.3076982498169,5.0,119.0,1995.0,0.730433464050293,0.9999991655349731,0.0009999987792123,0.001,False,128.0,128.0,,,SGD
train,,,,,,,85.33930945396423,5.0,120.0,1996.0,0.7795350551605225,0.9999991655349731,0.0010000003075183,0.001,False,128.0,128.0,,,SGD
train,,,,,,,85.3713629245758,5.0,121.0,1997.0,0.7714956402778625,0.9999992847442628,0.0009999991642658,0.001,False,128.0,128.0,,,SGD
train,,,,,,,85.40034890174866,5.0,122.0,1998.0,0.7725940942764282,0.9999992847442628,0.0009999986800138,0.001,False,128.0,128.0,,,SGD
train,,,,,,,85.43116116523743,5.0,123.0,1999.0,0.8019800782203674,0.9999991059303284,0.0009953592098483,0.001,False,128.0,128.0,,,SGD
train,,,,,,,85.46014261245728,5.0,124.0,2000.0,0.7691068649291992,0.9953590035438538,0.0009999996638387,0.001,False,128.0,128.0,,,SGD
train,,,,,,,85.49169921875,5.0,125.0,2001.0,0.7558512091636658,0.9999993443489076,0.0009999991480843,0.001,False,128.0,128.0,,,SGD
train,,,,,,,85.52849912643433,5.0,126.0,2002.0,0.8439786434173584,0.999999225139618,0.0009999994233643,0.001,False,128.0,128.0,,,SGD
train,,,,,,,85.56749963760376,5.0,127.0,2003.0,0.6892910003662109,0.9999990463256836,0.0009999978744623,0.001,False,128.0,128.0,,,SGD
train,,,,,,,85.59758305549622,5.0,128.0,2004.0,0.7175899147987366,0.9999991655349731,0.0009999984015695,0.001,False,128.0,128.0,,,SGD
train,,,,,,,85.6268675327301,5.0,129.0,2005.0,0.8094132542610168,0.9999991655349731,0.0009999994697162,0.001,False,128.0,128.0,,,SGD
train,,,,,,,85.66219639778137,5.0,130.0,2006.0,0.8112370371818542,0.9999991655349731,0.0010000002909205,0.001,False,128.0,128.0,,,SGD
train,,,,,,,85.69742774963379,5.0,131.0,2007.0,0.8845393657684326,0.9999992847442628,0.0009999983652651,0.001,False,128.0,128.0,,,SGD
train,,,,,,,85.74068093299866,5.0,132.0,2008.0,0.7176102995872498,0.9999991655349731,0.0009999985943045,0.001,False,128.0,128.0,,,SGD
train,,,,,,,85.77750158309937,5.0,133.0,2009.0,0.8128170967102051,0.999999225139618,0.0010000012321946,0.001,False,128.0,128.0,,,SGD
train,,,,,,,85.81599378585815,5.0,134.0,2010.0,0.6988077759742737,0.9999992847442628,0.0009999994562269,0.001,False,128.0,128.0,,,SGD
train,,,,,,,85.84760403633118,5.0,135.0,2011.0,0.8155279755592346,0.9999991059303284,0.0009999991933815,0.001,False,128.0,128.0,,,SGD
train,,,,,,,85.87779426574707,5.0,136.0,2012.0,0.7112956643104553,0.9999991655349731,0.001000002804406,0.001,False,128.0,128.0,,,SGD
train,,,,,,,85.90976333618164,5.0,137.0,2013.0,0.8344630599021912,0.9999991655349731,0.0009999975446976,0.001,False,128.0,128.0,,,SGD
train,,,,,,,85.94215440750122,5.0,138.0,2014.0,0.8108425736427307,0.9999991655349731,0.0009999976443126,0.001,False,128.0,128.0,,,SGD
train,,,,,,,85.97546219825745,5.0,139.0,2015.0,0.8029980063438416,0.999999225139618,0.0009999998670374,0.001,False,128.0,128.0,,,SGD
train,,,,,,,86.00627517700195,5.0,140.0,2016.0,0.8313307166099548,0.9999991655349731,0.0009999997281762,0.001,False,128.0,128.0,,,SGD
train,,,,,,,86.0468008518219,5.0,141.0,2017.0,0.7618966698646545,0.999999225139618,0.0009999986671074,0.001,False,128.0,128.0,,,SGD
train,,,,,,,86.07923293113708,5.0,142.0,2018.0,0.7490494847297668,0.9999991655349731,0.0009999986162036,0.001,False,128.0,128.0,,,SGD
train,,,,,,,86.11106944084167,5.0,143.0,2019.0,0.7743303775787354,0.999999225139618,0.0010000010338535,0.001,False,128.0,128.0,,,SGD
train,,,,,,,86.14662981033325,5.0,144.0,2020.0,0.8443373441696167,0.9999993443489076,0.0009999992124773,0.001,False,128.0,128.0,,,SGD
train,,,,,,,86.17917704582214,5.0,145.0,2021.0,0.7637379765510559,0.9999993443489076,0.0009999980799373,0.001,False,128.0,128.0,,,SGD
train,,,,,,,86.20874857902527,5.0,146.0,2022.0,0.8168864250183105,0.9999991059303284,0.0009999976232461,0.001,False,128.0,128.0,,,SGD
train,,,,,,,86.23730373382568,5.0,147.0,2023.0,0.7805531620979309,0.9999993443489076,0.0010000009320739,0.001,False,128.0,128.0,,,SGD
train,,,,,,,86.2688136100769,5.0,148.0,2024.0,0.8104071021080017,0.999999225139618,0.001000003550307,0.001,False,128.0,128.0,,,SGD
train,,,,,,,86.29993867874146,5.0,149.0,2025.0,0.7559075951576233,0.999999225139618,0.0010000017931339,0.001,False,128.0,128.0,,,SGD
train,,,,,,,86.33420276641846,5.0,150.0,2026.0,0.9274120926856996,0.9999992847442628,0.0010000006516318,0.001,False,128.0,128.0,,,SGD
train,,,,,,,86.36506462097168,5.0,151.0,2027.0,0.7951356768608093,0.9999991655349731,0.0010000002427368,0.001,False,128.0,128.0,,,SGD
train,,,,,,,86.39972686767578,5.0,152.0,2028.0,0.7270686626434326,0.9999993443489076,0.0009999994946962,0.001,False,128.0,128.0,,,SGD
train,,,,,,,86.4333713054657,5.0,153.0,2029.0,0.745840847492218,0.999999225139618,0.0010000028163686,0.001,False,128.0,128.0,,,SGD
train,,,,,,,86.46227097511292,5.0,154.0,2030.0,0.8109557032585144,0.999999225139618,0.0010000002897825,0.001,False,128.0,128.0,,,SGD
train,,,,,,,86.4922411441803,5.0,155.0,2031.0,0.754654586315155,0.9999992847442628,0.0009999990835803,0.001,False,128.0,128.0,,,SGD
train,,,,,,,86.52382278442383,5.0,156.0,2032.0,0.7734780311584473,0.9999990463256836,0.0009999981953452,0.001,False,128.0,128.0,,,SGD
train,,,,,,,86.55351829528809,5.0,157.0,2033.0,0.7169798016548157,0.9999991655349731,0.0010000002012422,0.001,False,128.0,128.0,,,SGD
train,,,,,,,86.58499145507812,5.0,158.0,2034.0,0.6862491369247437,0.9999991059303284,0.0009999967258502,0.001,False,128.0,128.0,,,SGD
train,,,,,,,86.62292242050171,5.0,159.0,2035.0,0.7700226306915283,0.9999991655349731,0.0009999991780881,0.001,False,128.0,128.0,,,SGD
train,,,,,,,86.65361857414246,5.0,160.0,2036.0,0.863975465297699,0.999999225139618,0.0009999993207797,0.001,False,128.0,128.0,,,SGD
train,,,,,,,86.68841195106506,5.0,161.0,2037.0,0.84283846616745,0.9999991059303284,0.0009999985643839,0.001,False,128.0,128.0,,,SGD
train,,,,,,,86.72389817237854,5.0,162.0,2038.0,0.7555890083312988,0.999999225139618,0.0009999983241035,0.001,False,128.0,128.0,,,SGD
train,,,,,,,86.75686287879944,5.0,163.0,2039.0,0.8043929934501648,0.999999225139618,0.0009999996947585,0.001,False,128.0,128.0,,,SGD
train,,,,,,,86.78679966926575,5.0,164.0,2040.0,0.8013044595718384,0.9999992847442628,0.000999998883851,0.001,False,128.0,128.0,,,SGD
train,,,,,,,86.8201060295105,5.0,165.0,2041.0,0.8031718730926514,0.9999991655349731,0.0009999982280968,0.001,False,128.0,128.0,,,SGD
train,,,,,,,86.85210394859314,5.0,166.0,2042.0,0.7935054302215576,0.9999991655349731,0.0009999995476539,0.001,False,128.0,128.0,,,SGD
train,,,,,,,86.88349413871765,5.0,167.0,2043.0,0.8146432042121887,0.9999991655349731,0.0009999991647654,0.001,False,128.0,128.0,,,SGD
train,,,,,,,86.9153892993927,5.0,168.0,2044.0,0.8021280169487,0.9999991059303284,0.0009999982577398,0.001,False,128.0,128.0,,,SGD
train,,,,,,,86.94850754737854,5.0,169.0,2045.0,0.6927017569541931,0.9999991655349731,0.0009999980557899,0.001,False,128.0,128.0,,,SGD
train,,,,,,,86.98223209381104,5.0,170.0,2046.0,0.6666585206985474,0.9999990463256836,0.0009999978830943,0.001,False,128.0,128.0,,,SGD
train,,,,,,,87.02281022071838,5.0,171.0,2047.0,0.800796627998352,0.9999991655349731,0.000999998124041,0.001,False,128.0,128.0,,,SGD
train,,,,,,,87.06353569030762,5.0,172.0,2048.0,0.7310739755630493,0.9999991655349731,0.0009999987529278,0.001,False,128.0,128.0,,,SGD
train,,,,,,,87.09538006782532,5.0,173.0,2049.0,0.902738630771637,0.9999989867210388,0.0009999979080467,0.001,False,128.0,128.0,,,SGD
train,,,,,,,87.12776708602905,5.0,174.0,2050.0,0.8264411687850952,0.9999991655349731,0.0009999997018084,0.001,False,128.0,128.0,,,SGD
train,,,,,,,87.16285610198975,5.0,175.0,2051.0,0.7666314840316772,0.9999991059303284,0.0009999982172166,0.001,False,128.0,128.0,,,SGD
train,,,,,,,87.19825649261475,5.0,176.0,2052.0,0.766664445400238,0.999999225139618,0.0009999984278818,0.001,False,128.0,128.0,,,SGD
train,,,,,,,87.23415446281433,5.0,177.0,2053.0,0.8861116766929626,0.999999225139618,0.0009999998958199,0.001,False,128.0,128.0,,,SGD
train,,,,,,,87.26864504814148,5.0,178.0,2054.0,0.720239520072937,0.9999991655349731,0.0009999979181219,0.001,False,128.0,128.0,,,SGD
train,,,,,,,87.30611515045166,5.0,179.0,2055.0,0.8425436019897461,0.999999225139618,0.0010000000224963,0.001,False,128.0,128.0,,,SGD
train,,,,,,,87.34161400794983,5.0,180.0,2056.0,0.7640178799629211,0.9999991655349731,0.000999999577963,0.001,False,128.0,128.0,,,SGD
train,,,,,,,87.38222575187683,5.0,181.0,2057.0,0.8250738382339478,0.9999990463256836,0.0009999984554154,0.001,False,128.0,128.0,,,SGD
train,,,,,,,87.41642546653748,5.0,182.0,2058.0,0.7915149331092834,0.9999991059303284,0.0009999989528792,0.001,False,128.0,128.0,,,SGD
train,,,,,,,87.45542407035828,5.0,183.0,2059.0,0.8471323251724243,0.9999990463256836,0.0009999978882014,0.001,False,128.0,128.0,,,SGD
train,,,,,,,87.48466920852661,5.0,184.0,2060.0,0.9046372771263124,0.9999993443489076,0.0009999981304248,0.001,False,128.0,128.0,,,SGD
train,,,,,,,87.51396107673645,5.0,185.0,2061.0,0.8292217254638672,0.9999993443489076,0.0009999997683663,0.001,False,128.0,128.0,,,SGD
train,,,,,,,87.5453839302063,5.0,186.0,2062.0,0.7783051133155823,0.9999993443489076,0.000999999517539,0.001,False,128.0,128.0,,,SGD
train,,,,,,,87.59006595611572,5.0,187.0,2063.0,0.7976385354995728,0.9999991655349731,0.0009999979484866,0.001,False,128.0,128.0,,,SGD
train,,,,,,,87.62300419807434,5.0,188.0,2064.0,0.7223731279373169,0.999999225139618,0.0010000012801284,0.001,False,128.0,128.0,,,SGD
train,,,,,,,87.65337204933167,5.0,189.0,2065.0,0.8130179047584534,0.9999993443489076,0.0010000008332919,0.001,False,128.0,128.0,,,SGD
train,,,,,,,87.69293165206909,5.0,190.0,2066.0,0.6464537978172302,0.999999225139618,0.0009999983239092,0.001,False,128.0,128.0,,,SGD
train,,,,,,,87.72153210639954,5.0,191.0,2067.0,0.7664728760719299,0.9999991059303284,0.0010000001427335,0.001,False,128.0,128.0,,,SGD
train,,,,,,,87.75131177902222,5.0,192.0,2068.0,0.7720121741294861,0.9999989867210388,0.0009999987029399,0.001,False,128.0,128.0,,,SGD
train,,,,,,,87.78855991363525,5.0,193.0,2069.0,0.8488198518753052,0.999999225139618,0.0009999994568931,0.001,False,128.0,128.0,,,SGD
train,,,,,,,87.8291757106781,5.0,194.0,2070.0,0.8153508901596069,0.9999991059303284,0.0009999995787124,0.001,False,128.0,128.0,,,SGD
train,,,,,,,87.85916781425476,5.0,195.0,2071.0,0.7905808687210083,0.9999992847442628,0.0009999982142745,0.001,False,128.0,128.0,,,SGD
train,,,,,,,87.89580631256104,5.0,196.0,2072.0,0.7068925499916077,0.999999225139618,0.0009999972899007,0.001,False,128.0,128.0,,,SGD
train,,,,,,,87.93427848815918,5.0,197.0,2073.0,0.7403489351272583,0.999999225139618,0.0010000000320443,0.001,False,128.0,128.0,,,SGD
train,,,,,,,87.97204184532166,5.0,198.0,2074.0,0.6971889138221741,0.999999225139618,0.0009999994988873,0.001,False,128.0,128.0,,,SGD
train,,,,,,,88.01095080375671,5.0,199.0,2075.0,0.7454302906990051,0.999999225139618,0.0009999976808668,0.001,False,128.0,128.0,,,SGD
train,,,,,,,88.05633521080017,5.0,200.0,2076.0,0.7038214802742004,0.9999991655349731,0.000999997845874,0.001,False,128.0,128.0,,,SGD
train,,,,,,,88.10645413398743,5.0,201.0,2077.0,0.7893161177635193,0.9999991059303284,0.0009999989909599,0.001,False,128.0,128.0,,,SGD
train,,,,,,,88.15033435821533,5.0,202.0,2078.0,0.8068695664405823,0.9999991059303284,0.0009779609047824,0.001,False,128.0,128.0,,,SGD
train,,,,,,,88.20188927650452,5.0,203.0,2079.0,0.764079749584198,0.9779607057571412,0.0009999999495824,0.001,False,128.0,128.0,,,SGD
train,,,,,,,88.24512052536011,5.0,204.0,2080.0,0.7746661901473999,0.9999993443489076,0.0010000008299612,0.001,False,128.0,128.0,,,SGD
train,,,,,,,88.29170322418213,5.0,205.0,2081.0,0.8012592792510986,0.9999993443489076,0.0009999988910952,0.001,False,128.0,128.0,,,SGD
train,,,,,,,88.33391284942627,5.0,206.0,2082.0,0.767728865146637,0.9999991655349731,0.000999998388108,0.001,False,128.0,128.0,,,SGD
train,,,,,,,88.37752175331116,5.0,207.0,2083.0,0.8286277055740356,0.9999991059303284,0.0010000002196719,0.001,False,128.0,128.0,,,SGD
train,,,,,,,88.41847610473633,5.0,208.0,2084.0,0.6899363994598389,0.9999991655349731,0.0010000004240084,0.001,False,128.0,128.0,,,SGD
train,,,,,,,88.46216320991516,5.0,209.0,2085.0,0.803357720375061,0.9999991059303284,0.0009999993426511,0.001,False,128.0,128.0,,,SGD
train,,,,,,,88.5050253868103,5.0,210.0,2086.0,0.6985462307929993,0.999999225139618,0.0009897712796456,0.001,False,128.0,128.0,,,SGD
train,,,,,,,88.54189229011536,5.0,211.0,2087.0,0.7269891500473022,0.98977130651474,0.0009999969540018,0.001,False,128.0,128.0,,,SGD
train,,,,,,,88.57806420326233,5.0,212.0,2088.0,0.7086282968521118,0.9999991655349731,0.0009999983835283,0.001,False,128.0,128.0,,,SGD
train,,,,,,,88.61416792869568,5.0,213.0,2089.0,0.7725969552993774,0.9999991655349731,0.001000001038905,0.001,False,128.0,128.0,,,SGD
train,,,,,,,88.65387773513794,5.0,214.0,2090.0,0.744245707988739,0.999999225139618,0.0009999990922956,0.001,False,128.0,128.0,,,SGD
train,,,,,,,88.69136643409729,5.0,215.0,2091.0,0.7652150392532349,0.999999225139618,0.0009999997511301,0.001,False,128.0,128.0,,,SGD
train,,,,,,,88.73049068450928,5.0,216.0,2092.0,0.8140366077423096,0.999999225139618,0.0009999999067001,0.001,False,128.0,128.0,,,SGD
train,,,,,,,88.77107071876526,5.0,217.0,2093.0,0.7457290291786194,0.9999992847442628,0.0009999990730332,0.001,False,128.0,128.0,,,SGD
train,,,,,,,88.81429815292358,5.0,218.0,2094.0,0.669983446598053,0.9999991059303284,0.0009999980082722,0.001,False,128.0,128.0,,,SGD
train,,,,,,,88.8582820892334,5.0,219.0,2095.0,0.837360680103302,0.9999991059303284,0.0010000002794574,0.001,False,128.0,128.0,,,SGD
train,,,,,,,88.89651155471802,5.0,220.0,2096.0,0.7972705960273743,0.9999990463256836,0.0010000004823784,0.001,False,128.0,128.0,,,SGD
train,,,,,,,88.93594694137573,5.0,221.0,2097.0,0.7582359313964844,0.9999991655349731,0.0009999999080323,0.001,False,128.0,128.0,,,SGD
train,,,,,,,88.9808599948883,5.0,222.0,2098.0,0.7724006175994873,0.9999991059303284,0.0009999992408435,0.001,False,128.0,128.0,,,SGD
train,,,,,,,89.0223138332367,5.0,223.0,2099.0,0.7092527747154236,0.9999991655349731,0.0009999988272851,0.001,False,128.0,128.0,,,SGD
train,,,,,,,89.0625,5.0,224.0,2100.0,0.8259766101837158,0.9999991059303284,0.000999999951109,0.001,False,128.0,128.0,,,SGD
train,,,,,,,89.10153079032898,5.0,225.0,2101.0,0.8197699785232544,0.9999993443489076,0.0010000000159044,0.001,False,128.0,128.0,,,SGD
train,,,,,,,89.13587141036987,5.0,226.0,2102.0,0.8321165442466736,0.9999991655349731,0.0009999984468944,0.001,False,128.0,128.0,,,SGD
train,,,,,,,89.17283606529236,5.0,227.0,2103.0,0.8820890188217163,0.9999991655349731,0.0009999997063325,0.001,False,128.0,128.0,,,SGD
train,,,,,,,89.20817995071411,5.0,228.0,2104.0,0.6312398910522461,0.9999991059303284,0.0009999960727592,0.001,False,128.0,128.0,,,SGD
train,,,,,,,89.24504852294922,5.0,229.0,2105.0,0.8498142957687378,0.9999991655349731,0.0010000002774035,0.001,False,128.0,128.0,,,SGD
train,,,,,,,89.28354787826538,5.0,230.0,2106.0,0.7308817505836487,0.9999993443489076,0.0009999986348832,0.001,False,128.0,128.0,,,SGD
train,,,,,,,89.3235993385315,5.0,231.0,2107.0,0.6988669037818909,0.9999993443489076,0.0009999992811724,0.001,False,128.0,128.0,,,SGD
train,,,,,,,89.36188960075378,5.0,232.0,2108.0,0.6665313243865967,0.999999225139618,0.0009999990575456,0.001,False,128.0,128.0,,,SGD
train,,,,,,,89.40636396408081,5.0,233.0,2109.0,0.7473180294036865,0.999999225139618,0.0010000006865483,0.001,False,128.0,128.0,,,SGD
train,,,,,,,89.44299483299255,5.0,234.0,2110.0,0.7233086824417114,0.9999992847442628,0.0009999998405308,0.001,False,128.0,128.0,,,SGD
train,,,,,,,89.4832170009613,5.0,235.0,2111.0,0.7350260019302368,0.9999991655349731,0.0010000014619549,0.001,False,128.0,128.0,,,SGD
train,,,,,,,89.51888656616211,5.0,236.0,2112.0,0.761404812335968,0.999999225139618,0.000999999332548,0.001,False,128.0,128.0,,,SGD
train,,,,,,,89.55581378936768,5.0,237.0,2113.0,0.7563055753707886,0.9999991059303284,0.0009999971383549,0.001,False,128.0,128.0,,,SGD
train,,,,,,,89.59499216079712,5.0,238.0,2114.0,0.7036517858505249,0.9999991655349731,0.0009999989646198,0.001,False,128.0,128.0,,,SGD
train,,,,,,,89.6342248916626,5.0,239.0,2115.0,0.7576113939285278,0.999999225139618,0.0009999986860645,0.001,False,128.0,128.0,,,SGD
train,,,,,,,89.67007422447205,5.0,240.0,2116.0,0.6763527393341064,0.999999225139618,0.0009999998863275,0.001,False,128.0,128.0,,,SGD
train,,,,,,,89.70657992362976,5.0,241.0,2117.0,0.7098693251609802,0.9999989867210388,0.0009999978614449,0.001,False,128.0,128.0,,,SGD
train,,,,,,,89.74345445632935,5.0,242.0,2118.0,0.7068397998809814,0.9999992847442628,0.0010000004369425,0.001,False,128.0,128.0,,,SGD
train,,,,,,,89.78995728492737,5.0,243.0,2119.0,0.7255149483680725,0.9999991655349731,0.0009999992049833,0.001,False,128.0,128.0,,,SGD
train,,,,,,,89.82569670677185,5.0,244.0,2120.0,0.7533198595046997,0.9999991059303284,0.001000000719161,0.001,False,128.0,128.0,,,SGD
train,,,,,,,89.86279773712158,5.0,245.0,2121.0,0.7669488191604614,0.999999225139618,0.0010000001909172,0.001,False,128.0,128.0,,,SGD
train,,,,,,,89.90567111968994,5.0,246.0,2122.0,0.723224401473999,0.999999225139618,0.000999999188552,0.001,False,128.0,128.0,,,SGD
train,,,,,,,89.95123481750488,5.0,247.0,2123.0,0.7591152787208557,0.9999991059303284,0.0009999978590857,0.001,False,128.0,128.0,,,SGD
train,,,,,,,89.98282361030579,5.0,248.0,2124.0,0.7682256102561951,0.9999990463256836,0.0009999993186425,0.001,False,128.0,128.0,,,SGD
train,,,,,,,90.01763558387756,5.0,249.0,2125.0,0.8022210001945496,0.999999225139618,0.0010000004918708,0.001,False,128.0,128.0,,,SGD
train,,,,,,,90.05530285835266,5.0,250.0,2126.0,0.7287736535072327,0.9999992847442628,0.0009999982381721,0.001,False,128.0,128.0,,,SGD
train,,,,,,,90.09211945533752,5.0,251.0,2127.0,0.7559798955917358,0.9999991059303284,0.0009999992432305,0.001,False,128.0,128.0,,,SGD
train,,,,,,,90.13739705085754,5.0,252.0,2128.0,0.7598440051078796,0.999999225139618,0.0009999988599812,0.001,False,128.0,128.0,,,SGD
train,,,,,,,90.17674565315248,5.0,253.0,2129.0,0.7988404631614685,0.9999993443489076,0.0009999991445316,0.001,False,128.0,128.0,,,SGD
train,,,,,,,90.22037553787231,5.0,254.0,2130.0,0.6851107478141785,0.9999992847442628,0.0010000006472186,0.001,False,128.0,128.0,,,SGD
train,,,,,,,90.26229691505432,5.0,255.0,2131.0,0.652599036693573,0.9999991059303284,0.0010000003406862,0.001,False,128.0,128.0,,,SGD
train,,,,,,,90.32519388198853,5.0,256.0,2132.0,0.7128553986549377,0.9999989867210388,0.0009999997499921,0.001,False,128.0,128.0,,,SGD
train,,,,,,,90.40618062019348,5.0,257.0,2133.0,0.6815758943557739,0.9999994039535522,0.0009999997136323,0.001,False,128.0,128.0,,,SGD
train,,,,,,,90.49942231178284,5.0,258.0,2134.0,0.8255324959754944,0.9999990463256836,0.0009999987815161,0.001,False,128.0,128.0,,,SGD
train,,,,,,,90.53225588798524,5.0,259.0,2135.0,0.7372839450836182,0.999999225139618,0.0009999981896275,0.001,False,128.0,128.0,,,SGD
train,,,,,,,90.56647086143494,5.0,260.0,2136.0,0.7360930442810059,0.9999992847442628,0.0010000004156262,0.001,False,128.0,128.0,,,SGD
train,,,,,,,90.6011483669281,5.0,261.0,2137.0,0.8118358254432678,0.9999992847442628,0.0009999988276736,0.001,False,128.0,128.0,,,SGD
train,,,,,,,90.63625717163086,5.0,262.0,2138.0,0.7709876298904419,0.999999225139618,0.0010000011308591,0.001,False,128.0,128.0,,,SGD
train,,,,,,,90.6740016937256,5.0,263.0,2139.0,0.8156700134277344,0.999999225139618,0.0009999956688029,0.001,False,128.0,128.0,,,SGD
train,,,,,,,90.70502853393556,5.0,264.0,2140.0,0.7266196608543396,0.9999991655349731,0.000999999399661,0.001,False,128.0,128.0,,,SGD
train,,,,,,,90.73990535736084,5.0,265.0,2141.0,0.6999104022979736,0.9999992847442628,0.0009999971667767,0.001,False,128.0,128.0,,,SGD
train,,,,,,,90.77716517448424,5.0,266.0,2142.0,0.7021211981773376,0.9999992847442628,0.0009999997127163,0.001,False,128.0,128.0,,,SGD
train,,,,,,,90.80778169631958,5.0,267.0,2143.0,0.678295373916626,0.9999991655349731,0.000999999488812,0.001,False,128.0,128.0,,,SGD
train,,,,,,,90.83920168876648,5.0,268.0,2144.0,0.8389264345169067,0.9999991655349731,0.0010000003190369,0.001,False,128.0,128.0,,,SGD
train,,,,,,,90.875572681427,5.0,269.0,2145.0,0.7742782235145569,0.9999993443489076,0.0009999985355458,0.001,False,128.0,128.0,,,SGD
train,,,,,,,90.90859007835388,5.0,270.0,2146.0,0.7246034741401672,0.9999991655349731,0.000999999372183,0.001,False,128.0,128.0,,,SGD
train,,,,,,,90.9425847530365,5.0,271.0,2147.0,0.8433115482330322,0.9999991059303284,0.0010000000064536,0.001,False,128.0,128.0,,,SGD
train,,,,,,,90.98570322990416,5.0,272.0,2148.0,0.7237486839294434,0.999999225139618,0.0009999988112423,0.001,False,128.0,128.0,,,SGD
train,,,,,,,91.02100086212158,5.0,273.0,2149.0,0.7635200023651123,0.9999993443489076,0.0010000002218924,0.001,False,128.0,128.0,,,SGD
train,,,,,,,91.06241035461426,5.0,274.0,2150.0,0.6997715830802917,0.9999991655349731,0.0010000000210253,0.001,False,128.0,128.0,,,SGD
train,,,,,,,91.0955228805542,5.0,275.0,2151.0,0.7842293977737427,0.9999989867210388,0.000999998299512,0.001,False,128.0,128.0,,,SGD
train,,,,,,,91.1369605064392,5.0,276.0,2152.0,0.7367888689041138,0.9999990463256836,0.00099999738699,0.001,False,128.0,128.0,,,SGD
train,,,,,,,91.171204328537,5.0,277.0,2153.0,0.7565123438835144,0.9999990463256836,0.000999999642911,0.001,False,128.0,128.0,,,SGD
train,,,,,,,91.2022740840912,5.0,278.0,2154.0,0.6425227522850037,0.9999990463256836,0.000966841754845,0.001,False,128.0,128.0,,,SGD
train,,,,,,,91.23706388473512,5.0,279.0,2155.0,0.7139122486114502,0.96684068441391,0.0009999987617818,0.001,False,128.0,128.0,,,SGD
train,,,,,,,91.270494222641,5.0,280.0,2156.0,0.6563276648521423,0.9999991655349731,0.0010000000674604,0.001,False,128.0,128.0,,,SGD
train,,,,,,,91.30607604980467,5.0,281.0,2157.0,0.8104420900344849,0.999999225139618,0.0009999989784698,0.001,False,128.0,128.0,,,SGD
train,,,,,,,91.3417592048645,5.0,282.0,2158.0,0.7984257936477661,0.9999991655349731,0.0009999973464112,0.001,False,128.0,128.0,,,SGD
train,,,,,,,91.37620663642883,5.0,283.0,2159.0,0.8257964849472046,0.9999992847442628,0.000999999240899,0.001,False,128.0,128.0,,,SGD
train,,,,,,,91.40931677818298,5.0,284.0,2160.0,0.8261237740516663,0.999999225139618,0.0010000002878951,0.001,False,128.0,128.0,,,SGD
train,,,,,,,91.4460427761078,5.0,285.0,2161.0,0.7080759406089783,0.9999992847442628,0.0009999988879866,0.001,False,128.0,128.0,,,SGD
train,,,,,,,91.47882914543152,5.0,286.0,2162.0,0.6998991370201111,0.9999990463256836,0.0009999964293642,0.001,False,128.0,128.0,,,SGD
train,,,,,,,91.51597833633424,5.0,287.0,2163.0,0.7222058176994324,0.9999991059303284,0.0010000001324084,0.001,False,128.0,128.0,,,SGD
train,,,,,,,91.54863095283508,5.0,288.0,2164.0,0.7835333943367004,0.9999993443489076,0.0010000001730981,0.001,False,128.0,128.0,,,SGD
train,,,,,,,91.58782386779784,5.0,289.0,2165.0,0.8065581321716309,0.9999992847442628,0.000999998678404,0.001,False,128.0,128.0,,,SGD
train,,,,,,,91.6205644607544,5.0,290.0,2166.0,0.6729776859283447,0.9999991655349731,0.0009999997257337,0.001,False,128.0,128.0,,,SGD
train,,,,,,,91.6514253616333,5.0,291.0,2167.0,0.7738067507743835,0.999999225139618,0.0009999991648487,0.001,False,128.0,128.0,,,SGD
train,,,,,,,91.69251441955566,5.0,292.0,2168.0,0.7044872641563416,0.999999225139618,0.0009999977999662,0.001,False,128.0,128.0,,,SGD
train,,,,,,,91.73109245300292,5.0,293.0,2169.0,0.7175256609916687,0.9999991655349731,0.000999997451966,0.001,False,128.0,128.0,,,SGD
train,,,,,,,91.7660949230194,5.0,294.0,2170.0,0.6686341762542725,0.9999989867210388,0.0009999987246726,0.001,False,128.0,128.0,,,SGD
train,,,,,,,91.799822807312,5.0,295.0,2171.0,0.6575789451599121,0.999999225139618,0.0009999978825115,0.001,False,128.0,128.0,,,SGD
train,,,,,,,91.83415126800536,5.0,296.0,2172.0,0.7923096418380737,0.9999991655349731,0.0009999991184136,0.001,False,128.0,128.0,,,SGD
train,,,,,,,91.8697361946106,5.0,297.0,2173.0,0.8300390243530273,0.999999225139618,0.0009999974980959,0.001,False,128.0,128.0,,,SGD
train,,,,,,,91.90376806259157,5.0,298.0,2174.0,0.7589839696884155,0.9999991655349731,0.0009999978135942,0.001,False,128.0,128.0,,,SGD
train,,,,,,,91.94130110740662,5.0,299.0,2175.0,0.7693260908126831,0.9999992847442628,0.000999999508463,0.001,False,128.0,128.0,,,SGD
train,,,,,,,91.97602200508118,5.0,300.0,2176.0,0.7080423831939697,0.999999225139618,0.0009999989033909,0.001,False,128.0,128.0,,,SGD
train,,,,,,,92.0190999507904,5.0,301.0,2177.0,0.8193120360374451,0.9999991655349731,0.0010000009453133,0.001,False,128.0,128.0,,,SGD
train,,,,,,,92.04925203323364,5.0,302.0,2178.0,0.6252122521400452,0.9999994039535522,0.0010000002744892,0.001,False,128.0,128.0,,,SGD
train,,,,,,,92.0819218158722,5.0,303.0,2179.0,0.7515227794647217,0.9999990463256836,0.0010000002039068,0.001,False,128.0,128.0,,,SGD
train,,,,,,,92.11605501174928,5.0,304.0,2180.0,0.7307968139648438,0.999999225139618,0.0009999983448092,0.001,False,128.0,128.0,,,SGD
train,,,,,,,92.14955687522888,5.0,305.0,2181.0,0.7588484287261963,0.9999990463256836,0.0010000002332722,0.001,False,128.0,128.0,,,SGD
train,,,,,,,92.18651700019836,5.0,306.0,2182.0,0.6465970873832703,0.999998927116394,0.0009999990026727,0.001,False,128.0,128.0,,,SGD
train,,,,,,,92.22648739814758,5.0,307.0,2183.0,0.6551687717437744,0.9999991059303284,0.0009999992314066,0.001,False,128.0,128.0,,,SGD
train,,,,,,,92.25656652450562,5.0,308.0,2184.0,0.7977939248085022,0.9999991655349731,0.0009999980469913,0.001,False,128.0,128.0,,,SGD
train,,,,,,,92.29003715515135,5.0,309.0,2185.0,0.7125270366668701,0.9999991059303284,0.0010000000669053,0.001,False,128.0,128.0,,,SGD
train,,,,,,,92.32917523384094,5.0,310.0,2186.0,0.7334513664245605,0.999999225139618,0.0010000010532824,0.001,False,128.0,128.0,,,SGD
train,,,,,,,92.35889005661012,5.0,311.0,2187.0,0.8688503503799438,0.9999991059303284,0.0010000023481888,0.001,False,128.0,128.0,,,SGD
train,,,,,,,92.39688634872437,5.0,312.0,2188.0,0.7316219210624695,0.9999992847442628,0.0010000007153585,0.001,False,128.0,128.0,,,SGD
train,,,,,,,92.4278120994568,5.0,313.0,2189.0,0.7359573841094971,0.999999225139618,0.0009999983661533,0.001,False,128.0,128.0,,,SGD
train,,,,,,,92.47052240371704,5.0,314.0,2190.0,0.683752179145813,0.9999991059303284,0.0009751171858704,0.001,False,128.0,128.0,,,SGD
train,,,,,,,92.50576043128969,5.0,315.0,2191.0,0.7126107215881348,0.9751165509223938,0.0009999999229648,0.001,False,128.0,128.0,,,SGD
train,,,,,,,92.54499435424805,5.0,316.0,2192.0,0.7707083821296692,0.999999225139618,0.0010000008556351,0.001,False,128.0,128.0,,,SGD
train,,,,,,,92.57527780532835,5.0,317.0,2193.0,0.70976722240448,0.999999225139618,0.0009999979845689,0.001,False,128.0,128.0,,,SGD
train,,,,,,,92.6143901348114,5.0,318.0,2194.0,0.792843222618103,0.9999993443489076,0.0009999991932427,0.001,False,128.0,128.0,,,SGD
train,,,,,,,92.65328216552734,5.0,319.0,2195.0,0.8313565254211426,0.9999991059303284,0.0009999996410792,0.001,False,128.0,128.0,,,SGD
train,,,,,,,92.70047497749329,5.0,320.0,2196.0,0.6810795068740845,0.9999992847442628,0.0009999977912232,0.001,False,128.0,128.0,,,SGD
train,,,,,,,92.7341890335083,5.0,321.0,2197.0,0.7068781852722168,0.9999991059303284,0.0009999997456067,0.001,False,128.0,128.0,,,SGD
train,,,,,,,92.77219891548155,5.0,322.0,2198.0,0.7199802994728088,0.9999991059303284,0.0009999984670727,0.001,False,128.0,128.0,,,SGD
train,,,,,,,92.81221866607666,5.0,323.0,2199.0,0.7497867941856384,0.9999989867210388,0.0009999997239573,0.001,False,128.0,128.0,,,SGD
train,,,,,,,92.8448600769043,5.0,324.0,2200.0,0.7008859515190125,0.999999225139618,0.0009999984405939,0.001,False,128.0,128.0,,,SGD
train,,,,,,,92.87592911720276,5.0,325.0,2201.0,0.6938441395759583,0.9999991655349731,0.000999999534914,0.001,False,128.0,128.0,,,SGD
train,,,,,,,92.91354084014893,5.0,326.0,2202.0,0.7494545578956604,0.999999225139618,0.0009999996214282,0.001,False,128.0,128.0,,,SGD
train,,,,,,,92.94800758361816,5.0,327.0,2203.0,0.7852262854576111,0.9999991655349731,0.0010000008561347,0.001,False,128.0,128.0,,,SGD
train,,,,,,,92.98129105567932,5.0,328.0,2204.0,0.6779752969741821,0.9999991059303284,0.0009999989229309,0.001,False,128.0,128.0,,,SGD
train,,,,,,,93.01319551467896,5.0,329.0,2205.0,0.7275870442390442,0.9999991655349731,0.0009999994582253,0.001,False,128.0,128.0,,,SGD
train,,,,,,,93.04950833320618,5.0,330.0,2206.0,0.8164860606193542,0.9999991655349731,0.000999999042613,0.001,False,128.0,128.0,,,SGD
train,,,,,,,93.08571767807008,5.0,331.0,2207.0,0.7335573434829712,0.999999225139618,0.0009999972235925,0.001,False,128.0,128.0,,,SGD
train,,,,,,,93.1199369430542,5.0,332.0,2208.0,0.6447435617446899,0.9999991655349731,0.0010000008726492,0.001,False,128.0,128.0,,,SGD
train,,,,,,,93.1582293510437,5.0,333.0,2209.0,0.796665608882904,0.9999991655349731,0.0010000009473117,0.001,False,128.0,128.0,,,SGD
train,,,,,,,93.1903989315033,5.0,334.0,2210.0,0.7205961346626282,0.9999994039535522,0.0009999993460372,0.001,False,128.0,128.0,,,SGD
train,,,,,,,93.22796750068665,5.0,335.0,2211.0,0.6961735486984253,0.9999991059303284,0.0009999984215535,0.001,False,128.0,128.0,,,SGD
train,,,,,,,93.26476740837096,5.0,336.0,2212.0,0.6967129111289978,0.9999991059303284,0.000999997281352,0.001,False,128.0,128.0,,,SGD
train,,,,,,,93.3026487827301,5.0,337.0,2213.0,0.7566666603088379,0.9999992847442628,0.0009999990866334,0.001,False,128.0,128.0,,,SGD
train,,,,,,,93.3401780128479,5.0,338.0,2214.0,0.7579455971717834,0.9999991059303284,0.0009926879701752,0.001,False,128.0,128.0,,,SGD
train,,,,,,,93.37731742858888,5.0,339.0,2215.0,0.68446946144104,0.9926870465278624,0.001000000667952,0.001,False,128.0,128.0,,,SGD
train,,,,,,,93.41541743278503,5.0,340.0,2216.0,0.8329321146011353,0.9999992847442628,0.0009999973494644,0.001,False,128.0,128.0,,,SGD
train,,,,,,,93.4616994857788,5.0,341.0,2217.0,0.6932982802391052,0.9999992847442628,0.0009999988202629,0.001,False,128.0,128.0,,,SGD
train,,,,,,,93.50932884216309,5.0,342.0,2218.0,0.7097992897033691,0.9999990463256836,0.0010000013940927,0.001,False,128.0,128.0,,,SGD
train,,,,,,,93.55527806282043,5.0,343.0,2219.0,0.7070768475532532,0.9999992847442628,0.0009264024901326,0.001,False,128.0,128.0,,,SGD
train,,,,,,,93.59597897529602,5.0,344.0,2220.0,0.7666151523590088,0.9264013767242432,0.0009999985844512,0.001,False,128.0,128.0,,,SGD
train,,,,,,,93.6515896320343,5.0,345.0,2221.0,0.6989753842353821,0.9999991059303284,0.0009999997811893,0.001,False,128.0,128.0,,,SGD
train,,,,,,,93.68492603302002,5.0,346.0,2222.0,0.7616860866546631,0.999999225139618,0.0010000007415043,0.001,False,128.0,128.0,,,SGD
train,,,,,,,93.72429585456848,5.0,347.0,2223.0,0.7685742378234863,0.9999991655349731,0.0009999994884234,0.001,False,128.0,128.0,,,SGD
train,,,,,,,93.77196741104126,5.0,348.0,2224.0,0.7147033214569092,0.9999991655349731,0.0009999999195509,0.001,False,128.0,128.0,,,SGD
train,,,,,,,93.8145945072174,5.0,349.0,2225.0,0.7033467292785645,0.999999225139618,0.0009999995974474,0.001,False,128.0,128.0,,,SGD
train,,,,,,,93.85449814796448,5.0,350.0,2226.0,0.7527585625648499,0.999999225139618,0.0009999996824627,0.001,False,128.0,128.0,,,SGD
train,,,,,,,93.89627361297607,5.0,351.0,2227.0,0.7106562852859497,0.9999991059303284,0.0009999995256159,0.001,False,128.0,128.0,,,SGD
train,,,,,,,93.93518018722534,5.0,352.0,2228.0,0.6565200090408325,0.9999991059303284,0.0010000000107835,0.001,False,128.0,128.0,,,SGD
train,,,,,,,93.9709403514862,5.0,353.0,2229.0,0.720781147480011,0.999999225139618,0.0009999997362253,0.001,False,128.0,128.0,,,SGD
train,,,,,,,94.00649738311768,5.0,354.0,2230.0,0.7743646502494812,0.9999991059303284,0.0009999981874071,0.001,False,128.0,128.0,,,SGD
train,,,,,,,94.0437195301056,5.0,355.0,2231.0,0.6540380120277405,0.9999994039535522,0.0009661635462712,0.001,False,128.0,128.0,,,SGD
train,,,,,,,94.07672667503356,5.0,356.0,2232.0,0.7648667097091675,0.9661641716957092,0.0009999983797813,0.001,False,128.0,128.0,,,SGD
train,,,,,,,94.11208367347716,5.0,357.0,2233.0,0.6859780550003052,0.999999225139618,0.001000000257253,0.001,False,128.0,128.0,,,SGD
train,,,,,,,94.15494537353516,5.0,358.0,2234.0,0.7315896153450012,0.9999991059303284,0.0009999982084458,0.001,False,128.0,128.0,,,SGD
train,,,,,,,94.19379329681396,5.0,359.0,2235.0,0.6961744427680969,0.9999991059303284,0.0009999993892249,0.001,False,128.0,128.0,,,SGD
train,,,,,,,94.22796654701231,5.0,360.0,2236.0,0.6948195695877075,0.999999225139618,0.0010000001347676,0.001,False,128.0,128.0,,,SGD
train,,,,,,,94.27361869812012,5.0,361.0,2237.0,0.7699106931686401,0.9999991059303284,0.0009999976053159,0.001,False,128.0,128.0,,,SGD
train,,,,,,,94.31400036811829,5.0,362.0,2238.0,0.7804884314537048,0.9999991655349731,0.0009999968181101,0.001,False,128.0,128.0,,,SGD
train,,,,,,,94.34758186340332,5.0,363.0,2239.0,0.7086731791496277,0.9999993443489076,0.0009999974732823,0.001,False,128.0,128.0,,,SGD
train,,,,,,,94.38710927963255,5.0,364.0,2240.0,0.7400524616241455,0.9999992847442628,0.0010000004798526,0.001,False,128.0,128.0,,,SGD
train,,,,,,,94.43240809440611,5.0,365.0,2241.0,0.7460463047027588,0.999999225139618,0.00100000016652,0.001,False,128.0,128.0,,,SGD
train,,,,,,,94.47285103797913,5.0,366.0,2242.0,0.6800050139427185,0.9999991655349731,0.0010000005751652,0.001,False,128.0,128.0,,,SGD
train,,,,,,,94.5093276500702,5.0,367.0,2243.0,0.7123149037361145,0.9999991655349731,0.0010000002721855,0.001,False,128.0,128.0,,,SGD
train,,,,,,,94.5464997291565,5.0,368.0,2244.0,0.7736241221427917,0.9999991655349731,0.0010000003805432,0.001,False,128.0,128.0,,,SGD
train,,,,,,,94.5896818637848,5.0,369.0,2245.0,0.753326416015625,0.9999989867210388,0.0009999994781539,0.001,False,128.0,128.0,,,SGD
train,,,,,,,94.62132239341736,5.0,370.0,2246.0,0.654285192489624,0.9999991059303284,0.0009682148708304,0.001,False,128.0,128.0,,,SGD
train,,,,,,,94.65770530700684,5.0,371.0,2247.0,0.7881023287773132,0.9682140350341796,0.0009999984050111,0.001,False,128.0,128.0,,,SGD
train,,,,,,,94.7041985988617,5.0,372.0,2248.0,0.7238544821739197,0.9999991655349731,0.0009999989193782,0.001,False,128.0,128.0,,,SGD
train,,,,,,,94.75256323814392,5.0,373.0,2249.0,0.6999375820159912,0.9999991059303284,0.0009999983188577,0.001,False,128.0,128.0,,,SGD
train,,,,,,,94.7988269329071,5.0,374.0,2250.0,0.7438905239105225,0.9999991655349731,0.0009999977611361,0.001,False,128.0,128.0,,,SGD
train,,,,,,,94.83796691894533,5.0,375.0,2251.0,0.7135634422302246,0.9999991059303284,0.0010000006334796,0.001,False,128.0,128.0,,,SGD
train,,,,,,,94.88578629493712,5.0,376.0,2252.0,0.761252760887146,0.9999991655349731,0.0009999972831561,0.001,False,128.0,128.0,,,SGD
train,,,,,,,94.9240415096283,5.0,377.0,2253.0,0.801872968673706,0.9999990463256836,0.0009999970245012,0.001,False,128.0,128.0,,,SGD
train,,,,,,,94.95504689216614,5.0,378.0,2254.0,0.7357674241065979,0.9999992847442628,0.0009999999257126,0.001,False,128.0,128.0,,,SGD
train,,,,,,,94.9890398979187,5.0,379.0,2255.0,0.7126123905181885,0.999999225139618,0.000999999677328,0.001,False,128.0,128.0,,,SGD
train,,,,,,,95.02729034423828,5.0,380.0,2256.0,0.6841994524002075,0.9999991655349731,0.000999998825592,0.001,False,128.0,128.0,,,SGD
train,,,,,,,95.06310653686523,5.0,381.0,2257.0,0.7610837817192078,0.9999991059303284,0.0009999999293764,0.001,False,128.0,128.0,,,SGD
train,,,,,,,95.17578101158142,5.0,382.0,2258.0,0.6965477466583252,0.9999991059303284,0.0009999990265148,0.001,False,128.0,128.0,,,SGD
train,,,,,,,95.29400539398192,5.0,383.0,2259.0,0.7605566382408142,0.9999991655349731,0.0009999978565599,0.001,False,128.0,128.0,,,SGD
train,,,,,,,95.3240611553192,5.0,384.0,2260.0,0.7295672297477722,0.999999225139618,0.0009999976614101,0.001,False,128.0,128.0,,,SGD
train,,,,,,,95.36208248138428,5.0,385.0,2261.0,0.6574837565422058,0.9999991655349731,0.0009999983014827,0.001,False,128.0,128.0,,,SGD
train,,,,,,,95.40731835365295,5.0,386.0,2262.0,0.816788911819458,0.9999991059303284,0.00099999813778,0.001,False,128.0,128.0,,,SGD
train,,,,,,,95.44466757774352,5.0,387.0,2263.0,0.7642349004745483,0.999999225139618,0.0009999972218439,0.001,False,128.0,128.0,,,SGD
train,,,,,,,95.48294568061829,5.0,388.0,2264.0,0.6938872337341309,0.9999991655349731,0.0009999974376718,0.001,False,128.0,128.0,,,SGD
train,,,,,,,95.51512861251832,5.0,389.0,2265.0,0.668124794960022,0.999999225139618,0.0009999987834312,0.001,False,128.0,128.0,,,SGD
train,,,,,,,95.55003380775452,5.0,390.0,2266.0,0.7729058265686035,0.9999991655349731,0.0010000019064042,0.001,False,128.0,128.0,,,SGD
train,,,,,,,95.58908796310423,5.0,391.0,2267.0,0.677375316619873,0.9999991655349731,0.0009999983079497,0.001,False,128.0,128.0,,,SGD
train,,,,,,,95.62535214424132,5.0,392.0,2268.0,0.6678941249847412,0.9999991655349731,0.0009999997317289,0.001,False,128.0,128.0,,,SGD
train,,,,,,,95.66168189048769,5.0,393.0,2269.0,0.6471242308616638,0.9999989867210388,0.0010000007309849,0.001,False,128.0,128.0,,,SGD
train,,,,,,,95.69397473335266,5.0,394.0,2270.0,0.68955397605896,0.9999990463256836,0.0009999979450449,0.001,False,128.0,128.0,,,SGD
train,,,,,,,95.726576089859,5.0,395.0,2271.0,0.72149258852005,0.9999992847442628,0.0009999984930797,0.001,False,128.0,128.0,,,SGD
train,,,,,,,95.76025938987732,5.0,396.0,2272.0,0.6650746464729309,0.9999992847442628,0.0010000009251072,0.001,False,128.0,128.0,,,SGD
train,,,,,,,95.79469084739684,5.0,397.0,2273.0,0.7800394296646118,0.9999991059303284,0.0009999981850201,0.001,False,128.0,128.0,,,SGD
train,,,,,,,95.82995438575745,5.0,398.0,2274.0,0.7228942513465881,0.9999990463256836,0.0009896323239523,0.001,False,128.0,128.0,,,SGD
train,,,,,,,95.87201070785522,5.0,399.0,2275.0,0.678885281085968,0.9896315336227416,0.0009999990205196,0.001,False,128.0,128.0,,,SGD
train,,,,,,,95.90761423110962,5.0,400.0,2276.0,0.7815696597099304,0.9999991059303284,0.0009999981344493,0.001,False,128.0,128.0,,,SGD
train,,,,,,,95.94293308258057,5.0,401.0,2277.0,0.8054156303405762,0.9999991059303284,0.0009999996047749,0.001,False,128.0,128.0,,,SGD
train,,,,,,,95.97965002059937,5.0,402.0,2278.0,0.7270558476448059,0.9999991059303284,0.0009999977800654,0.001,False,128.0,128.0,,,SGD
train,,,,,,,96.01473236083984,5.0,403.0,2279.0,0.6938808560371399,0.999999225139618,0.0009999988254809,0.001,False,128.0,128.0,,,SGD
train,,,,,,,96.04890012741087,5.0,404.0,2280.0,0.6525165438652039,0.999999225139618,0.0009999986623612,0.001,False,128.0,128.0,,,SGD
train,,,,,,,96.08548307418825,5.0,405.0,2281.0,0.6461719274520874,0.9999993443489076,0.0010000018016826,0.001,False,128.0,128.0,,,SGD
train,,,,,,,96.12203741073608,5.0,406.0,2282.0,0.7249519228935242,0.9999991059303284,0.000999998777547,0.001,False,128.0,128.0,,,SGD
train,,,,,,,96.1574079990387,5.0,407.0,2283.0,0.7207211256027222,0.999999225139618,0.0009999985523935,0.001,False,128.0,128.0,,,SGD
train,,,,,,,96.18974089622498,5.0,408.0,2284.0,0.7381958365440369,0.9999991655349731,0.0009999990022286,0.001,False,128.0,128.0,,,SGD
train,,,,,,,96.23158478736876,5.0,409.0,2285.0,0.6861240267753601,0.999999225139618,0.0009999993093443,0.001,False,128.0,128.0,,,SGD
train,,,,,,,96.27156066894533,5.0,410.0,2286.0,0.693865954875946,0.9999992847442628,0.0009999984126439,0.001,False,128.0,128.0,,,SGD
train,,,,,,,96.30362319946288,5.0,411.0,2287.0,0.6646665930747986,0.999999225139618,0.0009862855732768,0.001,False,128.0,128.0,,,SGD
train,,,,,,,96.33211255073547,5.0,412.0,2288.0,0.6427120566368103,0.9862836599349976,0.0010000012087134,0.001,False,128.0,128.0,,,SGD
train,,,,,,,96.36458015441896,5.0,413.0,2289.0,0.6801366209983826,0.9999991655349731,0.0010000005760811,0.001,False,128.0,128.0,,,SGD
train,,,,,,,96.39926266670228,5.0,414.0,2290.0,0.7389169335365295,0.9999990463256836,0.0009999982052817,0.001,False,128.0,128.0,,,SGD
train,,,,,,,96.43683314323424,5.0,415.0,2291.0,0.6693221926689148,0.9999991655349731,0.0010000001025434,0.001,False,128.0,128.0,,,SGD
train,,,,,,,96.47088861465454,5.0,416.0,2292.0,0.7397406101226807,0.9999991655349731,0.0009999968383717,0.001,False,128.0,128.0,,,SGD
train,,,,,,,96.50538158416748,5.0,417.0,2293.0,0.7324899435043335,0.9999991655349731,0.0010000009048179,0.001,False,128.0,128.0,,,SGD
train,,,,,,,96.5375111103058,5.0,418.0,2294.0,0.654638946056366,0.9999991655349731,0.000999999451564,0.001,False,128.0,128.0,,,SGD
train,,,,,,,96.57206344604492,5.0,419.0,2295.0,0.6633723378181458,0.9999991655349731,0.0009999992460061,0.001,False,128.0,128.0,,,SGD
train,,,,,,,96.61412358283997,5.0,420.0,2296.0,0.8419833183288574,0.9999992847442628,0.0009999987221468,0.001,False,128.0,128.0,,,SGD
train,,,,,,,96.65089774131776,5.0,421.0,2297.0,0.6869630217552185,0.9999991655349731,0.000999996368829,0.001,False,128.0,128.0,,,SGD
train,,,,,,,96.68226385116576,5.0,422.0,2298.0,0.6851882934570312,0.999999225139618,0.0009999985984956,0.001,False,128.0,128.0,,,SGD
train,,,,,,,96.71551561355592,5.0,423.0,2299.0,0.6837641596794128,0.999999225139618,0.0009999978306362,0.001,False,128.0,128.0,,,SGD
train,,,,,,,96.75144481658936,5.0,424.0,2300.0,0.7781854867935181,0.9999991655349731,0.0009999996330856,0.001,False,128.0,128.0,,,SGD
train,,,,,,,96.79410791397096,5.0,425.0,2301.0,0.6317581534385681,0.9999994039535522,0.0010000021281431,0.001,False,128.0,128.0,,,SGD
train,,,,,,,96.8326895236969,5.0,426.0,2302.0,0.7578539252281189,0.9999992847442628,0.0009999978013817,0.001,False,128.0,128.0,,,SGD
train,,,,,,,96.86591124534608,5.0,427.0,2303.0,0.7308027744293213,0.999999225139618,0.0010000001387367,0.001,False,128.0,128.0,,,SGD
train,,,,,,,96.90293836593628,5.0,428.0,2304.0,0.7641037106513977,0.9999992847442628,0.0009999990964867,0.001,False,128.0,128.0,,,SGD
train,,,,,,,96.93713426589966,5.0,429.0,2305.0,0.6820765733718872,0.999999225139618,0.0009999999017041,0.001,False,128.0,128.0,,,SGD
train,,,,,,,96.9753475189209,5.0,430.0,2306.0,0.6919005513191223,0.9999989867210388,0.0009999976300184,0.001,False,128.0,128.0,,,SGD
train,,,,,,,97.02121448516846,5.0,431.0,2307.0,0.754635751247406,0.9999990463256836,0.0010000011779325,0.001,False,128.0,128.0,,,SGD
train,,,,,,,97.06487774848938,5.0,432.0,2308.0,0.7058121562004089,0.9999990463256836,0.000999999151193,0.001,False,128.0,128.0,,,SGD
train,,,,,,,97.1278600692749,5.0,433.0,2309.0,0.7486506700515747,0.9999990463256836,0.0010000010633299,0.001,False,128.0,128.0,,,SGD
train,,,,,,,97.16521620750429,5.0,434.0,2310.0,0.6978705525398254,0.9999991655349731,0.0009999990718674,0.001,False,128.0,128.0,,,SGD
train,,,,,,,97.2000949382782,5.0,435.0,2311.0,0.645334780216217,0.9999991655349731,0.0009867040027897,0.001,False,128.0,128.0,,,SGD
train,,,,,,,97.23105883598328,5.0,436.0,2312.0,0.6057388186454773,0.986703097820282,0.0009651814982414,0.001,False,128.0,128.0,,,SGD
train,,,,,,,97.27477550506592,5.0,437.0,2313.0,0.6929001808166504,0.9651846885681152,0.0009999991244921,0.001,False,128.0,128.0,,,SGD
train,,,,,,,97.31110620498656,5.0,438.0,2314.0,0.6029772162437439,0.9999990463256836,0.0009999983115302,0.001,False,128.0,128.0,,,SGD
train,,,,,,,97.34378051757812,5.0,439.0,2315.0,0.6217911243438721,0.9999991059303284,0.0009483530807313,0.001,False,128.0,128.0,,,SGD
train,,,,,,,97.38093519210815,5.0,440.0,2316.0,0.7071714401245117,0.94835102558136,0.0009440544043839,0.001,False,128.0,128.0,,,SGD
train,,,,,,,97.4144971370697,5.0,441.0,2317.0,0.7050715684890747,0.9440545439720154,0.0009999976898041,0.001,False,128.0,128.0,,,SGD
train,,,,,,,97.45179224014282,5.0,442.0,2318.0,0.6753755807876587,0.9999991059303284,0.0009999988644776,0.001,False,128.0,128.0,,,SGD
train,,,,,,,97.48992133140564,5.0,443.0,2319.0,0.6520724296569824,0.9999993443489076,0.0009999994125952,0.001,False,128.0,128.0,,,SGD
train,,,,,,,97.5246195793152,5.0,444.0,2320.0,0.6520620584487915,0.9999991059303284,0.0009999973030014,0.001,False,128.0,128.0,,,SGD
train,,,,,,,97.5651080608368,5.0,445.0,2321.0,0.7033993601799011,0.9999991655349731,0.0009999991431993,0.001,False,128.0,128.0,,,SGD
train,,,,,,,97.608323097229,5.0,446.0,2322.0,0.7384386658668518,0.9999991655349731,0.0009999981784142,0.001,False,128.0,128.0,,,SGD
train,,,,,,,97.6515130996704,5.0,447.0,2323.0,0.7034883499145508,0.999999225139618,0.0010000016646813,0.001,False,128.0,128.0,,,SGD
train,,,,,,,97.6830153465271,5.0,448.0,2324.0,0.7434755563735962,0.9999989867210388,0.0009999981849091,0.001,False,128.0,128.0,,,SGD
train,,,,,,,97.72710275650024,5.0,449.0,2325.0,0.7233737707138062,0.9999989867210388,0.000999997388128,0.001,False,128.0,128.0,,,SGD
train,,,,,,,97.76301050186156,5.0,450.0,2326.0,0.6700424551963806,0.999999225139618,0.0009999994307473,0.001,False,128.0,128.0,,,SGD
train,,,,,,,97.8074028491974,5.0,451.0,2327.0,0.765272319316864,0.9999992847442628,0.0009999982302895,0.001,False,128.0,128.0,,,SGD
train,,,,,,,97.8413097858429,5.0,452.0,2328.0,0.7018077969551086,0.9999991655349731,0.0009999985246934,0.001,False,128.0,128.0,,,SGD
train,,,,,,,97.87489771842957,5.0,453.0,2329.0,0.7474095821380615,0.9999991059303284,0.0009626382258848,0.001,False,128.0,128.0,,,SGD
train,,,,,,,97.91247606277466,5.0,454.0,2330.0,0.697404682636261,0.9626377820968628,0.0009999994566155,0.001,False,128.0,128.0,,,SGD
train,,,,,,,97.94346690177916,5.0,455.0,2331.0,0.6870595812797546,0.9999991655349731,0.0010000004543175,0.001,False,128.0,128.0,,,SGD
train,,,,,,,97.97848916053772,5.0,456.0,2332.0,0.6061549186706543,0.9999992847442628,0.0009999983227435,0.001,False,128.0,128.0,,,SGD
train,,,,,,,98.01448798179626,5.0,457.0,2333.0,0.6537339687347412,0.9999990463256836,0.0009735994587043,0.001,False,128.0,128.0,,,SGD
train,,,,,,,98.04859471321106,5.0,458.0,2334.0,0.7583810091018677,0.973600208759308,0.0010000013333635,0.001,False,128.0,128.0,,,SGD
train,,,,,,,98.08546710014345,5.0,459.0,2335.0,0.6444220542907715,0.9999991655349731,0.0009999986028809,0.001,False,128.0,128.0,,,SGD
train,,,,,,,98.12424421310423,5.0,460.0,2336.0,0.6972976326942444,0.9999989867210388,0.0009999979026343,0.001,False,128.0,128.0,,,SGD
train,,,,,,,98.16396689414978,5.0,461.0,2337.0,0.7665700316429138,0.9999991059303284,0.0009999980578438,0.001,False,128.0,128.0,,,SGD
train,,,,,,,98.20326113700868,5.0,462.0,2338.0,0.6982118487358093,0.999999225139618,0.0009999982774186,0.001,False,128.0,128.0,,,SGD
train,,,,,,,98.23838305473328,5.0,463.0,2339.0,0.713742733001709,0.999999225139618,0.0010000019936953,0.001,False,128.0,128.0,,,SGD
train,,,,,,,98.2793755531311,5.0,464.0,2340.0,0.6990312337875366,0.9999991059303284,0.0009999995187325,0.001,False,128.0,128.0,,,SGD
train,,,,,,,98.31661558151244,5.0,465.0,2341.0,0.6973376870155334,0.9999991655349731,0.0009999988957304,0.001,False,128.0,128.0,,,SGD
train,,,,,,,98.3543758392334,5.0,466.0,2342.0,0.7807206511497498,0.9999991059303284,0.0009999997416099,0.001,False,128.0,128.0,,,SGD
train,,,,,,,98.3931212425232,5.0,467.0,2343.0,0.6800501346588135,0.9999992847442628,0.0009999996319753,0.001,False,128.0,128.0,,,SGD
train,,,,,,,98.44188475608826,5.0,468.0,2344.0,0.7049356698989868,0.9999991655349731,0.001000000759129,0.001,False,128.0,128.0,,,SGD
train,,,,,,,98.4785475730896,5.0,469.0,2345.0,0.7963750958442688,0.999999225139618,0.0009999987767143,0.001,False,128.0,128.0,,,SGD
eval,,,,,,,100.75166916847228,5.0,,2345.0,,,,,False,128.0,128.0,0.6725189727306365,0.8577,SGD
train,,,,,,,100.82530164718628,6.0,1.0,2346.0,0.8078874945640564,0.9999992847442628,0.0009999991417005,0.001,False,128.0,128.0,,,SGD
train,,,,,,,100.86347556114195,6.0,2.0,2347.0,0.7491942048072815,0.9999989867210388,0.0009999968199975,0.001,False,128.0,128.0,,,SGD
train,,,,,,,101.0968565940857,6.0,3.0,2348.0,0.6839414834976196,0.9999990463256836,0.0010000003173715,0.001,False,128.0,128.0,,,SGD
train,,,,,,,101.13881301879884,6.0,4.0,2349.0,0.7186990976333618,0.9999990463256836,0.0009999983370654,0.001,False,128.0,128.0,,,SGD
train,,,,,,,101.17063736915588,6.0,5.0,2350.0,0.6951656341552734,0.999999225139618,0.0009999980460754,0.001,False,128.0,128.0,,,SGD
train,,,,,,,101.20421075820924,6.0,6.0,2351.0,0.7037326097488403,0.9999991655349731,0.000999999368547,0.001,False,128.0,128.0,,,SGD
train,,,,,,,101.24363565444946,6.0,7.0,2352.0,0.6623856425285339,0.9999991655349731,0.0009999997677556,0.001,False,128.0,128.0,,,SGD
train,,,,,,,101.2803897857666,6.0,8.0,2353.0,0.7629263401031494,0.9999991655349731,0.0009999991414785,0.001,False,128.0,128.0,,,SGD
train,,,,,,,101.31436276435852,6.0,9.0,2354.0,0.7491182088851929,0.9999990463256836,0.0009999985305637,0.001,False,128.0,128.0,,,SGD
train,,,,,,,101.35192608833312,6.0,10.0,2355.0,0.6336207389831543,0.9999991059303284,0.0009999991990991,0.001,False,128.0,128.0,,,SGD
train,,,,,,,101.38522291183472,6.0,11.0,2356.0,0.6537144780158997,0.9999991655349731,0.0009999995249775,0.001,False,128.0,128.0,,,SGD
train,,,,,,,101.43132662773132,6.0,12.0,2357.0,0.7025454044342041,0.9999991655349731,0.0009999978734354,0.001,False,128.0,128.0,,,SGD
train,,,,,,,101.46807098388672,6.0,13.0,2358.0,0.5977315902709961,0.999999225139618,0.0009372967356238,0.001,False,128.0,128.0,,,SGD
train,,,,,,,101.5053482055664,6.0,14.0,2359.0,0.6003519892692566,0.9372959733009338,0.0010000009383744,0.001,False,128.0,128.0,,,SGD
train,,,,,,,101.54400181770325,6.0,15.0,2360.0,0.7062845826148987,0.9999989867210388,0.0009999971723278,0.001,False,128.0,128.0,,,SGD
train,,,,,,,101.5795831680298,6.0,16.0,2361.0,0.6992849111557007,0.9999991059303284,0.0009999996280895,0.001,False,128.0,128.0,,,SGD
train,,,,,,,101.6112973690033,6.0,17.0,2362.0,0.7777888774871826,0.999999225139618,0.0009999993394314,0.001,False,128.0,128.0,,,SGD
train,,,,,,,101.64530062675476,6.0,18.0,2363.0,0.7078686952590942,0.9999993443489076,0.0009999989740845,0.001,False,128.0,128.0,,,SGD
train,,,,,,,101.68143630027772,6.0,19.0,2364.0,0.6602481603622437,0.9999991059303284,0.0009999976488368,0.001,False,128.0,128.0,,,SGD
train,,,,,,,101.7176594734192,6.0,20.0,2365.0,0.7422764897346497,0.9999991059303284,0.001000000003345,0.001,False,128.0,128.0,,,SGD
train,,,,,,,101.75310277938844,6.0,21.0,2366.0,0.5853177309036255,0.999999225139618,0.000999998468516,0.001,False,128.0,128.0,,,SGD
train,,,,,,,101.79551529884338,6.0,22.0,2367.0,0.7341868281364441,0.999999225139618,0.000999998404456,0.001,False,128.0,128.0,,,SGD
train,,,,,,,101.82862114906312,6.0,23.0,2368.0,0.7433857321739197,0.9999990463256836,0.0009999994077657,0.001,False,128.0,128.0,,,SGD
train,,,,,,,101.86511254310608,6.0,24.0,2369.0,0.7306624054908752,0.9999992847442628,0.0010000001980226,0.001,False,128.0,128.0,,,SGD
train,,,,,,,101.89728951454164,6.0,25.0,2370.0,0.6475171446800232,0.9999991059303284,0.0009999978748787,0.001,False,128.0,128.0,,,SGD
train,,,,,,,101.93461966514587,6.0,26.0,2371.0,0.6822102069854736,0.9999990463256836,0.0010000006124132,0.001,False,128.0,128.0,,,SGD
train,,,,,,,101.97057247161864,6.0,27.0,2372.0,0.6270545721054077,0.9999991655349731,0.001000001014036,0.001,False,128.0,128.0,,,SGD
train,,,,,,,102.0064537525177,6.0,28.0,2373.0,0.6658226847648621,0.9999991059303284,0.0009810119705026,0.001,False,128.0,128.0,,,SGD
train,,,,,,,102.03756642341614,6.0,29.0,2374.0,0.6009258031845093,0.9810110926628112,0.00099999829793,0.001,False,128.0,128.0,,,SGD
train,,,,,,,102.07420802116394,6.0,30.0,2375.0,0.6383077502250671,0.9999989867210388,0.0009919435976725,0.001,False,128.0,128.0,,,SGD
train,,,,,,,102.11084938049316,6.0,31.0,2376.0,0.5564077496528625,0.991940438747406,0.0009999974695631,0.001,False,128.0,128.0,,,SGD
train,,,,,,,102.14766907691956,6.0,32.0,2377.0,0.7029925584793091,0.9999991655349731,0.0009959878353819,0.001,False,128.0,128.0,,,SGD
train,,,,,,,102.18477201461792,6.0,33.0,2378.0,0.6724416017532349,0.9959893226623536,0.0009999992240236,0.001,False,128.0,128.0,,,SGD
train,,,,,,,102.22386145591736,6.0,34.0,2379.0,0.763733446598053,0.999999225139618,0.0009999986522443,0.001,False,128.0,128.0,,,SGD
train,,,,,,,102.25615906715392,6.0,35.0,2380.0,0.6855838298797607,0.9999991655349731,0.0009999989875737,0.001,False,128.0,128.0,,,SGD
train,,,,,,,102.2925672531128,6.0,36.0,2381.0,0.6193481087684631,0.9999990463256836,0.0009999980303657,0.001,False,128.0,128.0,,,SGD
train,,,,,,,102.3288233280182,6.0,37.0,2382.0,0.6745585799217224,0.999999225139618,0.0010000003248655,0.001,False,128.0,128.0,,,SGD
train,,,,,,,102.36472606658936,6.0,38.0,2383.0,0.726715624332428,0.9999991059303284,0.0009999991913275,0.001,False,128.0,128.0,,,SGD
train,,,,,,,102.4071741104126,6.0,39.0,2384.0,0.7720130681991577,0.999999225139618,0.0009999988847392,0.001,False,128.0,128.0,,,SGD
train,,,,,,,102.44462633132936,6.0,40.0,2385.0,0.664622962474823,0.999999225139618,0.0010000012233128,0.001,False,128.0,128.0,,,SGD
train,,,,,,,102.48189520835876,6.0,41.0,2386.0,0.6370536088943481,0.9999991655349731,0.0010000005633413,0.001,False,128.0,128.0,,,SGD
train,,,,,,,102.51932311058044,6.0,42.0,2387.0,0.6562227010726929,0.9999991655349731,0.0009901819886615,0.001,False,128.0,128.0,,,SGD
train,,,,,,,102.5540292263031,6.0,43.0,2388.0,0.674230694770813,0.9901830554008484,0.0009999993134799,0.001,False,128.0,128.0,,,SGD
train,,,,,,,102.5873384475708,6.0,44.0,2389.0,0.6679918766021729,0.9999991059303284,0.00100000220955,0.001,False,128.0,128.0,,,SGD
train,,,,,,,102.62260389328004,6.0,45.0,2390.0,0.6524905562400818,0.999999225139618,0.0009999991848883,0.001,False,128.0,128.0,,,SGD
train,,,,,,,102.65721249580383,6.0,46.0,2391.0,0.6496285200119019,0.9999992847442628,0.0009999972216773,0.001,False,128.0,128.0,,,SGD
train,,,,,,,102.69656324386597,6.0,47.0,2392.0,0.6964356303215027,0.9999990463256836,0.0009999990403093,0.001,False,128.0,128.0,,,SGD
train,,,,,,,102.73916006088255,6.0,48.0,2393.0,0.6291130185127258,0.999998927116394,0.0009999997778032,0.001,False,128.0,128.0,,,SGD
train,,,,,,,102.7741882801056,6.0,49.0,2394.0,0.6546996235847473,0.9999990463256836,0.001000000352066,0.001,False,128.0,128.0,,,SGD
train,,,,,,,102.81230640411376,6.0,50.0,2395.0,0.6981644630432129,0.9999991655349731,0.0010000007708696,0.001,False,128.0,128.0,,,SGD
train,,,,,,,102.84956645965576,6.0,51.0,2396.0,0.7255756855010986,0.9999991655349731,0.0010000000175003,0.001,False,128.0,128.0,,,SGD
train,,,,,,,102.89703822135924,6.0,52.0,2397.0,0.8046655058860779,0.999999225139618,0.0010000010774574,0.001,False,128.0,128.0,,,SGD
train,,,,,,,102.93809175491332,6.0,53.0,2398.0,0.7340683341026306,0.9999993443489076,0.0009999992833096,0.001,False,128.0,128.0,,,SGD
train,,,,,,,102.9742398262024,6.0,54.0,2399.0,0.5886517763137817,0.9999992847442628,0.0009999981853809,0.001,False,128.0,128.0,,,SGD
train,,,,,,,103.01079273223876,6.0,55.0,2400.0,0.6884996294975281,0.9999991655349731,0.0009999997115228,0.001,False,128.0,128.0,,,SGD
train,,,,,,,103.0512878894806,6.0,56.0,2401.0,0.6666882038116455,0.999999225139618,0.0009999988859049,0.001,False,128.0,128.0,,,SGD
train,,,,,,,103.0918745994568,6.0,57.0,2402.0,0.6829178333282471,0.9999989867210388,0.0009999988383318,0.001,False,128.0,128.0,,,SGD
train,,,,,,,103.13663053512572,6.0,58.0,2403.0,0.6609309911727905,0.999999225139618,0.0010000001399024,0.001,False,128.0,128.0,,,SGD
train,,,,,,,103.17789721488953,6.0,59.0,2404.0,0.6393307447433472,0.9999991059303284,0.0009999981618441,0.001,False,128.0,128.0,,,SGD
train,,,,,,,103.22374629974364,6.0,60.0,2405.0,0.717951238155365,0.9999991655349731,0.000999999194797,0.001,False,128.0,128.0,,,SGD
train,,,,,,,103.27038717269896,6.0,61.0,2406.0,0.8025909662246704,0.9999992847442628,0.0010000000540267,0.001,False,128.0,128.0,,,SGD
train,,,,,,,103.31082820892334,6.0,62.0,2407.0,0.6254644989967346,0.999999225139618,0.0010000005687259,0.001,False,128.0,128.0,,,SGD
train,,,,,,,103.34825611114502,6.0,63.0,2408.0,0.6465471982955933,0.9999989867210388,0.0010000022726383,0.001,False,128.0,128.0,,,SGD
train,,,,,,,103.384850025177,6.0,64.0,2409.0,0.6280239224433899,0.999999225139618,0.0009999981962889,0.001,False,128.0,128.0,,,SGD
train,,,,,,,103.42703008651732,6.0,65.0,2410.0,0.6156567931175232,0.9999991655349731,0.0009999985569732,0.001,False,128.0,128.0,,,SGD
train,,,,,,,103.4623885154724,6.0,66.0,2411.0,0.6808664202690125,0.9999991059303284,0.0009999997014753,0.001,False,128.0,128.0,,,SGD
train,,,,,,,103.4965147972107,6.0,67.0,2412.0,0.6963608860969543,0.9999991655349731,0.0009999995708575,0.001,False,128.0,128.0,,,SGD
train,,,,,,,103.52887845039368,6.0,68.0,2413.0,0.6029549241065979,0.9999991059303284,0.0009999991997653,0.001,False,128.0,128.0,,,SGD
train,,,,,,,103.55984926223756,6.0,69.0,2414.0,0.619189441204071,0.9999991059303284,0.0009999975423384,0.001,False,128.0,128.0,,,SGD
train,,,,,,,103.59545016288756,6.0,70.0,2415.0,0.790972888469696,0.999999225139618,0.0009999968855841,0.001,False,128.0,128.0,,,SGD
train,,,,,,,103.63023090362547,6.0,71.0,2416.0,0.6284477710723877,0.999999225139618,0.0009999995281694,0.001,False,128.0,128.0,,,SGD
train,,,,,,,103.66826891899107,6.0,72.0,2417.0,0.6955705881118774,0.9999990463256836,0.0010000000566912,0.001,False,128.0,128.0,,,SGD
train,,,,,,,103.70726227760316,6.0,73.0,2418.0,0.6670405268669128,0.999999225139618,0.0009999974496623,0.001,False,128.0,128.0,,,SGD
train,,,,,,,103.74874925613403,6.0,74.0,2419.0,0.6656509041786194,0.9999990463256836,0.0009999991161654,0.001,False,128.0,128.0,,,SGD
train,,,,,,,103.78802871704102,6.0,75.0,2420.0,0.7125016450881958,0.9999990463256836,0.0009986701474083,0.001,False,128.0,128.0,,,SGD
train,,,,,,,103.82693934440611,6.0,76.0,2421.0,0.6612840294837952,0.9986709952354432,0.0010000011612792,0.001,False,128.0,128.0,,,SGD
train,,,,,,,103.87439513206482,6.0,77.0,2422.0,0.6976630687713623,0.999999225139618,0.000999996698844,0.001,False,128.0,128.0,,,SGD
train,,,,,,,103.91131067276,6.0,78.0,2423.0,0.5811929702758789,0.9999990463256836,0.0009999968869996,0.001,False,128.0,128.0,,,SGD
train,,,,,,,103.94881391525269,6.0,79.0,2424.0,0.6821907162666321,0.9999991059303284,0.0010000000573018,0.001,False,128.0,128.0,,,SGD
train,,,,,,,103.98949241638184,6.0,80.0,2425.0,0.7109339833259583,0.999999225139618,0.0010000004957843,0.001,False,128.0,128.0,,,SGD
train,,,,,,,104.02358937263487,6.0,81.0,2426.0,0.637056291103363,0.9999991655349731,0.0010000000181942,0.001,False,128.0,128.0,,,SGD
train,,,,,,,104.05609965324402,6.0,82.0,2427.0,0.5702483057975769,0.9999991655349731,0.0009999997724186,0.001,False,128.0,128.0,,,SGD
train,,,,,,,104.0957977771759,6.0,83.0,2428.0,0.7417672872543335,0.9999991059303284,0.0009999976484759,0.001,False,128.0,128.0,,,SGD
train,,,,,,,104.14267420768738,6.0,84.0,2429.0,0.5850499868392944,0.999999225139618,0.0009999977525873,0.001,False,128.0,128.0,,,SGD
train,,,,,,,104.22752451896667,6.0,85.0,2430.0,0.7203506827354431,0.9999990463256836,0.0009999987302792,0.001,False,128.0,128.0,,,SGD
train,,,,,,,104.27475786209106,6.0,86.0,2431.0,0.7320060133934021,0.9999991655349731,0.0009999989702819,0.001,False,128.0,128.0,,,SGD
train,,,,,,,104.3104841709137,6.0,87.0,2432.0,0.6724794507026672,0.9999993443489076,0.0010000024293459,0.001,False,128.0,128.0,,,SGD
train,,,,,,,104.34932374954224,6.0,88.0,2433.0,0.6810272932052612,0.9999991059303284,0.0010000002694377,0.001,False,128.0,128.0,,,SGD
train,,,,,,,104.39046931266785,6.0,89.0,2434.0,0.6286440491676331,0.9999991655349731,0.0009999996253695,0.001,False,128.0,128.0,,,SGD
train,,,,,,,104.42584776878356,6.0,90.0,2435.0,0.7504077553749084,0.9999991655349731,0.000999999942144,0.001,False,128.0,128.0,,,SGD
train,,,,,,,104.46514391899107,6.0,91.0,2436.0,0.7007537484169006,0.9999991655349731,0.0009999977819806,0.001,False,128.0,128.0,,,SGD
train,,,,,,,104.5102837085724,6.0,92.0,2437.0,0.6990066170692444,0.9999990463256836,0.0009999975083377,0.001,False,128.0,128.0,,,SGD
train,,,,,,,104.5508589744568,6.0,93.0,2438.0,0.6038618087768555,0.9999990463256836,0.0009666994013007,0.001,False,128.0,128.0,,,SGD
train,,,,,,,104.58371949195862,6.0,94.0,2439.0,0.5673253536224365,0.9666997790336608,0.0009999998151067,0.001,False,128.0,128.0,,,SGD
train,,,,,,,104.627347946167,6.0,95.0,2440.0,0.6760621666908264,0.999999225139618,0.0010000007103903,0.001,False,128.0,128.0,,,SGD
train,,,,,,,104.66288948059082,6.0,96.0,2441.0,0.6813227534294128,0.9999991059303284,0.0009999983555784,0.001,False,128.0,128.0,,,SGD
train,,,,,,,104.69509720802309,6.0,97.0,2442.0,0.6201725006103516,0.9999991059303284,0.0009999985065967,0.001,False,128.0,128.0,,,SGD
train,,,,,,,104.7313904762268,6.0,98.0,2443.0,0.7127584218978882,0.9999991059303284,0.0009999974475528,0.001,False,128.0,128.0,,,SGD
train,,,,,,,104.76817274093628,6.0,99.0,2444.0,0.672428548336029,0.9999990463256836,0.0009999978304141,0.001,False,128.0,128.0,,,SGD
train,,,,,,,104.80517601966858,6.0,100.0,2445.0,0.7325253486633301,0.9999991655349731,0.0009999985590826,0.001,False,128.0,128.0,,,SGD
train,,,,,,,104.83879494667052,6.0,101.0,2446.0,0.7808685302734375,0.9999990463256836,0.0009999990450833,0.001,False,128.0,128.0,,,SGD
train,,,,,,,104.87169647216795,6.0,102.0,2447.0,0.6619986891746521,0.9999991655349731,0.0010000005263987,0.001,False,128.0,128.0,,,SGD
train,,,,,,,104.90317034721376,6.0,103.0,2448.0,0.6808417439460754,0.9999990463256836,0.0009999973243177,0.001,False,128.0,128.0,,,SGD
train,,,,,,,104.93728923797607,6.0,104.0,2449.0,0.7052537202835083,0.9999991059303284,0.0009999987862623,0.001,False,128.0,128.0,,,SGD
train,,,,,,,104.97475743293762,6.0,105.0,2450.0,0.6741771697998047,0.999999225139618,0.0009999977777062,0.001,False,128.0,128.0,,,SGD
train,,,,,,,105.0109519958496,6.0,106.0,2451.0,0.7307714819908142,0.9999990463256836,0.0009999998909904,0.001,False,128.0,128.0,,,SGD
train,,,,,,,105.04820346832275,6.0,107.0,2452.0,0.670915424823761,0.9999991059303284,0.0010000002406274,0.001,False,128.0,128.0,,,SGD
train,,,,,,,105.08320045471191,6.0,108.0,2453.0,0.6231148838996887,0.9999990463256836,0.0009999974943766,0.001,False,128.0,128.0,,,SGD
train,,,,,,,105.11770462989809,6.0,109.0,2454.0,0.6661147475242615,0.9999990463256836,0.0009996934475672,0.001,False,128.0,128.0,,,SGD
train,,,,,,,105.15000605583192,6.0,110.0,2455.0,0.6665034890174866,0.9996924996376038,0.0010000000944665,0.001,False,128.0,128.0,,,SGD
train,,,,,,,105.1853392124176,6.0,111.0,2456.0,0.7050718069076538,0.9999991059303284,0.0010000006630393,0.001,False,128.0,128.0,,,SGD
train,,,,,,,105.22254085540771,6.0,112.0,2457.0,0.5628789663314819,0.999999225139618,0.0009999996352227,0.001,False,128.0,128.0,,,SGD
train,,,,,,,105.2624409198761,6.0,113.0,2458.0,0.6362431049346924,0.9999990463256836,0.0010000000437016,0.001,False,128.0,128.0,,,SGD
train,,,,,,,105.29427194595335,6.0,114.0,2459.0,0.6814478039741516,0.9999991655349731,0.0010000004534293,0.001,False,128.0,128.0,,,SGD
train,,,,,,,105.33161187171936,6.0,115.0,2460.0,0.7255746126174927,0.9999991655349731,0.0009999990995675,0.001,False,128.0,128.0,,,SGD
train,,,,,,,105.3673005104065,6.0,116.0,2461.0,0.6587058901786804,0.999999225139618,0.000999999382175,0.001,False,128.0,128.0,,,SGD
train,,,,,,,105.40135169029236,6.0,117.0,2462.0,0.5788082480430603,0.9999991655349731,0.0009177469491501,0.001,False,128.0,128.0,,,SGD
train,,,,,,,105.43555784225464,6.0,118.0,2463.0,0.7059382796287537,0.9177467226982116,0.0010000002647192,0.001,False,128.0,128.0,,,SGD
train,,,,,,,105.47393989562988,6.0,119.0,2464.0,0.5873997807502747,0.9999992847442628,0.0009571854399604,0.001,False,128.0,128.0,,,SGD
train,,,,,,,105.5177001953125,6.0,120.0,2465.0,0.6323181986808777,0.957184076309204,0.0009024307658674,0.001,False,128.0,128.0,,,SGD
train,,,,,,,105.56101965904236,6.0,121.0,2466.0,0.7310576438903809,0.902431070804596,0.000999997984902,0.001,False,128.0,128.0,,,SGD
train,,,,,,,105.59573531150818,6.0,122.0,2467.0,0.6426469087600708,0.9999991059303284,0.0010000013084668,0.001,False,128.0,128.0,,,SGD
train,,,,,,,105.63727903366087,6.0,123.0,2468.0,0.7377819418907166,0.9999992847442628,0.0009999987065482,0.001,False,128.0,128.0,,,SGD
train,,,,,,,105.67290234565736,6.0,124.0,2469.0,0.7372723817825317,0.9999991655349731,0.0010000002609167,0.001,False,128.0,128.0,,,SGD
train,,,,,,,105.70920586586,6.0,125.0,2470.0,0.5853167176246643,0.9999989867210388,0.0009999989499371,0.001,False,128.0,128.0,,,SGD
train,,,,,,,105.74638175964355,6.0,126.0,2471.0,0.7393462061882019,0.9999991059303284,0.0009999999442256,0.001,False,128.0,128.0,,,SGD
train,,,,,,,105.78086709976196,6.0,127.0,2472.0,0.6524762511253357,0.9999989867210388,0.0009999974977905,0.001,False,128.0,128.0,,,SGD
train,,,,,,,105.81337761878969,6.0,128.0,2473.0,0.5485561490058899,0.9999989867210388,0.000939049187173,0.001,False,128.0,128.0,,,SGD
train,,,,,,,105.84841990470886,6.0,129.0,2474.0,0.7269245982170105,0.939048707485199,0.0009999983621842,0.001,False,128.0,128.0,,,SGD
train,,,,,,,105.88817024230956,6.0,130.0,2475.0,0.5824834108352661,0.9999990463256836,0.0010000009488382,0.001,False,128.0,128.0,,,SGD
train,,,,,,,105.92777895927428,6.0,131.0,2476.0,0.5796146988868713,0.9999990463256836,0.0009999974895749,0.001,False,128.0,128.0,,,SGD
train,,,,,,,105.9623680114746,6.0,132.0,2477.0,0.66975337266922,0.9999990463256836,0.0009999998094445,0.001,False,128.0,128.0,,,SGD
train,,,,,,,106.0042130947113,6.0,133.0,2478.0,0.6071682572364807,0.9999991655349731,0.0009999996912057,0.001,False,128.0,128.0,,,SGD
train,,,,,,,106.04032278060912,6.0,134.0,2479.0,0.7346400618553162,0.9999992847442628,0.0009999988141289,0.001,False,128.0,128.0,,,SGD
train,,,,,,,106.0792281627655,6.0,135.0,2480.0,0.5982751250267029,0.9999992847442628,0.0010000012203985,0.001,False,128.0,128.0,,,SGD
train,,,,,,,106.11984276771544,6.0,136.0,2481.0,0.7920142412185669,0.9999991059303284,0.0009999996371379,0.001,False,128.0,128.0,,,SGD
train,,,,,,,106.162859916687,6.0,137.0,2482.0,0.7428715825080872,0.9999991059303284,0.0009999994863695,0.001,False,128.0,128.0,,,SGD
train,,,,,,,106.2075490951538,6.0,138.0,2483.0,0.6591944694519043,0.9999992847442628,0.0009999992088968,0.001,False,128.0,128.0,,,SGD
train,,,,,,,106.26171851158142,6.0,139.0,2484.0,0.643433690071106,0.999999225139618,0.0010000001724875,0.001,False,128.0,128.0,,,SGD
train,,,,,,,106.29908490180968,6.0,140.0,2485.0,0.6878944635391235,0.9999992847442628,0.0009999998036714,0.001,False,128.0,128.0,,,SGD
train,,,,,,,106.33955430984496,6.0,141.0,2486.0,0.6565399765968323,0.9999991059303284,0.0009999974630682,0.001,False,128.0,128.0,,,SGD
train,,,,,,,106.40512084960938,6.0,142.0,2487.0,0.7225947380065918,0.9999990463256836,0.0010000004304755,0.001,False,128.0,128.0,,,SGD
train,,,,,,,106.46701765060423,6.0,143.0,2488.0,0.6498239636421204,0.9999992847442628,0.0009598722234358,0.001,False,128.0,128.0,,,SGD
train,,,,,,,106.50766897201538,6.0,144.0,2489.0,0.6193057894706726,0.9598727226257324,0.0010000006019216,0.001,False,128.0,128.0,,,SGD
train,,,,,,,106.55882668495178,6.0,145.0,2490.0,0.6565382480621338,0.9999990463256836,0.0010000007808894,0.001,False,128.0,128.0,,,SGD
train,,,,,,,106.60776329040527,6.0,146.0,2491.0,0.6935481429100037,0.9999991655349731,0.0009999979240617,0.001,False,128.0,128.0,,,SGD
train,,,,,,,106.652202129364,6.0,147.0,2492.0,0.6789522767066956,0.999999225139618,0.0010000006403908,0.001,False,128.0,128.0,,,SGD
train,,,,,,,106.69587326049805,6.0,148.0,2493.0,0.6879597902297974,0.9999992847442628,0.0010000008778673,0.001,False,128.0,128.0,,,SGD
train,,,,,,,106.73538827896118,6.0,149.0,2494.0,0.7435590028762817,0.9999991655349731,0.0009999992317397,0.001,False,128.0,128.0,,,SGD
train,,,,,,,106.771381855011,6.0,150.0,2495.0,0.6586797833442688,0.9999990463256836,0.0009999994215325,0.001,False,128.0,128.0,,,SGD
train,,,,,,,106.81373023986816,6.0,151.0,2496.0,0.6679766178131104,0.9999991059303284,0.001000002314105,0.001,False,128.0,128.0,,,SGD
train,,,,,,,106.89072942733765,6.0,152.0,2497.0,0.6013335585594177,0.999999225139618,0.0009999979272258,0.001,False,128.0,128.0,,,SGD
train,,,,,,,106.93413805961607,6.0,153.0,2498.0,0.733624279499054,0.9999990463256836,0.0009999998388932,0.001,False,128.0,128.0,,,SGD
train,,,,,,,106.97137451171876,6.0,154.0,2499.0,0.6893506646156311,0.9999992847442628,0.0009999994047681,0.001,False,128.0,128.0,,,SGD
train,,,,,,,107.00567030906676,6.0,155.0,2500.0,0.6612286567687988,0.9999989867210388,0.0009999981219593,0.001,False,128.0,128.0,,,SGD
train,,,,,,,107.04876923561096,6.0,156.0,2501.0,0.7461327910423279,0.9999991059303284,0.0010000007647912,0.001,False,128.0,128.0,,,SGD
train,,,,,,,107.08851885795592,6.0,157.0,2502.0,0.7129631042480469,0.999999225139618,0.0010000002097909,0.001,False,128.0,128.0,,,SGD
train,,,,,,,107.1203796863556,6.0,158.0,2503.0,0.5809081792831421,0.999999225139618,0.0009999981875181,0.001,False,128.0,128.0,,,SGD
train,,,,,,,107.15396451950072,6.0,159.0,2504.0,0.6103813052177429,0.9999991655349731,0.0009426819585919,0.001,False,128.0,128.0,,,SGD
train,,,,,,,107.196622133255,6.0,160.0,2505.0,0.6526119112968445,0.9426815509796144,0.0010000015818033,0.001,False,128.0,128.0,,,SGD
train,,,,,,,107.24308729171752,6.0,161.0,2506.0,0.6444658637046814,0.9999991655349731,0.000972631565705,0.001,False,128.0,128.0,,,SGD
train,,,,,,,107.27992796897888,6.0,162.0,2507.0,0.5570696592330933,0.9726322293281556,0.0009999989843818,0.001,False,128.0,128.0,,,SGD
train,,,,,,,107.31740212440492,6.0,163.0,2508.0,0.6521325707435608,0.9999991059303284,0.0010000000987964,0.001,False,128.0,128.0,,,SGD
train,,,,,,,107.36107420921326,6.0,164.0,2509.0,0.6355928778648376,0.9999991059303284,0.0009999978674957,0.001,False,128.0,128.0,,,SGD
train,,,,,,,107.4004077911377,6.0,165.0,2510.0,0.6115191578865051,0.9999991059303284,0.0009999971138744,0.001,False,128.0,128.0,,,SGD
train,,,,,,,107.44338250160216,6.0,166.0,2511.0,0.6366806626319885,0.9999991655349731,0.0009999984618547,0.001,False,128.0,128.0,,,SGD
train,,,,,,,107.48576664924622,6.0,167.0,2512.0,0.6431489586830139,0.999999225139618,0.0009999987731616,0.001,False,128.0,128.0,,,SGD
train,,,,,,,107.52189707756042,6.0,168.0,2513.0,0.7125272154808044,0.9999991059303284,0.0010000011277782,0.001,False,128.0,128.0,,,SGD
train,,,,,,,107.5549383163452,6.0,169.0,2514.0,0.6628836393356323,0.9999991655349731,0.0009819178912994,0.001,False,128.0,128.0,,,SGD
train,,,,,,,107.59177827835084,6.0,170.0,2515.0,0.7526208162307739,0.9819185137748718,0.0009707947136956,0.001,False,128.0,128.0,,,SGD
train,,,,,,,107.63176679611206,6.0,171.0,2516.0,0.6331125497817993,0.970794439315796,0.000999999565695,0.001,False,128.0,128.0,,,SGD
train,,,,,,,107.66889929771423,6.0,172.0,2517.0,0.6349105834960938,0.9999991059303284,0.0009999981123281,0.001,False,128.0,128.0,,,SGD
train,,,,,,,107.70781087875366,6.0,173.0,2518.0,0.7040426731109619,0.999999225139618,0.0009999981584024,0.001,False,128.0,128.0,,,SGD
train,,,,,,,107.7468888759613,6.0,174.0,2519.0,0.5837805867195129,0.9999990463256836,0.0009999979262543,0.001,False,128.0,128.0,,,SGD
train,,,,,,,107.77923130989076,6.0,175.0,2520.0,0.6429821252822876,0.9999990463256836,0.0009999999373422,0.001,False,128.0,128.0,,,SGD
train,,,,,,,107.81431317329408,6.0,176.0,2521.0,0.6008046865463257,0.9999992847442628,0.0009999988876535,0.001,False,128.0,128.0,,,SGD
train,,,,,,,107.85018348693848,6.0,177.0,2522.0,0.7861644625663757,0.999999225139618,0.0009999993301333,0.001,False,128.0,128.0,,,SGD
train,,,,,,,107.8853371143341,6.0,178.0,2523.0,0.6759137511253357,0.9999991655349731,0.0009999981265667,0.001,False,128.0,128.0,,,SGD
train,,,,,,,107.93505239486694,6.0,179.0,2524.0,0.6076551675796509,0.9999991655349731,0.000999999921022,0.001,False,128.0,128.0,,,SGD
train,,,,,,,107.9689428806305,6.0,180.0,2525.0,0.5902943015098572,0.9999990463256836,0.0009999996860432,0.001,False,128.0,128.0,,,SGD
train,,,,,,,108.00702857971191,6.0,181.0,2526.0,0.678963840007782,0.9999990463256836,0.0010000012286696,0.001,False,128.0,128.0,,,SGD
train,,,,,,,108.05150270462036,6.0,182.0,2527.0,0.6442485451698303,0.9999991655349731,0.0010000005088849,0.001,False,128.0,128.0,,,SGD
train,,,,,,,108.09784722328186,6.0,183.0,2528.0,0.7590181231498718,0.9999992847442628,0.0009999984237184,0.001,False,128.0,128.0,,,SGD
train,,,,,,,108.13992166519164,6.0,184.0,2529.0,0.6524410843849182,0.9999989867210388,0.0009999997182397,0.001,False,128.0,128.0,,,SGD
train,,,,,,,108.18570160865784,6.0,185.0,2530.0,0.5817177295684814,0.9999992847442628,0.0009889809980952,0.001,False,128.0,128.0,,,SGD
train,,,,,,,108.21967792510986,6.0,186.0,2531.0,0.5697741508483887,0.988982319831848,0.0009999993772623,0.001,False,128.0,128.0,,,SGD
train,,,,,,,108.25497007369997,6.0,187.0,2532.0,0.6472931504249573,0.9999991059303284,0.0009999980323641,0.001,False,128.0,128.0,,,SGD
train,,,,,,,108.32235312461852,6.0,188.0,2533.0,0.6486139297485352,0.9999990463256836,0.0009999994142605,0.001,False,128.0,128.0,,,SGD
train,,,,,,,108.36722683906557,6.0,189.0,2534.0,0.6762654185295105,0.9999991059303284,0.0010000008054808,0.001,False,128.0,128.0,,,SGD
train,,,,,,,108.44324350357056,6.0,190.0,2535.0,0.6548753380775452,0.9999991059303284,0.0009999981186841,0.001,False,128.0,128.0,,,SGD
train,,,,,,,108.49826264381409,6.0,191.0,2536.0,0.519324779510498,0.9999991655349731,0.0009999992587181,0.001,False,128.0,128.0,,,SGD
train,,,,,,,108.54356479644775,6.0,192.0,2537.0,0.7154046893119812,0.9999990463256836,0.0009999971769907,0.001,False,128.0,128.0,,,SGD
train,,,,,,,108.58491587638856,6.0,193.0,2538.0,0.6858053803443909,0.999999225139618,0.0009999997488541,0.001,False,128.0,128.0,,,SGD
train,,,,,,,108.62267684936523,6.0,194.0,2539.0,0.6853522658348083,0.9999991655349731,0.0009999988651992,0.001,False,128.0,128.0,,,SGD
train,,,,,,,108.65752148628236,6.0,195.0,2540.0,0.7393507957458496,0.9999991059303284,0.0010000004809351,0.001,False,128.0,128.0,,,SGD
train,,,,,,,108.69286251068117,6.0,196.0,2541.0,0.6710984706878662,0.9999991059303284,0.0009999984441188,0.001,False,128.0,128.0,,,SGD
train,,,,,,,108.72688817977904,6.0,197.0,2542.0,0.6930281519889832,0.9999989867210388,0.0009999975568268,0.001,False,128.0,128.0,,,SGD
train,,,,,,,108.76508164405824,6.0,198.0,2543.0,0.5814771056175232,0.9999991059303284,0.0009999988079672,0.001,False,128.0,128.0,,,SGD
train,,,,,,,108.79964995384216,6.0,199.0,2544.0,0.6229880452156067,0.999999225139618,0.0009999972142943,0.001,False,128.0,128.0,,,SGD
train,,,,,,,108.83690142631532,6.0,200.0,2545.0,0.6940631866455078,0.9999990463256836,0.0009999985006015,0.001,False,128.0,128.0,,,SGD
train,,,,,,,108.88542795181274,6.0,201.0,2546.0,0.5844531655311584,0.999999225139618,0.0009999980660317,0.001,False,128.0,128.0,,,SGD
train,,,,,,,108.92817044258118,6.0,202.0,2547.0,0.6796748042106628,0.999999225139618,0.0010000003344134,0.001,False,128.0,128.0,,,SGD
train,,,,,,,108.96425199508668,6.0,203.0,2548.0,0.593218982219696,0.9999991059303284,0.0009999982909355,0.001,False,128.0,128.0,,,SGD
train,,,,,,,109.00561046600342,6.0,204.0,2549.0,0.6114243268966675,0.9999991655349731,0.0010000003336363,0.001,False,128.0,128.0,,,SGD
train,,,,,,,109.04205513000488,6.0,205.0,2550.0,0.6171718835830688,0.9999991655349731,0.0010000008248542,0.001,False,128.0,128.0,,,SGD
train,,,,,,,109.08356142044067,6.0,206.0,2551.0,0.5536935329437256,0.9999991059303284,0.0009999992094242,0.001,False,128.0,128.0,,,SGD
train,,,,,,,109.12250924110413,6.0,207.0,2552.0,0.4876507818698883,0.9999992847442628,0.0009999991220218,0.001,False,128.0,128.0,,,SGD
train,,,,,,,109.15857076644896,6.0,208.0,2553.0,0.6166306138038635,0.9999990463256836,0.000983797988367,0.001,False,128.0,128.0,,,SGD
train,,,,,,,109.200213432312,6.0,209.0,2554.0,0.6673281192779541,0.9837955832481384,0.0010000001425114,0.001,False,128.0,128.0,,,SGD
train,,,,,,,109.23912811279295,6.0,210.0,2555.0,0.7395299077033997,0.9999991655349731,0.0009190215374984,0.001,False,128.0,128.0,,,SGD
train,,,,,,,109.2859399318695,6.0,211.0,2556.0,0.6049464344978333,0.9190212488174438,0.001000002340334,0.001,False,128.0,128.0,,,SGD
train,,,,,,,109.32595777511597,6.0,212.0,2557.0,0.6082233786582947,0.9999991059303284,0.0009999980328915,0.001,False,128.0,128.0,,,SGD
train,,,,,,,109.36836385726927,6.0,213.0,2558.0,0.6748544573783875,0.9999989867210388,0.0009999987802115,0.001,False,128.0,128.0,,,SGD
train,,,,,,,109.41259360313416,6.0,214.0,2559.0,0.6906081438064575,0.999999225139618,0.0009999990154126,0.001,False,128.0,128.0,,,SGD
train,,,,,,,109.45212888717651,6.0,215.0,2560.0,0.5471136569976807,0.9999992847442628,0.0008970178081868,0.001,False,128.0,128.0,,,SGD
train,,,,,,,109.4910740852356,6.0,216.0,2561.0,0.6073610186576843,0.8970192074775696,0.0010000005521281,0.001,False,128.0,128.0,,,SGD
train,,,,,,,109.52830600738524,6.0,217.0,2562.0,0.693352222442627,0.9999989867210388,0.0009999988251201,0.001,False,128.0,128.0,,,SGD
train,,,,,,,109.57039737701416,6.0,218.0,2563.0,0.6484672427177429,0.9999990463256836,0.0010000011536464,0.001,False,128.0,128.0,,,SGD
train,,,,,,,109.61314153671265,6.0,219.0,2564.0,0.5720677375793457,0.9999991059303284,0.0009355925587331,0.001,False,128.0,128.0,,,SGD
train,,,,,,,109.65341019630432,6.0,220.0,2565.0,0.7708123326301575,0.9355947375297546,0.0009999992700979,0.001,False,128.0,128.0,,,SGD
train,,,,,,,109.6893665790558,6.0,221.0,2566.0,0.7222824692726135,0.999999225139618,0.0010000008830021,0.001,False,128.0,128.0,,,SGD
train,,,,,,,109.74003863334656,6.0,222.0,2567.0,0.688639760017395,0.9999991059303284,0.0010000004063004,0.001,False,128.0,128.0,,,SGD
train,,,,,,,109.77745747566225,6.0,223.0,2568.0,0.627779483795166,0.9999991059303284,0.0010000015880206,0.001,False,128.0,128.0,,,SGD
train,,,,,,,109.8160433769226,6.0,224.0,2569.0,0.6047840714454651,0.9999991059303284,0.000999999281339,0.001,False,128.0,128.0,,,SGD
train,,,,,,,109.85785436630248,6.0,225.0,2570.0,0.6978005170822144,0.9999991059303284,0.0009999998950427,0.001,False,128.0,128.0,,,SGD
train,,,,,,,109.89517521858215,6.0,226.0,2571.0,0.7089857459068298,0.9999992847442628,0.0009999999582144,0.001,False,128.0,128.0,,,SGD
train,,,,,,,109.9386866092682,6.0,227.0,2572.0,0.6184744238853455,0.9999991059303284,0.0010000006461362,0.001,False,128.0,128.0,,,SGD
train,,,,,,,109.9849898815155,6.0,228.0,2573.0,0.7092304825782776,0.9999991655349731,0.0010000002931687,0.001,False,128.0,128.0,,,SGD
train,,,,,,,110.02730298042296,6.0,229.0,2574.0,0.5615332722663879,0.999999225139618,0.001000001645308,0.001,False,128.0,128.0,,,SGD
train,,,,,,,110.0701024532318,6.0,230.0,2575.0,0.6457771062850952,0.9999990463256836,0.0009999981070545,0.001,False,128.0,128.0,,,SGD
train,,,,,,,110.11164927482604,6.0,231.0,2576.0,0.5803431272506714,0.9999991059303284,0.000999998713043,0.001,False,128.0,128.0,,,SGD
train,,,,,,,110.15106749534608,6.0,232.0,2577.0,0.656497597694397,0.9999990463256836,0.0009999985288012,0.001,False,128.0,128.0,,,SGD
train,,,,,,,110.21518754959106,6.0,233.0,2578.0,0.6273409128189087,0.9999990463256836,0.0009753986588243,0.001,False,128.0,128.0,,,SGD
train,,,,,,,110.2503583431244,6.0,234.0,2579.0,0.6084868311882019,0.9753968715667723,0.0009511098542401,0.001,False,128.0,128.0,,,SGD
train,,,,,,,110.29779100418092,6.0,235.0,2580.0,0.6347195506095886,0.9511104822158812,0.0009999978122064,0.001,False,128.0,128.0,,,SGD
train,,,,,,,110.34715819358826,6.0,236.0,2581.0,0.5968365669250488,0.9999991059303284,0.0009614638411677,0.001,False,128.0,128.0,,,SGD
train,,,,,,,110.39562749862672,6.0,237.0,2582.0,0.6214370131492615,0.961465060710907,0.0009999989614001,0.001,False,128.0,128.0,,,SGD
train,,,,,,,110.44128799438477,6.0,238.0,2583.0,0.5531959533691406,0.9999990463256836,0.0010000015310662,0.001,False,128.0,128.0,,,SGD
train,,,,,,,110.49084663391112,6.0,239.0,2584.0,0.6115500926971436,0.9999992847442628,0.001000000180259,0.001,False,128.0,128.0,,,SGD
train,,,,,,,110.5279278755188,6.0,240.0,2585.0,0.6298772692680359,0.999999225139618,0.0009999985805377,0.001,False,128.0,128.0,,,SGD
train,,,,,,,110.57096838951112,6.0,241.0,2586.0,0.6135148406028748,0.999999225139618,0.000955509410015,0.001,False,128.0,128.0,,,SGD
train,,,,,,,110.6145691871643,6.0,242.0,2587.0,0.6464720964431763,0.9555110931396484,0.0009999979216469,0.001,False,128.0,128.0,,,SGD
train,,,,,,,110.66557574272156,6.0,243.0,2588.0,0.5679418444633484,0.9999990463256836,0.0009999979558141,0.001,False,128.0,128.0,,,SGD
train,,,,,,,110.70045948028564,6.0,244.0,2589.0,0.6644125580787659,0.999999225139618,0.0009999995479869,0.001,False,128.0,128.0,,,SGD
train,,,,,,,110.74133014678956,6.0,245.0,2590.0,0.7652868628501892,0.9999991059303284,0.0009999994744346,0.001,False,128.0,128.0,,,SGD
train,,,,,,,110.77815508842468,6.0,246.0,2591.0,0.6753307580947876,0.9999990463256836,0.0010000015467203,0.001,False,128.0,128.0,,,SGD
train,,,,,,,110.81555390357973,6.0,247.0,2592.0,0.6021324992179871,0.999999225139618,0.0009999983883855,0.001,False,128.0,128.0,,,SGD
train,,,,,,,110.85530638694765,6.0,248.0,2593.0,0.6597046852111816,0.9999991059303284,0.0009999989534065,0.001,False,128.0,128.0,,,SGD
train,,,,,,,110.89346146583556,6.0,249.0,2594.0,0.6835595965385437,0.9999991059303284,0.0010000003880927,0.001,False,128.0,128.0,,,SGD
train,,,,,,,110.9361412525177,6.0,250.0,2595.0,0.7203768491744995,0.9999991059303284,0.0009999985487852,0.001,False,128.0,128.0,,,SGD
train,,,,,,,110.97102737426758,6.0,251.0,2596.0,0.6644240021705627,0.9999991655349731,0.0009999996387477,0.001,False,128.0,128.0,,,SGD
train,,,,,,,111.0070617198944,6.0,252.0,2597.0,0.6322842836380005,0.9999989867210388,0.0010000003819032,0.001,False,128.0,128.0,,,SGD
train,,,,,,,111.04667139053343,6.0,253.0,2598.0,0.6481184959411621,0.9999991059303284,0.0009999998248211,0.001,False,128.0,128.0,,,SGD
train,,,,,,,111.08848762512208,6.0,254.0,2599.0,0.6923703551292419,0.9999991655349731,0.000999999332437,0.001,False,128.0,128.0,,,SGD
train,,,,,,,111.13438582420348,6.0,255.0,2600.0,0.6007145643234253,0.999999225139618,0.0010000009299367,0.001,False,128.0,128.0,,,SGD
train,,,,,,,111.1786892414093,6.0,256.0,2601.0,0.6124300360679626,0.9999991655349731,0.0010000007083364,0.001,False,128.0,128.0,,,SGD
train,,,,,,,111.22751474380492,6.0,257.0,2602.0,0.6337939500808716,0.9999993443489076,0.001000002480527,0.001,False,128.0,128.0,,,SGD
train,,,,,,,111.27382493019104,6.0,258.0,2603.0,0.6680230498313904,0.9999991059303284,0.0009999987419643,0.001,False,128.0,128.0,,,SGD
train,,,,,,,111.31438136100768,6.0,259.0,2604.0,0.5727500319480896,0.999999225139618,0.0009999986488165,0.001,False,128.0,128.0,,,SGD
train,,,,,,,111.36663866043092,6.0,260.0,2605.0,0.6533889174461365,0.9999991655349731,0.001000000204906,0.001,False,128.0,128.0,,,SGD
train,,,,,,,111.41044521331789,6.0,261.0,2606.0,0.5727629661560059,0.999999225139618,0.0009999992402329,0.001,False,128.0,128.0,,,SGD
train,,,,,,,111.45761179924013,6.0,262.0,2607.0,0.6853612661361694,0.9999992847442628,0.0010000007947672,0.001,False,128.0,128.0,,,SGD
train,,,,,,,111.49491119384766,6.0,263.0,2608.0,0.7344542145729065,0.9999991655349731,0.0010000005737774,0.001,False,128.0,128.0,,,SGD
train,,,,,,,111.53424787521362,6.0,264.0,2609.0,0.5763511657714844,0.9999991655349731,0.0009999979340537,0.001,False,128.0,128.0,,,SGD
train,,,,,,,111.58487796783449,6.0,265.0,2610.0,0.626865804195404,0.999999225139618,0.0009498886472257,0.001,False,128.0,128.0,,,SGD
train,,,,,,,111.6165611743927,6.0,266.0,2611.0,0.7440661191940308,0.9498888850212096,0.0010000000695976,0.001,False,128.0,128.0,,,SGD
train,,,,,,,111.6499764919281,6.0,267.0,2612.0,0.6210888028144836,0.9999990463256836,0.0009999986731304,0.001,False,128.0,128.0,,,SGD
train,,,,,,,111.68566584587096,6.0,268.0,2613.0,0.6654545068740845,0.9999991059303284,0.0010000015441668,0.001,False,128.0,128.0,,,SGD
train,,,,,,,111.72738337516785,6.0,269.0,2614.0,0.5418466925621033,0.9999989867210388,0.0009999985435672,0.001,False,128.0,128.0,,,SGD
train,,,,,,,111.77287340164185,6.0,270.0,2615.0,0.6928846836090088,0.9999990463256836,0.0010000000120602,0.001,False,128.0,128.0,,,SGD
train,,,,,,,111.81480288505554,6.0,271.0,2616.0,0.7457886934280396,0.9999993443489076,0.0010000012361914,0.001,False,128.0,128.0,,,SGD
train,,,,,,,111.85614562034608,6.0,272.0,2617.0,0.6303521990776062,0.9999994039535522,0.0009920496088897,0.001,False,128.0,128.0,,,SGD
train,,,,,,,111.898681640625,6.0,273.0,2618.0,0.5791664719581604,0.9920493960380554,0.0010000000707078,0.001,False,128.0,128.0,,,SGD
train,,,,,,,111.93776440620422,6.0,274.0,2619.0,0.5697969794273376,0.9999991655349731,0.0008936392826061,0.001,False,128.0,128.0,,,SGD
train,,,,,,,111.978431224823,6.0,275.0,2620.0,0.6754469275474548,0.8936387300491333,0.0010000014281765,0.001,False,128.0,128.0,,,SGD
train,,,,,,,112.01568746566772,6.0,276.0,2621.0,0.5457679629325867,0.9999991059303284,0.0010000012940339,0.001,False,128.0,128.0,,,SGD
train,,,,,,,112.05507397651672,6.0,277.0,2622.0,0.6799324750900269,0.999999225139618,0.0009506826302321,0.001,False,128.0,128.0,,,SGD
train,,,,,,,112.09376907348631,6.0,278.0,2623.0,0.6696164608001709,0.9506821632385254,0.0009999990092508,0.001,False,128.0,128.0,,,SGD
train,,,,,,,112.13036370277403,6.0,279.0,2624.0,0.6998631954193115,0.999999225139618,0.0009999990463323,0.001,False,128.0,128.0,,,SGD
train,,,,,,,112.16697430610655,6.0,280.0,2625.0,0.6632216572761536,0.999999225139618,0.0009999996738308,0.001,False,128.0,128.0,,,SGD
train,,,,,,,112.20874190330504,6.0,281.0,2626.0,0.7048441171646118,0.9999991655349731,0.0009999998960974,0.001,False,128.0,128.0,,,SGD
train,,,,,,,112.25767350196838,6.0,282.0,2627.0,0.6353708505630493,0.9999991655349731,0.0009774789122986,0.001,False,128.0,128.0,,,SGD
train,,,,,,,112.29547667503356,6.0,283.0,2628.0,0.7153505086898804,0.9774788618087769,0.0009999992297968,0.001,False,128.0,128.0,,,SGD
train,,,,,,,112.33130955696106,6.0,284.0,2629.0,0.6052902936935425,0.999999225139618,0.0010000003621968,0.001,False,128.0,128.0,,,SGD
train,,,,,,,112.36666893959044,6.0,285.0,2630.0,0.6302168369293213,0.9999991655349731,0.0009263408585415,0.001,False,128.0,128.0,,,SGD
train,,,,,,,112.43433427810668,6.0,286.0,2631.0,0.6040313839912415,0.9263415932655334,0.0009945231713674,0.001,False,128.0,128.0,,,SGD
train,,,,,,,112.47105979919434,6.0,287.0,2632.0,0.6632340550422668,0.9945218563079834,0.0009999995557307,0.001,False,128.0,128.0,,,SGD
train,,,,,,,112.51622653007507,6.0,288.0,2633.0,0.6634396910667419,0.999999225139618,0.0009999985355181,0.001,False,128.0,128.0,,,SGD
train,,,,,,,112.55466341972352,6.0,289.0,2634.0,0.7408636212348938,0.9999991655349731,0.0009999994284714,0.001,False,128.0,128.0,,,SGD
train,,,,,,,112.59363317489624,6.0,290.0,2635.0,0.6493815183639526,0.999998927116394,0.0009999985023779,0.001,False,128.0,128.0,,,SGD
train,,,,,,,112.62990808486938,6.0,291.0,2636.0,0.7045174837112427,0.9999991059303284,0.0010000020452096,0.001,False,128.0,128.0,,,SGD
train,,,,,,,112.67094707489014,6.0,292.0,2637.0,0.630207359790802,0.9999992847442628,0.0009999962949434,0.001,False,128.0,128.0,,,SGD
train,,,,,,,112.71685576438904,6.0,293.0,2638.0,0.60239177942276,0.999999225139618,0.0009999988628955,0.001,False,128.0,128.0,,,SGD
train,,,,,,,112.75864696502686,6.0,294.0,2639.0,0.6433802843093872,0.999999225139618,0.0009999973419703,0.001,False,128.0,128.0,,,SGD
train,,,,,,,112.79494404792786,6.0,295.0,2640.0,0.563392162322998,0.9999991655349731,0.0009999996354448,0.001,False,128.0,128.0,,,SGD
train,,,,,,,112.8294484615326,6.0,296.0,2641.0,0.6164872050285339,0.999999225139618,0.0009999980504053,0.001,False,128.0,128.0,,,SGD
train,,,,,,,112.87352705001832,6.0,297.0,2642.0,0.6710265278816223,0.9999991655349731,0.0009999986937806,0.001,False,128.0,128.0,,,SGD
train,,,,,,,112.9160795211792,6.0,298.0,2643.0,0.6251561045646667,0.999999463558197,0.0009999994692166,0.001,False,128.0,128.0,,,SGD
train,,,,,,,112.9663519859314,6.0,299.0,2644.0,0.6840656995773315,0.9999992847442628,0.0009999999828336,0.001,False,128.0,128.0,,,SGD
train,,,,,,,113.00414252281188,6.0,300.0,2645.0,0.6076398491859436,0.9999991059303284,0.0009506806321833,0.001,False,128.0,128.0,,,SGD
train,,,,,,,113.04444432258606,6.0,301.0,2646.0,0.7005324959754944,0.9506790637969972,0.0009999989806903,0.001,False,128.0,128.0,,,SGD
train,,,,,,,113.07803869247437,6.0,302.0,2647.0,0.6540210247039795,0.9999994039535522,0.0009999979920629,0.001,False,128.0,128.0,,,SGD
train,,,,,,,113.11914920806883,6.0,303.0,2648.0,0.6775617599487305,0.9999992847442628,0.0009702289599513,0.001,False,128.0,128.0,,,SGD
train,,,,,,,113.15719938278198,6.0,304.0,2649.0,0.6589557528495789,0.9702267050743104,0.000999998975389,0.001,False,128.0,128.0,,,SGD
train,,,,,,,113.20082712173462,6.0,305.0,2650.0,0.6017612814903259,0.9999991655349731,0.0009999987969759,0.001,False,128.0,128.0,,,SGD
train,,,,,,,113.24256134033205,6.0,306.0,2651.0,0.5301477313041687,0.9999989867210388,0.0010000000415367,0.001,False,128.0,128.0,,,SGD
train,,,,,,,113.28198957443236,6.0,307.0,2652.0,0.5684356093406677,0.9999989867210388,0.000995515256208,0.001,False,128.0,128.0,,,SGD
train,,,,,,,113.31890416145325,6.0,308.0,2653.0,0.6343247890472412,0.9955164194107056,0.0009999983319584,0.001,False,128.0,128.0,,,SGD
train,,,,,,,113.35969066619872,6.0,309.0,2654.0,0.6123425960540771,0.9999991059303284,0.0009999995389386,0.001,False,128.0,128.0,,,SGD
train,,,,,,,113.40378046035768,6.0,310.0,2655.0,0.6478791832923889,0.9999991655349731,0.0009999992491702,0.001,False,128.0,128.0,,,SGD
train,,,,,,,113.44317579269408,6.0,311.0,2656.0,0.7045106887817383,0.9999993443489076,0.0009999995055209,0.001,False,128.0,128.0,,,SGD
train,,,,,,,113.48193335533142,6.0,312.0,2657.0,0.5978375673294067,0.9999991655349731,0.0009999988971182,0.001,False,128.0,128.0,,,SGD
train,,,,,,,113.52558732032776,6.0,313.0,2658.0,0.5602455735206604,0.9999991059303284,0.0009999967522181,0.001,False,128.0,128.0,,,SGD
train,,,,,,,113.5628342628479,6.0,314.0,2659.0,0.5787964463233948,0.999999225139618,0.0009999995718567,0.001,False,128.0,128.0,,,SGD
train,,,,,,,113.59773468971252,6.0,315.0,2660.0,0.5538803935050964,0.9999990463256836,0.0009999968645453,0.001,False,128.0,128.0,,,SGD
train,,,,,,,113.63856148719788,6.0,316.0,2661.0,0.6641954183578491,0.9999991059303284,0.0009999989968441,0.001,False,128.0,128.0,,,SGD
train,,,,,,,113.68926858901978,6.0,317.0,2662.0,0.6326666474342346,0.9999991059303284,0.000999996383262,0.001,False,128.0,128.0,,,SGD
train,,,,,,,113.73012375831604,6.0,318.0,2663.0,0.604867160320282,0.999999225139618,0.0009999976647685,0.001,False,128.0,128.0,,,SGD
train,,,,,,,113.77582716941832,6.0,319.0,2664.0,0.6992248296737671,0.9999989867210388,0.0009999991939366,0.001,False,128.0,128.0,,,SGD
train,,,,,,,113.82139825820924,6.0,320.0,2665.0,0.6045579314231873,0.9999991059303284,0.0010000003053256,0.001,False,128.0,128.0,,,SGD
train,,,,,,,113.86189889907835,6.0,321.0,2666.0,0.6663506031036377,0.9999991059303284,0.000999998384694,0.001,False,128.0,128.0,,,SGD
train,,,,,,,113.90432000160216,6.0,322.0,2667.0,0.6567246317863464,0.9999991059303284,0.00099999856233,0.001,False,128.0,128.0,,,SGD
train,,,,,,,113.94192051887512,6.0,323.0,2668.0,0.5422068238258362,0.999999225139618,0.0010000019362969,0.001,False,128.0,128.0,,,SGD
train,,,,,,,113.98368453979492,6.0,324.0,2669.0,0.6355805397033691,0.999999225139618,0.0010000014754441,0.001,False,128.0,128.0,,,SGD
train,,,,,,,114.03029203414916,6.0,325.0,2670.0,0.5504425168037415,0.9999991059303284,0.0009999976786463,0.001,False,128.0,128.0,,,SGD
train,,,,,,,114.07412338256836,6.0,326.0,2671.0,0.5993890762329102,0.9999990463256836,0.0009900399536773,0.001,False,128.0,128.0,,,SGD
train,,,,,,,114.11596345901488,6.0,327.0,2672.0,0.7434792518615723,0.9900386929512024,0.0009999970858412,0.001,False,128.0,128.0,,,SGD
train,,,,,,,114.15857338905334,6.0,328.0,2673.0,0.5754368305206299,0.9999992847442628,0.0008432667938655,0.001,False,128.0,128.0,,,SGD
train,,,,,,,114.19126176834106,6.0,329.0,2674.0,0.6663965582847595,0.8432675004005432,0.0009999983990714,0.001,False,128.0,128.0,,,SGD
train,,,,,,,114.23059344291688,6.0,330.0,2675.0,0.6018716096878052,0.9999991655349731,0.0009999979951993,0.001,False,128.0,128.0,,,SGD
train,,,,,,,114.27800178527832,6.0,331.0,2676.0,0.6776407361030579,0.9999991059303284,0.0010000018337125,0.001,False,128.0,128.0,,,SGD
train,,,,,,,114.31840062141418,6.0,332.0,2677.0,0.5380280613899231,0.9999991655349731,0.000999999548431,0.001,False,128.0,128.0,,,SGD
train,,,,,,,114.357106924057,6.0,333.0,2678.0,0.6834784150123596,0.9999991059303284,0.0009999990509397,0.001,False,128.0,128.0,,,SGD
train,,,,,,,114.40358376502992,6.0,334.0,2679.0,0.6055592894554138,0.9999990463256836,0.0010000003913124,0.001,False,128.0,128.0,,,SGD
train,,,,,,,114.4498007297516,6.0,335.0,2680.0,0.5388399958610535,0.999999225139618,0.0009308986560311,0.001,False,128.0,128.0,,,SGD
train,,,,,,,114.4995265007019,6.0,336.0,2681.0,0.6709789633750916,0.9308965802192688,0.0009999998026167,0.001,False,128.0,128.0,,,SGD
train,,,,,,,114.53986048698424,6.0,337.0,2682.0,0.5549976229667664,0.9999991655349731,0.0009999997028631,0.001,False,128.0,128.0,,,SGD
train,,,,,,,114.58200478553772,6.0,338.0,2683.0,0.6079542636871338,0.9999990463256836,0.0009999991470851,0.001,False,128.0,128.0,,,SGD
train,,,,,,,114.6213858127594,6.0,339.0,2684.0,0.5541492700576782,0.999999225139618,0.0009999967892164,0.001,False,128.0,128.0,,,SGD
train,,,,,,,114.66075086593628,6.0,340.0,2685.0,0.63310706615448,0.9999990463256836,0.0009999980542911,0.001,False,128.0,128.0,,,SGD
train,,,,,,,114.69894909858704,6.0,341.0,2686.0,0.7002217769622803,0.9999992847442628,0.0010000001222499,0.001,False,128.0,128.0,,,SGD
train,,,,,,,114.74090147018433,6.0,342.0,2687.0,0.5891048908233643,0.9999991059303284,0.0009999994333008,0.001,False,128.0,128.0,,,SGD
train,,,,,,,114.78059244155884,6.0,343.0,2688.0,0.6022428274154663,0.9999990463256836,0.000999999819159,0.001,False,128.0,128.0,,,SGD
train,,,,,,,114.81807112693788,6.0,344.0,2689.0,0.6334916949272156,0.9999990463256836,0.0009999998865218,0.001,False,128.0,128.0,,,SGD
train,,,,,,,114.8509647846222,6.0,345.0,2690.0,0.555816113948822,0.9999991655349731,0.0009805689952825,0.001,False,128.0,128.0,,,SGD
train,,,,,,,114.8877785205841,6.0,346.0,2691.0,0.5951840877532959,0.9805680513381958,0.0009451170797478,0.001,False,128.0,128.0,,,SGD
train,,,,,,,114.92888975143433,6.0,347.0,2692.0,0.664652407169342,0.9451178312301636,0.0010000008748697,0.001,False,128.0,128.0,,,SGD
train,,,,,,,114.96533918380736,6.0,348.0,2693.0,0.6342366337776184,0.9999991059303284,0.0009654683944587,0.001,False,128.0,128.0,,,SGD
train,,,,,,,115.00801634788512,6.0,349.0,2694.0,0.4944602251052856,0.9654694199562072,0.0010000000261601,0.001,False,128.0,128.0,,,SGD
train,,,,,,,115.05686473846436,6.0,350.0,2695.0,0.5673510432243347,0.9999991655349731,0.0009316087862048,0.001,False,128.0,128.0,,,SGD
train,,,,,,,115.10820841789246,6.0,351.0,2696.0,0.491935133934021,0.9316078424453736,0.0009987686931265,0.001,False,128.0,128.0,,,SGD
train,,,,,,,115.1595973968506,6.0,352.0,2697.0,0.5639317035675049,0.9987680315971376,0.0009999997686716,0.001,False,128.0,128.0,,,SGD
train,,,,,,,115.196382522583,6.0,353.0,2698.0,0.6975225806236267,0.9999989867210388,0.0009999996807974,0.001,False,128.0,128.0,,,SGD
train,,,,,,,115.24198126792908,6.0,354.0,2699.0,0.5904528498649597,0.9999991655349731,0.0010000007179675,0.001,False,128.0,128.0,,,SGD
train,,,,,,,115.28799962997437,6.0,355.0,2700.0,0.6120425462722778,0.999999225139618,0.0009999985021281,0.001,False,128.0,128.0,,,SGD
train,,,,,,,115.33177208900452,6.0,356.0,2701.0,0.6327124238014221,0.9999990463256836,0.0009999990143301,0.001,False,128.0,128.0,,,SGD
train,,,,,,,115.3768081665039,6.0,357.0,2702.0,0.6182878613471985,0.9999990463256836,0.0009890420059369,0.001,False,128.0,128.0,,,SGD
train,,,,,,,115.41664433479308,6.0,358.0,2703.0,0.6420947313308716,0.9890410900115968,0.0009999975474176,0.001,False,128.0,128.0,,,SGD
train,,,,,,,115.45697736740112,6.0,359.0,2704.0,0.7521872520446777,0.9999991655349731,0.0009999981962889,0.001,False,128.0,128.0,,,SGD
train,,,,,,,115.49205470085144,6.0,360.0,2705.0,0.6336588263511658,0.9999993443489076,0.0008562770326544,0.001,False,128.0,128.0,,,SGD
train,,,,,,,115.53349661827087,6.0,361.0,2706.0,0.5189218521118164,0.8562756776809692,0.0010000006888797,0.001,False,128.0,128.0,,,SGD
train,,,,,,,115.57299637794496,6.0,362.0,2707.0,0.5568075776100159,0.9999989867210388,0.0009258495988958,0.001,False,128.0,128.0,,,SGD
train,,,,,,,115.62449026107788,6.0,363.0,2708.0,0.5901892781257629,0.9258516430854796,0.0009999982658167,0.001,False,128.0,128.0,,,SGD
train,,,,,,,115.6622440814972,6.0,364.0,2709.0,0.6360039710998535,0.999999225139618,0.0010000011333293,0.001,False,128.0,128.0,,,SGD
train,,,,,,,115.70684933662416,6.0,365.0,2710.0,0.523270308971405,0.9999991059303284,0.0009150051799613,0.001,False,128.0,128.0,,,SGD
train,,,,,,,115.75443148612976,6.0,366.0,2711.0,0.6418965458869934,0.915005624294281,0.0008954551456084,0.001,False,128.0,128.0,,,SGD
train,,,,,,,115.81002068519592,6.0,367.0,2712.0,0.5047589540481567,0.8954566717147827,0.0010000003007459,0.001,False,128.0,128.0,,,SGD
train,,,,,,,115.8603343963623,6.0,368.0,2713.0,0.6349325776100159,0.999999225139618,0.0009999969432881,0.001,False,128.0,128.0,,,SGD
train,,,,,,,115.9051706790924,6.0,369.0,2714.0,0.565418004989624,0.9999993443489076,0.0009974207733719,0.001,False,128.0,128.0,,,SGD
train,,,,,,,115.94696474075316,6.0,370.0,2715.0,0.5812633633613586,0.9974184632301332,0.0009999958738064,0.001,False,128.0,128.0,,,SGD
train,,,,,,,115.99184584617616,6.0,371.0,2716.0,0.5939580798149109,0.9999991655349731,0.0009999989444137,0.001,False,128.0,128.0,,,SGD
train,,,,,,,116.0307116508484,6.0,372.0,2717.0,0.7181479930877686,0.9999991059303284,0.0009999982748928,0.001,False,128.0,128.0,,,SGD
train,,,,,,,116.06814908981325,6.0,373.0,2718.0,0.6395845413208008,0.999999225139618,0.0009999989807736,0.001,False,128.0,128.0,,,SGD
train,,,,,,,116.10428380966188,6.0,374.0,2719.0,0.7154465913772583,0.9999992847442628,0.0009999977652161,0.001,False,128.0,128.0,,,SGD
train,,,,,,,116.14503574371338,6.0,375.0,2720.0,0.5814451575279236,0.9999993443489076,0.0009999971974744,0.001,False,128.0,128.0,,,SGD
train,,,,,,,116.18738770484924,6.0,376.0,2721.0,0.6338294744491577,0.9999990463256836,0.0009999984552211,0.001,False,128.0,128.0,,,SGD
train,,,,,,,116.22705078125,6.0,377.0,2722.0,0.7877720594406128,0.9999991655349731,0.0010000001129795,0.001,False,128.0,128.0,,,SGD
train,,,,,,,116.26514172554016,6.0,378.0,2723.0,0.6383209824562073,0.9999993443489076,0.0010000000304344,0.001,False,128.0,128.0,,,SGD
train,,,,,,,116.30575942993164,6.0,379.0,2724.0,0.5748969316482544,0.9999991059303284,0.0009999996278397,0.001,False,128.0,128.0,,,SGD
train,,,,,,,116.34493398666382,6.0,380.0,2725.0,0.5821202397346497,0.9999989867210388,0.0009999972919547,0.001,False,128.0,128.0,,,SGD
train,,,,,,,116.38725066184998,6.0,381.0,2726.0,0.6032745838165283,0.9999990463256836,0.0010000006486619,0.001,False,128.0,128.0,,,SGD
train,,,,,,,116.43109154701231,6.0,382.0,2727.0,0.7044365406036377,0.9999991655349731,0.0010000000578292,0.001,False,128.0,128.0,,,SGD
train,,,,,,,116.4686131477356,6.0,383.0,2728.0,0.6064020991325378,0.9999990463256836,0.0009999977859496,0.001,False,128.0,128.0,,,SGD
train,,,,,,,116.5047414302826,6.0,384.0,2729.0,0.7314704656600952,0.9999991655349731,0.0009999984841424,0.001,False,128.0,128.0,,,SGD
train,,,,,,,116.5437994003296,6.0,385.0,2730.0,0.6073303818702698,0.9999989867210388,0.0009999993638841,0.001,False,128.0,128.0,,,SGD
train,,,,,,,116.58262658119202,6.0,386.0,2731.0,0.6343517899513245,0.9999991059303284,0.0009999995463216,0.001,False,128.0,128.0,,,SGD
train,,,,,,,116.6198353767395,6.0,387.0,2732.0,0.5921409130096436,0.999999225139618,0.0010000014445245,0.001,False,128.0,128.0,,,SGD
train,,,,,,,116.66630506515504,6.0,388.0,2733.0,0.5789045095443726,0.9999989867210388,0.0009999978275831,0.001,False,128.0,128.0,,,SGD
train,,,,,,,116.71107292175292,6.0,389.0,2734.0,0.6870138645172119,0.9999991059303284,0.0009999986263899,0.001,False,128.0,128.0,,,SGD
train,,,,,,,116.75916290283205,6.0,390.0,2735.0,0.5195024013519287,0.999999225139618,0.0009872046725329,0.001,False,128.0,128.0,,,SGD
train,,,,,,,116.8076150417328,6.0,391.0,2736.0,0.6770634651184082,0.9872066378593444,0.0009911399472138,0.001,False,128.0,128.0,,,SGD
train,,,,,,,116.84371209144592,6.0,392.0,2737.0,0.6585803031921387,0.991140365600586,0.0009999951237364,0.001,False,128.0,128.0,,,SGD
train,,,,,,,116.884859085083,6.0,393.0,2738.0,0.521166980266571,0.999999225139618,0.0009999994849817,0.001,False,128.0,128.0,,,SGD
train,,,,,,,116.9186508655548,6.0,394.0,2739.0,0.6634752154350281,0.9999993443489076,0.0009999975978774,0.001,False,128.0,128.0,,,SGD
train,,,,,,,116.95842146873474,6.0,395.0,2740.0,0.6139400601387024,0.9999993443489076,0.000935726821087,0.001,False,128.0,128.0,,,SGD
train,,,,,,,117.00595593452454,6.0,396.0,2741.0,0.7686803340911865,0.935728132724762,0.000999999508574,0.001,False,128.0,128.0,,,SGD
train,,,,,,,117.04769277572632,6.0,397.0,2742.0,0.6441455483436584,0.999999225139618,0.0009705298666925,0.001,False,128.0,128.0,,,SGD
train,,,,,,,117.09970211982728,6.0,398.0,2743.0,0.6300039887428284,0.970528244972229,0.0009778613338727,0.001,False,128.0,128.0,,,SGD
train,,,,,,,117.1428050994873,6.0,399.0,2744.0,0.6439576745033264,0.9778604507446288,0.0010000020481517,0.001,False,128.0,128.0,,,SGD
train,,,,,,,117.18128299713136,6.0,400.0,2745.0,0.7027826905250549,0.9999991655349731,0.0010000010979965,0.001,False,128.0,128.0,,,SGD
train,,,,,,,117.21751189231873,6.0,401.0,2746.0,0.4897273480892181,0.9999991655349731,0.0009999985359066,0.001,False,128.0,128.0,,,SGD
train,,,,,,,117.2594633102417,6.0,402.0,2747.0,0.6636024117469788,0.999999225139618,0.0009796368910333,0.001,False,128.0,128.0,,,SGD
train,,,,,,,117.49151134490968,6.0,403.0,2748.0,0.6337260007858276,0.9796358942985536,0.0009999967341769,0.001,False,128.0,128.0,,,SGD
train,,,,,,,117.53252148628236,6.0,404.0,2749.0,0.6165568232536316,0.9999991655349731,0.0009999973577911,0.001,False,128.0,128.0,,,SGD
train,,,,,,,117.57004165649414,6.0,405.0,2750.0,0.7201946377754211,0.9999993443489076,0.0009999997933463,0.001,False,128.0,128.0,,,SGD
train,,,,,,,117.60351991653442,6.0,406.0,2751.0,0.6188322305679321,0.9999993443489076,0.0009648818179785,0.001,False,128.0,128.0,,,SGD
train,,,,,,,117.64429354667664,6.0,407.0,2752.0,0.6143085956573486,0.96488356590271,0.001000000150505,0.001,False,128.0,128.0,,,SGD
train,,,,,,,117.67563319206238,6.0,408.0,2753.0,0.6458951830863953,0.999999225139618,0.0009846112785446,0.001,False,128.0,128.0,,,SGD
train,,,,,,,117.70890784263612,6.0,409.0,2754.0,0.6205618381500244,0.984611451625824,0.0010000006269016,0.001,False,128.0,128.0,,,SGD
train,,,,,,,117.74642252922058,6.0,410.0,2755.0,0.5023617744445801,0.999999225139618,0.0009999974680365,0.001,False,128.0,128.0,,,SGD
train,,,,,,,117.7855966091156,6.0,411.0,2756.0,0.57651686668396,0.9999991655349731,0.0009999995432962,0.001,False,128.0,128.0,,,SGD
train,,,,,,,117.82018160820007,6.0,412.0,2757.0,0.5388365387916565,0.9999990463256836,0.0010000008543861,0.001,False,128.0,128.0,,,SGD
train,,,,,,,117.8564112186432,6.0,413.0,2758.0,0.507117748260498,0.9999991655349731,0.0009999998995391,0.001,False,128.0,128.0,,,SGD
train,,,,,,,117.89213109016418,6.0,414.0,2759.0,0.6216295957565308,0.999999225139618,0.0010000008535534,0.001,False,128.0,128.0,,,SGD
train,,,,,,,117.92930221557616,6.0,415.0,2760.0,0.6535521745681763,0.999999225139618,0.0009999994872022,0.001,False,128.0,128.0,,,SGD
train,,,,,,,117.96426653862,6.0,416.0,2761.0,0.7746124267578125,0.9999991655349731,0.0009849023164422,0.001,False,128.0,128.0,,,SGD
train,,,,,,,117.9995858669281,6.0,417.0,2762.0,0.6458019018173218,0.98490172624588,0.0009999984012364,0.001,False,128.0,128.0,,,SGD
train,,,,,,,118.03775596618652,6.0,418.0,2763.0,0.5859382748603821,0.999999225139618,0.0008679321942341,0.001,False,128.0,128.0,,,SGD
train,,,,,,,118.07430601119997,6.0,419.0,2764.0,0.6128093600273132,0.8679327964782715,0.0009999989405834,0.001,False,128.0,128.0,,,SGD
train,,,,,,,118.11852526664734,6.0,420.0,2765.0,0.6653535962104797,0.9999990463256836,0.0009999998137744,0.001,False,128.0,128.0,,,SGD
train,,,,,,,118.15882778167725,6.0,421.0,2766.0,0.5964457988739014,0.9999991655349731,0.0009823951767497,0.001,False,128.0,128.0,,,SGD
train,,,,,,,118.19268703460692,6.0,422.0,2767.0,0.5274730920791626,0.982396125793457,0.0009556070896851,0.001,False,128.0,128.0,,,SGD
train,,,,,,,118.22629833221436,6.0,423.0,2768.0,0.6953834295272827,0.9556049704551696,0.00099999877516,0.001,False,128.0,128.0,,,SGD
train,,,,,,,118.25573897361755,6.0,424.0,2769.0,0.5898191332817078,0.9999991655349731,0.0009999995907305,0.001,False,128.0,128.0,,,SGD
train,,,,,,,118.2922055721283,6.0,425.0,2770.0,0.5615249276161194,0.9999993443489076,0.0009986359235939,0.001,False,128.0,128.0,,,SGD
train,,,,,,,118.3263692855835,6.0,426.0,2771.0,0.5408257246017456,0.998635709285736,0.0010000001493948,0.001,False,128.0,128.0,,,SGD
train,,,,,,,118.3616271018982,6.0,427.0,2772.0,0.6039141416549683,0.9999990463256836,0.0009647854625986,0.001,False,128.0,128.0,,,SGD
train,,,,,,,118.39322924613953,6.0,428.0,2773.0,0.6419659852981567,0.96478670835495,0.0009999991831674,0.001,False,128.0,128.0,,,SGD
train,,,,,,,118.42479658126832,6.0,429.0,2774.0,0.6363394260406494,0.9999991059303284,0.000999998076218,0.001,False,128.0,128.0,,,SGD
train,,,,,,,118.46203684806824,6.0,430.0,2775.0,0.5778757929801941,0.9999991655349731,0.000999999114389,0.001,False,128.0,128.0,,,SGD
train,,,,,,,118.49238920211792,6.0,431.0,2776.0,0.6604200601577759,0.999999225139618,0.0009999993193364,0.001,False,128.0,128.0,,,SGD
train,,,,,,,118.52336955070496,6.0,432.0,2777.0,0.5849792957305908,0.9999991655349731,0.0010000015556021,0.001,False,128.0,128.0,,,SGD
train,,,,,,,118.56119799613953,6.0,433.0,2778.0,0.5266448855400085,0.9999993443489076,0.0009999983866369,0.001,False,128.0,128.0,,,SGD
train,,,,,,,118.59099459648132,6.0,434.0,2779.0,0.632221519947052,0.9999991059303284,0.0009999989957338,0.001,False,128.0,128.0,,,SGD
train,,,,,,,118.62509226799013,6.0,435.0,2780.0,0.6440315246582031,0.9999989867210388,0.0009999974516329,0.001,False,128.0,128.0,,,SGD
train,,,,,,,118.6613428592682,6.0,436.0,2781.0,0.7141396403312683,0.999999225139618,0.0010000004878462,0.001,False,128.0,128.0,,,SGD
train,,,,,,,118.699049949646,6.0,437.0,2782.0,0.5719661116600037,0.999999225139618,0.000972404433747,0.001,False,128.0,128.0,,,SGD
train,,,,,,,118.73347210884094,6.0,438.0,2783.0,0.6460731029510498,0.9724035263061525,0.0009999978171747,0.001,False,128.0,128.0,,,SGD
train,,,,,,,118.76986026763916,6.0,439.0,2784.0,0.6014628410339355,0.9999990463256836,0.0009663272881829,0.001,False,128.0,128.0,,,SGD
train,,,,,,,118.8053104877472,6.0,440.0,2785.0,0.6198520064353943,0.966327428817749,0.0009096370554441,0.001,False,128.0,128.0,,,SGD
train,,,,,,,118.83794403076172,6.0,441.0,2786.0,0.6262006759643555,0.9096357822418212,0.0009570226589396,0.001,False,128.0,128.0,,,SGD
train,,,,,,,118.87672472000122,6.0,442.0,2787.0,0.5325861573219299,0.9570223093032836,0.0010000003968635,0.001,False,128.0,128.0,,,SGD
train,,,,,,,118.9154930114746,6.0,443.0,2788.0,0.5974547863006592,0.999999225139618,0.0010000010968031,0.001,False,128.0,128.0,,,SGD
train,,,,,,,118.95505046844482,6.0,444.0,2789.0,0.594963550567627,0.9999991059303284,0.0009999991197736,0.001,False,128.0,128.0,,,SGD
train,,,,,,,118.99318194389345,6.0,445.0,2790.0,0.6543838977813721,0.9999991059303284,0.0009999998516885,0.001,False,128.0,128.0,,,SGD
train,,,,,,,119.02904510498048,6.0,446.0,2791.0,0.6325896978378296,0.999999225139618,0.000959514963035,0.001,False,128.0,128.0,,,SGD
train,,,,,,,119.06481504440308,6.0,447.0,2792.0,0.5700579285621643,0.9595161080360411,0.000999997717532,0.001,False,128.0,128.0,,,SGD
train,,,,,,,119.09969663619997,6.0,448.0,2793.0,0.6198143362998962,0.9999991655349731,0.0009999987979196,0.001,False,128.0,128.0,,,SGD
train,,,,,,,119.13364148139954,6.0,449.0,2794.0,0.6962763071060181,0.9999991655349731,0.0009999993987729,0.001,False,128.0,128.0,,,SGD
train,,,,,,,119.17071771621704,6.0,450.0,2795.0,0.5972039103507996,0.9999992847442628,0.0009999993934716,0.001,False,128.0,128.0,,,SGD
train,,,,,,,119.20756459236144,6.0,451.0,2796.0,0.5152338743209839,0.9999991059303284,0.0009999991495831,0.001,False,128.0,128.0,,,SGD
train,,,,,,,119.24494934082033,6.0,452.0,2797.0,0.6816956400871277,0.9999991655349731,0.0009999988537362,0.001,False,128.0,128.0,,,SGD
train,,,,,,,119.30091166496275,6.0,453.0,2798.0,0.569524347782135,0.999999225139618,0.0009999998826637,0.001,False,128.0,128.0,,,SGD
train,,,,,,,119.34490609169006,6.0,454.0,2799.0,0.4704863429069519,0.9999991059303284,0.0009999996077169,0.001,False,128.0,128.0,,,SGD
train,,,,,,,119.38994216918944,6.0,455.0,2800.0,0.5867356657981873,0.9999991059303284,0.0009999978355767,0.001,False,128.0,128.0,,,SGD
train,,,,,,,119.42791366577148,6.0,456.0,2801.0,0.6385219097137451,0.9999991059303284,0.0009922876731773,0.001,False,128.0,128.0,,,SGD
train,,,,,,,119.47422313690186,6.0,457.0,2802.0,0.5539873242378235,0.9922888278961182,0.0009999990697303,0.001,False,128.0,128.0,,,SGD
train,,,,,,,119.52295351028442,6.0,458.0,2803.0,0.5723474025726318,0.999999225139618,0.0009015085069421,0.001,False,128.0,128.0,,,SGD
train,,,,,,,119.56745290756226,6.0,459.0,2804.0,0.5860115885734558,0.9015070796012878,0.0009999971308608,0.001,False,128.0,128.0,,,SGD
train,,,,,,,119.60259962081908,6.0,460.0,2805.0,0.6206641793251038,0.9999989867210388,0.0009999992077034,0.001,False,128.0,128.0,,,SGD
train,,,,,,,119.63940978050232,6.0,461.0,2806.0,0.5450416207313538,0.999999225139618,0.0009999983136396,0.001,False,128.0,128.0,,,SGD
train,,,,,,,119.67131972312929,6.0,462.0,2807.0,0.6534029245376587,0.9999992847442628,0.0010000003870658,0.001,False,128.0,128.0,,,SGD
train,,,,,,,119.7036190032959,6.0,463.0,2808.0,0.6556890606880188,0.9999991655349731,0.0010000013059133,0.001,False,128.0,128.0,,,SGD
train,,,,,,,119.74196887016296,6.0,464.0,2809.0,0.5831953287124634,0.999999225139618,0.0009999995910913,0.001,False,128.0,128.0,,,SGD
train,,,,,,,119.77474403381348,6.0,465.0,2810.0,0.5330602526664734,0.9999991059303284,0.0009999999571597,0.001,False,128.0,128.0,,,SGD
train,,,,,,,119.81907200813292,6.0,466.0,2811.0,0.5881919264793396,0.9999989867210388,0.0009999998070853,0.001,False,128.0,128.0,,,SGD
train,,,,,,,119.86452770233154,6.0,467.0,2812.0,0.6499729156494141,0.9999990463256836,0.0009908315660131,0.001,False,128.0,128.0,,,SGD
train,,,,,,,119.91502833366394,6.0,468.0,2813.0,0.6229205131530762,0.9908317923545836,0.0009999994220598,0.001,False,128.0,128.0,,,SGD
train,,,,,,,119.9575674533844,6.0,469.0,2814.0,0.6169658303260803,0.9999991059303284,0.000999999682768,0.001,False,128.0,128.0,,,SGD
eval,,,,,,,122.49725890159608,6.0,,2814.0,,,,,False,128.0,128.0,0.5788495820522308,0.8694,SGD
train,,,,,,,122.54174852371216,7.0,1.0,2815.0,0.6092557907104492,0.999999225139618,0.0009666992574551,0.001,False,128.0,128.0,,,SGD
train,,,,,,,122.59188556671144,7.0,2.0,2816.0,0.5946564078330994,0.9666977524757384,0.0010000010068196,0.001,False,128.0,128.0,,,SGD
train,,,,,,,122.64030480384828,7.0,3.0,2817.0,0.6494548320770264,0.9999991059303284,0.0010000002248345,0.001,False,128.0,128.0,,,SGD
train,,,,,,,122.69617986679076,7.0,4.0,2818.0,0.6811954379081726,0.9999990463256836,0.0010000013311708,0.001,False,128.0,128.0,,,SGD
train,,,,,,,122.74488472938538,7.0,5.0,2819.0,0.647921085357666,0.999999225139618,0.0009999990855787,0.001,False,128.0,128.0,,,SGD
train,,,,,,,122.83559560775755,7.0,6.0,2820.0,0.5472778081893921,0.9999990463256836,0.0008844979030784,0.001,False,128.0,128.0,,,SGD
train,,,,,,,122.92003917694092,7.0,7.0,2821.0,0.6203934550285339,0.8844993114471436,0.0010000009546114,0.001,False,128.0,128.0,,,SGD
train,,,,,,,122.95946502685548,7.0,8.0,2822.0,0.6087432503700256,0.9999992847442628,0.0010000000290467,0.001,False,128.0,128.0,,,SGD
train,,,,,,,123.00434613227844,7.0,9.0,2823.0,0.5168508291244507,0.9999990463256836,0.0009999982801386,0.001,False,128.0,128.0,,,SGD
train,,,,,,,123.29084062576294,7.0,10.0,2824.0,0.6849167943000793,0.9999991059303284,0.0009999990068083,0.001,False,128.0,128.0,,,SGD
train,,,,,,,123.33663821220398,7.0,11.0,2825.0,0.6243938207626343,0.9999992847442628,0.0009999986938083,0.001,False,128.0,128.0,,,SGD
train,,,,,,,123.3743839263916,7.0,12.0,2826.0,0.5715080499649048,0.9999991655349731,0.0009888198853164,0.001,False,128.0,128.0,,,SGD
train,,,,,,,123.41211318969728,7.0,13.0,2827.0,0.6840899586677551,0.9888205528259276,0.0009999969375704,0.001,False,128.0,128.0,,,SGD
train,,,,,,,123.45216369628906,7.0,14.0,2828.0,0.65635085105896,0.9999991655349731,0.0009999983068118,0.001,False,128.0,128.0,,,SGD
train,,,,,,,123.49045181274414,7.0,15.0,2829.0,0.6193961501121521,0.999999225139618,0.0010000006929598,0.001,False,128.0,128.0,,,SGD
train,,,,,,,123.53231024742126,7.0,16.0,2830.0,0.5049182772636414,0.999999225139618,0.0008932857116209,0.001,False,128.0,128.0,,,SGD
train,,,,,,,123.57272267341614,7.0,17.0,2831.0,0.6072070598602295,0.8932874798774719,0.0009999991303763,0.001,False,128.0,128.0,,,SGD
train,,,,,,,123.61723279953004,7.0,18.0,2832.0,0.7208424806594849,0.9999991059303284,0.0009999992144757,0.001,False,128.0,128.0,,,SGD
train,,,,,,,123.66374683380128,7.0,19.0,2833.0,0.6802842020988464,0.9999991655349731,0.0009999990887429,0.001,False,128.0,128.0,,,SGD
train,,,,,,,123.71602439880373,7.0,20.0,2834.0,0.5407713055610657,0.9999991059303284,0.0009999969470629,0.001,False,128.0,128.0,,,SGD
train,,,,,,,123.7537248134613,7.0,21.0,2835.0,0.637688398361206,0.999999225139618,0.0009999998142462,0.001,False,128.0,128.0,,,SGD
train,,,,,,,123.80103993415833,7.0,22.0,2836.0,0.6123856902122498,0.9999989867210388,0.0009999994147601,0.001,False,128.0,128.0,,,SGD
train,,,,,,,123.84763669967651,7.0,23.0,2837.0,0.5344238877296448,0.9999991655349731,0.0009999975421996,0.001,False,128.0,128.0,,,SGD
train,,,,,,,123.8950412273407,7.0,24.0,2838.0,0.5797712206840515,0.9999991059303284,0.0009459005542176,0.001,False,128.0,128.0,,,SGD
train,,,,,,,123.93309140205383,7.0,25.0,2839.0,0.6126428842544556,0.9459021091461182,0.0009999997476328,0.001,False,128.0,128.0,,,SGD
train,,,,,,,123.97514629364014,7.0,26.0,2840.0,0.629402220249176,0.9999992847442628,0.0009999997124665,0.001,False,128.0,128.0,,,SGD
train,,,,,,,124.02294754981996,7.0,27.0,2841.0,0.6030703783035278,0.9999992847442628,0.0010000005020015,0.001,False,128.0,128.0,,,SGD
train,,,,,,,124.0644760131836,7.0,28.0,2842.0,0.5936778783798218,0.9999991655349731,0.0009169061802883,0.001,False,128.0,128.0,,,SGD
train,,,,,,,124.10691142082214,7.0,29.0,2843.0,0.6125267744064331,0.91690593957901,0.0009999970293862,0.001,False,128.0,128.0,,,SGD
train,,,,,,,124.15284967422484,7.0,30.0,2844.0,0.5658502578735352,0.9999991059303284,0.0009549061094439,0.001,False,128.0,128.0,,,SGD
train,,,,,,,124.19084644317628,7.0,31.0,2845.0,0.579519510269165,0.9549062252044678,0.0010000010157013,0.001,False,128.0,128.0,,,SGD
train,,,,,,,124.2368540763855,7.0,32.0,2846.0,0.5167500972747803,0.9999992847442628,0.0008842162354653,0.001,False,128.0,128.0,,,SGD
train,,,,,,,124.28436422348022,7.0,33.0,2847.0,0.6851270794868469,0.8842164874076843,0.0009999992548324,0.001,False,128.0,128.0,,,SGD
train,,,,,,,124.34166860580444,7.0,34.0,2848.0,0.6600555181503296,0.9999991655349731,0.0009999995465159,0.001,False,128.0,128.0,,,SGD
train,,,,,,,124.39117288589478,7.0,35.0,2849.0,0.6023640632629395,0.9999989867210388,0.000999999815523,0.001,False,128.0,128.0,,,SGD
train,,,,,,,124.4400589466095,7.0,36.0,2850.0,0.5239390730857849,0.9999990463256836,0.0009980051733689,0.001,False,128.0,128.0,,,SGD
train,,,,,,,124.49504470825195,7.0,37.0,2851.0,0.5055055618286133,0.9980072379112244,0.0010000008140295,0.001,False,128.0,128.0,,,SGD
train,,,,,,,124.54046487808228,7.0,38.0,2852.0,0.6566572785377502,0.9999991655349731,0.0009999981242908,0.001,False,128.0,128.0,,,SGD
train,,,,,,,124.59209036827087,7.0,39.0,2853.0,0.6533522605895996,0.999999225139618,0.0010000014464118,0.001,False,128.0,128.0,,,SGD
train,,,,,,,124.64434123039246,7.0,40.0,2854.0,0.5347973704338074,0.999999225139618,0.0009999971937552,0.001,False,128.0,128.0,,,SGD
train,,,,,,,124.7015495300293,7.0,41.0,2855.0,0.5808241367340088,0.9999990463256836,0.0009303350859149,0.001,False,128.0,128.0,,,SGD
train,,,,,,,124.7525601387024,7.0,42.0,2856.0,0.61606365442276,0.9303342700004578,0.0009999986584754,0.001,False,128.0,128.0,,,SGD
train,,,,,,,124.80747246742249,7.0,43.0,2857.0,0.6388052105903625,0.9999991655349731,0.0009999987602275,0.001,False,128.0,128.0,,,SGD
train,,,,,,,124.86903858184814,7.0,44.0,2858.0,0.5657380223274231,0.9999991059303284,0.0009285584614336,0.001,False,128.0,128.0,,,SGD
train,,,,,,,124.92226123809814,7.0,45.0,2859.0,0.5297009944915771,0.9285544753074646,0.0008701616217252,0.001,False,128.0,128.0,,,SGD
train,,,,,,,124.9791705608368,7.0,46.0,2860.0,0.6299602389335632,0.8701610565185547,0.0009999976220803,0.001,False,128.0,128.0,,,SGD
train,,,,,,,125.02117371559144,7.0,47.0,2861.0,0.4731717705726623,0.9999991655349731,0.0008416205683469,0.001,False,128.0,128.0,,,SGD
train,,,,,,,125.06840109825134,7.0,48.0,2862.0,0.6965142488479614,0.841618001461029,0.0009999974003127,0.001,False,128.0,128.0,,,SGD
train,,,,,,,125.11383438110352,7.0,49.0,2863.0,0.6086516976356506,0.9999990463256836,0.0009999978868691,0.001,False,128.0,128.0,,,SGD
train,,,,,,,125.15293407440186,7.0,50.0,2864.0,0.4959001541137695,0.9999991059303284,0.0009299904708696,0.001,False,128.0,128.0,,,SGD
train,,,,,,,125.19437766075134,7.0,51.0,2865.0,0.5736883282661438,0.9299882650375366,0.0009763771766785,0.001,False,128.0,128.0,,,SGD
train,,,,,,,125.23604846000671,7.0,52.0,2866.0,0.5412993431091309,0.9763777256011964,0.0010000005979525,0.001,False,128.0,128.0,,,SGD
train,,,,,,,125.29131126403809,7.0,53.0,2867.0,0.6331347823143005,0.9999990463256836,0.0009999968802828,0.001,False,128.0,128.0,,,SGD
train,,,,,,,125.33302998542786,7.0,54.0,2868.0,0.5712863802909851,0.9999991655349731,0.0009478978022661,0.001,False,128.0,128.0,,,SGD
train,,,,,,,125.38825964927672,7.0,55.0,2869.0,0.4873676896095276,0.9478981494903564,0.000999998276919,0.001,False,128.0,128.0,,,SGD
train,,,,,,,125.44166350364684,7.0,56.0,2870.0,0.5673145651817322,0.9999991655349731,0.0010000000361521,0.001,False,128.0,128.0,,,SGD
train,,,,,,,125.50639867782591,7.0,57.0,2871.0,0.6381370425224304,0.9999989867210388,0.0009999999856369,0.001,False,128.0,128.0,,,SGD
train,,,,,,,125.56305837631226,7.0,58.0,2872.0,0.5611833333969116,0.9999991059303284,0.0008851782903322,0.001,False,128.0,128.0,,,SGD
train,,,,,,,125.61119556427002,7.0,59.0,2873.0,0.6126658916473389,0.8851763606071472,0.0010000005436349,0.001,False,128.0,128.0,,,SGD
train,,,,,,,125.66198348999023,7.0,60.0,2874.0,0.5794200301170349,0.9999991059303284,0.0009625994960965,0.001,False,128.0,128.0,,,SGD
train,,,,,,,125.71832203865053,7.0,61.0,2875.0,0.6384130120277405,0.962598979473114,0.0010000033705902,0.001,False,128.0,128.0,,,SGD
train,,,,,,,125.77485489845276,7.0,62.0,2876.0,0.4848259091377258,0.9999989867210388,0.0009060518331291,0.001,False,128.0,128.0,,,SGD
train,,,,,,,125.8310809135437,7.0,63.0,2877.0,0.559816837310791,0.9060522317886353,0.00099999782997,0.001,False,128.0,128.0,,,SGD
train,,,,,,,125.88566851615906,7.0,64.0,2878.0,0.6465601921081543,0.9999991059303284,0.0010000007856078,0.001,False,128.0,128.0,,,SGD
train,,,,,,,125.94908285140993,7.0,65.0,2879.0,0.6009052395820618,0.9999992847442628,0.0009498302432786,0.001,False,128.0,128.0,,,SGD
train,,,,,,,125.99882435798644,7.0,66.0,2880.0,0.6204139590263367,0.9498298168182372,0.0010000001223609,0.001,False,128.0,128.0,,,SGD
train,,,,,,,126.0536630153656,7.0,67.0,2881.0,0.7986521124839783,0.9999991059303284,0.0009999984549158,0.001,False,128.0,128.0,,,SGD
train,,,,,,,126.10440468788148,7.0,68.0,2882.0,0.583537757396698,0.9999991655349731,0.0009999967211318,0.001,False,128.0,128.0,,,SGD
train,,,,,,,126.16023445129396,7.0,69.0,2883.0,0.7171854972839355,0.9999990463256836,0.0009999988343072,0.001,False,128.0,128.0,,,SGD
train,,,,,,,126.20987057685852,7.0,70.0,2884.0,0.5570812225341797,0.9999991059303284,0.0009699104596545,0.001,False,128.0,128.0,,,SGD
train,,,,,,,126.26783013343812,7.0,71.0,2885.0,0.5397584438323975,0.9699094891548156,0.0009999976208591,0.001,False,128.0,128.0,,,SGD
train,,,,,,,126.31719207763672,7.0,72.0,2886.0,0.5887129902839661,0.9999991655349731,0.0009999982900751,0.001,False,128.0,128.0,,,SGD
train,,,,,,,126.37162160873412,7.0,73.0,2887.0,0.5105313658714294,0.999999225139618,0.0009999951930146,0.001,False,128.0,128.0,,,SGD
train,,,,,,,126.42910814285278,7.0,74.0,2888.0,0.5825453400611877,0.9999991655349731,0.0010000003053256,0.001,False,128.0,128.0,,,SGD
train,,,,,,,126.4774661064148,7.0,75.0,2889.0,0.6646876931190491,0.9999991655349731,0.0009999992809226,0.001,False,128.0,128.0,,,SGD
train,,,,,,,126.53335571289062,7.0,76.0,2890.0,0.6455351710319519,0.9999993443489076,0.0009999976929127,0.001,False,128.0,128.0,,,SGD
train,,,,,,,126.5866847038269,7.0,77.0,2891.0,0.6235753893852234,0.999999225139618,0.0009999984830322,0.001,False,128.0,128.0,,,SGD
train,,,,,,,126.6380488872528,7.0,78.0,2892.0,0.5039337873458862,0.9999992847442628,0.0009758404953078,0.001,False,128.0,128.0,,,SGD
train,,,,,,,126.68351769447328,7.0,79.0,2893.0,0.5384393930435181,0.97584068775177,0.000994538731058,0.001,False,128.0,128.0,,,SGD
train,,,,,,,126.76272797584534,7.0,80.0,2894.0,0.5660415291786194,0.9945406317710876,0.0009999985020448,0.001,False,128.0,128.0,,,SGD
train,,,,,,,126.821355342865,7.0,81.0,2895.0,0.6024592518806458,0.9999992847442628,0.0009999993651053,0.001,False,128.0,128.0,,,SGD
train,,,,,,,126.87488412857056,7.0,82.0,2896.0,0.6140645742416382,0.9999990463256836,0.0009999992416484,0.001,False,128.0,128.0,,,SGD
train,,,,,,,126.95568346977234,7.0,83.0,2897.0,0.5887259244918823,0.9999991059303284,0.0009999988961467,0.001,False,128.0,128.0,,,SGD
train,,,,,,,127.00580406188963,7.0,84.0,2898.0,0.6779068112373352,0.9999991655349731,0.0009999983719542,0.001,False,128.0,128.0,,,SGD
train,,,,,,,127.08456349372864,7.0,85.0,2899.0,0.5420816540718079,0.999999225139618,0.0009999988815195,0.001,False,128.0,128.0,,,SGD
train,,,,,,,127.13569808006288,7.0,86.0,2900.0,0.5676020979881287,0.9999990463256836,0.0009999982815819,0.001,False,128.0,128.0,,,SGD
train,,,,,,,127.18424344062804,7.0,87.0,2901.0,0.5913251638412476,0.9999991059303284,0.0009964109145941,0.001,False,128.0,128.0,,,SGD
train,,,,,,,127.23047852516174,7.0,88.0,2902.0,0.5725559592247009,0.9964109659194946,0.0009591686429371,0.001,False,128.0,128.0,,,SGD
train,,,,,,,127.27910780906676,7.0,89.0,2903.0,0.4483818709850311,0.9591675996780396,0.0008149920534221,0.001,False,128.0,128.0,,,SGD
train,,,,,,,127.32398581504822,7.0,90.0,2904.0,0.5987172722816467,0.8149933218955994,0.0010000009452578,0.001,False,128.0,128.0,,,SGD
train,,,,,,,127.3706567287445,7.0,91.0,2905.0,0.561773419380188,0.9999992847442628,0.0009227235762302,0.001,False,128.0,128.0,,,SGD
train,,,,,,,127.4297378063202,7.0,92.0,2906.0,0.6166329979896545,0.9227227568626404,0.0009723251983308,0.001,False,128.0,128.0,,,SGD
train,,,,,,,127.4983057975769,7.0,93.0,2907.0,0.6300142407417297,0.9723253846168518,0.0010000013312819,0.001,False,128.0,128.0,,,SGD
train,,,,,,,127.5582308769226,7.0,94.0,2908.0,0.6437581777572632,0.999999225139618,0.0009999979776855,0.001,False,128.0,128.0,,,SGD
train,,,,,,,127.61428666114809,7.0,95.0,2909.0,0.5836108922958374,0.9999993443489076,0.0008842786756614,0.001,False,128.0,128.0,,,SGD
train,,,,,,,127.6598343849182,7.0,96.0,2910.0,0.5627812147140503,0.8842777609825134,0.000933958079102,0.001,False,128.0,128.0,,,SGD
train,,,,,,,127.70617389678956,7.0,97.0,2911.0,0.5608710646629333,0.9339593648910522,0.0009999974835797,0.001,False,128.0,128.0,,,SGD
train,,,,,,,128.09024262428284,7.0,98.0,2912.0,0.5894371271133423,0.9999990463256836,0.000999999139036,0.001,False,128.0,128.0,,,SGD
train,,,,,,,128.13478565216064,7.0,99.0,2913.0,0.6375426054000854,0.999999225139618,0.0009999983045358,0.001,False,128.0,128.0,,,SGD
train,,,,,,,128.1763892173767,7.0,100.0,2914.0,0.6929762363433838,0.9999991655349731,0.000999999822795,0.001,False,128.0,128.0,,,SGD
train,,,,,,,128.2312455177307,7.0,101.0,2915.0,0.5171237587928772,0.9999991059303284,0.000948896048271,0.001,False,128.0,128.0,,,SGD
train,,,,,,,128.28165936470032,7.0,102.0,2916.0,0.4821952283382416,0.9488943815231324,0.0009563068050565,0.001,False,128.0,128.0,,,SGD
train,,,,,,,128.322815656662,7.0,103.0,2917.0,0.573051393032074,0.9563060998916626,0.0009846346199153,0.001,False,128.0,128.0,,,SGD
train,,,,,,,128.35994052886963,7.0,104.0,2918.0,0.6242323517799377,0.9846345782279968,0.0010000009093421,0.001,False,128.0,128.0,,,SGD
train,,,,,,,128.41422581672668,7.0,105.0,2919.0,0.5828486680984497,0.9999990463256836,0.0009999981456071,0.001,False,128.0,128.0,,,SGD
train,,,,,,,128.4617350101471,7.0,106.0,2920.0,0.4780128002166748,0.9999991059303284,0.0009521427188879,0.001,False,128.0,128.0,,,SGD
train,,,,,,,128.51308703422546,7.0,107.0,2921.0,0.5830866694450378,0.9521421790122986,0.001000000771397,0.001,False,128.0,128.0,,,SGD
train,,,,,,,128.5702040195465,7.0,108.0,2922.0,0.5320080518722534,0.9999990463256836,0.0009737527006399,0.001,False,128.0,128.0,,,SGD
train,,,,,,,128.62390661239624,7.0,109.0,2923.0,0.4970662593841553,0.973752498626709,0.0008580703785462,0.001,False,128.0,128.0,,,SGD
train,,,,,,,128.67581462860107,7.0,110.0,2924.0,0.6234209537506104,0.8580713868141174,0.0009999997240961,0.001,False,128.0,128.0,,,SGD
train,,,,,,,128.72388291358948,7.0,111.0,2925.0,0.5822800397872925,0.9999991655349731,0.0009999985586107,0.001,False,128.0,128.0,,,SGD
train,,,,,,,128.7694103717804,7.0,112.0,2926.0,0.5920422077178955,0.999998927116394,0.000967284146362,0.001,False,128.0,128.0,,,SGD
train,,,,,,,128.8070273399353,7.0,113.0,2927.0,0.5009817481040955,0.9672845602035522,0.0009999987068257,0.001,False,128.0,128.0,,,SGD
train,,,,,,,128.8484444618225,7.0,114.0,2928.0,0.5908248424530029,0.9999991059303284,0.0009805567467582,0.001,False,128.0,128.0,,,SGD
train,,,,,,,128.92622137069702,7.0,115.0,2929.0,0.5605954527854919,0.9805589318275452,0.0009802054337491,0.001,False,128.0,128.0,,,SGD
train,,,,,,,128.97066473960876,7.0,116.0,2930.0,0.608413815498352,0.9802044034004213,0.0009999997577081,0.001,False,128.0,128.0,,,SGD
train,,,,,,,129.0157859325409,7.0,117.0,2931.0,0.466085284948349,0.9999991059303284,0.0009063943179812,0.001,False,128.0,128.0,,,SGD
train,,,,,,,129.0600402355194,7.0,118.0,2932.0,0.5710830092430115,0.9063926339149476,0.0009999995478204,0.001,False,128.0,128.0,,,SGD
train,,,,,,,129.10652232170105,7.0,119.0,2933.0,0.5040040612220764,0.9999992847442628,0.0010000013406077,0.001,False,128.0,128.0,,,SGD
train,,,,,,,129.16030550003052,7.0,120.0,2934.0,0.5342878699302673,0.9999990463256836,0.0009999989149928,0.001,False,128.0,128.0,,,SGD
train,,,,,,,129.21632599830627,7.0,121.0,2935.0,0.5547080636024475,0.9999991655349731,0.0009999990893535,0.001,False,128.0,128.0,,,SGD
train,,,,,,,129.26160621643066,7.0,122.0,2936.0,0.6271518468856812,0.999999225139618,0.001000000118031,0.001,False,128.0,128.0,,,SGD
train,,,,,,,129.31210064888,7.0,123.0,2937.0,0.553853452205658,0.9999990463256836,0.0010000005146581,0.001,False,128.0,128.0,,,SGD
train,,,,,,,129.36675667762756,7.0,124.0,2938.0,0.669493556022644,0.9999991059303284,0.0009945248710728,0.001,False,128.0,128.0,,,SGD
train,,,,,,,129.42735624313354,7.0,125.0,2939.0,0.6123861074447632,0.9945247173309326,0.0010000005036114,0.001,False,128.0,128.0,,,SGD
train,,,,,,,129.47726273536682,7.0,126.0,2940.0,0.4849280416965484,0.9999991655349731,0.0009469504372132,0.001,False,128.0,128.0,,,SGD
train,,,,,,,129.5158097743988,7.0,127.0,2941.0,0.6324421167373657,0.9469483494758606,0.0009999993856167,0.001,False,128.0,128.0,,,SGD
train,,,,,,,129.56949830055237,7.0,128.0,2942.0,0.596868097782135,0.9999991655349731,0.0009999996905119,0.001,False,128.0,128.0,,,SGD
train,,,,,,,129.6137089729309,7.0,129.0,2943.0,0.5736181139945984,0.9999991655349731,0.0009999970787912,0.001,False,128.0,128.0,,,SGD
train,,,,,,,129.66017270088196,7.0,130.0,2944.0,0.5713526010513306,0.9999989867210388,0.0009371041758143,0.001,False,128.0,128.0,,,SGD
train,,,,,,,129.70244073867798,7.0,131.0,2945.0,0.6048264503479004,0.937103807926178,0.0009999967780309,0.001,False,128.0,128.0,,,SGD
train,,,,,,,129.74795126914978,7.0,132.0,2946.0,0.6261053085327148,0.9999991059303284,0.00099999931484,0.001,False,128.0,128.0,,,SGD
train,,,,,,,129.80136942863464,7.0,133.0,2947.0,0.5192759037017822,0.9999991655349731,0.0009999980376377,0.001,False,128.0,128.0,,,SGD
train,,,,,,,129.8555920124054,7.0,134.0,2948.0,0.5466346144676208,0.9999990463256836,0.0009488121255243,0.001,False,128.0,128.0,,,SGD
train,,,,,,,129.90477538108826,7.0,135.0,2949.0,0.5394047498703003,0.948811948299408,0.0009116998174652,0.001,False,128.0,128.0,,,SGD
train,,,,,,,129.9632589817047,7.0,136.0,2950.0,0.5238560438156128,0.9117000102996826,0.0008716596779173,0.001,False,128.0,128.0,,,SGD
train,,,,,,,130.00869011878967,7.0,137.0,2951.0,0.4804005622863769,0.8716608285903931,0.0010000007192721,0.001,False,128.0,128.0,,,SGD
train,,,,,,,130.07354950904846,7.0,138.0,2952.0,0.5713052153587341,0.9999990463256836,0.0009999988476022,0.001,False,128.0,128.0,,,SGD
train,,,,,,,130.14388489723206,7.0,139.0,2953.0,0.4933958053588867,0.9999991655349731,0.0008585289951198,0.001,False,128.0,128.0,,,SGD
train,,,,,,,130.20601415634155,7.0,140.0,2954.0,0.556525707244873,0.8585297465324402,0.0009999967055886,0.001,False,128.0,128.0,,,SGD
train,,,,,,,130.2700080871582,7.0,141.0,2955.0,0.4694151580333709,0.9999990463256836,0.000934844709176,0.001,False,128.0,128.0,,,SGD
train,,,,,,,130.32922530174255,7.0,142.0,2956.0,0.6216558814048767,0.9348434805870056,0.0009999973818275,0.001,False,128.0,128.0,,,SGD
train,,,,,,,130.37972450256348,7.0,143.0,2957.0,0.5924929976463318,0.9999990463256836,0.0009999982876326,0.001,False,128.0,128.0,,,SGD
train,,,,,,,130.43787837028503,7.0,144.0,2958.0,0.478016048669815,0.9999991059303284,0.0009999994114017,0.001,False,128.0,128.0,,,SGD
train,,,,,,,130.49613332748413,7.0,145.0,2959.0,0.6027422547340393,0.9999991059303284,0.0009642484737443,0.001,False,128.0,128.0,,,SGD
train,,,,,,,130.5611653327942,7.0,146.0,2960.0,0.6266753077507019,0.9642489552497864,0.0009999996087161,0.001,False,128.0,128.0,,,SGD
train,,,,,,,130.60963249206543,7.0,147.0,2961.0,0.6538028717041016,0.9999990463256836,0.0009999975905499,0.001,False,128.0,128.0,,,SGD
train,,,,,,,130.65630888938904,7.0,148.0,2962.0,0.6310615539550781,0.9999990463256836,0.0009999984430086,0.001,False,128.0,128.0,,,SGD
train,,,,,,,130.71943259239197,7.0,149.0,2963.0,0.5894461870193481,0.9999989867210388,0.0009174462223887,0.001,False,128.0,128.0,,,SGD
train,,,,,,,130.78107357025146,7.0,150.0,2964.0,0.5588858723640442,0.9174464344978333,0.0009999976289637,0.001,False,128.0,128.0,,,SGD
train,,,,,,,130.86030793190002,7.0,151.0,2965.0,0.5943821668624878,0.9999991059303284,0.0009999980197908,0.001,False,128.0,128.0,,,SGD
train,,,,,,,130.93308925628662,7.0,152.0,2966.0,0.5201247930526733,0.9999991059303284,0.0009999976395941,0.001,False,128.0,128.0,,,SGD
train,,,,,,,131.00597167015076,7.0,153.0,2967.0,0.6089494228363037,0.9999991059303284,0.0009999984015139,0.001,False,128.0,128.0,,,SGD
train,,,,,,,131.0730917453766,7.0,154.0,2968.0,0.6353060603141785,0.9999989867210388,0.0009999979316944,0.001,False,128.0,128.0,,,SGD
train,,,,,,,131.14322519302368,7.0,155.0,2969.0,0.6719600558280945,0.9999990463256836,0.0009999976754267,0.001,False,128.0,128.0,,,SGD
train,,,,,,,131.20693397521973,7.0,156.0,2970.0,0.5652217268943787,0.9999989867210388,0.0009746516484215,0.001,False,128.0,128.0,,,SGD
train,,,,,,,131.27578163146973,7.0,157.0,2971.0,0.552219569683075,0.9746524691581726,0.0009990005142459,0.001,False,128.0,128.0,,,SGD
train,,,,,,,131.35254836082458,7.0,158.0,2972.0,0.6011407971382141,0.999001920223236,0.0010000006207676,0.001,False,128.0,128.0,,,SGD
train,,,,,,,131.47307181358337,7.0,159.0,2973.0,0.6191743612289429,0.9999991655349731,0.000999997480471,0.001,False,128.0,128.0,,,SGD
train,,,,,,,131.6949746608734,7.0,160.0,2974.0,0.5538097620010376,0.9999991059303284,0.0009999973053884,0.001,False,128.0,128.0,,,SGD
train,,,,,,,131.7461371421814,7.0,161.0,2975.0,0.4913837015628814,0.9999991059303284,0.000999998043855,0.001,False,128.0,128.0,,,SGD
train,,,,,,,131.7941038608551,7.0,162.0,2976.0,0.5935243964195251,0.999999225139618,0.0009377229280098,0.001,False,128.0,128.0,,,SGD
train,,,,,,,131.8478422164917,7.0,163.0,2977.0,0.5004473924636841,0.9377198815345764,0.0008910626489192,0.001,False,128.0,128.0,,,SGD
train,,,,,,,131.9048261642456,7.0,164.0,2978.0,0.5246101021766663,0.8910611271858215,0.0009999983168593,0.001,False,128.0,128.0,,,SGD
train,,,,,,,131.95134615898132,7.0,165.0,2979.0,0.5576556324958801,0.9999991059303284,0.001000000455844,0.001,False,128.0,128.0,,,SGD
train,,,,,,,132.00109696388245,7.0,166.0,2980.0,0.6227661371231079,0.999999225139618,0.0009999990240445,0.001,False,128.0,128.0,,,SGD
train,,,,,,,132.0667405128479,7.0,167.0,2981.0,0.6388097405433655,0.9999991059303284,0.0010000011603632,0.001,False,128.0,128.0,,,SGD
train,,,,,,,132.19318175315857,7.0,168.0,2982.0,0.4745816588401794,0.999999225139618,0.0009613913179638,0.001,False,128.0,128.0,,,SGD
train,,,,,,,132.25246000289917,7.0,169.0,2983.0,0.5840482711791992,0.9613906741142272,0.0009921110570243,0.001,False,128.0,128.0,,,SGD
train,,,,,,,132.30534410476685,7.0,170.0,2984.0,0.4440631866455078,0.9921094179153442,0.0010000016903275,0.001,False,128.0,128.0,,,SGD
train,,,,,,,132.35370874404907,7.0,171.0,2985.0,0.7076036334037781,0.9999991059303284,0.0009999974014785,0.001,False,128.0,128.0,,,SGD
train,,,,,,,132.38881587982178,7.0,172.0,2986.0,0.6340923309326172,0.9999991655349731,0.0009999998044485,0.001,False,128.0,128.0,,,SGD
train,,,,,,,132.42876958847046,7.0,173.0,2987.0,0.5669599175453186,0.9999992847442628,0.000999996648967,0.001,False,128.0,128.0,,,SGD
train,,,,,,,132.47919034957886,7.0,174.0,2988.0,0.552563488483429,0.9999991655349731,0.0009999979347753,0.001,False,128.0,128.0,,,SGD
train,,,,,,,132.52229070663452,7.0,175.0,2989.0,0.6238194704055786,0.9999989867210388,0.0009999985113013,0.001,False,128.0,128.0,,,SGD
train,,,,,,,132.60822176933289,7.0,176.0,2990.0,0.5908300876617432,0.9999990463256836,0.0009999967208542,0.001,False,128.0,128.0,,,SGD
train,,,,,,,132.6458864212036,7.0,177.0,2991.0,0.5293042063713074,0.9999991655349731,0.0009999978930864,0.001,False,128.0,128.0,,,SGD
train,,,,,,,132.6936378479004,7.0,178.0,2992.0,0.4534042775630951,0.9999991059303284,0.0008425527035698,0.001,False,128.0,128.0,,,SGD
train,,,,,,,132.7444863319397,7.0,179.0,2993.0,0.5265036225318909,0.842552900314331,0.0009999984215535,0.001,False,128.0,128.0,,,SGD
train,,,,,,,132.80130648612976,7.0,180.0,2994.0,0.655670702457428,0.9999991655349731,0.0009999991814466,0.001,False,128.0,128.0,,,SGD
train,,,,,,,132.90583324432373,7.0,181.0,2995.0,0.6457358598709106,0.999999225139618,0.0009999992035955,0.001,False,128.0,128.0,,,SGD
train,,,,,,,132.96948766708374,7.0,182.0,2996.0,0.4449814558029175,0.9999991655349731,0.0009999989519077,0.001,False,128.0,128.0,,,SGD
train,,,,,,,133.02510499954224,7.0,183.0,2997.0,0.513130784034729,0.9999991059303284,0.0009999978439034,0.001,False,128.0,128.0,,,SGD
train,,,,,,,133.0821554660797,7.0,184.0,2998.0,0.597214937210083,0.9999989867210388,0.0010000004086318,0.001,False,128.0,128.0,,,SGD
train,,,,,,,133.13559699058533,7.0,185.0,2999.0,0.5178608894348145,0.9999990463256836,0.000999999491421,0.001,False,128.0,128.0,,,SGD
train,,,,,,,133.19958472251892,7.0,186.0,3000.0,0.4964057207107544,0.9999992847442628,0.0008254505248044,0.001,False,128.0,128.0,,,SGD
train,,,,,,,133.23865509033203,7.0,187.0,3001.0,0.5352266430854797,0.8254510164260864,0.0010000005871001,0.001,False,128.0,128.0,,,SGD
train,,,,,,,133.28586077690125,7.0,188.0,3002.0,0.5375167727470398,0.9999990463256836,0.0009212690817042,0.001,False,128.0,128.0,,,SGD
train,,,,,,,133.339209318161,7.0,189.0,3003.0,0.566993772983551,0.9212703108787536,0.0009726432954802,0.001,False,128.0,128.0,,,SGD
train,,,,,,,133.39487195014954,7.0,190.0,3004.0,0.5328393578529358,0.9726449847221376,0.0009446707787685,0.001,False,128.0,128.0,,,SGD
train,,,,,,,133.44466185569763,7.0,191.0,3005.0,0.6095329523086548,0.9446691274642944,0.0009999998012289,0.001,False,128.0,128.0,,,SGD
train,,,,,,,133.493182182312,7.0,192.0,3006.0,0.5593944787979126,0.9999991059303284,0.0008916937237732,0.001,False,128.0,128.0,,,SGD
train,,,,,,,133.5468943119049,7.0,193.0,3007.0,0.6233839392662048,0.8916941285133362,0.0009824583634041,0.001,False,128.0,128.0,,,SGD
train,,,,,,,133.59760427474976,7.0,194.0,3008.0,0.6265265941619873,0.9824570417404176,0.000999998382085,0.001,False,128.0,128.0,,,SGD
train,,,,,,,133.64469456672668,7.0,195.0,3009.0,0.5468048453330994,0.9999991059303284,0.0010000008724827,0.001,False,128.0,128.0,,,SGD
train,,,,,,,133.6896517276764,7.0,196.0,3010.0,0.5810820460319519,0.999999225139618,0.0009999978588082,0.001,False,128.0,128.0,,,SGD
train,,,,,,,133.7339870929718,7.0,197.0,3011.0,0.5992103219032288,0.9999990463256836,0.0009984211312906,0.001,False,128.0,128.0,,,SGD
train,,,,,,,133.78819251060486,7.0,198.0,3012.0,0.5635610222816467,0.998421311378479,0.0009999996137122,0.001,False,128.0,128.0,,,SGD
train,,,,,,,133.8307020664215,7.0,199.0,3013.0,0.6723814606666565,0.999999225139618,0.0009999991917161,0.001,False,128.0,128.0,,,SGD
train,,,,,,,133.8717746734619,7.0,200.0,3014.0,0.5273767709732056,0.999999225139618,0.001000002404921,0.001,False,128.0,128.0,,,SGD
train,,,,,,,133.917986869812,7.0,201.0,3015.0,0.5814287066459656,0.9999991059303284,0.0009999999518862,0.001,False,128.0,128.0,,,SGD
train,,,,,,,133.95819330215454,7.0,202.0,3016.0,0.5366035103797913,0.9999991655349731,0.0009999982251547,0.001,False,128.0,128.0,,,SGD
train,,,,,,,134.00089716911316,7.0,203.0,3017.0,0.5421783924102783,0.9999991655349731,0.000817914408685,0.001,False,128.0,128.0,,,SGD
train,,,,,,,134.0450668334961,7.0,204.0,3018.0,0.5978444814682007,0.8179143071174622,0.0009392932822994,0.001,False,128.0,128.0,,,SGD
train,,,,,,,134.09369373321533,7.0,205.0,3019.0,0.6449046730995178,0.9392937421798706,0.0010000011648041,0.001,False,128.0,128.0,,,SGD
train,,,,,,,134.13801169395447,7.0,206.0,3020.0,0.477959394454956,0.9999992847442628,0.0008451857491058,0.001,False,128.0,128.0,,,SGD
train,,,,,,,134.4805269241333,7.0,207.0,3021.0,0.5467057824134827,0.8451841473579407,0.0009999989544057,0.001,False,128.0,128.0,,,SGD
train,,,,,,,134.52260422706604,7.0,208.0,3022.0,0.5522567629814148,0.9999991059303284,0.0010000002701871,0.001,False,128.0,128.0,,,SGD
train,,,,,,,134.56296586990356,7.0,209.0,3023.0,0.6220239996910095,0.9999990463256836,0.0009999999936583,0.001,False,128.0,128.0,,,SGD
train,,,,,,,134.60574889183044,7.0,210.0,3024.0,0.6562973260879517,0.999999225139618,0.0009999975971557,0.001,False,128.0,128.0,,,SGD
train,,,,,,,134.64769172668457,7.0,211.0,3025.0,0.5659657120704651,0.9999991655349731,0.0008926052470509,0.001,False,128.0,128.0,,,SGD
train,,,,,,,134.68751120567322,7.0,212.0,3026.0,0.5747053623199463,0.8926036953926086,0.0009754846090854,0.001,False,128.0,128.0,,,SGD
train,,,,,,,134.7377471923828,7.0,213.0,3027.0,0.4826810359954834,0.975484013557434,0.000986901459059,0.001,False,128.0,128.0,,,SGD
train,,,,,,,134.77934336662292,7.0,214.0,3028.0,0.5719603300094604,0.9869009852409364,0.0009999992380402,0.001,False,128.0,128.0,,,SGD
train,,,,,,,134.81756281852722,7.0,215.0,3029.0,0.5081179141998291,0.9999990463256836,0.0009999996451592,0.001,False,128.0,128.0,,,SGD
train,,,,,,,134.86052560806274,7.0,216.0,3030.0,0.5516720414161682,0.9999991655349731,0.0009949308482945,0.001,False,128.0,128.0,,,SGD
train,,,,,,,134.90145349502563,7.0,217.0,3031.0,0.6304548382759094,0.994927942752838,0.0009999991523309,0.001,False,128.0,128.0,,,SGD
train,,,,,,,134.93877935409546,7.0,218.0,3032.0,0.6448992490768433,0.9999989867210388,0.0010000001264687,0.001,False,128.0,128.0,,,SGD
train,,,,,,,134.9736626148224,7.0,219.0,3033.0,0.5846725106239319,0.9999990463256836,0.0010000008235774,0.001,False,128.0,128.0,,,SGD
train,,,,,,,135.0149233341217,7.0,220.0,3034.0,0.5244578123092651,0.9999991059303284,0.0010000004237309,0.001,False,128.0,128.0,,,SGD
train,,,,,,,135.06148409843445,7.0,221.0,3035.0,0.5880085825920105,0.9999989867210388,0.0009999972578152,0.001,False,128.0,128.0,,,SGD
train,,,,,,,135.1095073223114,7.0,222.0,3036.0,0.5470453500747681,0.9999990463256836,0.0009999999287103,0.001,False,128.0,128.0,,,SGD
train,,,,,,,135.14921164512634,7.0,223.0,3037.0,0.6139842867851257,0.9999991059303284,0.0009999978726027,0.001,False,128.0,128.0,,,SGD
train,,,,,,,135.18866872787476,7.0,224.0,3038.0,0.5688143372535706,0.9999991655349731,0.0009999993283847,0.001,False,128.0,128.0,,,SGD
train,,,,,,,135.23241233825684,7.0,225.0,3039.0,0.5808760523796082,0.9999991655349731,0.0009999963896736,0.001,False,128.0,128.0,,,SGD
train,,,,,,,135.2768621444702,7.0,226.0,3040.0,0.546715497970581,0.9999989867210388,0.0009951180218604,0.001,False,128.0,128.0,,,SGD
train,,,,,,,135.32554149627686,7.0,227.0,3041.0,0.657025933265686,0.9951169490814208,0.0009999979623644,0.001,False,128.0,128.0,,,SGD
train,,,,,,,135.3670551776886,7.0,228.0,3042.0,0.5211477875709534,0.9999991655349731,0.0009784221828862,0.001,False,128.0,128.0,,,SGD
train,,,,,,,135.4168257713318,7.0,229.0,3043.0,0.6064157485961914,0.978421151638031,0.0009999992868623,0.001,False,128.0,128.0,,,SGD
train,,,,,,,135.45934295654297,7.0,230.0,3044.0,0.6791195273399353,0.9999989867210388,0.0009999977120363,0.001,False,128.0,128.0,,,SGD
train,,,,,,,135.50182580947876,7.0,231.0,3045.0,0.5410078763961792,0.9999990463256836,0.0009999974891308,0.001,False,128.0,128.0,,,SGD
train,,,,,,,135.549955368042,7.0,232.0,3046.0,0.6210329532623291,0.999999225139618,0.0009812848849816,0.001,False,128.0,128.0,,,SGD
train,,,,,,,135.59107947349548,7.0,233.0,3047.0,0.3940198421478271,0.9812850952148438,0.0008711168604808,0.001,False,128.0,128.0,,,SGD
train,,,,,,,135.64836835861206,7.0,234.0,3048.0,0.5090566277503967,0.8711161017417908,0.0009999987969204,0.001,False,128.0,128.0,,,SGD
train,,,,,,,135.6974902153015,7.0,235.0,3049.0,0.5719870328903198,0.9999990463256836,0.0009381920124404,0.001,False,128.0,128.0,,,SGD
train,,,,,,,135.74193787574768,7.0,236.0,3050.0,0.5764344930648804,0.938191533088684,0.0009999990479421,0.001,False,128.0,128.0,,,SGD
train,,,,,,,135.77824521064758,7.0,237.0,3051.0,0.5377651453018188,0.9999992847442628,0.0009537829617143,0.001,False,128.0,128.0,,,SGD
train,,,,,,,135.82526683807373,7.0,238.0,3052.0,0.5272225141525269,0.9537829756736756,0.0009999996309761,0.001,False,128.0,128.0,,,SGD
train,,,,,,,135.86683583259585,7.0,239.0,3053.0,0.6538782119750977,0.9999992847442628,0.0009761804552298,0.001,False,128.0,128.0,,,SGD
train,,,,,,,135.9014492034912,7.0,240.0,3054.0,0.6838509440422058,0.9761814475059508,0.0009999991927431,0.001,False,128.0,128.0,,,SGD
train,,,,,,,135.94664478302002,7.0,241.0,3055.0,0.5419967174530029,0.9999991059303284,0.0008967528864673,0.001,False,128.0,128.0,,,SGD
train,,,,,,,135.9962019920349,7.0,242.0,3056.0,0.61598801612854,0.8967546224594116,0.0009999997899601,0.001,False,128.0,128.0,,,SGD
train,,,,,,,136.04319667816162,7.0,243.0,3057.0,0.5635332465171814,0.999999225139618,0.0010000016697329,0.001,False,128.0,128.0,,,SGD
train,,,,,,,136.07917404174805,7.0,244.0,3058.0,0.4360553324222564,0.9999991059303284,0.0009008914052526,0.001,False,128.0,128.0,,,SGD
train,,,,,,,136.1184685230255,7.0,245.0,3059.0,0.4914732873439789,0.9008888006210328,0.0009999983972951,0.001,False,128.0,128.0,,,SGD
train,,,,,,,136.15649700164795,7.0,246.0,3060.0,0.556715726852417,0.9999991655349731,0.0010000001080945,0.001,False,128.0,128.0,,,SGD
train,,,,,,,136.19252514839172,7.0,247.0,3061.0,0.5121043920516968,0.9999991655349731,0.0009613150410669,0.001,False,128.0,128.0,,,SGD
train,,,,,,,136.2360110282898,7.0,248.0,3062.0,0.6291344165802002,0.9613162279129028,0.0009999989602344,0.001,False,128.0,128.0,,,SGD
train,,,,,,,136.28314781188965,7.0,249.0,3063.0,0.5721414089202881,0.9999991059303284,0.0009999988468805,0.001,False,128.0,128.0,,,SGD
train,,,,,,,136.32206869125366,7.0,250.0,3064.0,0.5535616278648376,0.9999994039535522,0.0010000008326257,0.001,False,128.0,128.0,,,SGD
train,,,,,,,136.36597537994385,7.0,251.0,3065.0,0.526800274848938,0.9999991655349731,0.0009999972237868,0.001,False,128.0,128.0,,,SGD
train,,,,,,,136.40464186668396,7.0,252.0,3066.0,0.6064664125442505,0.9999991059303284,0.0009999981708092,0.001,False,128.0,128.0,,,SGD
train,,,,,,,136.44692969322205,7.0,253.0,3067.0,0.5262875556945801,0.9999991655349731,0.0009999982333426,0.001,False,128.0,128.0,,,SGD
train,,,,,,,136.48985838890076,7.0,254.0,3068.0,0.5732815861701965,0.9999991059303284,0.0010000008773677,0.001,False,128.0,128.0,,,SGD
train,,,,,,,136.52980136871338,7.0,255.0,3069.0,0.4180873036384582,0.9999990463256836,0.0009596227478603,0.001,False,128.0,128.0,,,SGD
train,,,,,,,136.56944489479065,7.0,256.0,3070.0,0.5599421858787537,0.9596214890480042,0.0009999988889303,0.001,False,128.0,128.0,,,SGD
train,,,,,,,136.60842776298523,7.0,257.0,3071.0,0.6014564633369446,0.9999992847442628,0.0009452026295774,0.001,False,128.0,128.0,,,SGD
train,,,,,,,136.65288496017456,7.0,258.0,3072.0,0.53276127576828,0.945200264453888,0.0009999989114956,0.001,False,128.0,128.0,,,SGD
train,,,,,,,136.69812488555908,7.0,259.0,3073.0,0.5777908563613892,0.9999991059303284,0.0009999981213487,0.001,False,128.0,128.0,,,SGD
train,,,,,,,136.74173259735107,7.0,260.0,3074.0,0.5659240484237671,0.9999991059303284,0.0010000000545818,0.001,False,128.0,128.0,,,SGD
train,,,,,,,136.78370332717896,7.0,261.0,3075.0,0.5728814601898193,0.9999991059303284,0.0009764891221949,0.001,False,128.0,128.0,,,SGD
train,,,,,,,136.82023191452026,7.0,262.0,3076.0,0.4442574977874756,0.9764899611473083,0.0009622402153694,0.001,False,128.0,128.0,,,SGD
train,,,,,,,136.86735105514526,7.0,263.0,3077.0,0.5134046673774719,0.9622392654418944,0.0009999989931526,0.001,False,128.0,128.0,,,SGD
train,,,,,,,136.9058985710144,7.0,264.0,3078.0,0.5932831764221191,0.9999991059303284,0.0009999989456905,0.001,False,128.0,128.0,,,SGD
train,,,,,,,136.94067454338074,7.0,265.0,3079.0,0.5812410116195679,0.999999225139618,0.000947780664793,0.001,False,128.0,128.0,,,SGD
train,,,,,,,136.98104763031006,7.0,266.0,3080.0,0.6288295984268188,0.9477792382240297,0.0009999994196451,0.001,False,128.0,128.0,,,SGD
train,,,,,,,137.02305960655212,7.0,267.0,3081.0,0.6011350154876709,0.9999991655349731,0.0009999989536286,0.001,False,128.0,128.0,,,SGD
train,,,,,,,137.06845092773438,7.0,268.0,3082.0,0.5712129473686218,0.9999991059303284,0.0009999980660039,0.001,False,128.0,128.0,,,SGD
train,,,,,,,137.1145887374878,7.0,269.0,3083.0,0.5434418320655823,0.9999991655349731,0.0010000004122401,0.001,False,128.0,128.0,,,SGD
train,,,,,,,137.15674591064453,7.0,270.0,3084.0,0.6001263856887817,0.9999991059303284,0.0009999996882637,0.001,False,128.0,128.0,,,SGD
train,,,,,,,137.19466352462769,7.0,271.0,3085.0,0.4921976625919342,0.9999989867210388,0.0009999998263199,0.001,False,128.0,128.0,,,SGD
train,,,,,,,137.23522067070007,7.0,272.0,3086.0,0.5973857641220093,0.9999991059303284,0.000999998302926,0.001,False,128.0,128.0,,,SGD
train,,,,,,,137.28092789649963,7.0,273.0,3087.0,0.4997048079967499,0.9999991655349731,0.0009999990705907,0.001,False,128.0,128.0,,,SGD
train,,,,,,,137.32411980628967,7.0,274.0,3088.0,0.5588303208351135,0.9999991655349731,0.0010000000113108,0.001,False,128.0,128.0,,,SGD
train,,,,,,,137.3683168888092,7.0,275.0,3089.0,0.5109018087387085,0.9999990463256836,0.000999996709863,0.001,False,128.0,128.0,,,SGD
train,,,,,,,137.41480207443237,7.0,276.0,3090.0,0.608508825302124,0.9999989867210388,0.0009999981388347,0.001,False,128.0,128.0,,,SGD
train,,,,,,,137.45757722854614,7.0,277.0,3091.0,0.5169039368629456,0.9999990463256836,0.0009391111864451,0.001,False,128.0,128.0,,,SGD
train,,,,,,,137.5024082660675,7.0,278.0,3092.0,0.5577223300933838,0.939112663269043,0.0009037600808579,0.001,False,128.0,128.0,,,SGD
train,,,,,,,137.55268120765686,7.0,279.0,3093.0,0.5568286776542664,0.9037598371505736,0.0010000009746786,0.001,False,128.0,128.0,,,SGD
train,,,,,,,137.59264516830444,7.0,280.0,3094.0,0.5839980840682983,0.9999991655349731,0.0010000011944471,0.001,False,128.0,128.0,,,SGD
train,,,,,,,137.63629937171936,7.0,281.0,3095.0,0.5960542559623718,0.9999992847442628,0.0010000000833366,0.001,False,128.0,128.0,,,SGD
train,,,,,,,137.67928528785706,7.0,282.0,3096.0,0.6519889235496521,0.9999991655349731,0.000999998352442,0.001,False,128.0,128.0,,,SGD
train,,,,,,,137.72217917442322,7.0,283.0,3097.0,0.740719199180603,0.9999991655349731,0.0009999992229689,0.001,False,128.0,128.0,,,SGD
train,,,,,,,137.7696635723114,7.0,284.0,3098.0,0.5187323093414307,0.999999225139618,0.0009999994558384,0.001,False,128.0,128.0,,,SGD
train,,,,,,,137.8201425075531,7.0,285.0,3099.0,0.5362088680267334,0.9999990463256836,0.0009414939525323,0.001,False,128.0,128.0,,,SGD
train,,,,,,,137.87123918533325,7.0,286.0,3100.0,0.5191386938095093,0.9414930939674376,0.0010000008445051,0.001,False,128.0,128.0,,,SGD
train,,,,,,,137.9159917831421,7.0,287.0,3101.0,0.5338737368583679,0.9999990463256836,0.0009700603120331,0.001,False,128.0,128.0,,,SGD
train,,,,,,,137.95714902877808,7.0,288.0,3102.0,0.6427422165870667,0.97006094455719,0.0009999992995189,0.001,False,128.0,128.0,,,SGD
train,,,,,,,138.00290203094482,7.0,289.0,3103.0,0.5767560601234436,0.9999991655349731,0.0010000016773934,0.001,False,128.0,128.0,,,SGD
train,,,,,,,138.05494046211243,7.0,290.0,3104.0,0.627395749092102,0.9999990463256836,0.0010000000890542,0.001,False,128.0,128.0,,,SGD
train,,,,,,,138.1047592163086,7.0,291.0,3105.0,0.5079908967018127,0.9999992847442628,0.0009999993734043,0.001,False,128.0,128.0,,,SGD
train,,,,,,,138.14791178703308,7.0,292.0,3106.0,0.5330559015274048,0.9999991655349731,0.0009999992790352,0.001,False,128.0,128.0,,,SGD
train,,,,,,,138.1906349658966,7.0,293.0,3107.0,0.485806256532669,0.9999991059303284,0.000998912902378,0.001,False,128.0,128.0,,,SGD
train,,,,,,,138.23067355155945,7.0,294.0,3108.0,0.5288046598434448,0.998914122581482,0.0009999979126818,0.001,False,128.0,128.0,,,SGD
train,,,,,,,138.28735375404358,7.0,295.0,3109.0,0.5934696793556213,0.9999991655349731,0.0010000000596888,0.001,False,128.0,128.0,,,SGD
train,,,,,,,138.33400344848633,7.0,296.0,3110.0,0.5461989045143127,0.9999990463256836,0.0010000012769365,0.001,False,128.0,128.0,,,SGD
train,,,,,,,138.37731075286865,7.0,297.0,3111.0,0.634699285030365,0.9999992847442628,0.0009572876802076,0.001,False,128.0,128.0,,,SGD
train,,,,,,,138.41652393341064,7.0,298.0,3112.0,0.5484516620635986,0.9572882056236268,0.0009999983847773,0.001,False,128.0,128.0,,,SGD
train,,,,,,,138.46075820922852,7.0,299.0,3113.0,0.4690741598606109,0.9999991655349731,0.0009999975616563,0.001,False,128.0,128.0,,,SGD
train,,,,,,,138.5103759765625,7.0,300.0,3114.0,0.5805506110191345,0.9999991655349731,0.0009564941930825,0.001,False,128.0,128.0,,,SGD
train,,,,,,,138.55438995361328,7.0,301.0,3115.0,0.5264322757720947,0.9564952850341796,0.0009999973537942,0.001,False,128.0,128.0,,,SGD
train,,,,,,,138.5989224910736,7.0,302.0,3116.0,0.5326718091964722,0.9999991059303284,0.0010000020453761,0.001,False,128.0,128.0,,,SGD
train,,,,,,,138.64821028709412,7.0,303.0,3117.0,0.4953976571559906,0.9999991655349731,0.0009999989942628,0.001,False,128.0,128.0,,,SGD
train,,,,,,,138.6885049343109,7.0,304.0,3118.0,0.543279230594635,0.9999990463256836,0.0008637270787646,0.001,False,128.0,128.0,,,SGD
train,,,,,,,138.73158478736875,7.0,305.0,3119.0,0.5632845759391785,0.8637259602546692,0.0010000006121356,0.001,False,128.0,128.0,,,SGD
train,,,,,,,138.76965188980105,7.0,306.0,3120.0,0.6005885004997253,0.999999225139618,0.0009999964106568,0.001,False,128.0,128.0,,,SGD
train,,,,,,,138.8225495815277,7.0,307.0,3121.0,0.5734066367149353,0.9999991655349731,0.0009999987334156,0.001,False,128.0,128.0,,,SGD
train,,,,,,,138.85988926887512,7.0,308.0,3122.0,0.6416534781455994,0.9999991059303284,0.0009999999746457,0.001,False,128.0,128.0,,,SGD
train,,,,,,,138.91147017478943,7.0,309.0,3123.0,0.5541132092475891,0.999999225139618,0.0010000007243791,0.001,False,128.0,128.0,,,SGD
train,,,,,,,139.09286236763,7.0,310.0,3124.0,0.5826612710952759,0.9999991655349731,0.0009999997564591,0.001,False,128.0,128.0,,,SGD
train,,,,,,,139.1354730129242,7.0,311.0,3125.0,0.5567002892494202,0.999999225139618,0.0010000016877184,0.001,False,128.0,128.0,,,SGD
train,,,,,,,139.17302870750427,7.0,312.0,3126.0,0.4576647579669952,0.9999991059303284,0.0008546898870887,0.001,False,128.0,128.0,,,SGD
train,,,,,,,139.2115638256073,7.0,313.0,3127.0,0.5062036514282227,0.854688823223114,0.0010000002371024,0.001,False,128.0,128.0,,,SGD
train,,,,,,,139.2526342868805,7.0,314.0,3128.0,0.5606619119644165,0.9999990463256836,0.0010000011497606,0.001,False,128.0,128.0,,,SGD
train,,,,,,,139.2868573665619,7.0,315.0,3129.0,0.5692792534828186,0.9999990463256836,0.0009999988081892,0.001,False,128.0,128.0,,,SGD
train,,,,,,,139.32718229293823,7.0,316.0,3130.0,0.7130709290504456,0.9999991655349731,0.0009999998125532,0.001,False,128.0,128.0,,,SGD
train,,,,,,,139.37059593200684,7.0,317.0,3131.0,0.5139262676239014,0.9999992847442628,0.0009999980818247,0.001,False,128.0,128.0,,,SGD
train,,,,,,,139.41005754470825,7.0,318.0,3132.0,0.5689603090286255,0.9999991059303284,0.0009422318523015,0.001,False,128.0,128.0,,,SGD
train,,,,,,,139.44953656196594,7.0,319.0,3133.0,0.4742665290832519,0.9422321915626526,0.0009999988330027,0.001,False,128.0,128.0,,,SGD
train,,,,,,,139.4830732345581,7.0,320.0,3134.0,0.6542010307312012,0.9999990463256836,0.0009999995134035,0.001,False,128.0,128.0,,,SGD
train,,,,,,,139.52990436553955,7.0,321.0,3135.0,0.571687638759613,0.9999989867210388,0.0009338694430263,0.001,False,128.0,128.0,,,SGD
train,,,,,,,139.56985139846802,7.0,322.0,3136.0,0.671394407749176,0.9338703751564026,0.001000000433362,0.001,False,128.0,128.0,,,SGD
train,,,,,,,139.60918378829956,7.0,323.0,3137.0,0.4725465178489685,0.9999990463256836,0.0009999986539235,0.001,False,128.0,128.0,,,SGD
train,,,,,,,139.65387177467346,7.0,324.0,3138.0,0.5764046907424927,0.9999990463256836,0.0010000016335396,0.001,False,128.0,128.0,,,SGD
train,,,,,,,139.6914882659912,7.0,325.0,3139.0,0.6355873942375183,0.9999990463256836,0.0009999997352816,0.001,False,128.0,128.0,,,SGD
train,,,,,,,139.72995734214783,7.0,326.0,3140.0,0.6359536051750183,0.9999991655349731,0.0009999991632944,0.001,False,128.0,128.0,,,SGD
train,,,,,,,139.76971197128296,7.0,327.0,3141.0,0.5161394476890564,0.9999992847442628,0.0008443211034134,0.001,False,128.0,128.0,,,SGD
train,,,,,,,139.8088939189911,7.0,328.0,3142.0,0.4886815547943115,0.8443199396133423,0.0009725881299532,0.001,False,128.0,128.0,,,SGD
train,,,,,,,139.85429501533508,7.0,329.0,3143.0,0.5017945766448975,0.9725885391235352,0.000868596482861,0.001,False,128.0,128.0,,,SGD
train,,,,,,,139.89702486991882,7.0,330.0,3144.0,0.6067215204238892,0.8685978651046753,0.0009272767020997,0.001,False,128.0,128.0,,,SGD
train,,,,,,,139.93645524978638,7.0,331.0,3145.0,0.4397277534008026,0.9272772669792176,0.0009005436416511,0.001,False,128.0,128.0,,,SGD
train,,,,,,,139.98180174827576,7.0,332.0,3146.0,0.6478261947631836,0.9005423188209534,0.0010000005052767,0.001,False,128.0,128.0,,,SGD
train,,,,,,,140.01651453971863,7.0,333.0,3147.0,0.6095776557922363,0.9999991059303284,0.000999999030123,0.001,False,128.0,128.0,,,SGD
train,,,,,,,140.05156588554382,7.0,334.0,3148.0,0.5023967623710632,0.999999225139618,0.0009522741699005,0.001,False,128.0,128.0,,,SGD
train,,,,,,,140.09124064445496,7.0,335.0,3149.0,0.6220876574516296,0.9522733688354492,0.0009999984554154,0.001,False,128.0,128.0,,,SGD
train,,,,,,,140.13616681098938,7.0,336.0,3150.0,0.6036107540130615,0.9999991655349731,0.0010000003839571,0.001,False,128.0,128.0,,,SGD
train,,,,,,,140.18689584732056,7.0,337.0,3151.0,0.5321675539016724,0.9999990463256836,0.0010000004690279,0.001,False,128.0,128.0,,,SGD
train,,,,,,,140.23068571090698,7.0,338.0,3152.0,0.4781811833381653,0.9999989867210388,0.0008785313109515,0.001,False,128.0,128.0,,,SGD
train,,,,,,,140.2748212814331,7.0,339.0,3153.0,0.5707061290740967,0.8785309195518494,0.000966939817873,0.001,False,128.0,128.0,,,SGD
train,,,,,,,140.31630420684814,7.0,340.0,3154.0,0.5546329021453857,0.9669408798217772,0.0009999995150965,0.001,False,128.0,128.0,,,SGD
train,,,,,,,140.364768743515,7.0,341.0,3155.0,0.6420913934707642,0.9999991655349731,0.0009999980526257,0.001,False,128.0,128.0,,,SGD
train,,,,,,,140.4110724925995,7.0,342.0,3156.0,0.514532208442688,0.9999990463256836,0.0010000000689037,0.001,False,128.0,128.0,,,SGD
train,,,,,,,140.4520993232727,7.0,343.0,3157.0,0.5625486969947815,0.9999991059303284,0.0010000008893581,0.001,False,128.0,128.0,,,SGD
train,,,,,,,140.50520396232605,7.0,344.0,3158.0,0.6715787649154663,0.999999225139618,0.0009999999513033,0.001,False,128.0,128.0,,,SGD
train,,,,,,,140.5451858043671,7.0,345.0,3159.0,0.4265854060649872,0.9999991655349731,0.0007899264100148,0.001,False,128.0,128.0,,,SGD
train,,,,,,,140.5837595462799,7.0,346.0,3160.0,0.5385937094688416,0.7899268865585327,0.0009731489359886,0.001,False,128.0,128.0,,,SGD
train,,,,,,,140.62944865226746,7.0,347.0,3161.0,0.513624370098114,0.9731472730636596,0.0008515590604575,0.001,False,128.0,128.0,,,SGD
train,,,,,,,140.6713352203369,7.0,348.0,3162.0,0.6199734807014465,0.8515581488609314,0.0009164431906496,0.001,False,128.0,128.0,,,SGD
train,,,,,,,140.70577812194824,7.0,349.0,3163.0,0.6573652625083923,0.9164422154426576,0.0010000003703569,0.001,False,128.0,128.0,,,SGD
train,,,,,,,140.74061679840088,7.0,350.0,3164.0,0.5377280712127686,0.9999991655349731,0.0008198886671714,0.001,False,128.0,128.0,,,SGD
train,,,,,,,140.77624559402466,7.0,351.0,3165.0,0.4356755912303924,0.8198890686035156,0.0009999968549141,0.001,False,128.0,128.0,,,SGD
train,,,,,,,140.81066942214966,7.0,352.0,3166.0,0.7868552207946777,0.9999990463256836,0.0009999995809606,0.001,False,128.0,128.0,,,SGD
train,,,,,,,140.84692406654358,7.0,353.0,3167.0,0.5616889595985413,0.9999993443489076,0.0010000006568221,0.001,False,128.0,128.0,,,SGD
train,,,,,,,140.8816397190094,7.0,354.0,3168.0,0.5959934592247009,0.9999990463256836,0.0009999974149122,0.001,False,128.0,128.0,,,SGD
train,,,,,,,140.92401313781738,7.0,355.0,3169.0,0.5680021047592163,0.9999991059303284,0.0008576729712263,0.001,False,128.0,128.0,,,SGD
train,,,,,,,140.9697244167328,7.0,356.0,3170.0,0.523483157157898,0.8576729893684387,0.0009684888849156,0.001,False,128.0,128.0,,,SGD
train,,,,,,,141.00919365882874,7.0,357.0,3171.0,0.560447096824646,0.9684866070747375,0.0009999963919495,0.001,False,128.0,128.0,,,SGD
train,,,,,,,141.0426149368286,7.0,358.0,3172.0,0.5604041814804077,0.9999991059303284,0.0009999981114954,0.001,False,128.0,128.0,,,SGD
train,,,,,,,141.08500337600708,7.0,359.0,3173.0,0.5730307102203369,0.9999989867210388,0.0010000002339383,0.001,False,128.0,128.0,,,SGD
train,,,,,,,141.11727118492126,7.0,360.0,3174.0,0.6034852862358093,0.9999991059303284,0.0009705488171339,0.001,False,128.0,128.0,,,SGD
train,,,,,,,141.15015864372253,7.0,361.0,3175.0,0.5017109513282776,0.970549702644348,0.0010000012724401,0.001,False,128.0,128.0,,,SGD
train,,,,,,,141.1822235584259,7.0,362.0,3176.0,0.5107553005218506,0.9999992847442628,0.0009999976937454,0.001,False,128.0,128.0,,,SGD
train,,,,,,,141.2204887866974,7.0,363.0,3177.0,0.6290794610977173,0.9999989867210388,0.0009999992150308,0.001,False,128.0,128.0,,,SGD
train,,,,,,,141.2572569847107,7.0,364.0,3178.0,0.5736714601516724,0.9999991655349731,0.0009999999760335,0.001,False,128.0,128.0,,,SGD
train,,,,,,,141.2933328151703,7.0,365.0,3179.0,0.5828084349632263,0.9999990463256836,0.0010000010862837,0.001,False,128.0,128.0,,,SGD
train,,,,,,,141.3327054977417,7.0,366.0,3180.0,0.4882976412773132,0.999999225139618,0.0009999988487124,0.001,False,128.0,128.0,,,SGD
train,,,,,,,141.37371444702148,7.0,367.0,3181.0,0.6763591766357422,0.999999225139618,0.0009999973870455,0.001,False,128.0,128.0,,,SGD
train,,,,,,,141.40905952453613,7.0,368.0,3182.0,0.5795769691467285,0.9999991059303284,0.0009999995808218,0.001,False,128.0,128.0,,,SGD
train,,,,,,,141.4544231891632,7.0,369.0,3183.0,0.5646307468414307,0.9999991059303284,0.0009585028039018,0.001,False,128.0,128.0,,,SGD
train,,,,,,,141.4913911819458,7.0,370.0,3184.0,0.5689603090286255,0.9585009813308716,0.0009219414328958,0.001,False,128.0,128.0,,,SGD
train,,,,,,,141.52918481826782,7.0,371.0,3185.0,0.5358749032020569,0.9219424724578856,0.0009752221731834,0.001,False,128.0,128.0,,,SGD
train,,,,,,,141.5713608264923,7.0,372.0,3186.0,0.550258457660675,0.975223422050476,0.0009999997774146,0.001,False,128.0,128.0,,,SGD
train,,,,,,,141.61738967895508,7.0,373.0,3187.0,0.6101341843605042,0.9999990463256836,0.0009999971798218,0.001,False,128.0,128.0,,,SGD
train,,,,,,,141.6508069038391,7.0,374.0,3188.0,0.5270473957061768,0.9999992847442628,0.0010000003699683,0.001,False,128.0,128.0,,,SGD
train,,,,,,,141.6909670829773,7.0,375.0,3189.0,0.4354196190834045,0.9999991655349731,0.0008171262222102,0.001,False,128.0,128.0,,,SGD
train,,,,,,,141.73575043678284,7.0,376.0,3190.0,0.4812320172786712,0.8171253800392151,0.0009617254848426,0.001,False,128.0,128.0,,,SGD
train,,,,,,,141.77619171142578,7.0,377.0,3191.0,0.5616151094436646,0.9617257714271544,0.0008942118365911,0.001,False,128.0,128.0,,,SGD
train,,,,,,,141.81556606292725,7.0,378.0,3192.0,0.5694113373756409,0.8942112326622009,0.0008337246278258,0.001,False,128.0,128.0,,,SGD
train,,,,,,,141.86411690711975,7.0,379.0,3193.0,0.5757386088371277,0.8337230682373047,0.0009999995161235,0.001,False,128.0,128.0,,,SGD
train,,,,,,,141.9143271446228,7.0,380.0,3194.0,0.5607944130897522,0.9999991655349731,0.000999997158672,0.001,False,128.0,128.0,,,SGD
train,,,,,,,141.9531810283661,7.0,381.0,3195.0,0.6202794313430786,0.9999989867210388,0.0009999993619134,0.001,False,128.0,128.0,,,SGD
train,,,,,,,142.0031042098999,7.0,382.0,3196.0,0.5402409434318542,0.999999225139618,0.0009999987610047,0.001,False,128.0,128.0,,,SGD
train,,,,,,,142.05115628242493,7.0,383.0,3197.0,0.5362100601196289,0.999999225139618,0.0009999989704485,0.001,False,128.0,128.0,,,SGD
train,,,,,,,142.09529304504397,7.0,384.0,3198.0,0.593226432800293,0.9999991059303284,0.0008683198587179,0.001,False,128.0,128.0,,,SGD
train,,,,,,,142.13980269432068,7.0,385.0,3199.0,0.3977541625499725,0.8683196306228638,0.0009127179981001,0.001,False,128.0,128.0,,,SGD
train,,,,,,,142.18215465545654,7.0,386.0,3200.0,0.486028105020523,0.9127169847488404,0.0008067496094263,0.001,False,128.0,128.0,,,SGD
train,,,,,,,142.22170066833496,7.0,387.0,3201.0,0.6941077709197998,0.8067476749420166,0.0009999959246549,0.001,False,128.0,128.0,,,SGD
train,,,,,,,142.2632327079773,7.0,388.0,3202.0,0.5594487190246582,0.9999991059303284,0.0009233170969223,0.001,False,128.0,128.0,,,SGD
train,,,,,,,142.30499362945557,7.0,389.0,3203.0,0.5604710578918457,0.9233160018920898,0.0009999969977447,0.001,False,128.0,128.0,,,SGD
train,,,,,,,142.35375690460205,7.0,390.0,3204.0,0.4410096108913421,0.999999225139618,0.0008911816645843,0.001,False,128.0,128.0,,,SGD
train,,,,,,,142.4017038345337,7.0,391.0,3205.0,0.4634516835212707,0.8911828994750977,0.0009881217618639,0.001,False,128.0,128.0,,,SGD
train,,,,,,,142.4467146396637,7.0,392.0,3206.0,0.5565192699432373,0.9881232976913452,0.0009999996154885,0.001,False,128.0,128.0,,,SGD
train,,,,,,,142.49297189712524,7.0,393.0,3207.0,0.5846036672592163,0.9999989867210388,0.0009920268648276,0.001,False,128.0,128.0,,,SGD
train,,,,,,,142.54479432106018,7.0,394.0,3208.0,0.5597686767578125,0.9920281171798706,0.0009763511103533,0.001,False,128.0,128.0,,,SGD
train,,,,,,,142.59079384803772,7.0,395.0,3209.0,0.5461100339889526,0.976349711418152,0.0009653348713043,0.001,False,128.0,128.0,,,SGD
train,,,,,,,142.6378529071808,7.0,396.0,3210.0,0.5418782830238342,0.965335488319397,0.0009999970439024,0.001,False,128.0,128.0,,,SGD
train,,,,,,,142.6844618320465,7.0,397.0,3211.0,0.4683659672737121,0.9999991059303284,0.0008047626051021,0.001,False,128.0,128.0,,,SGD
train,,,,,,,142.7457389831543,7.0,398.0,3212.0,0.5884274244308472,0.8047627806663513,0.0009999999854427,0.001,False,128.0,128.0,,,SGD
train,,,,,,,142.8095989227295,7.0,399.0,3213.0,0.5755282640457153,0.999999225139618,0.0010000003155952,0.001,False,128.0,128.0,,,SGD
train,,,,,,,142.88390064239502,7.0,400.0,3214.0,0.6232858300209045,0.999999225139618,0.0010000007404218,0.001,False,128.0,128.0,,,SGD
train,,,,,,,142.94541597366333,7.0,401.0,3215.0,0.5050417184829712,0.9999991655349731,0.0009999981619829,0.001,False,128.0,128.0,,,SGD
train,,,,,,,142.9972813129425,7.0,402.0,3216.0,0.5962803363800049,0.999999225139618,0.0009999965039714,0.001,False,128.0,128.0,,,SGD
train,,,,,,,143.0400094985962,7.0,403.0,3217.0,0.6328951716423035,0.9999990463256836,0.0009999993320484,0.001,False,128.0,128.0,,,SGD
train,,,,,,,143.08119440078735,7.0,404.0,3218.0,0.5564447641372681,0.999999225139618,0.0009999998374499,0.001,False,128.0,128.0,,,SGD
train,,,,,,,143.13748240470886,7.0,405.0,3219.0,0.4368302822113037,0.9999991059303284,0.0007948866933706,0.001,False,128.0,128.0,,,SGD
train,,,,,,,143.1839816570282,7.0,406.0,3220.0,0.5967496633529663,0.7948881983757019,0.0010000001614963,0.001,False,128.0,128.0,,,SGD
train,,,,,,,143.23162531852722,7.0,407.0,3221.0,0.5918397307395935,0.9999992847442628,0.0010000004443532,0.001,False,128.0,128.0,,,SGD
train,,,,,,,143.2761673927307,7.0,408.0,3222.0,0.4863008558750152,0.9999991059303284,0.0009235506143776,0.001,False,128.0,128.0,,,SGD
train,,,,,,,143.32176899909973,7.0,409.0,3223.0,0.4523058533668518,0.9235520958900452,0.0009999985299114,0.001,False,128.0,128.0,,,SGD
train,,,,,,,143.36065936088562,7.0,410.0,3224.0,0.4370952546596527,0.9999991655349731,0.0007947228662501,0.001,False,128.0,128.0,,,SGD
train,,,,,,,143.40550780296326,7.0,411.0,3225.0,0.5906702280044556,0.7947226762771606,0.0009792275291116,0.001,False,128.0,128.0,,,SGD
train,,,,,,,143.45189714431763,7.0,412.0,3226.0,0.6887056231498718,0.9792270064353944,0.0009999995668885,0.001,False,128.0,128.0,,,SGD
train,,,,,,,143.49457597732544,7.0,413.0,3227.0,0.6128019094467163,0.999999225139618,0.0010000003129584,0.001,False,128.0,128.0,,,SGD
train,,,,,,,143.53209614753723,7.0,414.0,3228.0,0.5361929535865784,0.999999225139618,0.0009784181384397,0.001,False,128.0,128.0,,,SGD
train,,,,,,,143.57828450202942,7.0,415.0,3229.0,0.6621057391166687,0.9784191250801086,0.0009889745056702,0.001,False,128.0,128.0,,,SGD
train,,,,,,,143.62335848808289,7.0,416.0,3230.0,0.5635598301887512,0.9889736771583556,0.0009999988537084,0.001,False,128.0,128.0,,,SGD
train,,,,,,,143.66980075836182,7.0,417.0,3231.0,0.5890498161315918,0.9999990463256836,0.0009999986423772,0.001,False,128.0,128.0,,,SGD
train,,,,,,,143.88299226760864,7.0,418.0,3232.0,0.5091473460197449,0.9999991655349731,0.0009706945382008,0.001,False,128.0,128.0,,,SGD
train,,,,,,,143.92101335525513,7.0,419.0,3233.0,0.7270169854164124,0.9706944227218628,0.0009999995729114,0.001,False,128.0,128.0,,,SGD
train,,,,,,,143.9567997455597,7.0,420.0,3234.0,0.5242224335670471,0.9999992847442628,0.00100000048582,0.001,False,128.0,128.0,,,SGD
train,,,,,,,143.99224400520325,7.0,421.0,3235.0,0.5778673887252808,0.999999225139618,0.0010000008598262,0.001,False,128.0,128.0,,,SGD
train,,,,,,,144.03032326698303,7.0,422.0,3236.0,0.5119401216506958,0.9999990463256836,0.0009999974446107,0.001,False,128.0,128.0,,,SGD
train,,,,,,,144.06758570671082,7.0,423.0,3237.0,0.560825526714325,0.9999989867210388,0.0010000003913956,0.001,False,128.0,128.0,,,SGD
train,,,,,,,144.10094141960144,7.0,424.0,3238.0,0.5627941489219666,0.9999991655349731,0.0009999966691732,0.001,False,128.0,128.0,,,SGD
train,,,,,,,144.134037733078,7.0,425.0,3239.0,0.5421767830848694,0.9999990463256836,0.0010000004244386,0.001,False,128.0,128.0,,,SGD
train,,,,,,,144.1669723987579,7.0,426.0,3240.0,0.5321264266967773,0.9999990463256836,0.0009999978706598,0.001,False,128.0,128.0,,,SGD
train,,,,,,,144.20421195030212,7.0,427.0,3241.0,0.5653700828552246,0.9999991059303284,0.0009999976841974,0.001,False,128.0,128.0,,,SGD
train,,,,,,,144.24251985549927,7.0,428.0,3242.0,0.4956560730934143,0.9999991059303284,0.0009468087157819,0.001,False,128.0,128.0,,,SGD
train,,,,,,,144.2825539112091,7.0,429.0,3243.0,0.5646864771842957,0.9468089938163756,0.000999999650072,0.001,False,128.0,128.0,,,SGD
train,,,,,,,144.32202911376953,7.0,430.0,3244.0,0.5153484344482422,0.9999991059303284,0.0009999982521054,0.001,False,128.0,128.0,,,SGD
train,,,,,,,144.3625967502594,7.0,431.0,3245.0,0.5144432187080383,0.9999991655349731,0.0009999981537395,0.001,False,128.0,128.0,,,SGD
train,,,,,,,144.3982925415039,7.0,432.0,3246.0,0.4689341187477112,0.9999990463256836,0.0010000000107835,0.001,False,128.0,128.0,,,SGD
train,,,,,,,144.44245767593384,7.0,433.0,3247.0,0.5028948783874512,0.9999991655349731,0.0009166707363249,0.001,False,128.0,128.0,,,SGD
train,,,,,,,144.47904586791992,7.0,434.0,3248.0,0.5459481477737427,0.9166696071624756,0.0009347801562308,0.001,False,128.0,128.0,,,SGD
train,,,,,,,144.52164769172668,7.0,435.0,3249.0,0.564523458480835,0.934781014919281,0.0009905506976935,0.001,False,128.0,128.0,,,SGD
train,,,,,,,144.5652358531952,7.0,436.0,3250.0,0.5241035223007202,0.9905489087104796,0.0010000004192345,0.001,False,128.0,128.0,,,SGD
train,,,,,,,144.5990605354309,7.0,437.0,3251.0,0.4637779891490936,0.999999225139618,0.00099999701623,0.001,False,128.0,128.0,,,SGD
train,,,,,,,144.64072012901306,7.0,438.0,3252.0,0.5730549693107605,0.9999991655349731,0.0009999994895059,0.001,False,128.0,128.0,,,SGD
train,,,,,,,144.67394495010376,7.0,439.0,3253.0,0.6037725806236267,0.9999990463256836,0.0010000004398846,0.001,False,128.0,128.0,,,SGD
train,,,,,,,144.7119812965393,7.0,440.0,3254.0,0.6254523396492004,0.9999991655349731,0.0010000007431973,0.001,False,128.0,128.0,,,SGD
train,,,,,,,144.7530767917633,7.0,441.0,3255.0,0.5428239703178406,0.9999993443489076,0.0010000024216854,0.001,False,128.0,128.0,,,SGD
train,,,,,,,144.80028438568115,7.0,442.0,3256.0,0.4369347095489502,0.9999990463256836,0.0007884812024154,0.001,False,128.0,128.0,,,SGD
train,,,,,,,144.83940887451172,7.0,443.0,3257.0,0.5587658286094666,0.788482129573822,0.0010000012482373,0.001,False,128.0,128.0,,,SGD
train,,,,,,,144.88356399536133,7.0,444.0,3258.0,0.5578233003616333,0.9999991059303284,0.0010000017782015,0.001,False,128.0,128.0,,,SGD
train,,,,,,,144.9182631969452,7.0,445.0,3259.0,0.463748574256897,0.9999991655349731,0.0009820121363964,0.001,False,128.0,128.0,,,SGD
train,,,,,,,144.96216797828674,7.0,446.0,3260.0,0.5202057957649231,0.9820122122764589,0.0009482389697439,0.001,False,128.0,128.0,,,SGD
train,,,,,,,145.00331807136536,7.0,447.0,3261.0,0.4307942986488342,0.9482383131980896,0.0009170290551707,0.001,False,128.0,128.0,,,SGD
train,,,,,,,145.0408546924591,7.0,448.0,3262.0,0.5104551911354065,0.917028546333313,0.0007915788860366,0.001,False,128.0,128.0,,,SGD
train,,,,,,,145.08233213424683,7.0,449.0,3263.0,0.4636723101139068,0.7915773391723633,0.0009537312807964,0.001,False,128.0,128.0,,,SGD
train,,,,,,,145.1213960647583,7.0,450.0,3264.0,0.5473920106887817,0.9537306427955629,0.0010000017037334,0.001,False,128.0,128.0,,,SGD
train,,,,,,,145.15753841400146,7.0,451.0,3265.0,0.6920375227928162,0.999999225139618,0.0009999994594466,0.001,False,128.0,128.0,,,SGD
train,,,,,,,145.2008249759674,7.0,452.0,3266.0,0.5795496702194214,0.9999991655349731,0.0009662528095095,0.001,False,128.0,128.0,,,SGD
train,,,,,,,145.23341584205627,7.0,453.0,3267.0,0.5830003619194031,0.9662538766860962,0.0009999989576809,0.001,False,128.0,128.0,,,SGD
train,,,,,,,145.28390622138977,7.0,454.0,3268.0,0.4152061939239502,0.9999991059303284,0.0008893634425923,0.001,False,128.0,128.0,,,SGD
train,,,,,,,145.3238399028778,7.0,455.0,3269.0,0.494435578584671,0.8893621563911438,0.0009714621312393,0.001,False,128.0,128.0,,,SGD
train,,,,,,,145.360671043396,7.0,456.0,3270.0,0.4925242662429809,0.9714616537094116,0.0009799388460021,0.001,False,128.0,128.0,,,SGD
train,,,,,,,145.39792847633362,7.0,457.0,3271.0,0.4906673729419708,0.9799371361732484,0.0009143443275769,0.001,False,128.0,128.0,,,SGD
train,,,,,,,145.43360948562622,7.0,458.0,3272.0,0.6613010168075562,0.9143443703651428,0.0009999990008409,0.001,False,128.0,128.0,,,SGD
train,,,,,,,145.46839046478271,7.0,459.0,3273.0,0.6042671799659729,0.9999990463256836,0.000999999324943,0.001,False,128.0,128.0,,,SGD
train,,,,,,,145.50345182418823,7.0,460.0,3274.0,0.6153501272201538,0.9999991655349731,0.0009999986480671,0.001,False,128.0,128.0,,,SGD
train,,,,,,,145.54240226745603,7.0,461.0,3275.0,0.5471405386924744,0.999999225139618,0.0008736871702492,0.001,False,128.0,128.0,,,SGD
train,,,,,,,145.58116817474365,7.0,462.0,3276.0,0.5481858253479004,0.8736885786056519,0.0009999990353411,0.001,False,128.0,128.0,,,SGD
train,,,,,,,145.6179645061493,7.0,463.0,3277.0,0.5538454651832581,0.9999991059303284,0.0009999985929722,0.001,False,128.0,128.0,,,SGD
train,,,,,,,145.65394687652588,7.0,464.0,3278.0,0.5800062417984009,0.9999991655349731,0.0010000003292509,0.001,False,128.0,128.0,,,SGD
train,,,,,,,145.6958281993866,7.0,465.0,3279.0,0.473409503698349,0.9999990463256836,0.000999999700032,0.001,False,128.0,128.0,,,SGD
train,,,,,,,145.73609733581543,7.0,466.0,3280.0,0.4574150443077087,0.9999991059303284,0.0010000004436038,0.001,False,128.0,128.0,,,SGD
train,,,,,,,145.77430987358093,7.0,467.0,3281.0,0.4882545471191406,0.999999225139618,0.0008656096946901,0.001,False,128.0,128.0,,,SGD
train,,,,,,,145.81669187545776,7.0,468.0,3282.0,0.5617716312408447,0.8656095862388611,0.0009999996308096,0.001,False,128.0,128.0,,,SGD
train,,,,,,,145.86251544952393,7.0,469.0,3283.0,0.5154473185539246,0.9999991655349731,0.0010000007571306,0.001,False,128.0,128.0,,,SGD
eval,,,,,,,148.44256711006165,7.0,,3283.0,,,,,False,128.0,128.0,0.5172165523052216,0.8773,SGD
train,,,,,,,148.5012104511261,8.0,1.0,3284.0,0.6512607336044312,0.9999993443489076,0.001000001286762,0.001,False,128.0,128.0,,,SGD
train,,,,,,,148.5613968372345,8.0,2.0,3285.0,0.6555436253547668,0.9999991655349731,0.0009999988768566,0.001,False,128.0,128.0,,,SGD
train,,,,,,,148.60408735275269,8.0,3.0,3286.0,0.6010133624076843,0.9999991059303284,0.0009111832701128,0.001,False,128.0,128.0,,,SGD
train,,,,,,,148.65766954421997,8.0,4.0,3287.0,0.5316522717475891,0.9111810326576232,0.0009690994170658,0.001,False,128.0,128.0,,,SGD
train,,,,,,,148.6994490623474,8.0,5.0,3288.0,0.5106029510498047,0.969099462032318,0.0009999991221051,0.001,False,128.0,128.0,,,SGD
train,,,,,,,148.74098801612854,8.0,6.0,3289.0,0.5704088807106018,0.999999225139618,0.0009999979220077,0.001,False,128.0,128.0,,,SGD
train,,,,,,,148.78661489486694,8.0,7.0,3290.0,0.4695791602134704,0.9999989867210388,0.0008271354099721,0.001,False,128.0,128.0,,,SGD
train,,,,,,,148.8327717781067,8.0,8.0,3291.0,0.4406302273273468,0.8271364569664001,0.0009124749696052,0.001,False,128.0,128.0,,,SGD
train,,,,,,,148.8806173801422,8.0,9.0,3292.0,0.5323902368545532,0.9124745726585388,0.0009807671493172,0.001,False,128.0,128.0,,,SGD
train,,,,,,,148.92514824867249,8.0,10.0,3293.0,0.5670871138572693,0.9807671308517456,0.0008795406874812,0.001,False,128.0,128.0,,,SGD
train,,,,,,,148.97004508972168,8.0,11.0,3294.0,0.4913458824157715,0.8795405626296997,0.000890630963971,0.001,False,128.0,128.0,,,SGD
train,,,,,,,149.0118567943573,8.0,12.0,3295.0,0.6103515028953552,0.890631377696991,0.0009999988953973,0.001,False,128.0,128.0,,,SGD
train,,,,,,,149.05823850631714,8.0,13.0,3296.0,0.6378374695777893,0.9999990463256836,0.000999999069536,0.001,False,128.0,128.0,,,SGD
train,,,,,,,149.11047530174255,8.0,14.0,3297.0,0.5297465920448303,0.9999991059303284,0.0009936933297645,0.001,False,128.0,128.0,,,SGD
train,,,,,,,149.14840698242188,8.0,15.0,3298.0,0.6296834945678711,0.9936933517456056,0.0009999993553354,0.001,False,128.0,128.0,,,SGD
train,,,,,,,149.19722437858582,8.0,16.0,3299.0,0.3193249404430389,0.9999991059303284,0.0007321332200266,0.001,False,128.0,128.0,,,SGD
train,,,,,,,149.23679733276367,8.0,17.0,3300.0,0.4152990877628326,0.732132613658905,0.000908113539319,0.001,False,128.0,128.0,,,SGD
train,,,,,,,149.29793000221252,8.0,18.0,3301.0,0.5213746428489685,0.9081138968467712,0.0009999984972708,0.001,False,128.0,128.0,,,SGD
train,,,,,,,149.35476684570312,8.0,19.0,3302.0,0.5185249447822571,0.9999993443489076,0.0009999994397401,0.001,False,128.0,128.0,,,SGD
train,,,,,,,149.39532566070557,8.0,20.0,3303.0,0.5970575213432312,0.9999989867210388,0.0010000018229989,0.001,False,128.0,128.0,,,SGD
train,,,,,,,149.44039750099182,8.0,21.0,3304.0,0.4533975124359131,0.9999992847442628,0.0009252633288832,0.001,False,128.0,128.0,,,SGD
train,,,,,,,149.48406505584717,8.0,22.0,3305.0,0.5594154596328735,0.9252623319625854,0.0010000008964635,0.001,False,128.0,128.0,,,SGD
train,,,,,,,149.5659201145172,8.0,23.0,3306.0,0.4973536729812622,0.9999989867210388,0.0009999990304561,0.001,False,128.0,128.0,,,SGD
train,,,,,,,149.67912220954895,8.0,24.0,3307.0,0.5354369878768921,0.9999990463256836,0.0009756067144444,0.001,False,128.0,128.0,,,SGD
train,,,,,,,149.71353721618652,8.0,25.0,3308.0,0.6235314011573792,0.9756073355674744,0.0009999992198048,0.001,False,128.0,128.0,,,SGD
train,,,,,,,149.74845838546753,8.0,26.0,3309.0,0.4172645211219787,0.9999990463256836,0.0009293481986816,0.001,False,128.0,128.0,,,SGD
train,,,,,,,149.78596663475037,8.0,27.0,3310.0,0.5133647918701172,0.9293464422225952,0.0010000001315202,0.001,False,128.0,128.0,,,SGD
train,,,,,,,149.82167196273804,8.0,28.0,3311.0,0.5001930594444275,0.9999990463256836,0.0009999998133303,0.001,False,128.0,128.0,,,SGD
train,,,,,,,149.85830664634705,8.0,29.0,3312.0,0.5174046754837036,0.9999991059303284,0.0008409300944733,0.001,False,128.0,128.0,,,SGD
train,,,,,,,149.8940613269806,8.0,30.0,3313.0,0.5476440191268921,0.8409305810928345,0.0009999995396047,0.001,False,128.0,128.0,,,SGD
train,,,,,,,149.92910265922546,8.0,31.0,3314.0,0.551250696182251,0.999999225139618,0.0009903001080975,0.001,False,128.0,128.0,,,SGD
train,,,,,,,149.96523070335388,8.0,32.0,3315.0,0.4753563106060028,0.9903005957603456,0.0009999978455687,0.001,False,128.0,128.0,,,SGD
train,,,,,,,150.00313782691956,8.0,33.0,3316.0,0.49434894323349,0.9999991655349731,0.0009452670251027,0.001,False,128.0,128.0,,,SGD
train,,,,,,,150.04884457588196,8.0,34.0,3317.0,0.4640497863292694,0.9452673196792604,0.0008733677848288,0.001,False,128.0,128.0,,,SGD
train,,,,,,,150.0875551700592,8.0,35.0,3318.0,0.4662269353866577,0.8733702301979065,0.0010000000298793,0.001,False,128.0,128.0,,,SGD
train,,,,,,,150.13260865211487,8.0,36.0,3319.0,0.5400012135505676,0.999999225139618,0.0009999974627907,0.001,False,128.0,128.0,,,SGD
train,,,,,,,150.17063164711,8.0,37.0,3320.0,0.5967000722885132,0.9999991059303284,0.0009999988907899,0.001,False,128.0,128.0,,,SGD
train,,,,,,,150.2038652896881,8.0,38.0,3321.0,0.4538150131702423,0.9999990463256836,0.0009639325137197,0.001,False,128.0,128.0,,,SGD
train,,,,,,,150.24468207359314,8.0,39.0,3322.0,0.6257742643356323,0.9639331102371216,0.0009999981982873,0.001,False,128.0,128.0,,,SGD
train,,,,,,,150.2836992740631,8.0,40.0,3323.0,0.4411484003067016,0.9999990463256836,0.0008994444199066,0.001,False,128.0,128.0,,,SGD
train,,,,,,,150.3279914855957,8.0,41.0,3324.0,0.5248398780822754,0.8994467854499817,0.0009791577831525,0.001,False,128.0,128.0,,,SGD
train,,,,,,,150.37224912643433,8.0,42.0,3325.0,0.4948827624320984,0.9791564345359802,0.0008465361605834,0.001,False,128.0,128.0,,,SGD
train,,,,,,,150.4106719493866,8.0,43.0,3326.0,0.4974798262119293,0.8465366363525391,0.0008357882759135,0.001,False,128.0,128.0,,,SGD
train,,,,,,,150.45071744918823,8.0,44.0,3327.0,0.5229299068450928,0.8357881307601929,0.0009999997604559,0.001,False,128.0,128.0,,,SGD
train,,,,,,,150.48893070220947,8.0,45.0,3328.0,0.5349715948104858,0.9999991059303284,0.0010000003256982,0.001,False,128.0,128.0,,,SGD
train,,,,,,,150.523784160614,8.0,46.0,3329.0,0.4895597100257873,0.9999990463256836,0.0009999973006144,0.001,False,128.0,128.0,,,SGD
train,,,,,,,150.56415486335754,8.0,47.0,3330.0,0.60942542552948,0.999999225139618,0.0010000005393605,0.001,False,128.0,128.0,,,SGD
train,,,,,,,150.6083984375,8.0,48.0,3331.0,0.4833412170410156,0.9999992847442628,0.000999998663638,0.001,False,128.0,128.0,,,SGD
train,,,,,,,150.64509749412537,8.0,49.0,3332.0,0.5356122255325317,0.9999990463256836,0.0009999980825185,0.001,False,128.0,128.0,,,SGD
train,,,,,,,150.6816713809967,8.0,50.0,3333.0,0.4734470546245575,0.9999992847442628,0.0009999990542704,0.001,False,128.0,128.0,,,SGD
train,,,,,,,150.71628189086914,8.0,51.0,3334.0,0.6337004899978638,0.9999991059303284,0.0009541506123872,0.001,False,128.0,128.0,,,SGD
train,,,,,,,150.7564172744751,8.0,52.0,3335.0,0.4728719592094421,0.9541503190994264,0.0009999988457703,0.001,False,128.0,128.0,,,SGD
train,,,,,,,150.79932236671448,8.0,53.0,3336.0,0.4922035634517669,0.9999990463256836,0.0010000013392477,0.001,False,128.0,128.0,,,SGD
train,,,,,,,150.83556580543518,8.0,54.0,3337.0,0.6522143483161926,0.9999991655349731,0.0010000006260134,0.001,False,128.0,128.0,,,SGD
train,,,,,,,150.87775182724,8.0,55.0,3338.0,0.5436133742332458,0.9999991655349731,0.0010000001939703,0.001,False,128.0,128.0,,,SGD
train,,,,,,,150.91925430297852,8.0,56.0,3339.0,0.4434451460838318,0.9999990463256836,0.0009670930660276,0.001,False,128.0,128.0,,,SGD
train,,,,,,,150.95756483078003,8.0,57.0,3340.0,0.5791944861412048,0.9670936465263368,0.0009605756870214,0.001,False,128.0,128.0,,,SGD
train,,,,,,,150.99435186386108,8.0,58.0,3341.0,0.5773740410804749,0.9605759382247924,0.0009999995962261,0.001,False,128.0,128.0,,,SGD
train,,,,,,,151.03825902938843,8.0,59.0,3342.0,0.4032282531261444,0.9999990463256836,0.0008579826431652,0.001,False,128.0,128.0,,,SGD
train,,,,,,,151.08510565757751,8.0,60.0,3343.0,0.4797486066818237,0.8579825758934021,0.0009999988471026,0.001,False,128.0,128.0,,,SGD
train,,,,,,,151.1269838809967,8.0,61.0,3344.0,0.5958137512207031,0.9999991655349731,0.0009105345142059,0.001,False,128.0,128.0,,,SGD
train,,,,,,,151.16133975982666,8.0,62.0,3345.0,0.6188344955444336,0.910534143447876,0.0009344950367747,0.001,False,128.0,128.0,,,SGD
train,,,,,,,151.19758582115173,8.0,63.0,3346.0,0.567016065120697,0.9344956278800964,0.000983986951064,0.001,False,128.0,128.0,,,SGD
train,,,,,,,151.2320191860199,8.0,64.0,3347.0,0.5028255581855774,0.9839866161346436,0.0009999969467853,0.001,False,128.0,128.0,,,SGD
train,,,,,,,151.2668972015381,8.0,65.0,3348.0,0.5379037857055664,0.9999991059303284,0.0009999975838886,0.001,False,128.0,128.0,,,SGD
train,,,,,,,151.3013608455658,8.0,66.0,3349.0,0.5618752837181091,0.9999990463256836,0.0009999989215986,0.001,False,128.0,128.0,,,SGD
train,,,,,,,151.33711171150208,8.0,67.0,3350.0,0.5846929550170898,0.999999225139618,0.0009604065326039,0.001,False,128.0,128.0,,,SGD
train,,,,,,,151.37126994132996,8.0,68.0,3351.0,0.6700034141540527,0.9604084491729736,0.0009999996923437,0.001,False,128.0,128.0,,,SGD
train,,,,,,,151.41585636138916,8.0,69.0,3352.0,0.6315449476242065,0.9999989867210388,0.0009918551383385,0.001,False,128.0,128.0,,,SGD
train,,,,,,,151.4522955417633,8.0,70.0,3353.0,0.561461865901947,0.9918541312217712,0.0010000004611454,0.001,False,128.0,128.0,,,SGD
train,,,,,,,151.4936325550079,8.0,71.0,3354.0,0.5958706736564636,0.9999991059303284,0.0009999988202351,0.001,False,128.0,128.0,,,SGD
train,,,,,,,151.53048992156982,8.0,72.0,3355.0,0.5520850419998169,0.999999225139618,0.0009999989190451,0.001,False,128.0,128.0,,,SGD
train,,,,,,,151.57090973854065,8.0,73.0,3356.0,0.5000657439231873,0.9999991655349731,0.000948423962844,0.001,False,128.0,128.0,,,SGD
train,,,,,,,151.61374044418335,8.0,74.0,3357.0,0.5485377311706543,0.9484239220619202,0.0009409085607989,0.001,False,128.0,128.0,,,SGD
train,,,,,,,151.661696434021,8.0,75.0,3358.0,0.5275411009788513,0.9409105181694032,0.0010000003339971,0.001,False,128.0,128.0,,,SGD
train,,,,,,,151.70564770698547,8.0,76.0,3359.0,0.4625777900218963,0.9999991059303284,0.0009540807526556,0.001,False,128.0,128.0,,,SGD
train,,,,,,,151.74580192565918,8.0,77.0,3360.0,0.6192942261695862,0.9540806412696838,0.0009261435983027,0.001,False,128.0,128.0,,,SGD
train,,,,,,,151.79454684257507,8.0,78.0,3361.0,0.6089345216751099,0.926141321659088,0.000999998187296,0.001,False,128.0,128.0,,,SGD
train,,,,,,,151.83576369285583,8.0,79.0,3362.0,0.5817304253578186,0.9999994039535522,0.0009999978670516,0.001,False,128.0,128.0,,,SGD
train,,,,,,,151.87369441986084,8.0,80.0,3363.0,0.4359408020973205,0.9999991059303284,0.0009999987359691,0.001,False,128.0,128.0,,,SGD
train,,,,,,,151.91316604614258,8.0,81.0,3364.0,0.4881899654865265,0.9999991655349731,0.0008831168519969,0.001,False,128.0,128.0,,,SGD
train,,,,,,,151.9493806362152,8.0,82.0,3365.0,0.5201587080955505,0.8831179141998291,0.0009999976752046,0.001,False,128.0,128.0,,,SGD
train,,,,,,,151.9909746646881,8.0,83.0,3366.0,0.5218926668167114,0.9999991655349731,0.0010000000936061,0.001,False,128.0,128.0,,,SGD
train,,,,,,,152.0279984474182,8.0,84.0,3367.0,0.563157320022583,0.9999990463256836,0.0009999963458473,0.001,False,128.0,128.0,,,SGD
train,,,,,,,152.06695127487183,8.0,85.0,3368.0,0.3878704607486725,0.9999991059303284,0.0007986126160318,0.001,False,128.0,128.0,,,SGD
train,,,,,,,152.10168933868408,8.0,86.0,3369.0,0.5334305763244629,0.7986136674880981,0.0009999977507555,0.001,False,128.0,128.0,,,SGD
train,,,,,,,152.14403557777405,8.0,87.0,3370.0,0.442782998085022,0.9999990463256836,0.000999999519704,0.001,False,128.0,128.0,,,SGD
train,,,,,,,152.18626618385315,8.0,88.0,3371.0,0.5165506601333618,0.9999991059303284,0.0009764426565444,0.001,False,128.0,128.0,,,SGD
train,,,,,,,152.2285327911377,8.0,89.0,3372.0,0.611871063709259,0.9764422178268432,0.0009999980104372,0.001,False,128.0,128.0,,,SGD
train,,,,,,,152.2706379890442,8.0,90.0,3373.0,0.5022099614143372,0.999999225139618,0.0009999997376131,0.001,False,128.0,128.0,,,SGD
train,,,,,,,152.310124874115,8.0,91.0,3374.0,0.5255277752876282,0.9999991059303284,0.0009999993679364,0.001,False,128.0,128.0,,,SGD
train,,,,,,,152.34804272651672,8.0,92.0,3375.0,0.4793288707733154,0.9999990463256836,0.0009999969082605,0.001,False,128.0,128.0,,,SGD
train,,,,,,,152.38624691963196,8.0,93.0,3376.0,0.5184170603752136,0.9999989867210388,0.0009999991914663,0.001,False,128.0,128.0,,,SGD
train,,,,,,,152.42917776107788,8.0,94.0,3377.0,0.6423022747039795,0.9999990463256836,0.0010000003339971,0.001,False,128.0,128.0,,,SGD
train,,,,,,,152.47544193267822,8.0,95.0,3378.0,0.5272315740585327,0.9999991059303284,0.00086873110533,0.001,False,128.0,128.0,,,SGD
train,,,,,,,152.5181019306183,8.0,96.0,3379.0,0.5641615986824036,0.8687326908111572,0.0009403968640054,0.001,False,128.0,128.0,,,SGD
train,,,,,,,152.5571355819702,8.0,97.0,3380.0,0.5223200917243958,0.9403977990150452,0.0009469787886148,0.001,False,128.0,128.0,,,SGD
train,,,,,,,152.5962052345276,8.0,98.0,3381.0,0.5727406740188599,0.9469773769378662,0.0009999979585619,0.001,False,128.0,128.0,,,SGD
train,,,,,,,152.63672184944153,8.0,99.0,3382.0,0.6435151696205139,0.9999989867210388,0.0009999972540404,0.001,False,128.0,128.0,,,SGD
train,,,,,,,152.69850897789,8.0,100.0,3383.0,0.4987193942070007,0.9999991655349731,0.0009884101627588,0.001,False,128.0,128.0,,,SGD
train,,,,,,,152.88957166671753,8.0,101.0,3384.0,0.5041671991348267,0.9884100556373596,0.0009374699246424,0.001,False,128.0,128.0,,,SGD
train,,,,,,,152.93006086349487,8.0,102.0,3385.0,0.5789824724197388,0.9374713897705078,0.0009999999982935,0.001,False,128.0,128.0,,,SGD
train,,,,,,,152.97734093666077,8.0,103.0,3386.0,0.511979877948761,0.9999991655349731,0.0010000002031574,0.001,False,128.0,128.0,,,SGD
train,,,,,,,153.0186586380005,8.0,104.0,3387.0,0.4505346119403839,0.9999989867210388,0.000979497147942,0.001,False,128.0,128.0,,,SGD
train,,,,,,,153.05612921714783,8.0,105.0,3388.0,0.4984788298606872,0.9794955253601074,0.0009816778570958,0.001,False,128.0,128.0,,,SGD
train,,,,,,,153.0944926738739,8.0,106.0,3389.0,0.5500723123550415,0.9816792607307434,0.0010000001184196,0.001,False,128.0,128.0,,,SGD
train,,,,,,,153.12785863876343,8.0,107.0,3390.0,0.3552803099155426,0.9999991655349731,0.000850984754552,0.001,False,128.0,128.0,,,SGD
train,,,,,,,153.1656084060669,8.0,108.0,3391.0,0.5764973759651184,0.850985050201416,0.0010000013449931,0.001,False,128.0,128.0,,,SGD
train,,,,,,,153.20128798484802,8.0,109.0,3392.0,0.6045785546302795,0.999999225139618,0.0010000018099815,0.001,False,128.0,128.0,,,SGD
train,,,,,,,153.2382743358612,8.0,110.0,3393.0,0.5261048674583435,0.9999990463256836,0.0009692134413633,0.001,False,128.0,128.0,,,SGD
train,,,,,,,153.28033185005188,8.0,111.0,3394.0,0.5530462265014648,0.9692140817642212,0.0010000008910234,0.001,False,128.0,128.0,,,SGD
train,,,,,,,153.31729388237,8.0,112.0,3395.0,0.5983301401138306,0.9999991655349731,0.0009328021032926,0.001,False,128.0,128.0,,,SGD
train,,,,,,,153.35585355758667,8.0,113.0,3396.0,0.3908315300941467,0.9328005313873292,0.001000000409298,0.001,False,128.0,128.0,,,SGD
train,,,,,,,153.39314007759094,8.0,114.0,3397.0,0.5359591245651245,0.9999990463256836,0.0010000009042351,0.001,False,128.0,128.0,,,SGD
train,,,,,,,153.4262490272522,8.0,115.0,3398.0,0.5042848587036133,0.9999991655349731,0.0009999994970832,0.001,False,128.0,128.0,,,SGD
train,,,,,,,153.46238589286804,8.0,116.0,3399.0,0.5567700862884521,0.999999225139618,0.0009999997751941,0.001,False,128.0,128.0,,,SGD
train,,,,,,,153.49622225761414,8.0,117.0,3400.0,0.5022257566452026,0.9999992847442628,0.0009999973274819,0.001,False,128.0,128.0,,,SGD
train,,,,,,,153.54028367996216,8.0,118.0,3401.0,0.4965076446533203,0.9999991059303284,0.0009999985725441,0.001,False,128.0,128.0,,,SGD
train,,,,,,,153.59138870239258,8.0,119.0,3402.0,0.4855974316596985,0.9999991655349731,0.0009999978599461,0.001,False,128.0,128.0,,,SGD
train,,,,,,,153.62621974945068,8.0,120.0,3403.0,0.6021395921707153,0.9999989867210388,0.0010000005901532,0.001,False,128.0,128.0,,,SGD
train,,,,,,,153.66326355934143,8.0,121.0,3404.0,0.4746821522712707,0.9999991655349731,0.0009999970869514,0.001,False,128.0,128.0,,,SGD
train,,,,,,,153.70198798179626,8.0,122.0,3405.0,0.517743706703186,0.9999989867210388,0.0009999999457799,0.001,False,128.0,128.0,,,SGD
train,,,,,,,153.73844385147095,8.0,123.0,3406.0,0.5286429524421692,0.9999994039535522,0.0008698680846303,0.001,False,128.0,128.0,,,SGD
train,,,,,,,153.77310371398926,8.0,124.0,3407.0,0.4573981165885925,0.8698686361312866,0.00099999742879,0.001,False,128.0,128.0,,,SGD
train,,,,,,,153.81178092956543,8.0,125.0,3408.0,0.5880641341209412,0.9999989867210388,0.0009999991051187,0.001,False,128.0,128.0,,,SGD
train,,,,,,,153.84970140457153,8.0,126.0,3409.0,0.4565726816654205,0.9999990463256836,0.0009999979223963,0.001,False,128.0,128.0,,,SGD
train,,,,,,,153.89044213294983,8.0,127.0,3410.0,0.5332903861999512,0.9999989867210388,0.0009999996765508,0.001,False,128.0,128.0,,,SGD
train,,,,,,,153.92622709274292,8.0,128.0,3411.0,0.6321823000907898,0.9999991059303284,0.0009999984843645,0.001,False,128.0,128.0,,,SGD
train,,,,,,,153.97266221046448,8.0,129.0,3412.0,0.582736074924469,0.9999989867210388,0.0009999994933639,0.001,False,128.0,128.0,,,SGD
train,,,,,,,154.0141019821167,8.0,130.0,3413.0,0.4588955640792846,0.9999990463256836,0.0009999989053893,0.001,False,128.0,128.0,,,SGD
train,,,,,,,154.0544235706329,8.0,131.0,3414.0,0.4808997213840484,0.9999991059303284,0.0009639208371204,0.001,False,128.0,128.0,,,SGD
train,,,,,,,154.0989851951599,8.0,132.0,3415.0,0.5484575629234314,0.9639221429824828,0.000999999657677,0.001,False,128.0,128.0,,,SGD
train,,,,,,,154.13855361938477,8.0,133.0,3416.0,0.5028969645500183,0.9999991655349731,0.0009999988684744,0.001,False,128.0,128.0,,,SGD
train,,,,,,,154.17741346359253,8.0,134.0,3417.0,0.5791853666305542,0.9999992847442628,0.000999995798755,0.001,False,128.0,128.0,,,SGD
train,,,,,,,154.21318411827087,8.0,135.0,3418.0,0.4493778645992279,0.9999992847442628,0.000999999469161,0.001,False,128.0,128.0,,,SGD
train,,,,,,,154.2533884048462,8.0,136.0,3419.0,0.5725806951522827,0.9999990463256836,0.0009999977660211,0.001,False,128.0,128.0,,,SGD
train,,,,,,,154.29835510253906,8.0,137.0,3420.0,0.5750463008880615,0.9999991655349731,0.0008687034516041,0.001,False,128.0,128.0,,,SGD
train,,,,,,,154.34118700027466,8.0,138.0,3421.0,0.4783870577812195,0.8687028288841248,0.0007773722293562,0.001,False,128.0,128.0,,,SGD
train,,,,,,,154.38297963142395,8.0,139.0,3422.0,0.4519183337688446,0.7773720026016235,0.0009492637009938,0.001,False,128.0,128.0,,,SGD
train,,,,,,,154.4194221496582,8.0,140.0,3423.0,0.6541756391525269,0.9492660164833068,0.0010000015142464,0.001,False,128.0,128.0,,,SGD
train,,,,,,,154.46597290039062,8.0,141.0,3424.0,0.4746768772602081,0.999999225139618,0.0009886417113003,0.001,False,128.0,128.0,,,SGD
train,,,,,,,154.50335311889648,8.0,142.0,3425.0,0.4455991983413696,0.9886404275894164,0.0010000004042187,0.001,False,128.0,128.0,,,SGD
train,,,,,,,154.5454454421997,8.0,143.0,3426.0,0.4838816225528717,0.9999991655349731,0.0009999982253212,0.001,False,128.0,128.0,,,SGD
train,,,,,,,154.58323907852173,8.0,144.0,3427.0,0.6792137622833252,0.9999991655349731,0.0009999993010732,0.001,False,128.0,128.0,,,SGD
train,,,,,,,154.6285343170166,8.0,145.0,3428.0,0.5491625666618347,0.9999991059303284,0.001000000860409,0.001,False,128.0,128.0,,,SGD
train,,,,,,,154.6661524772644,8.0,146.0,3429.0,0.583864152431488,0.9999991059303284,0.0010000016770048,0.001,False,128.0,128.0,,,SGD
train,,,,,,,154.70309734344482,8.0,147.0,3430.0,0.5437385439872742,0.999999225139618,0.0008623314313601,0.001,False,128.0,128.0,,,SGD
train,,,,,,,154.73716235160828,8.0,148.0,3431.0,0.4775072336196899,0.8623306751251221,0.0009999982842187,0.001,False,128.0,128.0,,,SGD
train,,,,,,,154.78024625778198,8.0,149.0,3432.0,0.5919833183288574,0.9999990463256836,0.0009999993696017,0.001,False,128.0,128.0,,,SGD
train,,,,,,,154.8200023174286,8.0,150.0,3433.0,0.4776896238327026,0.9999990463256836,0.0009999982500238,0.001,False,128.0,128.0,,,SGD
train,,,,,,,154.86289858818054,8.0,151.0,3434.0,0.5502442121505737,0.9999989867210388,0.000917042815071,0.001,False,128.0,128.0,,,SGD
train,,,,,,,154.90219926834106,8.0,152.0,3435.0,0.5585538148880005,0.9170414209365844,0.0009545284035595,0.001,False,128.0,128.0,,,SGD
train,,,,,,,154.9360635280609,8.0,153.0,3436.0,0.486268013715744,0.9545289874076844,0.0010000013291724,0.001,False,128.0,128.0,,,SGD
train,,,,,,,154.9729883670807,8.0,154.0,3437.0,0.4985423684120178,0.9999990463256836,0.0009999983534412,0.001,False,128.0,128.0,,,SGD
train,,,,,,,155.01137971878052,8.0,155.0,3438.0,0.5642895698547363,0.999999225139618,0.0009741486347162,0.001,False,128.0,128.0,,,SGD
train,,,,,,,155.05585741996765,8.0,156.0,3439.0,0.5144793391227722,0.9741485118865968,0.0009430189438536,0.001,False,128.0,128.0,,,SGD
train,,,,,,,155.09591627120972,8.0,157.0,3440.0,0.464537113904953,0.9430172443389891,0.0009854389685141,0.001,False,128.0,128.0,,,SGD
train,,,,,,,155.13708066940308,8.0,158.0,3441.0,0.5067042112350464,0.9854382872581482,0.0008623261875565,0.001,False,128.0,128.0,,,SGD
train,,,,,,,155.17732667922974,8.0,159.0,3442.0,0.5431200861930847,0.8623273372650146,0.0009999992827545,0.001,False,128.0,128.0,,,SGD
train,,,,,,,155.2195086479187,8.0,160.0,3443.0,0.4943275153636932,0.9999990463256836,0.0010000004366649,0.001,False,128.0,128.0,,,SGD
train,,,,,,,155.26205110549927,8.0,161.0,3444.0,0.5315073132514954,0.9999989867210388,0.0009999994554498,0.001,False,128.0,128.0,,,SGD
train,,,,,,,155.30552411079407,8.0,162.0,3445.0,0.6174905896186829,0.9999991655349731,0.000955291606342,0.001,False,128.0,128.0,,,SGD
train,,,,,,,155.34693574905396,8.0,163.0,3446.0,0.5130188465118408,0.955291986465454,0.0009999968212187,0.001,False,128.0,128.0,,,SGD
train,,,,,,,155.40055751800537,8.0,164.0,3447.0,0.5182991623878479,0.9999990463256836,0.0010000008228003,0.001,False,128.0,128.0,,,SGD
train,,,,,,,155.445538520813,8.0,165.0,3448.0,0.5420966744422913,0.999999225139618,0.0009999996907894,0.001,False,128.0,128.0,,,SGD
train,,,,,,,155.49068212509155,8.0,166.0,3449.0,0.4797551929950714,0.9999991059303284,0.0009529014470029,0.001,False,128.0,128.0,,,SGD
train,,,,,,,155.5360906124115,8.0,167.0,3450.0,0.434932142496109,0.9529024958610536,0.0009232177527461,0.001,False,128.0,128.0,,,SGD
train,,,,,,,155.57902002334595,8.0,168.0,3451.0,0.6212831735610962,0.9232190251350404,0.0009999992350981,0.001,False,128.0,128.0,,,SGD
train,,,,,,,155.61745858192444,8.0,169.0,3452.0,0.5447412133216858,0.999999225139618,0.0009999973506023,0.001,False,128.0,128.0,,,SGD
train,,,,,,,155.6558394432068,8.0,170.0,3453.0,0.5448011159896851,0.9999989867210388,0.0009999995382725,0.001,False,128.0,128.0,,,SGD
train,,,,,,,155.7000448703766,8.0,171.0,3454.0,0.4884901940822601,0.9999991059303284,0.0010000001777055,0.001,False,128.0,128.0,,,SGD
train,,,,,,,155.7449929714203,8.0,172.0,3455.0,0.5676171183586121,0.9999991655349731,0.0009999993399588,0.001,False,128.0,128.0,,,SGD
train,,,,,,,155.7912414073944,8.0,173.0,3456.0,0.4769322574138641,0.999999225139618,0.0009714795699207,0.001,False,128.0,128.0,,,SGD
train,,,,,,,155.84149837493896,8.0,174.0,3457.0,0.5317825675010681,0.9714770317077636,0.0009999984981035,0.001,False,128.0,128.0,,,SGD
train,,,,,,,155.88322234153748,8.0,175.0,3458.0,0.4986683428287506,0.9999991059303284,0.0008216428097208,0.001,False,128.0,128.0,,,SGD
train,,,,,,,155.92137479782104,8.0,176.0,3459.0,0.5973495841026306,0.8216429352760315,0.0009999998821086,0.001,False,128.0,128.0,,,SGD
train,,,,,,,155.97379350662231,8.0,177.0,3460.0,0.4552622139453888,0.999999225139618,0.0009999978354657,0.001,False,128.0,128.0,,,SGD
train,,,,,,,156.02679681777954,8.0,178.0,3461.0,0.5029956698417664,0.9999991059303284,0.0009512731408581,0.001,False,128.0,128.0,,,SGD
train,,,,,,,156.07897758483887,8.0,179.0,3462.0,0.4377474784851074,0.95127135515213,0.0009934249562809,0.001,False,128.0,128.0,,,SGD
train,,,,,,,156.13125586509705,8.0,180.0,3463.0,0.4507664740085602,0.993427574634552,0.0009999974258479,0.001,False,128.0,128.0,,,SGD
train,,,,,,,156.17556643486023,8.0,181.0,3464.0,0.4917089641094208,0.9999990463256836,0.0009332044722232,0.001,False,128.0,128.0,,,SGD
train,,,,,,,156.21572136878967,8.0,182.0,3465.0,0.4357219934463501,0.9332026839256288,0.0009745024577501,0.001,False,128.0,128.0,,,SGD
train,,,,,,,156.2522177696228,8.0,183.0,3466.0,0.5216756463050842,0.9745021462440492,0.0009999997852417,0.001,False,128.0,128.0,,,SGD
train,,,,,,,156.29190707206726,8.0,184.0,3467.0,0.5600354075431824,0.9999991059303284,0.0010000007909924,0.001,False,128.0,128.0,,,SGD
train,,,,,,,156.34922242164612,8.0,185.0,3468.0,0.5235384106636047,0.9999991059303284,0.0009999988543745,0.001,False,128.0,128.0,,,SGD
train,,,,,,,156.4040777683258,8.0,186.0,3469.0,0.5926841497421265,0.9999991059303284,0.0010000002387955,0.001,False,128.0,128.0,,,SGD
train,,,,,,,156.4537868499756,8.0,187.0,3470.0,0.4507338106632232,0.9999990463256836,0.0009092698434148,0.001,False,128.0,128.0,,,SGD
train,,,,,,,156.50380158424375,8.0,188.0,3471.0,0.5704296827316284,0.9092707633972168,0.0008663687764596,0.001,False,128.0,128.0,,,SGD
train,,,,,,,156.55144667625427,8.0,189.0,3472.0,0.4917535185813904,0.8663706183433533,0.0009999989997029,0.001,False,128.0,128.0,,,SGD
train,,,,,,,156.59599924087524,8.0,190.0,3473.0,0.3802213370800018,0.999999225139618,0.0008035092042245,0.001,False,128.0,128.0,,,SGD
train,,,,,,,156.641836643219,8.0,191.0,3474.0,0.5899410843849182,0.8035106658935547,0.0009999996637,0.001,False,128.0,128.0,,,SGD
train,,,,,,,156.68582224845886,8.0,192.0,3475.0,0.6876017451286316,0.9999991059303284,0.000999997399147,0.001,False,128.0,128.0,,,SGD
train,,,,,,,156.72955203056335,8.0,193.0,3476.0,0.6215072870254517,0.9999990463256836,0.0009999987244505,0.001,False,128.0,128.0,,,SGD
train,,,,,,,156.77471113204956,8.0,194.0,3477.0,0.4996832311153412,0.9999991059303284,0.0009704494502256,0.001,False,128.0,128.0,,,SGD
train,,,,,,,156.8197968006134,8.0,195.0,3478.0,0.641085147857666,0.9704492092132568,0.0009999991858875,0.001,False,128.0,128.0,,,SGD
train,,,,,,,156.86055374145508,8.0,196.0,3479.0,0.5719568729400635,0.9999992847442628,0.0009999975662082,0.001,False,128.0,128.0,,,SGD
train,,,,,,,156.9028022289276,8.0,197.0,3480.0,0.5886778831481934,0.9999991059303284,0.0009111225330404,0.001,False,128.0,128.0,,,SGD
train,,,,,,,156.94956469535828,8.0,198.0,3481.0,0.5460706353187561,0.9111217260360718,0.000933222487598,0.001,False,128.0,128.0,,,SGD
train,,,,,,,157.04946732521057,8.0,199.0,3482.0,0.4981552362442016,0.9332231879234314,0.0009524666338125,0.001,False,128.0,128.0,,,SGD
train,,,,,,,157.12849974632263,8.0,200.0,3483.0,0.4558950066566467,0.9524666666984558,0.0008604658022601,0.001,False,128.0,128.0,,,SGD
train,,,,,,,157.17384147644043,8.0,201.0,3484.0,0.4780254960060119,0.8604649901390076,0.0009999983516648,0.001,False,128.0,128.0,,,SGD
train,,,,,,,157.2243847846985,8.0,202.0,3485.0,0.4783382415771484,0.999999225139618,0.0009999967689826,0.001,False,128.0,128.0,,,SGD
train,,,,,,,157.27445244789124,8.0,203.0,3486.0,0.5560824871063232,0.9999991059303284,0.0009790265239396,0.001,False,128.0,128.0,,,SGD
train,,,,,,,157.31285405158997,8.0,204.0,3487.0,0.4637036919593811,0.9790247678756714,0.0009470827348514,0.001,False,128.0,128.0,,,SGD
train,,,,,,,157.3556613922119,8.0,205.0,3488.0,0.4618806540966034,0.9470845460891724,0.0009019383445462,0.001,False,128.0,128.0,,,SGD
train,,,,,,,157.3931279182434,8.0,206.0,3489.0,0.4949774742126465,0.9019392132759094,0.000999998605712,0.001,False,128.0,128.0,,,SGD
train,,,,,,,157.4386522769928,8.0,207.0,3490.0,0.5291487574577332,0.9999990463256836,0.0010000003528154,0.001,False,128.0,128.0,,,SGD
train,,,,,,,157.56466102600098,8.0,208.0,3491.0,0.549185037612915,0.9999991655349731,0.0010000009288542,0.001,False,128.0,128.0,,,SGD
train,,,,,,,157.6683473587036,8.0,209.0,3492.0,0.4768800139427185,0.9999991059303284,0.0008781031440424,0.001,False,128.0,128.0,,,SGD
train,,,,,,,157.7062485218048,8.0,210.0,3493.0,0.6296823024749756,0.878101646900177,0.0009999969734863,0.001,False,128.0,128.0,,,SGD
train,,,,,,,157.74350309371948,8.0,211.0,3494.0,0.568642795085907,0.9999992847442628,0.0009958473678133,0.001,False,128.0,128.0,,,SGD
train,,,,,,,157.78069853782654,8.0,212.0,3495.0,0.5328296422958374,0.995845913887024,0.0009077304107671,0.001,False,128.0,128.0,,,SGD
train,,,,,,,157.82131385803223,8.0,213.0,3496.0,0.5926417112350464,0.9077303409576416,0.0009999991467798,0.001,False,128.0,128.0,,,SGD
train,,,,,,,157.85580229759216,8.0,214.0,3497.0,0.5202852487564087,0.9999991655349731,0.0009231696115853,0.001,False,128.0,128.0,,,SGD
train,,,,,,,157.8937211036682,8.0,215.0,3498.0,0.4923774003982544,0.9231696128845216,0.0009999971281408,0.001,False,128.0,128.0,,,SGD
train,,,,,,,157.92942070961,8.0,216.0,3499.0,0.4795927405357361,0.9999989867210388,0.0010000005904308,0.001,False,128.0,128.0,,,SGD
train,,,,,,,157.96656847000122,8.0,217.0,3500.0,0.5484351515769958,0.9999991059303284,0.0009403580357276,0.001,False,128.0,128.0,,,SGD
train,,,,,,,158.00470638275146,8.0,218.0,3501.0,0.5779590010643005,0.9403574466705322,0.0009999992095352,0.001,False,128.0,128.0,,,SGD
train,,,,,,,158.0468788146973,8.0,219.0,3502.0,0.4865879118442535,0.9999991655349731,0.0008978130862111,0.001,False,128.0,128.0,,,SGD
train,,,,,,,158.083820104599,8.0,220.0,3503.0,0.6189787983894348,0.8978117108345032,0.0009999998403642,0.001,False,128.0,128.0,,,SGD
train,,,,,,,158.11741399765015,8.0,221.0,3504.0,0.4705563187599182,0.9999991059303284,0.00089470814288,0.001,False,128.0,128.0,,,SGD
train,,,,,,,158.1550793647766,8.0,222.0,3505.0,0.5911934971809387,0.8947086930274963,0.0009577518284416,0.001,False,128.0,128.0,,,SGD
train,,,,,,,158.20037817955017,8.0,223.0,3506.0,0.6628742814064026,0.957751214504242,0.0010000003199528,0.001,False,128.0,128.0,,,SGD
train,,,,,,,158.2494900226593,8.0,224.0,3507.0,0.6516039967536926,0.9999991655349731,0.0009999978737684,0.001,False,128.0,128.0,,,SGD
train,,,,,,,158.2900676727295,8.0,225.0,3508.0,0.6467303037643433,0.9999991655349731,0.0009999997709753,0.001,False,128.0,128.0,,,SGD
train,,,,,,,158.3274123668671,8.0,226.0,3509.0,0.6399667859077454,0.9999991655349731,0.0009999994478448,0.001,False,128.0,128.0,,,SGD
train,,,,,,,158.3639018535614,8.0,227.0,3510.0,0.5304046273231506,0.9999991059303284,0.0008553302508641,0.001,False,128.0,128.0,,,SGD
train,,,,,,,158.4016311168671,8.0,228.0,3511.0,0.4886156022548675,0.855329155921936,0.0009253273864814,0.001,False,128.0,128.0,,,SGD
train,,,,,,,158.4410674571991,8.0,229.0,3512.0,0.5582035183906555,0.925328254699707,0.0010000009242191,0.001,False,128.0,128.0,,,SGD
train,,,,,,,158.4772491455078,8.0,230.0,3513.0,0.4468438327312469,0.9999990463256836,0.0009999973799401,0.001,False,128.0,128.0,,,SGD
train,,,,,,,158.5148630142212,8.0,231.0,3514.0,0.5106949806213379,0.9999992847442628,0.0009951753657981,0.001,False,128.0,128.0,,,SGD
train,,,,,,,158.55660104751587,8.0,232.0,3515.0,0.597896933555603,0.9951754808425904,0.0010000000962151,0.001,False,128.0,128.0,,,SGD
train,,,,,,,158.59699058532715,8.0,233.0,3516.0,0.4625765383243561,0.999999225139618,0.0008505531092498,0.001,False,128.0,128.0,,,SGD
train,,,,,,,158.63659286499023,8.0,234.0,3517.0,0.6046181321144104,0.8505538105964661,0.000999998782543,0.001,False,128.0,128.0,,,SGD
train,,,,,,,158.67449808120728,8.0,235.0,3518.0,0.4917723536491394,0.9999990463256836,0.0009502614669486,0.001,False,128.0,128.0,,,SGD
train,,,,,,,158.70818614959717,8.0,236.0,3519.0,0.4987778961658478,0.9502596259117126,0.0009365307531717,0.001,False,128.0,128.0,,,SGD
train,,,,,,,158.74993205070496,8.0,237.0,3520.0,0.4909605085849762,0.9365296363830566,0.0009910584940149,0.001,False,128.0,128.0,,,SGD
train,,,,,,,158.7880039215088,8.0,238.0,3521.0,0.4911214113235473,0.991056263446808,0.0009205871186948,0.001,False,128.0,128.0,,,SGD
train,,,,,,,158.8267605304718,8.0,239.0,3522.0,0.4594864249229431,0.9205890893936156,0.000909812097628,0.001,False,128.0,128.0,,,SGD
train,,,,,,,158.86913633346558,8.0,240.0,3523.0,0.5355591773986816,0.909811556339264,0.0010000005322551,0.001,False,128.0,128.0,,,SGD
train,,,,,,,158.90531253814697,8.0,241.0,3524.0,0.6038718223571777,0.9999991655349731,0.0009435899842992,0.001,False,128.0,128.0,,,SGD
train,,,,,,,158.94234323501587,8.0,242.0,3525.0,0.5709882974624634,0.9435899257659912,0.0009999967501087,0.001,False,128.0,128.0,,,SGD
train,,,,,,,158.98225712776184,8.0,243.0,3526.0,0.4858372211456299,0.999999225139618,0.0008885582055266,0.001,False,128.0,128.0,,,SGD
train,,,,,,,159.01876258850098,8.0,244.0,3527.0,0.5333771705627441,0.8885607719421387,0.0009999981743064,0.001,False,128.0,128.0,,,SGD
train,,,,,,,159.06538152694702,8.0,245.0,3528.0,0.5169668197631836,0.9999990463256836,0.0009999998217125,0.001,False,128.0,128.0,,,SGD
train,,,,,,,159.1103949546814,8.0,246.0,3529.0,0.5674445629119873,0.9999991655349731,0.0009999979587562,0.001,False,128.0,128.0,,,SGD
train,,,,,,,159.15377235412598,8.0,247.0,3530.0,0.4975590407848358,0.9999991655349731,0.0009999990929062,0.001,False,128.0,128.0,,,SGD
train,,,,,,,159.18888688087463,8.0,248.0,3531.0,0.4744536280632019,0.9999991059303284,0.0009999974021168,0.001,False,128.0,128.0,,,SGD
train,,,,,,,159.22688221931458,8.0,249.0,3532.0,0.4836742579936981,0.9999991655349731,0.0009999978213658,0.001,False,128.0,128.0,,,SGD
train,,,,,,,159.2761492729187,8.0,250.0,3533.0,0.5515080690383911,0.9999990463256836,0.000999999831538,0.001,False,128.0,128.0,,,SGD
train,,,,,,,159.31944918632507,8.0,251.0,3534.0,0.6643815636634827,0.9999993443489076,0.000999998556196,0.001,False,128.0,128.0,,,SGD
train,,,,,,,159.3640217781067,8.0,252.0,3535.0,0.5776059031486511,0.9999993443489076,0.0008522836527945,0.001,False,128.0,128.0,,,SGD
train,,,,,,,159.41055250167847,8.0,253.0,3536.0,0.5177292227745056,0.8522845506668091,0.0008740170818709,0.001,False,128.0,128.0,,,SGD
train,,,,,,,159.4522581100464,8.0,254.0,3537.0,0.4990741312503814,0.8740156888961792,0.000999996734621,0.001,False,128.0,128.0,,,SGD
train,,,,,,,159.4952986240387,8.0,255.0,3538.0,0.5771648287773132,0.9999991655349731,0.0009999985845345,0.001,False,128.0,128.0,,,SGD
train,,,,,,,159.53798270225525,8.0,256.0,3539.0,0.5076038241386414,0.9999991059303284,0.0009999994560049,0.001,False,128.0,128.0,,,SGD
train,,,,,,,159.576425075531,8.0,257.0,3540.0,0.5440118312835693,0.999999225139618,0.0009999992115336,0.001,False,128.0,128.0,,,SGD
train,,,,,,,159.62000679969788,8.0,258.0,3541.0,0.4956040978431701,0.9999991059303284,0.0009999965289515,0.001,False,128.0,128.0,,,SGD
train,,,,,,,159.66051650047302,8.0,259.0,3542.0,0.5038073062896729,0.9999991655349731,0.0009652436052214,0.001,False,128.0,128.0,,,SGD
train,,,,,,,159.6978738307953,8.0,260.0,3543.0,0.4260708391666412,0.9652433395385742,0.0009432793443313,0.001,False,128.0,128.0,,,SGD
train,,,,,,,159.73802542686462,8.0,261.0,3544.0,0.5216628909111023,0.9432796835899352,0.0009999988447156,0.001,False,128.0,128.0,,,SGD
train,,,,,,,159.7819802761078,8.0,262.0,3545.0,0.4494184255599975,0.999999225139618,0.0008491201176329,0.001,False,128.0,128.0,,,SGD
train,,,,,,,159.8247435092926,8.0,263.0,3546.0,0.4436355829238891,0.8491219878196716,0.0009999992175843,0.001,False,128.0,128.0,,,SGD
train,,,,,,,159.86870884895325,8.0,264.0,3547.0,0.5426870584487915,0.9999990463256836,0.000940485744204,0.001,False,128.0,128.0,,,SGD
train,,,,,,,159.91120862960815,8.0,265.0,3548.0,0.4843106567859649,0.9404861330986024,0.0009999985085951,0.001,False,128.0,128.0,,,SGD
train,,,,,,,159.95044374465942,8.0,266.0,3549.0,0.3975521028041839,0.9999990463256836,0.0007585367754155,0.001,False,128.0,128.0,,,SGD
train,,,,,,,159.99771332740784,8.0,267.0,3550.0,0.5545000433921814,0.7585365772247314,0.0009999990831362,0.001,False,128.0,128.0,,,SGD
train,,,,,,,160.04732418060303,8.0,268.0,3551.0,0.5199775695800781,0.999999225139618,0.0009999997360588,0.001,False,128.0,128.0,,,SGD
train,,,,,,,160.08440899848938,8.0,269.0,3552.0,0.4299898445606231,0.9999994039535522,0.0009971387864803,0.001,False,128.0,128.0,,,SGD
train,,,,,,,160.12827730178833,8.0,270.0,3553.0,0.412284791469574,0.9971386790275574,0.0008058371181422,0.001,False,128.0,128.0,,,SGD
train,,,,,,,160.17495918273926,8.0,271.0,3554.0,0.4816619455814361,0.8058392405509949,0.0009999996435217,0.001,False,128.0,128.0,,,SGD
train,,,,,,,160.21856904029846,8.0,272.0,3555.0,0.588534951210022,0.9999991059303284,0.0009530025557842,0.001,False,128.0,128.0,,,SGD
train,,,,,,,160.2627351284027,8.0,273.0,3556.0,0.4729515016078949,0.9530033469200134,0.0009999991976003,0.001,False,128.0,128.0,,,SGD
train,,,,,,,160.31652760505676,8.0,274.0,3557.0,0.4162653088569641,0.9999991655349731,0.0009326842486111,0.001,False,128.0,128.0,,,SGD
train,,,,,,,160.36345314979553,8.0,275.0,3558.0,0.4712563157081604,0.9326853156089784,0.0009446219141931,0.001,False,128.0,128.0,,,SGD
train,,,,,,,160.4067986011505,8.0,276.0,3559.0,0.4916620850563049,0.9446200132369996,0.0009781575932822,0.001,False,128.0,128.0,,,SGD
train,,,,,,,160.4496099948883,8.0,277.0,3560.0,0.5325202345848083,0.978157103061676,0.0009748279309617,0.001,False,128.0,128.0,,,SGD
train,,,,,,,160.50017380714417,8.0,278.0,3561.0,0.4866088926792145,0.9748263955116272,0.0009282250878877,0.001,False,128.0,128.0,,,SGD
train,,,,,,,160.5525677204132,8.0,279.0,3562.0,0.530188262462616,0.9282268285751344,0.0009745464940192,0.001,False,128.0,128.0,,,SGD
train,,,,,,,160.5993151664734,8.0,280.0,3563.0,0.5593289732933044,0.9745463728904724,0.0010000010270256,0.001,False,128.0,128.0,,,SGD
train,,,,,,,160.64712071418762,8.0,281.0,3564.0,0.4421337246894836,0.9999991655349731,0.0009845474947217,0.001,False,128.0,128.0,,,SGD
train,,,,,,,160.69714856147766,8.0,282.0,3565.0,0.4381835162639618,0.984546422958374,0.0008869964120164,0.001,False,128.0,128.0,,,SGD
train,,,,,,,160.74427700042725,8.0,283.0,3566.0,0.47452113032341,0.886999249458313,0.0009984815326743,0.001,False,128.0,128.0,,,SGD
train,,,,,,,160.78440594673157,8.0,284.0,3567.0,0.5076603889465332,0.9984804391860962,0.0009999986037414,0.001,False,128.0,128.0,,,SGD
train,,,,,,,160.82780623435974,8.0,285.0,3568.0,0.4667546451091766,0.9999991059303284,0.0010000021950061,0.001,False,128.0,128.0,,,SGD
train,,,,,,,160.87805032730105,8.0,286.0,3569.0,0.5123844742774963,0.9999989867210388,0.0010000003651111,0.001,False,128.0,128.0,,,SGD
train,,,,,,,160.92519307136536,8.0,287.0,3570.0,0.4963458180427551,0.9999990463256836,0.0009136993504342,0.001,False,128.0,128.0,,,SGD
train,,,,,,,160.976970911026,8.0,288.0,3571.0,0.4349290132522583,0.9136964082717896,0.000955813313792,0.001,False,128.0,128.0,,,SGD
train,,,,,,,161.0194103717804,8.0,289.0,3572.0,0.4799256324768066,0.9558125138282776,0.0009254869209916,0.001,False,128.0,128.0,,,SGD
train,,,,,,,161.0654833316803,8.0,290.0,3573.0,0.4502021968364715,0.9254870414733888,0.0009660888810297,0.001,False,128.0,128.0,,,SGD
train,,,,,,,161.11437320709229,8.0,291.0,3574.0,0.4854065477848053,0.9660912156105042,0.0008520313898171,0.001,False,128.0,128.0,,,SGD
train,,,,,,,161.1611526012421,8.0,292.0,3575.0,0.5021622180938721,0.852031409740448,0.0008887404754791,0.001,False,128.0,128.0,,,SGD
train,,,,,,,161.2111852169037,8.0,293.0,3576.0,0.4105575680732727,0.8887418508529663,0.0008600513373874,0.001,False,128.0,128.0,,,SGD
train,,,,,,,161.25476121902466,8.0,294.0,3577.0,0.5234417915344238,0.8600518703460693,0.0009908365560744,0.001,False,128.0,128.0,,,SGD
train,,,,,,,161.30796790122986,8.0,295.0,3578.0,0.4994986951351166,0.9908369183540344,0.0009083138007898,0.001,False,128.0,128.0,,,SGD
train,,,,,,,161.3604760169983,8.0,296.0,3579.0,0.4583350121974945,0.9083145260810852,0.0010000002021304,0.001,False,128.0,128.0,,,SGD
train,,,,,,,161.4013330936432,8.0,297.0,3580.0,0.5623488426208496,0.9999990463256836,0.0009999984631314,0.001,False,128.0,128.0,,,SGD
train,,,,,,,161.44836926460266,8.0,298.0,3581.0,0.5023462176322937,0.9999991655349731,0.0009717150746292,0.001,False,128.0,128.0,,,SGD
train,,,,,,,161.4903609752655,8.0,299.0,3582.0,0.480642706155777,0.9717161655426024,0.00095072019678,0.001,False,128.0,128.0,,,SGD
train,,,,,,,161.53428745269775,8.0,300.0,3583.0,0.5892448425292969,0.9507200717926024,0.0008955088386946,0.001,False,128.0,128.0,,,SGD
train,,,,,,,161.57894492149353,8.0,301.0,3584.0,0.4534135162830353,0.8955100178718567,0.0008524762841095,0.001,False,128.0,128.0,,,SGD
train,,,,,,,161.63283252716064,8.0,302.0,3585.0,0.5313470363616943,0.8524753451347351,0.0009489349677731,0.001,False,128.0,128.0,,,SGD
train,,,,,,,161.67623353004456,8.0,303.0,3586.0,0.4954053461551666,0.9489347338676452,0.0008052698827284,0.001,False,128.0,128.0,,,SGD
train,,,,,,,161.72021007537842,8.0,304.0,3587.0,0.5162084698677063,0.8052720427513123,0.0009999982212134,0.001,False,128.0,128.0,,,SGD
train,,,,,,,161.76101636886597,8.0,305.0,3588.0,0.5079949498176575,0.999999225139618,0.0008869711171495,0.001,False,128.0,128.0,,,SGD
train,,,,,,,161.81096839904785,8.0,306.0,3589.0,0.5611469149589539,0.8869732022285461,0.0009999979155407,0.001,False,128.0,128.0,,,SGD
train,,,,,,,161.8637638092041,8.0,307.0,3590.0,0.4606722891330719,0.999999225139618,0.0010000009220541,0.001,False,128.0,128.0,,,SGD
train,,,,,,,161.90963649749756,8.0,308.0,3591.0,0.5070801973342896,0.9999990463256836,0.0009999993077623,0.001,False,128.0,128.0,,,SGD
train,,,,,,,161.950541973114,8.0,309.0,3592.0,0.555514931678772,0.9999989867210388,0.0009999965895977,0.001,False,128.0,128.0,,,SGD
train,,,,,,,161.99072360992432,8.0,310.0,3593.0,0.52052903175354,0.9999991059303284,0.0008980426988163,0.001,False,128.0,128.0,,,SGD
train,,,,,,,162.02893996238708,8.0,311.0,3594.0,0.4618503153324127,0.8980441689491272,0.0010000008183039,0.001,False,128.0,128.0,,,SGD
train,,,,,,,162.07885599136353,8.0,312.0,3595.0,0.4271325170993805,0.9999991655349731,0.000952069412918,0.001,False,128.0,128.0,,,SGD
train,,,,,,,162.12633967399597,8.0,313.0,3596.0,0.4166595041751861,0.9520689845085144,0.0009408517862201,0.001,False,128.0,128.0,,,SGD
train,,,,,,,162.1742331981659,8.0,314.0,3597.0,0.5221828818321228,0.9408538341522216,0.0009999977915007,0.001,False,128.0,128.0,,,SGD
train,,,,,,,162.22142505645752,8.0,315.0,3598.0,0.5885486602783203,0.999999225139618,0.0009999997658128,0.001,False,128.0,128.0,,,SGD
train,,,,,,,162.2608072757721,8.0,316.0,3599.0,0.4410866200923919,0.9999991655349731,0.0009454628910176,0.001,False,128.0,128.0,,,SGD
train,,,,,,,162.3124349117279,8.0,317.0,3600.0,0.4245900213718414,0.9454639554023744,0.0009999982308169,0.001,False,128.0,128.0,,,SGD
train,,,,,,,162.3606288433075,8.0,318.0,3601.0,0.4848832786083221,0.9999991059303284,0.0009212227328053,0.001,False,128.0,128.0,,,SGD
train,,,,,,,162.4044713973999,8.0,319.0,3602.0,0.5224609375,0.9212228655815125,0.0009999993566399,0.001,False,128.0,128.0,,,SGD
train,,,,,,,162.44857263565063,8.0,320.0,3603.0,0.4118358194828033,0.9999991059303284,0.0009999979605881,0.001,False,128.0,128.0,,,SGD
train,,,,,,,162.50054788589478,8.0,321.0,3604.0,0.4983802735805511,0.9999992847442628,0.0009999972205116,0.001,False,128.0,128.0,,,SGD
train,,,,,,,162.55341386795044,8.0,322.0,3605.0,0.5431380271911621,0.9999990463256836,0.001000000746528,0.001,False,128.0,128.0,,,SGD
train,,,,,,,162.59697604179382,8.0,323.0,3606.0,0.5036771893501282,0.9999990463256836,0.0009955191086321,0.001,False,128.0,128.0,,,SGD
train,,,,,,,162.6447525024414,8.0,324.0,3607.0,0.5273417830467224,0.9955178499221802,0.0009999984737341,0.001,False,128.0,128.0,,,SGD
train,,,,,,,162.69317197799683,8.0,325.0,3608.0,0.5298709869384766,0.999999463558197,0.0010000003250321,0.001,False,128.0,128.0,,,SGD
train,,,,,,,162.73927402496338,8.0,326.0,3609.0,0.4926545321941376,0.9999992847442628,0.0009999987835422,0.001,False,128.0,128.0,,,SGD
train,,,,,,,162.78438782691956,8.0,327.0,3610.0,0.5474365949630737,0.9999989867210388,0.0010000000059818,0.001,False,128.0,128.0,,,SGD
train,,,,,,,162.82941508293152,8.0,328.0,3611.0,0.5267499685287476,0.9999990463256836,0.0010000026611044,0.001,False,128.0,128.0,,,SGD
train,,,,,,,162.891583442688,8.0,329.0,3612.0,0.3769634366035461,0.9999991059303284,0.0007809319057724,0.001,False,128.0,128.0,,,SGD
train,,,,,,,162.96326160430908,8.0,330.0,3613.0,0.577046811580658,0.7809296250343323,0.0010000002739063,0.001,False,128.0,128.0,,,SGD
train,,,,,,,163.1016616821289,8.0,331.0,3614.0,0.514970600605011,0.9999990463256836,0.0009999985248599,0.001,False,128.0,128.0,,,SGD
train,,,,,,,163.14255905151367,8.0,332.0,3615.0,0.4729436337947845,0.9999991655349731,0.0009110558192802,0.001,False,128.0,128.0,,,SGD
train,,,,,,,163.19122672080994,8.0,333.0,3616.0,0.4970921277999878,0.911054790019989,0.0009999981314517,0.001,False,128.0,128.0,,,SGD
train,,,,,,,163.24056792259216,8.0,334.0,3617.0,0.5374200344085693,0.9999991059303284,0.0009999980461864,0.001,False,128.0,128.0,,,SGD
train,,,,,,,163.2944459915161,8.0,335.0,3618.0,0.503463625907898,0.9999991059303284,0.0010000029758517,0.001,False,128.0,128.0,,,SGD
train,,,,,,,163.33180856704712,8.0,336.0,3619.0,0.447277307510376,0.9999991059303284,0.0007981149186797,0.001,False,128.0,128.0,,,SGD
train,,,,,,,163.37066221237183,8.0,337.0,3620.0,0.5554699897766113,0.7981147766113281,0.0009999978707153,0.001,False,128.0,128.0,,,SGD
train,,,,,,,163.41357254981995,8.0,338.0,3621.0,0.5851483941078186,0.9999991059303284,0.0008727303765768,0.001,False,128.0,128.0,,,SGD
train,,,,,,,163.4589388370514,8.0,339.0,3622.0,0.5784322619438171,0.8727297782897949,0.0010000008715668,0.001,False,128.0,128.0,,,SGD
train,,,,,,,163.5018711090088,8.0,340.0,3623.0,0.6389585733413696,0.9999991059303284,0.0010000004305032,0.001,False,128.0,128.0,,,SGD
train,,,,,,,163.5547263622284,8.0,341.0,3624.0,0.4675465226173401,0.9999991059303284,0.0009837007218757,0.001,False,128.0,128.0,,,SGD
train,,,,,,,163.59915471076965,8.0,342.0,3625.0,0.4362441599369049,0.9837005734443665,0.0008341236472928,0.001,False,128.0,128.0,,,SGD
train,,,,,,,163.63755893707275,8.0,343.0,3626.0,0.7092626690864563,0.8341229557991028,0.0009999980731649,0.001,False,128.0,128.0,,,SGD
train,,,,,,,163.6781840324402,8.0,344.0,3627.0,0.4607470631599426,0.9999991059303284,0.000881209267229,0.001,False,128.0,128.0,,,SGD
train,,,,,,,163.7345838546753,8.0,345.0,3628.0,0.4461759328842163,0.8812084197998047,0.0009656362762051,0.001,False,128.0,128.0,,,SGD
train,,,,,,,163.7837975025177,8.0,346.0,3629.0,0.5262125134468079,0.9656388759613036,0.0009727712486688,0.001,False,128.0,128.0,,,SGD
train,,,,,,,163.8475480079651,8.0,347.0,3630.0,0.4912045300006866,0.972772479057312,0.000999999754433,0.001,False,128.0,128.0,,,SGD
train,,,,,,,163.88764572143555,8.0,348.0,3631.0,0.5671151876449585,0.9999991059303284,0.0009999990877437,0.001,False,128.0,128.0,,,SGD
train,,,,,,,163.93224096298218,8.0,349.0,3632.0,0.4494552612304687,0.9999991655349731,0.0009238986071692,0.001,False,128.0,128.0,,,SGD
train,,,,,,,163.97858953475952,8.0,350.0,3633.0,0.5018327832221985,0.9238988161087036,0.0009585300025684,0.001,False,128.0,128.0,,,SGD
train,,,,,,,164.02541160583496,8.0,351.0,3634.0,0.6368438601493835,0.9585299491882324,0.0009999991257133,0.001,False,128.0,128.0,,,SGD
train,,,,,,,164.07243180274963,8.0,352.0,3635.0,0.6327964663505554,0.999999225139618,0.0009999994792086,0.001,False,128.0,128.0,,,SGD
train,,,,,,,164.1193723678589,8.0,353.0,3636.0,0.4576597511768341,0.9999992847442628,0.0009937862550176,0.001,False,128.0,128.0,,,SGD
train,,,,,,,164.16133618354797,8.0,354.0,3637.0,0.5453752875328064,0.993786871433258,0.0009999991921047,0.001,False,128.0,128.0,,,SGD
train,,,,,,,164.20411467552185,8.0,355.0,3638.0,0.5064939856529236,0.9999991059303284,0.0009999956450995,0.001,False,128.0,128.0,,,SGD
train,,,,,,,164.24725437164307,8.0,356.0,3639.0,0.4408907890319824,0.9999991655349731,0.0009957996440665,0.001,False,128.0,128.0,,,SGD
train,,,,,,,164.29327988624573,8.0,357.0,3640.0,0.4135099351406097,0.9957998394966124,0.0008853053709056,0.001,False,128.0,128.0,,,SGD
train,,,,,,,164.33565306663513,8.0,358.0,3641.0,0.6963195204734802,0.885302722454071,0.001000000279846,0.001,False,128.0,128.0,,,SGD
train,,,,,,,164.37922286987305,8.0,359.0,3642.0,0.4572899937629699,0.9999993443489076,0.0008180078800258,0.001,False,128.0,128.0,,,SGD
train,,,,,,,164.42282342910767,8.0,360.0,3643.0,0.5929197669029236,0.8180086612701416,0.0009999986900613,0.001,False,128.0,128.0,,,SGD
train,,,,,,,164.46041131019592,8.0,361.0,3644.0,0.5639916658401489,0.9999991655349731,0.0009999984157803,0.001,False,128.0,128.0,,,SGD
train,,,,,,,164.49747371673584,8.0,362.0,3645.0,0.4420447647571563,0.9999991059303284,0.0009308720847707,0.001,False,128.0,128.0,,,SGD
train,,,,,,,164.5317258834839,8.0,363.0,3646.0,0.5789465308189392,0.9308700561523438,0.0009999979835697,0.001,False,128.0,128.0,,,SGD
train,,,,,,,164.5720088481903,8.0,364.0,3647.0,0.5111681818962097,0.999999225139618,0.001000001194225,0.001,False,128.0,128.0,,,SGD
train,,,,,,,164.61682844161987,8.0,365.0,3648.0,0.5849962830543518,0.999999225139618,0.0009999995514564,0.001,False,128.0,128.0,,,SGD
train,,,,,,,164.66404104232788,8.0,366.0,3649.0,0.4235085844993591,0.9999991059303284,0.0009209949407841,0.001,False,128.0,128.0,,,SGD
train,,,,,,,164.7181465625763,8.0,367.0,3650.0,0.4001834392547607,0.9209933876991272,0.0009505756685573,0.001,False,128.0,128.0,,,SGD
train,,,,,,,164.76442766189575,8.0,368.0,3651.0,0.5355953574180603,0.9505760073661804,0.0009547045011326,0.001,False,128.0,128.0,,,SGD
train,,,,,,,164.81764101982117,8.0,369.0,3652.0,0.5141816139221191,0.9547060132026672,0.0009372302842403,0.001,False,128.0,128.0,,,SGD
train,,,,,,,164.86230564117432,8.0,370.0,3653.0,0.5382169485092163,0.9372283816337584,0.0009999986544786,0.001,False,128.0,128.0,,,SGD
train,,,,,,,164.9078712463379,8.0,371.0,3654.0,0.4827432334423065,0.9999992847442628,0.0009999986877299,0.001,False,128.0,128.0,,,SGD
train,,,,,,,164.95316553115845,8.0,372.0,3655.0,0.5328485369682312,0.9999990463256836,0.0009999988417735,0.001,False,128.0,128.0,,,SGD
train,,,,,,,164.99853610992432,8.0,373.0,3656.0,0.4631529450416565,0.9999990463256836,0.0010000006260134,0.001,False,128.0,128.0,,,SGD
train,,,,,,,165.0408320426941,8.0,374.0,3657.0,0.4939737319946289,0.999999225139618,0.0009712080948651,0.001,False,128.0,128.0,,,SGD
train,,,,,,,165.0833444595337,8.0,375.0,3658.0,0.4202693104743957,0.9712074995040894,0.0009999993433727,0.001,False,128.0,128.0,,,SGD
train,,,,,,,165.12203001976013,8.0,376.0,3659.0,0.5184114575386047,0.9999991059303284,0.000999997235694,0.001,False,128.0,128.0,,,SGD
train,,,,,,,165.1608529090881,8.0,377.0,3660.0,0.4300739765167236,0.9999991059303284,0.0009940490498806,0.001,False,128.0,128.0,,,SGD
train,,,,,,,165.20703268051147,8.0,378.0,3661.0,0.4918924570083618,0.994047462940216,0.0009646009964595,0.001,False,128.0,128.0,,,SGD
train,,,,,,,165.24692630767822,8.0,379.0,3662.0,0.4420415461063385,0.9646002650260924,0.0009999982495797,0.001,False,128.0,128.0,,,SGD
train,,,,,,,165.29045820236206,8.0,380.0,3663.0,0.477830171585083,0.9999990463256836,0.0009999978465402,0.001,False,128.0,128.0,,,SGD
train,,,,,,,165.3392357826233,8.0,381.0,3664.0,0.4341547191143036,0.9999991655349731,0.0009650323169583,0.001,False,128.0,128.0,,,SGD
train,,,,,,,165.38632726669312,8.0,382.0,3665.0,0.5871214270591736,0.9650304317474364,0.0010000006562114,0.001,False,128.0,128.0,,,SGD
train,,,,,,,165.43841814994812,8.0,383.0,3666.0,0.4975863695144653,0.999999225139618,0.0009000045797606,0.001,False,128.0,128.0,,,SGD
train,,,,,,,165.47954964637756,8.0,384.0,3667.0,0.4679464399814605,0.9000041484832764,0.0009999974059471,0.001,False,128.0,128.0,,,SGD
train,,,,,,,165.52492570877075,8.0,385.0,3668.0,0.5221662521362305,0.9999991059303284,0.0009145674893554,0.001,False,128.0,128.0,,,SGD
train,,,,,,,165.87119126319885,8.0,386.0,3669.0,0.5442720651626587,0.914566934108734,0.0009999970846754,0.001,False,128.0,128.0,,,SGD
train,,,,,,,165.91565608978271,8.0,387.0,3670.0,0.5271120071411133,0.9999990463256836,0.0009999987049938,0.001,False,128.0,128.0,,,SGD
train,,,,,,,165.95608615875244,8.0,388.0,3671.0,0.4644606113433838,0.9999991059303284,0.0009999968725667,0.001,False,128.0,128.0,,,SGD
train,,,,,,,165.9927248954773,8.0,389.0,3672.0,0.4439590871334076,0.9999989867210388,0.0007248471043279,0.001,False,128.0,128.0,,,SGD
train,,,,,,,166.0302505493164,8.0,390.0,3673.0,0.5473656058311462,0.724845826625824,0.0009999991591866,0.001,False,128.0,128.0,,,SGD
train,,,,,,,166.06914973258972,8.0,391.0,3674.0,0.5208592414855957,0.999999225139618,0.0010000008575225,0.001,False,128.0,128.0,,,SGD
train,,,,,,,166.11411023139954,8.0,392.0,3675.0,0.5363022089004517,0.9999991655349731,0.0009999994044905,0.001,False,128.0,128.0,,,SGD
train,,,,,,,166.1609809398651,8.0,393.0,3676.0,0.4839144051074981,0.9999991655349731,0.0009999996114362,0.001,False,128.0,128.0,,,SGD
train,,,,,,,166.20689058303833,8.0,394.0,3677.0,0.5105417370796204,0.9999990463256836,0.0009267796708734,0.001,False,128.0,128.0,,,SGD
train,,,,,,,166.24906134605408,8.0,395.0,3678.0,0.5550975203514099,0.9267796874046326,0.0009999967606559,0.001,False,128.0,128.0,,,SGD
train,,,,,,,166.29676747322085,8.0,396.0,3679.0,0.5157809257507324,0.9999991059303284,0.0009738822270157,0.001,False,128.0,128.0,,,SGD
train,,,,,,,166.3450803756714,8.0,397.0,3680.0,0.442809134721756,0.9738821983337402,0.0008641274613643,0.001,False,128.0,128.0,,,SGD
train,,,,,,,166.38684177398682,8.0,398.0,3681.0,0.5087887644767761,0.8641273379325867,0.000999997984902,0.001,False,128.0,128.0,,,SGD
train,,,,,,,166.42692756652832,8.0,399.0,3682.0,0.4646475911140442,0.999999225139618,0.0009664815123964,0.001,False,128.0,128.0,,,SGD
train,,,,,,,166.47473978996277,8.0,400.0,3683.0,0.4443642199039459,0.966481387615204,0.0009551133962542,0.001,False,128.0,128.0,,,SGD
train,,,,,,,166.5220513343811,8.0,401.0,3684.0,0.5582578778266907,0.9551132321357728,0.0009999994937525,0.001,False,128.0,128.0,,,SGD
train,,,,,,,166.56493210792542,8.0,402.0,3685.0,0.4846408367156982,0.9999991655349731,0.0010000003839294,0.001,False,128.0,128.0,,,SGD
train,,,,,,,166.61102962493896,8.0,403.0,3686.0,0.4149840772151947,0.999999225139618,0.000897318379772,0.001,False,128.0,128.0,,,SGD
train,,,,,,,166.6551775932312,8.0,404.0,3687.0,0.5038183331489563,0.8973190784454346,0.0009138217646405,0.001,False,128.0,128.0,,,SGD
train,,,,,,,166.69390439987183,8.0,405.0,3688.0,0.5068718791007996,0.9138212203979492,0.0009999968930504,0.001,False,128.0,128.0,,,SGD
train,,,,,,,166.73914670944214,8.0,406.0,3689.0,0.425654798746109,0.9999991059303284,0.000999999568415,0.001,False,128.0,128.0,,,SGD
train,,,,,,,166.78413677215576,8.0,407.0,3690.0,0.5011687278747559,0.9999991059303284,0.0010000029576996,0.001,False,128.0,128.0,,,SGD
train,,,,,,,166.82248210906982,8.0,408.0,3691.0,0.5575041174888611,0.9999991059303284,0.0009999973915974,0.001,False,128.0,128.0,,,SGD
train,,,,,,,166.86208057403564,8.0,409.0,3692.0,0.4780509173870086,0.9999989867210388,0.0009642414384859,0.001,False,128.0,128.0,,,SGD
train,,,,,,,166.90215301513672,8.0,410.0,3693.0,0.4973556399345398,0.9642402529716492,0.0010000002267774,0.001,False,128.0,128.0,,,SGD
train,,,,,,,166.9444613456726,8.0,411.0,3694.0,0.5216154456138611,0.9999991059303284,0.0009755801044174,0.001,False,128.0,128.0,,,SGD
train,,,,,,,166.98725938796997,8.0,412.0,3695.0,0.4648181796073913,0.9755804538726808,0.000945968250125,0.001,False,128.0,128.0,,,SGD
train,,,,,,,167.0265622138977,8.0,413.0,3696.0,0.5525224804878235,0.945968747138977,0.0009999975574374,0.001,False,128.0,128.0,,,SGD
train,,,,,,,167.0639944076538,8.0,414.0,3697.0,0.4977659285068512,0.9999991059303284,0.0009999992124496,0.001,False,128.0,128.0,,,SGD
train,,,,,,,167.10461235046387,8.0,415.0,3698.0,0.5248274207115173,0.9999991059303284,0.0009999984261609,0.001,False,128.0,128.0,,,SGD
train,,,,,,,167.14451813697815,8.0,416.0,3699.0,0.650974452495575,0.9999991655349731,0.0010000002661348,0.001,False,128.0,128.0,,,SGD
train,,,,,,,167.1862850189209,8.0,417.0,3700.0,0.5268979072570801,0.9999990463256836,0.0010000006904063,0.001,False,128.0,128.0,,,SGD
train,,,,,,,167.23797845840454,8.0,418.0,3701.0,0.4731407165527344,0.9999990463256836,0.0010000018914162,0.001,False,128.0,128.0,,,SGD
train,,,,,,,167.2881350517273,8.0,419.0,3702.0,0.497344821691513,0.999999225139618,0.0008567705601951,0.001,False,128.0,128.0,,,SGD
train,,,,,,,167.33850717544556,8.0,420.0,3703.0,0.5301006436347961,0.8567714691162109,0.0009999998389765,0.001,False,128.0,128.0,,,SGD
train,,,,,,,167.37894344329834,8.0,421.0,3704.0,0.4602900445461273,0.9999990463256836,0.0009999982749483,0.001,False,128.0,128.0,,,SGD
train,,,,,,,167.42333483695984,8.0,422.0,3705.0,0.4131247699260711,0.9999989867210388,0.0008894156040909,0.001,False,128.0,128.0,,,SGD
train,,,,,,,167.46395564079285,8.0,423.0,3706.0,0.5795075297355652,0.8894187808036804,0.0008636596080298,0.001,False,128.0,128.0,,,SGD
train,,,,,,,167.5001244544983,8.0,424.0,3707.0,0.4424937069416046,0.8636593222618103,0.0008595664704995,0.001,False,128.0,128.0,,,SGD
train,,,,,,,167.5362732410431,8.0,425.0,3708.0,0.42516028881073,0.8595679402351379,0.0009002578756765,0.001,False,128.0,128.0,,,SGD
train,,,,,,,167.578134059906,8.0,426.0,3709.0,0.5514093637466431,0.9002570509910583,0.0009999993473973,0.001,False,128.0,128.0,,,SGD
train,,,,,,,167.62065649032593,8.0,427.0,3710.0,0.5329191088676453,0.999999225139618,0.000950937695349,0.001,False,128.0,128.0,,,SGD
train,,,,,,,167.66037368774414,8.0,428.0,3711.0,0.3933322131633758,0.9509395956993104,0.0009654971168036,0.001,False,128.0,128.0,,,SGD
train,,,,,,,167.70476770401,8.0,429.0,3712.0,0.5162273645401001,0.9654958248138428,0.0009999997126053,0.001,False,128.0,128.0,,,SGD
train,,,,,,,167.74818921089172,8.0,430.0,3713.0,0.5249813199043274,0.9999990463256836,0.0009561634375352,0.001,False,128.0,128.0,,,SGD
train,,,,,,,167.79467296600342,8.0,431.0,3714.0,0.4780462086200714,0.9561648964881896,0.000999997378136,0.001,False,128.0,128.0,,,SGD
train,,,,,,,167.84110689163208,8.0,432.0,3715.0,0.4463018178939819,0.9999989867210388,0.0008195581468469,0.001,False,128.0,128.0,,,SGD
train,,,,,,,167.88990902900696,8.0,433.0,3716.0,0.5284212231636047,0.8195578455924988,0.0009282415070451,0.001,False,128.0,128.0,,,SGD
train,,,,,,,167.93791556358337,8.0,434.0,3717.0,0.5132915377616882,0.9282411932945251,0.0009932821881598,0.001,False,128.0,128.0,,,SGD
train,,,,,,,167.9815797805786,8.0,435.0,3718.0,0.5653164982795715,0.9932807087898254,0.0010000004056342,0.001,False,128.0,128.0,,,SGD
train,,,,,,,168.02211332321167,8.0,436.0,3719.0,0.3912606239318847,0.999999225139618,0.0009252082407562,0.001,False,128.0,128.0,,,SGD
train,,,,,,,168.07060408592224,8.0,437.0,3720.0,0.4881984889507293,0.9252070784568788,0.0008831439265019,0.001,False,128.0,128.0,,,SGD
train,,,,,,,168.11388635635376,8.0,438.0,3721.0,0.4541196227073669,0.8831440210342407,0.0009999980705559,0.001,False,128.0,128.0,,,SGD
train,,,,,,,168.15602087974548,8.0,439.0,3722.0,0.4722905457019806,0.9999990463256836,0.0008408070740404,0.001,False,128.0,128.0,,,SGD
train,,,,,,,168.19830083847046,8.0,440.0,3723.0,0.5135248899459839,0.8408066630363464,0.0009999993516439,0.001,False,128.0,128.0,,,SGD
train,,,,,,,168.23957109451294,8.0,441.0,3724.0,0.5063974261283875,0.9999990463256836,0.0009247802777004,0.001,False,128.0,128.0,,,SGD
train,,,,,,,168.28869938850403,8.0,442.0,3725.0,0.4253966510295868,0.924780011177063,0.0008103759967703,0.001,False,128.0,128.0,,,SGD
train,,,,,,,168.34728050231934,8.0,443.0,3726.0,0.4913773238658905,0.8103762865066528,0.0009999994133723,0.001,False,128.0,128.0,,,SGD
train,,,,,,,168.38897490501404,8.0,444.0,3727.0,0.4119384288787842,0.9999990463256836,0.0008994501221216,0.001,False,128.0,128.0,,,SGD
train,,,,,,,168.43315076828003,8.0,445.0,3728.0,0.48502317070961,0.8994507193565369,0.0009999987989188,0.001,False,128.0,128.0,,,SGD
train,,,,,,,168.4770884513855,8.0,446.0,3729.0,0.4182362854480743,0.9999991059303284,0.0008730266481686,0.001,False,128.0,128.0,,,SGD
train,,,,,,,168.52368235588074,8.0,447.0,3730.0,0.4489669501781463,0.8730280995368958,0.0008707685319852,0.001,False,128.0,128.0,,,SGD
train,,,,,,,168.56324458122253,8.0,448.0,3731.0,0.4762349426746368,0.8707689642906189,0.0010000004137389,0.001,False,128.0,128.0,,,SGD
train,,,,,,,168.60351157188416,8.0,449.0,3732.0,0.502897322177887,0.9999991655349731,0.0009906240584975,0.001,False,128.0,128.0,,,SGD
train,,,,,,,168.65617966651917,8.0,450.0,3733.0,0.4396556615829468,0.9906246662139891,0.0009999995708853,0.001,False,128.0,128.0,,,SGD
train,,,,,,,168.69986295700073,8.0,451.0,3734.0,0.5452107787132263,0.9999991059303284,0.0009896009969164,0.001,False,128.0,128.0,,,SGD
train,,,,,,,168.74321150779724,8.0,452.0,3735.0,0.4858521223068237,0.9896001219749452,0.0009999975445866,0.001,False,128.0,128.0,,,SGD
train,,,,,,,168.78132557868958,8.0,453.0,3736.0,0.4735531508922577,0.9999990463256836,0.0009445495090676,0.001,False,128.0,128.0,,,SGD
train,,,,,,,168.82632517814636,8.0,454.0,3737.0,0.4446643590927124,0.9445483684539796,0.0008365744973116,0.001,False,128.0,128.0,,,SGD
train,,,,,,,168.86638355255127,8.0,455.0,3738.0,0.470937967300415,0.8365745544433594,0.0008997518465883,0.001,False,128.0,128.0,,,SGD
train,,,,,,,168.91034173965454,8.0,456.0,3739.0,0.5506582260131836,0.8997528553009033,0.0010000004790199,0.001,False,128.0,128.0,,,SGD
train,,,,,,,169.26559042930603,8.0,457.0,3740.0,0.4461024105548858,0.999999225139618,0.0008754315396427,0.001,False,128.0,128.0,,,SGD
train,,,,,,,169.31208038330078,8.0,458.0,3741.0,0.4882417023181915,0.8754311800003052,0.0010000000850574,0.001,False,128.0,128.0,,,SGD
train,,,,,,,169.3498764038086,8.0,459.0,3742.0,0.5708272457122803,0.9999991059303284,0.0010000015055311,0.001,False,128.0,128.0,,,SGD
train,,,,,,,169.38950037956238,8.0,460.0,3743.0,0.4760729372501373,0.9999991655349731,0.0010000005191545,0.001,False,128.0,128.0,,,SGD
train,,,,,,,169.42877054214478,8.0,461.0,3744.0,0.4710223972797394,0.9999991059303284,0.0009999983811413,0.001,False,128.0,128.0,,,SGD
train,,,,,,,169.4685184955597,8.0,462.0,3745.0,0.5335649847984314,0.9999991059303284,0.0009999965945659,0.001,False,128.0,128.0,,,SGD
train,,,,,,,169.50677514076233,8.0,463.0,3746.0,0.4711575210094452,0.999999225139618,0.0008238104539879,0.001,False,128.0,128.0,,,SGD
train,,,,,,,169.5448763370514,8.0,464.0,3747.0,0.5111232399940491,0.8238104581832886,0.0010000023098029,0.001,False,128.0,128.0,,,SGD
train,,,,,,,169.58773946762085,8.0,465.0,3748.0,0.464717149734497,0.9999991059303284,0.0010000002477051,0.001,False,128.0,128.0,,,SGD
train,,,,,,,169.6483690738678,8.0,466.0,3749.0,0.4058403074741363,0.9999991655349731,0.000894767963823,0.001,False,128.0,128.0,,,SGD
train,,,,,,,169.6962692737579,8.0,467.0,3750.0,0.5936320424079895,0.8947678208351135,0.0010000021891497,0.001,False,128.0,128.0,,,SGD
train,,,,,,,169.7382891178131,8.0,468.0,3751.0,0.5515749454498291,0.9999990463256836,0.000999999425668,0.001,False,128.0,128.0,,,SGD
train,,,,,,,169.77222895622253,8.0,469.0,3752.0,0.5334559082984924,0.9999990463256836,0.0009999959825532,0.001,False,128.0,128.0,,,SGD
eval,,,,,,,172.27323937416077,8.0,,3752.0,,,,,False,128.0,128.0,0.4745153535842895,0.8833,SGD
train,,,,,,,172.3230414390564,9.0,1.0,3753.0,0.4891529977321625,0.9999991059303284,0.000999997944462,0.001,False,128.0,128.0,,,SGD
train,,,,,,,172.3689684867859,9.0,2.0,3754.0,0.5879666805267334,0.9999991059303284,0.0009999968092838,0.001,False,128.0,128.0,,,SGD
train,,,,,,,172.4186656475067,9.0,3.0,3755.0,0.573826789855957,0.9999991655349731,0.001000000274739,0.001,False,128.0,128.0,,,SGD
train,,,,,,,172.46901941299438,9.0,4.0,3756.0,0.6027018427848816,0.999999225139618,0.0009999962592774,0.001,False,128.0,128.0,,,SGD
train,,,,,,,172.523845911026,9.0,5.0,3757.0,0.4427217543125152,0.9999991059303284,0.0009316770443026,0.001,False,128.0,128.0,,,SGD
train,,,,,,,172.5713279247284,9.0,6.0,3758.0,0.5523055195808411,0.9316747784614564,0.0010000004890119,0.001,False,128.0,128.0,,,SGD
train,,,,,,,172.62880897521973,9.0,7.0,3759.0,0.5256072878837585,0.9999991655349731,0.0009764028686434,0.001,False,128.0,128.0,,,SGD
train,,,,,,,172.67761254310608,9.0,8.0,3760.0,0.4523524045944214,0.976401686668396,0.0009770355848164,0.001,False,128.0,128.0,,,SGD
train,,,,,,,172.72894263267517,9.0,9.0,3761.0,0.4594845771789551,0.9770366549491882,0.0008793083579512,0.001,False,128.0,128.0,,,SGD
train,,,,,,,172.78350234031677,9.0,10.0,3762.0,0.5757637619972229,0.8793099522590637,0.0010000003275856,0.001,False,128.0,128.0,,,SGD
train,,,,,,,172.82852435112,9.0,11.0,3763.0,0.4267242550849914,0.9999993443489076,0.0009633086841426,0.001,False,128.0,128.0,,,SGD
train,,,,,,,172.8716390132904,9.0,12.0,3764.0,0.5536117553710938,0.9633082747459412,0.0009999963452645,0.001,False,128.0,128.0,,,SGD
train,,,,,,,172.9139084815979,9.0,13.0,3765.0,0.4481294155120849,0.9999989867210388,0.0009816106480879,0.001,False,128.0,128.0,,,SGD
train,,,,,,,172.95411491394043,9.0,14.0,3766.0,0.4935909211635589,0.981609582901001,0.0010000014358647,0.001,False,128.0,128.0,,,SGD
train,,,,,,,172.993022441864,9.0,15.0,3767.0,0.6260981559753418,0.9999990463256836,0.0009999980586487,0.001,False,128.0,128.0,,,SGD
train,,,,,,,173.037442445755,9.0,16.0,3768.0,0.5100584626197815,0.9999990463256836,0.0010000002137322,0.001,False,128.0,128.0,,,SGD
train,,,,,,,173.08847451210022,9.0,17.0,3769.0,0.4776454567909241,0.9999989867210388,0.0010000012305848,0.001,False,128.0,128.0,,,SGD
train,,,,,,,173.1393027305603,9.0,18.0,3770.0,0.5921506285667419,0.9999989867210388,0.0010000000777299,0.001,False,128.0,128.0,,,SGD
train,,,,,,,173.184472322464,9.0,19.0,3771.0,0.4161761999130249,0.9999991655349731,0.0009908084101278,0.001,False,128.0,128.0,,,SGD
train,,,,,,,173.22702956199646,9.0,20.0,3772.0,0.5475409626960754,0.9908093214035034,0.0009999978489549,0.001,False,128.0,128.0,,,SGD
train,,,,,,,173.28992581367493,9.0,21.0,3773.0,0.4778756499290466,0.9999990463256836,0.0009185080482374,0.001,False,128.0,128.0,,,SGD
train,,,,,,,173.34038186073303,9.0,22.0,3774.0,0.4496679306030273,0.9185091853141784,0.0009939935899292,0.001,False,128.0,128.0,,,SGD
train,,,,,,,173.38261675834656,9.0,23.0,3775.0,0.5729056596755981,0.993994414806366,0.000999998587088,0.001,False,128.0,128.0,,,SGD
train,,,,,,,173.42371773719788,9.0,24.0,3776.0,0.4123063683509826,0.999999225139618,0.0008806637772121,0.001,False,128.0,128.0,,,SGD
train,,,,,,,173.4768853187561,9.0,25.0,3777.0,0.5209683775901794,0.8806650638580322,0.0008888580092311,0.001,False,128.0,128.0,,,SGD
train,,,,,,,173.5181279182434,9.0,26.0,3778.0,0.4365185499191284,0.8888573050498962,0.0009530390400853,0.001,False,128.0,128.0,,,SGD
train,,,,,,,173.56232738494873,9.0,27.0,3779.0,0.4992730319499969,0.9530397057533264,0.0009122377347829,0.001,False,128.0,128.0,,,SGD
train,,,,,,,173.6045823097229,9.0,28.0,3780.0,0.4751113355159759,0.9122356176376344,0.001000000989167,0.001,False,128.0,128.0,,,SGD
train,,,,,,,173.641774892807,9.0,29.0,3781.0,0.5132914781570435,0.9999991059303284,0.0009374978330797,0.001,False,128.0,128.0,,,SGD
train,,,,,,,173.69466471672058,9.0,30.0,3782.0,0.6091631054878235,0.9374986886978148,0.0009999987178724,0.001,False,128.0,128.0,,,SGD
train,,,,,,,173.74648690223694,9.0,31.0,3783.0,0.4152716994285583,0.999999225139618,0.0009999990591831,0.001,False,128.0,128.0,,,SGD
train,,,,,,,173.7964928150177,9.0,32.0,3784.0,0.3865770399570465,0.9999991655349731,0.0007575744881719,0.001,False,128.0,128.0,,,SGD
train,,,,,,,173.86447834968567,9.0,33.0,3785.0,0.3745939135551452,0.7575740814208984,0.0008560732474538,0.001,False,128.0,128.0,,,SGD
train,,,,,,,173.91100573539734,9.0,34.0,3786.0,0.3735032379627228,0.8560752868652344,0.0009999997751941,0.001,False,128.0,128.0,,,SGD
train,,,,,,,173.95639967918396,9.0,35.0,3787.0,0.5491646528244019,0.9999991655349731,0.0009999985612198,0.001,False,128.0,128.0,,,SGD
train,,,,,,,173.9984736442566,9.0,36.0,3788.0,0.4384446740150451,0.9999990463256836,0.000900203766428,0.001,False,128.0,128.0,,,SGD
train,,,,,,,174.04931116104126,9.0,37.0,3789.0,0.5302833914756775,0.9002038836479187,0.0009928488342599,0.001,False,128.0,128.0,,,SGD
train,,,,,,,174.26700687408447,9.0,38.0,3790.0,0.5307908654212952,0.9928478598594666,0.0009586966847564,0.001,False,128.0,128.0,,,SGD
train,,,,,,,174.30800676345825,9.0,39.0,3791.0,0.3875125050544739,0.9586977362632751,0.0008726765429319,0.001,False,128.0,128.0,,,SGD
train,,,,,,,174.3464961051941,9.0,40.0,3792.0,0.6035030484199524,0.8726743459701538,0.0010000001705446,0.001,False,128.0,128.0,,,SGD
train,,,,,,,174.3839976787567,9.0,41.0,3793.0,0.3939309120178222,0.9999990463256836,0.0007876794690895,0.001,False,128.0,128.0,,,SGD
train,,,,,,,174.42424178123474,9.0,42.0,3794.0,0.4613877832889557,0.7876774072647095,0.0008979116296063,0.001,False,128.0,128.0,,,SGD
train,,,,,,,174.45728588104248,9.0,43.0,3795.0,0.4455311298370361,0.8979133367538452,0.0008732158858167,0.001,False,128.0,128.0,,,SGD
train,,,,,,,174.49121975898743,9.0,44.0,3796.0,0.407097190618515,0.8732166290283203,0.00099999885443,0.001,False,128.0,128.0,,,SGD
train,,,,,,,174.52777242660522,9.0,45.0,3797.0,0.5558605790138245,0.9999990463256836,0.0009999996760234,0.001,False,128.0,128.0,,,SGD
train,,,,,,,174.56155443191528,9.0,46.0,3798.0,0.5294620394706726,0.9999991059303284,0.0009999994475672,0.001,False,128.0,128.0,,,SGD
train,,,,,,,174.6045184135437,9.0,47.0,3799.0,0.3851653635501861,0.9999990463256836,0.0008172360057928,0.001,False,128.0,128.0,,,SGD
train,,,,,,,174.64399766921997,9.0,48.0,3800.0,0.4820400476455688,0.8172354102134705,0.0009999978465679,0.001,False,128.0,128.0,,,SGD
train,,,,,,,174.68479180336,9.0,49.0,3801.0,0.5314818024635315,0.9999992847442628,0.0009999992755103,0.001,False,128.0,128.0,,,SGD
train,,,,,,,174.7240264415741,9.0,50.0,3802.0,0.4230578243732452,0.9999992847442628,0.0009497379069841,0.001,False,128.0,128.0,,,SGD
train,,,,,,,174.7653341293335,9.0,51.0,3803.0,0.4903658926486969,0.9497365355491638,0.0009930336491416,0.001,False,128.0,128.0,,,SGD
train,,,,,,,174.80927896499634,9.0,52.0,3804.0,0.5042882561683655,0.993033766746521,0.0008896725986494,0.001,False,128.0,128.0,,,SGD
train,,,,,,,174.8492820262909,9.0,53.0,3805.0,0.4954847991466522,0.8896723985671997,0.0009999997214038,0.001,False,128.0,128.0,,,SGD
train,,,,,,,174.8845090866089,9.0,54.0,3806.0,0.663305938243866,0.999999225139618,0.0009999989527959,0.001,False,128.0,128.0,,,SGD
train,,,,,,,174.9237036705017,9.0,55.0,3807.0,0.5919046401977539,0.999999225139618,0.0009999973691154,0.001,False,128.0,128.0,,,SGD
train,,,,,,,174.9660906791687,9.0,56.0,3808.0,0.5584530234336853,0.9999993443489076,0.0010000003170385,0.001,False,128.0,128.0,,,SGD
train,,,,,,,175.00254940986633,9.0,57.0,3809.0,0.479462206363678,0.999999225139618,0.0009275974714492,0.001,False,128.0,128.0,,,SGD
train,,,,,,,175.04448127746582,9.0,58.0,3810.0,0.4259563684463501,0.9275984168052672,0.0009340861108794,0.001,False,128.0,128.0,,,SGD
train,,,,,,,175.08441710472107,9.0,59.0,3811.0,0.4239757061004638,0.9340872764587402,0.0009579792457418,0.001,False,128.0,128.0,,,SGD
train,,,,,,,175.12428331375122,9.0,60.0,3812.0,0.4358613193035126,0.9579771757125854,0.0008477741549561,0.001,False,128.0,128.0,,,SGD
train,,,,,,,175.16695427894592,9.0,61.0,3813.0,0.5113503932952881,0.8477756381034851,0.0008973844371495,0.001,False,128.0,128.0,,,SGD
train,,,,,,,175.20807528495789,9.0,62.0,3814.0,0.4534901082515716,0.8973832726478577,0.0007575671618247,0.001,False,128.0,128.0,,,SGD
train,,,,,,,175.24574661254883,9.0,63.0,3815.0,0.382085233926773,0.757568895816803,0.0009444920134738,0.001,False,128.0,128.0,,,SGD
train,,,,,,,175.28899025917053,9.0,64.0,3816.0,0.4197105765342712,0.9444894790649414,0.0009386860309984,0.001,False,128.0,128.0,,,SGD
train,,,,,,,175.32854056358337,9.0,65.0,3817.0,0.5353249907493591,0.938685953617096,0.0009999981376135,0.001,False,128.0,128.0,,,SGD
train,,,,,,,175.37307739257812,9.0,66.0,3818.0,0.5078482627868652,0.9999992847442628,0.0009999992807561,0.001,False,128.0,128.0,,,SGD
train,,,,,,,175.4155068397522,9.0,67.0,3819.0,0.4700321853160858,0.9999991655349731,0.0009999983158046,0.001,False,128.0,128.0,,,SGD
train,,,,,,,175.459331035614,9.0,68.0,3820.0,0.5014523267745972,0.9999990463256836,0.0009397037923924,0.001,False,128.0,128.0,,,SGD
train,,,,,,,175.50648546218872,9.0,69.0,3821.0,0.5054540634155273,0.9397041201591492,0.0009999982385884,0.001,False,128.0,128.0,,,SGD
train,,,,,,,175.54822731018066,9.0,70.0,3822.0,0.4185468852519989,0.9999990463256836,0.0009999984826436,0.001,False,128.0,128.0,,,SGD
train,,,,,,,175.59465503692627,9.0,71.0,3823.0,0.3800015449523926,0.9999990463256836,0.0010000015523825,0.001,False,128.0,128.0,,,SGD
train,,,,,,,175.63605189323425,9.0,72.0,3824.0,0.6242550611495972,0.9999991655349731,0.0009999958688659,0.001,False,128.0,128.0,,,SGD
train,,,,,,,175.67236495018005,9.0,73.0,3825.0,0.3750238120555877,0.9999991059303284,0.00080735721802,0.001,False,128.0,128.0,,,SGD
train,,,,,,,175.71264171600342,9.0,74.0,3826.0,0.3825806677341461,0.8073562383651733,0.000934325424321,0.001,False,128.0,128.0,,,SGD
train,,,,,,,175.75171375274658,9.0,75.0,3827.0,0.5429364442825317,0.9343261122703552,0.0009999992182505,0.001,False,128.0,128.0,,,SGD
train,,,,,,,175.79059052467346,9.0,76.0,3828.0,0.4437642395496368,0.9999991059303284,0.0009129804768856,0.001,False,128.0,128.0,,,SGD
train,,,,,,,175.831063747406,9.0,77.0,3829.0,0.4766655564308166,0.9129812121391296,0.0009999973716966,0.001,False,128.0,128.0,,,SGD
train,,,,,,,175.88251113891602,9.0,78.0,3830.0,0.4410819411277771,0.9999991655349731,0.0009456051038003,0.001,False,128.0,128.0,,,SGD
train,,,,,,,175.91769862174988,9.0,79.0,3831.0,0.4977777302265167,0.94560706615448,0.0009999981438307,0.001,False,128.0,128.0,,,SGD
train,,,,,,,175.9564061164856,9.0,80.0,3832.0,0.6028094291687012,0.9999991655349731,0.0009999999432819,0.001,False,128.0,128.0,,,SGD
train,,,,,,,175.99611806869507,9.0,81.0,3833.0,0.4548138976097107,0.9999990463256836,0.0009999993808983,0.001,False,128.0,128.0,,,SGD
train,,,,,,,176.03506588935852,9.0,82.0,3834.0,0.498655617237091,0.9999990463256836,0.0009918677378561,0.001,False,128.0,128.0,,,SGD
train,,,,,,,176.0809633731842,9.0,83.0,3835.0,0.5227853655815125,0.9918647408485411,0.0009999984798403,0.001,False,128.0,128.0,,,SGD
train,,,,,,,176.12723088264465,9.0,84.0,3836.0,0.4943030178546905,0.9999993443489076,0.0009790489324572,0.001,False,128.0,128.0,,,SGD
train,,,,,,,176.17029881477356,9.0,85.0,3837.0,0.5328235030174255,0.979049026966095,0.0009965569718279,0.001,False,128.0,128.0,,,SGD
train,,,,,,,176.21692991256714,9.0,86.0,3838.0,0.4670255482196808,0.9965567588806152,0.0008550273660923,0.001,False,128.0,128.0,,,SGD
train,,,,,,,176.27334356307983,9.0,87.0,3839.0,0.6233268976211548,0.8550280928611755,0.0009999965382219,0.001,False,128.0,128.0,,,SGD
train,,,,,,,176.31773614883423,9.0,88.0,3840.0,0.465996652841568,0.9999990463256836,0.0009486782891155,0.001,False,128.0,128.0,,,SGD
train,,,,,,,176.36451601982117,9.0,89.0,3841.0,0.5027819871902466,0.9486780166625975,0.0009814564067294,0.001,False,128.0,128.0,,,SGD
train,,,,,,,176.40415239334106,9.0,90.0,3842.0,0.5138404369354248,0.9814586043357848,0.0010000009166973,0.001,False,128.0,128.0,,,SGD
train,,,,,,,176.44603514671326,9.0,91.0,3843.0,0.3775786459445953,0.9999991059303284,0.0008639156359979,0.001,False,128.0,128.0,,,SGD
train,,,,,,,176.48481559753418,9.0,92.0,3844.0,0.5260881185531616,0.8639154434204102,0.0009999987447954,0.001,False,128.0,128.0,,,SGD
train,,,,,,,176.52576875686646,9.0,93.0,3845.0,0.4643637835979461,0.9999991059303284,0.0010000005454112,0.001,False,128.0,128.0,,,SGD
train,,,,,,,176.5622055530548,9.0,94.0,3846.0,0.3623533248901367,0.9999991059303284,0.0008785660769981,0.001,False,128.0,128.0,,,SGD
train,,,,,,,176.86869883537292,9.0,95.0,3847.0,0.5575106739997864,0.8785677552223206,0.0009999995611431,0.001,False,128.0,128.0,,,SGD
train,,,,,,,176.91107153892517,9.0,96.0,3848.0,0.4255844950675964,0.9999991655349731,0.0009058641656738,0.001,False,128.0,128.0,,,SGD
train,,,,,,,176.9495964050293,9.0,97.0,3849.0,0.4385661482810974,0.9058651328086852,0.0009022999732786,0.001,False,128.0,128.0,,,SGD
train,,,,,,,176.99260687828064,9.0,98.0,3850.0,0.4230940043926239,0.902299702167511,0.0009413606916919,0.001,False,128.0,128.0,,,SGD
train,,,,,,,177.03977274894714,9.0,99.0,3851.0,0.4161491692066192,0.9413613080978394,0.0008900015188411,0.001,False,128.0,128.0,,,SGD
train,,,,,,,177.08456587791443,9.0,100.0,3852.0,0.5166468620300293,0.8900015354156494,0.0009999993385432,0.001,False,128.0,128.0,,,SGD
train,,,,,,,177.12453818321228,9.0,101.0,3853.0,0.4343205392360687,0.9999989867210388,0.0008541191331377,0.001,False,128.0,128.0,,,SGD
train,,,,,,,177.16572904586792,9.0,102.0,3854.0,0.4554283916950226,0.8541199564933777,0.0009999989134385,0.001,False,128.0,128.0,,,SGD
train,,,,,,,177.20349860191345,9.0,103.0,3855.0,0.4121361076831817,0.999999225139618,0.000965985187761,0.001,False,128.0,128.0,,,SGD
train,,,,,,,177.24648308753967,9.0,104.0,3856.0,0.4962780475616455,0.9659841656684875,0.0010000023400842,0.001,False,128.0,128.0,,,SGD
train,,,,,,,177.28797698020935,9.0,105.0,3857.0,0.4849144220352173,0.9999991059303284,0.0010000005964537,0.001,False,128.0,128.0,,,SGD
train,,,,,,,177.32619380950928,9.0,106.0,3858.0,0.4519650638103485,0.9999990463256836,0.0009999995847353,0.001,False,128.0,128.0,,,SGD
train,,,,,,,177.3676347732544,9.0,107.0,3859.0,0.5752922892570496,0.9999991059303284,0.0009999975576317,0.001,False,128.0,128.0,,,SGD
train,,,,,,,177.4065592288971,9.0,108.0,3860.0,0.4239233434200287,0.9999991655349731,0.0007894665702398,0.001,False,128.0,128.0,,,SGD
train,,,,,,,177.44849228858948,9.0,109.0,3861.0,0.5434097647666931,0.7894659042358398,0.0010000008109209,0.001,False,128.0,128.0,,,SGD
train,,,,,,,177.48638916015625,9.0,110.0,3862.0,0.565146803855896,0.9999989867210388,0.0009999995909526,0.001,False,128.0,128.0,,,SGD
train,,,,,,,177.52955985069275,9.0,111.0,3863.0,0.5844652056694031,0.9999991655349731,0.000999997524436,0.001,False,128.0,128.0,,,SGD
train,,,,,,,177.57240509986875,9.0,112.0,3864.0,0.5906316041946411,0.9999991059303284,0.0009999990021454,0.001,False,128.0,128.0,,,SGD
train,,,,,,,177.61053085327148,9.0,113.0,3865.0,0.5502485036849976,0.9999989867210388,0.000999998446145,0.001,False,128.0,128.0,,,SGD
train,,,,,,,177.65009784698486,9.0,114.0,3866.0,0.4335918426513672,0.9999990463256836,0.0009262402237911,0.001,False,128.0,128.0,,,SGD
train,,,,,,,177.69662261009216,9.0,115.0,3867.0,0.5461717844009399,0.9262390732765198,0.0009349302656286,0.001,False,128.0,128.0,,,SGD
train,,,,,,,177.73488354682922,9.0,116.0,3868.0,0.4584955871105194,0.9349298477172852,0.0008998687701609,0.001,False,128.0,128.0,,,SGD
train,,,,,,,177.77225494384766,9.0,117.0,3869.0,0.5022156834602356,0.8998689651489258,0.0009999983859708,0.001,False,128.0,128.0,,,SGD
train,,,,,,,177.8151080608368,9.0,118.0,3870.0,0.4527473449707031,0.9999991655349731,0.0008858036964818,0.001,False,128.0,128.0,,,SGD
train,,,,,,,177.8602638244629,9.0,119.0,3871.0,0.4727266728878021,0.8858026266098022,0.0010000021183176,0.001,False,128.0,128.0,,,SGD
train,,,,,,,177.9002275466919,9.0,120.0,3872.0,0.4909701347351074,0.9999991655349731,0.0008959206474529,0.001,False,128.0,128.0,,,SGD
train,,,,,,,177.94046902656555,9.0,121.0,3873.0,0.4391959607601166,0.8959190845489502,0.0009255111841879,0.001,False,128.0,128.0,,,SGD
train,,,,,,,177.97832441329956,9.0,122.0,3874.0,0.4140215516090393,0.9255136847496032,0.0009999990892425,0.001,False,128.0,128.0,,,SGD
train,,,,,,,178.01922965049744,9.0,123.0,3875.0,0.4593934416770935,0.9999991059303284,0.0007752309279318,0.001,False,128.0,128.0,,,SGD
train,,,,,,,178.06230568885803,9.0,124.0,3876.0,0.5258461236953735,0.7752317786216736,0.0009999998102217,0.001,False,128.0,128.0,,,SGD
train,,,,,,,178.10253071784973,9.0,125.0,3877.0,0.6269329190254211,0.999999225139618,0.0010000014240409,0.001,False,128.0,128.0,,,SGD
train,,,,,,,178.14055848121643,9.0,126.0,3878.0,0.4038080275058746,0.9999992847442628,0.0009135420449591,0.001,False,128.0,128.0,,,SGD
train,,,,,,,178.1856825351715,9.0,127.0,3879.0,0.5424913763999939,0.9135438203811646,0.0010000008432839,0.001,False,128.0,128.0,,,SGD
train,,,,,,,178.2267026901245,9.0,128.0,3880.0,0.4368523061275482,0.9999991655349731,0.0009999980419953,0.001,False,128.0,128.0,,,SGD
train,,,,,,,178.27223753929138,9.0,129.0,3881.0,0.3931654393672943,0.9999990463256836,0.000781572018402,0.001,False,128.0,128.0,,,SGD
train,,,,,,,178.3120505809784,9.0,130.0,3882.0,0.4871917068958282,0.7815689444541931,0.0009761824405787,0.001,False,128.0,128.0,,,SGD
train,,,,,,,178.35398769378662,9.0,131.0,3883.0,0.4295646846294403,0.9761828780174256,0.0008964361066032,0.001,False,128.0,128.0,,,SGD
train,,,,,,,178.3972566127777,9.0,132.0,3884.0,0.5373198390007019,0.8964375853538513,0.0009999986670797,0.001,False,128.0,128.0,,,SGD
train,,,,,,,178.44317770004272,9.0,133.0,3885.0,0.4587131142616272,0.9999991059303284,0.0009999990932393,0.001,False,128.0,128.0,,,SGD
train,,,,,,,178.49049711227417,9.0,134.0,3886.0,0.4757236838340759,0.9999991655349731,0.000999997620748,0.001,False,128.0,128.0,,,SGD
train,,,,,,,178.53278851509094,9.0,135.0,3887.0,0.4003824889659881,0.9999991059303284,0.0007901420103112,0.001,False,128.0,128.0,,,SGD
train,,,,,,,178.5732820034027,9.0,136.0,3888.0,0.4110045135021209,0.7901420593261719,0.0009248408874947,0.001,False,128.0,128.0,,,SGD
train,,,,,,,178.61367964744568,9.0,137.0,3889.0,0.5054063200950623,0.924841046333313,0.0010000022049981,0.001,False,128.0,128.0,,,SGD
train,,,,,,,178.65851259231567,9.0,138.0,3890.0,0.4553526639938354,0.9999991059303284,0.0010000002921417,0.001,False,128.0,128.0,,,SGD
train,,,,,,,178.69823694229126,9.0,139.0,3891.0,0.4534783065319061,0.9999991655349731,0.00088894652503,0.001,False,128.0,128.0,,,SGD
train,,,,,,,178.73961281776428,9.0,140.0,3892.0,0.4790993630886078,0.888947069644928,0.0008981476764143,0.001,False,128.0,128.0,,,SGD
train,,,,,,,178.7799792289734,9.0,141.0,3893.0,0.4445285499095917,0.8981488347053528,0.0010000005025567,0.001,False,128.0,128.0,,,SGD
train,,,,,,,178.82117199897766,9.0,142.0,3894.0,0.5389338731765747,0.9999991059303284,0.0008611813117454,0.001,False,128.0,128.0,,,SGD
train,,,,,,,178.8703329563141,9.0,143.0,3895.0,0.4946200251579284,0.8611792922019958,0.000964505450091,0.001,False,128.0,128.0,,,SGD
train,,,,,,,178.91076469421387,9.0,144.0,3896.0,0.4114269316196441,0.9645043611526488,0.0008444321934601,0.001,False,128.0,128.0,,,SGD
train,,,,,,,178.94981503486633,9.0,145.0,3897.0,0.4511204957962036,0.8444331288337708,0.0008804261114304,0.001,False,128.0,128.0,,,SGD
train,,,,,,,178.99437046051025,9.0,146.0,3898.0,0.320706844329834,0.8804274797439575,0.0009096142844006,0.001,False,128.0,128.0,,,SGD
train,,,,,,,179.03861212730408,9.0,147.0,3899.0,0.3737446963787079,0.9096131920814514,0.0008338709513109,0.001,False,128.0,128.0,,,SGD
train,,,,,,,179.08358526229858,9.0,148.0,3900.0,0.4222596883773803,0.833870530128479,0.0009642548213768,0.001,False,128.0,128.0,,,SGD
train,,,,,,,179.12024664878845,9.0,149.0,3901.0,0.4598029255867004,0.9642518162727356,0.0008456786133898,0.001,False,128.0,128.0,,,SGD
train,,,,,,,179.1563069820404,9.0,150.0,3902.0,0.4966412782669067,0.8456776738166809,0.000968605842825,0.001,False,128.0,128.0,,,SGD
train,,,,,,,179.19530272483826,9.0,151.0,3903.0,0.4751831591129303,0.9686068296432496,0.0009735756209325,0.001,False,128.0,128.0,,,SGD
train,,,,,,,179.24589371681213,9.0,152.0,3904.0,0.4853879809379577,0.9735729694366456,0.0009355524018555,0.001,False,128.0,128.0,,,SGD
train,,,,,,,179.2927849292755,9.0,153.0,3905.0,0.5383550524711609,0.9355526566505432,0.0009845698431266,0.001,False,128.0,128.0,,,SGD
train,,,,,,,179.33316373825073,9.0,154.0,3906.0,0.4914947152137756,0.9845716953277588,0.0009743020072372,0.001,False,128.0,128.0,,,SGD
train,,,,,,,179.37678742408752,9.0,155.0,3907.0,0.441869169473648,0.9743006825447084,0.0007851693663345,0.001,False,128.0,128.0,,,SGD
train,,,,,,,179.42267990112305,9.0,156.0,3908.0,0.4899217784404754,0.7851686477661133,0.0010000025256575,0.001,False,128.0,128.0,,,SGD
train,,,,,,,179.45869708061218,9.0,157.0,3909.0,0.6357808113098145,0.999999225139618,0.0009999999723698,0.001,False,128.0,128.0,,,SGD
train,,,,,,,179.49354362487793,9.0,158.0,3910.0,0.4550417065620422,0.9999991655349731,0.0009999999357879,0.001,False,128.0,128.0,,,SGD
train,,,,,,,179.5285358428955,9.0,159.0,3911.0,0.5282313227653503,0.999999225139618,0.0009999975203836,0.001,False,128.0,128.0,,,SGD
train,,,,,,,179.56348705291748,9.0,160.0,3912.0,0.4815838932991028,0.9999991655349731,0.0009485645039165,0.001,False,128.0,128.0,,,SGD
train,,,,,,,179.60328078269958,9.0,161.0,3913.0,0.4214506447315216,0.9485636353492736,0.0009407747551111,0.001,False,128.0,128.0,,,SGD
train,,,,,,,179.63938856124878,9.0,162.0,3914.0,0.5211673378944397,0.9407753348350524,0.0009999976036228,0.001,False,128.0,128.0,,,SGD
train,,,,,,,179.67790508270264,9.0,163.0,3915.0,0.3892152607440948,0.9999991059303284,0.0009303699712388,0.001,False,128.0,128.0,,,SGD
train,,,,,,,179.71555590629578,9.0,164.0,3916.0,0.3507843613624573,0.9303690791130066,0.0009675143545668,0.001,False,128.0,128.0,,,SGD
train,,,,,,,179.75719499588013,9.0,165.0,3917.0,0.4947769343852997,0.9675152897834778,0.0008994847982825,0.001,False,128.0,128.0,,,SGD
train,,,,,,,179.79813265800476,9.0,166.0,3918.0,0.4850621819496155,0.89948570728302,0.0009771968106777,0.001,False,128.0,128.0,,,SGD
train,,,,,,,179.83640122413635,9.0,167.0,3919.0,0.4930397272109985,0.9771979451179504,0.0009990355771839,0.001,False,128.0,128.0,,,SGD
train,,,,,,,179.87983632087708,9.0,168.0,3920.0,0.4534016251564026,0.9990338087081908,0.0008575288162764,0.001,False,128.0,128.0,,,SGD
train,,,,,,,179.9258255958557,9.0,169.0,3921.0,0.3762192130088806,0.8575292825698853,0.0010000015006462,0.001,False,128.0,128.0,,,SGD
train,,,,,,,179.9683666229248,9.0,170.0,3922.0,0.5187271237373352,0.9999991059303284,0.0008994977307012,0.001,False,128.0,128.0,,,SGD
train,,,,,,,180.00743913650513,9.0,171.0,3923.0,0.4582888484001159,0.8994977474212646,0.0009724926600471,0.001,False,128.0,128.0,,,SGD
train,,,,,,,180.0522894859314,9.0,172.0,3924.0,0.469773530960083,0.972492516040802,0.0010000004841547,0.001,False,128.0,128.0,,,SGD
train,,,,,,,180.10162544250488,9.0,173.0,3925.0,0.3558365106582641,0.9999991655349731,0.0008930681941201,0.001,False,128.0,128.0,,,SGD
train,,,,,,,180.1392092704773,9.0,174.0,3926.0,0.3565554022789001,0.8930686712265015,0.0009364067907406,0.001,False,128.0,128.0,,,SGD
train,,,,,,,180.1775853633881,9.0,175.0,3927.0,0.4143964350223541,0.9364038705825806,0.0009508589297076,0.001,False,128.0,128.0,,,SGD
train,,,,,,,180.21423077583316,9.0,176.0,3928.0,0.4489294588565826,0.9508571028709412,0.0010000002865628,0.001,False,128.0,128.0,,,SGD
train,,,,,,,180.257071018219,9.0,177.0,3929.0,0.5631572604179382,0.9999991059303284,0.000955267142294,0.001,False,128.0,128.0,,,SGD
train,,,,,,,180.3008589744568,9.0,178.0,3930.0,0.5094988346099854,0.9552667140960692,0.0010000008193586,0.001,False,128.0,128.0,,,SGD
train,,,,,,,180.35188937187195,9.0,179.0,3931.0,0.4853805303573608,0.9999991059303284,0.0010000002630261,0.001,False,128.0,128.0,,,SGD
train,,,,,,,180.396146774292,9.0,180.0,3932.0,0.6559080481529236,0.9999990463256836,0.0009999997634813,0.001,False,128.0,128.0,,,SGD
train,,,,,,,180.44152164459229,9.0,181.0,3933.0,0.4891684353351593,0.999999225139618,0.0008939875132839,0.001,False,128.0,128.0,,,SGD
train,,,,,,,180.49658060073853,9.0,182.0,3934.0,0.4771382808685303,0.8939874172210693,0.0008770726520615,0.001,False,128.0,128.0,,,SGD
train,,,,,,,180.5450119972229,9.0,183.0,3935.0,0.4842981100082397,0.8770738840103149,0.0009999981447189,0.001,False,128.0,128.0,,,SGD
train,,,,,,,180.587304353714,9.0,184.0,3936.0,0.4282915592193603,0.9999991655349731,0.0008839827158744,0.001,False,128.0,128.0,,,SGD
train,,,,,,,180.6325328350067,9.0,185.0,3937.0,0.458521157503128,0.8839831948280334,0.0009999990750871,0.001,False,128.0,128.0,,,SGD
train,,,,,,,180.67223262786865,9.0,186.0,3938.0,0.3914806246757507,0.9999992847442628,0.0008494638985255,0.001,False,128.0,128.0,,,SGD
train,,,,,,,180.71793675422668,9.0,187.0,3939.0,0.4219726324081421,0.8494647145271301,0.0009842272100986,0.001,False,128.0,128.0,,,SGD
train,,,,,,,180.7688879966736,9.0,188.0,3940.0,0.5270129442214966,0.9842256307601928,0.0009999981278435,0.001,False,128.0,128.0,,,SGD
train,,,,,,,180.82368087768555,9.0,189.0,3941.0,0.4850147366523742,0.9999991655349731,0.0009999982458604,0.001,False,128.0,128.0,,,SGD
train,,,,,,,180.87081265449524,9.0,190.0,3942.0,0.6960019469261169,0.999999225139618,0.0009999980731371,0.001,False,128.0,128.0,,,SGD
train,,,,,,,180.91349840164185,9.0,191.0,3943.0,0.4140007197856903,0.9999992847442628,0.0009058211134648,0.001,False,128.0,128.0,,,SGD
train,,,,,,,180.9585926532745,9.0,192.0,3944.0,0.4208506941795349,0.9058200716972352,0.0010000000219967,0.001,False,128.0,128.0,,,SGD
train,,,,,,,180.997638463974,9.0,193.0,3945.0,0.5346097946166992,0.999999225139618,0.000999999347536,0.001,False,128.0,128.0,,,SGD
train,,,,,,,181.0388720035553,9.0,194.0,3946.0,0.5949134230613708,0.9999989867210388,0.0009999963667751,0.001,False,128.0,128.0,,,SGD
train,,,,,,,181.07540321350095,9.0,195.0,3947.0,0.5065897703170776,0.9999991059303284,0.0009810010178175,0.001,False,128.0,128.0,,,SGD
train,,,,,,,181.1184287071228,9.0,196.0,3948.0,0.4721376299858093,0.9809984564781188,0.0009862727326114,0.001,False,128.0,128.0,,,SGD
train,,,,,,,181.15973806381223,9.0,197.0,3949.0,0.4693805575370788,0.9862720966339112,0.0008773774664792,0.001,False,128.0,128.0,,,SGD
train,,,,,,,181.20296382904053,9.0,198.0,3950.0,0.454387903213501,0.87737637758255,0.0010000000199983,0.001,False,128.0,128.0,,,SGD
train,,,,,,,181.24952220916748,9.0,199.0,3951.0,0.4622853100299835,0.999999225139618,0.0008805069364383,0.001,False,128.0,128.0,,,SGD
train,,,,,,,181.2961277961731,9.0,200.0,3952.0,0.5403252840042114,0.8805069327354431,0.0010000006834951,0.001,False,128.0,128.0,,,SGD
train,,,,,,,181.33347916603088,9.0,201.0,3953.0,0.429383784532547,0.9999991655349731,0.0008881868604974,0.001,False,128.0,128.0,,,SGD
train,,,,,,,181.37578511238095,9.0,202.0,3954.0,0.3868632614612579,0.8881874680519104,0.0009588019271142,0.001,False,128.0,128.0,,,SGD
train,,,,,,,181.4209761619568,9.0,203.0,3955.0,0.5010923743247986,0.958800733089447,0.0009999985251375,0.001,False,128.0,128.0,,,SGD
train,,,,,,,181.46481275558472,9.0,204.0,3956.0,0.3915412127971649,0.9999991059303284,0.001000000687825,0.001,False,128.0,128.0,,,SGD
train,,,,,,,181.51086401939392,9.0,205.0,3957.0,0.669562041759491,0.9999991059303284,0.0009999989202663,0.001,False,128.0,128.0,,,SGD
train,,,,,,,181.55518078804016,9.0,206.0,3958.0,0.5582585334777832,0.999999225139618,0.0009999984320451,0.001,False,128.0,128.0,,,SGD
train,,,,,,,181.6017866134644,9.0,207.0,3959.0,0.5080259442329407,0.9999991655349731,0.0008983842171576,0.001,False,128.0,128.0,,,SGD
train,,,,,,,181.65856790542605,9.0,208.0,3960.0,0.5218383073806763,0.8983845710754395,0.0009999997764709,0.001,False,128.0,128.0,,,SGD
train,,,,,,,181.70730590820312,9.0,209.0,3961.0,0.5190004110336304,0.999999225139618,0.0008822185554403,0.001,False,128.0,128.0,,,SGD
train,,,,,,,181.7553424835205,9.0,210.0,3962.0,0.4470005929470062,0.8822188973426819,0.0008947077303192,0.001,False,128.0,128.0,,,SGD
train,,,,,,,181.79911494255063,9.0,211.0,3963.0,0.5420483350753784,0.8947093486785889,0.0009999993092333,0.001,False,128.0,128.0,,,SGD
train,,,,,,,181.8476860523224,9.0,212.0,3964.0,0.4578938782215118,0.9999991059303284,0.0009607282539056,0.001,False,128.0,128.0,,,SGD
train,,,,,,,181.89298796653748,9.0,213.0,3965.0,0.4533456265926361,0.960727035999298,0.0008376534849057,0.001,False,128.0,128.0,,,SGD
train,,,,,,,181.9421937465668,9.0,214.0,3966.0,0.4538778960704803,0.8376533389091492,0.0009999995550924,0.001,False,128.0,128.0,,,SGD
train,,,,,,,181.9909212589264,9.0,215.0,3967.0,0.5236400365829468,0.9999991655349731,0.000999999419201,0.001,False,128.0,128.0,,,SGD
train,,,,,,,182.03821349143985,9.0,216.0,3968.0,0.4704565703868866,0.9999990463256836,0.0009999987216472,0.001,False,128.0,128.0,,,SGD
train,,,,,,,182.07949233055115,9.0,217.0,3969.0,0.5695279836654663,0.9999991059303284,0.0009999992125883,0.001,False,128.0,128.0,,,SGD
train,,,,,,,182.12323880195615,9.0,218.0,3970.0,0.5921814441680908,0.9999991655349731,0.0009834306554448,0.001,False,128.0,128.0,,,SGD
train,,,,,,,182.16487908363345,9.0,219.0,3971.0,0.4889221787452698,0.9834307432174684,0.0010000002347154,0.001,False,128.0,128.0,,,SGD
train,,,,,,,182.2067048549652,9.0,220.0,3972.0,0.6187127232551575,0.9999991655349731,0.0010000003246712,0.001,False,128.0,128.0,,,SGD
train,,,,,,,182.2554054260254,9.0,221.0,3973.0,0.418094277381897,0.9999991059303284,0.0009999990936556,0.001,False,128.0,128.0,,,SGD
train,,,,,,,182.2997989654541,9.0,222.0,3974.0,0.6644800901412964,0.9999991655349731,0.0009999978264173,0.001,False,128.0,128.0,,,SGD
train,,,,,,,182.34540843963623,9.0,223.0,3975.0,0.4652220606803894,0.9999991655349731,0.0009999980575662,0.001,False,128.0,128.0,,,SGD
train,,,,,,,182.3887243270874,9.0,224.0,3976.0,0.4758226275444031,0.9999991059303284,0.0009999997038345,0.001,False,128.0,128.0,,,SGD
train,,,,,,,182.4341917037964,9.0,225.0,3977.0,0.4972935616970062,0.999999225139618,0.0009544082750138,0.001,False,128.0,128.0,,,SGD
train,,,,,,,182.48349046707156,9.0,226.0,3978.0,0.3864979445934295,0.9544081091880798,0.0008330088124204,0.001,False,128.0,128.0,,,SGD
train,,,,,,,182.52949213981628,9.0,227.0,3979.0,0.4213622212409973,0.8330084681510925,0.0008541736230082,0.001,False,128.0,128.0,,,SGD
train,,,,,,,182.57246136665344,9.0,228.0,3980.0,0.4685776829719543,0.8541743755340576,0.0010000005753872,0.001,False,128.0,128.0,,,SGD
train,,,,,,,182.6168303489685,9.0,229.0,3981.0,0.4809562563896179,0.999999225139618,0.0008828251927463,0.001,False,128.0,128.0,,,SGD
train,,,,,,,182.65778636932373,9.0,230.0,3982.0,0.4873066842556,0.8828243613243103,0.0009441791478835,0.001,False,128.0,128.0,,,SGD
train,,,,,,,182.70620346069336,9.0,231.0,3983.0,0.4668788909912109,0.9441799521446228,0.0009999971651113,0.001,False,128.0,128.0,,,SGD
train,,,,,,,182.7757954597473,9.0,232.0,3984.0,0.5082182884216309,0.9999991655349731,0.0009409279377323,0.001,False,128.0,128.0,,,SGD
train,,,,,,,182.8853805065155,9.0,233.0,3985.0,0.3915075063705444,0.9409271478652954,0.0008217101408582,0.001,False,128.0,128.0,,,SGD
train,,,,,,,183.0735394954681,9.0,234.0,3986.0,0.4993878006935119,0.8217107057571411,0.0009999986708822,0.001,False,128.0,128.0,,,SGD
train,,,,,,,183.11648273468015,9.0,235.0,3987.0,0.4565691351890564,0.9999991059303284,0.0008660968438176,0.001,False,128.0,128.0,,,SGD
train,,,,,,,183.15332317352292,9.0,236.0,3988.0,0.5961312651634216,0.8660956621170044,0.0010000019670223,0.001,False,128.0,128.0,,,SGD
train,,,,,,,183.1912806034088,9.0,237.0,3989.0,0.4946288168430328,0.999999225139618,0.000987562300195,0.001,False,128.0,128.0,,,SGD
train,,,,,,,183.2320458889008,9.0,238.0,3990.0,0.4526094496250152,0.9875635504722596,0.0009999986878964,0.001,False,128.0,128.0,,,SGD
train,,,,,,,183.27172589302063,9.0,239.0,3991.0,0.4657393097877502,0.999999225139618,0.0009999978072659,0.001,False,128.0,128.0,,,SGD
train,,,,,,,183.3083109855652,9.0,240.0,3992.0,0.5278369188308716,0.9999991059303284,0.001000000688963,0.001,False,128.0,128.0,,,SGD
train,,,,,,,183.35400891304016,9.0,241.0,3993.0,0.4856660962104797,0.9999991655349731,0.000999998912578,0.001,False,128.0,128.0,,,SGD
train,,,,,,,183.4009714126587,9.0,242.0,3994.0,0.4550293385982513,0.9999991059303284,0.0009999992861962,0.001,False,128.0,128.0,,,SGD
train,,,,,,,183.44008612632751,9.0,243.0,3995.0,0.4352067112922668,0.9999991655349731,0.0009026379799035,0.001,False,128.0,128.0,,,SGD
train,,,,,,,183.47971510887143,9.0,244.0,3996.0,0.5757266879081726,0.9026360511779784,0.0010000012037729,0.001,False,128.0,128.0,,,SGD
train,,,,,,,183.5178592205048,9.0,245.0,3997.0,0.5736336708068848,0.999999225139618,0.0009999980979784,0.001,False,128.0,128.0,,,SGD
train,,,,,,,183.56070065498352,9.0,246.0,3998.0,0.5716750025749207,0.9999991655349731,0.0010000003994447,0.001,False,128.0,128.0,,,SGD
train,,,,,,,183.6026520729065,9.0,247.0,3999.0,0.414910078048706,0.9999991059303284,0.0009999994457631,0.001,False,128.0,128.0,,,SGD
train,,,,,,,183.64348149299624,9.0,248.0,4000.0,0.422899067401886,0.9999991655349731,0.0009999983936313,0.001,False,128.0,128.0,,,SGD
train,,,,,,,183.6887216567993,9.0,249.0,4001.0,0.5035009384155273,0.9999991655349731,0.000999999250558,0.001,False,128.0,128.0,,,SGD
train,,,,,,,183.72936367988584,9.0,250.0,4002.0,0.4906166791915893,0.9999990463256836,0.0010000015241551,0.001,False,128.0,128.0,,,SGD
train,,,,,,,183.7749297618866,9.0,251.0,4003.0,0.4317346811294555,0.9999991655349731,0.0009802072271464,0.001,False,128.0,128.0,,,SGD
train,,,,,,,183.8179497718811,9.0,252.0,4004.0,0.4186255633831024,0.9802064895629884,0.0008325451089068,0.001,False,128.0,128.0,,,SGD
train,,,,,,,183.85327053070068,9.0,253.0,4005.0,0.4796538054943084,0.8325436115264893,0.0009999975883572,0.001,False,128.0,128.0,,,SGD
train,,,,,,,183.90123748779297,9.0,254.0,4006.0,0.3928918540477752,0.9999992847442628,0.0007926734268814,0.001,False,128.0,128.0,,,SGD
train,,,,,,,183.9495849609375,9.0,255.0,4007.0,0.5148390531539917,0.7926733493804932,0.0009999985170883,0.001,False,128.0,128.0,,,SGD
train,,,,,,,183.99661302566528,9.0,256.0,4008.0,0.5390393733978271,0.9999993443489076,0.0010000004143911,0.001,False,128.0,128.0,,,SGD
train,,,,,,,184.0335030555725,9.0,257.0,4009.0,0.56830894947052,0.9999991059303284,0.0010000000736776,0.001,False,128.0,128.0,,,SGD
train,,,,,,,184.0713813304901,9.0,258.0,4010.0,0.3702534735202789,0.9999991655349731,0.0008218832181231,0.001,False,128.0,128.0,,,SGD
train,,,,,,,184.1172432899475,9.0,259.0,4011.0,0.4748382866382599,0.8218827247619629,0.0009999985050979,0.001,False,128.0,128.0,,,SGD
train,,,,,,,184.1568458080292,9.0,260.0,4012.0,0.460328072309494,0.9999991655349731,0.0010000003003851,0.001,False,128.0,128.0,,,SGD
train,,,,,,,184.1967318058014,9.0,261.0,4013.0,0.3728602826595306,0.9999991059303284,0.0009117414600389,0.001,False,128.0,128.0,,,SGD
train,,,,,,,184.23738646507263,9.0,262.0,4014.0,0.4233676493167877,0.9117404818534852,0.0009999964586742,0.001,False,128.0,128.0,,,SGD
train,,,,,,,184.27728986740112,9.0,263.0,4015.0,0.4970709681510925,0.9999989867210388,0.0010000003656107,0.001,False,128.0,128.0,,,SGD
train,,,,,,,184.3142237663269,9.0,264.0,4016.0,0.4367317259311676,0.9999992847442628,0.0008692314744088,0.001,False,128.0,128.0,,,SGD
train,,,,,,,184.35325980186465,9.0,265.0,4017.0,0.3489909768104553,0.8692323565483093,0.0008979358542139,0.001,False,128.0,128.0,,,SGD
train,,,,,,,184.39458560943604,9.0,266.0,4018.0,0.5796921253204346,0.8979359269142151,0.001000000662734,0.001,False,128.0,128.0,,,SGD
train,,,,,,,184.4317889213562,9.0,267.0,4019.0,0.5216337442398071,0.9999992847442628,0.0009999987433799,0.001,False,128.0,128.0,,,SGD
train,,,,,,,184.4727067947388,9.0,268.0,4020.0,0.5600727200508118,0.9999991655349731,0.000912064417446,0.001,False,128.0,128.0,,,SGD
train,,,,,,,184.50920462608337,9.0,269.0,4021.0,0.6389058828353882,0.9120636582374572,0.000999998123014,0.001,False,128.0,128.0,,,SGD
train,,,,,,,184.54716849327087,9.0,270.0,4022.0,0.6802304983139038,0.999999225139618,0.0009999984408714,0.001,False,128.0,128.0,,,SGD
train,,,,,,,184.58865070343015,9.0,271.0,4023.0,0.3917012512683868,0.9999991059303284,0.0010000005538489,0.001,False,128.0,128.0,,,SGD
train,,,,,,,184.62946128845212,9.0,272.0,4024.0,0.5126931667327881,0.9999990463256836,0.0009796545637893,0.001,False,128.0,128.0,,,SGD
train,,,,,,,184.6690788269043,9.0,273.0,4025.0,0.4002462327480316,0.9796528220176696,0.000995665303824,0.001,False,128.0,128.0,,,SGD
train,,,,,,,184.71362566947937,9.0,274.0,4026.0,0.4858102798461914,0.9956647753715516,0.0008075119490358,0.001,False,128.0,128.0,,,SGD
train,,,,,,,184.75876116752625,9.0,275.0,4027.0,0.5200721621513367,0.8075099587440491,0.000999997647449,0.001,False,128.0,128.0,,,SGD
train,,,,,,,184.79714465141296,9.0,276.0,4028.0,0.4310208261013031,0.9999991059303284,0.0008356493733963,0.001,False,128.0,128.0,,,SGD
train,,,,,,,184.83985877037048,9.0,277.0,4029.0,0.5246736407279968,0.8356482982635498,0.0008890425015617,0.001,False,128.0,128.0,,,SGD
train,,,,,,,184.88142251968384,9.0,278.0,4030.0,0.5485137104988098,0.889043927192688,0.0009999992559981,0.001,False,128.0,128.0,,,SGD
train,,,,,,,184.9244520664215,9.0,279.0,4031.0,0.3992827832698822,0.999999225139618,0.0009965669742707,0.001,False,128.0,128.0,,,SGD
train,,,,,,,184.9675359725952,9.0,280.0,4032.0,0.462176650762558,0.996567726135254,0.0009999996313092,0.001,False,128.0,128.0,,,SGD
train,,,,,,,185.00871014595032,9.0,281.0,4033.0,0.4070146679878235,0.9999989867210388,0.0009462494477949,0.001,False,128.0,128.0,,,SGD
train,,,,,,,185.04719805717468,9.0,282.0,4034.0,0.5205702781677246,0.9462490081787108,0.0009137353215488,0.001,False,128.0,128.0,,,SGD
train,,,,,,,185.09698915481567,9.0,283.0,4035.0,0.5752751231193542,0.9137349128723145,0.000999998498048,0.001,False,128.0,128.0,,,SGD
train,,,,,,,185.14008378982544,9.0,284.0,4036.0,0.6163264513015747,0.9999991059303284,0.0009999971484302,0.001,False,128.0,128.0,,,SGD
train,,,,,,,185.17813396453855,9.0,285.0,4037.0,0.4816723763942718,0.999999225139618,0.0008199791169543,0.001,False,128.0,128.0,,,SGD
train,,,,,,,185.2179589271545,9.0,286.0,4038.0,0.4642742276191711,0.8199779987335205,0.0009999964132104,0.001,False,128.0,128.0,,,SGD
train,,,,,,,185.2590582370758,9.0,287.0,4039.0,0.4401330947875976,0.9999992847442628,0.0009999998808319,0.001,False,128.0,128.0,,,SGD
train,,,,,,,185.29902982711792,9.0,288.0,4040.0,0.4723382294178009,0.9999991655349731,0.0009999988587599,0.001,False,128.0,128.0,,,SGD
train,,,,,,,185.34182834625244,9.0,289.0,4041.0,0.3850375413894653,0.9999991655349731,0.0008183899660487,0.001,False,128.0,128.0,,,SGD
train,,,,,,,185.38279509544373,9.0,290.0,4042.0,0.4418202936649322,0.8183903098106384,0.0009223665375798,0.001,False,128.0,128.0,,,SGD
train,,,,,,,185.42173552513125,9.0,291.0,4043.0,0.4748066663742065,0.9223670363426208,0.0008538050844634,0.001,False,128.0,128.0,,,SGD
train,,,,,,,185.4623889923096,9.0,292.0,4044.0,0.4448136687278747,0.8538061380386353,0.0008561786156578,0.001,False,128.0,128.0,,,SGD
train,,,,,,,185.50606441497803,9.0,293.0,4045.0,0.5288069248199463,0.8561792373657227,0.0009539504100627,0.001,False,128.0,128.0,,,SGD
train,,,,,,,185.54931640625,9.0,294.0,4046.0,0.3884546756744385,0.9539530277252196,0.0009140523892966,0.001,False,128.0,128.0,,,SGD
train,,,,,,,185.61568212509155,9.0,295.0,4047.0,0.4342956244945526,0.9140515327453612,0.0009999997907373,0.001,False,128.0,128.0,,,SGD
train,,,,,,,185.65989780426025,9.0,296.0,4048.0,0.5033809542655945,0.9999990463256836,0.0009484323557006,0.001,False,128.0,128.0,,,SGD
train,,,,,,,185.7000322341919,9.0,297.0,4049.0,0.5045387148857117,0.94843327999115,0.0009999961485045,0.001,False,128.0,128.0,,,SGD
train,,,,,,,185.73951077461243,9.0,298.0,4050.0,0.4451101124286651,0.9999991059303284,0.0009369034949968,0.001,False,128.0,128.0,,,SGD
train,,,,,,,185.79123735427856,9.0,299.0,4051.0,0.460763156414032,0.93690288066864,0.0009902323066174,0.001,False,128.0,128.0,,,SGD
train,,,,,,,185.847026348114,9.0,300.0,4052.0,0.5372002124786377,0.9902328252792358,0.000999998868863,0.001,False,128.0,128.0,,,SGD
train,,,,,,,185.89440178871155,9.0,301.0,4053.0,0.4629330933094024,0.9999992847442628,0.0009607204595448,0.001,False,128.0,128.0,,,SGD
train,,,,,,,185.93696236610413,9.0,302.0,4054.0,0.4316571354866028,0.9607203006744384,0.0009999963444873,0.001,False,128.0,128.0,,,SGD
train,,,,,,,185.98651099205017,9.0,303.0,4055.0,0.5803975462913513,0.9999991059303284,0.0010000021532618,0.001,False,128.0,128.0,,,SGD
train,,,,,,,186.04055213928223,9.0,304.0,4056.0,0.4597426652908325,0.999999225139618,0.0009999978059337,0.001,False,128.0,128.0,,,SGD
train,,,,,,,186.0860743522644,9.0,305.0,4057.0,0.5092841386795044,0.9999992847442628,0.0009999965991179,0.001,False,128.0,128.0,,,SGD
train,,,,,,,186.13018321990967,9.0,306.0,4058.0,0.5021156072616577,0.9999991059303284,0.0009999996290887,0.001,False,128.0,128.0,,,SGD
train,,,,,,,186.1734836101532,9.0,307.0,4059.0,0.4638439416885376,0.9999991059303284,0.0009999989196835,0.001,False,128.0,128.0,,,SGD
train,,,,,,,186.2274215221405,9.0,308.0,4060.0,0.4925861358642578,0.9999991655349731,0.0009999988580383,0.001,False,128.0,128.0,,,SGD
train,,,,,,,186.2839028835297,9.0,309.0,4061.0,0.4957707226276397,0.9999991059303284,0.0008820975079374,0.001,False,128.0,128.0,,,SGD
train,,,,,,,186.32192969322205,9.0,310.0,4062.0,0.4828711152076721,0.8820959329605103,0.0010000006298992,0.001,False,128.0,128.0,,,SGD
train,,,,,,,186.36653208732605,9.0,311.0,4063.0,0.4887232184410095,0.999998927116394,0.0009427362414611,0.001,False,128.0,128.0,,,SGD
train,,,,,,,186.40742897987369,9.0,312.0,4064.0,0.5303348302841187,0.942736566066742,0.0009762204534067,0.001,False,128.0,128.0,,,SGD
train,,,,,,,186.4602189064026,9.0,313.0,4065.0,0.5665823817253113,0.9762205481529236,0.0009999981248459,0.001,False,128.0,128.0,,,SGD
train,,,,,,,186.51878571510315,9.0,314.0,4066.0,0.4418648481369018,0.999999225139618,0.0009999976334046,0.001,False,128.0,128.0,,,SGD
train,,,,,,,186.56054830551147,9.0,315.0,4067.0,0.483018159866333,0.999999225139618,0.0010000013042757,0.001,False,128.0,128.0,,,SGD
train,,,,,,,186.6012899875641,9.0,316.0,4068.0,0.4493901133537292,0.9999991655349731,0.0009999983778662,0.001,False,128.0,128.0,,,SGD
train,,,,,,,186.64700412750244,9.0,317.0,4069.0,0.4743076860904693,0.9999990463256836,0.0009430284159639,0.001,False,128.0,128.0,,,SGD
train,,,,,,,186.68714427948,9.0,318.0,4070.0,0.4392269253730774,0.943028211593628,0.0009901492713209,0.001,False,128.0,128.0,,,SGD
train,,,,,,,186.72496271133423,9.0,319.0,4071.0,0.5474804639816284,0.990147829055786,0.0009999967251841,0.001,False,128.0,128.0,,,SGD
train,,,,,,,186.7720775604248,9.0,320.0,4072.0,0.3869307935237884,0.9999990463256836,0.0008947096767271,0.001,False,128.0,128.0,,,SGD
train,,,,,,,186.83365988731384,9.0,321.0,4073.0,0.5339078307151794,0.8947104811668396,0.0008259327370016,0.001,False,128.0,128.0,,,SGD
train,,,,,,,186.8805034160614,9.0,322.0,4074.0,0.6131872534751892,0.8259331583976746,0.0009999975531908,0.001,False,128.0,128.0,,,SGD
train,,,,,,,186.92273879051208,9.0,323.0,4075.0,0.4181884527206421,0.999999225139618,0.0009999999127508,0.001,False,128.0,128.0,,,SGD
train,,,,,,,186.96686697006223,9.0,324.0,4076.0,0.5683630704879761,0.9999991059303284,0.0010000010004913,0.001,False,128.0,128.0,,,SGD
train,,,,,,,187.0158631801605,9.0,325.0,4077.0,0.4860236048698425,0.9999991655349731,0.0010000004641985,0.001,False,128.0,128.0,,,SGD
train,,,,,,,187.05978441238403,9.0,326.0,4078.0,0.4603722393512726,0.9999990463256836,0.0009999992607721,0.001,False,128.0,128.0,,,SGD
train,,,,,,,187.1045949459076,9.0,327.0,4079.0,0.4420619010925293,0.9999991655349731,0.0008792908149545,0.001,False,128.0,128.0,,,SGD
train,,,,,,,187.15580463409424,9.0,328.0,4080.0,0.5444821119308472,0.8792896866798401,0.0009937546313493,0.001,False,128.0,128.0,,,SGD
train,,,,,,,187.20410323143005,9.0,329.0,4081.0,0.5342170596122742,0.9937531352043152,0.0009999984393726,0.001,False,128.0,128.0,,,SGD
train,,,,,,,187.2499761581421,9.0,330.0,4082.0,0.46562260389328,0.9999991059303284,0.0008048997232341,0.001,False,128.0,128.0,,,SGD
train,,,,,,,187.3029749393463,9.0,331.0,4083.0,0.3849286437034607,0.8048991560935974,0.0008428387483771,0.001,False,128.0,128.0,,,SGD
train,,,,,,,187.3525273799896,9.0,332.0,4084.0,0.5828959941864014,0.8428410887718201,0.0009999971492351,0.001,False,128.0,128.0,,,SGD
train,,,,,,,187.4035427570343,9.0,333.0,4085.0,0.3872751593589782,0.9999991059303284,0.0009527290310353,0.001,False,128.0,128.0,,,SGD
train,,,,,,,187.45902967453003,9.0,334.0,4086.0,0.3165390193462372,0.9527270197868348,0.0009989939642731,0.001,False,128.0,128.0,,,SGD
train,,,,,,,187.51361536979675,9.0,335.0,4087.0,0.6759594678878784,0.9989961385726928,0.0009999990068638,0.001,False,128.0,128.0,,,SGD
train,,,,,,,187.56327271461487,9.0,336.0,4088.0,0.4519475996494293,0.999999225139618,0.0009999968361513,0.001,False,128.0,128.0,,,SGD
train,,,,,,,187.60608458518985,9.0,337.0,4089.0,0.44703009724617,0.9999990463256836,0.000999996987031,0.001,False,128.0,128.0,,,SGD
train,,,,,,,187.65192770957947,9.0,338.0,4090.0,0.5817019939422607,0.9999991655349731,0.0009999992742613,0.001,False,128.0,128.0,,,SGD
train,,,,,,,187.70018458366397,9.0,339.0,4091.0,0.543520450592041,0.9999990463256836,0.0009999996129905,0.001,False,128.0,128.0,,,SGD
train,,,,,,,187.75556302070615,9.0,340.0,4092.0,0.4728045165538788,0.9999990463256836,0.0010000008709284,0.001,False,128.0,128.0,,,SGD
train,,,,,,,187.80250000953677,9.0,341.0,4093.0,0.3716059029102325,0.9999991059303284,0.0009271986199643,0.001,False,128.0,128.0,,,SGD
train,,,,,,,187.84702825546265,9.0,342.0,4094.0,0.518150806427002,0.9271982312202454,0.0009999967372578,0.001,False,128.0,128.0,,,SGD
train,,,,,,,187.89241218566892,9.0,343.0,4095.0,0.4416098296642303,0.999999225139618,0.0009099918489225,0.001,False,128.0,128.0,,,SGD
train,,,,,,,187.93730235099792,9.0,344.0,4096.0,0.4610598385334015,0.909992814064026,0.0008518396617488,0.001,False,128.0,128.0,,,SGD
train,,,,,,,187.98371601104736,9.0,345.0,4097.0,0.4654558002948761,0.851841390132904,0.0010000015169942,0.001,False,128.0,128.0,,,SGD
train,,,,,,,188.03522944450376,9.0,346.0,4098.0,0.3782026469707489,0.9999994039535522,0.0009008193284405,0.001,False,128.0,128.0,,,SGD
train,,,,,,,188.12428903579712,9.0,347.0,4099.0,0.4487099051475525,0.9008187651634216,0.0009999992839757,0.001,False,128.0,128.0,,,SGD
train,,,,,,,188.2357215881348,9.0,348.0,4100.0,0.5167990922927856,0.9999991059303284,0.0010000021964494,0.001,False,128.0,128.0,,,SGD
train,,,,,,,188.28160309791565,9.0,349.0,4101.0,0.5815150141716003,0.9999990463256836,0.000999999027736,0.001,False,128.0,128.0,,,SGD
train,,,,,,,188.32091569900516,9.0,350.0,4102.0,0.4691758751869201,0.9999991655349731,0.0009999996719434,0.001,False,128.0,128.0,,,SGD
train,,,,,,,188.3622524738312,9.0,351.0,4103.0,0.3867645561695099,0.9999990463256836,0.0010000003918675,0.001,False,128.0,128.0,,,SGD
train,,,,,,,188.41026043891907,9.0,352.0,4104.0,0.5544281601905823,0.9999990463256836,0.0010000034522469,0.001,False,128.0,128.0,,,SGD
train,,,,,,,188.4499387741089,9.0,353.0,4105.0,0.4736687242984772,0.9999992847442628,0.0009923903624757,0.001,False,128.0,128.0,,,SGD
train,,,,,,,188.50195288658145,9.0,354.0,4106.0,0.4896886646747589,0.992390751838684,0.0010000010667716,0.001,False,128.0,128.0,,,SGD
train,,,,,,,188.5487036705017,9.0,355.0,4107.0,0.4122108221054077,0.9999991059303284,0.0008145643463059,0.001,False,128.0,128.0,,,SGD
train,,,,,,,188.60086798667908,9.0,356.0,4108.0,0.449080228805542,0.8145642876625061,0.0009999989052228,0.001,False,128.0,128.0,,,SGD
train,,,,,,,188.6512324810028,9.0,357.0,4109.0,0.4482525587081909,0.9999990463256836,0.0009999993372665,0.001,False,128.0,128.0,,,SGD
train,,,,,,,188.69199180603027,9.0,358.0,4110.0,0.4567130506038666,0.9999993443489076,0.0008187444961456,0.001,False,128.0,128.0,,,SGD
train,,,,,,,188.73736667633057,9.0,359.0,4111.0,0.4346473515033722,0.8187414407730103,0.0009299664863635,0.001,False,128.0,128.0,,,SGD
train,,,,,,,188.77710795402527,9.0,360.0,4112.0,0.5198957324028015,0.9299655556678772,0.0009820526963548,0.001,False,128.0,128.0,,,SGD
train,,,,,,,188.81556248664856,9.0,361.0,4113.0,0.5187349319458008,0.9820516109466552,0.0010000004207888,0.001,False,128.0,128.0,,,SGD
train,,,,,,,188.8664619922638,9.0,362.0,4114.0,0.497328519821167,0.9999991059303284,0.0009999997878507,0.001,False,128.0,128.0,,,SGD
train,,,,,,,188.91246700286865,9.0,363.0,4115.0,0.3992961943149566,0.999999225139618,0.0009999988613134,0.001,False,128.0,128.0,,,SGD
train,,,,,,,188.9608261585236,9.0,364.0,4116.0,0.5858749151229858,0.9999990463256836,0.0009999985526433,0.001,False,128.0,128.0,,,SGD
train,,,,,,,189.00180196762085,9.0,365.0,4117.0,0.4158488810062408,0.999999225139618,0.0008474462394808,0.001,False,128.0,128.0,,,SGD
train,,,,,,,189.05525732040405,9.0,366.0,4118.0,0.4262158572673797,0.847447395324707,0.0009999997058607,0.001,False,128.0,128.0,,,SGD
train,,,,,,,189.0998010635376,9.0,367.0,4119.0,0.5002691745758057,0.9999990463256836,0.0008588445990002,0.001,False,128.0,128.0,,,SGD
train,,,,,,,189.13855147361755,9.0,368.0,4120.0,0.5047599077224731,0.8588448166847229,0.0010000013811863,0.001,False,128.0,128.0,,,SGD
train,,,,,,,189.17444777488708,9.0,369.0,4121.0,0.4188526570796966,0.9999990463256836,0.0008580323397364,0.001,False,128.0,128.0,,,SGD
train,,,,,,,189.215571641922,9.0,370.0,4122.0,0.53911292552948,0.8580306768417358,0.0009999994223096,0.001,False,128.0,128.0,,,SGD
train,,,,,,,189.2630026340485,9.0,371.0,4123.0,0.4211782217025757,0.9999992847442628,0.0009971867904152,0.001,False,128.0,128.0,,,SGD
train,,,,,,,189.31624364852905,9.0,372.0,4124.0,0.5304501056671143,0.9971864819526672,0.0009015024931629,0.001,False,128.0,128.0,,,SGD
train,,,,,,,189.35913348197937,9.0,373.0,4125.0,0.5831711888313293,0.9015000462532043,0.0009999991957684,0.001,False,128.0,128.0,,,SGD
train,,,,,,,189.40421867370603,9.0,374.0,4126.0,0.4736907482147217,0.9999990463256836,0.0010000003019949,0.001,False,128.0,128.0,,,SGD
train,,,,,,,189.4434118270874,9.0,375.0,4127.0,0.4912339150905609,0.9999991059303284,0.0009699354266909,0.001,False,128.0,128.0,,,SGD
train,,,,,,,189.4875454902649,9.0,376.0,4128.0,0.4179103076457977,0.969932496547699,0.0008374988114294,0.001,False,128.0,128.0,,,SGD
train,,,,,,,189.5269010066986,9.0,377.0,4129.0,0.5101454854011536,0.8374980092048645,0.0009480990697832,0.001,False,128.0,128.0,,,SGD
train,,,,,,,189.56611585617063,9.0,378.0,4130.0,0.4464974403381347,0.9480983018875122,0.0009999991716211,0.001,False,128.0,128.0,,,SGD
train,,,,,,,189.6040842533112,9.0,379.0,4131.0,0.4164510667324066,0.9999989867210388,0.0008035298648552,0.001,False,128.0,128.0,,,SGD
train,,,,,,,189.64252519607544,9.0,380.0,4132.0,0.5068809986114502,0.8035300970077515,0.0009999997612331,0.001,False,128.0,128.0,,,SGD
train,,,,,,,189.68451380729675,9.0,381.0,4133.0,0.4599684774875641,0.9999991655349731,0.0009999993884478,0.001,False,128.0,128.0,,,SGD
train,,,,,,,189.72466230392456,9.0,382.0,4134.0,0.5187475681304932,0.9999990463256836,0.0010000007076147,0.001,False,128.0,128.0,,,SGD
train,,,,,,,189.7605104446411,9.0,383.0,4135.0,0.4553968608379364,0.9999991059303284,0.000960267549586,0.001,False,128.0,128.0,,,SGD
train,,,,,,,189.7968611717224,9.0,384.0,4136.0,0.4586682915687561,0.9602673053741456,0.0009999972665305,0.001,False,128.0,128.0,,,SGD
train,,,,,,,189.83740067481995,9.0,385.0,4137.0,0.4415018856525421,0.9999991059303284,0.0008820777538464,0.001,False,128.0,128.0,,,SGD
train,,,,,,,189.8792371749878,9.0,386.0,4138.0,0.4392715096473694,0.8820768594741821,0.0008512437871161,0.001,False,128.0,128.0,,,SGD
train,,,,,,,189.9202117919922,9.0,387.0,4139.0,0.4670316874980926,0.8512445688247681,0.0009999999587695,0.001,False,128.0,128.0,,,SGD
train,,,,,,,189.9642674922943,9.0,388.0,4140.0,0.3926522135734558,0.9999991059303284,0.0009303312961595,0.001,False,128.0,128.0,,,SGD
train,,,,,,,190.00601148605347,9.0,389.0,4141.0,0.3866196274757385,0.9303338527679444,0.0007939863267228,0.001,False,128.0,128.0,,,SGD
train,,,,,,,190.05043292045596,9.0,390.0,4142.0,0.490675687789917,0.793986976146698,0.0009999990893257,0.001,False,128.0,128.0,,,SGD
train,,,,,,,190.0952706336975,9.0,391.0,4143.0,0.5021932125091553,0.9999990463256836,0.0009999996710829,0.001,False,128.0,128.0,,,SGD
train,,,,,,,190.1373007297516,9.0,392.0,4144.0,0.5913404822349548,0.9999991059303284,0.0010000004892895,0.001,False,128.0,128.0,,,SGD
train,,,,,,,190.17469930648804,9.0,393.0,4145.0,0.4363405406475067,0.9999989867210388,0.0008773854549171,0.001,False,128.0,128.0,,,SGD
train,,,,,,,190.215336561203,9.0,394.0,4146.0,0.4211425483226776,0.8773845434188843,0.0009876813920816,0.001,False,128.0,128.0,,,SGD
train,,,,,,,190.25741600990293,9.0,395.0,4147.0,0.3923036158084869,0.987683355808258,0.0009999959360347,0.001,False,128.0,128.0,,,SGD
train,,,,,,,190.3016939163208,9.0,396.0,4148.0,0.4833738207817077,0.9999991059303284,0.0009999990339533,0.001,False,128.0,128.0,,,SGD
train,,,,,,,190.35126614570615,9.0,397.0,4149.0,0.3762933611869812,0.9999993443489076,0.0009905372017409,0.001,False,128.0,128.0,,,SGD
train,,,,,,,190.40353870391849,9.0,398.0,4150.0,0.5112420916557312,0.990536093711853,0.0009924695373406,0.001,False,128.0,128.0,,,SGD
train,,,,,,,190.4470174312592,9.0,399.0,4151.0,0.6224823594093323,0.9924692511558532,0.0009999973277594,0.001,False,128.0,128.0,,,SGD
train,,,,,,,190.48788475990293,9.0,400.0,4152.0,0.5294790863990784,0.9999990463256836,0.0009713075290687,0.001,False,128.0,128.0,,,SGD
train,,,,,,,190.53361463546756,9.0,401.0,4153.0,0.431901603937149,0.9713055491447448,0.0010000009933859,0.001,False,128.0,128.0,,,SGD
train,,,,,,,190.58013200759888,9.0,402.0,4154.0,0.4602957665920257,0.9999992847442628,0.0009999980644774,0.001,False,128.0,128.0,,,SGD
train,,,,,,,190.61848068237305,9.0,403.0,4155.0,0.5147629976272583,0.9999991059303284,0.0009999983272954,0.001,False,128.0,128.0,,,SGD
train,,,,,,,190.6637237071991,9.0,404.0,4156.0,0.3601074814796448,0.9999990463256836,0.0008797327070953,0.001,False,128.0,128.0,,,SGD
train,,,,,,,190.7075381278992,9.0,405.0,4157.0,0.4093816876411438,0.8797321915626526,0.0009632837893138,0.001,False,128.0,128.0,,,SGD
train,,,,,,,190.7524452209473,9.0,406.0,4158.0,0.4770226180553436,0.9632837772369384,0.0009999998126087,0.001,False,128.0,128.0,,,SGD
train,,,,,,,190.80323028564453,9.0,407.0,4159.0,0.3936002552509308,0.9999990463256836,0.0009999961903878,0.001,False,128.0,128.0,,,SGD
train,,,,,,,190.85834980010983,9.0,408.0,4160.0,0.6705700755119324,0.9999991655349731,0.0009999996348897,0.001,False,128.0,128.0,,,SGD
train,,,,,,,190.92204880714417,9.0,409.0,4161.0,0.3914570212364197,0.9999992847442628,0.0009379960498768,0.001,False,128.0,128.0,,,SGD
train,,,,,,,190.980477809906,9.0,410.0,4162.0,0.4437486231327057,0.93799489736557,0.0008246162479658,0.001,False,128.0,128.0,,,SGD
train,,,,,,,191.02560353279117,9.0,411.0,4163.0,0.5127556324005127,0.8246161341667175,0.0009999996171538,0.001,False,128.0,128.0,,,SGD
train,,,,,,,191.0746099948883,9.0,412.0,4164.0,0.368299126625061,0.9999991059303284,0.000967409205637,0.001,False,128.0,128.0,,,SGD
train,,,,,,,191.120192527771,9.0,413.0,4165.0,0.4751835465431213,0.9674082398414612,0.0009999979090181,0.001,False,128.0,128.0,,,SGD
train,,,,,,,191.1589949131012,9.0,414.0,4166.0,0.4994162321090698,0.9999991655349731,0.0008847702500872,0.001,False,128.0,128.0,,,SGD
train,,,,,,,191.20750856399536,9.0,415.0,4167.0,0.5526604652404785,0.8847697973251343,0.0009999983062289,0.001,False,128.0,128.0,,,SGD
train,,,,,,,191.25289392471316,9.0,416.0,4168.0,0.4218229353427887,0.9999991059303284,0.0009857541563655,0.001,False,128.0,128.0,,,SGD
train,,,,,,,191.3001983165741,9.0,417.0,4169.0,0.4986001551151275,0.9857529401779176,0.0009629650649727,0.001,False,128.0,128.0,,,SGD
train,,,,,,,191.35040044784543,9.0,418.0,4170.0,0.4640678763389587,0.9629677534103394,0.0008857550986223,0.001,False,128.0,128.0,,,SGD
train,,,,,,,191.39621925354004,9.0,419.0,4171.0,0.4358385801315307,0.8857527375221252,0.0009799977803584,0.001,False,128.0,128.0,,,SGD
train,,,,,,,191.43508744239807,9.0,420.0,4172.0,0.4910675585269928,0.9799973368644714,0.0009999975024535,0.001,False,128.0,128.0,,,SGD
train,,,,,,,191.48140406608584,9.0,421.0,4173.0,0.3984615802764892,0.9999990463256836,0.0009771370607747,0.001,False,128.0,128.0,,,SGD
train,,,,,,,191.5306351184845,9.0,422.0,4174.0,0.3487012982368469,0.9771355986595154,0.0009102563200797,0.001,False,128.0,128.0,,,SGD
train,,,,,,,191.58142161369324,9.0,423.0,4175.0,0.4360911548137665,0.9102557897567748,0.0009736380366151,0.001,False,128.0,128.0,,,SGD
train,,,,,,,191.6270515918732,9.0,424.0,4176.0,0.4973152279853821,0.973638653755188,0.000999999146308,0.001,False,128.0,128.0,,,SGD
train,,,,,,,191.67929220199585,9.0,425.0,4177.0,0.382219523191452,0.999999225139618,0.0010000007811669,0.001,False,128.0,128.0,,,SGD
train,,,,,,,191.7300078868866,9.0,426.0,4178.0,0.4206079244613647,0.9999991059303284,0.0010000000161126,0.001,False,128.0,128.0,,,SGD
train,,,,,,,191.77755165100095,9.0,427.0,4179.0,0.5433524250984192,0.9999990463256836,0.00092241946787,0.001,False,128.0,128.0,,,SGD
train,,,,,,,191.82096362113955,9.0,428.0,4180.0,0.455142080783844,0.9224194288253784,0.00091731312731,0.001,False,128.0,128.0,,,SGD
train,,,,,,,191.8614106178284,9.0,429.0,4181.0,0.4687006175518036,0.9173140525817872,0.0009449082606107,0.001,False,128.0,128.0,,,SGD
train,,,,,,,191.89997935295105,9.0,430.0,4182.0,0.492254376411438,0.9449086785316468,0.0008936635879288,0.001,False,128.0,128.0,,,SGD
train,,,,,,,191.94021201133728,9.0,431.0,4183.0,0.4295524358749389,0.89366215467453,0.000782241252968,0.001,False,128.0,128.0,,,SGD
train,,,,,,,191.9888381958008,9.0,432.0,4184.0,0.4362833499908447,0.782242476940155,0.000920648163571,0.001,False,128.0,128.0,,,SGD
train,,,,,,,192.04505848884585,9.0,433.0,4185.0,0.5552668571472168,0.9206463694572448,0.0009999998634569,0.001,False,128.0,128.0,,,SGD
train,,,,,,,192.0931985378265,9.0,434.0,4186.0,0.427355945110321,0.9999991655349731,0.0009999957309756,0.001,False,128.0,128.0,,,SGD
train,,,,,,,192.12980961799624,9.0,435.0,4187.0,0.4234119653701782,0.9999989867210388,0.0009018360808339,0.001,False,128.0,128.0,,,SGD
train,,,,,,,192.170346736908,9.0,436.0,4188.0,0.4499616920948028,0.90183424949646,0.0009733168459279,0.001,False,128.0,128.0,,,SGD
train,,,,,,,192.20932149887085,9.0,437.0,4189.0,0.5064209699630737,0.9733150601387024,0.0010000006796926,0.001,False,128.0,128.0,,,SGD
train,,,,,,,192.2577645778656,9.0,438.0,4190.0,0.5280791521072388,0.9999991059303284,0.0009194611400026,0.001,False,128.0,128.0,,,SGD
train,,,,,,,192.30226397514343,9.0,439.0,4191.0,0.4371398985385895,0.9194602966308594,0.000856161832206,0.001,False,128.0,128.0,,,SGD
train,,,,,,,192.3468735218048,9.0,440.0,4192.0,0.4953529834747314,0.8561632633209229,0.0009080956070946,0.001,False,128.0,128.0,,,SGD
train,,,,,,,192.3897044658661,9.0,441.0,4193.0,0.4178937375545501,0.908096969127655,0.0009494629070743,0.001,False,128.0,128.0,,,SGD
train,,,,,,,192.434029340744,9.0,442.0,4194.0,0.4356720745563507,0.94946551322937,0.0009999992353479,0.001,False,128.0,128.0,,,SGD
train,,,,,,,192.47460961341855,9.0,443.0,4195.0,0.5218687653541565,0.9999991655349731,0.0009999992814777,0.001,False,128.0,128.0,,,SGD
train,,,,,,,192.5196158885956,9.0,444.0,4196.0,0.4698967635631561,0.9999991059303284,0.0009999988731928,0.001,False,128.0,128.0,,,SGD
train,,,,,,,192.5665595531464,9.0,445.0,4197.0,0.4107143878936767,0.9999990463256836,0.0008738916926264,0.001,False,128.0,128.0,,,SGD
train,,,,,,,192.61320853233337,9.0,446.0,4198.0,0.5231135487556458,0.8738906979560852,0.0009999999940191,0.001,False,128.0,128.0,,,SGD
train,,,,,,,192.66254591941836,9.0,447.0,4199.0,0.4765161275863647,0.9999989867210388,0.0009999995363296,0.001,False,128.0,128.0,,,SGD
train,,,,,,,192.7066595554352,9.0,448.0,4200.0,0.4516500234603882,0.9999991059303284,0.0009898108603985,0.001,False,128.0,128.0,,,SGD
train,,,,,,,192.7511959075928,9.0,449.0,4201.0,0.438655823469162,0.989811360836029,0.0009999983182748,0.001,False,128.0,128.0,,,SGD
train,,,,,,,192.79427361488345,9.0,450.0,4202.0,0.4279657006263733,0.9999991059303284,0.0009972479722177,0.001,False,128.0,128.0,,,SGD
train,,,,,,,192.8425874710083,9.0,451.0,4203.0,0.4665022194385528,0.9972477555274964,0.0008740275441855,0.001,False,128.0,128.0,,,SGD
train,,,,,,,192.89913964271545,9.0,452.0,4204.0,0.5427841544151306,0.8740275502204895,0.0009999999804189,0.001,False,128.0,128.0,,,SGD
train,,,,,,,192.9941544532776,9.0,453.0,4205.0,0.3309659957885742,0.9999991059303284,0.0009406768245768,0.001,False,128.0,128.0,,,SGD
train,,,,,,,193.04883909225464,9.0,454.0,4206.0,0.4256545901298523,0.9406743049621582,0.0008958111662377,0.001,False,128.0,128.0,,,SGD
train,,,,,,,193.09987783432007,9.0,455.0,4207.0,0.4020292162895202,0.8958109021186829,0.0007995218474408,0.001,False,128.0,128.0,,,SGD
train,,,,,,,193.16867232322693,9.0,456.0,4208.0,0.5270779728889465,0.7995191812515259,0.0010000019360194,0.001,False,128.0,128.0,,,SGD
train,,,,,,,193.2351472377777,9.0,457.0,4209.0,0.4428429901599884,0.9999992847442628,0.0008165494846959,0.001,False,128.0,128.0,,,SGD
train,,,,,,,193.3000135421753,9.0,458.0,4210.0,0.3641941249370575,0.816548228263855,0.0009999994833719,0.001,False,128.0,128.0,,,SGD
train,,,,,,,193.3518443107605,9.0,459.0,4211.0,0.4121391475200653,0.9999990463256836,0.0008293445235886,0.001,False,128.0,128.0,,,SGD
train,,,,,,,193.40548992156985,9.0,460.0,4212.0,0.4284763634204864,0.8293436765670776,0.0009999995391329,0.001,False,128.0,128.0,,,SGD
train,,,,,,,193.45949482917783,9.0,461.0,4213.0,0.5152733325958252,0.999998927116394,0.0009999993870045,0.001,False,128.0,128.0,,,SGD
train,,,,,,,193.5013964176178,9.0,462.0,4214.0,0.4935058057308197,0.9999991059303284,0.0009993661864922,0.001,False,128.0,128.0,,,SGD
train,,,,,,,193.85987043380737,9.0,463.0,4215.0,0.4404333233833313,0.9993637800216676,0.0009142513904266,0.001,False,128.0,128.0,,,SGD
train,,,,,,,193.8996388912201,9.0,464.0,4216.0,0.4733419716358185,0.9142500758171082,0.0010000011280836,0.001,False,128.0,128.0,,,SGD
train,,,,,,,193.94456958770752,9.0,465.0,4217.0,0.4660075604915619,0.9999992847442628,0.0009999969561945,0.001,False,128.0,128.0,,,SGD
train,,,,,,,193.98883295059204,9.0,466.0,4218.0,0.4796161949634552,0.9999991059303284,0.000935806431977,0.001,False,128.0,128.0,,,SGD
train,,,,,,,194.0350058078766,9.0,467.0,4219.0,0.5629364252090454,0.9358052611351012,0.0009999979807387,0.001,False,128.0,128.0,,,SGD
train,,,,,,,194.08079719543457,9.0,468.0,4220.0,0.4816774129867553,0.9999991655349731,0.0010000003424626,0.001,False,128.0,128.0,,,SGD
train,,,,,,,194.11211395263672,9.0,469.0,4221.0,0.4388939440250397,0.9999991655349731,0.0009999999221877,0.001,False,128.0,128.0,,,SGD
eval,,,,,,,196.914487361908,9.0,,4221.0,,,,,False,128.0,128.0,0.4436185901641846,0.8874,SGD
train,,,,,,,196.97343969345093,10.0,1.0,4222.0,0.384756475687027,0.9999991655349731,0.0009162619790557,0.001,False,128.0,128.0,,,SGD
train,,,,,,,197.0190966129303,10.0,2.0,4223.0,0.4666018486022949,0.9162602424621582,0.0010000007875507,0.001,False,128.0,128.0,,,SGD
train,,,,,,,197.0686011314392,10.0,3.0,4224.0,0.5585929155349731,0.9999991059303284,0.0009999990291238,0.001,False,128.0,128.0,,,SGD
train,,,,,,,197.1240751743317,10.0,4.0,4225.0,0.4558562934398651,0.999999225139618,0.0009739269552898,0.001,False,128.0,128.0,,,SGD
train,,,,,,,197.1622405052185,10.0,5.0,4226.0,0.5356113910675049,0.9739271402359008,0.000999999233072,0.001,False,128.0,128.0,,,SGD
train,,,,,,,197.21246075630188,10.0,6.0,4227.0,0.4981383085250854,0.999999225139618,0.0009312491096787,0.001,False,128.0,128.0,,,SGD
train,,,,,,,197.2722363471985,10.0,7.0,4228.0,0.3697374761104584,0.9312486052513124,0.0008517713264505,0.001,False,128.0,128.0,,,SGD
train,,,,,,,197.32935333251956,10.0,8.0,4229.0,0.5208662152290344,0.8517730832099915,0.0009999970876175,0.001,False,128.0,128.0,,,SGD
train,,,,,,,197.38360381126404,10.0,9.0,4230.0,0.4443768262863159,0.9999990463256836,0.0009999996987553,0.001,False,128.0,128.0,,,SGD
train,,,,,,,197.44059443473816,10.0,10.0,4231.0,0.4504318535327911,0.999999225139618,0.0009999989791082,0.001,False,128.0,128.0,,,SGD
train,,,,,,,197.4850890636444,10.0,11.0,4232.0,0.4325081706047058,0.9999991655349731,0.00082143497956,0.001,False,128.0,128.0,,,SGD
train,,,,,,,197.55103421211243,10.0,12.0,4233.0,0.3733845055103302,0.8214341402053833,0.0007406226719275,0.001,False,128.0,128.0,,,SGD
train,,,,,,,197.6112685203552,10.0,13.0,4234.0,0.5509179830551147,0.7406237721443176,0.0009999984192775,0.001,False,128.0,128.0,,,SGD
train,,,,,,,197.6654396057129,10.0,14.0,4235.0,0.4258986413478851,0.9999991655349731,0.0009999975159427,0.001,False,128.0,128.0,,,SGD
train,,,,,,,197.72686290740967,10.0,15.0,4236.0,0.5912137627601624,0.9999991059303284,0.0009999991562445,0.001,False,128.0,128.0,,,SGD
train,,,,,,,197.77830958366397,10.0,16.0,4237.0,0.4335879981517792,0.9999992847442628,0.0009999970273878,0.001,False,128.0,128.0,,,SGD
train,,,,,,,197.82961440086365,10.0,17.0,4238.0,0.4030030071735382,0.9999991655349731,0.0009075522564034,0.001,False,128.0,128.0,,,SGD
train,,,,,,,197.88467812538147,10.0,18.0,4239.0,0.3812100291252136,0.9075530171394348,0.0007625554012138,0.001,False,128.0,128.0,,,SGD
train,,,,,,,197.94670486450195,10.0,19.0,4240.0,0.4339314699172973,0.7625565528869629,0.0010000019617765,0.001,False,128.0,128.0,,,SGD
train,,,,,,,197.99787783622745,10.0,20.0,4241.0,0.4018727540969848,0.999999225139618,0.0008768674902451,0.001,False,128.0,128.0,,,SGD
train,,,,,,,198.04500126838684,10.0,21.0,4242.0,0.4506925046443939,0.8768669366836548,0.0009999994778208,0.001,False,128.0,128.0,,,SGD
train,,,,,,,198.0975158214569,10.0,22.0,4243.0,0.6186385750770569,0.9999992847442628,0.0009999980843782,0.001,False,128.0,128.0,,,SGD
train,,,,,,,198.15207862854004,10.0,23.0,4244.0,0.4478311538696289,0.9999992847442628,0.0009393545704449,0.001,False,128.0,128.0,,,SGD
train,,,,,,,198.1952736377716,10.0,24.0,4245.0,0.4673570394515991,0.9393539428710938,0.0009999980952584,0.001,False,128.0,128.0,,,SGD
train,,,,,,,198.23847126960757,10.0,25.0,4246.0,0.5364850759506226,0.9999991655349731,0.0009122264894545,0.001,False,128.0,128.0,,,SGD
train,,,,,,,198.2846205234528,10.0,26.0,4247.0,0.3501116633415222,0.912225604057312,0.0006926011673662,0.001,False,128.0,128.0,,,SGD
train,,,,,,,198.46357679367063,10.0,27.0,4248.0,0.546030580997467,0.6925997734069824,0.0009999998257093,0.001,False,128.0,128.0,,,SGD
train,,,,,,,198.50465726852417,10.0,28.0,4249.0,0.4992131888866424,0.9999991059303284,0.0010000003642229,0.001,False,128.0,128.0,,,SGD
train,,,,,,,198.542503118515,10.0,29.0,4250.0,0.4721130430698395,0.9999991059303284,0.001000001160391,0.001,False,128.0,128.0,,,SGD
train,,,,,,,198.5824513435364,10.0,30.0,4251.0,0.4527291357517242,0.9999991655349731,0.0010000007198827,0.001,False,128.0,128.0,,,SGD
train,,,,,,,198.62489104270932,10.0,31.0,4252.0,0.3816771507263183,0.9999991655349731,0.0009359544656167,0.001,False,128.0,128.0,,,SGD
train,,,,,,,198.66511750221247,10.0,32.0,4253.0,0.4065243899822235,0.9359543919563292,0.0008851348463351,0.001,False,128.0,128.0,,,SGD
train,,,,,,,198.70436120033264,10.0,33.0,4254.0,0.4958427846431732,0.8851369619369507,0.0009810406795507,0.001,False,128.0,128.0,,,SGD
train,,,,,,,198.7499668598175,10.0,34.0,4255.0,0.4559834003448486,0.9810388088226318,0.0009999981614833,0.001,False,128.0,128.0,,,SGD
train,,,,,,,198.7886493206024,10.0,35.0,4256.0,0.3674576878547668,0.9999990463256836,0.0006913187297762,0.001,False,128.0,128.0,,,SGD
train,,,,,,,198.82577657699585,10.0,36.0,4257.0,0.4167958796024322,0.6913211941719055,0.0008719143315105,0.001,False,128.0,128.0,,,SGD
train,,,,,,,198.8737347126007,10.0,37.0,4258.0,0.5594365000724792,0.8719144463539124,0.0010000008656271,0.001,False,128.0,128.0,,,SGD
train,,,,,,,198.9184832572937,10.0,38.0,4259.0,0.4021701216697693,0.9999991059303284,0.0009999989198778,0.001,False,128.0,128.0,,,SGD
train,,,,,,,198.9609949588776,10.0,39.0,4260.0,0.4662604629993438,0.9999991655349731,0.0009999970153973,0.001,False,128.0,128.0,,,SGD
train,,,,,,,199.00590562820437,10.0,40.0,4261.0,0.4855828583240509,0.9999991655349731,0.0009999994576147,0.001,False,128.0,128.0,,,SGD
train,,,,,,,199.0430715084076,10.0,41.0,4262.0,0.4476880431175232,0.9999991059303284,0.0009999999425603,0.001,False,128.0,128.0,,,SGD
train,,,,,,,199.08584117889404,10.0,42.0,4263.0,0.4882251024246216,0.9999991059303284,0.0009999972269509,0.001,False,128.0,128.0,,,SGD
train,,,,,,,199.13058519363403,10.0,43.0,4264.0,0.4677725732326507,0.9999991059303284,0.0009999999775323,0.001,False,128.0,128.0,,,SGD
train,,,,,,,199.17305850982663,10.0,44.0,4265.0,0.4976251125335693,0.9999991059303284,0.0009579111247941,0.001,False,128.0,128.0,,,SGD
train,,,,,,,199.21475434303284,10.0,45.0,4266.0,0.4951029419898987,0.957912266254425,0.0009999986062116,0.001,False,128.0,128.0,,,SGD
train,,,,,,,199.26936841011047,10.0,46.0,4267.0,0.5416824221611023,0.9999991655349731,0.0010000010402372,0.001,False,128.0,128.0,,,SGD
train,,,,,,,199.3227026462555,10.0,47.0,4268.0,0.5182094573974609,0.9999992847442628,0.0010000002524513,0.001,False,128.0,128.0,,,SGD
train,,,,,,,199.3607287406921,10.0,48.0,4269.0,0.4395906329154968,0.9999991059303284,0.000999999600556,0.001,False,128.0,128.0,,,SGD
train,,,,,,,199.40480756759644,10.0,49.0,4270.0,0.4734643101692199,0.9999991059303284,0.0009999992892215,0.001,False,128.0,128.0,,,SGD
train,,,,,,,199.4451024532318,10.0,50.0,4271.0,0.4329092800617218,0.9999990463256836,0.0009114445167875,0.001,False,128.0,128.0,,,SGD
train,,,,,,,199.48465299606323,10.0,51.0,4272.0,0.423502653837204,0.911445140838623,0.0008215651710707,0.001,False,128.0,128.0,,,SGD
train,,,,,,,199.53334665298465,10.0,52.0,4273.0,0.4851133525371551,0.8215662240982056,0.0009999994155372,0.001,False,128.0,128.0,,,SGD
train,,,,,,,199.57494854927063,10.0,53.0,4274.0,0.4667739272117615,0.999999225139618,0.0008980953520414,0.001,False,128.0,128.0,,,SGD
train,,,,,,,199.611513376236,10.0,54.0,4275.0,0.4733050167560577,0.8980940580368042,0.0009999963493168,0.001,False,128.0,128.0,,,SGD
train,,,,,,,199.65091228485107,10.0,55.0,4276.0,0.4630959331989288,0.9999990463256836,0.0009275508405436,0.001,False,128.0,128.0,,,SGD
train,,,,,,,199.6932179927826,10.0,56.0,4277.0,0.5743663311004639,0.9275481700897216,0.0009999990317328,0.001,False,128.0,128.0,,,SGD
train,,,,,,,199.73688220977783,10.0,57.0,4278.0,0.4800165891647339,0.999999225139618,0.0008842243010814,0.001,False,128.0,128.0,,,SGD
train,,,,,,,199.7746422290802,10.0,58.0,4279.0,0.45695960521698,0.8842241764068604,0.0010000001546129,0.001,False,128.0,128.0,,,SGD
train,,,,,,,199.81488680839536,10.0,59.0,4280.0,0.5500763654708862,0.9999992847442628,0.0010000006846331,0.001,False,128.0,128.0,,,SGD
train,,,,,,,199.85495495796204,10.0,60.0,4281.0,0.3556531965732574,0.9999991059303284,0.0009793943029476,0.001,False,128.0,128.0,,,SGD
train,,,,,,,199.89206671714783,10.0,61.0,4282.0,0.4443928599357605,0.9793933629989624,0.0010000009667406,0.001,False,128.0,128.0,,,SGD
train,,,,,,,199.9294254779816,10.0,62.0,4283.0,0.435487151145935,0.999999225139618,0.0010000008327923,0.001,False,128.0,128.0,,,SGD
train,,,,,,,199.97228503227237,10.0,63.0,4284.0,0.3579739332199096,0.9999991655349731,0.0008665040431663,0.001,False,128.0,128.0,,,SGD
train,,,,,,,200.01512718200684,10.0,64.0,4285.0,0.4567312002182007,0.866503119468689,0.0009999988831849,0.001,False,128.0,128.0,,,SGD
train,,,,,,,200.0617172718048,10.0,65.0,4286.0,0.4763575792312622,0.9999991655349731,0.0009999980518486,0.001,False,128.0,128.0,,,SGD
train,,,,,,,200.11234498023987,10.0,66.0,4287.0,0.462846040725708,0.9999991655349731,0.0009521547320267,0.001,False,128.0,128.0,,,SGD
train,,,,,,,200.15970754623413,10.0,67.0,4288.0,0.4920769333839416,0.9521557092666626,0.000999998260904,0.001,False,128.0,128.0,,,SGD
train,,,,,,,200.19806265830996,10.0,68.0,4289.0,0.5317164659500122,0.9999990463256836,0.0009999966584595,0.001,False,128.0,128.0,,,SGD
train,,,,,,,200.24091577529907,10.0,69.0,4290.0,0.5396728515625,0.999999225139618,0.001000001649277,0.001,False,128.0,128.0,,,SGD
train,,,,,,,200.2874948978424,10.0,70.0,4291.0,0.4851560294628143,0.9999991655349731,0.0009318958009087,0.001,False,128.0,128.0,,,SGD
train,,,,,,,200.3472855091095,10.0,71.0,4292.0,0.3677541017532348,0.9318951964378356,0.0007931081994874,0.001,False,128.0,128.0,,,SGD
train,,,,,,,200.398020029068,10.0,72.0,4293.0,0.5273181200027466,0.7931087017059326,0.0009583956316442,0.001,False,128.0,128.0,,,SGD
train,,,,,,,200.4387519359589,10.0,73.0,4294.0,0.561279296875,0.9583961963653564,0.0009999977569172,0.001,False,128.0,128.0,,,SGD
train,,,,,,,200.48707151412964,10.0,74.0,4295.0,0.4468370676040649,0.9999989867210388,0.0008856790929952,0.001,False,128.0,128.0,,,SGD
train,,,,,,,200.52955961227417,10.0,75.0,4296.0,0.4337971806526184,0.88567715883255,0.0009685193073051,0.001,False,128.0,128.0,,,SGD
train,,,,,,,200.57630729675293,10.0,76.0,4297.0,0.5632457137107849,0.9685213565826416,0.0010000019379623,0.001,False,128.0,128.0,,,SGD
train,,,,,,,200.6188695430756,10.0,77.0,4298.0,0.3077880144119262,0.9999991059303284,0.0009117531400946,0.001,False,128.0,128.0,,,SGD
train,,,,,,,200.65830063819885,10.0,78.0,4299.0,0.5027028918266296,0.9117514491081238,0.0009999993112872,0.001,False,128.0,128.0,,,SGD
train,,,,,,,200.7048580646515,10.0,79.0,4300.0,0.4054961204528808,0.9999991059303284,0.0007718389984901,0.001,False,128.0,128.0,,,SGD
train,,,,,,,200.7467935085297,10.0,80.0,4301.0,0.4325391352176666,0.7718373537063599,0.0008783254090825,0.001,False,128.0,128.0,,,SGD
train,,,,,,,200.78974103927607,10.0,81.0,4302.0,0.4263697266578674,0.878325879573822,0.0008672961814287,0.001,False,128.0,128.0,,,SGD
train,,,,,,,200.8305914402008,10.0,82.0,4303.0,0.3933904767036438,0.8672949075698853,0.0008168797529885,0.001,False,128.0,128.0,,,SGD
train,,,,,,,200.87415218353271,10.0,83.0,4304.0,0.5055087804794312,0.8168809413909912,0.0009861456606264,0.001,False,128.0,128.0,,,SGD
train,,,,,,,200.9132959842682,10.0,84.0,4305.0,0.3919727504253387,0.9861459136009216,0.0009046208049361,0.001,False,128.0,128.0,,,SGD
train,,,,,,,200.9557900428772,10.0,85.0,4306.0,0.4390321969985962,0.9046191573143004,0.0008859308686946,0.001,False,128.0,128.0,,,SGD
train,,,,,,,200.9958894252777,10.0,86.0,4307.0,0.4134046733379364,0.8859307765960693,0.0009999987943114,0.001,False,128.0,128.0,,,SGD
train,,,,,,,201.0437903404236,10.0,87.0,4308.0,0.4409887790679931,0.9999990463256836,0.0010000010261929,0.001,False,128.0,128.0,,,SGD
train,,,,,,,201.0863254070282,10.0,88.0,4309.0,0.4572200775146484,0.9999991655349731,0.0009244469315679,0.001,False,128.0,128.0,,,SGD
train,,,,,,,201.12948942184448,10.0,89.0,4310.0,0.3868679702281952,0.9244459271430968,0.000783999743323,0.001,False,128.0,128.0,,,SGD
train,,,,,,,201.1711061000824,10.0,90.0,4311.0,0.4394862651824951,0.7839983701705933,0.0010000005062204,0.001,False,128.0,128.0,,,SGD
train,,,,,,,201.21650433540344,10.0,91.0,4312.0,0.4184574782848358,0.9999991655349731,0.0009999986034083,0.001,False,128.0,128.0,,,SGD
train,,,,,,,201.26392030715945,10.0,92.0,4313.0,0.4330396950244903,0.9999990463256836,0.0009999995965592,0.001,False,128.0,128.0,,,SGD
train,,,,,,,201.31993103027344,10.0,93.0,4314.0,0.5250654220581055,0.9999991059303284,0.0010000004023313,0.001,False,128.0,128.0,,,SGD
train,,,,,,,201.3649389743805,10.0,94.0,4315.0,0.4453762471675873,0.9999992847442628,0.0009071881815982,0.001,False,128.0,128.0,,,SGD
train,,,,,,,201.4106502532959,10.0,95.0,4316.0,0.5419227480888367,0.9071884751319884,0.0008984825081609,0.001,False,128.0,128.0,,,SGD
train,,,,,,,201.4559178352356,10.0,96.0,4317.0,0.438655287027359,0.8984843492507935,0.0009999980757184,0.001,False,128.0,128.0,,,SGD
train,,,,,,,201.50476837158203,10.0,97.0,4318.0,0.5033506751060486,0.9999990463256836,0.0010000020840396,0.001,False,128.0,128.0,,,SGD
train,,,,,,,201.5489263534546,10.0,98.0,4319.0,0.494208812713623,0.9999991059303284,0.0009535934063044,0.001,False,128.0,128.0,,,SGD
train,,,,,,,201.59616589546204,10.0,99.0,4320.0,0.4808395206928253,0.9535939693450928,0.0010000022542086,0.001,False,128.0,128.0,,,SGD
train,,,,,,,201.64470291137692,10.0,100.0,4321.0,0.3940533399581909,0.9999991059303284,0.000999999574216,0.001,False,128.0,128.0,,,SGD
train,,,,,,,201.70624828338623,10.0,101.0,4322.0,0.3925119042396545,0.9999990463256836,0.0007376610518667,0.001,False,128.0,128.0,,,SGD
train,,,,,,,201.75432300567627,10.0,102.0,4323.0,0.5354424715042114,0.7376604676246643,0.0009999988900405,0.001,False,128.0,128.0,,,SGD
train,,,,,,,201.7976653575897,10.0,103.0,4324.0,0.5003318190574646,0.9999991655349731,0.0009774386897786,0.001,False,128.0,128.0,,,SGD
train,,,,,,,201.84372639656067,10.0,104.0,4325.0,0.3939489424228668,0.9774357080459596,0.0009235674732416,0.001,False,128.0,128.0,,,SGD
train,,,,,,,201.88925909996036,10.0,105.0,4326.0,0.4853831827640533,0.9235655069351196,0.0010000003979182,0.001,False,128.0,128.0,,,SGD
train,,,,,,,201.9292652606964,10.0,106.0,4327.0,0.4133721888065338,0.9999991655349731,0.000893271331072,0.001,False,128.0,128.0,,,SGD
train,,,,,,,201.9682276248932,10.0,107.0,4328.0,0.4058144986629486,0.8932712078094482,0.0008581281654061,0.001,False,128.0,128.0,,,SGD
train,,,,,,,202.0102813243866,10.0,108.0,4329.0,0.4431260228157043,0.8581270575523376,0.0009411572195598,0.001,False,128.0,128.0,,,SGD
train,,,,,,,202.05505776405332,10.0,109.0,4330.0,0.4236910939216614,0.9411578178405762,0.0009786478732767,0.001,False,128.0,128.0,,,SGD
train,,,,,,,202.1047751903534,10.0,110.0,4331.0,0.4839885234832763,0.9786473512649536,0.0008714234393601,0.001,False,128.0,128.0,,,SGD
train,,,,,,,202.15016150474548,10.0,111.0,4332.0,0.348548412322998,0.8714231252670288,0.0006829447173001,0.001,False,128.0,128.0,,,SGD
train,,,,,,,202.2012875080109,10.0,112.0,4333.0,0.3617341816425323,0.6829436421394348,0.0008629584710793,0.001,False,128.0,128.0,,,SGD
train,,,,,,,202.2427384853363,10.0,113.0,4334.0,0.4321723282337188,0.862960696220398,0.0008752706684215,0.001,False,128.0,128.0,,,SGD
train,,,,,,,202.2878074645996,10.0,114.0,4335.0,0.4684435129165649,0.8752707839012146,0.0009999970796517,0.001,False,128.0,128.0,,,SGD
train,,,,,,,202.3393154144287,10.0,115.0,4336.0,0.3598460257053375,0.9999991059303284,0.0009999995650289,0.001,False,128.0,128.0,,,SGD
train,,,,,,,202.3877618312836,10.0,116.0,4337.0,0.4314342737197876,0.9999990463256836,0.0010000001437882,0.001,False,128.0,128.0,,,SGD
train,,,,,,,202.44054865837097,10.0,117.0,4338.0,0.499516487121582,0.9999990463256836,0.0009999960025373,0.001,False,128.0,128.0,,,SGD
train,,,,,,,202.4918274879456,10.0,118.0,4339.0,0.3484358489513397,0.9999990463256836,0.0010000004731358,0.001,False,128.0,128.0,,,SGD
train,,,,,,,202.54229402542117,10.0,119.0,4340.0,0.4076540470123291,0.9999989867210388,0.0007893100079764,0.001,False,128.0,128.0,,,SGD
train,,,,,,,202.5835766792297,10.0,120.0,4341.0,0.5124243497848511,0.7893109321594238,0.0009999972535963,0.001,False,128.0,128.0,,,SGD
train,,,,,,,202.63523507118225,10.0,121.0,4342.0,0.5038103461265564,0.9999990463256836,0.0009999986084876,0.001,False,128.0,128.0,,,SGD
train,,,,,,,202.682799577713,10.0,122.0,4343.0,0.4898520112037658,0.9999991059303284,0.00097544665579,0.001,False,128.0,128.0,,,SGD
train,,,,,,,202.73826360702515,10.0,123.0,4344.0,0.4858661293983459,0.9754440188407898,0.0009999986433209,0.001,False,128.0,128.0,,,SGD
train,,,,,,,202.78549885749817,10.0,124.0,4345.0,0.4300872981548309,0.9999991655349731,0.0008421227606576,0.001,False,128.0,128.0,,,SGD
train,,,,,,,202.8331491947174,10.0,125.0,4346.0,0.420314222574234,0.8421213626861572,0.0009999993983843,0.001,False,128.0,128.0,,,SGD
train,,,,,,,202.8799798488617,10.0,126.0,4347.0,0.4638400673866272,0.9999989867210388,0.0010000006905173,0.001,False,128.0,128.0,,,SGD
train,,,,,,,202.92493391036987,10.0,127.0,4348.0,0.4119378328323364,0.9999991059303284,0.0009999991025096,0.001,False,128.0,128.0,,,SGD
train,,,,,,,202.97664546966556,10.0,128.0,4349.0,0.4110207259654999,0.9999990463256836,0.0009142286168834,0.001,False,128.0,128.0,,,SGD
train,,,,,,,203.0263364315033,10.0,129.0,4350.0,0.4596998393535614,0.9142270684242249,0.0009999980798818,0.001,False,128.0,128.0,,,SGD
train,,,,,,,203.27263951301572,10.0,130.0,4351.0,0.4707967638969421,0.9999989867210388,0.0008842527635417,0.001,False,128.0,128.0,,,SGD
train,,,,,,,203.31260681152344,10.0,131.0,4352.0,0.4955603778362274,0.8842516541481018,0.0010000007917696,0.001,False,128.0,128.0,,,SGD
train,,,,,,,203.34925413131717,10.0,132.0,4353.0,0.4430369734764099,0.9999991059303284,0.0009787455720389,0.001,False,128.0,128.0,,,SGD
train,,,,,,,203.393846988678,10.0,133.0,4354.0,0.4820984899997711,0.9787453413009644,0.0009180149407378,0.001,False,128.0,128.0,,,SGD
train,,,,,,,203.43194365501404,10.0,134.0,4355.0,0.5053949952125549,0.9180155396461488,0.0010000011084326,0.001,False,128.0,128.0,,,SGD
train,,,,,,,203.47183847427368,10.0,135.0,4356.0,0.4231442511081695,0.9999991059303284,0.0009448282073615,0.001,False,128.0,128.0,,,SGD
train,,,,,,,203.5141236782074,10.0,136.0,4357.0,0.478568285703659,0.9448269009590148,0.0009458971064069,0.001,False,128.0,128.0,,,SGD
train,,,,,,,203.55249166488647,10.0,137.0,4358.0,0.401259034872055,0.9458982348442078,0.0009177877963279,0.001,False,128.0,128.0,,,SGD
train,,,,,,,203.59883165359497,10.0,138.0,4359.0,0.568164050579071,0.9177866578102112,0.0009999974475528,0.001,False,128.0,128.0,,,SGD
train,,,,,,,203.63693356513977,10.0,139.0,4360.0,0.451663076877594,0.9999991059303284,0.0009999989917093,0.001,False,128.0,128.0,,,SGD
train,,,,,,,203.67554259300232,10.0,140.0,4361.0,0.5888573527336121,0.9999990463256836,0.0010000003364674,0.001,False,128.0,128.0,,,SGD
train,,,,,,,203.7164797782898,10.0,141.0,4362.0,0.5246483087539673,0.9999991655349731,0.0009333075378491,0.001,False,128.0,128.0,,,SGD
train,,,,,,,203.76816987991333,10.0,142.0,4363.0,0.4014697670936584,0.9333087801933287,0.0009999967645139,0.001,False,128.0,128.0,,,SGD
train,,,,,,,203.80632853508,10.0,143.0,4364.0,0.4562912881374359,0.999999225139618,0.0009999984751218,0.001,False,128.0,128.0,,,SGD
train,,,,,,,203.84741806983948,10.0,144.0,4365.0,0.5669521689414978,0.9999991059303284,0.0009999982970973,0.001,False,128.0,128.0,,,SGD
train,,,,,,,203.8929762840271,10.0,145.0,4366.0,0.3634828925132751,0.9999991655349731,0.0009999997825494,0.001,False,128.0,128.0,,,SGD
train,,,,,,,203.9306838512421,10.0,146.0,4367.0,0.3942976891994476,0.9999991655349731,0.0008448518412409,0.001,False,128.0,128.0,,,SGD
train,,,,,,,203.9703688621521,10.0,147.0,4368.0,0.4063408672809601,0.8448513150215149,0.0008843445424216,0.001,False,128.0,128.0,,,SGD
train,,,,,,,204.0178861618042,10.0,148.0,4369.0,0.3787591457366943,0.884343683719635,0.0008043458626832,0.001,False,128.0,128.0,,,SGD
train,,,,,,,204.05738592147827,10.0,149.0,4370.0,0.4114167690277099,0.8043454885482788,0.0008843954705146,0.001,False,128.0,128.0,,,SGD
train,,,,,,,204.0921041965485,10.0,150.0,4371.0,0.5425131320953369,0.8843929767608643,0.0009570025078156,0.001,False,128.0,128.0,,,SGD
train,,,,,,,204.14044904708865,10.0,151.0,4372.0,0.4450998902320862,0.9570043087005616,0.0009999992178619,0.001,False,128.0,128.0,,,SGD
train,,,,,,,204.1815643310547,10.0,152.0,4373.0,0.4341133832931518,0.999999225139618,0.0008345132786799,0.001,False,128.0,128.0,,,SGD
train,,,,,,,204.22112250328064,10.0,153.0,4374.0,0.4295911490917206,0.8345143795013428,0.0010000023068886,0.001,False,128.0,128.0,,,SGD
train,,,,,,,204.28079557418823,10.0,154.0,4375.0,0.4603581428527832,0.999999225139618,0.0009380355601311,0.001,False,128.0,128.0,,,SGD
train,,,,,,,204.33557653427124,10.0,155.0,4376.0,0.3794314265251159,0.938036561012268,0.0008741112474981,0.001,False,128.0,128.0,,,SGD
train,,,,,,,204.37225103378296,10.0,156.0,4377.0,0.5221100449562073,0.8741103410720825,0.0010000003669985,0.001,False,128.0,128.0,,,SGD
train,,,,,,,204.41013169288635,10.0,157.0,4378.0,0.4022194147109985,0.9999992847442628,0.0009783792090929,0.001,False,128.0,128.0,,,SGD
train,,,,,,,204.4503402709961,10.0,158.0,4379.0,0.4225175380706787,0.9783787727355956,0.0009999970358532,0.001,False,128.0,128.0,,,SGD
train,,,,,,,204.4943754673004,10.0,159.0,4380.0,0.4755662381649017,0.9999989867210388,0.0009999990598215,0.001,False,128.0,128.0,,,SGD
train,,,,,,,204.5355784893036,10.0,160.0,4381.0,0.3919833898544311,0.9999990463256836,0.0009695120715069,0.001,False,128.0,128.0,,,SGD
train,,,,,,,204.57695817947388,10.0,161.0,4382.0,0.5112658739089966,0.969511866569519,0.0009999986327182,0.001,False,128.0,128.0,,,SGD
train,,,,,,,204.61509704589844,10.0,162.0,4383.0,0.4969433844089508,0.999999225139618,0.0009999995239506,0.001,False,128.0,128.0,,,SGD
train,,,,,,,204.6539237499237,10.0,163.0,4384.0,0.4414747953414917,0.9999991655349731,0.000947180911912,0.001,False,128.0,128.0,,,SGD
train,,,,,,,204.6935245990753,10.0,164.0,4385.0,0.4924341142177582,0.947181522846222,0.0009999960167482,0.001,False,128.0,128.0,,,SGD
train,,,,,,,204.74347472190857,10.0,165.0,4386.0,0.4410956501960754,0.9999990463256836,0.0009999987748825,0.001,False,128.0,128.0,,,SGD
train,,,,,,,204.79388523101807,10.0,166.0,4387.0,0.5123925805091858,0.9999992847442628,0.0009999990071414,0.001,False,128.0,128.0,,,SGD
train,,,,,,,204.8373396396637,10.0,167.0,4388.0,0.4462690651416778,0.9999991655349731,0.0009999976029289,0.001,False,128.0,128.0,,,SGD
train,,,,,,,204.88075590133667,10.0,168.0,4389.0,0.4416126310825348,0.9999991655349731,0.0008501619056908,0.001,False,128.0,128.0,,,SGD
train,,,,,,,204.93081712722775,10.0,169.0,4390.0,0.4652822315692901,0.8501620292663574,0.0008498451937075,0.001,False,128.0,128.0,,,SGD
train,,,,,,,204.9769344329834,10.0,170.0,4391.0,0.5127708911895752,0.8498452305793762,0.0009250238402716,0.001,False,128.0,128.0,,,SGD
train,,,,,,,205.0131893157959,10.0,171.0,4392.0,0.3602921068668365,0.9250227212905884,0.0009489013757165,0.001,False,128.0,128.0,,,SGD
train,,,,,,,205.05660247802732,10.0,172.0,4393.0,0.4682073593139648,0.9489009976387024,0.0009661006940054,0.001,False,128.0,128.0,,,SGD
train,,,,,,,205.10239553451535,10.0,173.0,4394.0,0.4338245987892151,0.9660993218421936,0.0008379816797985,0.001,False,128.0,128.0,,,SGD
train,,,,,,,205.1411440372467,10.0,174.0,4395.0,0.4557048678398132,0.8379818797111511,0.0009999975688727,0.001,False,128.0,128.0,,,SGD
train,,,,,,,205.1784234046936,10.0,175.0,4396.0,0.5437926650047302,0.9999990463256836,0.0009999988683634,0.001,False,128.0,128.0,,,SGD
train,,,,,,,205.2220838069916,10.0,176.0,4397.0,0.4440705180168152,0.9999991059303284,0.0009795440797483,0.001,False,128.0,128.0,,,SGD
train,,,,,,,205.2690382003784,10.0,177.0,4398.0,0.443318098783493,0.9795443415641784,0.0009999999033694,0.001,False,128.0,128.0,,,SGD
train,,,,,,,205.31305241584775,10.0,178.0,4399.0,0.5190441608428955,0.9999990463256836,0.0009999992392337,0.001,False,128.0,128.0,,,SGD
train,,,,,,,205.35518789291385,10.0,179.0,4400.0,0.4472575783729553,0.9999991059303284,0.000872827882595,0.001,False,128.0,128.0,,,SGD
train,,,,,,,205.40105772018435,10.0,180.0,4401.0,0.6369218826293945,0.8728277683258057,0.0009999979809329,0.001,False,128.0,128.0,,,SGD
train,,,,,,,205.44482231140137,10.0,181.0,4402.0,0.4503353238105774,0.9999991655349731,0.0007985187941429,0.001,False,128.0,128.0,,,SGD
train,,,,,,,205.48746180534363,10.0,182.0,4403.0,0.4923956394195556,0.7985202074050903,0.0009943016235649,0.001,False,128.0,128.0,,,SGD
train,,,,,,,205.5264012813568,10.0,183.0,4404.0,0.523657500743866,0.9943025708198548,0.0009999995604492,0.001,False,128.0,128.0,,,SGD
train,,,,,,,205.5654301643372,10.0,184.0,4405.0,0.3624153137207031,0.9999991059303284,0.0009654071064837,0.001,False,128.0,128.0,,,SGD
train,,,,,,,205.61169385910037,10.0,185.0,4406.0,0.4022461175918579,0.9654079675674438,0.0008861746870747,0.001,False,128.0,128.0,,,SGD
train,,,,,,,205.65135073661804,10.0,186.0,4407.0,0.5058878660202026,0.8861753344535828,0.0010000030806842,0.001,False,128.0,128.0,,,SGD
train,,,,,,,205.69285321235657,10.0,187.0,4408.0,0.3412796556949615,0.9999991059303284,0.0009999991122241,0.001,False,128.0,128.0,,,SGD
train,,,,,,,205.7406795024872,10.0,188.0,4409.0,0.4262027442455292,0.9999990463256836,0.0009999975878299,0.001,False,128.0,128.0,,,SGD
train,,,,,,,205.78265023231504,10.0,189.0,4410.0,0.460762083530426,0.9999991655349731,0.0009999991173311,0.001,False,128.0,128.0,,,SGD
train,,,,,,,205.82456183433533,10.0,190.0,4411.0,0.4336841106414795,0.999999225139618,0.000905761238332,0.001,False,128.0,128.0,,,SGD
train,,,,,,,205.87047028541565,10.0,191.0,4412.0,0.4014108777046203,0.9057623147964478,0.0009436273405903,0.001,False,128.0,128.0,,,SGD
train,,,,,,,205.9159173965454,10.0,192.0,4413.0,0.4159719944000244,0.943625271320343,0.0009917392292648,0.001,False,128.0,128.0,,,SGD
train,,,,,,,205.9586534500122,10.0,193.0,4414.0,0.4186215698719024,0.9917413592338562,0.0010000002178956,0.001,False,128.0,128.0,,,SGD
train,,,,,,,206.0010039806366,10.0,194.0,4415.0,0.4571748971939087,0.9999991655349731,0.0009999996197629,0.001,False,128.0,128.0,,,SGD
train,,,,,,,206.046950340271,10.0,195.0,4416.0,0.4711440205574035,0.9999991059303284,0.0008961115715581,0.001,False,128.0,128.0,,,SGD
train,,,,,,,206.0933122634888,10.0,196.0,4417.0,0.4445348381996155,0.8961102962493896,0.000999999044889,0.001,False,128.0,128.0,,,SGD
train,,,,,,,206.14199686050412,10.0,197.0,4418.0,0.6269422769546509,0.9999991655349731,0.000999998990488,0.001,False,128.0,128.0,,,SGD
train,,,,,,,206.18754410743716,10.0,198.0,4419.0,0.4119757115840912,0.9999991655349731,0.0008183783859436,0.001,False,128.0,128.0,,,SGD
train,,,,,,,206.2308080196381,10.0,199.0,4420.0,0.5407084226608276,0.8183778524398804,0.0009999966306761,0.001,False,128.0,128.0,,,SGD
train,,,,,,,206.2860164642334,10.0,200.0,4421.0,0.5691196322441101,0.9999991655349731,0.0009617476671601,0.001,False,128.0,128.0,,,SGD
train,,,,,,,206.33429431915283,10.0,201.0,4422.0,0.4478168785572052,0.9617482423782348,0.0009073077319615,0.001,False,128.0,128.0,,,SGD
train,,,,,,,206.388130903244,10.0,202.0,4423.0,0.4976235926151275,0.907306969165802,0.0009658785940081,0.001,False,128.0,128.0,,,SGD
train,,,,,,,206.43843746185303,10.0,203.0,4424.0,0.4727815985679626,0.9658789038658142,0.0008929032881683,0.001,False,128.0,128.0,,,SGD
train,,,,,,,206.47876858711243,10.0,204.0,4425.0,0.4991693794727325,0.8929036855697632,0.0009999991498052,0.001,False,128.0,128.0,,,SGD
train,,,,,,,206.519629240036,10.0,205.0,4426.0,0.4483076930046081,0.9999990463256836,0.0009948221260278,0.001,False,128.0,128.0,,,SGD
train,,,,,,,206.57175850868225,10.0,206.0,4427.0,0.4594050943851471,0.9948230385780334,0.0008505097059133,0.001,False,128.0,128.0,,,SGD
train,,,,,,,206.6179075241089,10.0,207.0,4428.0,0.5234141945838928,0.8505089282989502,0.0009999989325898,0.001,False,128.0,128.0,,,SGD
train,,,,,,,206.66838932037356,10.0,208.0,4429.0,0.4022436738014221,0.9999992847442628,0.0009064321008715,0.001,False,128.0,128.0,,,SGD
train,,,,,,,206.7206876277924,10.0,209.0,4430.0,0.4084707200527191,0.9064337015151978,0.0009999989946514,0.001,False,128.0,128.0,,,SGD
train,,,,,,,206.77439761161804,10.0,210.0,4431.0,0.4562593698501587,0.9999990463256836,0.0010000000457,0.001,False,128.0,128.0,,,SGD
train,,,,,,,206.82477498054504,10.0,211.0,4432.0,0.4825107455253601,0.9999990463256836,0.000982666114047,0.001,False,128.0,128.0,,,SGD
train,,,,,,,206.87687349319455,10.0,212.0,4433.0,0.3832674026489258,0.9826661944389344,0.0008975738617258,0.001,False,128.0,128.0,,,SGD
train,,,,,,,206.92790913581848,10.0,213.0,4434.0,0.4549668729305267,0.8975739479064941,0.0010000009976602,0.001,False,128.0,128.0,,,SGD
train,,,,,,,206.9841206073761,10.0,214.0,4435.0,0.5245065689086914,0.9999991059303284,0.0009999982607097,0.001,False,128.0,128.0,,,SGD
train,,,,,,,207.0393784046173,10.0,215.0,4436.0,0.34909588098526,0.9999989867210388,0.0010000005720566,0.001,False,128.0,128.0,,,SGD
train,,,,,,,207.08906054496765,10.0,216.0,4437.0,0.4694163203239441,0.9999992847442628,0.0009466481582499,0.001,False,128.0,128.0,,,SGD
train,,,,,,,207.12859201431277,10.0,217.0,4438.0,0.4467341005802154,0.9466498494148254,0.0009021262768171,0.001,False,128.0,128.0,,,SGD
train,,,,,,,207.17804384231567,10.0,218.0,4439.0,0.4660990238189697,0.9021257162094116,0.0009999998853838,0.001,False,128.0,128.0,,,SGD
train,,,,,,,207.22687816619876,10.0,219.0,4440.0,0.4108649790287018,0.9999991655349731,0.0009999978133167,0.001,False,128.0,128.0,,,SGD
train,,,,,,,207.29496574401853,10.0,220.0,4441.0,0.5649200081825256,0.9999991655349731,0.0009999996171538,0.001,False,128.0,128.0,,,SGD
train,,,,,,,207.3522732257843,10.0,221.0,4442.0,0.374137669801712,0.9999991655349731,0.0008686863439471,0.001,False,128.0,128.0,,,SGD
train,,,,,,,207.4014263153076,10.0,222.0,4443.0,0.3763883113861084,0.8686882853507996,0.0008961143544782,0.001,False,128.0,128.0,,,SGD
train,,,,,,,207.4501900672913,10.0,223.0,4444.0,0.4222672283649444,0.8961141109466553,0.0008244813247853,0.001,False,128.0,128.0,,,SGD
train,,,,,,,207.49359846115112,10.0,224.0,4445.0,0.4205136895179748,0.8244802951812744,0.0010000009091755,0.001,False,128.0,128.0,,,SGD
train,,,,,,,207.5355532169342,10.0,225.0,4446.0,0.4616282284259796,0.9999990463256836,0.0009999985110654,0.001,False,128.0,128.0,,,SGD
train,,,,,,,207.58638405799863,10.0,226.0,4447.0,0.3992443978786468,0.9999990463256836,0.000814171044542,0.001,False,128.0,128.0,,,SGD
train,,,,,,,207.63322114944455,10.0,227.0,4448.0,0.4177549481391907,0.8141706585884094,0.0010000011326632,0.001,False,128.0,128.0,,,SGD
train,,,,,,,207.6803233623505,10.0,228.0,4449.0,0.5385310053825378,0.9999990463256836,0.0010000007478603,0.001,False,128.0,128.0,,,SGD
train,,,,,,,207.73719382286072,10.0,229.0,4450.0,0.3463048338890075,0.9999991059303284,0.0009999991803918,0.001,False,128.0,128.0,,,SGD
train,,,,,,,207.79127526283264,10.0,230.0,4451.0,0.3217012882232666,0.9999990463256836,0.00086984550322,0.001,False,128.0,128.0,,,SGD
train,,,,,,,207.8373022079468,10.0,231.0,4452.0,0.4513148665428161,0.8698432445526123,0.000928386381424,0.001,False,128.0,128.0,,,SGD
train,,,,,,,207.8811550140381,10.0,232.0,4453.0,0.3678237199783325,0.9283846616744996,0.0008563391642988,0.001,False,128.0,128.0,,,SGD
train,,,,,,,207.9256830215454,10.0,233.0,4454.0,0.4124223887920379,0.8563399314880371,0.00085925702346,0.001,False,128.0,128.0,,,SGD
train,,,,,,,207.9740183353424,10.0,234.0,4455.0,0.4643646776676178,0.8592560291290283,0.0009589724619175,0.001,False,128.0,128.0,,,SGD
train,,,,,,,208.02232146263125,10.0,235.0,4456.0,0.5238964557647705,0.9589729309082032,0.0009999975793366,0.001,False,128.0,128.0,,,SGD
train,,,,,,,208.06859230995175,10.0,236.0,4457.0,0.5308773517608643,0.999999225139618,0.000999998181967,0.001,False,128.0,128.0,,,SGD
train,,,,,,,208.11378526687625,10.0,237.0,4458.0,0.3280546069145202,0.9999991655349731,0.000825555935361,0.001,False,128.0,128.0,,,SGD
train,,,,,,,208.16343998909,10.0,238.0,4459.0,0.4772065579891205,0.825554370880127,0.0009999998734489,0.001,False,128.0,128.0,,,SGD
train,,,,,,,208.2110424041748,10.0,239.0,4460.0,0.4445987939834595,0.9999990463256836,0.0009188809618984,0.001,False,128.0,128.0,,,SGD
train,,,,,,,208.2593638896942,10.0,240.0,4461.0,0.4339370131492615,0.9188797473907472,0.0008883911098838,0.001,False,128.0,128.0,,,SGD
train,,,,,,,208.3177673816681,10.0,241.0,4462.0,0.5033061504364014,0.88839191198349,0.0009347624024792,0.001,False,128.0,128.0,,,SGD
train,,,,,,,208.3644504547119,10.0,242.0,4463.0,0.4571357071399688,0.9347620606422424,0.0009999980548462,0.001,False,128.0,128.0,,,SGD
train,,,,,,,208.419504404068,10.0,243.0,4464.0,0.3998961150646209,0.9999991655349731,0.0009999998095,0.001,False,128.0,128.0,,,SGD
train,,,,,,,208.5009932518005,10.0,244.0,4465.0,0.5374417901039124,0.9999991059303284,0.0010000000216637,0.001,False,128.0,128.0,,,SGD
train,,,,,,,208.66011929512024,10.0,245.0,4466.0,0.4402933716773987,0.9999991655349731,0.0010000001218891,0.001,False,128.0,128.0,,,SGD
train,,,,,,,208.70248436927795,10.0,246.0,4467.0,0.4011637568473816,0.9999991655349731,0.0008548980919313,0.001,False,128.0,128.0,,,SGD
train,,,,,,,208.7546694278717,10.0,247.0,4468.0,0.4849207699298858,0.8548972010612488,0.0009999993469254,0.001,False,128.0,128.0,,,SGD
train,,,,,,,208.8003089427948,10.0,248.0,4469.0,0.5684089660644531,0.999999225139618,0.0009999966486895,0.001,False,128.0,128.0,,,SGD
train,,,,,,,208.84502124786377,10.0,249.0,4470.0,0.5017493367195129,0.9999990463256836,0.0009999981365032,0.001,False,128.0,128.0,,,SGD
train,,,,,,,208.89829468727112,10.0,250.0,4471.0,0.4793649315834045,0.9999991655349731,0.0009070021487004,0.001,False,128.0,128.0,,,SGD
train,,,,,,,208.93807649612427,10.0,251.0,4472.0,0.4389993548393249,0.9070026874542236,0.0008781626968166,0.001,False,128.0,128.0,,,SGD
train,,,,,,,208.97982168197632,10.0,252.0,4473.0,0.5129308104515076,0.8781619668006897,0.0010000005840886,0.001,False,128.0,128.0,,,SGD
train,,,,,,,209.02256989479065,10.0,253.0,4474.0,0.4572190344333648,0.9999991059303284,0.000972622315815,0.001,False,128.0,128.0,,,SGD
train,,,,,,,209.06888365745544,10.0,254.0,4475.0,0.4898074567317962,0.9726223349571228,0.0009457412374173,0.001,False,128.0,128.0,,,SGD
train,,,,,,,209.1153147220612,10.0,255.0,4476.0,0.3691868782043457,0.945740520954132,0.0009575094762288,0.001,False,128.0,128.0,,,SGD
train,,,,,,,209.1607122421265,10.0,256.0,4477.0,0.3784796893596649,0.9575086832046508,0.0009999989490211,0.001,False,128.0,128.0,,,SGD
train,,,,,,,209.20385193824768,10.0,257.0,4478.0,0.532103419303894,0.9999990463256836,0.0009440230795625,0.001,False,128.0,128.0,,,SGD
train,,,,,,,209.24928760528564,10.0,258.0,4479.0,0.4454202950000763,0.9440228939056396,0.0009829129853464,0.001,False,128.0,128.0,,,SGD
train,,,,,,,209.30248546600345,10.0,259.0,4480.0,0.4692813456058502,0.9829128384590148,0.0009999981594849,0.001,False,128.0,128.0,,,SGD
train,,,,,,,209.34820938110352,10.0,260.0,4481.0,0.5370815992355347,0.9999991059303284,0.0009618570778513,0.001,False,128.0,128.0,,,SGD
train,,,,,,,209.4021761417389,10.0,261.0,4482.0,0.3233390152454376,0.9618582129478456,0.0009999982482474,0.001,False,128.0,128.0,,,SGD
train,,,,,,,209.45407843589783,10.0,262.0,4483.0,0.2791634798049927,0.9999991059303284,0.0007938208437393,0.001,False,128.0,128.0,,,SGD
train,,,,,,,209.49747323989868,10.0,263.0,4484.0,0.4475668370723724,0.793820858001709,0.0009999993343244,0.001,False,128.0,128.0,,,SGD
train,,,,,,,209.53994965553284,10.0,264.0,4485.0,0.4411906003952026,0.9999991059303284,0.0009999974282349,0.001,False,128.0,128.0,,,SGD
train,,,,,,,209.58425903320312,10.0,265.0,4486.0,0.4262854754924774,0.9999991059303284,0.0008747339538976,0.001,False,128.0,128.0,,,SGD
train,,,,,,,209.6257781982422,10.0,266.0,4487.0,0.5514312982559204,0.8747317790985107,0.0009784780931232,0.001,False,128.0,128.0,,,SGD
train,,,,,,,209.6620671749115,10.0,267.0,4488.0,0.4636281728744507,0.9784777760505676,0.0009999978672181,0.001,False,128.0,128.0,,,SGD
train,,,,,,,209.70233011245728,10.0,268.0,4489.0,0.4334830045700073,0.9999991059303284,0.000989691405894,0.001,False,128.0,128.0,,,SGD
train,,,,,,,209.7441656589508,10.0,269.0,4490.0,0.4599847197532654,0.9896912574768066,0.0009294917138163,0.001,False,128.0,128.0,,,SGD
train,,,,,,,209.7885115146637,10.0,270.0,4491.0,0.4490178227424621,0.9294913411140442,0.0009999991667083,0.001,False,128.0,128.0,,,SGD
train,,,,,,,209.83316683769223,10.0,271.0,4492.0,0.4387072324752807,0.999999225139618,0.0008223389297542,0.001,False,128.0,128.0,,,SGD
train,,,,,,,209.87325739860532,10.0,272.0,4493.0,0.4096900224685669,0.8223386406898499,0.0008653825221872,0.001,False,128.0,128.0,,,SGD
train,,,,,,,209.9198977947235,10.0,273.0,4494.0,0.4797321856021881,0.8653831481933594,0.0010000008070906,0.001,False,128.0,128.0,,,SGD
train,,,,,,,209.9636824131012,10.0,274.0,4495.0,0.458689421415329,0.9999991059303284,0.0009314461237496,0.001,False,128.0,128.0,,,SGD
train,,,,,,,210.008229970932,10.0,275.0,4496.0,0.4650554955005646,0.9314454197883606,0.0009999965721949,0.001,False,128.0,128.0,,,SGD
train,,,,,,,210.05008840560916,10.0,276.0,4497.0,0.3766076266765594,0.9999991059303284,0.0009618509561255,0.001,False,128.0,128.0,,,SGD
train,,,,,,,210.0882375240326,10.0,277.0,4498.0,0.4183608591556549,0.961848795413971,0.000999999324832,0.001,False,128.0,128.0,,,SGD
train,,,,,,,210.1338393688202,10.0,278.0,4499.0,0.5235143303871155,0.9999991655349731,0.0009410389372119,0.001,False,128.0,128.0,,,SGD
train,,,,,,,210.18737053871155,10.0,279.0,4500.0,0.5320214629173279,0.94103741645813,0.0009040558673513,0.001,False,128.0,128.0,,,SGD
train,,,,,,,210.22695899009705,10.0,280.0,4501.0,0.4827719032764435,0.9040549993515016,0.0009999996737197,0.001,False,128.0,128.0,,,SGD
train,,,,,,,210.27037048339844,10.0,281.0,4502.0,0.3640151619911194,0.9999989867210388,0.0008024984327475,0.001,False,128.0,128.0,,,SGD
train,,,,,,,210.3166377544403,10.0,282.0,4503.0,0.4703881740570068,0.8024976849555969,0.0009999992446738,0.001,False,128.0,128.0,,,SGD
train,,,,,,,210.3579957485199,10.0,283.0,4504.0,0.410378485918045,0.9999990463256836,0.0009999989376414,0.001,False,128.0,128.0,,,SGD
train,,,,,,,210.40233278274536,10.0,284.0,4505.0,0.5020959973335266,0.999998927116394,0.0008998581744045,0.001,False,128.0,128.0,,,SGD
train,,,,,,,210.4516224861145,10.0,285.0,4506.0,0.4570586681365967,0.8998575806617737,0.0010000007270991,0.001,False,128.0,128.0,,,SGD
train,,,,,,,210.49988794326785,10.0,286.0,4507.0,0.5140008926391602,0.9999991655349731,0.0010000006906838,0.001,False,128.0,128.0,,,SGD
train,,,,,,,210.5499129295349,10.0,287.0,4508.0,0.4107079207897186,0.9999991655349731,0.0009710640047896,0.001,False,128.0,128.0,,,SGD
train,,,,,,,210.5896797180176,10.0,288.0,4509.0,0.3190824687480926,0.9710627794265748,0.0007805501632354,0.001,False,128.0,128.0,,,SGD
train,,,,,,,210.6322066783905,10.0,289.0,4510.0,0.3990850150585174,0.7805502414703369,0.0008224569228713,0.001,False,128.0,128.0,,,SGD
train,,,,,,,210.6737334728241,10.0,290.0,4511.0,0.4693619012832641,0.8224571347236633,0.0009999980594536,0.001,False,128.0,128.0,,,SGD
train,,,,,,,210.7133412361145,10.0,291.0,4512.0,0.6254289746284485,0.9999990463256836,0.0009999987004974,0.001,False,128.0,128.0,,,SGD
train,,,,,,,210.75646090507507,10.0,292.0,4513.0,0.4824994206428528,0.999999225139618,0.0010000008500007,0.001,False,128.0,128.0,,,SGD
train,,,,,,,210.7998788356781,10.0,293.0,4514.0,0.3590605854988098,0.9999991059303284,0.0009999952091129,0.001,False,128.0,128.0,,,SGD
train,,,,,,,210.8494746685028,10.0,294.0,4515.0,0.3258467614650726,0.9999990463256836,0.0009289198021648,0.001,False,128.0,128.0,,,SGD
train,,,,,,,210.8955099582672,10.0,295.0,4516.0,0.4089256525039673,0.9289202094078064,0.0009263954247518,0.001,False,128.0,128.0,,,SGD
train,,,,,,,210.94390201568604,10.0,296.0,4517.0,0.3706249296665191,0.9263939261436462,0.0007610748170306,0.001,False,128.0,128.0,,,SGD
train,,,,,,,210.9845352172852,10.0,297.0,4518.0,0.3756965398788452,0.7610759735107422,0.0009380734353846,0.001,False,128.0,128.0,,,SGD
train,,,,,,,211.0251979827881,10.0,298.0,4519.0,0.5277827382087708,0.9380730986595154,0.0009999982020204,0.001,False,128.0,128.0,,,SGD
train,,,,,,,211.0674884319305,10.0,299.0,4520.0,0.4154042899608612,0.9999989867210388,0.0008788693793207,0.001,False,128.0,128.0,,,SGD
train,,,,,,,211.11482310295105,10.0,300.0,4521.0,0.3640640676021576,0.8788684606552124,0.0009040226346856,0.001,False,128.0,128.0,,,SGD
train,,,,,,,211.15865659713745,10.0,301.0,4522.0,0.414393663406372,0.9040226936340332,0.0008574242738459,0.001,False,128.0,128.0,,,SGD
train,,,,,,,211.2004795074463,10.0,302.0,4523.0,0.406465470790863,0.8574233651161194,0.000937478162222,0.001,False,128.0,128.0,,,SGD
train,,,,,,,211.2478051185608,10.0,303.0,4524.0,0.533978283405304,0.937477171421051,0.0009999969272176,0.001,False,128.0,128.0,,,SGD
train,,,,,,,211.29792165756223,10.0,304.0,4525.0,0.4106817841529846,0.9999989867210388,0.000999998147661,0.001,False,128.0,128.0,,,SGD
train,,,,,,,211.34539985656735,10.0,305.0,4526.0,0.4282333254814148,0.9999991655349731,0.0008630786971853,0.001,False,128.0,128.0,,,SGD
train,,,,,,,211.38777923583984,10.0,306.0,4527.0,0.4690708518028259,0.8630774021148682,0.0009137247416971,0.001,False,128.0,128.0,,,SGD
train,,,,,,,211.43939065933228,10.0,307.0,4528.0,0.327982634305954,0.9137234091758728,0.000753728137286,0.001,False,128.0,128.0,,,SGD
train,,,,,,,211.484299659729,10.0,308.0,4529.0,0.4242588579654693,0.7537283301353455,0.0008694896861736,0.001,False,128.0,128.0,,,SGD
train,,,,,,,211.52915048599243,10.0,309.0,4530.0,0.2857608795166015,0.8694932460784912,0.0008118628954049,0.001,False,128.0,128.0,,,SGD
train,,,,,,,211.5760054588318,10.0,310.0,4531.0,0.4328728318214416,0.811863899230957,0.0009597081101902,0.001,False,128.0,128.0,,,SGD
train,,,,,,,211.6206080913544,10.0,311.0,4532.0,0.3968942165374756,0.9597083926200868,0.0009393659409617,0.001,False,128.0,128.0,,,SGD
train,,,,,,,211.66738057136536,10.0,312.0,4533.0,0.3496886789798736,0.9393672943115234,0.0009540427386765,0.001,False,128.0,128.0,,,SGD
train,,,,,,,211.70962977409363,10.0,313.0,4534.0,0.4383808374404907,0.9540445804595948,0.0009700330466683,0.001,False,128.0,128.0,,,SGD
train,,,,,,,211.74992108345032,10.0,314.0,4535.0,0.3997634649276733,0.9700328707695008,0.0008654164358391,0.001,False,128.0,128.0,,,SGD
train,,,,,,,211.78887367248532,10.0,315.0,4536.0,0.5509505271911621,0.8654149174690247,0.0009999994535069,0.001,False,128.0,128.0,,,SGD
train,,,,,,,211.8441665172577,10.0,316.0,4537.0,0.4737911224365234,0.9999992847442628,0.0010000001921939,0.001,False,128.0,128.0,,,SGD
train,,,,,,,211.88581204414368,10.0,317.0,4538.0,0.4235221743583679,0.9999989867210388,0.0010000011438765,0.001,False,128.0,128.0,,,SGD
train,,,,,,,211.92636227607727,10.0,318.0,4539.0,0.3386509418487549,0.9999990463256836,0.0009569791341774,0.001,False,128.0,128.0,,,SGD
train,,,,,,,211.971773147583,10.0,319.0,4540.0,0.368088960647583,0.956977605819702,0.0009548494994849,0.001,False,128.0,128.0,,,SGD
train,,,,,,,212.00975251197812,10.0,320.0,4541.0,0.5646997094154358,0.9548476934432985,0.0009161868586021,0.001,False,128.0,128.0,,,SGD
train,,,,,,,212.05345678329468,10.0,321.0,4542.0,0.5115472078323364,0.9161846041679382,0.0009999979053266,0.001,False,128.0,128.0,,,SGD
train,,,,,,,212.09801411628723,10.0,322.0,4543.0,0.4254940152168274,0.9999991059303284,0.0009999985467313,0.001,False,128.0,128.0,,,SGD
train,,,,,,,212.14488625526428,10.0,323.0,4544.0,0.5053074359893799,0.9999991059303284,0.0009664110409496,0.001,False,128.0,128.0,,,SGD
train,,,,,,,212.18362164497373,10.0,324.0,4545.0,0.548168420791626,0.9664101600646972,0.0009758721345251,0.001,False,128.0,128.0,,,SGD
train,,,,,,,212.22774481773376,10.0,325.0,4546.0,0.3927773535251617,0.9758697748184204,0.0010000005167397,0.001,False,128.0,128.0,,,SGD
train,,,,,,,212.27908515930176,10.0,326.0,4547.0,0.5180758237838745,0.999999225139618,0.0010000005803832,0.001,False,128.0,128.0,,,SGD
train,,,,,,,212.32219219207764,10.0,327.0,4548.0,0.3989681005477905,0.9999991655349731,0.0009474912437014,0.001,False,128.0,128.0,,,SGD
train,,,,,,,212.36418104171756,10.0,328.0,4549.0,0.4625288546085357,0.947492778301239,0.001000000945341,0.001,False,128.0,128.0,,,SGD
train,,,,,,,212.40449595451355,10.0,329.0,4550.0,0.4973697364330292,0.9999990463256836,0.0009038092027659,0.001,False,128.0,128.0,,,SGD
train,,,,,,,212.44840288162231,10.0,330.0,4551.0,0.4717743098735809,0.9038097262382508,0.0009728181657758,0.001,False,128.0,128.0,,,SGD
train,,,,,,,212.49366569519043,10.0,331.0,4552.0,0.4427619874477386,0.9728200435638428,0.0009075148121971,0.001,False,128.0,128.0,,,SGD
train,,,,,,,212.5347409248352,10.0,332.0,4553.0,0.4366908073425293,0.9075168371200562,0.0009728525291996,0.001,False,128.0,128.0,,,SGD
train,,,,,,,212.5800004005432,10.0,333.0,4554.0,0.4568438827991485,0.972853660583496,0.0009999992600504,0.001,False,128.0,128.0,,,SGD
train,,,,,,,212.6255373954773,10.0,334.0,4555.0,0.3760428130626678,0.9999990463256836,0.0009999993379881,0.001,False,128.0,128.0,,,SGD
train,,,,,,,212.6674380302429,10.0,335.0,4556.0,0.4814229905605316,0.9999991655349731,0.0009999990155236,0.001,False,128.0,128.0,,,SGD
train,,,,,,,212.7128462791443,10.0,336.0,4557.0,0.4658867418766022,0.9999991059303284,0.0008561941561097,0.001,False,128.0,128.0,,,SGD
train,,,,,,,212.7640962600708,10.0,337.0,4558.0,0.4736159145832062,0.8561948537826538,0.0010000006496056,0.001,False,128.0,128.0,,,SGD
train,,,,,,,212.80374312400815,10.0,338.0,4559.0,0.4087212383747101,0.9999991655349731,0.0008775836999512,0.001,False,128.0,128.0,,,SGD
train,,,,,,,212.84745955467224,10.0,339.0,4560.0,0.4599986970424652,0.8775840401649475,0.0009999993927777,0.001,False,128.0,128.0,,,SGD
train,,,,,,,212.8952305316925,10.0,340.0,4561.0,0.5633971095085144,0.9999991655349731,0.0009999993691577,0.001,False,128.0,128.0,,,SGD
train,,,,,,,212.9353733062744,10.0,341.0,4562.0,0.3750693500041961,0.9999991655349731,0.0009672387661819,0.001,False,128.0,128.0,,,SGD
train,,,,,,,212.9744906425476,10.0,342.0,4563.0,0.3920130133628845,0.9672409892082214,0.0009699595416686,0.001,False,128.0,128.0,,,SGD
train,,,,,,,213.01496267318728,10.0,343.0,4564.0,0.4578949809074402,0.969960868358612,0.0010000002641919,0.001,False,128.0,128.0,,,SGD
train,,,,,,,213.06946396827695,10.0,344.0,4565.0,0.470977783203125,0.9999990463256836,0.0009297488305948,0.001,False,128.0,128.0,,,SGD
train,,,,,,,213.10981845855716,10.0,345.0,4566.0,0.4539628326892853,0.9297505021095276,0.0009849463985558,0.001,False,128.0,128.0,,,SGD
train,,,,,,,213.1576645374298,10.0,346.0,4567.0,0.445609450340271,0.9849453568458556,0.0008968404428209,0.001,False,128.0,128.0,,,SGD
train,,,,,,,213.1972336769104,10.0,347.0,4568.0,0.4274613559246063,0.8968419432640076,0.0009255781155912,0.001,False,128.0,128.0,,,SGD
train,,,,,,,213.23738050460813,10.0,348.0,4569.0,0.4884905815124511,0.9255794882774352,0.0009536830200707,0.001,False,128.0,128.0,,,SGD
train,,,,,,,213.2983319759369,10.0,349.0,4570.0,0.6042206883430481,0.9536824226379396,0.0009999999740351,0.001,False,128.0,128.0,,,SGD
train,,,,,,,213.3664195537567,10.0,350.0,4571.0,0.4797744750976562,0.9999992847442628,0.00099999912291,0.001,False,128.0,128.0,,,SGD
train,,,,,,,213.4213969707489,10.0,351.0,4572.0,0.3821564316749573,0.9999990463256836,0.0009037445586593,0.001,False,128.0,128.0,,,SGD
train,,,,,,,213.4765064716339,10.0,352.0,4573.0,0.4520182609558105,0.9037445187568665,0.0009728491872355,0.001,False,128.0,128.0,,,SGD
train,,,,,,,213.5279459953308,10.0,353.0,4574.0,0.347892165184021,0.972851574420929,0.000989995339207,0.001,False,128.0,128.0,,,SGD
train,,,,,,,213.5725758075714,10.0,354.0,4575.0,0.4158942699432373,0.9899939894676208,0.0008442275890199,0.001,False,128.0,128.0,,,SGD
train,,,,,,,213.62131643295288,10.0,355.0,4576.0,0.4722399115562439,0.8442271947860718,0.0009999957979779,0.001,False,128.0,128.0,,,SGD
train,,,,,,,213.8663511276245,10.0,356.0,4577.0,0.4312057793140411,0.9999989867210388,0.000918307812649,0.001,False,128.0,128.0,,,SGD
train,,,,,,,213.919184923172,10.0,357.0,4578.0,0.4898819327354431,0.918307900428772,0.0009999996064402,0.001,False,128.0,128.0,,,SGD
train,,,,,,,213.9696793556213,10.0,358.0,4579.0,0.3548677563667297,0.9999991655349731,0.0008156145035244,0.001,False,128.0,128.0,,,SGD
train,,,,,,,214.0225374698639,10.0,359.0,4580.0,0.5012542605400085,0.8156124353408813,0.0009999957950358,0.001,False,128.0,128.0,,,SGD
train,,,,,,,214.06341910362244,10.0,360.0,4581.0,0.4129448235034942,0.9999991059303284,0.0007827716341336,0.001,False,128.0,128.0,,,SGD
train,,,,,,,214.10101342201236,10.0,361.0,4582.0,0.4971367120742798,0.7827709317207336,0.0009999977921946,0.001,False,128.0,128.0,,,SGD
train,,,,,,,214.1453447341919,10.0,362.0,4583.0,0.4061994552612304,0.999999225139618,0.0009999988441882,0.001,False,128.0,128.0,,,SGD
train,,,,,,,214.18445348739624,10.0,363.0,4584.0,0.4795576632022857,0.9999991059303284,0.0010000000385946,0.001,False,128.0,128.0,,,SGD
train,,,,,,,214.2347927093506,10.0,364.0,4585.0,0.4765600264072418,0.9999991655349731,0.0010000002903931,0.001,False,128.0,128.0,,,SGD
train,,,,,,,214.2769160270691,10.0,365.0,4586.0,0.5158239006996155,0.999999225139618,0.0009999987626145,0.001,False,128.0,128.0,,,SGD
train,,,,,,,214.31628561019895,10.0,366.0,4587.0,0.4304342865943908,0.9999992847442628,0.0009612902063188,0.001,False,128.0,128.0,,,SGD
train,,,,,,,214.35868906974792,10.0,367.0,4588.0,0.5078203082084656,0.9612904191017152,0.000976347094483,0.001,False,128.0,128.0,,,SGD
train,,,,,,,214.40189671516416,10.0,368.0,4589.0,0.3382441997528076,0.976347267627716,0.0008196412886413,0.001,False,128.0,128.0,,,SGD
train,,,,,,,214.4516282081604,10.0,369.0,4590.0,0.5063371658325195,0.8196399211883545,0.0009999991659867,0.001,False,128.0,128.0,,,SGD
train,,,,,,,214.49184036254883,10.0,370.0,4591.0,0.4573414623737335,0.9999991059303284,0.0009999984646302,0.001,False,128.0,128.0,,,SGD
train,,,,,,,214.52770042419436,10.0,371.0,4592.0,0.4550046026706695,0.9999991059303284,0.0009999984769815,0.001,False,128.0,128.0,,,SGD
train,,,,,,,214.5657253265381,10.0,372.0,4593.0,0.4792223274707794,0.9999992847442628,0.0009802414005989,0.001,False,128.0,128.0,,,SGD
train,,,,,,,214.6087338924408,10.0,373.0,4594.0,0.5088330507278442,0.9802399277687072,0.0010000005503517,0.001,False,128.0,128.0,,,SGD
train,,,,,,,214.65462708473208,10.0,374.0,4595.0,0.517250120639801,0.999999225139618,0.0009809187910962,0.001,False,128.0,128.0,,,SGD
train,,,,,,,214.69608116149905,10.0,375.0,4596.0,0.5388039946556091,0.9809195399284364,0.0009999979930899,0.001,False,128.0,128.0,,,SGD
train,,,,,,,214.7349150180817,10.0,376.0,4597.0,0.4913348257541656,0.9999991655349731,0.0010000004555387,0.001,False,128.0,128.0,,,SGD
train,,,,,,,214.77778601646423,10.0,377.0,4598.0,0.4352008998394012,0.9999992847442628,0.0009999996184306,0.001,False,128.0,128.0,,,SGD
train,,,,,,,214.8179759979248,10.0,378.0,4599.0,0.4629013240337372,0.9999991655349731,0.0010000004383858,0.001,False,128.0,128.0,,,SGD
train,,,,,,,214.86111497879028,10.0,379.0,4600.0,0.4292298257350921,0.999999225139618,0.0009999993098995,0.001,False,128.0,128.0,,,SGD
train,,,,,,,214.90823125839236,10.0,380.0,4601.0,0.4587675034999847,0.9999990463256836,0.0009999971722723,0.001,False,128.0,128.0,,,SGD
train,,,,,,,214.9545047283173,10.0,381.0,4602.0,0.4509657919406891,0.9999991059303284,0.0010000004585918,0.001,False,128.0,128.0,,,SGD
train,,,,,,,215.0020496845245,10.0,382.0,4603.0,0.4158317148685455,0.9999990463256836,0.001000000936487,0.001,False,128.0,128.0,,,SGD
train,,,,,,,215.0514957904816,10.0,383.0,4604.0,0.4787057638168335,0.9999991655349731,0.0009513543765447,0.001,False,128.0,128.0,,,SGD
train,,,,,,,215.0910348892212,10.0,384.0,4605.0,0.4397904872894287,0.9513539671897888,0.0008846051764421,0.001,False,128.0,128.0,,,SGD
train,,,,,,,215.1329255104065,10.0,385.0,4606.0,0.3980940580368042,0.8846060037612915,0.0009999962171443,0.001,False,128.0,128.0,,,SGD
train,,,,,,,215.1783549785614,10.0,386.0,4607.0,0.4829582870006561,0.9999991655349731,0.0009999999000387,0.001,False,128.0,128.0,,,SGD
train,,,,,,,215.2252202033997,10.0,387.0,4608.0,0.4514811038970947,0.9999991059303284,0.0009999981677561,0.001,False,128.0,128.0,,,SGD
train,,,,,,,215.2742569446564,10.0,388.0,4609.0,0.4696120321750641,0.9999990463256836,0.0009999980148503,0.001,False,128.0,128.0,,,SGD
train,,,,,,,215.3172187805176,10.0,389.0,4610.0,0.4668495059013366,0.9999990463256836,0.0008411656833047,0.001,False,128.0,128.0,,,SGD
train,,,,,,,215.35877585411072,10.0,390.0,4611.0,0.4788528978824615,0.8411638140678406,0.0009781424016765,0.001,False,128.0,128.0,,,SGD
train,,,,,,,215.40427923202515,10.0,391.0,4612.0,0.5135781764984131,0.9781418442726136,0.0009386859340727,0.001,False,128.0,128.0,,,SGD
train,,,,,,,215.4607970714569,10.0,392.0,4613.0,0.4349484145641327,0.93868488073349,0.0010000003584775,0.001,False,128.0,128.0,,,SGD
train,,,,,,,215.4982497692108,10.0,393.0,4614.0,0.4697020649909973,0.9999990463256836,0.0009596212912177,0.001,False,128.0,128.0,,,SGD
train,,,,,,,215.54123878479004,10.0,394.0,4615.0,0.5103883743286133,0.959620237350464,0.00072927717975,0.001,False,128.0,128.0,,,SGD
train,,,,,,,215.58726263046265,10.0,395.0,4616.0,0.3760959804058075,0.7292769551277161,0.0010000002656907,0.001,False,128.0,128.0,,,SGD
train,,,,,,,215.62980484962463,10.0,396.0,4617.0,0.4648488759994507,0.9999990463256836,0.0009999976960769,0.001,False,128.0,128.0,,,SGD
train,,,,,,,215.67158365249637,10.0,397.0,4618.0,0.5433235168457031,0.9999991655349731,0.000999998772662,0.001,False,128.0,128.0,,,SGD
train,,,,,,,215.7129385471344,10.0,398.0,4619.0,0.4124766290187835,0.9999991059303284,0.0009906945854898,0.001,False,128.0,128.0,,,SGD
train,,,,,,,215.75644707679749,10.0,399.0,4620.0,0.3636069297790527,0.9906956553459167,0.0008004070443362,0.001,False,128.0,128.0,,,SGD
train,,,,,,,215.7993350028992,10.0,400.0,4621.0,0.4995363056659698,0.8004083037376404,0.000999998137558,0.001,False,128.0,128.0,,,SGD
train,,,,,,,215.83899450302124,10.0,401.0,4622.0,0.4339335560798645,0.9999991059303284,0.0008929437805089,0.001,False,128.0,128.0,,,SGD
train,,,,,,,215.8876848220825,10.0,402.0,4623.0,0.4829026460647583,0.8929443359375,0.0009055490403839,0.001,False,128.0,128.0,,,SGD
train,,,,,,,215.9316997528076,10.0,403.0,4624.0,0.3817875385284424,0.905551016330719,0.0008499401100405,0.001,False,128.0,128.0,,,SGD
train,,,,,,,215.97606134414676,10.0,404.0,4625.0,0.4448073506355285,0.8499391674995422,0.0010000018511985,0.001,False,128.0,128.0,,,SGD
train,,,,,,,216.01477527618408,10.0,405.0,4626.0,0.4107360243797302,0.9999991059303284,0.0009332622753062,0.001,False,128.0,128.0,,,SGD
train,,,,,,,216.06433057785037,10.0,406.0,4627.0,0.4769699275493622,0.9332616925239564,0.0009999981993697,0.001,False,128.0,128.0,,,SGD
train,,,,,,,216.11533665657043,10.0,407.0,4628.0,0.4595591425895691,0.9999991059303284,0.0008072729110954,0.001,False,128.0,128.0,,,SGD
train,,,,,,,216.15390157699585,10.0,408.0,4629.0,0.5073486566543579,0.8072735071182251,0.0009999980779944,0.001,False,128.0,128.0,,,SGD
train,,,,,,,216.1942975521088,10.0,409.0,4630.0,0.550054132938385,0.9999991655349731,0.0009999998255983,0.001,False,128.0,128.0,,,SGD
train,,,,,,,216.240739107132,10.0,410.0,4631.0,0.4722969233989715,0.9999991655349731,0.0009745208899088,0.001,False,128.0,128.0,,,SGD
train,,,,,,,216.29074954986567,10.0,411.0,4632.0,0.3881806433200836,0.9745197892189026,0.0009112250143149,0.001,False,128.0,128.0,,,SGD
train,,,,,,,216.3358314037323,10.0,412.0,4633.0,0.6221004724502563,0.9112231731414796,0.0010000000787014,0.001,False,128.0,128.0,,,SGD
train,,,,,,,216.37639212608337,10.0,413.0,4634.0,0.5996780395507812,0.9999990463256836,0.000999997544531,0.001,False,128.0,128.0,,,SGD
train,,,,,,,216.4263997077942,10.0,414.0,4635.0,0.4194064140319824,0.999999225139618,0.0009999995442677,0.001,False,128.0,128.0,,,SGD
train,,,,,,,216.47308564186096,10.0,415.0,4636.0,0.4314436912536621,0.9999991655349731,0.0009999983612128,0.001,False,128.0,128.0,,,SGD
train,,,,,,,216.5238485336304,10.0,416.0,4637.0,0.510123610496521,0.9999991059303284,0.0009999969644379,0.001,False,128.0,128.0,,,SGD
train,,,,,,,216.5662386417389,10.0,417.0,4638.0,0.4508510529994964,0.9999991059303284,0.0010000024387273,0.001,False,128.0,128.0,,,SGD
train,,,,,,,216.6157398223877,10.0,418.0,4639.0,0.3746923506259918,0.999998927116394,0.0009653518179777,0.001,False,128.0,128.0,,,SGD
train,,,,,,,216.66404676437375,10.0,419.0,4640.0,0.3557642102241516,0.9653515219688416,0.0009999989525184,0.001,False,128.0,128.0,,,SGD
train,,,,,,,216.71139287948608,10.0,420.0,4641.0,0.3762958943843841,0.9999990463256836,0.0008921895693671,0.001,False,128.0,128.0,,,SGD
train,,,,,,,216.75262331962583,10.0,421.0,4642.0,0.3686313927173614,0.8921902179718018,0.0008448061502421,0.001,False,128.0,128.0,,,SGD
train,,,,,,,216.8032822608948,10.0,422.0,4643.0,0.4275883436203003,0.8448058366775513,0.0009999992263551,0.001,False,128.0,128.0,,,SGD
train,,,,,,,216.868305683136,10.0,423.0,4644.0,0.4559476673603058,0.999999225139618,0.0010000004010823,0.001,False,128.0,128.0,,,SGD
train,,,,,,,216.92261624336243,10.0,424.0,4645.0,0.340530127286911,0.9999990463256836,0.0007326320008516,0.001,False,128.0,128.0,,,SGD
train,,,,,,,217.2648918628693,10.0,425.0,4646.0,0.3219888210296631,0.7326328158378601,0.0007222425950212,0.001,False,128.0,128.0,,,SGD
train,,,,,,,217.316113948822,10.0,426.0,4647.0,0.5257443785667419,0.7222440838813782,0.0009999989156589,0.001,False,128.0,128.0,,,SGD
train,,,,,,,217.3532636165619,10.0,427.0,4648.0,0.4419067203998565,0.9999989867210388,0.0009701667106677,0.001,False,128.0,128.0,,,SGD
train,,,,,,,217.38972282409668,10.0,428.0,4649.0,0.4137720465660095,0.9701663851737976,0.0008670062100334,0.001,False,128.0,128.0,,,SGD
train,,,,,,,217.43127632141116,10.0,429.0,4650.0,0.5692930817604065,0.8670057058334351,0.000947402194677,0.001,False,128.0,128.0,,,SGD
train,,,,,,,217.50440335273743,10.0,430.0,4651.0,0.459116131067276,0.9474019408226012,0.0010000000828925,0.001,False,128.0,128.0,,,SGD
train,,,,,,,217.5504245758057,10.0,431.0,4652.0,0.3488534688949585,0.9999991655349731,0.0009433610285399,0.001,False,128.0,128.0,,,SGD
train,,,,,,,217.5908784866333,10.0,432.0,4653.0,0.4140805304050445,0.9433600902557372,0.0009115868492238,0.001,False,128.0,128.0,,,SGD
train,,,,,,,217.63169598579407,10.0,433.0,4654.0,0.4918112456798553,0.9115843772888184,0.0009906837498265,0.001,False,128.0,128.0,,,SGD
train,,,,,,,217.67426300048828,10.0,434.0,4655.0,0.4997798204421997,0.990683913230896,0.0009751443440122,0.001,False,128.0,128.0,,,SGD
train,,,,,,,217.7163805961609,10.0,435.0,4656.0,0.3754349946975708,0.975144624710083,0.0008700484637828,0.001,False,128.0,128.0,,,SGD
train,,,,,,,217.7637598514557,10.0,436.0,4657.0,0.3865633308887481,0.8700495958328247,0.0008609282980943,0.001,False,128.0,128.0,,,SGD
train,,,,,,,217.8021695613861,10.0,437.0,4658.0,0.4840487539768219,0.8609288930892944,0.0009068426739211,0.001,False,128.0,128.0,,,SGD
train,,,,,,,217.84112691879272,10.0,438.0,4659.0,0.4560914635658264,0.9068431854248048,0.0009999984984088,0.001,False,128.0,128.0,,,SGD
train,,,,,,,217.8776500225067,10.0,439.0,4660.0,0.486444890499115,0.9999990463256836,0.0008539570993216,0.001,False,128.0,128.0,,,SGD
train,,,,,,,217.9189970493317,10.0,440.0,4661.0,0.4368405938148498,0.8539578318595886,0.0010000002131216,0.001,False,128.0,128.0,,,SGD
train,,,,,,,217.9680416584015,10.0,441.0,4662.0,0.4110060632228851,0.9999989867210388,0.0009854540711269,0.001,False,128.0,128.0,,,SGD
train,,,,,,,218.00703382492063,10.0,442.0,4663.0,0.4707887172698974,0.9854544401168824,0.0009999979679156,0.001,False,128.0,128.0,,,SGD
train,,,,,,,218.05534982681277,10.0,443.0,4664.0,0.3880054950714111,0.9999991059303284,0.0007187645091942,0.001,False,128.0,128.0,,,SGD
train,,,,,,,218.10516381263733,10.0,444.0,4665.0,0.4505610466003418,0.7187631130218506,0.0009578934641888,0.001,False,128.0,128.0,,,SGD
train,,,,,,,218.1502525806427,10.0,445.0,4666.0,0.3432089686393738,0.957892894744873,0.0008236741389574,0.001,False,128.0,128.0,,,SGD
train,,,,,,,218.1967213153839,10.0,446.0,4667.0,0.3769063949584961,0.8236750960350037,0.0007640750111777,0.001,False,128.0,128.0,,,SGD
train,,,,,,,218.2338306903839,10.0,447.0,4668.0,0.3553813993930816,0.7640740275382996,0.0009112780659812,0.001,False,128.0,128.0,,,SGD
train,,,,,,,218.28021621704104,10.0,448.0,4669.0,0.4239943027496338,0.9112758636474608,0.0008574080944538,0.001,False,128.0,128.0,,,SGD
train,,,,,,,218.3281133174896,10.0,449.0,4670.0,0.5003660321235657,0.8574084639549255,0.0009477440439299,0.001,False,128.0,128.0,,,SGD
train,,,,,,,218.3699681758881,10.0,450.0,4671.0,0.4402017593383789,0.9477433562278748,0.0009182298776198,0.001,False,128.0,128.0,,,SGD
train,,,,,,,218.41137647628784,10.0,451.0,4672.0,0.3792934417724609,0.9182294011116028,0.0009029603181767,0.001,False,128.0,128.0,,,SGD
train,,,,,,,218.4550998210907,10.0,452.0,4673.0,0.6065559983253479,0.9029600620269777,0.0009999971772961,0.001,False,128.0,128.0,,,SGD
train,,,,,,,218.4985375404358,10.0,453.0,4674.0,0.3465224504470825,0.9999991655349731,0.0008719545208503,0.001,False,128.0,128.0,,,SGD
train,,,,,,,218.55002546310425,10.0,454.0,4675.0,0.4039904177188873,0.8719550967216492,0.0009542432334373,0.001,False,128.0,128.0,,,SGD
train,,,,,,,218.59721183776853,10.0,455.0,4676.0,0.4328531324863434,0.95424485206604,0.0008610662922867,0.001,False,128.0,128.0,,,SGD
train,,,,,,,218.6456639766693,10.0,456.0,4677.0,0.4625518321990967,0.8610675930976868,0.0009999985634402,0.001,False,128.0,128.0,,,SGD
train,,,,,,,218.6904020309448,10.0,457.0,4678.0,0.5335379242897034,0.9999990463256836,0.0009999979088516,0.001,False,128.0,128.0,,,SGD
train,,,,,,,218.7291283607483,10.0,458.0,4679.0,0.3819613754749298,0.9999991059303284,0.0009171609815793,0.001,False,128.0,128.0,,,SGD
train,,,,,,,218.775274515152,10.0,459.0,4680.0,0.3656640946865082,0.9171607494354248,0.0008850274152286,0.001,False,128.0,128.0,,,SGD
train,,,,,,,218.8294425010681,10.0,460.0,4681.0,0.3502735793590545,0.8850285410881042,0.00084454005031,0.001,False,128.0,128.0,,,SGD
train,,,,,,,218.87227129936215,10.0,461.0,4682.0,0.4805811941623688,0.8445394039154053,0.0009999992341267,0.001,False,128.0,128.0,,,SGD
train,,,,,,,218.9183361530304,10.0,462.0,4683.0,0.4321707189083099,0.9999991655349731,0.001000001129166,0.001,False,128.0,128.0,,,SGD
train,,,,,,,218.95870542526245,10.0,463.0,4684.0,0.4130537509918213,0.9999990463256836,0.0009999982743932,0.001,False,128.0,128.0,,,SGD
train,,,,,,,218.99928259849548,10.0,464.0,4685.0,0.4788969159126282,0.9999990463256836,0.0009109207622952,0.001,False,128.0,128.0,,,SGD
train,,,,,,,219.0409803390503,10.0,465.0,4686.0,0.4263360202312469,0.9109200835227966,0.0009429346144811,0.001,False,128.0,128.0,,,SGD
train,,,,,,,219.0869026184082,10.0,466.0,4687.0,0.4295280277729034,0.9429338574409484,0.0009999993590546,0.001,False,128.0,128.0,,,SGD
train,,,,,,,219.1289978027344,10.0,467.0,4688.0,0.3681107759475708,0.9999990463256836,0.0008991505303125,0.001,False,128.0,128.0,,,SGD
train,,,,,,,219.17019152641296,10.0,468.0,4689.0,0.4833359718322754,0.8991495966911316,0.0010000009067608,0.001,False,128.0,128.0,,,SGD
train,,,,,,,219.2108919620514,10.0,469.0,4690.0,0.3427348136901855,0.9999991655349731,0.0009999988883752,0.001,False,128.0,128.0,,,SGD
eval,,,,,,,222.063884973526,10.0,,4690.0,,,,,False,128.0,128.0,0.4198739070653915,0.8924,SGD
