phase,seed,torch_version,cuda_available,device,cudnn_deterministic,cudnn_benchmark,time_sec,epoch,batch,global_step,train_loss,grad_norm,update_norm,lr,tainted,effective_batch_size,original_batch_size,test_loss,test_accuracy
meta_begin,1415.0,2.6.0+cu124,True,cuda,True,False,0.0,,,,,,,,,,,,
train,,,,,,,0.03870439529418945,1.0,1.0,1.0,2.3454833030700684,0.0,0.00010000024278046402,0.0001,False,128.0,128.0,,
train,,,,,,,0.0753469467163086,1.0,2.0,2.0,2.3419911861419678,0.9999995231628418,0.00010000051699366739,0.0001,False,128.0,128.0,,
train,,,,,,,0.11632943153381348,1.0,3.0,3.0,2.334705114364624,0.9999995231628418,0.00010000044715403692,0.0001,False,128.0,128.0,,
train,,,,,,,0.1532456874847412,1.0,4.0,4.0,2.3404219150543213,0.9999994039535522,0.00010000106846656233,0.0001,False,128.0,128.0,,
train,,,,,,,0.1879115104675293,1.0,5.0,5.0,2.327866315841675,0.9999995231628418,0.00010000046141123072,0.0001,False,128.0,128.0,,
train,,,,,,,0.22615432739257812,1.0,6.0,6.0,2.370201826095581,0.9999994039535522,9.999978941272496e-05,0.0001,False,128.0,128.0,,
train,,,,,,,0.2638859748840332,1.0,7.0,7.0,2.3720760345458984,0.9999995231628418,0.00010000066855122228,0.0001,False,128.0,128.0,,
train,,,,,,,0.30367279052734375,1.0,8.0,8.0,2.3378803730010986,0.9999993443489075,0.00010000006339081559,0.0001,False,128.0,128.0,,
train,,,,,,,0.34161806106567383,1.0,9.0,9.0,2.361750364303589,0.9999995827674866,0.00010000098733437931,0.0001,False,128.0,128.0,,
train,,,,,,,0.3758509159088135,1.0,10.0,10.0,2.3349268436431885,0.9999995231628418,9.999991136179937e-05,0.0001,False,128.0,128.0,,
train,,,,,,,0.4136993885040283,1.0,11.0,11.0,2.324484348297119,0.9999995231628418,9.999948789501127e-05,0.0001,False,128.0,128.0,,
train,,,,,,,0.4488859176635742,1.0,12.0,12.0,2.3671700954437256,0.999999463558197,0.00010000057404190608,0.0001,False,128.0,128.0,,
train,,,,,,,0.4848175048828125,1.0,13.0,13.0,2.32466721534729,0.9999995231628418,0.00010000159353001225,0.0001,False,128.0,128.0,,
train,,,,,,,0.522144079208374,1.0,14.0,14.0,2.334352731704712,0.9999994039535522,0.00010000018909088838,0.0001,False,128.0,128.0,,
train,,,,,,,0.5630850791931152,1.0,15.0,15.0,2.315871000289917,0.9999994039535522,9.999778699281456e-05,0.0001,False,128.0,128.0,,
train,,,,,,,0.598313570022583,1.0,16.0,16.0,2.371351718902588,0.999999463558197,0.00010000094348966674,0.0001,False,128.0,128.0,,
train,,,,,,,0.6350409984588623,1.0,17.0,17.0,2.361579179763794,0.999999463558197,0.00010000039484150233,0.0001,False,128.0,128.0,,
train,,,,,,,0.6693856716156006,1.0,18.0,18.0,2.3704631328582764,0.999999463558197,0.00010000169396885054,0.0001,False,128.0,128.0,,
train,,,,,,,0.7029979228973389,1.0,19.0,19.0,2.325330972671509,0.999999463558197,9.99989267812448e-05,0.0001,False,128.0,128.0,,
train,,,,,,,0.7365047931671143,1.0,20.0,20.0,2.3471903800964355,0.9999995231628418,9.999997679777388e-05,0.0001,False,128.0,128.0,,
train,,,,,,,0.7741782665252686,1.0,21.0,21.0,2.310880661010742,0.9999995231628418,0.00010000049633972064,0.0001,False,128.0,128.0,,
train,,,,,,,0.8152270317077637,1.0,22.0,22.0,2.3660364151000977,0.999999463558197,0.00010000204878038207,0.0001,False,128.0,128.0,,
train,,,,,,,0.8539333343505859,1.0,23.0,23.0,2.3031108379364014,0.9999995231628418,0.00010000121315819679,0.0001,False,128.0,128.0,,
train,,,,,,,0.8892643451690674,1.0,24.0,24.0,2.3141181468963623,0.9999994039535522,9.999965506235538e-05,0.0001,False,128.0,128.0,,
train,,,,,,,0.9232194423675537,1.0,25.0,25.0,2.349613904953003,0.999999463558197,0.00010000124808642415,0.0001,False,128.0,128.0,,
train,,,,,,,0.9581625461578369,1.0,26.0,26.0,2.339308977127075,0.999999463558197,0.0001000004789860653,0.0001,False,128.0,128.0,,
train,,,,,,,0.9948902130126953,1.0,27.0,27.0,2.3217201232910156,0.9999994039535522,0.00010000159947568205,0.0001,False,128.0,128.0,,
train,,,,,,,1.0309875011444092,1.0,28.0,28.0,2.3076398372650146,0.999999463558197,0.00010000258110048385,0.0001,False,128.0,128.0,,
train,,,,,,,1.0641241073608398,1.0,29.0,29.0,2.339367628097534,0.999999463558197,9.999970166151463e-05,0.0001,False,128.0,128.0,,
train,,,,,,,1.1051232814788818,1.0,30.0,30.0,2.3739194869995117,0.999999463558197,0.00010000016852360993,0.0001,False,128.0,128.0,,
train,,,,,,,1.147437334060669,1.0,31.0,31.0,2.3185276985168457,0.9999995231628418,9.999880268856057e-05,0.0001,False,128.0,128.0,,
train,,,,,,,1.1847620010375977,1.0,32.0,32.0,2.385587692260742,0.9999994039535522,9.999777915169062e-05,0.0001,False,128.0,128.0,,
train,,,,,,,1.2255706787109375,1.0,33.0,33.0,2.3452303409576416,0.9999995231628418,0.00010000064606501703,0.0001,False,128.0,128.0,,
train,,,,,,,1.2612102031707764,1.0,34.0,34.0,2.3405280113220215,0.9999994039535522,9.999897001968213e-05,0.0001,False,128.0,128.0,,
train,,,,,,,1.2966084480285645,1.0,35.0,35.0,2.3581581115722656,0.9999995231628418,0.00010000014099142258,0.0001,False,128.0,128.0,,
train,,,,,,,1.339033842086792,1.0,36.0,36.0,2.3612401485443115,0.999999463558197,9.999782370036891e-05,0.0001,False,128.0,128.0,,
train,,,,,,,1.3752307891845703,1.0,37.0,37.0,2.356933832168579,0.9999995231628418,0.00010000010772163609,0.0001,False,128.0,128.0,,
train,,,,,,,1.4162302017211914,1.0,38.0,38.0,2.3459224700927734,0.999999463558197,9.99982377740064e-05,0.0001,False,128.0,128.0,,
train,,,,,,,1.4487485885620117,1.0,39.0,39.0,2.3349392414093018,0.9999995231628418,9.999963991382922e-05,0.0001,False,128.0,128.0,,
train,,,,,,,1.494525671005249,1.0,40.0,40.0,2.3363070487976074,0.999999463558197,0.00010000060085840508,0.0001,False,128.0,128.0,,
train,,,,,,,1.5348079204559326,1.0,41.0,41.0,2.372853994369507,0.9999995827674866,0.00010000040146811963,0.0001,False,128.0,128.0,,
train,,,,,,,1.595787525177002,1.0,42.0,42.0,2.325925350189209,0.9999995231628418,9.999995457595852e-05,0.0001,False,128.0,128.0,,
train,,,,,,,1.6498730182647705,1.0,43.0,43.0,2.33213472366333,0.999999463558197,0.00010000039686678397,0.0001,False,128.0,128.0,,
train,,,,,,,1.6986949443817139,1.0,44.0,44.0,2.3157339096069336,0.9999995231628418,9.999974251436602e-05,0.0001,False,128.0,128.0,,
train,,,,,,,1.732882022857666,1.0,45.0,45.0,2.3692381381988525,0.999999463558197,0.00010000152933974072,0.0001,False,128.0,128.0,,
train,,,,,,,1.7674193382263184,1.0,46.0,46.0,2.3531994819641113,0.9999994039535522,0.00010000062193950324,0.0001,False,128.0,128.0,,
train,,,,,,,1.8061039447784424,1.0,47.0,47.0,2.3557276725769043,0.999999463558197,0.00010000001113662716,0.0001,False,128.0,128.0,,
train,,,,,,,1.8444569110870361,1.0,48.0,48.0,2.338700771331787,0.9999994039535522,0.00010000114379609602,0.0001,False,128.0,128.0,,
train,,,,,,,1.881340503692627,1.0,49.0,49.0,2.3544256687164307,0.999999463558197,0.00010000054620191865,0.0001,False,128.0,128.0,,
train,,,,,,,1.9171226024627686,1.0,50.0,50.0,2.3464341163635254,0.999999463558197,0.00010000004969301308,0.0001,False,128.0,128.0,,
train,,,,,,,1.9531371593475342,1.0,51.0,51.0,2.3466708660125732,0.999999463558197,9.999916605393551e-05,0.0001,False,128.0,128.0,,
train,,,,,,,1.9924707412719727,1.0,52.0,52.0,2.346860408782959,0.9999994039535522,0.0001000002396471273,0.0001,False,128.0,128.0,,
train,,,,,,,2.024937868118286,1.0,53.0,53.0,2.3296358585357666,0.999999463558197,0.00010000002519222156,0.0001,False,128.0,128.0,,
train,,,,,,,2.059981346130371,1.0,54.0,54.0,2.3558785915374756,0.999999463558197,0.00010000078479853447,0.0001,False,128.0,128.0,,
train,,,,,,,2.095893144607544,1.0,55.0,55.0,2.3123016357421875,0.9999995827674866,0.00010000126513854164,0.0001,False,128.0,128.0,,
train,,,,,,,2.1342971324920654,1.0,56.0,56.0,2.3073906898498535,0.9999995231628418,9.999933124421966e-05,0.0001,False,128.0,128.0,,
train,,,,,,,2.1701207160949707,1.0,57.0,57.0,2.336962938308716,0.9999996423721313,0.00010000065428755284,0.0001,False,128.0,128.0,,
train,,,,,,,2.207141876220703,1.0,58.0,58.0,2.3569746017456055,0.999999463558197,0.00010000005693331133,0.0001,False,128.0,128.0,,
train,,,,,,,2.2437427043914795,1.0,59.0,59.0,2.352962017059326,0.9999995231628418,0.00010000015081644834,0.0001,False,128.0,128.0,,
train,,,,,,,2.2801642417907715,1.0,60.0,60.0,2.3123233318328857,0.999999463558197,9.999929223869385e-05,0.0001,False,128.0,128.0,,
train,,,,,,,2.318591356277466,1.0,61.0,61.0,2.3212673664093018,0.9999995231628418,9.99992542566473e-05,0.0001,False,128.0,128.0,,
train,,,,,,,2.3586933612823486,1.0,62.0,62.0,2.3211822509765625,0.9999995231628418,9.9999836944237e-05,0.0001,False,128.0,128.0,,
train,,,,,,,2.3948397636413574,1.0,63.0,63.0,2.341463327407837,0.9999995231628418,0.00010000036857572076,0.0001,False,128.0,128.0,,
train,,,,,,,2.435678720474243,1.0,64.0,64.0,2.329695463180542,0.9999994039535522,9.999852439616449e-05,0.0001,False,128.0,128.0,,
train,,,,,,,2.4741311073303223,1.0,65.0,65.0,2.3407673835754395,0.999999463558197,0.0001000009206023722,0.0001,False,128.0,128.0,,
train,,,,,,,2.5085701942443848,1.0,66.0,66.0,2.3114101886749268,0.9999995231628418,9.999876305181512e-05,0.0001,False,128.0,128.0,,
train,,,,,,,2.5474212169647217,1.0,67.0,67.0,2.324658155441284,0.9999994039535522,0.00010000032757350572,0.0001,False,128.0,128.0,,
train,,,,,,,2.5859580039978027,1.0,68.0,68.0,2.329556941986084,0.999999463558197,9.999905400931743e-05,0.0001,False,128.0,128.0,,
train,,,,,,,2.6196439266204834,1.0,69.0,69.0,2.338257312774658,0.9999994039535522,0.00010000056953165084,0.0001,False,128.0,128.0,,
train,,,,,,,2.6560604572296143,1.0,70.0,70.0,2.332059383392334,0.9999995231628418,9.999999503839379e-05,0.0001,False,128.0,128.0,,
train,,,,,,,2.695535898208618,1.0,71.0,71.0,2.320869207382202,0.9999995827674866,0.00010000023953003375,0.0001,False,128.0,128.0,,
train,,,,,,,2.7282426357269287,1.0,72.0,72.0,2.3308937549591064,0.9999995827674866,0.00010000174955277051,0.0001,False,128.0,128.0,,
train,,,,,,,2.7668795585632324,1.0,73.0,73.0,2.33443546295166,0.999999463558197,0.00010000147831144864,0.0001,False,128.0,128.0,,
train,,,,,,,2.8051059246063232,1.0,74.0,74.0,2.349766969680786,0.999999463558197,9.999967155529435e-05,0.0001,False,128.0,128.0,,
train,,,,,,,2.850785493850708,1.0,75.0,75.0,2.293611764907837,0.9999995231628418,0.00010000040424366601,0.0001,False,128.0,128.0,,
train,,,,,,,2.8922040462493896,1.0,76.0,76.0,2.3063571453094482,0.9999992847442627,9.999942010815293e-05,0.0001,False,128.0,128.0,,
train,,,,,,,2.9279606342315674,1.0,77.0,77.0,2.3440873622894287,0.9999995231628418,9.999905457961317e-05,0.0001,False,128.0,128.0,,
train,,,,,,,2.9636013507843018,1.0,78.0,78.0,2.352844715118408,0.9999995231628418,0.00010000005678585993,0.0001,False,128.0,128.0,,
train,,,,,,,3.0078327655792236,1.0,79.0,79.0,2.3453140258789062,0.9999995231628418,9.999955633668468e-05,0.0001,False,128.0,128.0,,
train,,,,,,,3.0461807250976562,1.0,80.0,80.0,2.3240599632263184,0.9999994039535522,9.999837948162715e-05,0.0001,False,128.0,128.0,,
train,,,,,,,3.080514430999756,1.0,81.0,81.0,2.3440487384796143,0.9999994039535522,9.999950392827381e-05,0.0001,False,128.0,128.0,,
train,,,,,,,3.116424083709717,1.0,82.0,82.0,2.3481643199920654,0.9999994039535522,9.999945224625492e-05,0.0001,False,128.0,128.0,,
train,,,,,,,3.153693675994873,1.0,83.0,83.0,2.3444011211395264,0.9999995231628418,0.00010000044969322702,0.0001,False,128.0,128.0,,
train,,,,,,,3.193840742111206,1.0,84.0,84.0,2.34293270111084,0.9999995231628418,9.999961390155365e-05,0.0001,False,128.0,128.0,,
train,,,,,,,3.228436231613159,1.0,85.0,85.0,2.3174784183502197,0.999999463558197,0.00010000040154835027,0.0001,False,128.0,128.0,,
train,,,,,,,3.268131732940674,1.0,86.0,86.0,2.345968246459961,0.9999995231628418,9.999976546264566e-05,0.0001,False,128.0,128.0,,
train,,,,,,,3.3027942180633545,1.0,87.0,87.0,2.3447656631469727,0.9999994039535522,9.999901941642969e-05,0.0001,False,128.0,128.0,,
train,,,,,,,3.3363513946533203,1.0,88.0,88.0,2.306281328201294,0.9999994039535522,9.999938023529466e-05,0.0001,False,128.0,128.0,,
train,,,,,,,3.375580310821533,1.0,89.0,89.0,2.376941680908203,0.999999463558197,0.00010000032977442889,0.0001,False,128.0,128.0,,
train,,,,,,,3.412400484085083,1.0,90.0,90.0,2.3629183769226074,0.9999995231628418,0.00010000021605927859,0.0001,False,128.0,128.0,,
train,,,,,,,3.446568250656128,1.0,91.0,91.0,2.3360278606414795,0.9999994039535522,0.00010000082416993543,0.0001,False,128.0,128.0,,
train,,,,,,,3.4794394969940186,1.0,92.0,92.0,2.3498377799987793,0.999999463558197,0.00010000016037259142,0.0001,False,128.0,128.0,,
train,,,,,,,3.5144894123077393,1.0,93.0,93.0,2.3386995792388916,0.9999995231628418,0.00010000149022014855,0.0001,False,128.0,128.0,,
train,,,,,,,3.5484535694122314,1.0,94.0,94.0,2.338639497756958,0.9999994039535522,0.00010000131202317624,0.0001,False,128.0,128.0,,
train,,,,,,,3.5842089653015137,1.0,95.0,95.0,2.3257992267608643,0.9999995827674866,0.00010000032751495899,0.0001,False,128.0,128.0,,
train,,,,,,,3.6195356845855713,1.0,96.0,96.0,2.342702865600586,0.9999995231628418,9.999999941857069e-05,0.0001,False,128.0,128.0,,
train,,,,,,,3.6544103622436523,1.0,97.0,97.0,2.2963268756866455,0.999999463558197,9.999900168304349e-05,0.0001,False,128.0,128.0,,
train,,,,,,,3.6896424293518066,1.0,98.0,98.0,2.320620536804199,0.9999995231628418,9.999975890754374e-05,0.0001,False,128.0,128.0,,
train,,,,,,,3.7246179580688477,1.0,99.0,99.0,2.325887680053711,0.999999463558197,9.999923626309225e-05,0.0001,False,128.0,128.0,,
train,,,,,,,3.757479429244995,1.0,100.0,100.0,2.3528943061828613,0.9999995231628418,0.00010000123055726067,0.0001,False,128.0,128.0,,
train,,,,,,,3.795029401779175,1.0,101.0,101.0,2.3737075328826904,0.999999463558197,9.99988935240649e-05,0.0001,False,128.0,128.0,,
train,,,,,,,3.8282108306884766,1.0,102.0,102.0,2.315553665161133,0.9999995827674866,0.00010000160217747061,0.0001,False,128.0,128.0,,
train,,,,,,,3.8644866943359375,1.0,103.0,103.0,2.3256568908691406,0.999999463558197,0.00010000093621473854,0.0001,False,128.0,128.0,,
train,,,,,,,3.903989315032959,1.0,104.0,104.0,2.337876558303833,0.999999463558197,0.00010000191807589739,0.0001,False,128.0,128.0,,
train,,,,,,,3.939572334289551,1.0,105.0,105.0,2.3322675228118896,0.999999463558197,0.00010000093455592473,0.0001,False,128.0,128.0,,
train,,,,,,,3.9737167358398438,1.0,106.0,106.0,2.3473572731018066,0.999999463558197,0.00010000176114702503,0.0001,False,128.0,128.0,,
train,,,,,,,4.007771015167236,1.0,107.0,107.0,2.3182036876678467,0.9999995231628418,0.0001000012009090285,0.0001,False,128.0,128.0,,
train,,,,,,,4.0400166511535645,1.0,108.0,108.0,2.360858201980591,0.999999463558197,9.999921416688078e-05,0.0001,False,128.0,128.0,,
train,,,,,,,4.078342914581299,1.0,109.0,109.0,2.318570375442505,0.9999995827674866,9.999838720127143e-05,0.0001,False,128.0,128.0,,
train,,,,,,,4.116966962814331,1.0,110.0,110.0,2.335794448852539,0.9999995231628418,0.00010000155287740714,0.0001,False,128.0,128.0,,
train,,,,,,,4.150246858596802,1.0,111.0,111.0,2.3326027393341064,0.9999995231628418,9.999907113987234e-05,0.0001,False,128.0,128.0,,
train,,,,,,,4.185302257537842,1.0,112.0,112.0,2.3331003189086914,0.999999463558197,0.00010000122677560995,0.0001,False,128.0,128.0,,
train,,,,,,,4.220851182937622,1.0,113.0,113.0,2.3093085289001465,0.9999995231628418,0.00010000212793632962,0.0001,False,128.0,128.0,,
train,,,,,,,4.256399154663086,1.0,114.0,114.0,2.3418612480163574,0.999999463558197,0.0001000005726432933,0.0001,False,128.0,128.0,,
train,,,,,,,4.302114725112915,1.0,115.0,115.0,2.3341116905212402,0.9999995231628418,0.00010000101455191822,0.0001,False,128.0,128.0,,
train,,,,,,,4.340926170349121,1.0,116.0,116.0,2.3108372688293457,0.9999995827674866,0.00010000206995224609,0.0001,False,128.0,128.0,,
train,,,,,,,4.375466346740723,1.0,117.0,117.0,2.3644227981567383,0.9999995231628418,9.999921999559729e-05,0.0001,False,128.0,128.0,,
train,,,,,,,4.412967920303345,1.0,118.0,118.0,2.3616182804107666,0.9999994039535522,9.999999515331924e-05,0.0001,False,128.0,128.0,,
train,,,,,,,4.449131011962891,1.0,119.0,119.0,2.325632333755493,0.9999995231628418,9.99991972792136e-05,0.0001,False,128.0,128.0,,
train,,,,,,,4.482557773590088,1.0,120.0,120.0,2.3444011211395264,0.9999995231628418,9.999751606601307e-05,0.0001,False,128.0,128.0,,
train,,,,,,,4.515491962432861,1.0,121.0,121.0,2.316904306411743,0.9999994039535522,9.999940106728214e-05,0.0001,False,128.0,128.0,,
train,,,,,,,4.546205282211304,1.0,122.0,122.0,2.3365838527679443,0.9999995827674866,9.999987416711976e-05,0.0001,False,128.0,128.0,,
train,,,,,,,4.579055547714233,1.0,123.0,123.0,2.3150556087493896,0.9999994039535522,9.999828864131899e-05,0.0001,False,128.0,128.0,,
train,,,,,,,4.619501352310181,1.0,124.0,124.0,2.3003339767456055,0.999999463558197,9.999941028305538e-05,0.0001,False,128.0,128.0,,
train,,,,,,,4.661166667938232,1.0,125.0,125.0,2.3116455078125,0.9999994039535522,9.99999358756292e-05,0.0001,False,128.0,128.0,,
train,,,,,,,4.701959133148193,1.0,126.0,126.0,2.3296735286712646,0.9999995231628418,0.00010000079728410792,0.0001,False,128.0,128.0,,
train,,,,,,,4.737761735916138,1.0,127.0,127.0,2.335080862045288,0.999999463558197,9.999981816148617e-05,0.0001,False,128.0,128.0,,
train,,,,,,,4.775231122970581,1.0,128.0,128.0,2.3157382011413574,0.999999463558197,9.999996746929579e-05,0.0001,False,128.0,128.0,,
train,,,,,,,4.821990013122559,1.0,129.0,129.0,2.2992568016052246,0.999999463558197,9.999963872553935e-05,0.0001,False,128.0,128.0,,
train,,,,,,,4.863921642303467,1.0,130.0,130.0,2.3309385776519775,0.9999995231628418,0.00010000035246019776,0.0001,False,128.0,128.0,,
train,,,,,,,4.908543586730957,1.0,131.0,131.0,2.3318142890930176,0.999999463558197,9.999989193070893e-05,0.0001,False,128.0,128.0,,
train,,,,,,,4.941877603530884,1.0,132.0,132.0,2.342525005340576,0.9999995827674866,0.00010000029894848964,0.0001,False,128.0,128.0,,
train,,,,,,,4.973239183425903,1.0,133.0,133.0,2.3351705074310303,0.999999463558197,0.00010000144026084447,0.0001,False,128.0,128.0,,
train,,,,,,,5.01015305519104,1.0,134.0,134.0,2.35388445854187,0.9999995827674866,0.00010000042406063125,0.0001,False,128.0,128.0,,
train,,,,,,,5.053433656692505,1.0,135.0,135.0,2.317422389984131,0.9999995231628418,0.0001000006269701699,0.0001,False,128.0,128.0,,
train,,,,,,,5.113739490509033,1.0,136.0,136.0,2.3233721256256104,0.999999463558197,0.00010000006353826699,0.0001,False,128.0,128.0,,
train,,,,,,,5.153123617172241,1.0,137.0,137.0,2.3434126377105713,0.9999995827674866,0.00010000193241094253,0.0001,False,128.0,128.0,,
train,,,,,,,5.187925577163696,1.0,138.0,138.0,2.336219549179077,0.999999463558197,0.00010000084748659246,0.0001,False,128.0,128.0,,
train,,,,,,,5.226472854614258,1.0,139.0,139.0,2.31195068359375,0.999999463558197,0.00010000126815041712,0.0001,False,128.0,128.0,,
train,,,,,,,5.261171102523804,1.0,140.0,140.0,2.352332353591919,0.9999994039535522,9.999941232787272e-05,0.0001,False,128.0,128.0,,
train,,,,,,,5.294099807739258,1.0,141.0,141.0,2.311471462249756,0.999999463558197,0.0001000003700285463,0.0001,False,128.0,128.0,,
train,,,,,,,5.327688932418823,1.0,142.0,142.0,2.2920916080474854,0.9999995827674866,0.00010000020847421629,0.0001,False,128.0,128.0,,
train,,,,,,,5.362689256668091,1.0,143.0,143.0,2.2879140377044678,0.9999995231628418,9.999915932315206e-05,0.0001,False,128.0,128.0,,
train,,,,,,,5.403895616531372,1.0,144.0,144.0,2.3876051902770996,0.9999995827674866,0.00010000058914041773,0.0001,False,128.0,128.0,,
train,,,,,,,5.446586608886719,1.0,145.0,145.0,2.3009486198425293,0.999999463558197,9.999979750522668e-05,0.0001,False,128.0,128.0,,
train,,,,,,,5.4941935539245605,1.0,146.0,146.0,2.3077280521392822,0.999999463558197,0.000100000866381906,0.0001,False,128.0,128.0,,
train,,,,,,,5.531729221343994,1.0,147.0,147.0,2.355584144592285,0.999999463558197,0.00010000108469689412,0.0001,False,128.0,128.0,,
train,,,,,,,5.568457365036011,1.0,148.0,148.0,2.3423171043395996,0.9999995231628418,9.999828049882099e-05,0.0001,False,128.0,128.0,,
train,,,,,,,5.606090545654297,1.0,149.0,149.0,2.3390729427337646,0.9999995231628418,0.00010000044431777668,0.0001,False,128.0,128.0,,
train,,,,,,,5.640868663787842,1.0,150.0,150.0,2.303853750228882,0.9999994039535522,9.999986091164643e-05,0.0001,False,128.0,128.0,,
train,,,,,,,5.674686670303345,1.0,151.0,151.0,2.314929723739624,0.999999463558197,0.00010000122707050932,0.0001,False,128.0,128.0,,
train,,,,,,,5.713716745376587,1.0,152.0,152.0,2.3451614379882812,0.9999995231628418,9.99986336202434e-05,0.0001,False,128.0,128.0,,
train,,,,,,,5.748880624771118,1.0,153.0,153.0,2.3505210876464844,0.9999994039535522,9.999895814104009e-05,0.0001,False,128.0,128.0,,
train,,,,,,,5.787344932556152,1.0,154.0,154.0,2.3227486610412598,0.999999463558197,0.00010000039643744162,0.0001,False,128.0,128.0,,
train,,,,,,,5.823404550552368,1.0,155.0,155.0,2.299621343612671,0.999999463558197,0.00010000243444196543,0.0001,False,128.0,128.0,,
train,,,,,,,5.858429193496704,1.0,156.0,156.0,2.321542501449585,0.9999994039535522,0.00010000012739337718,0.0001,False,128.0,128.0,,
train,,,,,,,5.894181728363037,1.0,157.0,157.0,2.323094367980957,0.9999994039535522,0.00010000013574172292,0.0001,False,128.0,128.0,,
train,,,,,,,5.933355331420898,1.0,158.0,158.0,2.313347339630127,0.9999994039535522,0.0001000003394584903,0.0001,False,128.0,128.0,,
train,,,,,,,5.9726879596710205,1.0,159.0,159.0,2.3317928314208984,0.9999995827674866,0.00010000060630974071,0.0001,False,128.0,128.0,,
train,,,,,,,6.007957696914673,1.0,160.0,160.0,2.329272508621216,0.9999995231628418,0.00010000096854317102,0.0001,False,128.0,128.0,,
train,,,,,,,6.042833566665649,1.0,161.0,161.0,2.3217575550079346,0.9999994039535522,0.0001000011138117392,0.0001,False,128.0,128.0,,
train,,,,,,,6.079188346862793,1.0,162.0,162.0,2.3292994499206543,0.9999996423721313,9.999854186074926e-05,0.0001,False,128.0,128.0,,
train,,,,,,,6.114223003387451,1.0,163.0,163.0,2.356151580810547,0.999999463558197,0.00010000039590401625,0.0001,False,128.0,128.0,,
train,,,,,,,6.147814512252808,1.0,164.0,164.0,2.352418899536133,0.999999463558197,9.999943245294969e-05,0.0001,False,128.0,128.0,,
train,,,,,,,6.181122064590454,1.0,165.0,165.0,2.310084342956543,0.999999463558197,9.999921444227029e-05,0.0001,False,128.0,128.0,,
train,,,,,,,6.2144153118133545,1.0,166.0,166.0,2.3190932273864746,0.999999463558197,0.00010000154337994314,0.0001,False,128.0,128.0,,
train,,,,,,,6.24723482131958,1.0,167.0,167.0,2.3084280490875244,0.9999995231628418,9.999903097847436e-05,0.0001,False,128.0,128.0,,
train,,,,,,,6.279130935668945,1.0,168.0,168.0,2.363708257675171,0.999999463558197,0.00010000101766354683,0.0001,False,128.0,128.0,,
train,,,,,,,6.318676710128784,1.0,169.0,169.0,2.3180477619171143,0.9999995231628418,9.999888067178932e-05,0.0001,False,128.0,128.0,,
train,,,,,,,6.351215124130249,1.0,170.0,170.0,2.359994888305664,0.9999995231628418,0.00010000078909194129,0.0001,False,128.0,128.0,,
train,,,,,,,6.382775068283081,1.0,171.0,171.0,2.3305442333221436,0.9999995231628418,0.00010000003641154219,0.0001,False,128.0,128.0,,
train,,,,,,,6.4186460971832275,1.0,172.0,172.0,2.32138729095459,0.999999463558197,0.00010000067661112702,0.0001,False,128.0,128.0,,
train,,,,,,,6.457883358001709,1.0,173.0,173.0,2.2998716831207275,0.9999995231628418,9.999957831355781e-05,0.0001,False,128.0,128.0,,
train,,,,,,,6.494672775268555,1.0,174.0,174.0,2.2916152477264404,0.9999994039535522,0.00010000081790980349,0.0001,False,128.0,128.0,,
train,,,,,,,6.54432225227356,1.0,175.0,175.0,2.3400418758392334,0.9999994039535522,0.00010000130371829622,0.0001,False,128.0,128.0,,
train,,,,,,,6.587412118911743,1.0,176.0,176.0,2.3013851642608643,0.999999463558197,9.999912670139753e-05,0.0001,False,128.0,128.0,,
train,,,,,,,6.638311386108398,1.0,177.0,177.0,2.334925651550293,0.999999463558197,9.999875970375734e-05,0.0001,False,128.0,128.0,,
train,,,,,,,6.686750650405884,1.0,178.0,178.0,2.3294196128845215,0.999999463558197,9.999999739761781e-05,0.0001,False,128.0,128.0,,
train,,,,,,,6.721413612365723,1.0,179.0,179.0,2.3304615020751953,0.999999463558197,0.00010000083357422712,0.0001,False,128.0,128.0,,
train,,,,,,,6.758248805999756,1.0,180.0,180.0,2.3412976264953613,0.9999995231628418,0.00010000096946039718,0.0001,False,128.0,128.0,,
train,,,,,,,6.794666528701782,1.0,181.0,181.0,2.3314995765686035,0.999999463558197,9.999923764437635e-05,0.0001,False,128.0,128.0,,
train,,,,,,,6.828097820281982,1.0,182.0,182.0,2.315230131149292,0.999999463558197,0.00010000118846036788,0.0001,False,128.0,128.0,,
train,,,,,,,6.860743999481201,1.0,183.0,183.0,2.3006222248077393,0.999999463558197,0.00010000044445438555,0.0001,False,128.0,128.0,,
train,,,,,,,6.898781776428223,1.0,184.0,184.0,2.3530585765838623,0.999999463558197,0.00010000093830722912,0.0001,False,128.0,128.0,,
train,,,,,,,6.932070970535278,1.0,185.0,185.0,2.3270263671875,0.9999994039535522,0.00010000023094750955,0.0001,False,128.0,128.0,,
train,,,,,,,6.975112438201904,1.0,186.0,186.0,2.3482415676116943,0.9999994039535522,0.00010000005295212315,0.0001,False,128.0,128.0,,
train,,,,,,,7.0133891105651855,1.0,187.0,187.0,2.3311381340026855,0.9999995231628418,0.00010000113259424668,0.0001,False,128.0,128.0,,
train,,,,,,,7.046161890029907,1.0,188.0,188.0,2.324198007583618,0.999999463558197,0.0001000005865166639,0.0001,False,128.0,128.0,,
train,,,,,,,7.081982851028442,1.0,189.0,189.0,2.328329563140869,0.9999993443489075,0.00010000003263851993,0.0001,False,128.0,128.0,,
train,,,,,,,7.118789196014404,1.0,190.0,190.0,2.3115313053131104,0.9999994039535522,9.999771424121233e-05,0.0001,False,128.0,128.0,,
train,,,,,,,7.156641721725464,1.0,191.0,191.0,2.306159019470215,0.9999995231628418,9.999996096841723e-05,0.0001,False,128.0,128.0,,
train,,,,,,,7.193796396255493,1.0,192.0,192.0,2.3121941089630127,0.999999463558197,9.999855771418333e-05,0.0001,False,128.0,128.0,,
train,,,,,,,7.23096489906311,1.0,193.0,193.0,2.3031888008117676,0.9999994039535522,0.00010000109588357016,0.0001,False,128.0,128.0,,
train,,,,,,,7.267924070358276,1.0,194.0,194.0,2.333261251449585,0.999999463558197,0.00010000044060765326,0.0001,False,128.0,128.0,,
train,,,,,,,7.317033767700195,1.0,195.0,195.0,2.3268885612487793,0.9999995827674866,9.999879452008327e-05,0.0001,False,128.0,128.0,,
train,,,,,,,7.362786293029785,1.0,196.0,196.0,2.2974445819854736,0.9999995231628418,0.00010000151459698396,0.0001,False,128.0,128.0,,
train,,,,,,,7.410237789154053,1.0,197.0,197.0,2.3511950969696045,0.9999995231628418,0.00010000010295115156,0.0001,False,128.0,128.0,,
train,,,,,,,7.442529678344727,1.0,198.0,198.0,2.329340934753418,0.9999995231628418,0.0001000004557625633,0.0001,False,128.0,128.0,,
train,,,,,,,7.491581678390503,1.0,199.0,199.0,2.319222927093506,0.999999463558197,0.00010000060521253476,0.0001,False,128.0,128.0,,
train,,,,,,,7.524818181991577,1.0,200.0,200.0,2.3106937408447266,0.9999995231628418,0.00010000009438596285,0.0001,False,128.0,128.0,,
train,,,,,,,7.56298828125,1.0,201.0,201.0,2.3159775733947754,0.9999995231628418,0.00010000035195279294,0.0001,False,128.0,128.0,,
train,,,,,,,7.594098806381226,1.0,202.0,202.0,2.3163654804229736,0.9999994039535522,9.999987892460476e-05,0.0001,False,128.0,128.0,,
train,,,,,,,7.628313064575195,1.0,203.0,203.0,2.365269660949707,0.999999463558197,0.00010000040039042698,0.0001,False,128.0,128.0,,
train,,,,,,,7.66186785697937,1.0,204.0,204.0,2.314796209335327,0.999999463558197,0.00010000013861919154,0.0001,False,128.0,128.0,,
train,,,,,,,7.696339845657349,1.0,205.0,205.0,2.3102986812591553,0.9999995231628418,9.999966422606333e-05,0.0001,False,128.0,128.0,,
train,,,,,,,7.730638265609741,1.0,206.0,206.0,2.300330877304077,0.9999995231628418,0.0001000001259188641,0.0001,False,128.0,128.0,,
train,,,,,,,7.765810966491699,1.0,207.0,207.0,2.321071147918701,0.9999994039535522,9.999911136630691e-05,0.0001,False,128.0,128.0,,
train,,,,,,,7.80082631111145,1.0,208.0,208.0,2.3218679428100586,0.999999463558197,9.99998484086088e-05,0.0001,False,128.0,128.0,,
train,,,,,,,7.834339141845703,1.0,209.0,209.0,2.3154828548431396,0.999999463558197,9.999883053337028e-05,0.0001,False,128.0,128.0,,
train,,,,,,,7.871053457260132,1.0,210.0,210.0,2.3138935565948486,0.9999995827674866,9.999927288771464e-05,0.0001,False,128.0,128.0,,
train,,,,,,,7.906516075134277,1.0,211.0,211.0,2.313150405883789,0.9999995231628418,0.00010000039150217277,0.0001,False,128.0,128.0,,
train,,,,,,,7.9413158893585205,1.0,212.0,212.0,2.333909749984741,0.9999995231628418,9.999957344330098e-05,0.0001,False,128.0,128.0,,
train,,,,,,,7.975489139556885,1.0,213.0,213.0,2.31722092628479,0.999999463558197,0.00010000027114962516,0.0001,False,128.0,128.0,,
train,,,,,,,8.012996912002563,1.0,214.0,214.0,2.330089569091797,0.999999463558197,0.00010000169146004919,0.0001,False,128.0,128.0,,
train,,,,,,,8.046258687973022,1.0,215.0,215.0,2.3179454803466797,0.9999995231628418,0.00010000011024565599,0.0001,False,128.0,128.0,,
train,,,,,,,8.082414627075195,1.0,216.0,216.0,2.3445475101470947,0.9999994039535522,0.00010000067193824717,0.0001,False,128.0,128.0,,
train,,,,,,,8.131623983383179,1.0,217.0,217.0,2.347642660140991,0.999999463558197,0.0001000010587261936,0.0001,False,128.0,128.0,,
train,,,,,,,8.177762746810913,1.0,218.0,218.0,2.3439741134643555,0.999999463558197,0.0001000009073166802,0.0001,False,128.0,128.0,,
train,,,,,,,8.219452857971191,1.0,219.0,219.0,2.3372583389282227,0.999999463558197,9.999933248455523e-05,0.0001,False,128.0,128.0,,
train,,,,,,,8.2595694065094,1.0,220.0,220.0,2.3415679931640625,0.9999995827674866,9.999948414582089e-05,0.0001,False,128.0,128.0,,
train,,,,,,,8.295334815979004,1.0,221.0,221.0,2.332435131072998,0.9999994039535522,0.0001000007166157401,0.0001,False,128.0,128.0,,
train,,,,,,,8.32749629020691,1.0,222.0,222.0,2.331806182861328,0.999999463558197,0.00010000056394370451,0.0001,False,128.0,128.0,,
train,,,,,,,8.361967086791992,1.0,223.0,223.0,2.28570294380188,0.999999463558197,0.00010000096820056645,0.0001,False,128.0,128.0,,
train,,,,,,,8.394729852676392,1.0,224.0,224.0,2.323253870010376,0.999999463558197,9.999924122010231e-05,0.0001,False,128.0,128.0,,
train,,,,,,,8.431501150131226,1.0,225.0,225.0,2.3394970893859863,0.999999463558197,0.0001000007192828583,0.0001,False,128.0,128.0,,
train,,,,,,,8.464839696884155,1.0,226.0,226.0,2.3197214603424072,0.999999463558197,0.00010000064589805096,0.0001,False,128.0,128.0,,
train,,,,,,,8.500895500183105,1.0,227.0,227.0,2.3149328231811523,0.9999994039535522,9.999981668696853e-05,0.0001,False,128.0,128.0,,
train,,,,,,,8.538633823394775,1.0,228.0,228.0,2.33194899559021,0.9999995231628418,0.00010000021220603232,0.0001,False,128.0,128.0,,
train,,,,,,,8.573317050933838,1.0,229.0,229.0,2.32102370262146,0.9999995231628418,9.999892211045161e-05,0.0001,False,128.0,128.0,,
train,,,,,,,8.606091260910034,1.0,230.0,230.0,2.3134679794311523,0.9999995231628418,0.00010000004742920004,0.0001,False,128.0,128.0,,
train,,,,,,,8.64380693435669,1.0,231.0,231.0,2.29573655128479,0.999999463558197,9.999995110434153e-05,0.0001,False,128.0,128.0,,
train,,,,,,,8.67793083190918,1.0,232.0,232.0,2.2994067668914795,0.9999995231628418,9.999848318285487e-05,0.0001,False,128.0,128.0,,
train,,,,,,,8.718599557876587,1.0,233.0,233.0,2.306191921234131,0.9999995231628418,0.00010000031561913101,0.0001,False,128.0,128.0,,
train,,,,,,,8.776709794998169,1.0,234.0,234.0,2.327183246612549,0.9999995231628418,0.00010000033106679361,0.0001,False,128.0,128.0,,
train,,,,,,,8.823190689086914,1.0,235.0,235.0,2.330228090286255,0.9999994039535522,9.999949149458085e-05,0.0001,False,128.0,128.0,,
train,,,,,,,8.865233898162842,1.0,236.0,236.0,2.2933032512664795,0.9999994039535522,0.00010000025670375355,0.0001,False,128.0,128.0,,
train,,,,,,,8.906331777572632,1.0,237.0,237.0,2.338709592819214,0.999999463558197,0.00010000070065856561,0.0001,False,128.0,128.0,,
train,,,,,,,8.944689750671387,1.0,238.0,238.0,2.356330633163452,0.9999995231628418,0.00010000104571590443,0.0001,False,128.0,128.0,,
train,,,,,,,8.981497287750244,1.0,239.0,239.0,2.302520275115967,0.999999463558197,0.00010000051273927997,0.0001,False,128.0,128.0,,
train,,,,,,,9.02401351928711,1.0,240.0,240.0,2.3161871433258057,0.9999995827674866,0.00010000005143424089,0.0001,False,128.0,128.0,,
train,,,,,,,9.075572729110718,1.0,241.0,241.0,2.2896976470947266,0.999999463558197,9.999976736434072e-05,0.0001,False,128.0,128.0,,
train,,,,,,,9.120426893234253,1.0,242.0,242.0,2.296860694885254,0.999999463558197,9.999979596565648e-05,0.0001,False,128.0,128.0,,
train,,,,,,,9.163820028305054,1.0,243.0,243.0,2.329336643218994,0.9999995231628418,0.00010000148803226115,0.0001,False,128.0,128.0,,
train,,,,,,,9.207412242889404,1.0,244.0,244.0,2.3124897480010986,0.999999463558197,0.00010000110623975528,0.0001,False,128.0,128.0,,
train,,,,,,,9.244332790374756,1.0,245.0,245.0,2.3156347274780273,0.999999463558197,9.99994162570444e-05,0.0001,False,128.0,128.0,,
train,,,,,,,9.282260179519653,1.0,246.0,246.0,2.3111813068389893,0.9999995231628418,0.00010000099987413704,0.0001,False,128.0,128.0,,
train,,,,,,,9.314758777618408,1.0,247.0,247.0,2.269153594970703,0.999999463558197,0.00010000106985215788,0.0001,False,128.0,128.0,,
train,,,,,,,9.372431516647339,1.0,248.0,248.0,2.3448538780212402,0.999999463558197,0.0001000003701521449,0.0001,False,128.0,128.0,,
train,,,,,,,9.424981117248535,1.0,249.0,249.0,2.3304591178894043,0.999999463558197,9.999939322194793e-05,0.0001,False,128.0,128.0,,
train,,,,,,,9.466208457946777,1.0,250.0,250.0,2.324995756149292,0.9999995231628418,0.00010000034980824856,0.0001,False,128.0,128.0,,
train,,,,,,,9.50540542602539,1.0,251.0,251.0,2.3319551944732666,0.9999995231628418,9.999920610902658e-05,0.0001,False,128.0,128.0,,
train,,,,,,,9.543892621994019,1.0,252.0,252.0,2.3458547592163086,0.9999994039535522,0.000100000401086482,0.0001,False,128.0,128.0,,
train,,,,,,,9.589967727661133,1.0,253.0,253.0,2.335467576980591,0.9999995827674866,9.999968611400788e-05,0.0001,False,128.0,128.0,,
train,,,,,,,9.62422800064087,1.0,254.0,254.0,2.259580612182617,0.999999463558197,0.00010000180366000285,0.0001,False,128.0,128.0,,
train,,,,,,,9.656948566436768,1.0,255.0,255.0,2.3516082763671875,0.9999993443489075,0.00010000156211466579,0.0001,False,128.0,128.0,,
train,,,,,,,9.690914154052734,1.0,256.0,256.0,2.3154385089874268,0.999999463558197,0.00010000073155376947,0.0001,False,128.0,128.0,,
train,,,,,,,9.72633695602417,1.0,257.0,257.0,2.331038475036621,0.999999463558197,9.999938295665894e-05,0.0001,False,128.0,128.0,,
train,,,,,,,9.761954545974731,1.0,258.0,258.0,2.319312334060669,0.9999995231628418,9.99991784052689e-05,0.0001,False,128.0,128.0,,
train,,,,,,,9.806025505065918,1.0,259.0,259.0,2.2991936206817627,0.999999463558197,9.999996880069647e-05,0.0001,False,128.0,128.0,,
train,,,,,,,9.854738235473633,1.0,260.0,260.0,2.27388072013855,0.999999463558197,9.999882051088768e-05,0.0001,False,128.0,128.0,,
train,,,,,,,9.891524076461792,1.0,261.0,261.0,2.298229932785034,0.999999463558197,0.00010000062796329286,0.0001,False,128.0,128.0,,
train,,,,,,,9.924381732940674,1.0,262.0,262.0,2.3201608657836914,0.9999995231628418,9.999926329028677e-05,0.0001,False,128.0,128.0,,
train,,,,,,,9.963407754898071,1.0,263.0,263.0,2.2959096431732178,0.9999994039535522,9.99993197949675e-05,0.0001,False,128.0,128.0,,
train,,,,,,,9.99917984008789,1.0,264.0,264.0,2.297437906265259,0.9999994039535522,0.00010000130964663623,0.0001,False,128.0,128.0,,
train,,,,,,,10.031539678573608,1.0,265.0,265.0,2.313330888748169,0.9999992847442627,0.00010000197519272439,0.0001,False,128.0,128.0,,
train,,,,,,,10.070842742919922,1.0,266.0,266.0,2.322296619415283,0.999999463558197,0.00010000090410313407,0.0001,False,128.0,128.0,,
train,,,,,,,10.107380867004395,1.0,267.0,267.0,2.3446531295776367,0.9999995231628418,0.00010000052640232476,0.0001,False,128.0,128.0,,
train,,,,,,,10.143788814544678,1.0,268.0,268.0,2.3017539978027344,0.999999463558197,9.999993389804316e-05,0.0001,False,128.0,128.0,,
train,,,,,,,10.177427530288696,1.0,269.0,269.0,2.3269295692443848,0.999999463558197,9.999894235055389e-05,0.0001,False,128.0,128.0,,
train,,,,,,,10.211072444915771,1.0,270.0,270.0,2.3308796882629395,0.9999995231628418,9.999991718830683e-05,0.0001,False,128.0,128.0,,
train,,,,,,,10.242770195007324,1.0,271.0,271.0,2.2849721908569336,0.999999463558197,9.999976524797313e-05,0.0001,False,128.0,128.0,,
train,,,,,,,10.278364419937134,1.0,272.0,272.0,2.3339757919311523,0.9999995231628418,9.99989153926623e-05,0.0001,False,128.0,128.0,,
train,,,,,,,10.31365966796875,1.0,273.0,273.0,2.3187568187713623,0.9999994039535522,0.00010000171659359567,0.0001,False,128.0,128.0,,
train,,,,,,,10.350058317184448,1.0,274.0,274.0,2.3120198249816895,0.9999995827674866,0.00010000055507064357,0.0001,False,128.0,128.0,,
train,,,,,,,10.385345697402954,1.0,275.0,275.0,2.3057827949523926,0.9999995231628418,0.00010000042253408105,0.0001,False,128.0,128.0,,
train,,,,,,,10.422672271728516,1.0,276.0,276.0,2.2952539920806885,0.9999995827674866,0.00010000005105693874,0.0001,False,128.0,128.0,,
train,,,,,,,10.454917669296265,1.0,277.0,277.0,2.3432514667510986,0.9999993443489075,0.00010000050616471148,0.0001,False,128.0,128.0,,
train,,,,,,,10.491742372512817,1.0,278.0,278.0,2.3031442165374756,0.9999994039535522,0.0001000005257409649,0.0001,False,128.0,128.0,,
train,,,,,,,10.525723457336426,1.0,279.0,279.0,2.3205647468566895,0.999999463558197,9.999838104724045e-05,0.0001,False,128.0,128.0,,
train,,,,,,,10.564196348190308,1.0,280.0,280.0,2.3134536743164062,0.999999463558197,0.00010000017038843451,0.0001,False,128.0,128.0,,
train,,,,,,,10.599092245101929,1.0,281.0,281.0,2.3550479412078857,0.9999995231628418,0.00010000182666635536,0.0001,False,128.0,128.0,,
train,,,,,,,10.63355541229248,1.0,282.0,282.0,2.3199234008789062,0.9999995827674866,9.999857790665379e-05,0.0001,False,128.0,128.0,,
train,,,,,,,10.668437957763672,1.0,283.0,283.0,2.320747137069702,0.9999995231628418,0.0001000020566124978,0.0001,False,128.0,128.0,,
train,,,,,,,10.703757047653198,1.0,284.0,284.0,2.318791627883911,0.9999995231628418,0.00010000128827512062,0.0001,False,128.0,128.0,,
train,,,,,,,10.73743462562561,1.0,285.0,285.0,2.3318369388580322,0.9999995231628418,0.00010000112209278282,0.0001,False,128.0,128.0,,
train,,,,,,,10.770343780517578,1.0,286.0,286.0,2.304478883743286,0.999999463558197,0.00010000001670508873,0.0001,False,128.0,128.0,,
train,,,,,,,10.805229902267456,1.0,287.0,287.0,2.337266445159912,0.9999994039535522,0.00010000070250169637,0.0001,False,128.0,128.0,,
train,,,,,,,10.837512731552124,1.0,288.0,288.0,2.3416547775268555,0.999999463558197,0.00010000291687083478,0.0001,False,128.0,128.0,,
train,,,,,,,10.87661361694336,1.0,289.0,289.0,2.3137295246124268,0.999999463558197,0.00010000024599619981,0.0001,False,128.0,128.0,,
train,,,,,,,10.911446332931519,1.0,290.0,290.0,2.316765069961548,0.999999463558197,0.0001000004803131224,0.0001,False,128.0,128.0,,
train,,,,,,,10.945597410202026,1.0,291.0,291.0,2.3076586723327637,0.9999995231628418,9.999974863578707e-05,0.0001,False,128.0,128.0,,
train,,,,,,,10.98127269744873,1.0,292.0,292.0,2.316848039627075,0.9999994039535522,9.999826937254636e-05,0.0001,False,128.0,128.0,,
train,,,,,,,11.014822244644165,1.0,293.0,293.0,2.3289432525634766,0.9999994039535522,9.999974497551127e-05,0.0001,False,128.0,128.0,,
train,,,,,,,11.051791191101074,1.0,294.0,294.0,2.3178577423095703,0.9999995231628418,9.999909191120834e-05,0.0001,False,128.0,128.0,,
train,,,,,,,11.085350275039673,1.0,295.0,295.0,2.307248115539551,0.999999463558197,9.999976870008089e-05,0.0001,False,128.0,128.0,,
train,,,,,,,11.122720718383789,1.0,296.0,296.0,2.2975270748138428,0.9999995231628418,9.999987058924802e-05,0.0001,False,128.0,128.0,,
train,,,,,,,11.159090042114258,1.0,297.0,297.0,2.3128395080566406,0.999999463558197,9.999982734252644e-05,0.0001,False,128.0,128.0,,
train,,,,,,,11.193401575088501,1.0,298.0,298.0,2.289233446121216,0.999999463558197,9.999922095403948e-05,0.0001,False,128.0,128.0,,
train,,,,,,,11.22415280342102,1.0,299.0,299.0,2.3026552200317383,0.9999994039535522,0.00010000031963066631,0.0001,False,128.0,128.0,,
train,,,,,,,11.259713888168335,1.0,300.0,300.0,2.3265044689178467,0.999999463558197,9.999867266722635e-05,0.0001,False,128.0,128.0,,
train,,,,,,,11.299912452697754,1.0,301.0,301.0,2.3194007873535156,0.9999994039535522,9.99999642774035e-05,0.0001,False,128.0,128.0,,
train,,,,,,,11.341034173965454,1.0,302.0,302.0,2.3009486198425293,0.9999995231628418,0.00010000025526827355,0.0001,False,128.0,128.0,,
train,,,,,,,11.378170251846313,1.0,303.0,303.0,2.30078125,0.999999463558197,0.00010000026846081104,0.0001,False,128.0,128.0,,
train,,,,,,,11.409929513931274,1.0,304.0,304.0,2.3281099796295166,0.999999463558197,9.9999656460981e-05,0.0001,False,128.0,128.0,,
train,,,,,,,11.442382335662842,1.0,305.0,305.0,2.311391592025757,0.9999995231628418,9.999966441905197e-05,0.0001,False,128.0,128.0,,
train,,,,,,,11.477436780929565,1.0,306.0,306.0,2.346555471420288,0.9999994039535522,0.00010000099918459135,0.0001,False,128.0,128.0,,
train,,,,,,,11.511802434921265,1.0,307.0,307.0,2.3355813026428223,0.9999995231628418,0.00010000040219453216,0.0001,False,128.0,128.0,,
train,,,,,,,11.544928073883057,1.0,308.0,308.0,2.3277697563171387,0.9999996423721313,0.00010000013311145199,0.0001,False,128.0,128.0,,
train,,,,,,,11.58026671409607,1.0,309.0,309.0,2.293020009994507,0.9999995231628418,9.999960981192718e-05,0.0001,False,128.0,128.0,,
train,,,,,,,11.616647243499756,1.0,310.0,310.0,2.317399501800537,0.9999995231628418,0.0001000005506688071,0.0001,False,128.0,128.0,,
train,,,,,,,11.653548002243042,1.0,311.0,311.0,2.335045576095581,0.9999995827674866,9.999835384633228e-05,0.0001,False,128.0,128.0,,
train,,,,,,,11.689565896987915,1.0,312.0,312.0,2.3025968074798584,0.9999995231628418,9.999969287945045e-05,0.0001,False,128.0,128.0,,
train,,,,,,,11.725589990615845,1.0,313.0,313.0,2.334469795227051,0.999999463558197,0.00010000012932108617,0.0001,False,128.0,128.0,,
train,,,,,,,11.757286548614502,1.0,314.0,314.0,2.30383038520813,0.999999463558197,9.999942338463084e-05,0.0001,False,128.0,128.0,,
train,,,,,,,11.790525913238525,1.0,315.0,315.0,2.3266468048095703,0.9999995231628418,0.00010000016848891553,0.0001,False,128.0,128.0,,
train,,,,,,,11.825026035308838,1.0,316.0,316.0,2.3200807571411133,0.9999995231628418,9.999894907267822e-05,0.0001,False,128.0,128.0,,
train,,,,,,,11.861753463745117,1.0,317.0,317.0,2.3124961853027344,0.9999995231628418,0.00010000049535310156,0.0001,False,128.0,128.0,,
train,,,,,,,11.914414644241333,1.0,318.0,318.0,2.2864198684692383,0.9999995231628418,0.00010000008406870418,0.0001,False,128.0,128.0,,
train,,,,,,,11.951354265213013,1.0,319.0,319.0,2.2979156970977783,0.9999995231628418,0.00010000096753704115,0.0001,False,128.0,128.0,,
train,,,,,,,11.994205474853516,1.0,320.0,320.0,2.295001983642578,0.9999995231628418,0.00010000268629568171,0.0001,False,128.0,128.0,,
train,,,,,,,12.029677867889404,1.0,321.0,321.0,2.290557861328125,0.999999463558197,0.00010000025262282697,0.0001,False,128.0,128.0,,
train,,,,,,,12.066861152648926,1.0,322.0,322.0,2.289315938949585,0.9999994039535522,0.00010000202454895703,0.0001,False,128.0,128.0,,
train,,,,,,,12.122665882110596,1.0,323.0,323.0,2.2989864349365234,0.9999995231628418,0.00010000058874577047,0.0001,False,128.0,128.0,,
train,,,,,,,12.160545587539673,1.0,324.0,324.0,2.323169231414795,0.9999994039535522,9.999924500616496e-05,0.0001,False,128.0,128.0,,
train,,,,,,,12.196107149124146,1.0,325.0,325.0,2.325854778289795,0.999999463558197,9.999965563047927e-05,0.0001,False,128.0,128.0,,
train,,,,,,,12.241852045059204,1.0,326.0,326.0,2.299739360809326,0.9999995827674866,0.00010000184111416854,0.0001,False,128.0,128.0,,
train,,,,,,,12.278648853302002,1.0,327.0,327.0,2.303317070007324,0.999999463558197,0.00010000126994366476,0.0001,False,128.0,128.0,,
train,,,,,,,12.3096342086792,1.0,328.0,328.0,2.3326303958892822,0.999999463558197,0.00010000045131735456,0.0001,False,128.0,128.0,,
train,,,,,,,12.342741966247559,1.0,329.0,329.0,2.300074577331543,0.999999463558197,0.00010000087130847787,0.0001,False,128.0,128.0,,
train,,,,,,,12.381993293762207,1.0,330.0,330.0,2.2924861907958984,0.999999463558197,0.00010000017558392234,0.0001,False,128.0,128.0,,
train,,,,,,,12.421035528182983,1.0,331.0,331.0,2.325416326522827,0.9999993443489075,0.00010000135597180923,0.0001,False,128.0,128.0,,
train,,,,,,,12.45956301689148,1.0,332.0,332.0,2.2981085777282715,0.9999995231628418,0.0001000000355658648,0.0001,False,128.0,128.0,,
train,,,,,,,12.494008779525757,1.0,333.0,333.0,2.3104169368743896,0.9999994039535522,9.999936573074705e-05,0.0001,False,128.0,128.0,,
train,,,,,,,12.525675773620605,1.0,334.0,334.0,2.2688605785369873,0.9999994039535522,0.00010000012978946091,0.0001,False,128.0,128.0,,
train,,,,,,,12.561221361160278,1.0,335.0,335.0,2.3046181201934814,0.999999463558197,9.999891990299216e-05,0.0001,False,128.0,128.0,,
train,,,,,,,12.603330612182617,1.0,336.0,336.0,2.34468674659729,0.999999463558197,0.00010000043541868439,0.0001,False,128.0,128.0,,
train,,,,,,,12.64024019241333,1.0,337.0,337.0,2.330857992172241,0.9999995231628418,9.999893467432101e-05,0.0001,False,128.0,128.0,,
train,,,,,,,12.675656080245972,1.0,338.0,338.0,2.300955057144165,0.999999463558197,9.999985061821617e-05,0.0001,False,128.0,128.0,,
train,,,,,,,12.71337366104126,1.0,339.0,339.0,2.299896001815796,0.9999995231628418,0.00010000036750236456,0.0001,False,128.0,128.0,,
train,,,,,,,12.751510620117188,1.0,340.0,340.0,2.319632053375244,0.999999463558197,0.00010000065184160872,0.0001,False,128.0,128.0,,
train,,,,,,,12.789715766906738,1.0,341.0,341.0,2.3067636489868164,0.9999995827674866,0.0001000023671189636,0.0001,False,128.0,128.0,,
train,,,,,,,12.830419540405273,1.0,342.0,342.0,2.3045718669891357,0.9999993443489075,9.999856218116062e-05,0.0001,False,128.0,128.0,,
train,,,,,,,12.872460842132568,1.0,343.0,343.0,2.292726993560791,0.9999995231628418,0.00010000118287028775,0.0001,False,128.0,128.0,,
train,,,,,,,12.911871671676636,1.0,344.0,344.0,2.3342740535736084,0.999999463558197,0.00010000036404810907,0.0001,False,128.0,128.0,,
train,,,,,,,12.95021915435791,1.0,345.0,345.0,2.324855089187622,0.9999995827674866,0.00010000164694995617,0.0001,False,128.0,128.0,,
train,,,,,,,12.98476266860962,1.0,346.0,346.0,2.3151609897613525,0.9999994039535522,0.00010000156038864287,0.0001,False,128.0,128.0,,
train,,,,,,,13.021075248718262,1.0,347.0,347.0,2.3181681632995605,0.9999995231628418,9.999975278395493e-05,0.0001,False,128.0,128.0,,
train,,,,,,,13.058370351791382,1.0,348.0,348.0,2.2968664169311523,0.9999995231628418,0.00010000044046453921,0.0001,False,128.0,128.0,,
train,,,,,,,13.0983407497406,1.0,349.0,349.0,2.302773952484131,0.999999463558197,0.00010000099999773485,0.0001,False,128.0,128.0,,
train,,,,,,,13.13884449005127,1.0,350.0,350.0,2.293825626373291,0.9999994039535522,0.00010000137031777682,0.0001,False,128.0,128.0,,
train,,,,,,,13.18079137802124,1.0,351.0,351.0,2.297224521636963,0.999999463558197,9.999893022037095e-05,0.0001,False,128.0,128.0,,
train,,,,,,,13.21788215637207,1.0,352.0,352.0,2.325977087020874,0.9999995827674866,0.00010000017221639625,0.0001,False,128.0,128.0,,
train,,,,,,,13.259361267089844,1.0,353.0,353.0,2.306417942047119,0.9999995231628418,0.00010000105576635297,0.0001,False,128.0,128.0,,
train,,,,,,,13.304507493972778,1.0,354.0,354.0,2.2677876949310303,0.9999995827674866,9.999843239587346e-05,0.0001,False,128.0,128.0,,
train,,,,,,,13.345604181289673,1.0,355.0,355.0,2.303311824798584,0.999999463558197,0.00010000012070819488,0.0001,False,128.0,128.0,,
train,,,,,,,13.395769119262695,1.0,356.0,356.0,2.326385498046875,0.999999463558197,0.000100000102786353,0.0001,False,128.0,128.0,,
train,,,,,,,13.440605640411377,1.0,357.0,357.0,2.3081302642822266,0.9999995827674866,0.00010000133597071676,0.0001,False,128.0,128.0,,
train,,,,,,,13.47313928604126,1.0,358.0,358.0,2.289029598236084,0.9999995231628418,9.999923335740819e-05,0.0001,False,128.0,128.0,,
train,,,,,,,13.513696908950806,1.0,359.0,359.0,2.3184685707092285,0.999999463558197,0.00010000026109259258,0.0001,False,128.0,128.0,,
train,,,,,,,13.550382137298584,1.0,360.0,360.0,2.3332395553588867,0.9999995231628418,0.00010000058622176264,0.0001,False,128.0,128.0,,
train,,,,,,,13.582816123962402,1.0,361.0,361.0,2.2996628284454346,0.9999995231628418,9.999998293869622e-05,0.0001,False,128.0,128.0,,
train,,,,,,,13.616951704025269,1.0,362.0,362.0,2.3088319301605225,0.9999994039535522,0.00010000117358962651,0.0001,False,128.0,128.0,,
train,,,,,,,13.657895803451538,1.0,363.0,363.0,2.3090434074401855,0.999999463558197,0.00010000010068733972,0.0001,False,128.0,128.0,,
train,,,,,,,13.697144269943237,1.0,364.0,364.0,2.270432472229004,0.999999463558197,0.00010000019152600182,0.0001,False,128.0,128.0,,
train,,,,,,,13.730230331420898,1.0,365.0,365.0,2.3036279678344727,0.999999463558197,9.999990155409734e-05,0.0001,False,128.0,128.0,,
train,,,,,,,13.761620283126831,1.0,366.0,366.0,2.300476551055908,0.9999995231628418,9.99995651556239e-05,0.0001,False,128.0,128.0,,
train,,,,,,,13.79711651802063,1.0,367.0,367.0,2.270158290863037,0.999999463558197,0.00010000086271733434,0.0001,False,128.0,128.0,,
train,,,,,,,13.831625938415527,1.0,368.0,368.0,2.2861502170562744,0.999999463558197,0.0001000001789080803,0.0001,False,128.0,128.0,,
train,,,,,,,13.866234302520752,1.0,369.0,369.0,2.296109437942505,0.9999993443489075,9.999970556465403e-05,0.0001,False,128.0,128.0,,
train,,,,,,,13.901705503463745,1.0,370.0,370.0,2.336721897125244,0.9999993443489075,0.0001000006456660332,0.0001,False,128.0,128.0,,
train,,,,,,,13.932960510253906,1.0,371.0,371.0,2.304959297180176,0.9999995231628418,9.999812671932758e-05,0.0001,False,128.0,128.0,,
train,,,,,,,13.969259977340698,1.0,372.0,372.0,2.3424813747406006,0.9999995231628418,9.999880964705319e-05,0.0001,False,128.0,128.0,,
train,,,,,,,14.006673812866211,1.0,373.0,373.0,2.297252655029297,0.999999463558197,0.00010000069474319982,0.0001,False,128.0,128.0,,
train,,,,,,,14.0400550365448,1.0,374.0,374.0,2.323801279067993,0.999999463558197,9.999928889065379e-05,0.0001,False,128.0,128.0,,
train,,,,,,,14.075634717941284,1.0,375.0,375.0,2.2866992950439453,0.999999463558197,0.0001000006145539637,0.0001,False,128.0,128.0,,
train,,,,,,,14.11266303062439,1.0,376.0,376.0,2.2859981060028076,0.999999463558197,0.00010000148180252798,0.0001,False,128.0,128.0,,
train,,,,,,,14.148207902908325,1.0,377.0,377.0,2.3196613788604736,0.9999994039535522,9.999878845715144e-05,0.0001,False,128.0,128.0,,
train,,,,,,,14.181771516799927,1.0,378.0,378.0,2.29390811920166,0.999999463558197,9.999849606120279e-05,0.0001,False,128.0,128.0,,
train,,,,,,,14.220854997634888,1.0,379.0,379.0,2.3306772708892822,0.9999994039535522,0.00010000044762457856,0.0001,False,128.0,128.0,,
train,,,,,,,14.252216815948486,1.0,380.0,380.0,2.27870774269104,0.999999463558197,9.999901326677448e-05,0.0001,False,128.0,128.0,,
train,,,,,,,14.288944482803345,1.0,381.0,381.0,2.301375389099121,0.999999463558197,0.00010000172941298128,0.0001,False,128.0,128.0,,
train,,,,,,,14.323071718215942,1.0,382.0,382.0,2.295121669769287,0.9999995231628418,0.00010000053043770391,0.0001,False,128.0,128.0,,
train,,,,,,,14.36255669593811,1.0,383.0,383.0,2.283897638320923,0.999999463558197,9.999925099100596e-05,0.0001,False,128.0,128.0,,
train,,,,,,,14.40416431427002,1.0,384.0,384.0,2.2793009281158447,0.9999994039535522,0.00010000095385454117,0.0001,False,128.0,128.0,,
train,,,,,,,14.453412771224976,1.0,385.0,385.0,2.304616689682007,0.9999994039535522,9.999990769936111e-05,0.0001,False,128.0,128.0,,
train,,,,,,,14.49739146232605,1.0,386.0,386.0,2.2793641090393066,0.9999993443489075,9.99993665764301e-05,0.0001,False,128.0,128.0,,
train,,,,,,,14.531986474990845,1.0,387.0,387.0,2.2919328212738037,0.999999463558197,0.00010000103414541917,0.0001,False,128.0,128.0,,
train,,,,,,,14.568485975265503,1.0,388.0,388.0,2.2909162044525146,0.999999463558197,0.00010000063273375236,0.0001,False,128.0,128.0,,
train,,,,,,,14.606224536895752,1.0,389.0,389.0,2.3031747341156006,0.999999463558197,9.999969586318394e-05,0.0001,False,128.0,128.0,,
train,,,,,,,14.639855146408081,1.0,390.0,390.0,2.2876689434051514,0.9999994039535522,0.00010000049678207293,0.0001,False,128.0,128.0,,
train,,,,,,,14.675990581512451,1.0,391.0,391.0,2.2984256744384766,0.9999995231628418,0.00010000145725655149,0.0001,False,128.0,128.0,,
train,,,,,,,14.708633661270142,1.0,392.0,392.0,2.2753515243530273,0.999999463558197,9.999969439733814e-05,0.0001,False,128.0,128.0,,
train,,,,,,,14.744297981262207,1.0,393.0,393.0,2.3045856952667236,0.9999994039535522,0.0001000001374157288,0.0001,False,128.0,128.0,,
train,,,,,,,14.78122878074646,1.0,394.0,394.0,2.2989423274993896,0.999999463558197,0.00010000053385509097,0.0001,False,128.0,128.0,,
train,,,,,,,14.817993879318237,1.0,395.0,395.0,2.3290770053863525,0.9999994039535522,0.0001000007549788675,0.0001,False,128.0,128.0,,
train,,,,,,,14.856915712356567,1.0,396.0,396.0,2.2787094116210938,0.9999994039535522,0.0001000008515024432,0.0001,False,128.0,128.0,,
train,,,,,,,14.892664194107056,1.0,397.0,397.0,2.3580410480499268,0.9999995231628418,0.00010000055922094637,0.0001,False,128.0,128.0,,
train,,,,,,,14.929807424545288,1.0,398.0,398.0,2.3182477951049805,0.9999995231628418,0.0001000006272065245,0.0001,False,128.0,128.0,,
train,,,,,,,14.963995695114136,1.0,399.0,399.0,2.3059725761413574,0.999999463558197,0.00010000072544541894,0.0001,False,128.0,128.0,,
train,,,,,,,15.001928329467773,1.0,400.0,400.0,2.302246332168579,0.999999463558197,0.00010000138719640353,0.0001,False,128.0,128.0,,
train,,,,,,,15.03810715675354,1.0,401.0,401.0,2.3182225227355957,0.999999463558197,0.00010000136669225437,0.0001,False,128.0,128.0,,
train,,,,,,,15.071167945861816,1.0,402.0,402.0,2.29197096824646,0.9999996423721313,0.00010000095074507896,0.0001,False,128.0,128.0,,
train,,,,,,,15.120392084121704,1.0,403.0,403.0,2.2647864818573,0.9999995827674866,0.00010000082621472385,0.0001,False,128.0,128.0,,
train,,,,,,,15.155712127685547,1.0,404.0,404.0,2.26145076751709,0.9999994039535522,0.00010000002811956666,0.0001,False,128.0,128.0,,
train,,,,,,,15.18759298324585,1.0,405.0,405.0,2.2934651374816895,0.9999995827674866,0.00010000067390280828,0.0001,False,128.0,128.0,,
train,,,,,,,15.222271203994751,1.0,406.0,406.0,2.3134138584136963,0.9999995827674866,0.0001000002797625035,0.0001,False,128.0,128.0,,
train,,,,,,,15.25773549079895,1.0,407.0,407.0,2.305483818054199,0.999999463558197,9.999923442643973e-05,0.0001,False,128.0,128.0,,
train,,,,,,,15.289063215255737,1.0,408.0,408.0,2.2820236682891846,0.9999994039535522,0.00010000053087138248,0.0001,False,128.0,128.0,,
train,,,,,,,15.324338912963867,1.0,409.0,409.0,2.2735681533813477,0.9999995827674866,0.00010000075623436413,0.0001,False,128.0,128.0,,
train,,,,,,,15.358577013015747,1.0,410.0,410.0,2.3118948936462402,0.9999995827674866,0.0001000012303013921,0.0001,False,128.0,128.0,,
train,,,,,,,15.397022724151611,1.0,411.0,411.0,2.3089869022369385,0.999999463558197,9.99991157725436e-05,0.0001,False,128.0,128.0,,
train,,,,,,,15.431280136108398,1.0,412.0,412.0,2.3118672370910645,0.999999463558197,0.00010000038945737545,0.0001,False,128.0,128.0,,
train,,,,,,,15.47360610961914,1.0,413.0,413.0,2.2792835235595703,0.999999463558197,9.999855740626549e-05,0.0001,False,128.0,128.0,,
train,,,,,,,15.51052212715149,1.0,414.0,414.0,2.270838737487793,0.9999994039535522,0.00010000061577693623,0.0001,False,128.0,128.0,,
train,,,,,,,15.546756982803345,1.0,415.0,415.0,2.309966564178467,0.999999463558197,0.00010000056621184263,0.0001,False,128.0,128.0,,
train,,,,,,,15.584943056106567,1.0,416.0,416.0,2.3110501766204834,0.999999463558197,0.0001000002867555877,0.0001,False,128.0,128.0,,
train,,,,,,,15.617894172668457,1.0,417.0,417.0,2.3021373748779297,0.9999994039535522,9.999921739349175e-05,0.0001,False,128.0,128.0,,
train,,,,,,,15.651540040969849,1.0,418.0,418.0,2.3002102375030518,0.9999995827674866,9.999897346531208e-05,0.0001,False,128.0,128.0,,
train,,,,,,,15.689420223236084,1.0,419.0,419.0,2.2903168201446533,0.9999995827674866,0.00010000031292164448,0.0001,False,128.0,128.0,,
train,,,,,,,15.724640369415283,1.0,420.0,420.0,2.2636802196502686,0.999999463558197,0.00010000033219002334,0.0001,False,128.0,128.0,,
train,,,,,,,15.758509397506714,1.0,421.0,421.0,2.297626495361328,0.9999994039535522,9.999930254302369e-05,0.0001,False,128.0,128.0,,
train,,,,,,,15.79425859451294,1.0,422.0,422.0,2.29404616355896,0.9999994039535522,9.999928036442691e-05,0.0001,False,128.0,128.0,,
train,,,,,,,15.827906131744385,1.0,423.0,423.0,2.2606124877929688,0.9999994039535522,0.00010000051011118734,0.0001,False,128.0,128.0,,
train,,,,,,,15.860970497131348,1.0,424.0,424.0,2.281841993331909,0.9999995231628418,9.99998099865866e-05,0.0001,False,128.0,128.0,,
train,,,,,,,15.894346237182617,1.0,425.0,425.0,2.282212257385254,0.9999995231628418,9.999889595053619e-05,0.0001,False,128.0,128.0,,
train,,,,,,,15.929199695587158,1.0,426.0,426.0,2.317458152770996,0.999999463558197,0.00010000000020353306,0.0001,False,128.0,128.0,,
train,,,,,,,15.962627172470093,1.0,427.0,427.0,2.2844924926757812,0.9999994039535522,9.999930249531847e-05,0.0001,False,128.0,128.0,,
train,,,,,,,15.99886155128479,1.0,428.0,428.0,2.29788875579834,0.9999995827674866,9.999983161429029e-05,0.0001,False,128.0,128.0,,
train,,,,,,,16.035709142684937,1.0,429.0,429.0,2.3135783672332764,0.999999463558197,0.00010000010887956276,0.0001,False,128.0,128.0,,
train,,,,,,,16.068729639053345,1.0,430.0,430.0,2.2819411754608154,0.999999463558197,0.00010000098300195011,0.0001,False,128.0,128.0,,
train,,,,,,,16.10513663291931,1.0,431.0,431.0,2.2943451404571533,0.9999995231628418,9.999927972691144e-05,0.0001,False,128.0,128.0,,
train,,,,,,,16.14080786705017,1.0,432.0,432.0,2.276654005050659,0.9999995827674866,0.00010000094182001113,0.0001,False,128.0,128.0,,
train,,,,,,,16.17409586906433,1.0,433.0,433.0,2.2894484996795654,0.999999463558197,0.00010000259118763999,0.0001,False,128.0,128.0,,
train,,,,,,,16.212658643722534,1.0,434.0,434.0,2.28825044631958,0.999999463558197,0.00010000103841929984,0.0001,False,128.0,128.0,,
train,,,,,,,16.249407052993774,1.0,435.0,435.0,2.3115391731262207,0.999999463558197,0.00010000052502973202,0.0001,False,128.0,128.0,,
train,,,,,,,16.288730144500732,1.0,436.0,436.0,2.2634787559509277,0.9999995231628418,0.0001000016812578788,0.0001,False,128.0,128.0,,
train,,,,,,,16.32189679145813,1.0,437.0,437.0,2.3065109252929688,0.999999463558197,9.999881850725842e-05,0.0001,False,128.0,128.0,,
train,,,,,,,16.35623860359192,1.0,438.0,438.0,2.2755186557769775,0.999999463558197,0.00010000019689062375,0.0001,False,128.0,128.0,,
train,,,,,,,16.392662525177002,1.0,439.0,439.0,2.2941792011260986,0.9999995231628418,9.999975183202306e-05,0.0001,False,128.0,128.0,,
train,,,,,,,16.429879426956177,1.0,440.0,440.0,2.2859292030334473,0.999999463558197,0.00010000118122882507,0.0001,False,128.0,128.0,,
train,,,,,,,16.46417212486267,1.0,441.0,441.0,2.288113594055176,0.999999463558197,9.999929536121815e-05,0.0001,False,128.0,128.0,,
train,,,,,,,16.496447324752808,1.0,442.0,442.0,2.2778663635253906,0.9999995231628418,0.00010000134252137856,0.0001,False,128.0,128.0,,
train,,,,,,,16.529922246932983,1.0,443.0,443.0,2.3232638835906982,0.9999995231628418,0.0001000008500409511,0.0001,False,128.0,128.0,,
train,,,,,,,16.56911277770996,1.0,444.0,444.0,2.2945826053619385,0.9999995827674866,0.00010000059848184818,0.0001,False,128.0,128.0,,
train,,,,,,,16.608965396881104,1.0,445.0,445.0,2.288337230682373,0.9999995231628418,0.00010000061726445243,0.0001,False,128.0,128.0,,
train,,,,,,,16.649762392044067,1.0,446.0,446.0,2.2642903327941895,0.9999993443489075,0.00010000120556887337,0.0001,False,128.0,128.0,,
train,,,,,,,16.68282198905945,1.0,447.0,447.0,2.302665948867798,0.999999463558197,9.999935170108097e-05,0.0001,False,128.0,128.0,,
train,,,,,,,16.72365665435791,1.0,448.0,448.0,2.307219982147217,0.9999993443489075,0.00010000050679788235,0.0001,False,128.0,128.0,,
train,,,,,,,16.76062560081482,1.0,449.0,449.0,2.3111252784729004,0.9999995231628418,0.00010000022001877629,0.0001,False,128.0,128.0,,
train,,,,,,,16.803359746932983,1.0,450.0,450.0,2.309420347213745,0.999999463558197,0.000100000900265093,0.0001,False,128.0,128.0,,
train,,,,,,,16.84633183479309,1.0,451.0,451.0,2.3045687675476074,0.9999995827674866,0.00010000164896653898,0.0001,False,128.0,128.0,,
train,,,,,,,16.895224809646606,1.0,452.0,452.0,2.3044793605804443,0.9999995231628418,0.00010000162859471401,0.0001,False,128.0,128.0,,
train,,,,,,,16.928539991378784,1.0,453.0,453.0,2.298233985900879,0.9999994039535522,0.00010000098709152042,0.0001,False,128.0,128.0,,
train,,,,,,,16.960150003433228,1.0,454.0,454.0,2.3131442070007324,0.9999994039535522,9.999894751141067e-05,0.0001,False,128.0,128.0,,
train,,,,,,,16.993481636047363,1.0,455.0,455.0,2.2940754890441895,0.999999463558197,9.999998980603371e-05,0.0001,False,128.0,128.0,,
train,,,,,,,17.02420663833618,1.0,456.0,456.0,2.296938896179199,0.9999995827674866,0.00010000099427320446,0.0001,False,128.0,128.0,,
train,,,,,,,17.057971239089966,1.0,457.0,457.0,2.311174154281616,0.9999994039535522,0.0001000008739539081,0.0001,False,128.0,128.0,,
train,,,,,,,17.09747886657715,1.0,458.0,458.0,2.2893776893615723,0.999999463558197,9.999887984344959e-05,0.0001,False,128.0,128.0,,
train,,,,,,,17.134312868118286,1.0,459.0,459.0,2.2771568298339844,0.9999995231628418,0.00010000050327207468,0.0001,False,128.0,128.0,,
train,,,,,,,17.168944597244263,1.0,460.0,460.0,2.3099365234375,0.9999995231628418,9.999962349027422e-05,0.0001,False,128.0,128.0,,
train,,,,,,,17.20990490913391,1.0,461.0,461.0,2.283294677734375,0.9999995231628418,9.99988658484102e-05,0.0001,False,128.0,128.0,,
train,,,,,,,17.244735717773438,1.0,462.0,462.0,2.318175792694092,0.9999994039535522,0.00010000034963694523,0.0001,False,128.0,128.0,,
train,,,,,,,17.282388925552368,1.0,463.0,463.0,2.2839043140411377,0.9999995827674866,0.00010000023780398801,0.0001,False,128.0,128.0,,
train,,,,,,,17.321029663085938,1.0,464.0,464.0,2.308523654937744,0.9999995231628418,9.999953872699332e-05,0.0001,False,128.0,128.0,,
train,,,,,,,17.35694408416748,1.0,465.0,465.0,2.2893271446228027,0.999999463558197,0.00010000012873995456,0.0001,False,128.0,128.0,,
train,,,,,,,17.39284610748291,1.0,466.0,466.0,2.29499888420105,0.9999994039535522,0.00010000074331727629,0.0001,False,128.0,128.0,,
train,,,,,,,17.429436206817627,1.0,467.0,467.0,2.293839693069458,0.999999463558197,0.00010000200870040927,0.0001,False,128.0,128.0,,
train,,,,,,,17.464923620224,1.0,468.0,468.0,2.284060001373291,0.999999463558197,0.00010000039657838734,0.0001,False,128.0,128.0,,
train,,,,,,,17.496076345443726,1.0,469.0,469.0,2.297089099884033,0.9999993443489075,9.999969703846266e-05,0.0001,False,128.0,128.0,,
eval,,,,,,,19.49119257926941,1.0,,469.0,,,,,False,128.0,128.0,2.2940901916503904,0.1481
train,,,,,,,19.528764724731445,2.0,1.0,470.0,2.2999839782714844,0.999999463558197,0.0001000013302548791,0.0001,False,128.0,128.0,,
train,,,,,,,19.567084550857544,2.0,2.0,471.0,2.3244104385375977,0.9999993443489075,0.00010000033668294212,0.0001,False,128.0,128.0,,
train,,,,,,,19.601799249649048,2.0,3.0,472.0,2.3056931495666504,0.9999993443489075,0.00010000154503657849,0.0001,False,128.0,128.0,,
train,,,,,,,19.63495922088623,2.0,4.0,473.0,2.290642261505127,0.9999995231628418,0.00010000054818816616,0.0001,False,128.0,128.0,,
train,,,,,,,19.66956353187561,2.0,5.0,474.0,2.2936811447143555,0.9999995231628418,0.00010000031229280918,0.0001,False,128.0,128.0,,
train,,,,,,,19.70693016052246,2.0,6.0,475.0,2.3122806549072266,0.999999463558197,0.00010000121986715822,0.0001,False,128.0,128.0,,
train,,,,,,,19.756858587265015,2.0,7.0,476.0,2.269108295440674,0.999999463558197,0.00010000107926943677,0.0001,False,128.0,128.0,,
train,,,,,,,19.79669761657715,2.0,8.0,477.0,2.3083131313323975,0.9999993443489075,0.00010000063140669728,0.0001,False,128.0,128.0,,
train,,,,,,,19.833343505859375,2.0,9.0,478.0,2.287553548812866,0.9999995231628418,0.00010000106647165162,0.0001,False,128.0,128.0,,
train,,,,,,,19.868261337280273,2.0,10.0,479.0,2.2987937927246094,0.9999994039535522,9.9999990992151e-05,0.0001,False,128.0,128.0,,
train,,,,,,,19.902632236480713,2.0,11.0,480.0,2.2969069480895996,0.999999463558197,9.999916219631193e-05,0.0001,False,128.0,128.0,,
train,,,,,,,19.93659472465515,2.0,12.0,481.0,2.2929797172546387,0.999999463558197,9.999987120290724e-05,0.0001,False,128.0,128.0,,
train,,,,,,,19.969186067581177,2.0,13.0,482.0,2.2846462726593018,0.999999463558197,9.999927706842853e-05,0.0001,False,128.0,128.0,,
train,,,,,,,20.002960681915283,2.0,14.0,483.0,2.2746927738189697,0.999999463558197,0.00010000056432534152,0.0001,False,128.0,128.0,,
train,,,,,,,20.04047703742981,2.0,15.0,484.0,2.284153461456299,0.9999995827674866,0.00010000064863239116,0.0001,False,128.0,128.0,,
train,,,,,,,20.074753522872925,2.0,16.0,485.0,2.2666125297546387,0.999999463558197,0.00010000041864181161,0.0001,False,128.0,128.0,,
train,,,,,,,20.10747456550598,2.0,17.0,486.0,2.298943281173706,0.9999995231628418,0.00010000204184813517,0.0001,False,128.0,128.0,,
train,,,,,,,20.142286777496338,2.0,18.0,487.0,2.2620673179626465,0.999999463558197,9.999954292070658e-05,0.0001,False,128.0,128.0,,
train,,,,,,,20.176567316055298,2.0,19.0,488.0,2.3200483322143555,0.999999463558197,9.999979375821632e-05,0.0001,False,128.0,128.0,,
train,,,,,,,20.21674942970276,2.0,20.0,489.0,2.2809102535247803,0.999999463558197,0.00010000032942965374,0.0001,False,128.0,128.0,,
train,,,,,,,20.25031852722168,2.0,21.0,490.0,2.27976655960083,0.999999463558197,9.999992729741575e-05,0.0001,False,128.0,128.0,,
train,,,,,,,20.298388957977295,2.0,22.0,491.0,2.2918782234191895,0.999999463558197,9.999915558045462e-05,0.0001,False,128.0,128.0,,
train,,,,,,,20.335182666778564,2.0,23.0,492.0,2.2853431701660156,0.9999995231628418,0.0001000008194580315,0.0001,False,128.0,128.0,,
train,,,,,,,20.36878228187561,2.0,24.0,493.0,2.3299825191497803,0.9999995827674866,0.00010000002020489271,0.0001,False,128.0,128.0,,
train,,,,,,,20.406616926193237,2.0,25.0,494.0,2.289170742034912,0.999999463558197,9.999942205755972e-05,0.0001,False,128.0,128.0,,
train,,,,,,,20.441309213638306,2.0,26.0,495.0,2.2993459701538086,0.9999995231628418,9.99989264039384e-05,0.0001,False,128.0,128.0,,
train,,,,,,,20.477048873901367,2.0,27.0,496.0,2.266845226287842,0.9999995231628418,9.999933769092869e-05,0.0001,False,128.0,128.0,,
train,,,,,,,20.51537275314331,2.0,28.0,497.0,2.2975311279296875,0.9999994039535522,0.00010000068350443756,0.0001,False,128.0,128.0,,
train,,,,,,,20.549813747406006,2.0,29.0,498.0,2.3018994331359863,0.9999995231628418,0.00010000111709683515,0.0001,False,128.0,128.0,,
train,,,,,,,20.5873703956604,2.0,30.0,499.0,2.3344764709472656,0.9999995231628418,0.0001000000895569308,0.0001,False,128.0,128.0,,
train,,,,,,,20.620147705078125,2.0,31.0,500.0,2.2570204734802246,0.999999463558197,9.999858870762886e-05,0.0001,False,128.0,128.0,,
train,,,,,,,20.654609203338623,2.0,32.0,501.0,2.302612066268921,0.9999995827674866,9.999993567830429e-05,0.0001,False,128.0,128.0,,
train,,,,,,,20.688212871551514,2.0,33.0,502.0,2.297278881072998,0.9999995231628418,9.999986959611754e-05,0.0001,False,128.0,128.0,,
train,,,,,,,20.723435401916504,2.0,34.0,503.0,2.2913286685943604,0.9999995231628418,0.00010000089274513414,0.0001,False,128.0,128.0,,
train,,,,,,,20.75710439682007,2.0,35.0,504.0,2.2958288192749023,0.9999995231628418,0.00010000189369265525,0.0001,False,128.0,128.0,,
train,,,,,,,20.793407201766968,2.0,36.0,505.0,2.283385992050171,0.9999994039535522,0.00010000059404965612,0.0001,False,128.0,128.0,,
train,,,,,,,20.82784652709961,2.0,37.0,506.0,2.2839603424072266,0.9999994039535522,0.00010000122488261617,0.0001,False,128.0,128.0,,
train,,,,,,,20.86137342453003,2.0,38.0,507.0,2.278644561767578,0.9999994039535522,9.99991851013563e-05,0.0001,False,128.0,128.0,,
train,,,,,,,20.895706176757812,2.0,39.0,508.0,2.315755605697632,0.999999463558197,0.00010000001622587145,0.0001,False,128.0,128.0,,
train,,,,,,,20.93076491355896,2.0,40.0,509.0,2.2758870124816895,0.9999994039535522,0.00010000100302046023,0.0001,False,128.0,128.0,,
train,,,,,,,20.96641445159912,2.0,41.0,510.0,2.272578001022339,0.9999994039535522,9.999931136632212e-05,0.0001,False,128.0,128.0,,
train,,,,,,,20.999706506729126,2.0,42.0,511.0,2.2908337116241455,0.9999995231628418,9.999982131001495e-05,0.0001,False,128.0,128.0,,
train,,,,,,,21.037299871444702,2.0,43.0,512.0,2.3065998554229736,0.9999994039535522,0.00010000068704758597,0.0001,False,128.0,128.0,,
train,,,,,,,21.071658611297607,2.0,44.0,513.0,2.312312364578247,0.9999994039535522,9.999953709200889e-05,0.0001,False,128.0,128.0,,
train,,,,,,,21.113401889801025,2.0,45.0,514.0,2.2585270404815674,0.9999994039535522,0.00010000102000539966,0.0001,False,128.0,128.0,,
train,,,,,,,21.146694898605347,2.0,46.0,515.0,2.3005003929138184,0.9999995827674866,0.00010000052264016295,0.0001,False,128.0,128.0,,
train,,,,,,,21.179978370666504,2.0,47.0,516.0,2.272217035293579,0.9999995231628418,0.00010000014299719375,0.0001,False,128.0,128.0,,
train,,,,,,,21.214598655700684,2.0,48.0,517.0,2.289276599884033,0.999999463558197,0.00010000059622238435,0.0001,False,128.0,128.0,,
train,,,,,,,21.246598720550537,2.0,49.0,518.0,2.298833131790161,0.9999995231628418,0.00010000135883840087,0.0001,False,128.0,128.0,,
train,,,,,,,21.279207944869995,2.0,50.0,519.0,2.2984025478363037,0.999999463558197,0.00010000002502742287,0.0001,False,128.0,128.0,,
train,,,,,,,21.32667827606201,2.0,51.0,520.0,2.301605701446533,0.9999994039535522,0.00010000157676200725,0.0001,False,128.0,128.0,,
train,,,,,,,21.36194348335266,2.0,52.0,521.0,2.263063669204712,0.9999995827674866,0.00010000079304274275,0.0001,False,128.0,128.0,,
train,,,,,,,21.39618229866028,2.0,53.0,522.0,2.3135268688201904,0.9999994039535522,9.999981980947646e-05,0.0001,False,128.0,128.0,,
train,,,,,,,21.43416404724121,2.0,54.0,523.0,2.3140835762023926,0.9999995231628418,0.00010000052088376459,0.0001,False,128.0,128.0,,
train,,,,,,,21.473477602005005,2.0,55.0,524.0,2.2570693492889404,0.9999995231628418,0.00010000019209412268,0.0001,False,128.0,128.0,,
train,,,,,,,21.519453525543213,2.0,56.0,525.0,2.2869420051574707,0.9999995231628418,0.00010000076253136253,0.0001,False,128.0,128.0,,
train,,,,,,,21.5611629486084,2.0,57.0,526.0,2.259530782699585,0.999999463558197,0.00010000166643057807,0.0001,False,128.0,128.0,,
train,,,,,,,21.597041368484497,2.0,58.0,527.0,2.265915870666504,0.9999994039535522,9.99990694723539e-05,0.0001,False,128.0,128.0,,
train,,,,,,,21.63034176826477,2.0,59.0,528.0,2.2657532691955566,0.999999463558197,0.00010000038493193311,0.0001,False,128.0,128.0,,
train,,,,,,,21.66278076171875,2.0,60.0,529.0,2.2800259590148926,0.9999995231628418,0.00010000060198163178,0.0001,False,128.0,128.0,,
train,,,,,,,21.69778323173523,2.0,61.0,530.0,2.2917587757110596,0.999999463558197,9.999970093509701e-05,0.0001,False,128.0,128.0,,
train,,,,,,,21.734850645065308,2.0,62.0,531.0,2.277411699295044,0.9999994039535522,0.00010000063254727077,0.0001,False,128.0,128.0,,
train,,,,,,,21.769175052642822,2.0,63.0,532.0,2.2552127838134766,0.999999463558197,0.00010000158770577083,0.0001,False,128.0,128.0,,
train,,,,,,,21.803706169128418,2.0,64.0,533.0,2.2841811180114746,0.999999463558197,0.000100000065314189,0.0001,False,128.0,128.0,,
train,,,,,,,21.838765859603882,2.0,65.0,534.0,2.292074203491211,0.999999463558197,0.00010000045962230538,0.0001,False,128.0,128.0,,
train,,,,,,,21.87498712539673,2.0,66.0,535.0,2.289834976196289,0.9999994039535522,0.00010000012392610299,0.0001,False,128.0,128.0,,
train,,,,,,,21.907980918884277,2.0,67.0,536.0,2.2731595039367676,0.999999463558197,0.00010000004783035466,0.0001,False,128.0,128.0,,
train,,,,,,,21.94311499595642,2.0,68.0,537.0,2.2805612087249756,0.9999995231628418,9.999996506887136e-05,0.0001,False,128.0,128.0,,
train,,,,,,,21.979719161987305,2.0,69.0,538.0,2.3049263954162598,0.999999463558197,9.999961141438424e-05,0.0001,False,128.0,128.0,,
train,,,,,,,22.015037536621094,2.0,70.0,539.0,2.306953191757202,0.999999463558197,0.00010000274563245505,0.0001,False,128.0,128.0,,
train,,,,,,,22.051119327545166,2.0,71.0,540.0,2.297635555267334,0.9999994039535522,9.999910523834159e-05,0.0001,False,128.0,128.0,,
train,,,,,,,22.08684492111206,2.0,72.0,541.0,2.2639923095703125,0.999999463558197,9.999942958630283e-05,0.0001,False,128.0,128.0,,
train,,,,,,,22.121787071228027,2.0,73.0,542.0,2.260490894317627,0.999999463558197,0.0001000003068848255,0.0001,False,128.0,128.0,,
train,,,,,,,22.16050434112549,2.0,74.0,543.0,2.317823886871338,0.999999463558197,0.00010000000204667674,0.0001,False,128.0,128.0,,
train,,,,,,,22.19704818725586,2.0,75.0,544.0,2.289503812789917,0.999999463558197,0.00010000030788445683,0.0001,False,128.0,128.0,,
train,,,,,,,22.234042644500732,2.0,76.0,545.0,2.249830722808838,0.9999993443489075,0.00010000004875409446,0.0001,False,128.0,128.0,,
train,,,,,,,22.267109870910645,2.0,77.0,546.0,2.308635711669922,0.9999994039535522,9.999927527514516e-05,0.0001,False,128.0,128.0,,
train,,,,,,,22.307153701782227,2.0,78.0,547.0,2.255680561065674,0.9999994039535522,0.00010000065394711558,0.0001,False,128.0,128.0,,
train,,,,,,,22.348469972610474,2.0,79.0,548.0,2.2837772369384766,0.999999463558197,0.00010000069072951119,0.0001,False,128.0,128.0,,
train,,,,,,,22.390568494796753,2.0,80.0,549.0,2.292175531387329,0.9999995231628418,9.999984518852342e-05,0.0001,False,128.0,128.0,,
train,,,,,,,22.42649483680725,2.0,81.0,550.0,2.2720797061920166,0.999999463558197,9.999926518548611e-05,0.0001,False,128.0,128.0,,
train,,,,,,,22.463064432144165,2.0,82.0,551.0,2.287896156311035,0.9999995231628418,0.00010000142206819237,0.0001,False,128.0,128.0,,
train,,,,,,,22.494441032409668,2.0,83.0,552.0,2.2853140830993652,0.999999463558197,9.999846556213233e-05,0.0001,False,128.0,128.0,,
train,,,,,,,22.53417134284973,2.0,84.0,553.0,2.295444965362549,0.9999993443489075,0.00010000042279428846,0.0001,False,128.0,128.0,,
train,,,,,,,22.567500114440918,2.0,85.0,554.0,2.2659502029418945,0.999999463558197,0.00010000054062481297,0.0001,False,128.0,128.0,,
train,,,,,,,22.599207639694214,2.0,86.0,555.0,2.293179750442505,0.9999994039535522,0.0001000008271991713,0.0001,False,128.0,128.0,,
train,,,,,,,22.629873752593994,2.0,87.0,556.0,2.261833667755127,0.9999994039535522,9.999969801424757e-05,0.0001,False,128.0,128.0,,
train,,,,,,,22.668296813964844,2.0,88.0,557.0,2.2752366065979004,0.9999994039535522,9.999984387446834e-05,0.0001,False,128.0,128.0,,
train,,,,,,,22.702030658721924,2.0,89.0,558.0,2.2797253131866455,0.999999463558197,0.00010000056954032441,0.0001,False,128.0,128.0,,
train,,,,,,,22.73732590675354,2.0,90.0,559.0,2.2959060668945312,0.9999994039535522,9.999873471041574e-05,0.0001,False,128.0,128.0,,
train,,,,,,,22.774016618728638,2.0,91.0,560.0,2.2669124603271484,0.999999463558197,9.99997870925274e-05,0.0001,False,128.0,128.0,,
train,,,,,,,22.809346437454224,2.0,92.0,561.0,2.280832529067993,0.9999995827674866,0.0001000004315979725,0.0001,False,128.0,128.0,,
train,,,,,,,22.846191883087158,2.0,93.0,562.0,2.2425663471221924,0.9999995231628418,0.00010000058499011618,0.0001,False,128.0,128.0,,
train,,,,,,,22.88119077682495,2.0,94.0,563.0,2.2806410789489746,0.999999463558197,0.00010000092300927884,0.0001,False,128.0,128.0,,
train,,,,,,,22.918455123901367,2.0,95.0,564.0,2.275272846221924,0.9999993443489075,9.999954590010771e-05,0.0001,False,128.0,128.0,,
train,,,,,,,22.954771280288696,2.0,96.0,565.0,2.255980968475342,0.9999995231628418,0.00010000022743036575,0.0001,False,128.0,128.0,,
train,,,,,,,22.989725589752197,2.0,97.0,566.0,2.2967042922973633,0.9999995231628418,0.00010000038000533729,0.0001,False,128.0,128.0,,
train,,,,,,,23.026789903640747,2.0,98.0,567.0,2.294072151184082,0.9999995231628418,9.999968049131761e-05,0.0001,False,128.0,128.0,,
train,,,,,,,23.06003427505493,2.0,99.0,568.0,2.3157529830932617,0.999999463558197,0.0001000009993277046,0.0001,False,128.0,128.0,,
train,,,,,,,23.095452785491943,2.0,100.0,569.0,2.2470221519470215,0.999999463558197,0.0001000003654250408,0.0001,False,128.0,128.0,,
train,,,,,,,23.129307746887207,2.0,101.0,570.0,2.2982535362243652,0.999999463558197,0.00010000106155809966,0.0001,False,128.0,128.0,,
train,,,,,,,23.163414239883423,2.0,102.0,571.0,2.2960925102233887,0.999999463558197,0.0001000002680683309,0.0001,False,128.0,128.0,,
train,,,,,,,23.198768854141235,2.0,103.0,572.0,2.270143508911133,0.9999995231628418,0.00010000086106068771,0.0001,False,128.0,128.0,,
train,,,,,,,23.2340989112854,2.0,104.0,573.0,2.2890942096710205,0.999999463558197,0.00010000086612386812,0.0001,False,128.0,128.0,,
train,,,,,,,23.27073383331299,2.0,105.0,574.0,2.2801408767700195,0.999999463558197,9.999913380732037e-05,0.0001,False,128.0,128.0,,
train,,,,,,,23.30889916419983,2.0,106.0,575.0,2.2562508583068848,0.9999994039535522,0.00010000028597062758,0.0001,False,128.0,128.0,,
train,,,,,,,23.349045991897583,2.0,107.0,576.0,2.29815673828125,0.999999463558197,0.00010000154095136773,0.0001,False,128.0,128.0,,
train,,,,,,,23.38738441467285,2.0,108.0,577.0,2.2637686729431152,0.9999995231628418,9.999975073697614e-05,0.0001,False,128.0,128.0,,
train,,,,,,,23.42209029197693,2.0,109.0,578.0,2.2651028633117676,0.999999463558197,0.00010000006599723592,0.0001,False,128.0,128.0,,
train,,,,,,,23.459248542785645,2.0,110.0,579.0,2.2646398544311523,0.999999463558197,9.999995660124908e-05,0.0001,False,128.0,128.0,,
train,,,,,,,23.496310710906982,2.0,111.0,580.0,2.2912352085113525,0.9999994039535522,9.99994050138016e-05,0.0001,False,128.0,128.0,,
train,,,,,,,23.5333514213562,2.0,112.0,581.0,2.293694496154785,0.9999994039535522,0.00010000054720805276,0.0001,False,128.0,128.0,,
train,,,,,,,23.566025018692017,2.0,113.0,582.0,2.257014036178589,0.9999993443489075,9.99997516195189e-05,0.0001,False,128.0,128.0,,
train,,,,,,,23.60029673576355,2.0,114.0,583.0,2.284808874130249,0.9999994039535522,9.99998556662689e-05,0.0001,False,128.0,128.0,,
train,,,,,,,23.635278940200806,2.0,115.0,584.0,2.275266647338867,0.999999463558197,0.00010000160148359234,0.0001,False,128.0,128.0,,
train,,,,,,,23.668291568756104,2.0,116.0,585.0,2.3030612468719482,0.999999463558197,9.999953733270288e-05,0.0001,False,128.0,128.0,,
train,,,,,,,23.705804347991943,2.0,117.0,586.0,2.2661843299865723,0.999999463558197,0.00010000011365872061,0.0001,False,128.0,128.0,,
train,,,,,,,23.741548776626587,2.0,118.0,587.0,2.2751524448394775,0.999999463558197,9.99999259638461e-05,0.0001,False,128.0,128.0,,
train,,,,,,,23.785896062850952,2.0,119.0,588.0,2.2936480045318604,0.9999994039535522,0.00010000159527121319,0.0001,False,128.0,128.0,,
train,,,,,,,23.835007429122925,2.0,120.0,589.0,2.2604176998138428,0.9999995231628418,0.00010000069948113029,0.0001,False,128.0,128.0,,
train,,,,,,,23.87391686439514,2.0,121.0,590.0,2.2656192779541016,0.9999995231628418,9.999882301542422e-05,0.0001,False,128.0,128.0,,
train,,,,,,,23.909444570541382,2.0,122.0,591.0,2.3088510036468506,0.9999995231628418,0.00010000040920712336,0.0001,False,128.0,128.0,,
train,,,,,,,23.942893266677856,2.0,123.0,592.0,2.2653560638427734,0.9999995231628418,0.00010000179662799415,0.0001,False,128.0,128.0,,
train,,,,,,,23.975799322128296,2.0,124.0,593.0,2.301396369934082,0.9999994039535522,9.999880183853589e-05,0.0001,False,128.0,128.0,,
train,,,,,,,24.014583110809326,2.0,125.0,594.0,2.2851004600524902,0.999999463558197,9.999967093512868e-05,0.0001,False,128.0,128.0,,
train,,,,,,,24.05304217338562,2.0,126.0,595.0,2.2829082012176514,0.999999463558197,0.00010000014328775952,0.0001,False,128.0,128.0,,
train,,,,,,,24.090523958206177,2.0,127.0,596.0,2.2671215534210205,0.999999463558197,9.999960421091675e-05,0.0001,False,128.0,128.0,,
train,,,,,,,24.12743377685547,2.0,128.0,597.0,2.2890663146972656,0.9999995231628418,0.00010000007366037154,0.0001,False,128.0,128.0,,
train,,,,,,,24.16761612892151,2.0,129.0,598.0,2.2750415802001953,0.9999994039535522,0.00010000107130714162,0.0001,False,128.0,128.0,,
train,,,,,,,24.2067973613739,2.0,130.0,599.0,2.298414945602417,0.999999463558197,0.00010000071490271293,0.0001,False,128.0,128.0,,
train,,,,,,,24.246073722839355,2.0,131.0,600.0,2.291517734527588,0.999999463558197,9.99983557979283e-05,0.0001,False,128.0,128.0,,
train,,,,,,,24.28198552131653,2.0,132.0,601.0,2.278407573699951,0.9999994039535522,0.00010000020768925554,0.0001,False,128.0,128.0,,
train,,,,,,,24.316161394119263,2.0,133.0,602.0,2.2862651348114014,0.9999994039535522,9.999981034003717e-05,0.0001,False,128.0,128.0,,
train,,,,,,,24.36042594909668,2.0,134.0,603.0,2.2691121101379395,0.9999994039535522,9.999971824985598e-05,0.0001,False,128.0,128.0,,
train,,,,,,,24.400521516799927,2.0,135.0,604.0,2.2739100456237793,0.9999995231628418,0.00010000044528488071,0.0001,False,128.0,128.0,,
train,,,,,,,24.434163808822632,2.0,136.0,605.0,2.2562267780303955,0.9999995231628418,0.00010000163441678468,0.0001,False,128.0,128.0,,
train,,,,,,,24.46612000465393,2.0,137.0,606.0,2.302271604537964,0.9999994039535522,0.00010000037486840677,0.0001,False,128.0,128.0,,
train,,,,,,,24.501649141311646,2.0,138.0,607.0,2.2796006202697754,0.9999995231628418,0.00010000108443885679,0.0001,False,128.0,128.0,,
train,,,,,,,24.536012172698975,2.0,139.0,608.0,2.2922580242156982,0.999999463558197,9.999913923054647e-05,0.0001,False,128.0,128.0,,
train,,,,,,,24.575827598571777,2.0,140.0,609.0,2.2926247119903564,0.9999995231628418,0.00010000175729383828,0.0001,False,128.0,128.0,,
train,,,,,,,24.610238790512085,2.0,141.0,610.0,2.2762820720672607,0.9999995231628418,9.999985614115012e-05,0.0001,False,128.0,128.0,,
train,,,,,,,24.64650297164917,2.0,142.0,611.0,2.281477451324463,0.999999463558197,0.00010000121586433255,0.0001,False,128.0,128.0,,
train,,,,,,,24.680859088897705,2.0,143.0,612.0,2.2674803733825684,0.999999463558197,9.999967716497466e-05,0.0001,False,128.0,128.0,,
train,,,,,,,24.71522092819214,2.0,144.0,613.0,2.270599603652954,0.999999463558197,9.999863541353829e-05,0.0001,False,128.0,128.0,,
train,,,,,,,24.750998497009277,2.0,145.0,614.0,2.2876029014587402,0.9999995231628418,9.99999998197255e-05,0.0001,False,128.0,128.0,,
train,,,,,,,24.786457300186157,2.0,146.0,615.0,2.2443931102752686,0.9999995231628418,9.999999500803613e-05,0.0001,False,128.0,128.0,,
train,,,,,,,24.81913137435913,2.0,147.0,616.0,2.2763702869415283,0.9999996423721313,0.00010000053231119532,0.0001,False,128.0,128.0,,
train,,,,,,,24.855430126190186,2.0,148.0,617.0,2.301710605621338,0.9999994039535522,0.00010000144366085345,0.0001,False,128.0,128.0,,
train,,,,,,,24.895650625228882,2.0,149.0,618.0,2.282221555709839,0.999999463558197,0.00010000046371840228,0.0001,False,128.0,128.0,,
train,,,,,,,24.928272008895874,2.0,150.0,619.0,2.2730772495269775,0.9999995827674866,0.00010000059080574244,0.0001,False,128.0,128.0,,
train,,,,,,,24.961855173110962,2.0,151.0,620.0,2.282200336456299,0.9999995231628418,0.00010000096359925688,0.0001,False,128.0,128.0,,
train,,,,,,,24.996034860610962,2.0,152.0,621.0,2.2289226055145264,0.9999995231628418,0.00010000019492388487,0.0001,False,128.0,128.0,,
train,,,,,,,25.033512353897095,2.0,153.0,622.0,2.2793540954589844,0.9999994039535522,9.99990627719219e-05,0.0001,False,128.0,128.0,,
train,,,,,,,25.070698976516724,2.0,154.0,623.0,2.2559101581573486,0.999999463558197,9.999956496046665e-05,0.0001,False,128.0,128.0,,
train,,,,,,,25.10767912864685,2.0,155.0,624.0,2.2543816566467285,0.999999463558197,9.999962707899687e-05,0.0001,False,128.0,128.0,,
train,,,,,,,25.145342111587524,2.0,156.0,625.0,2.2756869792938232,0.9999995231628418,9.999915681862395e-05,0.0001,False,128.0,128.0,,
train,,,,,,,25.177001237869263,2.0,157.0,626.0,2.2590019702911377,0.9999993443489075,0.00010000052921906713,0.0001,False,128.0,128.0,,
train,,,,,,,25.211296558380127,2.0,158.0,627.0,2.2591354846954346,0.9999993443489075,0.00010000096384645259,0.0001,False,128.0,128.0,,
train,,,,,,,25.264928102493286,2.0,159.0,628.0,2.2587978839874268,0.9999992847442627,0.0001000005681287012,0.0001,False,128.0,128.0,,
train,,,,,,,25.30055856704712,2.0,160.0,629.0,2.3214550018310547,0.999999463558197,0.0001000011951346369,0.0001,False,128.0,128.0,,
train,,,,,,,25.3470356464386,2.0,161.0,630.0,2.2550466060638428,0.9999994039535522,0.00010000014525666782,0.0001,False,128.0,128.0,,
train,,,,,,,25.380921840667725,2.0,162.0,631.0,2.2813308238983154,0.9999995231628418,0.00010000096470079567,0.0001,False,128.0,128.0,,
train,,,,,,,25.423028230667114,2.0,163.0,632.0,2.2692759037017822,0.999999463558197,9.999976064227138e-05,0.0001,False,128.0,128.0,,
train,,,,,,,25.460230112075806,2.0,164.0,633.0,2.25530743598938,0.999999463558197,9.999934076574637e-05,0.0001,False,128.0,128.0,,
train,,,,,,,25.49363613128662,2.0,165.0,634.0,2.258841037750244,0.999999463558197,9.999919833089815e-05,0.0001,False,128.0,128.0,,
train,,,,,,,25.526835441589355,2.0,166.0,635.0,2.2748830318450928,0.999999463558197,0.00010000062844033882,0.0001,False,128.0,128.0,,
train,,,,,,,25.564806699752808,2.0,167.0,636.0,2.295382499694824,0.9999995231628418,0.00010000202057435225,0.0001,False,128.0,128.0,,
train,,,,,,,25.599655866622925,2.0,168.0,637.0,2.31459903717041,0.9999993443489075,0.00010000050670030464,0.0001,False,128.0,128.0,,
train,,,,,,,25.634400129318237,2.0,169.0,638.0,2.278066396713257,0.999999463558197,0.0001000004287270175,0.0001,False,128.0,128.0,,
train,,,,,,,25.67429780960083,2.0,170.0,639.0,2.295468807220459,0.9999995827674866,9.999960877108903e-05,0.0001,False,128.0,128.0,,
train,,,,,,,25.70942187309265,2.0,171.0,640.0,2.258410692214966,0.9999994039535522,0.00010000151873640507,0.0001,False,128.0,128.0,,
train,,,,,,,25.74145269393921,2.0,172.0,641.0,2.2865209579467773,0.9999994039535522,9.999933124421966e-05,0.0001,False,128.0,128.0,,
train,,,,,,,25.777445316314697,2.0,173.0,642.0,2.2682993412017822,0.999999463558197,9.999968129362978e-05,0.0001,False,128.0,128.0,,
train,,,,,,,25.8147611618042,2.0,174.0,643.0,2.2777507305145264,0.9999995231628418,9.99990577715345e-05,0.0001,False,128.0,128.0,,
train,,,,,,,25.846887588500977,2.0,175.0,644.0,2.276970386505127,0.9999994039535522,0.00010000125298695668,0.0001,False,128.0,128.0,,
train,,,,,,,25.88127899169922,2.0,176.0,645.0,2.2925186157226562,0.9999995827674866,0.00010000095576705555,0.0001,False,128.0,128.0,,
train,,,,,,,25.91939663887024,2.0,177.0,646.0,2.2521650791168213,0.9999995827674866,9.999834184184749e-05,0.0001,False,128.0,128.0,,
train,,,,,,,25.952988147735596,2.0,178.0,647.0,2.2610161304473877,0.9999995231628418,0.0001000016111024795,0.0001,False,128.0,128.0,,
train,,,,,,,25.98520064353943,2.0,179.0,648.0,2.28743839263916,0.9999995231628418,0.00010000117230811457,0.0001,False,128.0,128.0,,
train,,,,,,,26.025156497955322,2.0,180.0,649.0,2.262460708618164,0.9999994039535522,9.999963909850626e-05,0.0001,False,128.0,128.0,,
train,,,,,,,26.058274745941162,2.0,181.0,650.0,2.2420494556427,0.9999995231628418,0.00010000141366791305,0.0001,False,128.0,128.0,,
train,,,,,,,26.093424797058105,2.0,182.0,651.0,2.2817935943603516,0.9999994039535522,0.00010000108462316917,0.0001,False,128.0,128.0,,
train,,,,,,,26.131760358810425,2.0,183.0,652.0,2.265709400177002,0.999999463558197,9.999845661732675e-05,0.0001,False,128.0,128.0,,
train,,,,,,,26.1674861907959,2.0,184.0,653.0,2.2831804752349854,0.9999995231628418,9.999779348949754e-05,0.0001,False,128.0,128.0,,
train,,,,,,,26.199727058410645,2.0,185.0,654.0,2.2572379112243652,0.9999995827674866,9.999869572634157e-05,0.0001,False,128.0,128.0,,
train,,,,,,,26.23763132095337,2.0,186.0,655.0,2.269916534423828,0.9999995231628418,9.999990005139164e-05,0.0001,False,128.0,128.0,,
train,,,,,,,26.280124187469482,2.0,187.0,656.0,2.2483320236206055,0.9999994039535522,0.00010000062524196247,0.0001,False,128.0,128.0,,
train,,,,,,,26.315953016281128,2.0,188.0,657.0,2.2774252891540527,0.999999463558197,9.999967949601683e-05,0.0001,False,128.0,128.0,,
train,,,,,,,26.35029435157776,2.0,189.0,658.0,2.2411646842956543,0.9999994039535522,0.00010000086848957674,0.0001,False,128.0,128.0,,
train,,,,,,,26.385796070098877,2.0,190.0,659.0,2.2723326683044434,0.999999463558197,9.999900886703855e-05,0.0001,False,128.0,128.0,,
train,,,,,,,26.42467212677002,2.0,191.0,660.0,2.2938179969787598,0.999999463558197,9.999931636452844e-05,0.0001,False,128.0,128.0,,
train,,,,,,,26.459460735321045,2.0,192.0,661.0,2.264580011367798,0.9999995827674866,9.99985444997358e-05,0.0001,False,128.0,128.0,,
train,,,,,,,26.494243621826172,2.0,193.0,662.0,2.276122570037842,0.9999995827674866,0.00010000024242701498,0.0001,False,128.0,128.0,,
train,,,,,,,26.528645753860474,2.0,194.0,663.0,2.295058488845825,0.9999995231628418,0.00010000137956155744,0.0001,False,128.0,128.0,,
train,,,,,,,26.561203718185425,2.0,195.0,664.0,2.2825958728790283,0.9999995231628418,0.00010000036805530564,0.0001,False,128.0,128.0,,
train,,,,,,,26.592275857925415,2.0,196.0,665.0,2.288347005844116,0.9999994039535522,9.999853211796601e-05,0.0001,False,128.0,128.0,,
train,,,,,,,26.627146244049072,2.0,197.0,666.0,2.274122714996338,0.9999994039535522,0.00010000109267436684,0.0001,False,128.0,128.0,,
train,,,,,,,26.66823983192444,2.0,198.0,667.0,2.2732722759246826,0.9999994039535522,9.999992564075361e-05,0.0001,False,128.0,128.0,,
train,,,,,,,26.706262588500977,2.0,199.0,668.0,2.261533260345459,0.999999463558197,9.999970275439368e-05,0.0001,False,128.0,128.0,,
train,,,,,,,26.740418434143066,2.0,200.0,669.0,2.2819571495056152,0.9999994039535522,0.00010000014707595641,0.0001,False,128.0,128.0,,
train,,,,,,,26.777118682861328,2.0,201.0,670.0,2.2634317874908447,0.999999463558197,9.999953261206467e-05,0.0001,False,128.0,128.0,,
train,,,,,,,26.813458681106567,2.0,202.0,671.0,2.2762534618377686,0.999999463558197,9.999871149951925e-05,0.0001,False,128.0,128.0,,
train,,,,,,,26.846060037612915,2.0,203.0,672.0,2.250128746032715,0.9999994039535522,0.00010000135474017225,0.0001,False,128.0,128.0,,
train,,,,,,,26.88116765022278,2.0,204.0,673.0,2.2620325088500977,0.999999463558197,9.999933396124844e-05,0.0001,False,128.0,128.0,,
train,,,,,,,26.9182231426239,2.0,205.0,674.0,2.232510805130005,0.999999463558197,0.00010000072322498896,0.0001,False,128.0,128.0,,
train,,,,,,,26.960522890090942,2.0,206.0,675.0,2.2779147624969482,0.9999995231628418,0.000100000518624299,0.0001,False,128.0,128.0,,
train,,,,,,,26.997707843780518,2.0,207.0,676.0,2.260136365890503,0.9999995231628418,9.999793886676372e-05,0.0001,False,128.0,128.0,,
train,,,,,,,27.029675006866455,2.0,208.0,677.0,2.2988429069519043,0.9999994039535522,0.00010000249011437618,0.0001,False,128.0,128.0,,
train,,,,,,,27.06619644165039,2.0,209.0,678.0,2.2459022998809814,0.999999463558197,9.999993570215675e-05,0.0001,False,128.0,128.0,,
train,,,,,,,27.104434490203857,2.0,210.0,679.0,2.2746472358703613,0.9999995231628418,0.00010000009874878818,0.0001,False,128.0,128.0,,
train,,,,,,,27.13709855079651,2.0,211.0,680.0,2.2790911197662354,0.9999994039535522,0.00010000096806829507,0.0001,False,128.0,128.0,,
train,,,,,,,27.169260501861572,2.0,212.0,681.0,2.2527008056640625,0.9999995231628418,9.999922546218713e-05,0.0001,False,128.0,128.0,,
train,,,,,,,27.202473878860474,2.0,213.0,682.0,2.252053737640381,0.9999995231628418,9.999942392673504e-05,0.0001,False,128.0,128.0,,
train,,,,,,,27.235185384750366,2.0,214.0,683.0,2.2578814029693604,0.9999995231628418,0.00010000052573229134,0.0001,False,128.0,128.0,,
train,,,,,,,27.269805192947388,2.0,215.0,684.0,2.2674551010131836,0.999999463558197,0.00010000037968875145,0.0001,False,128.0,128.0,,
train,,,,,,,27.30996561050415,2.0,216.0,685.0,2.2604658603668213,0.9999995231628418,0.00010000056602102414,0.0001,False,128.0,128.0,,
train,,,,,,,27.34371304512024,2.0,217.0,686.0,2.235779047012329,0.999999463558197,0.0001000009650368951,0.0001,False,128.0,128.0,,
train,,,,,,,27.379833698272705,2.0,218.0,687.0,2.295570135116577,0.9999995231628418,0.00010000039929755557,0.0001,False,128.0,128.0,,
train,,,,,,,27.418333768844604,2.0,219.0,688.0,2.275865077972412,0.999999463558197,0.00010000055327521472,0.0001,False,128.0,128.0,,
train,,,,,,,27.457306623458862,2.0,220.0,689.0,2.2701971530914307,0.9999995827674866,0.00010000059187259108,0.0001,False,128.0,128.0,,
train,,,,,,,27.490671396255493,2.0,221.0,690.0,2.2648873329162598,0.999999463558197,0.00010000035953567596,0.0001,False,128.0,128.0,,
train,,,,,,,27.524587154388428,2.0,222.0,691.0,2.271775722503662,0.999999463558197,9.999952288889367e-05,0.0001,False,128.0,128.0,,
train,,,,,,,27.555649757385254,2.0,223.0,692.0,2.28787899017334,0.999999463558197,0.0001000008481284347,0.0001,False,128.0,128.0,,
train,,,,,,,27.59351873397827,2.0,224.0,693.0,2.253408670425415,0.9999995231628418,0.00010000038721959087,0.0001,False,128.0,128.0,,
train,,,,,,,27.62881326675415,2.0,225.0,694.0,2.2438056468963623,0.999999463558197,0.00010000065082897047,0.0001,False,128.0,128.0,,
train,,,,,,,27.6651668548584,2.0,226.0,695.0,2.254833221435547,0.999999463558197,0.00010000078277326068,0.0001,False,128.0,128.0,,
train,,,,,,,27.706682205200195,2.0,227.0,696.0,2.250765323638916,0.9999994039535522,0.00010000191460434856,0.0001,False,128.0,128.0,,
train,,,,,,,27.746936082839966,2.0,228.0,697.0,2.2313015460968018,0.9999996423721313,9.999963932402112e-05,0.0001,False,128.0,128.0,,
train,,,,,,,27.788071393966675,2.0,229.0,698.0,2.2930779457092285,0.9999995231628418,0.00010000147812496863,0.0001,False,128.0,128.0,,
train,,,,,,,27.820981979370117,2.0,230.0,699.0,2.2582974433898926,0.9999995231628418,0.00010000167990048049,0.0001,False,128.0,128.0,,
train,,,,,,,27.85610818862915,2.0,231.0,700.0,2.277967691421509,0.9999994039535522,9.99998222988091e-05,0.0001,False,128.0,128.0,,
train,,,,,,,27.89302659034729,2.0,232.0,701.0,2.25380277633667,0.9999995827674866,9.999920015887765e-05,0.0001,False,128.0,128.0,,
train,,,,,,,27.92818260192871,2.0,233.0,702.0,2.2663896083831787,0.999999463558197,9.999865961542652e-05,0.0001,False,128.0,128.0,,
train,,,,,,,27.966273546218872,2.0,234.0,703.0,2.2437732219696045,0.9999995231628418,0.00010000134842586415,0.0001,False,128.0,128.0,,
train,,,,,,,27.99903154373169,2.0,235.0,704.0,2.2634470462799072,0.9999995231628418,9.999922410258706e-05,0.0001,False,128.0,128.0,,
train,,,,,,,28.037939310073853,2.0,236.0,705.0,2.2618112564086914,0.9999994039535522,0.00010000030134673763,0.0001,False,128.0,128.0,,
train,,,,,,,28.08246350288391,2.0,237.0,706.0,2.2490079402923584,0.9999995231628418,0.00010000114733055461,0.0001,False,128.0,128.0,,
train,,,,,,,28.12451958656311,2.0,238.0,707.0,2.280428409576416,0.999999463558197,0.00010000071984230259,0.0001,False,128.0,128.0,,
train,,,,,,,28.160355806350708,2.0,239.0,708.0,2.2621686458587646,0.9999995827674866,9.999938474777196e-05,0.0001,False,128.0,128.0,,
train,,,,,,,28.192469596862793,2.0,240.0,709.0,2.261993169784546,0.999999463558197,0.00010000079677670536,0.0001,False,128.0,128.0,,
train,,,,,,,28.23210120201111,2.0,241.0,710.0,2.2486257553100586,0.999999463558197,9.999915679910815e-05,0.0001,False,128.0,128.0,,
train,,,,,,,28.26790738105774,2.0,242.0,711.0,2.264007806777954,0.999999463558197,0.000100000435921752,0.0001,False,128.0,128.0,,
train,,,,,,,28.307459354400635,2.0,243.0,712.0,2.256837844848633,0.9999995231628418,0.00010000174409065538,0.0001,False,128.0,128.0,,
train,,,,,,,28.345130443572998,2.0,244.0,713.0,2.260957717895508,0.9999994039535522,0.00010000032982647043,0.0001,False,128.0,128.0,,
train,,,,,,,28.379990577697754,2.0,245.0,714.0,2.2445902824401855,0.9999995231628418,9.99998167346735e-05,0.0001,False,128.0,128.0,,
train,,,,,,,28.427825450897217,2.0,246.0,715.0,2.2507693767547607,0.999999463558197,9.999993601440718e-05,0.0001,False,128.0,128.0,,
train,,,,,,,28.478310346603394,2.0,247.0,716.0,2.254456043243408,0.999999463558197,0.00010000120601555927,0.0001,False,128.0,128.0,,
train,,,,,,,28.52684211730957,2.0,248.0,717.0,2.236879825592041,0.999999463558197,0.00010000252754226457,0.0001,False,128.0,128.0,,
train,,,,,,,28.562541246414185,2.0,249.0,718.0,2.2787249088287354,0.999999463558197,9.999992762701345e-05,0.0001,False,128.0,128.0,,
train,,,,,,,28.596253633499146,2.0,250.0,719.0,2.2328264713287354,0.9999995231628418,9.999910071500955e-05,0.0001,False,128.0,128.0,,
train,,,,,,,28.633355140686035,2.0,251.0,720.0,2.245500326156616,0.999999463558197,9.999940229460635e-05,0.0001,False,128.0,128.0,,
train,,,,,,,28.66994023323059,2.0,252.0,721.0,2.2532618045806885,0.9999994039535522,9.99995934143882e-05,0.0001,False,128.0,128.0,,
train,,,,,,,28.705135583877563,2.0,253.0,722.0,2.2531845569610596,0.9999994039535522,0.00010000080156884066,0.0001,False,128.0,128.0,,
train,,,,,,,28.74039649963379,2.0,254.0,723.0,2.244187593460083,0.999999463558197,0.00010000134203349413,0.0001,False,128.0,128.0,,
train,,,,,,,28.775519847869873,2.0,255.0,724.0,2.232619524002075,0.9999995231628418,0.00010000159077835096,0.0001,False,128.0,128.0,,
train,,,,,,,28.813018560409546,2.0,256.0,725.0,2.2976691722869873,0.999999463558197,0.00010000073813916507,0.0001,False,128.0,128.0,,
train,,,,,,,28.84630846977234,2.0,257.0,726.0,2.260662794113159,0.999999463558197,0.00010000006548766124,0.0001,False,128.0,128.0,,
train,,,,,,,28.882246494293213,2.0,258.0,727.0,2.2406840324401855,0.999999463558197,0.00010000079994688719,0.0001,False,128.0,128.0,,
train,,,,,,,28.917516708374023,2.0,259.0,728.0,2.245143175125122,0.999999463558197,0.00010000150798995577,0.0001,False,128.0,128.0,,
train,,,,,,,28.956883907318115,2.0,260.0,729.0,2.268946647644043,0.999999463558197,9.999763650210941e-05,0.0001,False,128.0,128.0,,
train,,,,,,,28.999439239501953,2.0,261.0,730.0,2.261685848236084,0.9999994039535522,0.000100000880261741,0.0001,False,128.0,128.0,,
train,,,,,,,29.039238452911377,2.0,262.0,731.0,2.239459276199341,0.999999463558197,0.00010000143031885324,0.0001,False,128.0,128.0,,
train,,,,,,,29.076251745224,2.0,263.0,732.0,2.2654733657836914,0.9999995827674866,9.999904135222074e-05,0.0001,False,128.0,128.0,,
train,,,,,,,29.124348878860474,2.0,264.0,733.0,2.269021511077881,0.9999995231628418,0.00010000015039577852,0.0001,False,128.0,128.0,,
train,,,,,,,29.157827615737915,2.0,265.0,734.0,2.2851548194885254,0.9999995827674866,9.999856091045739e-05,0.0001,False,128.0,128.0,,
train,,,,,,,29.191922664642334,2.0,266.0,735.0,2.2604291439056396,0.9999994039535522,9.999966044652179e-05,0.0001,False,128.0,128.0,,
train,,,,,,,29.22706890106201,2.0,267.0,736.0,2.254678964614868,0.999999463558197,9.99997119289393e-05,0.0001,False,128.0,128.0,,
train,,,,,,,29.261828660964966,2.0,268.0,737.0,2.264740228652954,0.9999994039535522,0.00010000159810960914,0.0001,False,128.0,128.0,,
train,,,,,,,29.307270526885986,2.0,269.0,738.0,2.2381627559661865,0.9999994039535522,9.999961807791646e-05,0.0001,False,128.0,128.0,,
train,,,,,,,29.351179838180542,2.0,270.0,739.0,2.300088405609131,0.999999463558197,0.00010000110607495838,0.0001,False,128.0,128.0,,
train,,,,,,,29.386778831481934,2.0,271.0,740.0,2.259514331817627,0.9999995231628418,0.00010000154917166159,0.0001,False,128.0,128.0,,
train,,,,,,,29.423638820648193,2.0,272.0,741.0,2.2401862144470215,0.9999995231628418,9.999985592214097e-05,0.0001,False,128.0,128.0,,
train,,,,,,,29.471209287643433,2.0,273.0,742.0,2.2455947399139404,0.999999463558197,9.999941037846574e-05,0.0001,False,128.0,128.0,,
train,,,,,,,29.516290426254272,2.0,274.0,743.0,2.255359411239624,0.9999994039535522,0.00010000027751170607,0.0001,False,128.0,128.0,,
train,,,,,,,29.556538581848145,2.0,275.0,744.0,2.2568583488464355,0.999999463558197,9.99999246562973e-05,0.0001,False,128.0,128.0,,
train,,,,,,,29.599995374679565,2.0,276.0,745.0,2.273341178894043,0.9999994039535522,9.999954329367383e-05,0.0001,False,128.0,128.0,,
train,,,,,,,29.640361785888672,2.0,277.0,746.0,2.2816145420074463,0.999999463558197,9.999937348500988e-05,0.0001,False,128.0,128.0,,
train,,,,,,,29.677938222885132,2.0,278.0,747.0,2.2731502056121826,0.9999994039535522,0.00010000076865488951,0.0001,False,128.0,128.0,,
train,,,,,,,29.710792064666748,2.0,279.0,748.0,2.2572951316833496,0.999999463558197,0.00010000189521918298,0.0001,False,128.0,128.0,,
train,,,,,,,29.743170022964478,2.0,280.0,749.0,2.2285683155059814,0.999999463558197,0.00010000072727553891,0.0001,False,128.0,128.0,,
train,,,,,,,29.778444528579712,2.0,281.0,750.0,2.2284672260284424,0.9999995827674866,9.999972289025425e-05,0.0001,False,128.0,128.0,,
train,,,,,,,29.812447547912598,2.0,282.0,751.0,2.2576515674591064,0.9999995827674866,0.00010000080543073776,0.0001,False,128.0,128.0,,
train,,,,,,,29.850531339645386,2.0,283.0,752.0,2.2501118183135986,0.999999463558197,0.00010000059219351301,0.0001,False,128.0,128.0,,
train,,,,,,,29.887495040893555,2.0,284.0,753.0,2.2779624462127686,0.999999463558197,9.999998746849356e-05,0.0001,False,128.0,128.0,,
train,,,,,,,29.919482946395874,2.0,285.0,754.0,2.2643465995788574,0.9999995231628418,0.00010000040656818604,0.0001,False,128.0,128.0,,
train,,,,,,,29.95725440979004,2.0,286.0,755.0,2.270411729812622,0.999999463558197,9.999941509694129e-05,0.0001,False,128.0,128.0,,
train,,,,,,,29.995038270950317,2.0,287.0,756.0,2.250856399536133,0.9999995231628418,0.00010000066797659897,0.0001,False,128.0,128.0,,
train,,,,,,,30.0305073261261,2.0,288.0,757.0,2.235067129135132,0.9999993443489075,9.999960678482286e-05,0.0001,False,128.0,128.0,,
train,,,,,,,30.069428205490112,2.0,289.0,758.0,2.2526416778564453,0.999999463558197,0.00010000041474954203,0.0001,False,128.0,128.0,,
train,,,,,,,30.10528540611267,2.0,290.0,759.0,2.242856740951538,0.999999463558197,0.00010000158832158788,0.0001,False,128.0,128.0,,
train,,,,,,,30.149076223373413,2.0,291.0,760.0,2.233335256576538,0.9999994039535522,0.00010000093150067151,0.0001,False,128.0,128.0,,
train,,,,,,,30.190776109695435,2.0,292.0,761.0,2.2347121238708496,0.9999995231628418,0.00010000094175929638,0.0001,False,128.0,128.0,,
train,,,,,,,30.232130527496338,2.0,293.0,762.0,2.2492194175720215,0.999999463558197,0.00010000025727187403,0.0001,False,128.0,128.0,,
train,,,,,,,30.277366161346436,2.0,294.0,763.0,2.2456400394439697,0.9999994039535522,0.00010000015571486624,0.0001,False,128.0,128.0,,
train,,,,,,,30.310990571975708,2.0,295.0,764.0,2.287851333618164,0.9999995231628418,0.00010000082478792557,0.0001,False,128.0,128.0,,
train,,,,,,,30.342514753341675,2.0,296.0,765.0,2.250375270843506,0.9999995231628418,0.00010000163259969152,0.0001,False,128.0,128.0,,
train,,,,,,,30.377793073654175,2.0,297.0,766.0,2.263674259185791,0.9999994039535522,0.00010000015674051989,0.0001,False,128.0,128.0,,
train,,,,,,,30.418267726898193,2.0,298.0,767.0,2.2601158618927,0.999999463558197,0.00010000106396066613,0.0001,False,128.0,128.0,,
train,,,,,,,30.45573878288269,2.0,299.0,768.0,2.2396559715270996,0.9999994039535522,9.999927446198763e-05,0.0001,False,128.0,128.0,,
train,,,,,,,30.494608402252197,2.0,300.0,769.0,2.247467279434204,0.9999994039535522,9.9999624214524e-05,0.0001,False,128.0,128.0,,
train,,,,,,,30.538041830062866,2.0,301.0,770.0,2.245938301086426,0.9999994039535522,0.00010000057482903235,0.0001,False,128.0,128.0,,
train,,,,,,,30.574623823165894,2.0,302.0,771.0,2.268235445022583,0.999999463558197,9.999831958280532e-05,0.0001,False,128.0,128.0,,
train,,,,,,,30.610243320465088,2.0,303.0,772.0,2.275777816772461,0.999999463558197,0.00010000081438617519,0.0001,False,128.0,128.0,,
train,,,,,,,30.646063566207886,2.0,304.0,773.0,2.243001937866211,0.9999993443489075,0.0001000004816662002,0.0001,False,128.0,128.0,,
train,,,,,,,30.689195156097412,2.0,305.0,774.0,2.2356178760528564,0.999999463558197,9.999854275631331e-05,0.0001,False,128.0,128.0,,
train,,,,,,,30.725743770599365,2.0,306.0,775.0,2.2480530738830566,0.999999463558197,0.00010000094466059403,0.0001,False,128.0,128.0,,
train,,,,,,,30.778661251068115,2.0,307.0,776.0,2.2729039192199707,0.9999995827674866,0.00010000140864595946,0.0001,False,128.0,128.0,,
train,,,,,,,30.815553903579712,2.0,308.0,777.0,2.2511415481567383,0.9999995827674866,0.00010000010532121504,0.0001,False,128.0,128.0,,
train,,,,,,,30.855573177337646,2.0,309.0,778.0,2.257561445236206,0.9999995231628418,9.999895393862858e-05,0.0001,False,128.0,128.0,,
train,,,,,,,30.892711400985718,2.0,310.0,779.0,2.237950563430786,0.9999995231628418,9.999965415595923e-05,0.0001,False,128.0,128.0,,
train,,,,,,,30.930511713027954,2.0,311.0,780.0,2.271372079849243,0.999999463558197,9.99994515480249e-05,0.0001,False,128.0,128.0,,
train,,,,,,,30.964746236801147,2.0,312.0,781.0,2.2683897018432617,0.9999994039535522,0.00010000053703395472,0.0001,False,128.0,128.0,,
train,,,,,,,31.00510001182556,2.0,313.0,782.0,2.227482795715332,0.9999995231628418,9.99997472523416e-05,0.0001,False,128.0,128.0,,
train,,,,,,,31.041200160980225,2.0,314.0,783.0,2.262153148651123,0.9999994039535522,0.00010000030238106339,0.0001,False,128.0,128.0,,
train,,,,,,,31.089675903320312,2.0,315.0,784.0,2.2542972564697266,0.999999463558197,0.00010000060766281681,0.0001,False,128.0,128.0,,
train,,,,,,,31.12660527229309,2.0,316.0,785.0,2.2543790340423584,0.9999995231628418,0.00010000036421290721,0.0001,False,128.0,128.0,,
train,,,,,,,31.167110919952393,2.0,317.0,786.0,2.2737948894500732,0.999999463558197,9.999869505412745e-05,0.0001,False,128.0,128.0,,
train,,,,,,,31.204760789871216,2.0,318.0,787.0,2.25191068649292,0.9999995231628418,9.9999876704156e-05,0.0001,False,128.0,128.0,,
train,,,,,,,31.246448516845703,2.0,319.0,788.0,2.241868257522583,0.9999994039535522,0.00010000064225081836,0.0001,False,128.0,128.0,,
train,,,,,,,31.293718099594116,2.0,320.0,789.0,2.26299786567688,0.999999463558197,0.00010000096268853583,0.0001,False,128.0,128.0,,
train,,,,,,,31.328216075897217,2.0,321.0,790.0,2.2425718307495117,0.9999995231628418,9.99986208937036e-05,0.0001,False,128.0,128.0,,
train,,,,,,,31.36758542060852,2.0,322.0,791.0,2.258772373199463,0.999999463558197,0.00010000057939132876,0.0001,False,128.0,128.0,,
train,,,,,,,31.412482023239136,2.0,323.0,792.0,2.2445220947265625,0.9999995231628418,9.999955422681787e-05,0.0001,False,128.0,128.0,,
train,,,,,,,31.45470666885376,2.0,324.0,793.0,2.223475456237793,0.999999463558197,0.00010000031382369787,0.0001,False,128.0,128.0,,
train,,,,,,,31.493996143341064,2.0,325.0,794.0,2.254878520965576,0.9999993443489075,9.999889894296718e-05,0.0001,False,128.0,128.0,,
train,,,,,,,31.53228449821472,2.0,326.0,795.0,2.273906707763672,0.999999463558197,9.999986958744391e-05,0.0001,False,128.0,128.0,,
train,,,,,,,31.566930055618286,2.0,327.0,796.0,2.2817788124084473,0.9999993443489075,0.00010000003024460229,0.0001,False,128.0,128.0,,
train,,,,,,,31.600103616714478,2.0,328.0,797.0,2.2551627159118652,0.9999994039535522,9.999973528055025e-05,0.0001,False,128.0,128.0,,
train,,,,,,,31.649972438812256,2.0,329.0,798.0,2.2555179595947266,0.9999994039535522,0.00010000029184048119,0.0001,False,128.0,128.0,,
train,,,,,,,31.707189083099365,2.0,330.0,799.0,2.254396915435791,0.999999463558197,9.999998909913382e-05,0.0001,False,128.0,128.0,,
train,,,,,,,31.74699902534485,2.0,331.0,800.0,2.2412638664245605,0.999999463558197,0.00010000155988124417,0.0001,False,128.0,128.0,,
train,,,,,,,31.77919626235962,2.0,332.0,801.0,2.21985125541687,0.999999463558197,9.999948845446245e-05,0.0001,False,128.0,128.0,,
train,,,,,,,31.81166982650757,2.0,333.0,802.0,2.273886203765869,0.999999463558197,0.00010000060434084148,0.0001,False,128.0,128.0,,
train,,,,,,,31.851370334625244,2.0,334.0,803.0,2.2431252002716064,0.9999994039535522,9.999927514287153e-05,0.0001,False,128.0,128.0,,
train,,,,,,,31.8895423412323,2.0,335.0,804.0,2.2586843967437744,0.999999463558197,9.999982811014291e-05,0.0001,False,128.0,128.0,,
train,,,,,,,31.929915189743042,2.0,336.0,805.0,2.26395320892334,0.999999463558197,0.0001000007287175173,0.0001,False,128.0,128.0,,
train,,,,,,,31.96637535095215,2.0,337.0,806.0,2.25192928314209,0.9999994039535522,0.00010000058104364329,0.0001,False,128.0,128.0,,
train,,,,,,,32.00448155403137,2.0,338.0,807.0,2.262277126312256,0.9999995231628418,0.00010000009047850182,0.0001,False,128.0,128.0,,
train,,,,,,,32.047205209732056,2.0,339.0,808.0,2.2342045307159424,0.999999463558197,0.00010000151606280308,0.0001,False,128.0,128.0,,
train,,,,,,,32.08912420272827,2.0,340.0,809.0,2.248352289199829,0.999999463558197,0.0001000018762134773,0.0001,False,128.0,128.0,,
train,,,,,,,32.12021088600159,2.0,341.0,810.0,2.2419238090515137,0.9999994039535522,0.00010000151478129553,0.0001,False,128.0,128.0,,
train,,,,,,,32.156068086624146,2.0,342.0,811.0,2.2761566638946533,0.9999994039535522,0.00010000035399542262,0.0001,False,128.0,128.0,,
train,,,,,,,32.198559522628784,2.0,343.0,812.0,2.2523488998413086,0.9999995231628418,9.99990243040609e-05,0.0001,False,128.0,128.0,,
train,,,,,,,32.23245716094971,2.0,344.0,813.0,2.2582297325134277,0.9999994039535522,9.99997553556888e-05,0.0001,False,128.0,128.0,,
train,,,,,,,32.2798433303833,2.0,345.0,814.0,2.275758981704712,0.9999995231628418,0.00010000029103817391,0.0001,False,128.0,128.0,,
train,,,,,,,32.31861710548401,2.0,346.0,815.0,2.262888193130493,0.999999463558197,9.999936691470332e-05,0.0001,False,128.0,128.0,,
train,,,,,,,32.35551691055298,2.0,347.0,816.0,2.2328736782073975,0.999999463558197,0.00010000054703458136,0.0001,False,128.0,128.0,,
train,,,,,,,32.39723205566406,2.0,348.0,817.0,2.2695810794830322,0.9999995231628418,9.999933210508195e-05,0.0001,False,128.0,128.0,,
train,,,,,,,32.43206191062927,2.0,349.0,818.0,2.251861095428467,0.9999994039535522,0.00010000114010985073,0.0001,False,128.0,128.0,,
train,,,,,,,32.47592043876648,2.0,350.0,819.0,2.2401747703552246,0.999999463558197,0.00010000009259919934,0.0001,False,128.0,128.0,,
train,,,,,,,32.51847529411316,2.0,351.0,820.0,2.2359163761138916,0.9999995231628418,0.00010000050195152308,0.0001,False,128.0,128.0,,
train,,,,,,,32.552510023117065,2.0,352.0,821.0,2.259842872619629,0.9999994039535522,0.00010000018069701068,0.0001,False,128.0,128.0,,
train,,,,,,,32.59526968002319,2.0,353.0,822.0,2.248551368713379,0.9999995231628418,0.00010000089876457069,0.0001,False,128.0,128.0,,
train,,,,,,,32.632065534591675,2.0,354.0,823.0,2.2505643367767334,0.9999995827674866,9.999975588044393e-05,0.0001,False,128.0,128.0,,
train,,,,,,,32.66731333732605,2.0,355.0,824.0,2.2650272846221924,0.999999463558197,9.999931877797894e-05,0.0001,False,128.0,128.0,,
train,,,,,,,32.704535484313965,2.0,356.0,825.0,2.209657669067383,0.999999463558197,0.0001000033383065541,0.0001,False,128.0,128.0,,
train,,,,,,,32.73810386657715,2.0,357.0,826.0,2.282829999923706,0.999999463558197,9.999952842268781e-05,0.0001,False,128.0,128.0,,
train,,,,,,,32.77237677574158,2.0,358.0,827.0,2.264277458190918,0.9999994039535522,0.00010000015295882858,0.0001,False,128.0,128.0,,
train,,,,,,,32.815255641937256,2.0,359.0,828.0,2.2589364051818848,0.9999993443489075,9.999975258879805e-05,0.0001,False,128.0,128.0,,
train,,,,,,,32.85206580162048,2.0,360.0,829.0,2.275717258453369,0.999999463558197,9.999886716247812e-05,0.0001,False,128.0,128.0,,
train,,,,,,,32.89618110656738,2.0,361.0,830.0,2.2591774463653564,0.9999994039535522,0.00010000091763602232,0.0001,False,128.0,128.0,,
train,,,,,,,32.93350052833557,2.0,362.0,831.0,2.2746479511260986,0.999999463558197,0.00010000025231491433,0.0001,False,128.0,128.0,,
train,,,,,,,32.97518706321716,2.0,363.0,832.0,2.249910831451416,0.9999994039535522,9.999878561217044e-05,0.0001,False,128.0,128.0,,
train,,,,,,,33.00951933860779,2.0,364.0,833.0,2.249398708343506,0.9999994039535522,9.999878301439046e-05,0.0001,False,128.0,128.0,,
train,,,,,,,33.04683327674866,2.0,365.0,834.0,2.2134220600128174,0.9999995231628418,0.00010000072793039225,0.0001,False,128.0,128.0,,
train,,,,,,,33.09476566314697,2.0,366.0,835.0,2.2490930557250977,0.999999463558197,0.00010000106105503518,0.0001,False,128.0,128.0,,
train,,,,,,,33.13608384132385,2.0,367.0,836.0,2.224881172180176,0.999999463558197,9.999977806327207e-05,0.0001,False,128.0,128.0,,
train,,,,,,,33.17415142059326,2.0,368.0,837.0,2.252619504928589,0.9999995231628418,0.00010000193942342643,0.0001,False,128.0,128.0,,
train,,,,,,,33.20793795585632,2.0,369.0,838.0,2.260680913925171,0.9999994039535522,0.00010000016014707772,0.0001,False,128.0,128.0,,
train,,,,,,,33.24505662918091,2.0,370.0,839.0,2.277949094772339,0.9999995827674866,9.999953147364706e-05,0.0001,False,128.0,128.0,,
train,,,,,,,33.27971005439758,2.0,371.0,840.0,2.2573013305664062,0.9999994039535522,9.999849303406475e-05,0.0001,False,128.0,128.0,,
train,,,,,,,33.31940984725952,2.0,372.0,841.0,2.2552523612976074,0.9999994039535522,0.00010000077324536612,0.0001,False,128.0,128.0,,
train,,,,,,,33.35520267486572,2.0,373.0,842.0,2.257563352584839,0.999999463558197,0.00010000109512246857,0.0001,False,128.0,128.0,,
train,,,,,,,33.391335010528564,2.0,374.0,843.0,2.2333052158355713,0.9999995231628418,0.00010000028007041606,0.0001,False,128.0,128.0,,
train,,,,,,,33.4452702999115,2.0,375.0,844.0,2.212313652038574,0.999999463558197,0.00010000031012874838,0.0001,False,128.0,128.0,,
train,,,,,,,33.48510670661926,2.0,376.0,845.0,2.24533748626709,0.9999995231628418,0.00010000087362431351,0.0001,False,128.0,128.0,,
train,,,,,,,33.51972699165344,2.0,377.0,846.0,2.2220687866210938,0.999999463558197,9.999895995818183e-05,0.0001,False,128.0,128.0,,
train,,,,,,,33.55430769920349,2.0,378.0,847.0,2.251128911972046,0.9999995827674866,0.00010000132290842264,0.0001,False,128.0,128.0,,
train,,,,,,,33.59949016571045,2.0,379.0,848.0,2.2457282543182373,0.999999463558197,0.0001000006507790975,0.0001,False,128.0,128.0,,
train,,,,,,,33.63724708557129,2.0,380.0,849.0,2.247645139694214,0.999999463558197,9.999939634880591e-05,0.0001,False,128.0,128.0,,
train,,,,,,,33.67396116256714,2.0,381.0,850.0,2.2123210430145264,0.9999995231628418,0.00010000053738957113,0.0001,False,128.0,128.0,,
train,,,,,,,33.711737871170044,2.0,382.0,851.0,2.217261791229248,0.9999993443489075,9.999723169833624e-05,0.0001,False,128.0,128.0,,
train,,,,,,,33.755932092666626,2.0,383.0,852.0,2.2664387226104736,0.9999994039535522,0.0001000009887828591,0.0001,False,128.0,128.0,,
train,,,,,,,33.79999780654907,2.0,384.0,853.0,2.248251438140869,0.9999995231628418,9.999835452505401e-05,0.0001,False,128.0,128.0,,
train,,,,,,,33.83913993835449,2.0,385.0,854.0,2.2359886169433594,0.999999463558197,9.999960001937447e-05,0.0001,False,128.0,128.0,,
train,,,,,,,33.876765966415405,2.0,386.0,855.0,2.2586708068847656,0.9999995827674866,9.999873075953296e-05,0.0001,False,128.0,128.0,,
train,,,,,,,33.91947054862976,2.0,387.0,856.0,2.2451319694519043,0.9999994039535522,9.999984952100191e-05,0.0001,False,128.0,128.0,,
train,,,,,,,33.95599865913391,2.0,388.0,857.0,2.267850637435913,0.9999994039535522,0.00010000062743420552,0.0001,False,128.0,128.0,,
train,,,,,,,33.99139070510864,2.0,389.0,858.0,2.2670907974243164,0.9999994039535522,9.99994563033616e-05,0.0001,False,128.0,128.0,,
train,,,,,,,34.023821115493774,2.0,390.0,859.0,2.2582147121429443,0.999999463558197,9.999786928554674e-05,0.0001,False,128.0,128.0,,
train,,,,,,,34.05809307098389,2.0,391.0,860.0,2.2588510513305664,0.9999994039535522,9.999996054340982e-05,0.0001,False,128.0,128.0,,
train,,,,,,,34.09513330459595,2.0,392.0,861.0,2.2583515644073486,0.999999463558197,0.00010000124942431292,0.0001,False,128.0,128.0,,
train,,,,,,,34.12984013557434,2.0,393.0,862.0,2.2335102558135986,0.9999994039535522,0.00010000045250997156,0.0001,False,128.0,128.0,,
train,,,,,,,34.16489505767822,2.0,394.0,863.0,2.2362146377563477,0.9999995231628418,0.00010000025322564185,0.0001,False,128.0,128.0,,
train,,,,,,,34.203712463378906,2.0,395.0,864.0,2.2495834827423096,0.9999994039535522,9.999930062614086e-05,0.0001,False,128.0,128.0,,
train,,,,,,,34.23939251899719,2.0,396.0,865.0,2.2256977558135986,0.999999463558197,0.00010000036798591696,0.0001,False,128.0,128.0,,
train,,,,,,,34.27681064605713,2.0,397.0,866.0,2.2468655109405518,0.999999463558197,0.00010000104121434398,0.0001,False,128.0,128.0,,
train,,,,,,,34.3169629573822,2.0,398.0,867.0,2.244964361190796,0.999999463558197,0.0001000000752237899,0.0001,False,128.0,128.0,,
train,,,,,,,34.35083866119385,2.0,399.0,868.0,2.2425377368927,0.999999463558197,0.00010000151335667545,0.0001,False,128.0,128.0,,
train,,,,,,,34.38474106788635,2.0,400.0,869.0,2.240755796432495,0.9999993443489075,9.999907760394553e-05,0.0001,False,128.0,128.0,,
train,,,,,,,34.42021942138672,2.0,401.0,870.0,2.240344285964966,0.9999994039535522,0.00010000003577186314,0.0001,False,128.0,128.0,,
train,,,,,,,34.45564675331116,2.0,402.0,871.0,2.259632110595703,0.9999995231628418,9.99992995636153e-05,0.0001,False,128.0,128.0,,
train,,,,,,,34.49449682235718,2.0,403.0,872.0,2.246044635772705,0.9999995231628418,0.00010000083051463405,0.0001,False,128.0,128.0,,
train,,,,,,,34.53164982795715,2.0,404.0,873.0,2.2228989601135254,0.9999994039535522,0.00010000019712264255,0.0001,False,128.0,128.0,,
train,,,,,,,34.56688356399536,2.0,405.0,874.0,2.2658610343933105,0.999999463558197,0.00010000019744139737,0.0001,False,128.0,128.0,,
train,,,,,,,34.60368633270264,2.0,406.0,875.0,2.2269599437713623,0.9999994039535522,0.00010000100508042368,0.0001,False,128.0,128.0,,
train,,,,,,,34.64338207244873,2.0,407.0,876.0,2.2586963176727295,0.9999995231628418,0.00010000166971782423,0.0001,False,128.0,128.0,,
train,,,,,,,34.67933940887451,2.0,408.0,877.0,2.2423758506774902,0.9999995827674866,0.00010000164083949317,0.0001,False,128.0,128.0,,
train,,,,,,,34.713730335235596,2.0,409.0,878.0,2.2429685592651367,0.9999993443489075,0.00010000127620160004,0.0001,False,128.0,128.0,,
train,,,,,,,34.75193119049072,2.0,410.0,879.0,2.2490193843841553,0.9999994039535522,9.999901494513599e-05,0.0001,False,128.0,128.0,,
train,,,,,,,34.786887884140015,2.0,411.0,880.0,2.233532190322876,0.9999995231628418,0.00010000006573702757,0.0001,False,128.0,128.0,,
train,,,,,,,34.82414245605469,2.0,412.0,881.0,2.2399449348449707,0.9999995231628418,0.00010000056628773637,0.0001,False,128.0,128.0,,
train,,,,,,,34.86032032966614,2.0,413.0,882.0,2.2546403408050537,0.999999463558197,0.00010000043803160021,0.0001,False,128.0,128.0,,
train,,,,,,,34.895575284957886,2.0,414.0,883.0,2.245820999145508,0.9999995827674866,0.0001000005044213232,0.0001,False,128.0,128.0,,
train,,,,,,,34.928006410598755,2.0,415.0,884.0,2.237412214279175,0.999999463558197,0.00010000066716345277,0.0001,False,128.0,128.0,,
train,,,,,,,34.96645545959473,2.0,416.0,885.0,2.236353874206543,0.999999463558197,9.999967202150282e-05,0.0001,False,128.0,128.0,,
train,,,,,,,35.00484895706177,2.0,417.0,886.0,2.249911308288574,0.9999994039535522,0.00010000158526635463,0.0001,False,128.0,128.0,,
train,,,,,,,35.040289878845215,2.0,418.0,887.0,2.238532543182373,0.9999995231628418,9.999942092130927e-05,0.0001,False,128.0,128.0,,
train,,,,,,,35.075669288635254,2.0,419.0,888.0,2.220449686050415,0.999999463558197,9.999859510017487e-05,0.0001,False,128.0,128.0,,
train,,,,,,,35.11211657524109,2.0,420.0,889.0,2.2232766151428223,0.9999994039535522,9.999989148835395e-05,0.0001,False,128.0,128.0,,
train,,,,,,,35.151345014572144,2.0,421.0,890.0,2.2659857273101807,0.9999995231628418,9.999869393087934e-05,0.0001,False,128.0,128.0,,
train,,,,,,,35.18515920639038,2.0,422.0,891.0,2.2678723335266113,0.9999993443489075,9.99986428317505e-05,0.0001,False,128.0,128.0,,
train,,,,,,,35.22840642929077,2.0,423.0,892.0,2.236931800842285,0.9999995231628418,0.00010000064122516967,0.0001,False,128.0,128.0,,
train,,,,,,,35.26319599151611,2.0,424.0,893.0,2.2453057765960693,0.9999993443489075,0.00010000093665708888,0.0001,False,128.0,128.0,,
train,,,,,,,35.30639028549194,2.0,425.0,894.0,2.2376065254211426,0.999999463558197,0.0001000003784267449,0.0001,False,128.0,128.0,,
train,,,,,,,35.344621896743774,2.0,426.0,895.0,2.2566890716552734,0.9999995231628418,0.00010000211263639297,0.0001,False,128.0,128.0,,
train,,,,,,,35.384013414382935,2.0,427.0,896.0,2.242607355117798,0.999999463558197,0.00010000071277769184,0.0001,False,128.0,128.0,,
train,,,,,,,35.424893379211426,2.0,428.0,897.0,2.2365057468414307,0.999999463558197,9.9998666868836e-05,0.0001,False,128.0,128.0,,
train,,,,,,,35.47685241699219,2.0,429.0,898.0,2.239875078201294,0.999999463558197,0.00010000016763022885,0.0001,False,128.0,128.0,,
train,,,,,,,35.511727809906006,2.0,430.0,899.0,2.216404676437378,0.9999994039535522,0.00010000162877252026,0.0001,False,128.0,128.0,,
train,,,,,,,35.550315856933594,2.0,431.0,900.0,2.2488186359405518,0.9999994039535522,0.0001000002341740877,0.0001,False,128.0,128.0,,
train,,,,,,,35.587122678756714,2.0,432.0,901.0,2.290602445602417,0.9999995827674866,0.00010000112485096216,0.0001,False,128.0,128.0,,
train,,,,,,,35.624260663986206,2.0,433.0,902.0,2.247751474380493,0.9999994039535522,0.00010000201364644012,0.0001,False,128.0,128.0,,
train,,,,,,,35.670939445495605,2.0,434.0,903.0,2.263564109802246,0.999999463558197,0.00010000050620374257,0.0001,False,128.0,128.0,,
train,,,,,,,35.710450410842896,2.0,435.0,904.0,2.2504384517669678,0.999999463558197,0.00010000169224282992,0.0001,False,128.0,128.0,,
train,,,,,,,35.745569467544556,2.0,436.0,905.0,2.248995542526245,0.999999463558197,9.999948776490633e-05,0.0001,False,128.0,128.0,,
train,,,,,,,35.780537128448486,2.0,437.0,906.0,2.2526581287384033,0.9999995231628418,0.00010000072857006687,0.0001,False,128.0,128.0,,
train,,,,,,,35.820290327072144,2.0,438.0,907.0,2.2588388919830322,0.9999995231628418,9.99995626901374e-05,0.0001,False,128.0,128.0,,
train,,,,,,,35.857900619506836,2.0,439.0,908.0,2.245151996612549,0.9999994039535522,0.00010000042027461324,0.0001,False,128.0,128.0,,
train,,,,,,,35.89651966094971,2.0,440.0,909.0,2.26094388961792,0.999999463558197,0.00010000134500850491,0.0001,False,128.0,128.0,,
train,,,,,,,35.93294548988342,2.0,441.0,910.0,2.236320734024048,0.9999993443489075,9.999988327442905e-05,0.0001,False,128.0,128.0,,
train,,,,,,,35.96544647216797,2.0,442.0,911.0,2.279278039932251,0.9999995231628418,9.99985668259494e-05,0.0001,False,128.0,128.0,,
train,,,,,,,36.004464626312256,2.0,443.0,912.0,2.2416107654571533,0.9999994039535522,0.00010000006761920129,0.0001,False,128.0,128.0,,
train,,,,,,,36.037946701049805,2.0,444.0,913.0,2.234952211380005,0.999999463558197,0.00010000066512082948,0.0001,False,128.0,128.0,,
train,,,,,,,36.0716118812561,2.0,445.0,914.0,2.22946834564209,0.9999995231628418,9.999930648954706e-05,0.0001,False,128.0,128.0,,
train,,,,,,,36.10906267166138,2.0,446.0,915.0,2.242579460144043,0.9999995231628418,0.00010000029322391911,0.0001,False,128.0,128.0,,
train,,,,,,,36.14693903923035,2.0,447.0,916.0,2.236982822418213,0.9999994039535522,9.999892994064379e-05,0.0001,False,128.0,128.0,,
train,,,,,,,36.181373596191406,2.0,448.0,917.0,2.228381872177124,0.9999994039535522,0.00010000017268910758,0.0001,False,128.0,128.0,,
train,,,,,,,36.21586608886719,2.0,449.0,918.0,2.211256742477417,0.999999463558197,0.00010000136051672301,0.0001,False,128.0,128.0,,
train,,,,,,,36.2473406791687,2.0,450.0,919.0,2.240957021713257,0.999999463558197,0.00010000026705135198,0.0001,False,128.0,128.0,,
train,,,,,,,36.285428285598755,2.0,451.0,920.0,2.2201786041259766,0.9999995827674866,9.999826030845892e-05,0.0001,False,128.0,128.0,,
train,,,,,,,36.32319450378418,2.0,452.0,921.0,2.2143537998199463,0.9999994039535522,0.00010000112237250385,0.0001,False,128.0,128.0,,
train,,,,,,,36.359657764434814,2.0,453.0,922.0,2.2311291694641113,0.9999994039535522,0.00010000068710830088,0.0001,False,128.0,128.0,,
train,,,,,,,36.39702105522156,2.0,454.0,923.0,2.235603094100952,0.9999995231628418,0.0001000010259207462,0.0001,False,128.0,128.0,,
train,,,,,,,36.43186616897583,2.0,455.0,924.0,2.2705929279327393,0.9999994039535522,0.0001000002753649917,0.0001,False,128.0,128.0,,
train,,,,,,,36.473787784576416,2.0,456.0,925.0,2.208420515060425,0.999999463558197,9.999862696098245e-05,0.0001,False,128.0,128.0,,
train,,,,,,,36.51372194290161,2.0,457.0,926.0,2.2312750816345215,0.999999463558197,0.00010000053612973496,0.0001,False,128.0,128.0,,
train,,,,,,,36.55130338668823,2.0,458.0,927.0,2.2698185443878174,0.9999994039535522,0.000100000920240252,0.0001,False,128.0,128.0,,
train,,,,,,,36.58660316467285,2.0,459.0,928.0,2.2287869453430176,0.9999995827674866,0.00010000005673598665,0.0001,False,128.0,128.0,,
train,,,,,,,36.623048305511475,2.0,460.0,929.0,2.218421697616577,0.9999995231628418,0.0001000013373216146,0.0001,False,128.0,128.0,,
train,,,,,,,36.66322112083435,2.0,461.0,930.0,2.2269184589385986,0.9999994039535522,0.0001000005058307789,0.0001,False,128.0,128.0,,
train,,,,,,,36.69997763633728,2.0,462.0,931.0,2.2381980419158936,0.999999463558197,0.00010000130655886883,0.0001,False,128.0,128.0,,
train,,,,,,,36.73565220832825,2.0,463.0,932.0,2.25144624710083,0.999999463558197,9.999860931643247e-05,0.0001,False,128.0,128.0,,
train,,,,,,,36.7711226940155,2.0,464.0,933.0,2.226875066757202,0.999999463558197,0.0001000007905317504,0.0001,False,128.0,128.0,,
train,,,,,,,36.81252956390381,2.0,465.0,934.0,2.210596799850464,0.999999463558197,9.999935326667904e-05,0.0001,False,128.0,128.0,,
train,,,,,,,36.84566116333008,2.0,466.0,935.0,2.2427079677581787,0.999999463558197,0.00010000078304214072,0.0001,False,128.0,128.0,,
train,,,,,,,36.883028984069824,2.0,467.0,936.0,2.2479329109191895,0.9999995231628418,0.00010000049436431407,0.0001,False,128.0,128.0,,
train,,,,,,,36.923208713531494,2.0,468.0,937.0,2.223543405532837,0.9999993443489075,9.99993145300458e-05,0.0001,False,128.0,128.0,,
train,,,,,,,36.95321202278137,2.0,469.0,938.0,2.245756149291992,0.999999463558197,9.999982760273541e-05,0.0001,False,128.0,128.0,,
eval,,,,,,,39.07375907897949,2.0,,938.0,,,,,False,128.0,128.0,2.23912379989624,0.198
train,,,,,,,39.11188769340515,3.0,1.0,939.0,2.2082395553588867,0.999999463558197,0.00010000117671209207,0.0001,False,128.0,128.0,,
train,,,,,,,39.145020484924316,3.0,2.0,940.0,2.2628555297851562,0.9999994039535522,0.00010000023281666976,0.0001,False,128.0,128.0,,
train,,,,,,,39.18333148956299,3.0,3.0,941.0,2.2458655834198,0.9999995231628418,0.00010000108302073572,0.0001,False,128.0,128.0,,
train,,,,,,,39.21730709075928,3.0,4.0,942.0,2.2306716442108154,0.999999463558197,9.999845249295795e-05,0.0001,False,128.0,128.0,,
train,,,,,,,39.25110220909119,3.0,5.0,943.0,2.2254281044006348,0.9999994039535522,0.00010000019182957785,0.0001,False,128.0,128.0,,
train,,,,,,,39.294854402542114,3.0,6.0,944.0,2.240483283996582,0.999999463558197,0.00010000019941897822,0.0001,False,128.0,128.0,,
train,,,,,,,39.33064889907837,3.0,7.0,945.0,2.222230911254883,0.9999995231628418,9.99989519111493e-05,0.0001,False,128.0,128.0,,
train,,,,,,,39.36559844017029,3.0,8.0,946.0,2.2323503494262695,0.9999995231628418,0.00010000002270506238,0.0001,False,128.0,128.0,,
train,,,,,,,39.39959454536438,3.0,9.0,947.0,2.2356863021850586,0.9999994039535522,0.00010000026576766004,0.0001,False,128.0,128.0,,
train,,,,,,,39.438963651657104,3.0,10.0,948.0,2.2233057022094727,0.9999995231628418,9.999743280585704e-05,0.0001,False,128.0,128.0,,
train,,,,,,,39.473607778549194,3.0,11.0,949.0,2.2417449951171875,0.999999463558197,0.00010000006779701033,0.0001,False,128.0,128.0,,
train,,,,,,,39.509207010269165,3.0,12.0,950.0,2.2611606121063232,0.9999994039535522,9.9999876704156e-05,0.0001,False,128.0,128.0,,
train,,,,,,,39.542112588882446,3.0,13.0,951.0,2.246380567550659,0.9999995231628418,0.00010000103754544197,0.0001,False,128.0,128.0,,
train,,,,,,,39.57560205459595,3.0,14.0,952.0,2.233248710632324,0.9999994039535522,9.999917703482608e-05,0.0001,False,128.0,128.0,,
train,,,,,,,39.61031222343445,3.0,15.0,953.0,2.216242790222168,0.9999995231628418,0.00010000102931643252,0.0001,False,128.0,128.0,,
train,,,,,,,39.653942584991455,3.0,16.0,954.0,2.2427945137023926,0.9999994039535522,9.999926432245484e-05,0.0001,False,128.0,128.0,,
train,,,,,,,39.69524812698364,3.0,17.0,955.0,2.2464969158172607,0.9999995231628418,9.999950661710851e-05,0.0001,False,128.0,128.0,,
train,,,,,,,39.733928203582764,3.0,18.0,956.0,2.2480812072753906,0.9999994039535522,0.00010000010715785157,0.0001,False,128.0,128.0,,
train,,,,,,,39.774320125579834,3.0,19.0,957.0,2.219886064529419,0.999999463558197,0.00010000126443165076,0.0001,False,128.0,128.0,,
train,,,,,,,39.810128688812256,3.0,20.0,958.0,2.217392921447754,0.9999994039535522,9.999977874632096e-05,0.0001,False,128.0,128.0,,
train,,,,,,,39.84703469276428,3.0,21.0,959.0,2.229968786239624,0.9999994039535522,9.999978920889451e-05,0.0001,False,128.0,128.0,,
train,,,,,,,39.890841484069824,3.0,22.0,960.0,2.221062183380127,0.9999995827674866,9.999965968540927e-05,0.0001,False,128.0,128.0,,
train,,,,,,,39.93124008178711,3.0,23.0,961.0,2.251412868499756,0.999999463558197,9.9999540405346e-05,0.0001,False,128.0,128.0,,
train,,,,,,,39.96626114845276,3.0,24.0,962.0,2.2184362411499023,0.9999995231628418,0.00010000149062563412,0.0001,False,128.0,128.0,,
train,,,,,,,40.006123781204224,3.0,25.0,963.0,2.2520508766174316,0.9999994039535522,0.00010000019163875863,0.0001,False,128.0,128.0,,
train,,,,,,,40.04190254211426,3.0,26.0,964.0,2.255948543548584,0.999999463558197,0.00010000166239741312,0.0001,False,128.0,128.0,,
train,,,,,,,40.0761935710907,3.0,27.0,965.0,2.217501163482666,0.9999994039535522,9.999976052734568e-05,0.0001,False,128.0,128.0,,
train,,,,,,,40.11645007133484,3.0,28.0,966.0,2.262115240097046,0.999999463558197,9.999977471524828e-05,0.0001,False,128.0,128.0,,
train,,,,,,,40.15348768234253,3.0,29.0,967.0,2.236844778060913,0.9999995231628418,9.999916774313656e-05,0.0001,False,128.0,128.0,,
train,,,,,,,40.21387696266174,3.0,30.0,968.0,2.2580318450927734,0.9999993443489075,9.999908012148616e-05,0.0001,False,128.0,128.0,,
train,,,,,,,40.2544059753418,3.0,31.0,969.0,2.2463343143463135,0.9999995231628418,9.999914547777296e-05,0.0001,False,128.0,128.0,,
train,,,,,,,40.29536056518555,3.0,32.0,970.0,2.2313265800476074,0.999999463558197,9.999977969391574e-05,0.0001,False,128.0,128.0,,
train,,,,,,,40.331233739852905,3.0,33.0,971.0,2.2507691383361816,0.9999994039535522,9.999991016050229e-05,0.0001,False,128.0,128.0,,
train,,,,,,,40.370522260665894,3.0,34.0,972.0,2.2187659740448,0.999999463558197,0.00010000104609320284,0.0001,False,128.0,128.0,,
train,,,,,,,40.40936326980591,3.0,35.0,973.0,2.24705171585083,0.9999994039535522,0.00010000100436268905,0.0001,False,128.0,128.0,,
train,,,,,,,40.447001695632935,3.0,36.0,974.0,2.203495502471924,0.9999995231628418,0.00010000112711475081,0.0001,False,128.0,128.0,,
train,,,,,,,40.481756925582886,3.0,37.0,975.0,2.20802640914917,0.9999994039535522,0.00010000033670462609,0.0001,False,128.0,128.0,,
train,,,,,,,40.51800060272217,3.0,38.0,976.0,2.2398741245269775,0.9999995231628418,9.999854448672518e-05,0.0001,False,128.0,128.0,,
train,,,,,,,40.561811447143555,3.0,39.0,977.0,2.2324910163879395,0.999999463558197,0.00010000062647144004,0.0001,False,128.0,128.0,,
train,,,,,,,40.59654784202576,3.0,40.0,978.0,2.2339723110198975,0.9999994039535522,9.999998878905197e-05,0.0001,False,128.0,128.0,,
train,,,,,,,40.630035400390625,3.0,41.0,979.0,2.2286441326141357,0.9999995231628418,0.0001000002612270333,0.0001,False,128.0,128.0,,
train,,,,,,,40.67110538482666,3.0,42.0,980.0,2.2444543838500977,0.999999463558197,0.00010000110014226954,0.0001,False,128.0,128.0,,
train,,,,,,,40.70709586143494,3.0,43.0,981.0,2.21454119682312,0.9999994039535522,9.999944661270942e-05,0.0001,False,128.0,128.0,,
train,,,,,,,40.74794387817383,3.0,44.0,982.0,2.2211520671844482,0.9999994039535522,9.999861989188698e-05,0.0001,False,128.0,128.0,,
train,,,,,,,40.78514862060547,3.0,45.0,983.0,2.223083019256592,0.999999463558197,9.999995393411054e-05,0.0001,False,128.0,128.0,,
train,,,,,,,40.82023739814758,3.0,46.0,984.0,2.235050678253174,0.999999463558197,9.999859522811253e-05,0.0001,False,128.0,128.0,,
train,,,,,,,40.857043743133545,3.0,47.0,985.0,2.2184500694274902,0.9999995827674866,9.999887621349999e-05,0.0001,False,128.0,128.0,,
train,,,,,,,40.89514756202698,3.0,48.0,986.0,2.2247698307037354,0.9999995231628418,0.00010000019624877732,0.0001,False,128.0,128.0,,
train,,,,,,,40.93051624298096,3.0,49.0,987.0,2.2207448482513428,0.9999994039535522,9.999882926700732e-05,0.0001,False,128.0,128.0,,
train,,,,,,,40.96486210823059,3.0,50.0,988.0,2.226844072341919,0.999999463558197,0.00010000135111464924,0.0001,False,128.0,128.0,,
train,,,,,,,41.00305223464966,3.0,51.0,989.0,2.210993528366089,0.9999994039535522,0.00010000021297581422,0.0001,False,128.0,128.0,,
train,,,,,,,41.038997650146484,3.0,52.0,990.0,2.22174334526062,0.999999463558197,0.00010000021474522839,0.0001,False,128.0,128.0,,
train,,,,,,,41.0752809047699,3.0,53.0,991.0,2.2105252742767334,0.9999994039535522,0.0001000004699004942,0.0001,False,128.0,128.0,,
train,,,,,,,41.1179883480072,3.0,54.0,992.0,2.2206363677978516,0.9999995827674866,0.00010000130609917312,0.0001,False,128.0,128.0,,
train,,,,,,,41.15444278717041,3.0,55.0,993.0,2.236529588699341,0.9999994039535522,9.999964612416143e-05,0.0001,False,128.0,128.0,,
train,,,,,,,41.19097018241882,3.0,56.0,994.0,2.218883514404297,0.9999994039535522,0.00010000094478636029,0.0001,False,128.0,128.0,,
train,,,,,,,41.22558069229126,3.0,57.0,995.0,2.2374911308288574,0.999999463558197,9.999972289025425e-05,0.0001,False,128.0,128.0,,
train,,,,,,,41.25831484794617,3.0,58.0,996.0,2.2101571559906006,0.9999994039535522,9.999952003092307e-05,0.0001,False,128.0,128.0,,
train,,,,,,,41.29562306404114,3.0,59.0,997.0,2.221475601196289,0.9999995231628418,9.999965439448454e-05,0.0001,False,128.0,128.0,,
train,,,,,,,41.32938766479492,3.0,60.0,998.0,2.2527809143066406,0.999999463558197,9.99994445960822e-05,0.0001,False,128.0,128.0,,
train,,,,,,,41.36282968521118,3.0,61.0,999.0,2.2647647857666016,0.9999995231628418,9.999988495277595e-05,0.0001,False,128.0,128.0,,
train,,,,,,,41.40250301361084,3.0,62.0,1000.0,2.2235500812530518,0.9999994039535522,9.999927686026021e-05,0.0001,False,128.0,128.0,,
train,,,,,,,41.43946886062622,3.0,63.0,1001.0,2.2700843811035156,0.9999995231628418,0.00010000110757114082,0.0001,False,128.0,128.0,,
train,,,,,,,41.47413778305054,3.0,64.0,1002.0,2.2657697200775146,0.9999994039535522,0.0001000001211006756,0.0001,False,128.0,128.0,,
train,,,,,,,41.50780487060547,3.0,65.0,1003.0,2.2199747562408447,0.9999995231628418,9.999907360753938e-05,0.0001,False,128.0,128.0,,
train,,,,,,,41.548227310180664,3.0,66.0,1004.0,2.239560127258301,0.9999993443489075,0.00010000042003392137,0.0001,False,128.0,128.0,,
train,,,,,,,41.58156156539917,3.0,67.0,1005.0,2.2204811573028564,0.999999463558197,9.999959517513967e-05,0.0001,False,128.0,128.0,,
train,,,,,,,41.6160032749176,3.0,68.0,1006.0,2.2428057193756104,0.9999995827674866,0.00010000099943829213,0.0001,False,128.0,128.0,,
train,,,,,,,41.65581727027893,3.0,69.0,1007.0,2.270118474960327,0.999999463558197,0.00010000009089917189,0.0001,False,128.0,128.0,,
train,,,,,,,41.69102072715759,3.0,70.0,1008.0,2.211090087890625,0.999999463558197,0.00010000000729855182,0.0001,False,128.0,128.0,,
train,,,,,,,41.73125672340393,3.0,71.0,1009.0,2.2354774475097656,0.9999994039535522,9.999985514151428e-05,0.0001,False,128.0,128.0,,
train,,,,,,,41.7724027633667,3.0,72.0,1010.0,2.2742326259613037,0.9999995231628418,0.00010000056637664043,0.0001,False,128.0,128.0,,
train,,,,,,,41.81042957305908,3.0,73.0,1011.0,2.2570741176605225,0.9999994039535522,0.00010000170147790732,0.0001,False,128.0,128.0,,
train,,,,,,,41.84507489204407,3.0,74.0,1012.0,2.242771863937378,0.9999995231628418,0.00010000092987655177,0.0001,False,128.0,128.0,,
train,,,,,,,41.88597297668457,3.0,75.0,1013.0,2.2301456928253174,0.999999463558197,0.0001000005725652312,0.0001,False,128.0,128.0,,
train,,,,,,,41.92774963378906,3.0,76.0,1014.0,2.187135696411133,0.9999994039535522,0.00010000268452631128,0.0001,False,128.0,128.0,,
train,,,,,,,41.96165990829468,3.0,77.0,1015.0,2.2153990268707275,0.999999463558197,9.999967454770214e-05,0.0001,False,128.0,128.0,,
train,,,,,,,41.997283697128296,3.0,78.0,1016.0,2.223921060562134,0.999999463558197,0.00010000101655984024,0.0001,False,128.0,128.0,,
train,,,,,,,42.03188705444336,3.0,79.0,1017.0,2.190120220184326,0.9999994039535522,0.00010000165995149365,0.0001,False,128.0,128.0,,
train,,,,,,,42.065690994262695,3.0,80.0,1018.0,2.2152605056762695,0.999999463558197,9.999882688173459e-05,0.0001,False,128.0,128.0,,
train,,,,,,,42.10933303833008,3.0,81.0,1019.0,2.2241601943969727,0.999999463558197,9.999991015833388e-05,0.0001,False,128.0,128.0,,
train,,,,,,,42.14278793334961,3.0,82.0,1020.0,2.2265021800994873,0.9999995827674866,9.999927851259625e-05,0.0001,False,128.0,128.0,,
train,,,,,,,42.18029856681824,3.0,83.0,1021.0,2.2236247062683105,0.9999994039535522,0.00010000027683950258,0.0001,False,128.0,128.0,,
train,,,,,,,42.21601176261902,3.0,84.0,1022.0,2.2368521690368652,0.9999993443489075,0.00010000057290133194,0.0001,False,128.0,128.0,,
train,,,,,,,42.25285458564758,3.0,85.0,1023.0,2.188905954360962,0.9999994039535522,0.00010000133615286029,0.0001,False,128.0,128.0,,
train,,,,,,,42.29306387901306,3.0,86.0,1024.0,2.234163522720337,0.9999994039535522,0.00010000042386981246,0.0001,False,128.0,128.0,,
train,,,,,,,42.33609104156494,3.0,87.0,1025.0,2.2381296157836914,0.9999995231628418,0.00010000145400182395,0.0001,False,128.0,128.0,,
train,,,,,,,42.378690242767334,3.0,88.0,1026.0,2.232454538345337,0.9999994039535522,0.00010000009393927197,0.0001,False,128.0,128.0,,
train,,,,,,,42.432650089263916,3.0,89.0,1027.0,2.2298126220703125,0.9999995231628418,0.00010000127738770206,0.0001,False,128.0,128.0,,
train,,,,,,,42.46776223182678,3.0,90.0,1028.0,2.2252378463745117,0.9999995231628418,0.00010000056813303799,0.0001,False,128.0,128.0,,
train,,,,,,,42.50081205368042,3.0,91.0,1029.0,2.2288589477539062,0.999999463558197,0.00010000053687783045,0.0001,False,128.0,128.0,,
train,,,,,,,42.534003496170044,3.0,92.0,1030.0,2.236057758331299,0.9999994039535522,0.00010000008492739157,0.0001,False,128.0,128.0,,
train,,,,,,,42.56932067871094,3.0,93.0,1031.0,2.2486565113067627,0.9999994039535522,9.999984437320212e-05,0.0001,False,128.0,128.0,,
train,,,,,,,42.604044914245605,3.0,94.0,1032.0,2.2088675498962402,0.999999463558197,0.00010000147058770625,0.0001,False,128.0,128.0,,
train,,,,,,,42.64161562919617,3.0,95.0,1033.0,2.2560923099517822,0.9999994039535522,0.00010000001423310817,0.0001,False,128.0,128.0,,
train,,,,,,,42.67555093765259,3.0,96.0,1034.0,2.2593517303466797,0.9999994039535522,9.99997185859596e-05,0.0001,False,128.0,128.0,,
train,,,,,,,42.7108199596405,3.0,97.0,1035.0,2.2133162021636963,0.9999995231628418,0.00010000082295780739,0.0001,False,128.0,128.0,,
train,,,,,,,42.74531602859497,3.0,98.0,1036.0,2.2444801330566406,0.999999463558197,9.99997991749014e-05,0.0001,False,128.0,128.0,,
train,,,,,,,42.78302478790283,3.0,99.0,1037.0,2.236487865447998,0.9999994039535522,9.999977047167133e-05,0.0001,False,128.0,128.0,,
train,,,,,,,42.82204532623291,3.0,100.0,1038.0,2.236574411392212,0.9999995231628418,9.99998647258749e-05,0.0001,False,128.0,128.0,,
train,,,,,,,42.85550594329834,3.0,101.0,1039.0,2.2380456924438477,0.999999463558197,9.999946264597859e-05,0.0001,False,128.0,128.0,,
train,,,,,,,42.88776469230652,3.0,102.0,1040.0,2.2280001640319824,0.999999463558197,0.0001000005274930264,0.0001,False,128.0,128.0,,
train,,,,,,,42.92325687408447,3.0,103.0,1041.0,2.226672649383545,0.9999994039535522,9.999889860902923e-05,0.0001,False,128.0,128.0,,
train,,,,,,,42.95883345603943,3.0,104.0,1042.0,2.225008964538574,0.9999992847442627,0.00010000072698063806,0.0001,False,128.0,128.0,,
train,,,,,,,42.9946084022522,3.0,105.0,1043.0,2.235743761062622,0.9999994039535522,0.00010000257454556649,0.0001,False,128.0,128.0,,
train,,,,,,,43.030736684799194,3.0,106.0,1044.0,2.2422051429748535,0.9999994039535522,9.99984684504912e-05,0.0001,False,128.0,128.0,,
train,,,,,,,43.06515574455261,3.0,107.0,1045.0,2.241452932357788,0.9999993443489075,0.00010000084697485338,0.0001,False,128.0,128.0,,
train,,,,,,,43.1037814617157,3.0,108.0,1046.0,2.2109534740448,0.9999994039535522,0.00010000148017191206,0.0001,False,128.0,128.0,,
train,,,,,,,43.1382520198822,3.0,109.0,1047.0,2.194735050201416,0.9999994039535522,9.999979931151115e-05,0.0001,False,128.0,128.0,,
train,,,,,,,43.171603202819824,3.0,110.0,1048.0,2.2265002727508545,0.999999463558197,0.00010000034563408471,0.0001,False,128.0,128.0,,
train,,,,,,,43.207817792892456,3.0,111.0,1049.0,2.218456268310547,0.999999463558197,0.00010000232402076974,0.0001,False,128.0,128.0,,
train,,,,,,,43.242470026016235,3.0,112.0,1050.0,2.2378170490264893,0.999999463558197,0.0001000007675316647,0.0001,False,128.0,128.0,,
train,,,,,,,43.286513805389404,3.0,113.0,1051.0,2.2390151023864746,0.999999463558197,9.999991804916408e-05,0.0001,False,128.0,128.0,,
train,,,,,,,43.33409857749939,3.0,114.0,1052.0,2.2378926277160645,0.999999463558197,0.00010000212648352962,0.0001,False,128.0,128.0,,
train,,,,,,,43.372971534729004,3.0,115.0,1053.0,2.2412703037261963,0.9999995827674866,9.999924083846025e-05,0.0001,False,128.0,128.0,,
train,,,,,,,43.4167046546936,3.0,116.0,1054.0,2.2148351669311523,0.9999994039535522,9.999955649064208e-05,0.0001,False,128.0,128.0,,
train,,,,,,,43.456178426742554,3.0,117.0,1055.0,2.235058546066284,0.9999995231628418,0.00010000148907958486,0.0001,False,128.0,128.0,,
train,,,,,,,43.502811908721924,3.0,118.0,1056.0,2.2106356620788574,0.999999463558197,0.00010000062298033085,0.0001,False,128.0,128.0,,
train,,,,,,,43.5391104221344,3.0,119.0,1057.0,2.2166666984558105,0.9999995231628418,9.999975018836847e-05,0.0001,False,128.0,128.0,,
train,,,,,,,43.57274055480957,3.0,120.0,1058.0,2.2098097801208496,0.9999993443489075,0.0001000008291246984,0.0001,False,128.0,128.0,,
train,,,,,,,43.61134076118469,3.0,121.0,1059.0,2.2405543327331543,0.9999994039535522,9.999999910632047e-05,0.0001,False,128.0,128.0,,
train,,,,,,,43.6490581035614,3.0,122.0,1060.0,2.2401070594787598,0.9999993443489075,0.00010000180076523523,0.0001,False,128.0,128.0,,
train,,,,,,,43.68323230743408,3.0,123.0,1061.0,2.223788022994995,0.9999993443489075,0.0001000006321222662,0.0001,False,128.0,128.0,,
train,,,,,,,43.729461908340454,3.0,124.0,1062.0,2.235219717025757,0.9999994039535522,9.99997198956795e-05,0.0001,False,128.0,128.0,,
train,,,,,,,43.76950454711914,3.0,125.0,1063.0,2.2351627349853516,0.9999994039535522,9.999918617255677e-05,0.0001,False,128.0,128.0,,
train,,,,,,,43.810359716415405,3.0,126.0,1064.0,2.2375380992889404,0.9999994039535522,9.999951993117598e-05,0.0001,False,128.0,128.0,,
train,,,,,,,43.84460496902466,3.0,127.0,1065.0,2.2059779167175293,0.9999995231628418,0.00010000040009118839,0.0001,False,128.0,128.0,,
train,,,,,,,43.88179159164429,3.0,128.0,1066.0,2.2377097606658936,0.999999463558197,9.999982271948029e-05,0.0001,False,128.0,128.0,,
train,,,,,,,43.920825481414795,3.0,129.0,1067.0,2.2457406520843506,0.999999463558197,9.999978048321666e-05,0.0001,False,128.0,128.0,,
train,,,,,,,43.96080207824707,3.0,130.0,1068.0,2.1784582138061523,0.9999994039535522,9.999917873486906e-05,0.0001,False,128.0,128.0,,
train,,,,,,,44.0016713142395,3.0,131.0,1069.0,2.2353296279907227,0.9999994039535522,0.00010000175156284614,0.0001,False,128.0,128.0,,
train,,,,,,,44.03845691680908,3.0,132.0,1070.0,2.217113733291626,0.9999996423721313,0.00010000086495944507,0.0001,False,128.0,128.0,,
train,,,,,,,44.07483744621277,3.0,133.0,1071.0,2.22652530670166,0.999999463558197,0.00010000210146500917,0.0001,False,128.0,128.0,,
train,,,,,,,44.111348152160645,3.0,134.0,1072.0,2.240318536758423,0.999999463558197,0.00010000060676943964,0.0001,False,128.0,128.0,,
train,,,,,,,44.15489363670349,3.0,135.0,1073.0,2.2196524143218994,0.999999463558197,9.999935496671903e-05,0.0001,False,128.0,128.0,,
train,,,,,,,44.1967499256134,3.0,136.0,1074.0,2.203312635421753,0.9999994039535522,9.999981693633548e-05,0.0001,False,128.0,128.0,,
train,,,,,,,44.23429346084595,3.0,137.0,1075.0,2.2214295864105225,0.9999994039535522,9.999895632823515e-05,0.0001,False,128.0,128.0,,
train,,,,,,,44.270389795303345,3.0,138.0,1076.0,2.2231967449188232,0.999999463558197,0.00010000047619751063,0.0001,False,128.0,128.0,,
train,,,,,,,44.307212829589844,3.0,139.0,1077.0,2.250333309173584,0.999999463558197,9.999938636324313e-05,0.0001,False,128.0,128.0,,
train,,,,,,,44.347630739212036,3.0,140.0,1078.0,2.203409194946289,0.999999463558197,0.00010000109711954708,0.0001,False,128.0,128.0,,
train,,,,,,,44.381425619125366,3.0,141.0,1079.0,2.192488431930542,0.9999995231628418,0.00010000143925471934,0.0001,False,128.0,128.0,,
train,,,,,,,44.4266471862793,3.0,142.0,1080.0,2.234243869781494,0.999999463558197,0.00010000063481540733,0.0001,False,128.0,128.0,,
train,,,,,,,44.465755224227905,3.0,143.0,1081.0,2.2240712642669678,0.9999995231628418,0.00010000011967386724,0.0001,False,128.0,128.0,,
train,,,,,,,44.506993532180786,3.0,144.0,1082.0,2.2326648235321045,0.999999463558197,0.00010000002136498879,0.0001,False,128.0,128.0,,
train,,,,,,,44.54389691352844,3.0,145.0,1083.0,2.2289681434631348,0.9999994039535522,9.999890253605268e-05,0.0001,False,128.0,128.0,,
train,,,,,,,44.57899069786072,3.0,146.0,1084.0,2.206583261489868,0.999999463558197,0.00010000053808345678,0.0001,False,128.0,128.0,,
train,,,,,,,44.61429286003113,3.0,147.0,1085.0,2.2251830101013184,0.9999995231628418,0.00010000182054506151,0.0001,False,128.0,128.0,,
train,,,,,,,44.65140199661255,3.0,148.0,1086.0,2.2166574001312256,0.9999994039535522,9.999967223617555e-05,0.0001,False,128.0,128.0,,
train,,,,,,,44.697343587875366,3.0,149.0,1087.0,2.227271795272827,0.999999463558197,0.00010000090258092797,0.0001,False,128.0,128.0,,
train,,,,,,,44.7348906993866,3.0,150.0,1088.0,2.2468600273132324,0.9999994039535522,0.00010000003279681339,0.0001,False,128.0,128.0,,
train,,,,,,,44.789531230926514,3.0,151.0,1089.0,2.216778039932251,0.9999995231628418,0.00010000001693927636,0.0001,False,128.0,128.0,,
train,,,,,,,44.82569766044617,3.0,152.0,1090.0,2.203624963760376,0.9999995231628418,9.999880820721555e-05,0.0001,False,128.0,128.0,,
train,,,,,,,44.8615140914917,3.0,153.0,1091.0,2.2250161170959473,0.9999995827674866,9.999928045550054e-05,0.0001,False,128.0,128.0,,
train,,,,,,,44.895735025405884,3.0,154.0,1092.0,2.2013556957244873,0.999999463558197,0.00010000112909448164,0.0001,False,128.0,128.0,,
train,,,,,,,44.929831981658936,3.0,155.0,1093.0,2.2255702018737793,0.999999463558197,0.00010000088058049363,0.0001,False,128.0,128.0,,
train,,,,,,,44.96273922920227,3.0,156.0,1094.0,2.2341742515563965,0.999999463558197,9.999978935417792e-05,0.0001,False,128.0,128.0,,
train,,,,,,,44.999061584472656,3.0,157.0,1095.0,2.2116823196411133,0.999999463558197,9.9999170733391e-05,0.0001,False,128.0,128.0,,
train,,,,,,,45.033095359802246,3.0,158.0,1096.0,2.2307815551757812,0.9999995231628418,9.99999174571892e-05,0.0001,False,128.0,128.0,,
train,,,,,,,45.06873798370361,3.0,159.0,1097.0,2.2370755672454834,0.9999994039535522,9.999992784819086e-05,0.0001,False,128.0,128.0,,
train,,,,,,,45.108044147491455,3.0,160.0,1098.0,2.208967685699463,0.9999994039535522,0.00010000005402765112,0.0001,False,128.0,128.0,,
train,,,,,,,45.1404926776886,3.0,161.0,1099.0,2.235848903656006,0.999999463558197,9.999871655847166e-05,0.0001,False,128.0,128.0,,
train,,,,,,,45.173551082611084,3.0,162.0,1100.0,2.2158918380737305,0.9999995231628418,0.00010000059775760546,0.0001,False,128.0,128.0,,
train,,,,,,,45.21021032333374,3.0,163.0,1101.0,2.2051010131835938,0.9999994039535522,0.00010000071433025828,0.0001,False,128.0,128.0,,
train,,,,,,,45.24668645858765,3.0,164.0,1102.0,2.207380533218384,0.9999995231628418,9.999908614320024e-05,0.0001,False,128.0,128.0,,
train,,,,,,,45.28300189971924,3.0,165.0,1103.0,2.22326922416687,0.999999463558197,0.0001000007370549709,0.0001,False,128.0,128.0,,
train,,,,,,,45.324923038482666,3.0,166.0,1104.0,2.1987595558166504,0.9999995231628418,9.999966428244203e-05,0.0001,False,128.0,128.0,,
train,,,,,,,45.36156105995178,3.0,167.0,1105.0,2.1988844871520996,0.9999994039535522,0.00010000008613085495,0.0001,False,128.0,128.0,,
train,,,,,,,45.39693999290466,3.0,168.0,1106.0,2.2209792137145996,0.999999463558197,0.000100000728129884,0.0001,False,128.0,128.0,,
train,,,,,,,45.43377351760864,3.0,169.0,1107.0,2.1961658000946045,0.999999463558197,9.999967828821173e-05,0.0001,False,128.0,128.0,,
train,,,,,,,45.470486640930176,3.0,170.0,1108.0,2.213128089904785,0.9999995231628418,0.0001000011483236724,0.0001,False,128.0,128.0,,
train,,,,,,,45.50736927986145,3.0,171.0,1109.0,2.216604709625244,0.999999463558197,0.00010000007465133158,0.0001,False,128.0,128.0,,
train,,,,,,,45.54184293746948,3.0,172.0,1110.0,2.194584846496582,0.9999994039535522,0.00010000127761538162,0.0001,False,128.0,128.0,,
train,,,,,,,45.57450771331787,3.0,173.0,1111.0,2.218588352203369,0.9999994039535522,9.999915261405239e-05,0.0001,False,128.0,128.0,,
train,,,,,,,45.60946035385132,3.0,174.0,1112.0,2.1932265758514404,0.9999995231628418,9.999946513532011e-05,0.0001,False,128.0,128.0,,
train,,,,,,,45.64653754234314,3.0,175.0,1113.0,2.224193811416626,0.9999995231628418,9.99993559468441e-05,0.0001,False,128.0,128.0,,
train,,,,,,,45.68160796165466,3.0,176.0,1114.0,2.2171499729156494,0.9999995827674866,0.00010000182606138159,0.0001,False,128.0,128.0,,
train,,,,,,,45.717798948287964,3.0,177.0,1115.0,2.2248096466064453,0.9999995231628418,0.00010000133253384172,0.0001,False,128.0,128.0,,
train,,,,,,,45.75485897064209,3.0,178.0,1116.0,2.1794850826263428,0.999999463558197,9.999828958675945e-05,0.0001,False,128.0,128.0,,
train,,,,,,,45.79661321640015,3.0,179.0,1117.0,2.205735445022583,0.9999995231628418,9.999992472134949e-05,0.0001,False,128.0,128.0,,
train,,,,,,,45.82859468460083,3.0,180.0,1118.0,2.2323246002197266,0.9999994039535522,0.00010000110505148285,0.0001,False,128.0,128.0,,
train,,,,,,,45.86947989463806,3.0,181.0,1119.0,2.2335970401763916,0.9999994039535522,0.00010000110794193385,0.0001,False,128.0,128.0,,
train,,,,,,,45.90672278404236,3.0,182.0,1120.0,2.220735549926758,0.9999995231628418,0.00010000080085760973,0.0001,False,128.0,128.0,,
train,,,,,,,45.94253921508789,3.0,183.0,1121.0,2.219273328781128,0.999999463558197,0.00010000055473237438,0.0001,False,128.0,128.0,,
train,,,,,,,45.9835102558136,3.0,184.0,1122.0,2.246312141418457,0.9999994039535522,9.99988380968528e-05,0.0001,False,128.0,128.0,,
train,,,,,,,46.01883506774902,3.0,185.0,1123.0,2.203570604324341,0.9999995231628418,9.999995571653972e-05,0.0001,False,128.0,128.0,,
train,,,,,,,46.055360078811646,3.0,186.0,1124.0,2.2437727451324463,0.9999995231628418,0.00010000133835592964,0.0001,False,128.0,128.0,,
train,,,,,,,46.099671840667725,3.0,187.0,1125.0,2.2181942462921143,0.9999993443489075,0.00010000173485558191,0.0001,False,128.0,128.0,,
train,,,,,,,46.13247585296631,3.0,188.0,1126.0,2.2482428550720215,0.9999995231628418,9.99999673001602e-05,0.0001,False,128.0,128.0,,
train,,,,,,,46.166335344314575,3.0,189.0,1127.0,2.2509055137634277,0.9999994039535522,9.999979200180517e-05,0.0001,False,128.0,128.0,,
train,,,,,,,46.20114517211914,3.0,190.0,1128.0,2.207366943359375,0.999999463558197,0.0001000011604622598,0.0001,False,128.0,128.0,,
train,,,,,,,46.23799228668213,3.0,191.0,1129.0,2.1990060806274414,0.9999995827674866,9.999880461195824e-05,0.0001,False,128.0,128.0,,
train,,,,,,,46.27614164352417,3.0,192.0,1130.0,2.2102878093719482,0.999999463558197,0.00010000024892353843,0.0001,False,128.0,128.0,,
train,,,,,,,46.310328006744385,3.0,193.0,1131.0,2.1749677658081055,0.9999995231628418,0.00010000081994808688,0.0001,False,128.0,128.0,,
train,,,,,,,46.3467493057251,3.0,194.0,1132.0,2.2554709911346436,0.9999995231628418,9.999925024073244e-05,0.0001,False,128.0,128.0,,
train,,,,,,,46.38208866119385,3.0,195.0,1133.0,2.205387592315674,0.999999463558197,0.00010000060254107673,0.0001,False,128.0,128.0,,
train,,,,,,,46.41702747344971,3.0,196.0,1134.0,2.221163034439087,0.999999463558197,0.0001000006630478487,0.0001,False,128.0,128.0,,
train,,,,,,,46.45024132728577,3.0,197.0,1135.0,2.224766969680786,0.999999463558197,0.00010000068796915149,0.0001,False,128.0,128.0,,
train,,,,,,,46.48214912414551,3.0,198.0,1136.0,2.2238271236419678,0.999999463558197,0.00010000092805510904,0.0001,False,128.0,128.0,,
train,,,,,,,46.517646074295044,3.0,199.0,1137.0,2.228926181793213,0.999999463558197,0.00010000215067373116,0.0001,False,128.0,128.0,,
train,,,,,,,46.55182862281799,3.0,200.0,1138.0,2.251682996749878,0.9999994039535522,9.999983027421413e-05,0.0001,False,128.0,128.0,,
train,,,,,,,46.585777044296265,3.0,201.0,1139.0,2.204267978668213,0.9999994039535522,0.00010000071008455281,0.0001,False,128.0,128.0,,
train,,,,,,,46.62300729751587,3.0,202.0,1140.0,2.2032647132873535,0.9999995231628418,9.999880238498033e-05,0.0001,False,128.0,128.0,,
train,,,,,,,46.667195320129395,3.0,203.0,1141.0,2.2117974758148193,0.9999995231628418,9.999907351646556e-05,0.0001,False,128.0,128.0,,
train,,,,,,,46.70663332939148,3.0,204.0,1142.0,2.207231044769287,0.999999463558197,0.00010000081035514425,0.0001,False,128.0,128.0,,
train,,,,,,,46.74156832695007,3.0,205.0,1143.0,2.2388570308685303,0.999999463558197,9.999927625743944e-05,0.0001,False,128.0,128.0,,
train,,,,,,,46.778605461120605,3.0,206.0,1144.0,2.2133684158325195,0.999999463558197,0.0001000005318319805,0.0001,False,128.0,128.0,,
train,,,,,,,46.814079999923706,3.0,207.0,1145.0,2.214463710784912,0.999999463558197,9.999934234652354e-05,0.0001,False,128.0,128.0,,
train,,,,,,,46.85026288032532,3.0,208.0,1146.0,2.222595691680908,0.999999463558197,9.999940672685122e-05,0.0001,False,128.0,128.0,,
train,,,,,,,46.88666105270386,3.0,209.0,1147.0,2.2081124782562256,0.9999994039535522,0.00010000041876107336,0.0001,False,128.0,128.0,,
train,,,,,,,46.92200684547424,3.0,210.0,1148.0,2.219045639038086,0.9999994039535522,0.00010000116318357564,0.0001,False,128.0,128.0,,
train,,,,,,,46.95681977272034,3.0,211.0,1149.0,2.2136282920837402,0.9999994039535522,0.00010000053915464276,0.0001,False,128.0,128.0,,
train,,,,,,,46.989885568618774,3.0,212.0,1150.0,2.22680926322937,0.999999463558197,0.00010000018446569054,0.0001,False,128.0,128.0,,
train,,,,,,,47.03284525871277,3.0,213.0,1151.0,2.2529971599578857,0.9999995231628418,9.999864670674158e-05,0.0001,False,128.0,128.0,,
train,,,,,,,47.06885313987732,3.0,214.0,1152.0,2.1952664852142334,0.999999463558197,0.00010000026771921873,0.0001,False,128.0,128.0,,
train,,,,,,,47.11658787727356,3.0,215.0,1153.0,2.2414557933807373,0.9999994039535522,0.00010000157595537356,0.0001,False,128.0,128.0,,
train,,,,,,,47.151761293411255,3.0,216.0,1154.0,2.2088401317596436,0.9999992847442627,9.999961500744413e-05,0.0001,False,128.0,128.0,,
train,,,,,,,47.18310618400574,3.0,217.0,1155.0,2.2408063411712646,0.9999994039535522,0.00010000137207849701,0.0001,False,128.0,128.0,,
train,,,,,,,47.2180392742157,3.0,218.0,1156.0,2.216792583465576,0.9999994039535522,0.00010000018502947464,0.0001,False,128.0,128.0,,
train,,,,,,,47.25499176979065,3.0,219.0,1157.0,2.2255611419677734,0.9999996423721313,0.0001000012919006459,0.0001,False,128.0,128.0,,
train,,,,,,,47.294373750686646,3.0,220.0,1158.0,2.2068679332733154,0.999999463558197,0.00010000071178023294,0.0001,False,128.0,128.0,,
train,,,,,,,47.330405473709106,3.0,221.0,1159.0,2.2164645195007324,0.999999463558197,9.999992031514845e-05,0.0001,False,128.0,128.0,,
train,,,,,,,47.36638045310974,3.0,222.0,1160.0,2.24456524848938,0.9999993443489075,0.00010000016073254596,0.0001,False,128.0,128.0,,
train,,,,,,,47.40587520599365,3.0,223.0,1161.0,2.202589750289917,0.9999994039535522,0.00010000012214584521,0.0001,False,128.0,128.0,,
train,,,,,,,47.43967390060425,3.0,224.0,1162.0,2.171997308731079,0.9999994039535522,9.99999341365678e-05,0.0001,False,128.0,128.0,,
train,,,,,,,47.47400879859924,3.0,225.0,1163.0,2.1975927352905273,0.9999993443489075,0.00010000092511911676,0.0001,False,128.0,128.0,,
train,,,,,,,47.50766706466675,3.0,226.0,1164.0,2.2047040462493896,0.9999993443489075,0.00010000150141545272,0.0001,False,128.0,128.0,,
train,,,,,,,47.54610800743103,3.0,227.0,1165.0,2.217094659805298,0.999999463558197,0.0001000005129539509,0.0001,False,128.0,128.0,,
train,,,,,,,47.58164715766907,3.0,228.0,1166.0,2.2033183574676514,0.9999995231628418,0.00010000182235130944,0.0001,False,128.0,128.0,,
train,,,,,,,47.619802713394165,3.0,229.0,1167.0,2.2435829639434814,0.9999994039535522,0.00010000017697386707,0.0001,False,128.0,128.0,,
train,,,,,,,47.65380668640137,3.0,230.0,1168.0,2.2259912490844727,0.999999463558197,0.00010000058891056822,0.0001,False,128.0,128.0,,
train,,,,,,,47.6892831325531,3.0,231.0,1169.0,2.175668716430664,0.9999995231628418,0.00010000213997288529,0.0001,False,128.0,128.0,,
train,,,,,,,47.72432827949524,3.0,232.0,1170.0,2.2125420570373535,0.9999995827674866,9.999942634235137e-05,0.0001,False,128.0,128.0,,
train,,,,,,,47.760005712509155,3.0,233.0,1171.0,2.1913955211639404,0.999999463558197,0.00010000046235448225,0.0001,False,128.0,128.0,,
train,,,,,,,47.797585010528564,3.0,234.0,1172.0,2.212355136871338,0.9999995827674866,9.999937268486364e-05,0.0001,False,128.0,128.0,,
train,,,,,,,47.832794427871704,3.0,235.0,1173.0,2.219330072402954,0.999999463558197,0.00010000058544114164,0.0001,False,128.0,128.0,,
train,,,,,,,47.86735415458679,3.0,236.0,1174.0,2.2208478450775146,0.9999993443489075,9.999947898065496e-05,0.0001,False,128.0,128.0,,
train,,,,,,,47.90712761878967,3.0,237.0,1175.0,2.1942882537841797,0.9999994039535522,0.00010000006742621343,0.0001,False,128.0,128.0,,
train,,,,,,,47.94836091995239,3.0,238.0,1176.0,2.234455108642578,0.999999463558197,9.999902272978396e-05,0.0001,False,128.0,128.0,,
train,,,,,,,47.98274540901184,3.0,239.0,1177.0,2.223451614379883,0.9999993443489075,9.999972917430725e-05,0.0001,False,128.0,128.0,,
train,,,,,,,48.015599489212036,3.0,240.0,1178.0,2.208404064178467,0.9999995231628418,9.9999809171265e-05,0.0001,False,128.0,128.0,,
train,,,,,,,48.049566984176636,3.0,241.0,1179.0,2.1983754634857178,0.9999994039535522,0.00010000086909238792,0.0001,False,128.0,128.0,,
train,,,,,,,48.08764624595642,3.0,242.0,1180.0,2.2065117359161377,0.999999463558197,9.999990166251767e-05,0.0001,False,128.0,128.0,,
train,,,,,,,48.12504768371582,3.0,243.0,1181.0,2.2025578022003174,0.9999995231628418,9.999916718802043e-05,0.0001,False,128.0,128.0,,
train,,,,,,,48.16187763214111,3.0,244.0,1182.0,2.2254791259765625,0.999999463558197,9.999987626613778e-05,0.0001,False,128.0,128.0,,
train,,,,,,,48.19719219207764,3.0,245.0,1183.0,2.215397357940674,0.9999994039535522,9.999827498447378e-05,0.0001,False,128.0,128.0,,
train,,,,,,,48.23275804519653,3.0,246.0,1184.0,2.1609129905700684,0.9999994039535522,9.999979525008158e-05,0.0001,False,128.0,128.0,,
train,,,,,,,48.26882553100586,3.0,247.0,1185.0,2.2177979946136475,0.9999995231628418,0.00010000054809275688,0.0001,False,128.0,128.0,,
train,,,,,,,48.30613684654236,3.0,248.0,1186.0,2.235215425491333,0.9999995231628418,0.0001000011973442145,0.0001,False,128.0,128.0,,
train,,,,,,,48.339547872543335,3.0,249.0,1187.0,2.2289721965789795,0.9999995231628418,0.00010000214803700816,0.0001,False,128.0,128.0,,
train,,,,,,,48.37558674812317,3.0,250.0,1188.0,2.2198920249938965,0.9999994039535522,0.00010000011160741242,0.0001,False,128.0,128.0,,
train,,,,,,,48.41107392311096,3.0,251.0,1189.0,2.217726945877075,0.9999995231628418,9.999863193103333e-05,0.0001,False,128.0,128.0,,
train,,,,,,,48.44531011581421,3.0,252.0,1190.0,2.2062883377075195,0.9999993443489075,0.0001000001684065163,0.0001,False,128.0,128.0,,
train,,,,,,,48.48764491081238,3.0,253.0,1191.0,2.2161383628845215,0.999999463558197,0.00010000007842001544,0.0001,False,128.0,128.0,,
train,,,,,,,48.521541595458984,3.0,254.0,1192.0,2.239614486694336,0.9999995827674866,9.99989720580032e-05,0.0001,False,128.0,128.0,,
train,,,,,,,48.555785179138184,3.0,255.0,1193.0,2.192164659500122,0.999999463558197,9.999950528136483e-05,0.0001,False,128.0,128.0,,
train,,,,,,,48.593077659606934,3.0,256.0,1194.0,2.183485746383667,0.9999995231628418,0.00010000141101165525,0.0001,False,128.0,128.0,,
train,,,,,,,48.631919145584106,3.0,257.0,1195.0,2.210109233856201,0.999999463558197,0.00010000045251864513,0.0001,False,128.0,128.0,,
train,,,,,,,48.66796326637268,3.0,258.0,1196.0,2.2186036109924316,0.999999463558197,9.999832377656971e-05,0.0001,False,128.0,128.0,,
train,,,,,,,48.70555114746094,3.0,259.0,1197.0,2.2123899459838867,0.9999994039535522,9.999870986885817e-05,0.0001,False,128.0,128.0,,
train,,,,,,,48.74035429954529,3.0,260.0,1198.0,2.229635238647461,0.999999463558197,0.00010000058130818707,0.0001,False,128.0,128.0,,
train,,,,,,,48.77626943588257,3.0,261.0,1199.0,2.172661304473877,0.9999995231628418,9.999907404989797e-05,0.0001,False,128.0,128.0,,
train,,,,,,,48.810282945632935,3.0,262.0,1200.0,2.1816229820251465,0.9999995827674866,9.999977340552909e-05,0.0001,False,128.0,128.0,,
train,,,,,,,48.845518350601196,3.0,263.0,1201.0,2.2324061393737793,0.9999995827674866,9.999957268435622e-05,0.0001,False,128.0,128.0,,
train,,,,,,,48.88125443458557,3.0,264.0,1202.0,2.153776168823242,0.9999994039535522,0.00010000147209038835,0.0001,False,128.0,128.0,,
train,,,,,,,48.91701936721802,3.0,265.0,1203.0,2.2348744869232178,0.999999463558197,0.00010000026575898644,0.0001,False,128.0,128.0,,
train,,,,,,,48.950329065322876,3.0,266.0,1204.0,2.2240402698516846,0.9999995231628418,0.00010000046212463246,0.0001,False,128.0,128.0,,
train,,,,,,,48.98752570152283,3.0,267.0,1205.0,2.2040863037109375,0.999999463558197,0.00010000038958314242,0.0001,False,128.0,128.0,,
train,,,,,,,49.023829221725464,3.0,268.0,1206.0,2.1981892585754395,0.9999995231628418,0.00010000053947339649,0.0001,False,128.0,128.0,,
train,,,,,,,49.058298110961914,3.0,269.0,1207.0,2.2179019451141357,0.9999995231628418,0.00010000002059737381,0.0001,False,128.0,128.0,,
train,,,,,,,49.09424424171448,3.0,270.0,1208.0,2.193235397338867,0.999999463558197,0.00010000087150363256,0.0001,False,128.0,128.0,,
train,,,,,,,49.13292145729065,3.0,271.0,1209.0,2.2267508506774902,0.9999994039535522,0.0001000014483055084,0.0001,False,128.0,128.0,,
train,,,,,,,49.17120003700256,3.0,272.0,1210.0,2.220991373062134,0.9999994039535522,9.999924813085916e-05,0.0001,False,128.0,128.0,,
train,,,,,,,49.205949783325195,3.0,273.0,1211.0,2.2229371070861816,0.9999994039535522,0.0001000006763617622,0.0001,False,128.0,128.0,,
train,,,,,,,49.24052953720093,3.0,274.0,1212.0,2.189249277114868,0.9999995231628418,0.0001000008013281497,0.0001,False,128.0,128.0,,
train,,,,,,,49.27553915977478,3.0,275.0,1213.0,2.2457218170166016,0.999999463558197,0.00010000005898028385,0.0001,False,128.0,128.0,,
train,,,,,,,49.31169939041138,3.0,276.0,1214.0,2.181241512298584,0.9999994039535522,9.999928040129005e-05,0.0001,False,128.0,128.0,,
train,,,,,,,49.3546998500824,3.0,277.0,1215.0,2.1885669231414795,0.999999463558197,0.00010000063528594809,0.0001,False,128.0,128.0,,
train,,,,,,,49.39469361305237,3.0,278.0,1216.0,2.231196403503418,0.9999995231628418,0.00010000037328547753,0.0001,False,128.0,128.0,,
train,,,,,,,49.43285632133484,3.0,279.0,1217.0,2.2215726375579834,0.999999463558197,9.999870129921327e-05,0.0001,False,128.0,128.0,,
train,,,,,,,49.466651916503906,3.0,280.0,1218.0,2.2214837074279785,0.999999463558197,0.00010000151689328935,0.0001,False,128.0,128.0,,
train,,,,,,,49.50114703178406,3.0,281.0,1219.0,2.198892116546631,0.999999463558197,0.00010000067628803696,0.0001,False,128.0,128.0,,
train,,,,,,,49.53623151779175,3.0,282.0,1220.0,2.1892752647399902,0.9999994039535522,9.999998475798776e-05,0.0001,False,128.0,128.0,,
train,,,,,,,49.57413029670715,3.0,283.0,1221.0,2.220249652862549,0.999999463558197,0.00010000066219783982,0.0001,False,128.0,128.0,,
train,,,,,,,49.6081907749176,3.0,284.0,1222.0,2.1893022060394287,0.999999463558197,0.00010000140296481994,0.0001,False,128.0,128.0,,
train,,,,,,,49.64641261100769,3.0,285.0,1223.0,2.1897990703582764,0.999999463558197,0.000100001456532315,0.0001,False,128.0,128.0,,
train,,,,,,,49.6817409992218,3.0,286.0,1224.0,2.189565658569336,0.999999463558197,9.99997021147125e-05,0.0001,False,128.0,128.0,,
train,,,,,,,49.717734813690186,3.0,287.0,1225.0,2.2020199298858643,0.9999995231628418,9.999821119106556e-05,0.0001,False,128.0,128.0,,
train,,,,,,,49.75389075279236,3.0,288.0,1226.0,2.2078065872192383,0.9999995231628418,9.999984269919136e-05,0.0001,False,128.0,128.0,,
train,,,,,,,49.78904438018799,3.0,289.0,1227.0,2.2379167079925537,0.9999995231628418,0.00010000055590330622,0.0001,False,128.0,128.0,,
train,,,,,,,49.82627034187317,3.0,290.0,1228.0,2.212400197982788,0.999999463558197,0.0001000017559884818,0.0001,False,128.0,128.0,,
train,,,,,,,49.862000942230225,3.0,291.0,1229.0,2.1597981452941895,0.9999992847442627,9.999940385152995e-05,0.0001,False,128.0,128.0,,
train,,,,,,,49.90531253814697,3.0,292.0,1230.0,2.2031362056732178,0.9999995231628418,0.0001000007953759273,0.0001,False,128.0,128.0,,
train,,,,,,,49.941264629364014,3.0,293.0,1231.0,2.2463715076446533,0.9999994039535522,0.00010000221662647755,0.0001,False,128.0,128.0,,
train,,,,,,,49.97463345527649,3.0,294.0,1232.0,2.2269372940063477,0.9999994039535522,0.0001000004929245007,0.0001,False,128.0,128.0,,
train,,,,,,,50.01269483566284,3.0,295.0,1233.0,2.1857686042785645,0.9999995827674866,0.00010000014023898732,0.0001,False,128.0,128.0,,
train,,,,,,,50.04470777511597,3.0,296.0,1234.0,2.2338690757751465,0.999999463558197,0.00010000067181031217,0.0001,False,128.0,128.0,,
train,,,,,,,50.08078098297119,3.0,297.0,1235.0,2.160248041152954,0.9999995231628418,0.00010000054430891197,0.0001,False,128.0,128.0,,
train,,,,,,,50.11714839935303,3.0,298.0,1236.0,2.209507703781128,0.999999463558197,0.00010000014677238025,0.0001,False,128.0,128.0,,
train,,,,,,,50.15587496757507,3.0,299.0,1237.0,2.1856813430786133,0.9999994039535522,9.999933779284437e-05,0.0001,False,128.0,128.0,,
train,,,,,,,50.195231199264526,3.0,300.0,1238.0,2.20151424407959,0.9999995827674866,0.00010000025333839859,0.0001,False,128.0,128.0,,
train,,,,,,,50.22973012924194,3.0,301.0,1239.0,2.218724250793457,0.999999463558197,0.00010000175181220828,0.0001,False,128.0,128.0,,
train,,,,,,,50.264363288879395,3.0,302.0,1240.0,2.2242608070373535,0.9999995231628418,9.999908455591375e-05,0.0001,False,128.0,128.0,,
train,,,,,,,50.30846905708313,3.0,303.0,1241.0,2.179175615310669,0.9999994039535522,9.999995494458742e-05,0.0001,False,128.0,128.0,,
train,,,,,,,50.341230630874634,3.0,304.0,1242.0,2.221146821975708,0.999999463558197,9.999959470676244e-05,0.0001,False,128.0,128.0,,
train,,,,,,,50.37398982048035,3.0,305.0,1243.0,2.203993320465088,0.9999995231628418,9.999994075887881e-05,0.0001,False,128.0,128.0,,
train,,,,,,,50.415011167526245,3.0,306.0,1244.0,2.1872923374176025,0.999999463558197,0.000100000122635904,0.0001,False,128.0,128.0,,
train,,,,,,,50.452988624572754,3.0,307.0,1245.0,2.2191452980041504,0.9999994039535522,0.00010000017920081438,0.0001,False,128.0,128.0,,
train,,,,,,,50.488035440444946,3.0,308.0,1246.0,2.203831434249878,0.9999995231628418,9.999966073492056e-05,0.0001,False,128.0,128.0,,
train,,,,,,,50.52565932273865,3.0,309.0,1247.0,2.181222915649414,0.9999995231628418,0.00010000012095756108,0.0001,False,128.0,128.0,,
train,,,,,,,50.57139873504639,3.0,310.0,1248.0,2.1849405765533447,0.9999995827674866,0.00010000069844897703,0.0001,False,128.0,128.0,,
train,,,,,,,50.60927629470825,3.0,311.0,1249.0,2.1960177421569824,0.9999994039535522,0.0001000010570348561,0.0001,False,128.0,128.0,,
train,,,,,,,50.64992833137512,3.0,312.0,1250.0,2.20699405670166,0.999999463558197,9.99991817684916e-05,0.0001,False,128.0,128.0,,
train,,,,,,,50.68756437301636,3.0,313.0,1251.0,2.2039480209350586,0.9999994039535522,9.999939312653755e-05,0.0001,False,128.0,128.0,,
train,,,,,,,50.71978259086609,3.0,314.0,1252.0,2.213792562484741,0.999999463558197,9.999998968677146e-05,0.0001,False,128.0,128.0,,
train,,,,,,,50.752615213394165,3.0,315.0,1253.0,2.199322462081909,0.999999463558197,0.00010000081718339397,0.0001,False,128.0,128.0,,
train,,,,,,,50.79023790359497,3.0,316.0,1254.0,2.170473575592041,0.9999994039535522,0.00010000080036538588,0.0001,False,128.0,128.0,,
train,,,,,,,50.826727628707886,3.0,317.0,1255.0,2.213129997253418,0.9999995231628418,9.999917851802685e-05,0.0001,False,128.0,128.0,,
train,,,,,,,50.861011266708374,3.0,318.0,1256.0,2.206430196762085,0.9999994039535522,0.00010000165799128863,0.0001,False,128.0,128.0,,
train,,,,,,,50.8983941078186,3.0,319.0,1257.0,2.218261480331421,0.9999995231628418,9.999824518140591e-05,0.0001,False,128.0,128.0,,
train,,,,,,,50.93147540092468,3.0,320.0,1258.0,2.1922104358673096,0.9999995231628418,0.00010000134665647004,0.0001,False,128.0,128.0,,
train,,,,,,,50.966450929641724,3.0,321.0,1259.0,2.210805654525757,0.999999463558197,9.999983769450612e-05,0.0001,False,128.0,128.0,,
train,,,,,,,51.00706648826599,3.0,322.0,1260.0,2.2123970985412598,0.9999995827674866,0.00010000108956490895,0.0001,False,128.0,128.0,,
train,,,,,,,51.040958881378174,3.0,323.0,1261.0,2.2053439617156982,0.999999463558197,9.999969451876916e-05,0.0001,False,128.0,128.0,,
train,,,,,,,51.07419681549072,3.0,324.0,1262.0,2.20668888092041,0.9999995231628418,9.999982667031993e-05,0.0001,False,128.0,128.0,,
train,,,,,,,51.120281457901,3.0,325.0,1263.0,2.1720542907714844,0.999999463558197,9.999899164323064e-05,0.0001,False,128.0,128.0,,
train,,,,,,,51.15920615196228,3.0,326.0,1264.0,2.214107036590576,0.999999463558197,0.00010000047911616893,0.0001,False,128.0,128.0,,
train,,,,,,,51.19368886947632,3.0,327.0,1265.0,2.1835174560546875,0.9999994039535522,0.0001000021222639044,0.0001,False,128.0,128.0,,
train,,,,,,,51.230340003967285,3.0,328.0,1266.0,2.1970863342285156,0.9999995231628418,0.00010000201436199913,0.0001,False,128.0,128.0,,
train,,,,,,,51.26576471328735,3.0,329.0,1267.0,2.2159297466278076,0.9999994039535522,9.999807012723484e-05,0.0001,False,128.0,128.0,,
train,,,,,,,51.30703783035278,3.0,330.0,1268.0,2.2127203941345215,0.9999996423721313,9.999890407780508e-05,0.0001,False,128.0,128.0,,
train,,,,,,,51.34625291824341,3.0,331.0,1269.0,2.188697338104248,0.9999994039535522,0.00010000057437367005,0.0001,False,128.0,128.0,,
train,,,,,,,51.38150501251221,3.0,332.0,1270.0,2.185789108276367,0.9999993443489075,0.00010000089358213075,0.0001,False,128.0,128.0,,
train,,,,,,,51.41696357727051,3.0,333.0,1271.0,2.1966845989227295,0.999999463558197,9.999995506168131e-05,0.0001,False,128.0,128.0,,
train,,,,,,,51.45285177230835,3.0,334.0,1272.0,2.206697463989258,0.9999995231628418,0.00010000088140448002,0.0001,False,128.0,128.0,,
train,,,,,,,51.49415111541748,3.0,335.0,1273.0,2.192828893661499,0.9999995827674866,0.000100000228740079,0.0001,False,128.0,128.0,,
train,,,,,,,51.53107738494873,3.0,336.0,1274.0,2.201369524002075,0.9999994039535522,9.999977470657464e-05,0.0001,False,128.0,128.0,,
train,,,,,,,51.56677556037903,3.0,337.0,1275.0,2.2190327644348145,0.9999993443489075,0.00010000163618834206,0.0001,False,128.0,128.0,,
train,,,,,,,51.60106563568115,3.0,338.0,1276.0,2.191333532333374,0.9999995231628418,9.999992322081253e-05,0.0001,False,128.0,128.0,,
train,,,,,,,51.64281344413757,3.0,339.0,1277.0,2.1999237537384033,0.9999994039535522,0.00010000034575551494,0.0001,False,128.0,128.0,,
train,,,,,,,51.69015192985535,3.0,340.0,1278.0,2.204942226409912,0.9999994039535522,0.00010000029175808207,0.0001,False,128.0,128.0,,
train,,,,,,,51.7361044883728,3.0,341.0,1279.0,2.1903865337371826,0.9999995827674866,0.00010000174759690399,0.0001,False,128.0,128.0,,
train,,,,,,,51.77207112312317,3.0,342.0,1280.0,2.20389723777771,0.999999463558197,0.00010000060049628374,0.0001,False,128.0,128.0,,
train,,,,,,,51.81303811073303,3.0,343.0,1281.0,2.186802387237549,0.9999995231628418,9.999810008648297e-05,0.0001,False,128.0,128.0,,
train,,,,,,,51.85012674331665,3.0,344.0,1282.0,2.166872024536133,0.999999463558197,9.999952104140433e-05,0.0001,False,128.0,128.0,,
train,,,,,,,51.89469313621521,3.0,345.0,1283.0,2.2026617527008057,0.999999463558197,0.00010000060119233735,0.0001,False,128.0,128.0,,
train,,,,,,,51.93025469779968,3.0,346.0,1284.0,2.1927144527435303,0.9999995231628418,0.00010000029906991992,0.0001,False,128.0,128.0,,
train,,,,,,,51.96372127532959,3.0,347.0,1285.0,2.229644775390625,0.9999995231628418,9.999925992923522e-05,0.0001,False,128.0,128.0,,
train,,,,,,,52.00582003593445,3.0,348.0,1286.0,2.190042495727539,0.999999463558197,9.999902699941376e-05,0.0001,False,128.0,128.0,,
train,,,,,,,52.044583559036255,3.0,349.0,1287.0,2.197910785675049,0.9999995231628418,9.999931288638403e-05,0.0001,False,128.0,128.0,,
train,,,,,,,52.07926821708679,3.0,350.0,1288.0,2.2076194286346436,0.9999994039535522,9.999898945312015e-05,0.0001,False,128.0,128.0,,
train,,,,,,,52.11416578292847,3.0,351.0,1289.0,2.2190752029418945,0.9999994039535522,0.00010000031967403425,0.0001,False,128.0,128.0,,
train,,,,,,,52.15527009963989,3.0,352.0,1290.0,2.1843907833099365,0.9999995231628418,0.00010000064624282503,0.0001,False,128.0,128.0,,
train,,,,,,,52.19562554359436,3.0,353.0,1291.0,2.1755318641662598,0.999999463558197,9.999960447763154e-05,0.0001,False,128.0,128.0,,
train,,,,,,,52.231327533721924,3.0,354.0,1292.0,2.1884958744049072,0.9999995231628418,0.00010000043210754532,0.0001,False,128.0,128.0,,
train,,,,,,,52.267393827438354,3.0,355.0,1293.0,2.1968204975128174,0.9999995231628418,0.0001000001746471733,0.0001,False,128.0,128.0,,
train,,,,,,,52.30875039100647,3.0,356.0,1294.0,2.1973459720611572,0.999999463558197,0.00010000110276384151,0.0001,False,128.0,128.0,,
train,,,,,,,52.34465932846069,3.0,357.0,1295.0,2.219334840774536,0.999999463558197,0.00010000143735522446,0.0001,False,128.0,128.0,,
train,,,,,,,52.38003134727478,3.0,358.0,1296.0,2.231935501098633,0.9999995231628418,9.999792742602593e-05,0.0001,False,128.0,128.0,,
train,,,,,,,52.41311049461365,3.0,359.0,1297.0,2.2153732776641846,0.9999995231628418,0.00010000188175798303,0.0001,False,128.0,128.0,,
train,,,,,,,52.44804763793945,3.0,360.0,1298.0,2.189213991165161,0.9999994039535522,9.99996097815694e-05,0.0001,False,128.0,128.0,,
train,,,,,,,52.49222278594971,3.0,361.0,1299.0,2.2271807193756104,0.9999994039535522,9.999855904126593e-05,0.0001,False,128.0,128.0,,
train,,,,,,,52.52455520629883,3.0,362.0,1300.0,2.205733060836792,0.9999994039535522,9.999984386579471e-05,0.0001,False,128.0,128.0,,
train,,,,,,,52.56217122077942,3.0,363.0,1301.0,2.195220470428467,0.9999994039535522,9.999929939014174e-05,0.0001,False,128.0,128.0,,
train,,,,,,,52.59948754310608,3.0,364.0,1302.0,2.1494357585906982,0.999999463558197,0.00010000021700470083,0.0001,False,128.0,128.0,,
train,,,,,,,52.63287854194641,3.0,365.0,1303.0,2.190544843673706,0.9999995827674866,0.00010000064300324983,0.0001,False,128.0,128.0,,
train,,,,,,,52.672582387924194,3.0,366.0,1304.0,2.1973695755004883,0.9999993443489075,0.00010000022861431183,0.0001,False,128.0,128.0,,
train,,,,,,,52.706918478012085,3.0,367.0,1305.0,2.20188570022583,0.9999994039535522,0.00010000003578053675,0.0001,False,128.0,128.0,,
train,,,,,,,52.74487376213074,3.0,368.0,1306.0,2.1977643966674805,0.9999995231628418,9.999833064402114e-05,0.0001,False,128.0,128.0,,
train,,,,,,,52.7810480594635,3.0,369.0,1307.0,2.1992599964141846,0.9999994039535522,0.00010000076550422218,0.0001,False,128.0,128.0,,
train,,,,,,,52.82079339027405,3.0,370.0,1308.0,2.244633436203003,0.9999993443489075,0.0001000010083026401,0.0001,False,128.0,128.0,,
train,,,,,,,52.85623002052307,3.0,371.0,1309.0,2.1926558017730713,0.999999463558197,9.999837623981007e-05,0.0001,False,128.0,128.0,,
train,,,,,,,52.896241426467896,3.0,372.0,1310.0,2.1857800483703613,0.9999995231628418,9.99998182482225e-05,0.0001,False,128.0,128.0,,
train,,,,,,,52.937854290008545,3.0,373.0,1311.0,2.2053611278533936,0.9999995231628418,9.999954905515032e-05,0.0001,False,128.0,128.0,,
train,,,,,,,52.97886681556702,3.0,374.0,1312.0,2.1944124698638916,0.999999463558197,9.999929769877449e-05,0.0001,False,128.0,128.0,,
train,,,,,,,53.01827383041382,3.0,375.0,1313.0,2.198652744293213,0.9999994039535522,0.00010000051769188997,0.0001,False,128.0,128.0,,
train,,,,,,,53.05742073059082,3.0,376.0,1314.0,2.216818332672119,0.9999995231628418,0.00010000063802679373,0.0001,False,128.0,128.0,,
train,,,,,,,53.09370279312134,3.0,377.0,1315.0,2.183746099472046,0.999999463558197,9.99998132825674e-05,0.0001,False,128.0,128.0,,
train,,,,,,,53.13000297546387,3.0,378.0,1316.0,2.205479621887207,0.9999995231628418,9.99997916678702e-05,0.0001,False,128.0,128.0,,
train,,,,,,,53.17651295661926,3.0,379.0,1317.0,2.2116730213165283,0.9999994039535522,0.00010000051107829074,0.0001,False,128.0,128.0,,
train,,,,,,,53.21375751495361,3.0,380.0,1318.0,2.1704537868499756,0.9999995231628418,0.00010000068770677636,0.0001,False,128.0,128.0,,
train,,,,,,,53.24897503852844,3.0,381.0,1319.0,2.199500799179077,0.999999463558197,0.0001000006309404933,0.0001,False,128.0,128.0,,
train,,,,,,,53.28468322753906,3.0,382.0,1320.0,2.206115961074829,0.999999463558197,0.00010000058351344144,0.0001,False,128.0,128.0,,
train,,,,,,,53.318830728530884,3.0,383.0,1321.0,2.1849582195281982,0.9999995231628418,9.999913143289703e-05,0.0001,False,128.0,128.0,,
train,,,,,,,53.35502219200134,3.0,384.0,1322.0,2.2315614223480225,0.9999993443489075,9.999993751928074e-05,0.0001,False,128.0,128.0,,
train,,,,,,,53.39642000198364,3.0,385.0,1323.0,2.1585354804992676,0.9999995231628418,9.999883624501395e-05,0.0001,False,128.0,128.0,,
train,,,,,,,53.431615352630615,3.0,386.0,1324.0,2.2044284343719482,0.999999463558197,9.999984513431323e-05,0.0001,False,128.0,128.0,,
train,,,,,,,53.46684646606445,3.0,387.0,1325.0,2.1489782333374023,0.9999995231628418,0.00010000051374324603,0.0001,False,128.0,128.0,,
train,,,,,,,53.508548974990845,3.0,388.0,1326.0,2.2051589488983154,0.9999995231628418,0.00010000111623165147,0.0001,False,128.0,128.0,,
train,,,,,,,53.54428672790527,3.0,389.0,1327.0,2.20546555519104,0.9999993443489075,9.999990522304103e-05,0.0001,False,128.0,128.0,,
train,,,,,,,53.57792329788208,3.0,390.0,1328.0,2.2092182636260986,0.9999993443489075,0.00010000177876283012,0.0001,False,128.0,128.0,,
train,,,,,,,53.616355895996094,3.0,391.0,1329.0,2.1738345623016357,0.9999993443489075,0.00010000069265070415,0.0001,False,128.0,128.0,,
train,,,,,,,53.65179944038391,3.0,392.0,1330.0,2.179238796234131,0.999999463558197,0.00010000034225355397,0.0001,False,128.0,128.0,,
train,,,,,,,53.6853506565094,3.0,393.0,1331.0,2.197340965270996,0.999999463558197,0.0001000025945355695,0.0001,False,128.0,128.0,,
train,,,,,,,53.718323945999146,3.0,394.0,1332.0,2.153244733810425,0.999999463558197,9.999933473754236e-05,0.0001,False,128.0,128.0,,
train,,,,,,,53.75574731826782,3.0,395.0,1333.0,2.1802163124084473,0.999999463558197,0.00010000089448851566,0.0001,False,128.0,128.0,,
train,,,,,,,53.796727418899536,3.0,396.0,1334.0,2.204256772994995,0.999999463558197,9.999926774855884e-05,0.0001,False,128.0,128.0,,
train,,,,,,,53.83436322212219,3.0,397.0,1335.0,2.2098958492279053,0.999999463558197,0.00010000072910132207,0.0001,False,128.0,128.0,,
train,,,,,,,53.86913084983826,3.0,398.0,1336.0,2.1937873363494873,0.999999463558197,0.00010000016473541386,0.0001,False,128.0,128.0,,
train,,,,,,,53.90792727470398,3.0,399.0,1337.0,2.1802847385406494,0.9999995231628418,9.999950497995514e-05,0.0001,False,128.0,128.0,,
train,,,,,,,53.94025373458862,3.0,400.0,1338.0,2.185443878173828,0.9999994039535522,9.999887502303262e-05,0.0001,False,128.0,128.0,,
train,,,,,,,53.98106336593628,3.0,401.0,1339.0,2.1914491653442383,0.9999994039535522,9.999931539307663e-05,0.0001,False,128.0,128.0,,
train,,,,,,,54.03360915184021,3.0,402.0,1340.0,2.2239396572113037,0.999999463558197,9.999853686467267e-05,0.0001,False,128.0,128.0,,
train,,,,,,,54.070098876953125,3.0,403.0,1341.0,2.184386730194092,0.9999995231628418,0.00010000043080433993,0.0001,False,128.0,128.0,,
train,,,,,,,54.10510325431824,3.0,404.0,1342.0,2.2132623195648193,0.999999463558197,9.999875609982456e-05,0.0001,False,128.0,128.0,,
train,,,,,,,54.14143347740173,3.0,405.0,1343.0,2.1887075901031494,0.9999994039535522,9.999923948536566e-05,0.0001,False,128.0,128.0,,
train,,,,,,,54.177356243133545,3.0,406.0,1344.0,2.211310386657715,0.9999995231628418,0.00010000073083603288,0.0001,False,128.0,128.0,,
train,,,,,,,54.21223497390747,3.0,407.0,1345.0,2.1871304512023926,0.9999995827674866,0.00010000097658570452,0.0001,False,128.0,128.0,,
train,,,,,,,54.251049518585205,3.0,408.0,1346.0,2.18621826171875,0.999999463558197,0.00010000134896362116,0.0001,False,128.0,128.0,,
train,,,,,,,54.29363465309143,3.0,409.0,1347.0,2.1942152976989746,0.9999994039535522,0.00010000077730458759,0.0001,False,128.0,128.0,,
train,,,,,,,54.32674026489258,3.0,410.0,1348.0,2.1781675815582275,0.9999995231628418,0.00010000072863295015,0.0001,False,128.0,128.0,,
train,,,,,,,54.35953879356384,3.0,411.0,1349.0,2.199587345123291,0.9999994039535522,0.00010000095906299859,0.0001,False,128.0,128.0,,
train,,,,,,,54.393168926239014,3.0,412.0,1350.0,2.1851351261138916,0.999999463558197,9.999953638944262e-05,0.0001,False,128.0,128.0,,
train,,,,,,,54.42519283294678,3.0,413.0,1351.0,2.210545539855957,0.9999995231628418,0.00010000124169838447,0.0001,False,128.0,128.0,,
train,,,,,,,54.457496643066406,3.0,414.0,1352.0,2.204556941986084,0.9999994039535522,0.00010000044729715097,0.0001,False,128.0,128.0,,
train,,,,,,,54.491403341293335,3.0,415.0,1353.0,2.2049994468688965,0.999999463558197,0.00010000134288349722,0.0001,False,128.0,128.0,,
train,,,,,,,54.529561042785645,3.0,416.0,1354.0,2.215543508529663,0.9999995231628418,0.0001000024202305883,0.0001,False,128.0,128.0,,
train,,,,,,,54.568769216537476,3.0,417.0,1355.0,2.173247814178467,0.999999463558197,9.999746670972361e-05,0.0001,False,128.0,128.0,,
train,,,,,,,54.60864305496216,3.0,418.0,1356.0,2.1938669681549072,0.9999994039535522,9.99995487147093e-05,0.0001,False,128.0,128.0,,
train,,,,,,,54.645177125930786,3.0,419.0,1357.0,2.198845386505127,0.999999463558197,0.0001000000625971801,0.0001,False,128.0,128.0,,
train,,,,,,,54.679842948913574,3.0,420.0,1358.0,2.1968278884887695,0.999999463558197,0.00010000065678987505,0.0001,False,128.0,128.0,,
train,,,,,,,54.713300704956055,3.0,421.0,1359.0,2.18517804145813,0.9999995231628418,0.00010000006669979847,0.0001,False,128.0,128.0,,
train,,,,,,,54.747872829437256,3.0,422.0,1360.0,2.2180187702178955,0.9999994039535522,0.00010000129315830417,0.0001,False,128.0,128.0,,
train,,,,,,,54.7829487323761,3.0,423.0,1361.0,2.2058050632476807,0.9999994039535522,0.00010000127329597525,0.0001,False,128.0,128.0,,
train,,,,,,,54.81696701049805,3.0,424.0,1362.0,2.1683428287506104,0.999999463558197,0.00010000213144039642,0.0001,False,128.0,128.0,,
train,,,,,,,54.85056400299072,3.0,425.0,1363.0,2.180089235305786,0.999999463558197,0.0001000007533699236,0.0001,False,128.0,128.0,,
train,,,,,,,54.88688635826111,3.0,426.0,1364.0,2.1453981399536133,0.999999463558197,0.00010000110667776812,0.0001,False,128.0,128.0,,
train,,,,,,,54.923521757125854,3.0,427.0,1365.0,2.193263530731201,0.9999995827674866,9.999922639894506e-05,0.0001,False,128.0,128.0,,
train,,,,,,,54.95903134346008,3.0,428.0,1366.0,2.1895124912261963,0.9999993443489075,0.00010000090084405174,0.0001,False,128.0,128.0,,
train,,,,,,,54.99190711975098,3.0,429.0,1367.0,2.162511110305786,0.999999463558197,0.00010000103503445576,0.0001,False,128.0,128.0,,
train,,,,,,,55.02639865875244,3.0,430.0,1368.0,2.1675093173980713,0.9999995827674866,0.00010000118370945031,0.0001,False,128.0,128.0,,
train,,,,,,,55.063337087631226,3.0,431.0,1369.0,2.187570333480835,0.999999463558197,9.999874090345672e-05,0.0001,False,128.0,128.0,,
train,,,,,,,55.09761667251587,3.0,432.0,1370.0,2.1851494312286377,0.9999993443489075,0.000100001807140229,0.0001,False,128.0,128.0,,
train,,,,,,,55.13386583328247,3.0,433.0,1371.0,2.159785509109497,0.9999995231628418,9.999980682938382e-05,0.0001,False,128.0,128.0,,
train,,,,,,,55.17080807685852,3.0,434.0,1372.0,2.1807820796966553,0.9999994039535522,0.00010000019596254852,0.0001,False,128.0,128.0,,
train,,,,,,,55.21107816696167,3.0,435.0,1373.0,2.1550092697143555,0.9999994039535522,9.999867519561935e-05,0.0001,False,128.0,128.0,,
train,,,,,,,55.243621826171875,3.0,436.0,1374.0,2.1843204498291016,0.9999995827674866,0.0001000014584101258,0.0001,False,128.0,128.0,,
train,,,,,,,55.278682470321655,3.0,437.0,1375.0,2.189934253692627,0.999999463558197,0.000100000822602192,0.0001,False,128.0,128.0,,
train,,,,,,,55.31157827377319,3.0,438.0,1376.0,2.1812028884887695,0.999999463558197,0.00010000155996364225,0.0001,False,128.0,128.0,,
train,,,,,,,55.35330581665039,3.0,439.0,1377.0,2.1571667194366455,0.999999463558197,0.00010000185390968619,0.0001,False,128.0,128.0,,
train,,,,,,,55.386953592300415,3.0,440.0,1378.0,2.2209348678588867,0.9999994039535522,0.00010000017404435795,0.0001,False,128.0,128.0,,
train,,,,,,,55.4199538230896,3.0,441.0,1379.0,2.210961103439331,0.9999993443489075,9.999903603090533e-05,0.0001,False,128.0,128.0,,
train,,,,,,,55.45267581939697,3.0,442.0,1380.0,2.1885557174682617,0.999999463558197,0.00010000049747379048,0.0001,False,128.0,128.0,,
train,,,,,,,55.485355615615845,3.0,443.0,1381.0,2.2018558979034424,0.999999463558197,0.00010000025093581263,0.0001,False,128.0,128.0,,
train,,,,,,,55.5189642906189,3.0,444.0,1382.0,2.1768665313720703,0.9999995231628418,0.00010000009390024072,0.0001,False,128.0,128.0,,
train,,,,,,,55.5537645816803,3.0,445.0,1383.0,2.182589292526245,0.999999463558197,0.00010000092576312689,0.0001,False,128.0,128.0,,
train,,,,,,,55.59502935409546,3.0,446.0,1384.0,2.148080825805664,0.999999463558197,0.00010000053879902637,0.0001,False,128.0,128.0,,
train,,,,,,,55.63481664657593,3.0,447.0,1385.0,2.187620162963867,0.9999995231628418,9.999963353002364e-05,0.0001,False,128.0,128.0,,
train,,,,,,,55.66934847831726,3.0,448.0,1386.0,2.1812145709991455,0.999999463558197,9.999983874835234e-05,0.0001,False,128.0,128.0,,
train,,,,,,,55.70528721809387,3.0,449.0,1387.0,2.1788041591644287,0.9999993443489075,9.999956123079489e-05,0.0001,False,128.0,128.0,,
train,,,,,,,55.738189935684204,3.0,450.0,1388.0,2.1351451873779297,0.999999463558197,0.00010000058810392655,0.0001,False,128.0,128.0,,
train,,,,,,,55.77388954162598,3.0,451.0,1389.0,2.1842832565307617,0.9999995827674866,9.999957622754401e-05,0.0001,False,128.0,128.0,,
train,,,,,,,55.813947439193726,3.0,452.0,1390.0,2.177772283554077,0.999999463558197,9.999872984879158e-05,0.0001,False,128.0,128.0,,
train,,,,,,,55.8583767414093,3.0,453.0,1391.0,2.1702511310577393,0.9999993443489075,9.999998699794976e-05,0.0001,False,128.0,128.0,,
train,,,,,,,55.892919301986694,3.0,454.0,1392.0,2.1767120361328125,0.9999994039535522,0.00010000176581334889,0.0001,False,128.0,128.0,,
train,,,,,,,55.927823066711426,3.0,455.0,1393.0,2.170210599899292,0.999999463558197,0.00010000023057671326,0.0001,False,128.0,128.0,,
train,,,,,,,55.96261811256409,3.0,456.0,1394.0,2.1802353858947754,0.9999994039535522,9.99989979186559e-05,0.0001,False,128.0,128.0,,
train,,,,,,,55.997429609298706,3.0,457.0,1395.0,2.1918892860412598,0.999999463558197,0.00010000037292769215,0.0001,False,128.0,128.0,,
train,,,,,,,56.0321741104126,3.0,458.0,1396.0,2.1939194202423096,0.9999994039535522,0.00010000089604975282,0.0001,False,128.0,128.0,,
train,,,,,,,56.071829080581665,3.0,459.0,1397.0,2.2026917934417725,0.9999993443489075,0.00010000115617537407,0.0001,False,128.0,128.0,,
train,,,,,,,56.11613607406616,3.0,460.0,1398.0,2.1822760105133057,0.9999994039535522,9.999985197130248e-05,0.0001,False,128.0,128.0,,
train,,,,,,,56.15250205993652,3.0,461.0,1399.0,2.1508877277374268,0.9999995231628418,0.000100000594082182,0.0001,False,128.0,128.0,,
train,,,,,,,56.187599658966064,3.0,462.0,1400.0,2.1798737049102783,0.9999994039535522,0.00010000135886875811,0.0001,False,128.0,128.0,,
train,,,,,,,56.2228057384491,3.0,463.0,1401.0,2.1858856678009033,0.999999463558197,0.00010000097731211287,0.0001,False,128.0,128.0,,
train,,,,,,,56.25892353057861,3.0,464.0,1402.0,2.1682028770446777,0.999999463558197,0.00010000100972293061,0.0001,False,128.0,128.0,,
train,,,,,,,56.30882263183594,3.0,465.0,1403.0,2.151370048522949,0.999999463558197,9.999995083979608e-05,0.0001,False,128.0,128.0,,
train,,,,,,,56.34625482559204,3.0,466.0,1404.0,2.204242467880249,0.9999995827674866,0.00010000023071765922,0.0001,False,128.0,128.0,,
train,,,,,,,56.380091190338135,3.0,467.0,1405.0,2.1678404808044434,0.999999463558197,9.999832288967747e-05,0.0001,False,128.0,128.0,,
train,,,,,,,56.415432929992676,3.0,468.0,1406.0,2.188418388366699,0.9999993443489075,0.00010000158504951764,0.0001,False,128.0,128.0,,
train,,,,,,,56.445552349090576,3.0,469.0,1407.0,2.155933141708374,0.999999463558197,0.00010000062324487452,0.0001,False,128.0,128.0,,
eval,,,,,,,58.52651238441467,3.0,,1407.0,,,,,False,128.0,128.0,2.1856857452392577,0.2707
train,,,,,,,58.566272020339966,4.0,1.0,1408.0,2.179333209991455,0.9999994039535522,0.00010000053688216724,0.0001,False,128.0,128.0,,
train,,,,,,,58.60904788970947,4.0,2.0,1409.0,2.1604554653167725,0.999999463558197,9.999912810436738e-05,0.0001,False,128.0,128.0,,
train,,,,,,,58.67015194892883,4.0,3.0,1410.0,2.179626226425171,0.999999463558197,0.00010000102490811177,0.0001,False,128.0,128.0,,
train,,,,,,,58.706871509552,4.0,4.0,1411.0,2.1735148429870605,0.9999996423721313,0.0001000008861640855,0.0001,False,128.0,128.0,,
train,,,,,,,58.743016481399536,4.0,5.0,1412.0,2.188082456588745,0.9999995231628418,9.99995523619818e-05,0.0001,False,128.0,128.0,,
train,,,,,,,58.77688026428223,4.0,6.0,1413.0,2.190399646759033,0.9999995231628418,9.999930766483036e-05,0.0001,False,128.0,128.0,,
train,,,,,,,58.81566333770752,4.0,7.0,1414.0,2.1308839321136475,0.9999994039535522,0.00010000104068525883,0.0001,False,128.0,128.0,,
train,,,,,,,58.851927518844604,4.0,8.0,1415.0,2.173144578933716,0.9999995231628418,0.0001000007909892801,0.0001,False,128.0,128.0,,
train,,,,,,,58.89225697517395,4.0,9.0,1416.0,2.181579113006592,0.9999995827674866,0.00010000005533302983,0.0001,False,128.0,128.0,,
train,,,,,,,58.92734479904175,4.0,10.0,1417.0,2.15229868888855,0.9999994039535522,0.00010000068644911049,0.0001,False,128.0,128.0,,
train,,,,,,,58.96344447135925,4.0,11.0,1418.0,2.1915318965911865,0.999999463558197,0.00010000039131785912,0.0001,False,128.0,128.0,,
train,,,,,,,59.006004095077515,4.0,12.0,1419.0,2.1799211502075195,0.9999994039535522,0.0001000009922631136,0.0001,False,128.0,128.0,,
train,,,,,,,59.040698528289795,4.0,13.0,1420.0,2.17134428024292,0.9999995231628418,9.999996000347692e-05,0.0001,False,128.0,128.0,,
train,,,,,,,59.07732534408569,4.0,14.0,1421.0,2.1925714015960693,0.9999994039535522,0.00010000010120125104,0.0001,False,128.0,128.0,,
train,,,,,,,59.11555075645447,4.0,15.0,1422.0,2.157747268676758,0.999999463558197,9.999828326792092e-05,0.0001,False,128.0,128.0,,
train,,,,,,,59.15001702308655,4.0,16.0,1423.0,2.178257942199707,0.999999463558197,9.999914204299107e-05,0.0001,False,128.0,128.0,,
train,,,,,,,59.18717551231384,4.0,17.0,1424.0,2.169724941253662,0.9999995231628418,0.00010000076699607293,0.0001,False,128.0,128.0,,
train,,,,,,,59.225228786468506,4.0,18.0,1425.0,2.179619550704956,0.9999995231628418,9.99998596366229e-05,0.0001,False,128.0,128.0,,
train,,,,,,,59.26113724708557,4.0,19.0,1426.0,2.2249538898468018,0.9999994039535522,9.999912602918632e-05,0.0001,False,128.0,128.0,,
train,,,,,,,59.297935247421265,4.0,20.0,1427.0,2.1970834732055664,0.9999995827674866,9.999909498169673e-05,0.0001,False,128.0,128.0,,
train,,,,,,,59.331554889678955,4.0,21.0,1428.0,2.17981219291687,0.9999994039535522,0.00010000066349887381,0.0001,False,128.0,128.0,,
train,,,,,,,59.365450859069824,4.0,22.0,1429.0,2.1944735050201416,0.999999463558197,0.00010000090915547038,0.0001,False,128.0,128.0,,
train,,,,,,,59.40286183357239,4.0,23.0,1430.0,2.210078001022339,0.999999463558197,0.00010000068047736573,0.0001,False,128.0,128.0,,
train,,,,,,,59.43833827972412,4.0,24.0,1431.0,2.17291259765625,0.9999995231628418,0.00010000070127655651,0.0001,False,128.0,128.0,,
train,,,,,,,59.47552728652954,4.0,25.0,1432.0,2.17193341255188,0.9999993443489075,0.00010000058471256205,0.0001,False,128.0,128.0,,
train,,,,,,,59.508363008499146,4.0,26.0,1433.0,2.1878135204315186,0.9999994039535522,0.00010000075371252892,0.0001,False,128.0,128.0,,
train,,,,,,,59.544273376464844,4.0,27.0,1434.0,2.1589410305023193,0.9999994039535522,0.00010000064919183585,0.0001,False,128.0,128.0,,
train,,,,,,,59.58168983459473,4.0,28.0,1435.0,2.211107015609741,0.999999463558197,9.999945971428011e-05,0.0001,False,128.0,128.0,,
train,,,,,,,59.61649179458618,4.0,29.0,1436.0,2.1925299167633057,0.999999463558197,0.0001000002394107718,0.0001,False,128.0,128.0,,
train,,,,,,,59.653778076171875,4.0,30.0,1437.0,2.1881656646728516,0.9999994039535522,0.00010000080066679167,0.0001,False,128.0,128.0,,
train,,,,,,,59.699257135391235,4.0,31.0,1438.0,2.1923704147338867,0.999999463558197,0.00010000110265325411,0.0001,False,128.0,128.0,,
train,,,,,,,59.73684048652649,4.0,32.0,1439.0,2.177372694015503,0.9999995231628418,0.00010000012559794065,0.0001,False,128.0,128.0,,
train,,,,,,,59.769803285598755,4.0,33.0,1440.0,2.1902291774749756,0.9999995231628418,9.999980495371042e-05,0.0001,False,128.0,128.0,,
train,,,,,,,59.808061838150024,4.0,34.0,1441.0,2.182459831237793,0.999999463558197,9.999997652021806e-05,0.0001,False,128.0,128.0,,
train,,,,,,,59.84295892715454,4.0,35.0,1442.0,2.141767978668213,0.9999995231628418,0.00010000104549039274,0.0001,False,128.0,128.0,,
train,,,,,,,59.88184213638306,4.0,36.0,1443.0,2.1646578311920166,0.999999463558197,0.00010000020914208343,0.0001,False,128.0,128.0,,
train,,,,,,,59.91856622695923,4.0,37.0,1444.0,2.183436155319214,0.9999994039535522,0.0001000002786284312,0.0001,False,128.0,128.0,,
train,,,,,,,59.9560387134552,4.0,38.0,1445.0,2.176265001296997,0.9999994039535522,0.00010000024485562192,0.0001,False,128.0,128.0,,
train,,,,,,,59.98893356323242,4.0,39.0,1446.0,2.17433762550354,0.999999463558197,0.00010000031597041141,0.0001,False,128.0,128.0,,
train,,,,,,,60.02784252166748,4.0,40.0,1447.0,2.1872527599334717,0.9999993443489075,0.00010000009189013177,0.0001,False,128.0,128.0,,
train,,,,,,,60.06664037704468,4.0,41.0,1448.0,2.213550090789795,0.9999995231628418,0.0001000017464910371,0.0001,False,128.0,128.0,,
train,,,,,,,60.10417628288269,4.0,42.0,1449.0,2.1862387657165527,0.9999993443489075,9.999890405178394e-05,0.0001,False,128.0,128.0,,
train,,,,,,,60.13537526130676,4.0,43.0,1450.0,2.1782050132751465,0.9999994039535522,9.999985071796291e-05,0.0001,False,128.0,128.0,,
train,,,,,,,60.168877363204956,4.0,44.0,1451.0,2.169175863265991,0.999999463558197,9.999919652026598e-05,0.0001,False,128.0,128.0,,
train,,,,,,,60.204442501068115,4.0,45.0,1452.0,2.1830523014068604,0.999999463558197,9.999875899684876e-05,0.0001,False,128.0,128.0,,
train,,,,,,,60.24358010292053,4.0,46.0,1453.0,2.2006330490112305,0.9999994039535522,0.00010000001006543552,0.0001,False,128.0,128.0,,
train,,,,,,,60.280118465423584,4.0,47.0,1454.0,2.1600897312164307,0.9999994039535522,9.99988093239571e-05,0.0001,False,128.0,128.0,,
train,,,,,,,60.3166606426239,4.0,48.0,1455.0,2.1778595447540283,0.999999463558197,0.00010000065095256872,0.0001,False,128.0,128.0,,
train,,,,,,,60.352288484573364,4.0,49.0,1456.0,2.1923019886016846,0.9999995827674866,9.999989551942193e-05,0.0001,False,128.0,128.0,,
train,,,,,,,60.38589906692505,4.0,50.0,1457.0,2.190504312515259,0.9999992847442627,9.999989753170324e-05,0.0001,False,128.0,128.0,,
train,,,,,,,60.42243432998657,4.0,51.0,1458.0,2.1847686767578125,0.999999463558197,0.00010000061504402007,0.0001,False,128.0,128.0,,
train,,,,,,,60.46187782287598,4.0,52.0,1459.0,2.1733734607696533,0.999999463558197,0.00010000127209903129,0.0001,False,128.0,128.0,,
train,,,,,,,60.497029066085815,4.0,53.0,1460.0,2.146702289581299,0.9999995231628418,9.99998785950069e-05,0.0001,False,128.0,128.0,,
train,,,,,,,60.535635232925415,4.0,54.0,1461.0,2.177300453186035,0.9999994039535522,0.00010000146488488652,0.0001,False,128.0,128.0,,
train,,,,,,,60.5709502696991,4.0,55.0,1462.0,2.141894578933716,0.999999463558197,0.00010000028301510088,0.0001,False,128.0,128.0,,
train,,,,,,,60.60668230056763,4.0,56.0,1463.0,2.193171739578247,0.999999463558197,0.0001000000316714119,0.0001,False,128.0,128.0,,
train,,,,,,,60.643800258636475,4.0,57.0,1464.0,2.215691328048706,0.9999993443489075,0.00010000185292741722,0.0001,False,128.0,128.0,,
train,,,,,,,60.68411374092102,4.0,58.0,1465.0,2.1867828369140625,0.9999995827674866,0.00010000092771250433,0.0001,False,128.0,128.0,,
train,,,,,,,60.72393608093262,4.0,59.0,1466.0,2.1953094005584717,0.999999463558197,9.999954341944185e-05,0.0001,False,128.0,128.0,,
train,,,,,,,60.759084701538086,4.0,60.0,1467.0,2.201155424118042,0.9999995231628418,9.999926868965321e-05,0.0001,False,128.0,128.0,,
train,,,,,,,60.791192293167114,4.0,61.0,1468.0,2.15372633934021,0.9999995231628418,9.99998130483793e-05,0.0001,False,128.0,128.0,,
train,,,,,,,60.82288670539856,4.0,62.0,1469.0,2.1671855449676514,0.9999994039535522,0.00010000070256024287,0.0001,False,128.0,128.0,,
train,,,,,,,60.859458446502686,4.0,63.0,1470.0,2.191051959991455,0.999999463558197,0.00010000042616831131,0.0001,False,128.0,128.0,,
train,,,,,,,60.89896202087402,4.0,64.0,1471.0,2.1780691146850586,0.9999993443489075,9.999974529860433e-05,0.0001,False,128.0,128.0,,
train,,,,,,,60.941835165023804,4.0,65.0,1472.0,2.194929838180542,0.999999463558197,9.999910232398002e-05,0.0001,False,128.0,128.0,,
train,,,,,,,60.9897027015686,4.0,66.0,1473.0,2.1733458042144775,0.999999463558197,0.0001000003852593609,0.0001,False,128.0,128.0,,
train,,,,,,,61.02547025680542,4.0,67.0,1474.0,2.153341293334961,0.999999463558197,9.999982070719748e-05,0.0001,False,128.0,128.0,,
train,,,,,,,61.064544916152954,4.0,68.0,1475.0,2.1873326301574707,0.9999994039535522,0.00010000027166353561,0.0001,False,128.0,128.0,,
train,,,,,,,61.10093283653259,4.0,69.0,1476.0,2.181455373764038,0.9999994039535522,0.0001000010366564054,0.0001,False,128.0,128.0,,
train,,,,,,,61.13530087471008,4.0,70.0,1477.0,2.167447090148926,0.9999995231628418,0.00010000048867444904,0.0001,False,128.0,128.0,,
train,,,,,,,61.16962242126465,4.0,71.0,1478.0,2.174938917160034,0.9999993443489075,0.00010000046343434262,0.0001,False,128.0,128.0,,
train,,,,,,,61.20527386665344,4.0,72.0,1479.0,2.1724064350128174,0.9999993443489075,0.00010000085888796523,0.0001,False,128.0,128.0,,
train,,,,,,,61.24157691001892,4.0,73.0,1480.0,2.188256025314331,0.999999463558197,0.0001000026053035855,0.0001,False,128.0,128.0,,
train,,,,,,,61.28064966201782,4.0,74.0,1481.0,2.194291114807129,0.9999994039535522,0.00010000074245425777,0.0001,False,128.0,128.0,,
train,,,,,,,61.317065715789795,4.0,75.0,1482.0,2.15327525138855,0.9999994039535522,0.00010000129021798585,0.0001,False,128.0,128.0,,
train,,,,,,,61.35807490348816,4.0,76.0,1483.0,2.1943359375,0.9999994039535522,0.00010000195002671747,0.0001,False,128.0,128.0,,
train,,,,,,,61.40121603012085,4.0,77.0,1484.0,2.1419215202331543,0.999999463558197,0.00010000044243127326,0.0001,False,128.0,128.0,,
train,,,,,,,61.438961029052734,4.0,78.0,1485.0,2.1714468002319336,0.9999995231628418,0.00010000084451156687,0.0001,False,128.0,128.0,,
train,,,,,,,61.47496795654297,4.0,79.0,1486.0,2.1822869777679443,0.9999994039535522,9.999827351860714e-05,0.0001,False,128.0,128.0,,
train,,,,,,,61.50935888290405,4.0,80.0,1487.0,2.209651231765747,0.999999463558197,0.00010000336541069992,0.0001,False,128.0,128.0,,
train,,,,,,,61.5455756187439,4.0,81.0,1488.0,2.153705358505249,0.999999463558197,0.00010000099841915226,0.0001,False,128.0,128.0,,
train,,,,,,,61.58432745933533,4.0,82.0,1489.0,2.207603931427002,0.9999995231628418,9.999808354991587e-05,0.0001,False,128.0,128.0,,
train,,,,,,,61.62074565887451,4.0,83.0,1490.0,2.199126958847046,0.9999994039535522,0.00010000008839249872,0.0001,False,128.0,128.0,,
train,,,,,,,61.65776705741882,4.0,84.0,1491.0,2.1675798892974854,0.9999994039535522,9.999924753454348e-05,0.0001,False,128.0,128.0,,
train,,,,,,,61.69598603248596,4.0,85.0,1492.0,2.168346881866455,0.9999995231628418,0.00010000008680305971,0.0001,False,128.0,128.0,,
train,,,,,,,61.74529695510864,4.0,86.0,1493.0,2.1858747005462646,0.9999994039535522,0.00010000105473637177,0.0001,False,128.0,128.0,,
train,,,,,,,61.78219175338745,4.0,87.0,1494.0,2.1758017539978027,0.9999994039535522,0.00010000033850873242,0.0001,False,128.0,128.0,,
train,,,,,,,61.81601428985596,4.0,88.0,1495.0,2.152967691421509,0.9999995231628418,0.00010000139930460469,0.0001,False,128.0,128.0,,
train,,,,,,,61.8554904460907,4.0,89.0,1496.0,2.1747074127197266,0.9999995827674866,9.999794083571543e-05,0.0001,False,128.0,128.0,,
train,,,,,,,61.910319566726685,4.0,90.0,1497.0,2.1506824493408203,0.9999994039535522,9.999843449492175e-05,0.0001,False,128.0,128.0,,
train,,,,,,,61.94499683380127,4.0,91.0,1498.0,2.1869568824768066,0.999999463558197,0.00010000194491805632,0.0001,False,128.0,128.0,,
train,,,,,,,61.979506731033325,4.0,92.0,1499.0,2.162842273712158,0.999999463558197,0.00010000015952908347,0.0001,False,128.0,128.0,,
train,,,,,,,62.0158269405365,4.0,93.0,1500.0,2.165825128555298,0.9999993443489075,0.00010000097013476438,0.0001,False,128.0,128.0,,
train,,,,,,,62.051254749298096,4.0,94.0,1501.0,2.1501243114471436,0.9999993443489075,0.00010000169589002424,0.0001,False,128.0,128.0,,
train,,,,,,,62.09730911254883,4.0,95.0,1502.0,2.154074192047119,0.999999463558197,9.99998561042872e-05,0.0001,False,128.0,128.0,,
train,,,,,,,62.13562512397766,4.0,96.0,1503.0,2.182218313217163,0.999999463558197,9.999993372023389e-05,0.0001,False,128.0,128.0,,
train,,,,,,,62.17082619667053,4.0,97.0,1504.0,2.150899648666382,0.9999994039535522,9.999994344553334e-05,0.0001,False,128.0,128.0,,
train,,,,,,,62.20590949058533,4.0,98.0,1505.0,2.1674821376800537,0.999999463558197,0.00010000013640742216,0.0001,False,128.0,128.0,,
train,,,,,,,62.24329948425293,4.0,99.0,1506.0,2.1700520515441895,0.9999994039535522,9.999933321314396e-05,0.0001,False,128.0,128.0,,
train,,,,,,,62.28005361557007,4.0,100.0,1507.0,2.18988037109375,0.999999463558197,9.99986456268616e-05,0.0001,False,128.0,128.0,,
train,,,,,,,62.314924240112305,4.0,101.0,1508.0,2.1757538318634033,0.9999994039535522,9.999882044583479e-05,0.0001,False,128.0,128.0,,
train,,,,,,,62.355223178863525,4.0,102.0,1509.0,2.1807966232299805,0.9999995231628418,9.99999377296161e-05,0.0001,False,128.0,128.0,,
train,,,,,,,62.39474391937256,4.0,103.0,1510.0,2.1834146976470947,0.999999463558197,0.00010000014826207184,0.0001,False,128.0,128.0,,
train,,,,,,,62.43106698989868,4.0,104.0,1511.0,2.1875786781311035,0.9999994039535522,0.00010000015970689234,0.0001,False,128.0,128.0,,
train,,,,,,,62.464497566223145,4.0,105.0,1512.0,2.1717212200164795,0.999999463558197,0.0001000011599635326,0.0001,False,128.0,128.0,,
train,,,,,,,62.503344774246216,4.0,106.0,1513.0,2.159045696258545,0.999999463558197,0.00010000028582100812,0.0001,False,128.0,128.0,,
train,,,,,,,62.5373592376709,4.0,107.0,1514.0,2.1631979942321777,0.999999463558197,0.00010000016621209478,0.0001,False,128.0,128.0,,
train,,,,,,,62.577099323272705,4.0,108.0,1515.0,2.124368906021118,0.9999993443489075,9.999909162931322e-05,0.0001,False,128.0,128.0,,
train,,,,,,,62.61233162879944,4.0,109.0,1516.0,2.1664342880249023,0.9999995231628418,9.999864911587139e-05,0.0001,False,128.0,128.0,,
train,,,,,,,62.647472620010376,4.0,110.0,1517.0,2.17559552192688,0.9999994039535522,9.999982597209252e-05,0.0001,False,128.0,128.0,,
train,,,,,,,62.682026386260986,4.0,111.0,1518.0,2.1694748401641846,0.9999993443489075,0.00010000154960533575,0.0001,False,128.0,128.0,,
train,,,,,,,62.71640968322754,4.0,112.0,1519.0,2.1839725971221924,0.999999463558197,9.999918337529237e-05,0.0001,False,128.0,128.0,,
train,,,,,,,62.75664687156677,4.0,113.0,1520.0,2.191486358642578,0.9999994039535522,0.00010000115322637821,0.0001,False,128.0,128.0,,
train,,,,,,,62.790770292282104,4.0,114.0,1521.0,2.1860687732696533,0.999999463558197,0.00010000058253766518,0.0001,False,128.0,128.0,,
train,,,,,,,62.826770544052124,4.0,115.0,1522.0,2.152761697769165,0.999999463558197,9.999943474713448e-05,0.0001,False,128.0,128.0,,
train,,,,,,,62.86267566680908,4.0,116.0,1523.0,2.197188138961792,0.9999995231628418,0.00010000168953670705,0.0001,False,128.0,128.0,,
train,,,,,,,62.90210485458374,4.0,117.0,1524.0,2.154393196105957,0.999999463558197,9.999799242310376e-05,0.0001,False,128.0,128.0,,
train,,,,,,,62.94152879714966,4.0,118.0,1525.0,2.170938491821289,0.9999995231628418,0.00010000201393700045,0.0001,False,128.0,128.0,,
train,,,,,,,62.97852635383606,4.0,119.0,1526.0,2.196434736251831,0.999999463558197,9.999985362796584e-05,0.0001,False,128.0,128.0,,
train,,,,,,,63.01485824584961,4.0,120.0,1527.0,2.1734864711761475,0.9999995827674866,0.00010000121916677215,0.0001,False,128.0,128.0,,
train,,,,,,,63.04830002784729,4.0,121.0,1528.0,2.1642277240753174,0.999999463558197,0.0001000007332776383,0.0001,False,128.0,128.0,,
train,,,,,,,63.08754801750183,4.0,122.0,1529.0,2.1909537315368652,0.9999994039535522,9.999811787640861e-05,0.0001,False,128.0,128.0,,
train,,,,,,,63.121461629867554,4.0,123.0,1530.0,2.1550886631011963,0.9999995231628418,0.00010000064464255295,0.0001,False,128.0,128.0,,
train,,,,,,,63.15603280067444,4.0,124.0,1531.0,2.1648449897766113,0.9999994039535522,0.00010000021821466783,0.0001,False,128.0,128.0,,
train,,,,,,,63.19542217254639,4.0,125.0,1532.0,2.153270959854126,0.9999995827674866,9.999995897998966e-05,0.0001,False,128.0,128.0,,
train,,,,,,,63.23145365715027,4.0,126.0,1533.0,2.1279022693634033,0.9999995231628418,9.999894442790719e-05,0.0001,False,128.0,128.0,,
train,,,,,,,63.27452373504639,4.0,127.0,1534.0,2.1587257385253906,0.999999463558197,0.00010000065637354414,0.0001,False,128.0,128.0,,
train,,,,,,,63.30862355232239,4.0,128.0,1535.0,2.182194948196411,0.9999994039535522,0.00010000115351477266,0.0001,False,128.0,128.0,,
train,,,,,,,63.34772491455078,4.0,129.0,1536.0,2.1535329818725586,0.9999994039535522,0.00010000102147122604,0.0001,False,128.0,128.0,,
train,,,,,,,63.382781982421875,4.0,130.0,1537.0,2.1947832107543945,0.999999463558197,9.999923283698716e-05,0.0001,False,128.0,128.0,,
train,,,,,,,63.41711235046387,4.0,131.0,1538.0,2.145052433013916,0.9999995231628418,0.00010000204514837914,0.0001,False,128.0,128.0,,
train,,,,,,,63.45565414428711,4.0,132.0,1539.0,2.181821346282959,0.9999994039535522,0.00010000058057093388,0.0001,False,128.0,128.0,,
train,,,,,,,63.49419903755188,4.0,133.0,1540.0,2.178492546081543,0.999999463558197,0.00010000053621863906,0.0001,False,128.0,128.0,,
train,,,,,,,63.53006362915039,4.0,134.0,1541.0,2.1793107986450195,0.9999994039535522,0.0001000000519112896,0.0001,False,128.0,128.0,,
train,,,,,,,63.56688189506531,4.0,135.0,1542.0,2.208310604095459,0.999999463558197,9.999910070633585e-05,0.0001,False,128.0,128.0,,
train,,,,,,,63.60367822647095,4.0,136.0,1543.0,2.175002098083496,0.9999994039535522,0.0001000020137461847,0.0001,False,128.0,128.0,,
train,,,,,,,63.638465881347656,4.0,137.0,1544.0,2.168398141860962,0.9999994039535522,0.0001000011642872806,0.0001,False,128.0,128.0,,
train,,,,,,,63.67501616477966,4.0,138.0,1545.0,2.185786724090576,0.999999463558197,0.00010000040812292562,0.0001,False,128.0,128.0,,
train,,,,,,,63.712130308151245,4.0,139.0,1546.0,2.155019998550415,0.999999463558197,9.999977694870976e-05,0.0001,False,128.0,128.0,,
train,,,,,,,63.7480993270874,4.0,140.0,1547.0,2.1495132446289062,0.9999994039535522,0.00010000099898510015,0.0001,False,128.0,128.0,,
train,,,,,,,63.78877782821655,4.0,141.0,1548.0,2.1345572471618652,0.999999463558197,0.00010000076274603292,0.0001,False,128.0,128.0,,
train,,,,,,,63.82366418838501,4.0,142.0,1549.0,2.186682939529419,0.999999463558197,0.00010000054050338298,0.0001,False,128.0,128.0,,
train,,,,,,,63.85725545883179,4.0,143.0,1550.0,2.1842002868652344,0.999999463558197,9.999951143966345e-05,0.0001,False,128.0,128.0,,
train,,,,,,,63.90050768852234,4.0,144.0,1551.0,2.198451280593872,0.9999993443489075,0.00010000072733625378,0.0001,False,128.0,128.0,,
train,,,,,,,63.93456292152405,4.0,145.0,1552.0,2.158445358276367,0.9999994039535522,9.999821730824345e-05,0.0001,False,128.0,128.0,,
train,,,,,,,63.96822261810303,4.0,146.0,1553.0,2.1746878623962402,0.999999463558197,0.0001000005811173686,0.0001,False,128.0,128.0,,
train,,,,,,,64.00278997421265,4.0,147.0,1554.0,2.1786093711853027,0.999999463558197,0.00010000094461288958,0.0001,False,128.0,128.0,,
train,,,,,,,64.03856372833252,4.0,148.0,1555.0,2.202942371368408,0.999999463558197,0.00010000041373039622,0.0001,False,128.0,128.0,,
train,,,,,,,64.07615160942078,4.0,149.0,1556.0,2.1809773445129395,0.9999995231628418,0.00010000098063407582,0.0001,False,128.0,128.0,,
train,,,,,,,64.11424279212952,4.0,150.0,1557.0,2.1524343490600586,0.9999994039535522,0.00010000143567256685,0.0001,False,128.0,128.0,,
train,,,,,,,64.14768671989441,4.0,151.0,1558.0,2.193652391433716,0.999999463558197,0.00010000030544067262,0.0001,False,128.0,128.0,,
train,,,,,,,64.18352127075195,4.0,152.0,1559.0,2.1599605083465576,0.9999995231628418,0.00010000083129742152,0.0001,False,128.0,128.0,,
train,,,,,,,64.21862149238586,4.0,153.0,1560.0,2.1636276245117188,0.9999994039535522,0.0001000002358892915,0.0001,False,128.0,128.0,,
train,,,,,,,64.25448894500732,4.0,154.0,1561.0,2.1621670722961426,0.999999463558197,9.999918080354377e-05,0.0001,False,128.0,128.0,,
train,,,,,,,64.30244660377502,4.0,155.0,1562.0,2.204190731048584,0.9999993443489075,9.999978644634152e-05,0.0001,False,128.0,128.0,,
train,,,,,,,64.34368968009949,4.0,156.0,1563.0,2.2098560333251953,0.9999993443489075,0.00010000115254767548,0.0001,False,128.0,128.0,,
train,,,,,,,64.3787944316864,4.0,157.0,1564.0,2.1734652519226074,0.9999993443489075,0.00010000002907366428,0.0001,False,128.0,128.0,,
train,,,,,,,64.41403341293335,4.0,158.0,1565.0,2.1277291774749756,0.999999463558197,0.00010000146297455026,0.0001,False,128.0,128.0,,
train,,,,,,,64.45009469985962,4.0,159.0,1566.0,2.1691195964813232,0.999999463558197,0.00010000047490514779,0.0001,False,128.0,128.0,,
train,,,,,,,64.48798084259033,4.0,160.0,1567.0,2.1566240787506104,0.9999994039535522,9.99992010956358e-05,0.0001,False,128.0,128.0,,
train,,,,,,,64.52386212348938,4.0,161.0,1568.0,2.182534694671631,0.9999994039535522,0.00010000011631284448,0.0001,False,128.0,128.0,,
train,,,,,,,64.55841612815857,4.0,162.0,1569.0,2.186826229095459,0.999999463558197,0.00010000085299862944,0.0001,False,128.0,128.0,,
train,,,,,,,64.59656238555908,4.0,163.0,1570.0,2.1685566902160645,0.999999463558197,9.999994950622674e-05,0.0001,False,128.0,128.0,,
train,,,,,,,64.6342442035675,4.0,164.0,1571.0,2.1440634727478027,0.9999995231628418,0.00010000035081872145,0.0001,False,128.0,128.0,,
train,,,,,,,64.66907119750977,4.0,165.0,1572.0,2.163060188293457,0.9999994039535522,0.00010000027944808576,0.0001,False,128.0,128.0,,
train,,,,,,,64.70495653152466,4.0,166.0,1573.0,2.1821787357330322,0.9999994039535522,0.00010000004984696972,0.0001,False,128.0,128.0,,
train,,,,,,,64.74143481254578,4.0,167.0,1574.0,2.1692216396331787,0.9999994039535522,9.999983592508529e-05,0.0001,False,128.0,128.0,,
train,,,,,,,64.78321862220764,4.0,168.0,1575.0,2.173611879348755,0.9999995231628418,9.99984116265689e-05,0.0001,False,128.0,128.0,,
train,,,,,,,64.81934142112732,4.0,169.0,1576.0,2.1738877296447754,0.9999994039535522,0.00010000066761014108,0.0001,False,128.0,128.0,,
train,,,,,,,64.85578942298889,4.0,170.0,1577.0,2.169717788696289,0.9999994039535522,0.00010000014839868111,0.0001,False,128.0,128.0,,
train,,,,,,,64.89085817337036,4.0,171.0,1578.0,2.1856071949005127,0.9999994039535522,0.00010000118856445004,0.0001,False,128.0,128.0,,
train,,,,,,,64.92806363105774,4.0,172.0,1579.0,2.172738552093506,0.9999995231628418,9.99988652932924e-05,0.0001,False,128.0,128.0,,
train,,,,,,,64.96515464782715,4.0,173.0,1580.0,2.153806209564209,0.9999993443489075,0.00010000013997877917,0.0001,False,128.0,128.0,,
train,,,,,,,65.00287008285522,4.0,174.0,1581.0,2.1685736179351807,0.9999995827674866,0.0001000019841675723,0.0001,False,128.0,128.0,,
train,,,,,,,65.03550744056702,4.0,175.0,1582.0,2.154585599899292,0.9999995231628418,0.00010000089177152928,0.0001,False,128.0,128.0,,
train,,,,,,,65.06794047355652,4.0,176.0,1583.0,2.1801156997680664,0.9999994039535522,0.00010000105094604088,0.0001,False,128.0,128.0,,
train,,,,,,,65.10419487953186,4.0,177.0,1584.0,2.1706669330596924,0.999999463558197,0.00010000185393353819,0.0001,False,128.0,128.0,,
train,,,,,,,65.14279866218567,4.0,178.0,1585.0,2.1726739406585693,0.999999463558197,9.999959897853622e-05,0.0001,False,128.0,128.0,,
train,,,,,,,65.17839026451111,4.0,179.0,1586.0,2.1405460834503174,0.9999994039535522,9.999970267633089e-05,0.0001,False,128.0,128.0,,
train,,,,,,,65.21181297302246,4.0,180.0,1587.0,2.160723924636841,0.9999994039535522,9.999984481989411e-05,0.0001,False,128.0,128.0,,
train,,,,,,,65.248770236969,4.0,181.0,1588.0,2.161273717880249,0.9999994039535522,0.00010000043661997517,0.0001,False,128.0,128.0,,
train,,,,,,,65.28512215614319,4.0,182.0,1589.0,2.133969306945801,0.999999463558197,0.0001000015737327941,0.0001,False,128.0,128.0,,
train,,,,,,,65.32825779914856,4.0,183.0,1590.0,2.143569231033325,0.9999995231628418,9.999982658792043e-05,0.0001,False,128.0,128.0,,
train,,,,,,,65.36544871330261,4.0,184.0,1591.0,2.1632742881774902,0.9999995231628418,0.00010000029800740496,0.0001,False,128.0,128.0,,
train,,,,,,,65.4019820690155,4.0,185.0,1592.0,2.1884922981262207,0.9999995231628418,0.00010000031620459833,0.0001,False,128.0,128.0,,
train,,,,,,,65.44051432609558,4.0,186.0,1593.0,2.1751298904418945,0.999999463558197,0.00010000104585251248,0.0001,False,128.0,128.0,,
train,,,,,,,65.4817864894867,4.0,187.0,1594.0,2.1765260696411133,0.9999995231628418,9.999899821573028e-05,0.0001,False,128.0,128.0,,
train,,,,,,,65.51821827888489,4.0,188.0,1595.0,2.1893324851989746,0.9999993443489075,9.99984953109236e-05,0.0001,False,128.0,128.0,,
train,,,,,,,65.55867910385132,4.0,189.0,1596.0,2.1575334072113037,0.9999994039535522,9.999977943587506e-05,0.0001,False,128.0,128.0,,
train,,,,,,,65.60929584503174,4.0,190.0,1597.0,2.155020236968994,0.9999995231628418,0.00010000183206992013,0.0001,False,128.0,128.0,,
train,,,,,,,65.65018963813782,4.0,191.0,1598.0,2.146263599395752,0.9999994039535522,0.00010000333124212833,0.0001,False,128.0,128.0,,
train,,,,,,,65.68641901016235,4.0,192.0,1599.0,2.1420986652374268,0.9999992847442627,0.0001000024054554376,0.0001,False,128.0,128.0,,
train,,,,,,,65.72225737571716,4.0,193.0,1600.0,2.188272714614868,0.999999463558197,9.999972305939025e-05,0.0001,False,128.0,128.0,,
train,,,,,,,65.75371479988098,4.0,194.0,1601.0,2.136770248413086,0.999999463558197,9.999915856420415e-05,0.0001,False,128.0,128.0,,
train,,,,,,,65.78964877128601,4.0,195.0,1602.0,2.164149761199951,0.999999463558197,9.999940043844112e-05,0.0001,False,128.0,128.0,,
train,,,,,,,65.82666087150574,4.0,196.0,1603.0,2.1619150638580322,0.9999994039535522,0.00010000012638940725,0.0001,False,128.0,128.0,,
train,,,,,,,65.86317920684814,4.0,197.0,1604.0,2.153595209121704,0.999999463558197,0.00010000025615731706,0.0001,False,128.0,128.0,,
train,,,,,,,65.9043083190918,4.0,198.0,1605.0,2.1781821250915527,0.999999463558197,0.0001000006091373228,0.0001,False,128.0,128.0,,
train,,,,,,,65.9398684501648,4.0,199.0,1606.0,2.165175676345825,0.9999995231628418,0.00010000063582587733,0.0001,False,128.0,128.0,,
train,,,,,,,65.9769217967987,4.0,200.0,1607.0,2.15191650390625,0.999999463558197,0.00010000081764092355,0.0001,False,128.0,128.0,,
train,,,,,,,66.01379489898682,4.0,201.0,1608.0,2.1636650562286377,0.9999994039535522,0.00010000014980597343,0.0001,False,128.0,128.0,,
train,,,,,,,66.0487310886383,4.0,202.0,1609.0,2.1369714736938477,0.999999463558197,0.00010000091996703557,0.0001,False,128.0,128.0,,
train,,,,,,,66.08427858352661,4.0,203.0,1610.0,2.1708672046661377,0.9999995827674866,0.00010000108437380537,0.0001,False,128.0,128.0,,
train,,,,,,,66.12523913383484,4.0,204.0,1611.0,2.1943533420562744,0.999999463558197,0.00010000175745429738,0.0001,False,128.0,128.0,,
train,,,,,,,66.16086220741272,4.0,205.0,1612.0,2.0898971557617188,0.999999463558197,0.00010000238195917056,0.0001,False,128.0,128.0,,
train,,,,,,,66.19550204277039,4.0,206.0,1613.0,2.161104202270508,0.9999994039535522,9.999970096328635e-05,0.0001,False,128.0,128.0,,
train,,,,,,,66.23008561134338,4.0,207.0,1614.0,2.1702239513397217,0.9999995231628418,0.00010000073679910108,0.0001,False,128.0,128.0,,
train,,,,,,,66.2685034275055,4.0,208.0,1615.0,2.1389737129211426,0.999999463558197,9.999875327869537e-05,0.0001,False,128.0,128.0,,
train,,,,,,,66.31602048873901,4.0,209.0,1616.0,2.1733286380767822,0.9999994039535522,9.999979801263433e-05,0.0001,False,128.0,128.0,,
train,,,,,,,66.35456323623657,4.0,210.0,1617.0,2.113870143890381,0.9999995231628418,0.00010000022425582896,0.0001,False,128.0,128.0,,
train,,,,,,,66.39917135238647,4.0,211.0,1618.0,2.168195962905884,0.9999993443489075,0.00010000085646804674,0.0001,False,128.0,128.0,,
train,,,,,,,66.43577241897583,4.0,212.0,1619.0,2.1283211708068848,0.999999463558197,0.00010000109380192478,0.0001,False,128.0,128.0,,
train,,,,,,,66.47091007232666,4.0,213.0,1620.0,2.139456033706665,0.9999996423721313,0.00010000065621308328,0.0001,False,128.0,128.0,,
train,,,,,,,66.50899410247803,4.0,214.0,1621.0,2.1858057975769043,0.9999993443489075,9.999837164054966e-05,0.0001,False,128.0,128.0,,
train,,,,,,,66.5456702709198,4.0,215.0,1622.0,2.165555953979492,0.9999994039535522,9.999985583106785e-05,0.0001,False,128.0,128.0,,
train,,,,,,,66.58312058448792,4.0,216.0,1623.0,2.1881043910980225,0.9999994039535522,9.999886954124462e-05,0.0001,False,128.0,128.0,,
train,,,,,,,66.61961674690247,4.0,217.0,1624.0,2.182465076446533,0.9999995231628418,0.00010000081164316598,0.0001,False,128.0,128.0,,
train,,,,,,,66.65717220306396,4.0,218.0,1625.0,2.1159000396728516,0.999999463558197,0.00010000024342881535,0.0001,False,128.0,128.0,,
train,,,,,,,66.69521260261536,4.0,219.0,1626.0,2.154517889022827,0.999999463558197,0.00010000031598775859,0.0001,False,128.0,128.0,,
train,,,,,,,66.72969055175781,4.0,220.0,1627.0,2.165653944015503,0.999999463558197,0.00010000065751845413,0.0001,False,128.0,128.0,,
train,,,,,,,66.76378107070923,4.0,221.0,1628.0,2.1503093242645264,0.999999463558197,0.00010000077725688306,0.0001,False,128.0,128.0,,
train,,,,,,,66.80144214630127,4.0,222.0,1629.0,2.141835927963257,0.9999994039535522,0.00010000099215252607,0.0001,False,128.0,128.0,,
train,,,,,,,66.83832597732544,4.0,223.0,1630.0,2.1719954013824463,0.999999463558197,0.00010000035605539943,0.0001,False,128.0,128.0,,
train,,,,,,,66.87609601020813,4.0,224.0,1631.0,2.1371560096740723,0.9999993443489075,0.00010000079040164717,0.0001,False,128.0,128.0,,
train,,,,,,,66.91354560852051,4.0,225.0,1632.0,2.148641586303711,0.9999995231628418,0.00010000006539008311,0.0001,False,128.0,128.0,,
train,,,,,,,66.94941782951355,4.0,226.0,1633.0,2.18501353263855,0.999999463558197,0.00010000082756779697,0.0001,False,128.0,128.0,,
train,,,,,,,66.98722505569458,4.0,227.0,1634.0,2.1236748695373535,0.9999995231628418,9.999891107532234e-05,0.0001,False,128.0,128.0,,
train,,,,,,,67.02261471748352,4.0,228.0,1635.0,2.148588180541992,0.999999463558197,9.999968545047407e-05,0.0001,False,128.0,128.0,,
train,,,,,,,67.05804538726807,4.0,229.0,1636.0,2.148768901824951,0.9999993443489075,0.00010000027547341161,0.0001,False,128.0,128.0,,
train,,,,,,,67.092937707901,4.0,230.0,1637.0,2.151808023452759,0.9999994039535522,0.00010000025286135084,0.0001,False,128.0,128.0,,
train,,,,,,,67.13339447975159,4.0,231.0,1638.0,2.1638386249542236,0.999999463558197,9.999908103005595e-05,0.0001,False,128.0,128.0,,
train,,,,,,,67.16891264915466,4.0,232.0,1639.0,2.192349672317505,0.9999993443489075,0.00010000046255397452,0.0001,False,128.0,128.0,,
train,,,,,,,67.20618796348572,4.0,233.0,1640.0,2.1764700412750244,0.999999463558197,9.999963521704838e-05,0.0001,False,128.0,128.0,,
train,,,,,,,67.24086618423462,4.0,234.0,1641.0,2.154965877532959,0.9999994039535522,9.999971042839918e-05,0.0001,False,128.0,128.0,,
train,,,,,,,67.28331112861633,4.0,235.0,1642.0,2.1698694229125977,0.9999994039535522,0.00010000003857994572,0.0001,False,128.0,128.0,,
train,,,,,,,67.34249353408813,4.0,236.0,1643.0,2.1457912921905518,0.9999995231628418,0.00010000095052824058,0.0001,False,128.0,128.0,,
train,,,,,,,67.37651228904724,4.0,237.0,1644.0,2.1566269397735596,0.9999995231628418,9.999985731859538e-05,0.0001,False,128.0,128.0,,
train,,,,,,,67.41377568244934,4.0,238.0,1645.0,2.1399059295654297,0.9999993443489075,9.999727119040164e-05,0.0001,False,128.0,128.0,,
train,,,,,,,67.44930148124695,4.0,239.0,1646.0,2.1693615913391113,0.9999994039535522,9.999934109751441e-05,0.0001,False,128.0,128.0,,
train,,,,,,,67.48493432998657,4.0,240.0,1647.0,2.173351526260376,0.999999463558197,9.999991682618301e-05,0.0001,False,128.0,128.0,,
train,,,,,,,67.52156019210815,4.0,241.0,1648.0,2.1496407985687256,0.9999994039535522,9.999866597110464e-05,0.0001,False,128.0,128.0,,
train,,,,,,,67.55473113059998,4.0,242.0,1649.0,2.1721136569976807,0.999999463558197,0.00010000086533674416,0.0001,False,128.0,128.0,,
train,,,,,,,67.58982634544373,4.0,243.0,1650.0,2.21771502494812,0.999999463558197,0.00010000169130175834,0.0001,False,128.0,128.0,,
train,,,,,,,67.62767696380615,4.0,244.0,1651.0,2.1656734943389893,0.999999463558197,0.00010000045005534892,0.0001,False,128.0,128.0,,
train,,,,,,,67.66199564933777,4.0,245.0,1652.0,2.1216702461242676,0.999999463558197,0.00010000081065004484,0.0001,False,128.0,128.0,,
train,,,,,,,67.69745540618896,4.0,246.0,1653.0,2.157733917236328,0.999999463558197,0.00010000030486171043,0.0001,False,128.0,128.0,,
train,,,,,,,67.73473048210144,4.0,247.0,1654.0,2.13809871673584,0.9999993443489075,0.00010000109495550327,0.0001,False,128.0,128.0,,
train,,,,,,,67.77343368530273,4.0,248.0,1655.0,2.1536285877227783,0.999999463558197,9.999997127050977e-05,0.0001,False,128.0,128.0,,
train,,,,,,,67.8094961643219,4.0,249.0,1656.0,2.1573431491851807,0.9999994039535522,0.00010000073297840069,0.0001,False,128.0,128.0,,
train,,,,,,,67.84892106056213,4.0,250.0,1657.0,2.1762466430664062,0.9999994039535522,0.00010000007328306945,0.0001,False,128.0,128.0,,
train,,,,,,,67.89525842666626,4.0,251.0,1658.0,2.1818110942840576,0.9999995231628418,0.00010000005361565452,0.0001,False,128.0,128.0,,
train,,,,,,,67.9352433681488,4.0,252.0,1659.0,2.1550192832946777,0.9999993443489075,0.00010000043368830524,0.0001,False,128.0,128.0,,
train,,,,,,,67.96973204612732,4.0,253.0,1660.0,2.1846718788146973,0.9999995231628418,0.00010000003575234751,0.0001,False,128.0,128.0,,
train,,,,,,,68.00328850746155,4.0,254.0,1661.0,2.155012607574463,0.9999994039535522,9.999875672433277e-05,0.0001,False,128.0,128.0,,
train,,,,,,,68.04084491729736,4.0,255.0,1662.0,2.1655261516571045,0.999999463558197,0.0001000012272678317,0.0001,False,128.0,128.0,,
train,,,,,,,68.07767701148987,4.0,256.0,1663.0,2.1424827575683594,0.9999995231628418,9.999999136511659e-05,0.0001,False,128.0,128.0,,
train,,,,,,,68.11693096160889,4.0,257.0,1664.0,2.154102325439453,0.9999994039535522,9.999993205923504e-05,0.0001,False,128.0,128.0,,
train,,,,,,,68.14919900894165,4.0,258.0,1665.0,2.175537347793579,0.9999995231628418,9.999886831391387e-05,0.0001,False,128.0,128.0,,
train,,,,,,,68.18218755722046,4.0,259.0,1666.0,2.125620126724243,0.9999993443489075,9.999871032422895e-05,0.0001,False,128.0,128.0,,
train,,,,,,,68.21825575828552,4.0,260.0,1667.0,2.148730993270874,0.999999463558197,0.00010000016678238417,0.0001,False,128.0,128.0,,
train,,,,,,,68.25296664237976,4.0,261.0,1668.0,2.158104658126831,0.9999993443489075,0.00010000053914813758,0.0001,False,128.0,128.0,,
train,,,,,,,68.29432344436646,4.0,262.0,1669.0,2.157949924468994,0.9999992847442627,0.0001000010081421798,0.0001,False,128.0,128.0,,
train,,,,,,,68.32784724235535,4.0,263.0,1670.0,2.142848014831543,0.9999993443489075,9.999951546857832e-05,0.0001,False,128.0,128.0,,
train,,,,,,,68.36128735542297,4.0,264.0,1671.0,2.1758837699890137,0.9999995827674866,0.0001000005404079737,0.0001,False,128.0,128.0,,
train,,,,,,,68.40116143226624,4.0,265.0,1672.0,2.1660492420196533,0.9999994039535522,0.00010000005573852121,0.0001,False,128.0,128.0,,
train,,,,,,,68.43781757354736,4.0,266.0,1673.0,2.1361162662506104,0.9999995231628418,9.999989473662713e-05,0.0001,False,128.0,128.0,,
train,,,,,,,68.47346186637878,4.0,267.0,1674.0,2.1269052028656006,0.999999463558197,9.999881586177382e-05,0.0001,False,128.0,128.0,,
train,,,,,,,68.50734996795654,4.0,268.0,1675.0,2.1640408039093018,0.9999994039535522,0.00010000102655608216,0.0001,False,128.0,128.0,,
train,,,,,,,68.5417103767395,4.0,269.0,1676.0,2.131988286972046,0.9999995231628418,0.00010000028873099838,0.0001,False,128.0,128.0,,
train,,,,,,,68.58558797836304,4.0,270.0,1677.0,2.1779255867004395,0.9999995827674866,0.00010000169230571257,0.0001,False,128.0,128.0,,
train,,,,,,,68.62133646011353,4.0,271.0,1678.0,2.1749017238616943,0.9999994039535522,9.999980677517361e-05,0.0001,False,128.0,128.0,,
train,,,,,,,68.65696859359741,4.0,272.0,1679.0,2.1696882247924805,0.9999995231628418,9.999919289900157e-05,0.0001,False,128.0,128.0,,
train,,,,,,,68.69366502761841,4.0,273.0,1680.0,2.1479201316833496,0.9999995231628418,0.00010000039722240088,0.0001,False,128.0,128.0,,
train,,,,,,,68.73342323303223,4.0,274.0,1681.0,2.1244828701019287,0.9999994039535522,0.00010000019079741936,0.0001,False,128.0,128.0,,
train,,,,,,,68.76693439483643,4.0,275.0,1682.0,2.1573853492736816,0.9999994039535522,0.00010000062773344345,0.0001,False,128.0,128.0,,
train,,,,,,,68.80334782600403,4.0,276.0,1683.0,2.1375186443328857,0.999999463558197,0.00010000143904655552,0.0001,False,128.0,128.0,,
train,,,,,,,68.83932065963745,4.0,277.0,1684.0,2.1615965366363525,0.999999463558197,9.999836414208506e-05,0.0001,False,128.0,128.0,,
train,,,,,,,68.88721251487732,4.0,278.0,1685.0,2.147927761077881,0.9999995231628418,9.999968751263306e-05,0.0001,False,128.0,128.0,,
train,,,,,,,68.92840385437012,4.0,279.0,1686.0,2.1587281227111816,0.9999995231628418,0.00010000063589960262,0.0001,False,128.0,128.0,,
train,,,,,,,68.96132493019104,4.0,280.0,1687.0,2.1401469707489014,0.9999994039535522,9.999962600780111e-05,0.0001,False,128.0,128.0,,
train,,,,,,,68.99548697471619,4.0,281.0,1688.0,2.1840717792510986,0.9999993443489075,0.00010000156790855152,0.0001,False,128.0,128.0,,
train,,,,,,,69.03367447853088,4.0,282.0,1689.0,2.1737375259399414,0.999999463558197,0.00010000091518357948,0.0001,False,128.0,128.0,,
train,,,,,,,69.08104419708252,4.0,283.0,1690.0,2.152588129043579,0.9999993443489075,0.0001000000557970681,0.0001,False,128.0,128.0,,
train,,,,,,,69.12500071525574,4.0,284.0,1691.0,2.1409034729003906,0.9999994039535522,9.99996498104618e-05,0.0001,False,128.0,128.0,,
train,,,,,,,69.16083431243896,4.0,285.0,1692.0,2.161123752593994,0.9999995231628418,0.00010000056367048711,0.0001,False,128.0,128.0,,
train,,,,,,,69.20639419555664,4.0,286.0,1693.0,2.197726011276245,0.9999995231628418,9.999976289741728e-05,0.0001,False,128.0,128.0,,
train,,,,,,,69.24008011817932,4.0,287.0,1694.0,2.1765894889831543,0.999999463558197,9.99996849127081e-05,0.0001,False,128.0,128.0,,
train,,,,,,,69.28008103370667,4.0,288.0,1695.0,2.1506471633911133,0.9999994039535522,0.00010000178662315575,0.0001,False,128.0,128.0,,
train,,,,,,,69.31717443466187,4.0,289.0,1696.0,2.178745985031128,0.9999993443489075,0.00010000172353670695,0.0001,False,128.0,128.0,,
train,,,,,,,69.3551025390625,4.0,290.0,1697.0,2.140275716781616,0.999999463558197,0.00010000143332855538,0.0001,False,128.0,128.0,,
train,,,,,,,69.38873934745789,4.0,291.0,1698.0,2.142643451690674,0.9999994039535522,0.00010000121490590948,0.0001,False,128.0,128.0,,
train,,,,,,,69.42617273330688,4.0,292.0,1699.0,2.1510674953460693,0.9999995827674866,9.999930689287306e-05,0.0001,False,128.0,128.0,,
train,,,,,,,69.46102976799011,4.0,293.0,1700.0,2.146674156188965,0.999999463558197,9.999923496637653e-05,0.0001,False,128.0,128.0,,
train,,,,,,,69.49432563781738,4.0,294.0,1701.0,2.1874430179595947,0.9999994039535522,0.00010000034741650692,0.0001,False,128.0,128.0,,
train,,,,,,,69.52767276763916,4.0,295.0,1702.0,2.161015033721924,0.9999993443489075,9.999970148804177e-05,0.0001,False,128.0,128.0,,
train,,,,,,,69.56651043891907,4.0,296.0,1703.0,2.1473844051361084,0.999999463558197,0.00010000061783257088,0.0001,False,128.0,128.0,,
train,,,,,,,69.6003007888794,4.0,297.0,1704.0,2.180525779724121,0.9999994039535522,9.999891503704014e-05,0.0001,False,128.0,128.0,,
train,,,,,,,69.6359395980835,4.0,298.0,1705.0,2.145829916000366,0.9999994039535522,0.00010000062723905036,0.0001,False,128.0,128.0,,
train,,,,,,,69.6736466884613,4.0,299.0,1706.0,2.1496472358703613,0.999999463558197,9.999967397524152e-05,0.0001,False,128.0,128.0,,
train,,,,,,,69.71365165710449,4.0,300.0,1707.0,2.1672046184539795,0.999999463558197,9.999977106039445e-05,0.0001,False,128.0,128.0,,
train,,,,,,,69.74886107444763,4.0,301.0,1708.0,2.1307625770568848,0.9999994039535522,9.999985091095119e-05,0.0001,False,128.0,128.0,,
train,,,,,,,69.78232192993164,4.0,302.0,1709.0,2.1587984561920166,0.9999995231628418,0.00010000127238525702,0.0001,False,128.0,128.0,,
train,,,,,,,69.8172881603241,4.0,303.0,1710.0,2.1425843238830566,0.9999995827674866,9.999992601155104e-05,0.0001,False,128.0,128.0,,
train,,,,,,,69.8546736240387,4.0,304.0,1711.0,2.1706948280334473,0.999999463558197,0.0001000000267014306,0.0001,False,128.0,128.0,,
train,,,,,,,69.89409518241882,4.0,305.0,1712.0,2.1281239986419678,0.9999992847442627,0.00010000029291817499,0.0001,False,128.0,128.0,,
train,,,,,,,69.94722175598145,4.0,306.0,1713.0,2.1365773677825928,0.999999463558197,9.999995997528765e-05,0.0001,False,128.0,128.0,,
train,,,,,,,69.98670601844788,4.0,307.0,1714.0,2.178068161010742,0.9999994039535522,0.00010000276780811496,0.0001,False,128.0,128.0,,
train,,,,,,,70.02100539207458,4.0,308.0,1715.0,2.1852569580078125,0.9999994039535522,9.999999795272934e-05,0.0001,False,128.0,128.0,,
train,,,,,,,70.0545711517334,4.0,309.0,1716.0,2.144461154937744,0.999999463558197,0.00010000092364895221,0.0001,False,128.0,128.0,,
train,,,,,,,70.09423303604126,4.0,310.0,1717.0,2.1652326583862305,0.9999994039535522,0.00010000047118418353,0.0001,False,128.0,128.0,,
train,,,,,,,70.1282205581665,4.0,311.0,1718.0,2.1413917541503906,0.999999463558197,0.00010000118237156065,0.0001,False,128.0,128.0,,
train,,,,,,,70.16759395599365,4.0,312.0,1719.0,2.129697561264038,0.999999463558197,9.999830738966205e-05,0.0001,False,128.0,128.0,,
train,,,,,,,70.21612668037415,4.0,313.0,1720.0,2.1402688026428223,0.9999995231628418,0.00010000107323266404,0.0001,False,128.0,128.0,,
train,,,,,,,70.25461530685425,4.0,314.0,1721.0,2.1736769676208496,0.9999994039535522,0.00010000038529405524,0.0001,False,128.0,128.0,,
train,,,,,,,70.29279065132141,4.0,315.0,1722.0,2.141855478286743,0.999999463558197,0.00010000120790638504,0.0001,False,128.0,128.0,,
train,,,,,,,70.32829880714417,4.0,316.0,1723.0,2.1521434783935547,0.999999463558197,0.00010000035466328879,0.0001,False,128.0,128.0,,
train,,,,,,,70.36292314529419,4.0,317.0,1724.0,2.166839599609375,0.9999994039535522,0.00010000056519920354,0.0001,False,128.0,128.0,,
train,,,,,,,70.39628219604492,4.0,318.0,1725.0,2.1695055961608887,0.999999463558197,0.0001000019123492512,0.0001,False,128.0,128.0,,
train,,,,,,,70.44495177268982,4.0,319.0,1726.0,2.170880079269409,0.999999463558197,9.999891574394762e-05,0.0001,False,128.0,128.0,,
train,,,,,,,70.48744463920593,4.0,320.0,1727.0,2.118933916091919,0.999999463558197,0.00010000099821532429,0.0001,False,128.0,128.0,,
train,,,,,,,70.53450393676758,4.0,321.0,1728.0,2.1441285610198975,0.9999995231628418,9.999972581760818e-05,0.0001,False,128.0,128.0,,
train,,,,,,,70.58140635490417,4.0,322.0,1729.0,2.1749823093414307,0.999999463558197,9.99987298162651e-05,0.0001,False,128.0,128.0,,
train,,,,,,,70.61580085754395,4.0,323.0,1730.0,2.1529483795166016,0.9999995231628418,0.00010000200856380255,0.0001,False,128.0,128.0,,
train,,,,,,,70.64909291267395,4.0,324.0,1731.0,2.1548116207122803,0.9999994039535522,0.00010000072591812764,0.0001,False,128.0,128.0,,
train,,,,,,,70.70178127288818,4.0,325.0,1732.0,2.1344563961029053,0.9999992847442627,0.00010000016910690973,0.0001,False,128.0,128.0,,
train,,,,,,,70.7486674785614,4.0,326.0,1733.0,2.1485655307769775,0.999999463558197,9.999992655582092e-05,0.0001,False,128.0,128.0,,
train,,,,,,,70.79760479927063,4.0,327.0,1734.0,2.178049087524414,0.9999993443489075,9.999959594275791e-05,0.0001,False,128.0,128.0,,
train,,,,,,,70.83320426940918,4.0,328.0,1735.0,2.123587131500244,0.999999463558197,0.00010000163945173715,0.0001,False,128.0,128.0,,
train,,,,,,,70.86791682243347,4.0,329.0,1736.0,2.145725965499878,0.9999995231628418,9.999982260889148e-05,0.0001,False,128.0,128.0,,
train,,,,,,,70.90535974502563,4.0,330.0,1737.0,2.1418299674987793,0.999999463558197,9.999948277755067e-05,0.0001,False,128.0,128.0,,
train,,,,,,,70.94634222984314,4.0,331.0,1738.0,2.146104335784912,0.999999463558197,9.999979864580967e-05,0.0001,False,128.0,128.0,,
train,,,,,,,70.98111176490784,4.0,332.0,1739.0,2.1643669605255127,0.9999995231628418,0.00010000079441533181,0.0001,False,128.0,128.0,,
train,,,,,,,71.01596474647522,4.0,333.0,1740.0,2.1550166606903076,0.9999994039535522,9.999975341279373e-05,0.0001,False,128.0,128.0,,
train,,,,,,,71.0523853302002,4.0,334.0,1741.0,2.1297101974487305,0.9999994039535522,0.00010000045023098888,0.0001,False,128.0,128.0,,
train,,,,,,,71.09220337867737,4.0,335.0,1742.0,2.1772732734680176,0.9999993443489075,9.999959184879388e-05,0.0001,False,128.0,128.0,,
train,,,,,,,71.13311338424683,4.0,336.0,1743.0,2.1710972785949707,0.999999463558197,0.00010000168503083885,0.0001,False,128.0,128.0,,
train,,,,,,,71.17449402809143,4.0,337.0,1744.0,2.1639983654022217,0.999999463558197,0.00010000148324232712,0.0001,False,128.0,128.0,,
train,,,,,,,71.21713995933533,4.0,338.0,1745.0,2.179420232772827,0.9999995827674866,0.00010000048963721585,0.0001,False,128.0,128.0,,
train,,,,,,,71.25172591209412,4.0,339.0,1746.0,2.124558687210083,0.999999463558197,9.99990268584661e-05,0.0001,False,128.0,128.0,,
train,,,,,,,71.2887110710144,4.0,340.0,1747.0,2.1279945373535156,0.999999463558197,9.999912792438825e-05,0.0001,False,128.0,128.0,,
train,,,,,,,71.32370376586914,4.0,341.0,1748.0,2.149034261703491,0.9999993443489075,0.00010000125876568169,0.0001,False,128.0,128.0,,
train,,,,,,,71.36835622787476,4.0,342.0,1749.0,2.178088665008545,0.999999463558197,0.000100000338517406,0.0001,False,128.0,128.0,,
train,,,,,,,71.408127784729,4.0,343.0,1750.0,2.1738784313201904,0.9999993443489075,9.999983095509426e-05,0.0001,False,128.0,128.0,,
train,,,,,,,71.44592690467834,4.0,344.0,1751.0,2.124065399169922,0.9999993443489075,0.00010000020000661461,0.0001,False,128.0,128.0,,
train,,,,,,,71.48281502723694,4.0,345.0,1752.0,2.195664882659912,0.9999994039535522,0.00010000047699114284,0.0001,False,128.0,128.0,,
train,,,,,,,71.51799583435059,4.0,346.0,1753.0,2.1487784385681152,0.999999463558197,9.999937302530527e-05,0.0001,False,128.0,128.0,,
train,,,,,,,71.55285954475403,4.0,347.0,1754.0,2.128416061401367,0.9999994039535522,0.00010000022557421585,0.0001,False,128.0,128.0,,
train,,,,,,,71.5881576538086,4.0,348.0,1755.0,2.1529788970947266,0.999999463558197,9.999992736680474e-05,0.0001,False,128.0,128.0,,
train,,,,,,,71.6317207813263,4.0,349.0,1756.0,2.144834041595459,0.9999994039535522,9.999855902825531e-05,0.0001,False,128.0,128.0,,
train,,,,,,,71.67480206489563,4.0,350.0,1757.0,2.1325645446777344,0.999999463558197,0.00010000107740029237,0.0001,False,128.0,128.0,,
train,,,,,,,71.71524786949158,4.0,351.0,1758.0,2.1738362312316895,0.9999995827674866,9.999982218605187e-05,0.0001,False,128.0,128.0,,
train,,,,,,,71.75200986862183,4.0,352.0,1759.0,2.1463441848754883,0.9999993443489075,0.0001000004515385308,0.0001,False,128.0,128.0,,
train,,,,,,,71.78794193267822,4.0,353.0,1760.0,2.1193618774414062,0.9999994039535522,9.999972916780203e-05,0.0001,False,128.0,128.0,,
train,,,,,,,71.82520031929016,4.0,354.0,1761.0,2.1793417930603027,0.999999463558197,0.00010000039934092348,0.0001,False,128.0,128.0,,
train,,,,,,,71.86243391036987,4.0,355.0,1762.0,2.1477458477020264,0.9999995231628418,0.00010000274635451387,0.0001,False,128.0,128.0,,
train,,,,,,,71.9041576385498,4.0,356.0,1763.0,2.158700942993164,0.9999995231628418,0.00010000055808470884,0.0001,False,128.0,128.0,,
train,,,,,,,71.94044089317322,4.0,357.0,1764.0,2.1744327545166016,0.9999994039535522,0.00010000039397197561,0.0001,False,128.0,128.0,,
train,,,,,,,71.98001194000244,4.0,358.0,1765.0,2.1244640350341797,0.9999994039535522,0.00010000133568449121,0.0001,False,128.0,128.0,,
train,,,,,,,72.01388788223267,4.0,359.0,1766.0,2.1324949264526367,0.9999993443489075,9.999920435694195e-05,0.0001,False,128.0,128.0,,
train,,,,,,,72.05229592323303,4.0,360.0,1767.0,2.1525063514709473,0.9999994039535522,0.00010000136374760146,0.0001,False,128.0,128.0,,
train,,,,,,,72.08855414390564,4.0,361.0,1768.0,2.1512203216552734,0.9999995231628418,0.0001000014018372655,0.0001,False,128.0,128.0,,
train,,,,,,,72.12432193756104,4.0,362.0,1769.0,2.152371883392334,0.9999994039535522,0.00010000059949448693,0.0001,False,128.0,128.0,,
train,,,,,,,72.15907430648804,4.0,363.0,1770.0,2.1733174324035645,0.9999995231628418,0.0001000010576658551,0.0001,False,128.0,128.0,,
train,,,,,,,72.20036888122559,4.0,364.0,1771.0,2.1557557582855225,0.999999463558197,9.999991572896949e-05,0.0001,False,128.0,128.0,,
train,,,,,,,72.2525577545166,4.0,365.0,1772.0,2.1108510494232178,0.999999463558197,0.00010000001612395646,0.0001,False,128.0,128.0,,
train,,,,,,,72.30410552024841,4.0,366.0,1773.0,2.143277645111084,0.999999463558197,0.00010000085903758384,0.0001,False,128.0,128.0,,
train,,,,,,,72.34167194366455,4.0,367.0,1774.0,2.1378650665283203,0.9999993443489075,9.999921184233303e-05,0.0001,False,128.0,128.0,,
train,,,,,,,72.37794494628906,4.0,368.0,1775.0,2.124332904815674,0.9999995231628418,9.999996063014602e-05,0.0001,False,128.0,128.0,,
train,,,,,,,72.41487908363342,4.0,369.0,1776.0,2.1500155925750732,0.9999994039535522,0.00010000004778048139,0.0001,False,128.0,128.0,,
train,,,,,,,72.45432734489441,4.0,370.0,1777.0,2.1628496646881104,0.9999994039535522,0.00010000097664641925,0.0001,False,128.0,128.0,,
train,,,,,,,72.50089764595032,4.0,371.0,1778.0,2.140105724334717,0.999999463558197,9.999990736108972e-05,0.0001,False,128.0,128.0,,
train,,,,,,,72.54757332801819,4.0,372.0,1779.0,2.1360526084899902,0.999999463558197,0.00010000134852127265,0.0001,False,128.0,128.0,,
train,,,,,,,72.59248471260071,4.0,373.0,1780.0,2.1663291454315186,0.999999463558197,0.0001000025101022277,0.0001,False,128.0,128.0,,
train,,,,,,,72.62705421447754,4.0,374.0,1781.0,2.1282098293304443,0.999999463558197,9.999970581185284e-05,0.0001,False,128.0,128.0,,
train,,,,,,,72.66114020347595,4.0,375.0,1782.0,2.162832736968994,0.999999463558197,9.999872558565439e-05,0.0001,False,128.0,128.0,,
train,,,,,,,72.69547867774963,4.0,376.0,1783.0,2.1111831665039062,0.9999994039535522,0.00010000079622810342,0.0001,False,128.0,128.0,,
train,,,,,,,72.73141717910767,4.0,377.0,1784.0,2.1045875549316406,0.9999993443489075,0.00010000058244442433,0.0001,False,128.0,128.0,,
train,,,,,,,72.77136397361755,4.0,378.0,1785.0,2.152412176132202,0.9999995231628418,9.999943750536035e-05,0.0001,False,128.0,128.0,,
train,,,,,,,72.8067991733551,4.0,379.0,1786.0,2.138986110687256,0.999999463558197,0.00010000117165109576,0.0001,False,128.0,128.0,,
train,,,,,,,72.85264873504639,4.0,380.0,1787.0,2.1046030521392822,0.9999995231628418,0.00010000097162010694,0.0001,False,128.0,128.0,,
train,,,,,,,72.89973545074463,4.0,381.0,1788.0,2.1367907524108887,0.9999995231628418,0.0001000011608894305,0.0001,False,128.0,128.0,,
train,,,,,,,72.9432098865509,4.0,382.0,1789.0,2.147714138031006,0.999999463558197,0.00010000113470191181,0.0001,False,128.0,128.0,,
train,,,,,,,72.98664712905884,4.0,383.0,1790.0,2.118518829345703,0.999999463558197,9.999793335890301e-05,0.0001,False,128.0,128.0,,
train,,,,,,,73.0268931388855,4.0,384.0,1791.0,2.170109987258911,0.9999994039535522,9.99994940880056e-05,0.0001,False,128.0,128.0,,
train,,,,,,,73.06306076049805,4.0,385.0,1792.0,2.126643657684326,0.999999463558197,0.00010000125137802081,0.0001,False,128.0,128.0,,
train,,,,,,,73.10125589370728,4.0,386.0,1793.0,2.1339309215545654,0.9999995231628418,9.999983218675e-05,0.0001,False,128.0,128.0,,
train,,,,,,,73.13868498802185,4.0,387.0,1794.0,2.1617588996887207,0.9999993443489075,9.999981853228399e-05,0.0001,False,128.0,128.0,,
train,,,,,,,73.17239785194397,4.0,388.0,1795.0,2.161107063293457,0.9999994039535522,9.999933537288906e-05,0.0001,False,128.0,128.0,,
train,,,,,,,73.20771503448486,4.0,389.0,1796.0,2.155249834060669,0.999999463558197,9.999975576334981e-05,0.0001,False,128.0,128.0,,
train,,,,,,,73.24464225769043,4.0,390.0,1797.0,2.168205976486206,0.9999994039535522,9.999861037029164e-05,0.0001,False,128.0,128.0,,
train,,,,,,,73.2845139503479,4.0,391.0,1798.0,2.184197425842285,0.9999995231628418,0.00010000198551846139,0.0001,False,128.0,128.0,,
train,,,,,,,73.32170057296753,4.0,392.0,1799.0,2.1527750492095947,0.999999463558197,0.00010000059977420943,0.0001,False,128.0,128.0,,
train,,,,,,,73.36082863807678,4.0,393.0,1800.0,2.1099674701690674,0.9999993443489075,0.00010000122283133076,0.0001,False,128.0,128.0,,
train,,,,,,,73.39535737037659,4.0,394.0,1801.0,2.1040287017822266,0.999999463558197,0.00010000094681596757,0.0001,False,128.0,128.0,,
train,,,,,,,73.43323421478271,4.0,395.0,1802.0,2.131546974182129,0.9999994039535522,9.999954970133773e-05,0.0001,False,128.0,128.0,,
train,,,,,,,73.47350478172302,4.0,396.0,1803.0,2.1374917030334473,0.9999993443489075,9.999965593188852e-05,0.0001,False,128.0,128.0,,
train,,,,,,,73.5088837146759,4.0,397.0,1804.0,2.1244852542877197,0.999999463558197,0.00010000170413198904,0.0001,False,128.0,128.0,,
train,,,,,,,73.54784345626831,4.0,398.0,1805.0,2.1438825130462646,0.9999993443489075,0.00010000001209939857,0.0001,False,128.0,128.0,,
train,,,,,,,73.6006121635437,4.0,399.0,1806.0,2.149634599685669,0.9999995231628418,0.00010000045958761107,0.0001,False,128.0,128.0,,
train,,,,,,,73.64466428756714,4.0,400.0,1807.0,2.143775224685669,0.9999993443489075,0.00010000173391451075,0.0001,False,128.0,128.0,,
train,,,,,,,73.68119859695435,4.0,401.0,1808.0,2.1445515155792236,0.9999994039535522,9.999998207350274e-05,0.0001,False,128.0,128.0,,
train,,,,,,,73.7262716293335,4.0,402.0,1809.0,2.1315269470214844,0.999999463558197,0.00010000040746373339,0.0001,False,128.0,128.0,,
train,,,,,,,73.76050806045532,4.0,403.0,1810.0,2.0888278484344482,0.999999463558197,9.999984107288552e-05,0.0001,False,128.0,128.0,,
train,,,,,,,73.79424858093262,4.0,404.0,1811.0,2.1243398189544678,0.9999995231628418,9.999949528063401e-05,0.0001,False,128.0,128.0,,
train,,,,,,,73.82749152183533,4.0,405.0,1812.0,2.159435749053955,0.999999463558197,0.00010000091001631907,0.0001,False,128.0,128.0,,
train,,,,,,,73.8600344657898,4.0,406.0,1813.0,2.113101005554199,0.999999463558197,0.00010000002965479649,0.0001,False,128.0,128.0,,
train,,,,,,,73.89439105987549,4.0,407.0,1814.0,2.14086651802063,0.999999463558197,0.00010000017729695875,0.0001,False,128.0,128.0,,
train,,,,,,,73.93278169631958,4.0,408.0,1815.0,2.1233863830566406,0.999999463558197,9.999984778627581e-05,0.0001,False,128.0,128.0,,
train,,,,,,,73.96645069122314,4.0,409.0,1816.0,2.1684019565582275,0.9999995827674866,9.999928888848536e-05,0.0001,False,128.0,128.0,,
train,,,,,,,74.00505685806274,4.0,410.0,1817.0,2.137251853942871,0.9999994039535522,0.00010000154401310744,0.0001,False,128.0,128.0,,
train,,,,,,,74.04636335372925,4.0,411.0,1818.0,2.155081272125244,0.999999463558197,0.00010000166331246453,0.0001,False,128.0,128.0,,
train,,,,,,,74.07916760444641,4.0,412.0,1819.0,2.1144847869873047,0.999999463558197,9.999980397575815e-05,0.0001,False,128.0,128.0,,
train,,,,,,,74.11897253990173,4.0,413.0,1820.0,2.1638338565826416,0.999999463558197,0.0001000003801636302,0.0001,False,128.0,128.0,,
train,,,,,,,74.15476274490356,4.0,414.0,1821.0,2.136502265930176,0.999999463558197,9.999907774706154e-05,0.0001,False,128.0,128.0,,
train,,,,,,,74.19132661819458,4.0,415.0,1822.0,2.180112361907959,0.9999995231628418,0.00010000063538352566,0.0001,False,128.0,128.0,,
train,,,,,,,74.23678398132324,4.0,416.0,1823.0,2.0935518741607666,0.999999463558197,0.00010000043734855584,0.0001,False,128.0,128.0,,
train,,,,,,,74.27160334587097,4.0,417.0,1824.0,2.117274522781372,0.999999463558197,0.00010000017587882481,0.0001,False,128.0,128.0,,
train,,,,,,,74.30905032157898,4.0,418.0,1825.0,2.136024236679077,0.9999993443489075,9.999834892831014e-05,0.0001,False,128.0,128.0,,
train,,,,,,,74.34146165847778,4.0,419.0,1826.0,2.1771795749664307,0.9999994039535522,0.00010000086106936124,0.0001,False,128.0,128.0,,
train,,,,,,,74.37843489646912,4.0,420.0,1827.0,2.160640001296997,0.999999463558197,9.999982170900207e-05,0.0001,False,128.0,128.0,,
train,,,,,,,74.41222476959229,4.0,421.0,1828.0,2.1485438346862793,0.9999994039535522,0.00010000044379302516,0.0001,False,128.0,128.0,,
train,,,,,,,74.44956398010254,4.0,422.0,1829.0,2.1432301998138428,0.9999994039535522,9.999943869365261e-05,0.0001,False,128.0,128.0,,
train,,,,,,,74.48816108703613,4.0,423.0,1830.0,2.1109955310821533,0.9999993443489075,0.00010000096049413173,0.0001,False,128.0,128.0,,
train,,,,,,,74.54663419723511,4.0,424.0,1831.0,2.115844249725342,0.999999463558197,0.00010000044724944629,0.0001,False,128.0,128.0,,
train,,,,,,,74.59256792068481,4.0,425.0,1832.0,2.1554956436157227,0.9999993443489075,0.0001000000327339297,0.0001,False,128.0,128.0,,
train,,,,,,,74.62712144851685,4.0,426.0,1833.0,2.139606475830078,0.9999994039535522,9.99998825328339e-05,0.0001,False,128.0,128.0,,
train,,,,,,,74.66219687461853,4.0,427.0,1834.0,2.0988149642944336,0.9999994039535522,0.00010000054332229336,0.0001,False,128.0,128.0,,
train,,,,,,,74.69539666175842,4.0,428.0,1835.0,2.1389756202697754,0.9999994039535522,9.999905101472267e-05,0.0001,False,128.0,128.0,,
train,,,,,,,74.73101210594177,4.0,429.0,1836.0,2.1286940574645996,0.9999994039535522,0.00010000043987690421,0.0001,False,128.0,128.0,,
train,,,,,,,74.76518034934998,4.0,430.0,1837.0,2.114053249359131,0.999999463558197,0.00010000081255822519,0.0001,False,128.0,128.0,,
train,,,,,,,74.80342388153076,4.0,431.0,1838.0,2.132512331008911,0.9999995231628418,9.99994563705825e-05,0.0001,False,128.0,128.0,,
train,,,,,,,74.86499309539795,4.0,432.0,1839.0,2.130734443664551,0.999999463558197,0.00010000113518112372,0.0001,False,128.0,128.0,,
train,,,,,,,74.91535758972168,4.0,433.0,1840.0,2.1362152099609375,0.9999994039535522,9.999816050369444e-05,0.0001,False,128.0,128.0,,
train,,,,,,,74.95327496528625,4.0,434.0,1841.0,2.1741559505462646,0.9999994039535522,0.00010000065295182449,0.0001,False,128.0,128.0,,
train,,,,,,,74.98704075813293,4.0,435.0,1842.0,2.1606080532073975,0.999999463558197,9.999952458893077e-05,0.0001,False,128.0,128.0,,
train,,,,,,,75.02209401130676,4.0,436.0,1843.0,2.138671398162842,0.9999994039535522,0.00010000126289643988,0.0001,False,128.0,128.0,,
train,,,,,,,75.05937242507935,4.0,437.0,1844.0,2.1084067821502686,0.999999463558197,0.00010000154159971064,0.0001,False,128.0,128.0,,
train,,,,,,,75.0985758304596,4.0,438.0,1845.0,2.165341854095459,0.9999994039535522,0.00010000023031000013,0.0001,False,128.0,128.0,,
train,,,,,,,75.13334202766418,4.0,439.0,1846.0,2.1493098735809326,0.999999463558197,0.0001000000707547118,0.0001,False,128.0,128.0,,
train,,,,,,,75.17152881622314,4.0,440.0,1847.0,2.1377365589141846,0.999999463558197,0.0001000003850967312,0.0001,False,128.0,128.0,,
train,,,,,,,75.20699715614319,4.0,441.0,1848.0,2.173187732696533,0.9999994039535522,0.00010000051899292583,0.0001,False,128.0,128.0,,
train,,,,,,,75.24582743644714,4.0,442.0,1849.0,2.1476595401763916,0.9999993443489075,0.00010000003155648651,0.0001,False,128.0,128.0,,
train,,,,,,,75.28703999519348,4.0,443.0,1850.0,2.1066396236419678,0.9999993443489075,0.00010000075606522986,0.0001,False,128.0,128.0,,
train,,,,,,,75.3357560634613,4.0,444.0,1851.0,2.1733314990997314,0.999999463558197,9.999915303906325e-05,0.0001,False,128.0,128.0,,
train,,,,,,,75.39265751838684,4.0,445.0,1852.0,2.1212379932403564,0.9999995827674866,0.00010000117017226131,0.0001,False,128.0,128.0,,
train,,,,,,,75.4251000881195,4.0,446.0,1853.0,2.1144092082977295,0.9999995231628418,9.999942900733557e-05,0.0001,False,128.0,128.0,,
train,,,,,,,75.46074748039246,4.0,447.0,1854.0,2.143052339553833,0.9999995827674866,0.0001000002922654872,0.0001,False,128.0,128.0,,
train,,,,,,,75.49658536911011,4.0,448.0,1855.0,2.1303861141204834,0.9999994039535522,0.00010000148049716789,0.0001,False,128.0,128.0,,
train,,,,,,,75.5322642326355,4.0,449.0,1856.0,2.1535191535949707,0.9999995231628418,9.999951131823221e-05,0.0001,False,128.0,128.0,,
train,,,,,,,75.57179713249207,4.0,450.0,1857.0,2.151970386505127,0.9999995231628418,9.999960179313631e-05,0.0001,False,128.0,128.0,,
train,,,,,,,75.60713958740234,4.0,451.0,1858.0,2.167865514755249,0.9999995231628418,9.999965963119899e-05,0.0001,False,128.0,128.0,,
train,,,,,,,75.6437120437622,4.0,452.0,1859.0,2.1523280143737793,0.9999994039535522,9.999881167236693e-05,0.0001,False,128.0,128.0,,
train,,,,,,,75.69027495384216,4.0,453.0,1860.0,2.1296064853668213,0.9999995231628418,0.00010000057030576678,0.0001,False,128.0,128.0,,
train,,,,,,,75.72382998466492,4.0,454.0,1861.0,2.1488776206970215,0.9999995827674866,9.999920600711077e-05,0.0001,False,128.0,128.0,,
train,,,,,,,75.76638627052307,4.0,455.0,1862.0,2.14200496673584,0.999999463558197,9.999906598552721e-05,0.0001,False,128.0,128.0,,
train,,,,,,,75.80155444145203,4.0,456.0,1863.0,2.1109650135040283,0.999999463558197,0.00010000059737596858,0.0001,False,128.0,128.0,,
train,,,,,,,75.83729243278503,4.0,457.0,1864.0,2.1578264236450195,0.999999463558197,0.00010000124954791042,0.0001,False,128.0,128.0,,
train,,,,,,,75.8732385635376,4.0,458.0,1865.0,2.121652603149414,0.9999994039535522,9.999998278257108e-05,0.0001,False,128.0,128.0,,
train,,,,,,,75.90674018859863,4.0,459.0,1866.0,2.118037700653076,0.9999994039535522,0.00010000045927969906,0.0001,False,128.0,128.0,,
train,,,,,,,75.9428060054779,4.0,460.0,1867.0,2.138181686401367,0.9999994039535522,0.0001000000218181852,0.0001,False,128.0,128.0,,
train,,,,,,,75.97930979728699,4.0,461.0,1868.0,2.1776235103607178,0.999999463558197,9.999919503272864e-05,0.0001,False,128.0,128.0,,
train,,,,,,,76.01510000228882,4.0,462.0,1869.0,2.1437745094299316,0.999999463558197,0.00010000056604270806,0.0001,False,128.0,128.0,,
train,,,,,,,76.05337023735046,4.0,463.0,1870.0,2.158125162124634,0.9999995231628418,9.999968157335483e-05,0.0001,False,128.0,128.0,,
train,,,,,,,76.08865571022034,4.0,464.0,1871.0,2.1088576316833496,0.9999995231628418,0.00010000016959263147,0.0001,False,128.0,128.0,,
train,,,,,,,76.12468767166138,4.0,465.0,1872.0,2.155733108520508,0.999999463558197,0.00010000082605860003,0.0001,False,128.0,128.0,,
train,,,,,,,76.16348695755005,4.0,466.0,1873.0,2.1274709701538086,0.9999994039535522,0.00010000164192367755,0.0001,False,128.0,128.0,,
train,,,,,,,76.19829654693604,4.0,467.0,1874.0,2.135925531387329,0.9999995231628418,9.999951333052125e-05,0.0001,False,128.0,128.0,,
train,,,,,,,76.23214626312256,4.0,468.0,1875.0,2.1271002292633057,0.9999994039535522,9.999990936469718e-05,0.0001,False,128.0,128.0,,
train,,,,,,,76.26509404182434,4.0,469.0,1876.0,2.1644234657287598,0.999999463558197,0.00010000116955644168,0.0001,False,128.0,128.0,,
eval,,,,,,,78.3556797504425,4.0,,1876.0,,,,,False,128.0,128.0,2.1333837005615233,0.3407
train,,,,,,,78.39956641197205,5.0,1.0,1877.0,2.0845372676849365,0.999999463558197,0.00010000071529302292,0.0001,False,128.0,128.0,,
train,,,,,,,78.4314169883728,5.0,2.0,1878.0,2.1512794494628906,0.9999994039535522,0.00010000168075481745,0.0001,False,128.0,128.0,,
train,,,,,,,78.46406650543213,5.0,3.0,1879.0,2.098897933959961,0.9999994039535522,9.999851358650873e-05,0.0001,False,128.0,128.0,,
train,,,,,,,78.49805736541748,5.0,4.0,1880.0,2.138503074645996,0.9999993443489075,9.99989534897642e-05,0.0001,False,128.0,128.0,,
train,,,,,,,78.53366923332214,5.0,5.0,1881.0,2.1395206451416016,0.9999994039535522,0.00010000050933707094,0.0001,False,128.0,128.0,,
train,,,,,,,78.57049536705017,5.0,6.0,1882.0,2.152312994003296,0.9999994039535522,0.00010000199633207857,0.0001,False,128.0,128.0,,
train,,,,,,,78.61197996139526,5.0,7.0,1883.0,2.1198878288269043,0.9999995231628418,0.0001000013716860212,0.0001,False,128.0,128.0,,
train,,,,,,,78.6496958732605,5.0,8.0,1884.0,2.153887987136841,0.999999463558197,9.99998460537181e-05,0.0001,False,128.0,128.0,,
train,,,,,,,78.68325591087341,5.0,9.0,1885.0,2.141037940979004,0.9999995231628418,0.00010000097951302175,0.0001,False,128.0,128.0,,
train,,,,,,,78.72090220451355,5.0,10.0,1886.0,2.1150777339935303,0.999999463558197,0.00010000068228146585,0.0001,False,128.0,128.0,,
train,,,,,,,78.75865030288696,5.0,11.0,1887.0,2.1433217525482178,0.9999994039535522,9.99995674454688e-05,0.0001,False,128.0,128.0,,
train,,,,,,,78.79635214805603,5.0,12.0,1888.0,2.101250648498535,0.9999995231628418,9.99998503449968e-05,0.0001,False,128.0,128.0,,
train,,,,,,,78.83167815208435,5.0,13.0,1889.0,2.1245577335357666,0.999999463558197,0.00010000196487782813,0.0001,False,128.0,128.0,,
train,,,,,,,78.86626982688904,5.0,14.0,1890.0,2.1550841331481934,0.9999995231628418,0.00010000097672448104,0.0001,False,128.0,128.0,,
train,,,,,,,78.90136504173279,5.0,15.0,1891.0,2.1021995544433594,0.9999993443489075,0.00010000029527522359,0.0001,False,128.0,128.0,,
train,,,,,,,78.93802881240845,5.0,16.0,1892.0,2.124507188796997,0.9999995231628418,9.999973185012543e-05,0.0001,False,128.0,128.0,,
train,,,,,,,78.97609400749207,5.0,17.0,1893.0,2.1462111473083496,0.9999994039535522,9.99998318875097e-05,0.0001,False,128.0,128.0,,
train,,,,,,,79.0105447769165,5.0,18.0,1894.0,2.1272711753845215,0.999999463558197,9.99995922629608e-05,0.0001,False,128.0,128.0,,
train,,,,,,,79.0450074672699,5.0,19.0,1895.0,2.1503610610961914,0.9999995827674866,0.00010000091659736615,0.0001,False,128.0,128.0,,
train,,,,,,,79.08161520957947,5.0,20.0,1896.0,2.128126859664917,0.999999463558197,0.00010000127256306391,0.0001,False,128.0,128.0,,
train,,,,,,,79.12123847007751,5.0,21.0,1897.0,2.143465280532837,0.999999463558197,0.00010000022196166228,0.0001,False,128.0,128.0,,
train,,,,,,,79.15699791908264,5.0,22.0,1898.0,2.117915391921997,0.9999993443489075,9.999943175905635e-05,0.0001,False,128.0,128.0,,
train,,,,,,,79.19402074813843,5.0,23.0,1899.0,2.1383113861083984,0.9999994039535522,0.00010000149294796053,0.0001,False,128.0,128.0,,
train,,,,,,,79.23146867752075,5.0,24.0,1900.0,2.162452220916748,0.9999995231628418,9.999951800562367e-05,0.0001,False,128.0,128.0,,
train,,,,,,,79.27034068107605,5.0,25.0,1901.0,2.1162257194519043,0.9999994039535522,9.99991810312281e-05,0.0001,False,128.0,128.0,,
train,,,,,,,79.31011080741882,5.0,26.0,1902.0,2.1147496700286865,0.999999463558197,0.00010000170709181048,0.0001,False,128.0,128.0,,
train,,,,,,,79.34304189682007,5.0,27.0,1903.0,2.1248703002929688,0.9999994039535522,9.999822689926638e-05,0.0001,False,128.0,128.0,,
train,,,,,,,79.37706327438354,5.0,28.0,1904.0,2.1508641242980957,0.9999994039535522,0.00010000110154304332,0.0001,False,128.0,128.0,,
train,,,,,,,79.41118597984314,5.0,29.0,1905.0,2.134276866912842,0.9999994039535522,9.999868834499663e-05,0.0001,False,128.0,128.0,,
train,,,,,,,79.44671583175659,5.0,30.0,1906.0,2.1552717685699463,0.999999463558197,9.999864210098832e-05,0.0001,False,128.0,128.0,,
train,,,,,,,79.49169445037842,5.0,31.0,1907.0,2.1330442428588867,0.999999463558197,0.00010000080098771296,0.0001,False,128.0,128.0,,
train,,,,,,,79.53097724914551,5.0,32.0,1908.0,2.1256258487701416,0.999999463558197,0.00010000279329916764,0.0001,False,128.0,128.0,,
train,,,,,,,79.57100081443787,5.0,33.0,1909.0,2.1042253971099854,0.9999994039535522,9.999883625368768e-05,0.0001,False,128.0,128.0,,
train,,,,,,,79.60393834114075,5.0,34.0,1910.0,2.117347240447998,0.9999995231628418,9.999980880480398e-05,0.0001,False,128.0,128.0,,
train,,,,,,,79.63991689682007,5.0,35.0,1911.0,2.136385679244995,0.9999994039535522,9.99990280944686e-05,0.0001,False,128.0,128.0,,
train,,,,,,,79.67355704307556,5.0,36.0,1912.0,2.15537691116333,0.9999994039535522,0.00010000013777568342,0.0001,False,128.0,128.0,,
train,,,,,,,79.71073269844055,5.0,37.0,1913.0,2.117946147918701,0.9999995231628418,9.99999049042853e-05,0.0001,False,128.0,128.0,,
train,,,,,,,79.74398827552795,5.0,38.0,1914.0,2.134908676147461,0.9999994039535522,9.999994676536222e-05,0.0001,False,128.0,128.0,,
train,,,,,,,79.77953696250916,5.0,39.0,1915.0,2.146892786026001,0.9999995231628418,0.00010000130029659871,0.0001,False,128.0,128.0,,
train,,,,,,,79.8186264038086,5.0,40.0,1916.0,2.1333444118499756,0.999999463558197,0.00010000082131200202,0.0001,False,128.0,128.0,,
train,,,,,,,79.85193586349487,5.0,41.0,1917.0,2.1442954540252686,0.9999995231628418,0.00010000116770464601,0.0001,False,128.0,128.0,,
train,,,,,,,79.89069843292236,5.0,42.0,1918.0,2.1590423583984375,0.999999463558197,0.00010000147403108166,0.0001,False,128.0,128.0,,
train,,,,,,,79.92374014854431,5.0,43.0,1919.0,2.117825746536255,0.9999994039535522,0.0001000001380684176,0.0001,False,128.0,128.0,,
train,,,,,,,79.96030354499817,5.0,44.0,1920.0,2.1097707748413086,0.9999995231628418,0.00010000135886442135,0.0001,False,128.0,128.0,,
train,,,,,,,79.99603700637817,5.0,45.0,1921.0,2.1617581844329834,0.9999996423721313,0.00010000207014523007,0.0001,False,128.0,128.0,,
train,,,,,,,80.02928137779236,5.0,46.0,1922.0,2.1485424041748047,0.9999994039535522,9.999937731877269e-05,0.0001,False,128.0,128.0,,
train,,,,,,,80.06558752059937,5.0,47.0,1923.0,2.1249890327453613,0.9999995231628418,0.00010000053182113854,0.0001,False,128.0,128.0,,
train,,,,,,,80.10175323486328,5.0,48.0,1924.0,2.1763720512390137,0.999999463558197,0.00010000049308496182,0.0001,False,128.0,128.0,,
train,,,,,,,80.13431739807129,5.0,49.0,1925.0,2.1369616985321045,0.9999992847442627,9.999941255121967e-05,0.0001,False,128.0,128.0,,
train,,,,,,,80.17150926589966,5.0,50.0,1926.0,2.1143548488616943,0.9999994039535522,0.00010000020000444621,0.0001,False,128.0,128.0,,
train,,,,,,,80.21286106109619,5.0,51.0,1927.0,2.1034114360809326,0.9999995231628418,0.00010000014845505953,0.0001,False,128.0,128.0,,
train,,,,,,,80.24455142021179,5.0,52.0,1928.0,2.1818935871124268,0.999999463558197,9.999987470054789e-05,0.0001,False,128.0,128.0,,
train,,,,,,,80.27807760238647,5.0,53.0,1929.0,2.1136581897735596,0.9999995231628418,0.00010000098423142328,0.0001,False,128.0,128.0,,
train,,,,,,,80.31319785118103,5.0,54.0,1930.0,2.1086788177490234,0.999999463558197,0.00010000044235321105,0.0001,False,128.0,128.0,,
train,,,,,,,80.34958696365356,5.0,55.0,1931.0,2.103076457977295,0.9999995231628418,0.0001000008285045399,0.0001,False,128.0,128.0,,
train,,,,,,,80.38348579406738,5.0,56.0,1932.0,2.135448455810547,0.999999463558197,9.999974181180121e-05,0.0001,False,128.0,128.0,,
train,,,,,,,80.4170253276825,5.0,57.0,1933.0,2.130462884902954,0.999999463558197,0.00010000115244359326,0.0001,False,128.0,128.0,,
train,,,,,,,80.4573986530304,5.0,58.0,1934.0,2.1136465072631836,0.999999463558197,0.00010000069413821921,0.0001,False,128.0,128.0,,
train,,,,,,,80.49452352523804,5.0,59.0,1935.0,2.0899405479431152,0.9999995231628418,0.0001000032468636169,0.0001,False,128.0,128.0,,
train,,,,,,,80.52919459342957,5.0,60.0,1936.0,2.1443898677825928,0.9999994039535522,9.999863221292975e-05,0.0001,False,128.0,128.0,,
train,,,,,,,80.56226468086243,5.0,61.0,1937.0,2.1151812076568604,0.9999994039535522,9.999994728144273e-05,0.0001,False,128.0,128.0,,
train,,,,,,,80.60237240791321,5.0,62.0,1938.0,2.1520609855651855,0.9999995231628418,9.999943991663952e-05,0.0001,False,128.0,128.0,,
train,,,,,,,80.63686847686768,5.0,63.0,1939.0,2.1138367652893066,0.9999995827674866,0.00010000018971755604,0.0001,False,128.0,128.0,,
train,,,,,,,80.67554068565369,5.0,64.0,1940.0,2.142615795135498,0.9999993443489075,0.00010000238710467137,0.0001,False,128.0,128.0,,
train,,,,,,,80.70932793617249,5.0,65.0,1941.0,2.131995439529419,0.999999463558197,0.00010000009905236449,0.0001,False,128.0,128.0,,
train,,,,,,,80.74512076377869,5.0,66.0,1942.0,2.127317428588867,0.9999995231628418,0.00010000052976767052,0.0001,False,128.0,128.0,,
train,,,,,,,80.78145813941956,5.0,67.0,1943.0,2.1021931171417236,0.9999994039535522,9.999986433339319e-05,0.0001,False,128.0,128.0,,
train,,,,,,,80.81847739219666,5.0,68.0,1944.0,2.1291255950927734,0.9999995231628418,9.999968998028489e-05,0.0001,False,128.0,128.0,,
train,,,,,,,80.85365867614746,5.0,69.0,1945.0,2.13948392868042,0.9999993443489075,0.00010000175040277013,0.0001,False,128.0,128.0,,
train,,,,,,,80.89073872566223,5.0,70.0,1946.0,2.116978645324707,0.999999463558197,0.00010000039525132913,0.0001,False,128.0,128.0,,
train,,,,,,,80.9219000339508,5.0,71.0,1947.0,2.1022191047668457,0.999999463558197,0.00010000015362452768,0.0001,False,128.0,128.0,,
train,,,,,,,80.95798182487488,5.0,72.0,1948.0,2.0970823764801025,0.9999995231628418,0.00010000089725537482,0.0001,False,128.0,128.0,,
train,,,,,,,80.99742102622986,5.0,73.0,1949.0,2.1054787635803223,0.999999463558197,0.00010000230968144403,0.0001,False,128.0,128.0,,
train,,,,,,,81.03234028816223,5.0,74.0,1950.0,2.1153645515441895,0.999999463558197,9.999960815092296e-05,0.0001,False,128.0,128.0,,
train,,,,,,,81.06502175331116,5.0,75.0,1951.0,2.1334285736083984,0.999999463558197,0.00010000044019348986,0.0001,False,128.0,128.0,,
train,,,,,,,81.100919008255,5.0,76.0,1952.0,2.1399097442626953,0.9999995231628418,9.999987637889494e-05,0.0001,False,128.0,128.0,,
train,,,,,,,81.13697695732117,5.0,77.0,1953.0,2.119258165359497,0.9999995231628418,9.999988380352032e-05,0.0001,False,128.0,128.0,,
train,,,,,,,81.17427659034729,5.0,78.0,1954.0,2.1190640926361084,0.9999994039535522,0.00010000058866337158,0.0001,False,128.0,128.0,,
train,,,,,,,81.21094799041748,5.0,79.0,1955.0,2.1610805988311768,0.999999463558197,9.999970814506276e-05,0.0001,False,128.0,128.0,,
train,,,,,,,81.24416399002075,5.0,80.0,1956.0,2.13736891746521,0.999999463558197,9.999898584919564e-05,0.0001,False,128.0,128.0,,
train,,,,,,,81.28176593780518,5.0,81.0,1957.0,2.099672794342041,0.999999463558197,0.00010000025787902569,0.0001,False,128.0,128.0,,
train,,,,,,,81.31802701950073,5.0,82.0,1958.0,2.125115394592285,0.999999463558197,9.999887008552026e-05,0.0001,False,128.0,128.0,,
train,,,,,,,81.35795974731445,5.0,83.0,1959.0,2.14432430267334,0.9999994039535522,0.00010000197241722161,0.0001,False,128.0,128.0,,
train,,,,,,,81.39300417900085,5.0,84.0,1960.0,2.1629765033721924,0.999999463558197,9.999968775766353e-05,0.0001,False,128.0,128.0,,
train,,,,,,,81.4290623664856,5.0,85.0,1961.0,2.100080728530884,0.9999995231628418,0.00010000085618181982,0.0001,False,128.0,128.0,,
train,,,,,,,81.46220421791077,5.0,86.0,1962.0,2.1218345165252686,0.9999995231628418,0.00010000094213225842,0.0001,False,128.0,128.0,,
train,,,,,,,81.50137662887573,5.0,87.0,1963.0,2.1232056617736816,0.999999463558197,0.00010000108591335574,0.0001,False,128.0,128.0,,
train,,,,,,,81.53599143028259,5.0,88.0,1964.0,2.1072826385498047,0.9999994039535522,0.00010000146376600626,0.0001,False,128.0,128.0,,
train,,,,,,,81.57035183906555,5.0,89.0,1965.0,2.122164487838745,0.999999463558197,9.999863910854965e-05,0.0001,False,128.0,128.0,,
train,,,,,,,81.60989785194397,5.0,90.0,1966.0,2.1403181552886963,0.9999995231628418,9.999953864676199e-05,0.0001,False,128.0,128.0,,
train,,,,,,,81.64613366127014,5.0,91.0,1967.0,2.1240298748016357,0.9999995231628418,0.00010000174017675372,0.0001,False,128.0,128.0,,
train,,,,,,,81.68615460395813,5.0,92.0,1968.0,2.1338117122650146,0.999999463558197,0.00010000075251124195,0.0001,False,128.0,128.0,,
train,,,,,,,81.71763944625854,5.0,93.0,1969.0,2.1641018390655518,0.999999463558197,0.00010000021991469311,0.0001,False,128.0,128.0,,
train,,,,,,,81.75302410125732,5.0,94.0,1970.0,2.115560531616211,0.9999994039535522,0.00010000031440266,0.0001,False,128.0,128.0,,
train,,,,,,,81.79242730140686,5.0,95.0,1971.0,2.13461971282959,0.999999463558197,0.00010000045721105079,0.0001,False,128.0,128.0,,
train,,,,,,,81.8337664604187,5.0,96.0,1972.0,2.1029927730560303,0.999999463558197,0.00010000185948455026,0.0001,False,128.0,128.0,,
train,,,,,,,81.87245225906372,5.0,97.0,1973.0,2.1077189445495605,0.999999463558197,0.00010000055910818998,0.0001,False,128.0,128.0,,
train,,,,,,,81.91017293930054,5.0,98.0,1974.0,2.1194961071014404,0.9999995827674866,0.00010000015682942433,0.0001,False,128.0,128.0,,
train,,,,,,,81.9428379535675,5.0,99.0,1975.0,2.1337568759918213,0.9999995231628418,9.999944655416218e-05,0.0001,False,128.0,128.0,,
train,,,,,,,81.97858214378357,5.0,100.0,1976.0,2.1260716915130615,0.999999463558197,0.00010000184926721845,0.0001,False,128.0,128.0,,
train,,,,,,,82.01326894760132,5.0,101.0,1977.0,2.131385564804077,0.999999463558197,0.00010000238463058104,0.0001,False,128.0,128.0,,
train,,,,,,,82.0486810207367,5.0,102.0,1978.0,2.1078362464904785,0.999999463558197,0.00010000001846583276,0.0001,False,128.0,128.0,,
train,,,,,,,82.08256387710571,5.0,103.0,1979.0,2.1213901042938232,0.999999463558197,0.00010000204761597279,0.0001,False,128.0,128.0,,
train,,,,,,,82.1180169582367,5.0,104.0,1980.0,2.1018757820129395,0.9999995827674866,9.999943736224487e-05,0.0001,False,128.0,128.0,,
train,,,,,,,82.15445566177368,5.0,105.0,1981.0,2.118563652038574,0.9999994039535522,0.00010000001379942736,0.0001,False,128.0,128.0,,
train,,,,,,,82.19846558570862,5.0,106.0,1982.0,2.1243176460266113,0.9999995231628418,0.00010000176785811805,0.0001,False,128.0,128.0,,
train,,,,,,,82.23657536506653,5.0,107.0,1983.0,2.11171555519104,0.9999995231628418,0.00010000039110535633,0.0001,False,128.0,128.0,,
train,,,,,,,82.27281260490417,5.0,108.0,1984.0,2.133768081665039,0.999999463558197,9.999902833299539e-05,0.0001,False,128.0,128.0,,
train,,,,,,,82.30580234527588,5.0,109.0,1985.0,2.1200075149536133,0.9999995231628418,0.00010000176392470203,0.0001,False,128.0,128.0,,
train,,,,,,,82.34021067619324,5.0,110.0,1986.0,2.1444923877716064,0.999999463558197,0.0001000008104765739,0.0001,False,128.0,128.0,,
train,,,,,,,82.37609076499939,5.0,111.0,1987.0,2.1342689990997314,0.9999994039535522,0.00010000112885162309,0.0001,False,128.0,128.0,,
train,,,,,,,82.41347026824951,5.0,112.0,1988.0,2.1174700260162354,0.9999994039535522,9.999980504261517e-05,0.0001,False,128.0,128.0,,
train,,,,,,,82.45211410522461,5.0,113.0,1989.0,2.1099202632904053,0.9999995231628418,9.999829518567508e-05,0.0001,False,128.0,128.0,,
train,,,,,,,82.49038457870483,5.0,114.0,1990.0,2.119910955429077,0.9999994039535522,9.999988003916593e-05,0.0001,False,128.0,128.0,,
train,,,,,,,82.5391492843628,5.0,115.0,1991.0,2.1382858753204346,0.9999995231628418,0.00010000098462823737,0.0001,False,128.0,128.0,,
train,,,,,,,82.57252192497253,5.0,116.0,1992.0,2.1139204502105713,0.999999463558197,0.00010000020145076901,0.0001,False,128.0,128.0,,
train,,,,,,,82.6086847782135,5.0,117.0,1993.0,2.1216490268707275,0.9999995231628418,0.00010000090919883808,0.0001,False,128.0,128.0,,
train,,,,,,,82.64620113372803,5.0,118.0,1994.0,2.156097412109375,0.999999463558197,0.00010000028154275847,0.0001,False,128.0,128.0,,
train,,,,,,,82.68858408927917,5.0,119.0,1995.0,2.151859760284424,0.999999463558197,9.99995956261696e-05,0.0001,False,128.0,128.0,,
train,,,,,,,82.7360999584198,5.0,120.0,1996.0,2.110537052154541,0.9999995231628418,9.999881488381188e-05,0.0001,False,128.0,128.0,,
train,,,,,,,82.77300238609314,5.0,121.0,1997.0,2.1184403896331787,0.999999463558197,9.999751932303724e-05,0.0001,False,128.0,128.0,,
train,,,,,,,82.80840182304382,5.0,122.0,1998.0,2.1020543575286865,0.9999993443489075,9.99997399816632e-05,0.0001,False,128.0,128.0,,
train,,,,,,,82.84123277664185,5.0,123.0,1999.0,2.113720655441284,0.9999994039535522,0.00010000082484430362,0.0001,False,128.0,128.0,,
train,,,,,,,82.8763735294342,5.0,124.0,2000.0,2.1302192211151123,0.9999994039535522,9.999967300813002e-05,0.0001,False,128.0,128.0,,
train,,,,,,,82.9107563495636,5.0,125.0,2001.0,2.1486504077911377,0.9999994039535522,0.00010000165763567621,0.0001,False,128.0,128.0,,
train,,,,,,,82.94419431686401,5.0,126.0,2002.0,2.1307919025421143,0.9999994039535522,0.0001000017786630853,0.0001,False,128.0,128.0,,
train,,,,,,,82.97780847549438,5.0,127.0,2003.0,2.1208548545837402,0.9999994039535522,9.999810425206676e-05,0.0001,False,128.0,128.0,,
train,,,,,,,83.01414394378662,5.0,128.0,2004.0,2.120849847793579,0.9999995231628418,0.00010000052999318338,0.0001,False,128.0,128.0,,
train,,,,,,,83.04916739463806,5.0,129.0,2005.0,2.0844457149505615,0.999999463558197,9.999926640847514e-05,0.0001,False,128.0,128.0,,
train,,,,,,,83.08805274963379,5.0,130.0,2006.0,2.126448154449463,0.999999463558197,0.00010000016920882456,0.0001,False,128.0,128.0,,
train,,,,,,,83.12380743026733,5.0,131.0,2007.0,2.104417085647583,0.9999995231628418,9.999864799695963e-05,0.0001,False,128.0,128.0,,
train,,,,,,,83.15827894210815,5.0,132.0,2008.0,2.0773024559020996,0.999999463558197,9.999921461791242e-05,0.0001,False,128.0,128.0,,
train,,,,,,,83.1932156085968,5.0,133.0,2009.0,2.1046016216278076,0.9999994039535522,0.00010000190578995328,0.0001,False,128.0,128.0,,
train,,,,,,,83.23475694656372,5.0,134.0,2010.0,2.0900449752807617,0.9999994039535522,9.999955348738868e-05,0.0001,False,128.0,128.0,,
train,,,,,,,83.26975059509277,5.0,135.0,2011.0,2.158985137939453,0.9999995231628418,0.00010000093394444041,0.0001,False,128.0,128.0,,
train,,,,,,,83.31022596359253,5.0,136.0,2012.0,2.1285288333892822,0.9999995231628418,0.00010000050815095979,0.0001,False,128.0,128.0,,
train,,,,,,,83.34609341621399,5.0,137.0,2013.0,2.0868685245513916,0.9999995231628418,0.00010000072060123865,0.0001,False,128.0,128.0,,
train,,,,,,,83.38195395469666,5.0,138.0,2014.0,2.127746343612671,0.9999995231628418,9.999937356307292e-05,0.0001,False,128.0,128.0,,
train,,,,,,,83.41973638534546,5.0,139.0,2015.0,2.1219592094421387,0.9999994039535522,0.00010000018533305068,0.0001,False,128.0,128.0,,
train,,,,,,,83.45738530158997,5.0,140.0,2016.0,2.131193161010742,0.9999994039535522,0.00010000063422126831,0.0001,False,128.0,128.0,,
train,,,,,,,83.49683213233948,5.0,141.0,2017.0,2.1043450832366943,0.999999463558197,9.999921892006033e-05,0.0001,False,128.0,128.0,,
train,,,,,,,83.53380513191223,5.0,142.0,2018.0,2.103044033050537,0.999999463558197,0.00010000061069205922,0.0001,False,128.0,128.0,,
train,,,,,,,83.57205986976624,5.0,143.0,2019.0,2.088022470474243,0.9999995231628418,0.0001000002223389638,0.0001,False,128.0,128.0,,
train,,,,,,,83.60924077033997,5.0,144.0,2020.0,2.1376025676727295,0.9999995231628418,0.00010000021378679571,0.0001,False,128.0,128.0,,
train,,,,,,,83.64407324790955,5.0,145.0,2021.0,2.1101949214935303,0.9999995231628418,0.00010000022342750036,0.0001,False,128.0,128.0,,
train,,,,,,,83.68182563781738,5.0,146.0,2022.0,2.108332872390747,0.999999463558197,0.00010000040941095253,0.0001,False,128.0,128.0,,
train,,,,,,,83.74449276924133,5.0,147.0,2023.0,2.1295547485351562,0.9999995231628418,0.00010000114377441222,0.0001,False,128.0,128.0,,
train,,,,,,,83.77849245071411,5.0,148.0,2024.0,2.0936403274536133,0.9999995231628418,0.00010000077843865424,0.0001,False,128.0,128.0,,
train,,,,,,,83.81002950668335,5.0,149.0,2025.0,2.1481945514678955,0.999999463558197,9.999826034749088e-05,0.0001,False,128.0,128.0,,
train,,,,,,,83.84472036361694,5.0,150.0,2026.0,2.1079869270324707,0.999999463558197,0.00010000138565685779,0.0001,False,128.0,128.0,,
train,,,,,,,83.8843584060669,5.0,151.0,2027.0,2.1118428707122803,0.9999994039535522,0.00010000017490738138,0.0001,False,128.0,128.0,,
train,,,,,,,83.92171812057495,5.0,152.0,2028.0,2.130920648574829,0.9999994039535522,0.00010000006205941615,0.0001,False,128.0,128.0,,
train,,,,,,,83.95580077171326,5.0,153.0,2029.0,2.119825601577759,0.9999994039535522,9.999929834930036e-05,0.0001,False,128.0,128.0,,
train,,,,,,,83.98941397666931,5.0,154.0,2030.0,2.0990960597991943,0.9999993443489075,0.00010000100757840034,0.0001,False,128.0,128.0,,
train,,,,,,,84.02236247062683,5.0,155.0,2031.0,2.14851713180542,0.9999994039535522,9.999958709563205e-05,0.0001,False,128.0,128.0,,
train,,,,,,,84.0559754371643,5.0,156.0,2032.0,2.104175567626953,0.9999993443489075,0.00010000122024445598,0.0001,False,128.0,128.0,,
train,,,,,,,84.10261368751526,5.0,157.0,2033.0,2.1352267265319824,0.999999463558197,9.999884889996818e-05,0.0001,False,128.0,128.0,,
train,,,,,,,84.13833045959473,5.0,158.0,2034.0,2.133488178253174,0.9999994039535522,9.999945644214023e-05,0.0001,False,128.0,128.0,,
train,,,,,,,84.17534232139587,5.0,159.0,2035.0,2.1061344146728516,0.999999463558197,9.99990863730532e-05,0.0001,False,128.0,128.0,,
train,,,,,,,84.20896244049072,5.0,160.0,2036.0,2.1378870010375977,0.9999994039535522,0.00010000140338982123,0.0001,False,128.0,128.0,,
train,,,,,,,84.2443118095398,5.0,161.0,2037.0,2.092863082885742,0.9999994039535522,0.00010000120187612523,0.0001,False,128.0,128.0,,
train,,,,,,,84.28085160255432,5.0,162.0,2038.0,2.1445200443267822,0.9999995231628418,0.00010000010305089805,0.0001,False,128.0,128.0,,
train,,,,,,,84.31706070899963,5.0,163.0,2039.0,2.089587688446045,0.999999463558197,0.0001000004724158314,0.0001,False,128.0,128.0,,
train,,,,,,,84.35739636421204,5.0,164.0,2040.0,2.116960048675537,0.999999463558197,9.999973842474482e-05,0.0001,False,128.0,128.0,,
train,,,,,,,84.39269590377808,5.0,165.0,2041.0,2.1300394535064697,0.999999463558197,0.00010000154072585715,0.0001,False,128.0,128.0,,
train,,,,,,,84.43287777900696,5.0,166.0,2042.0,2.10986328125,0.999999463558197,0.00010000158944046674,0.0001,False,128.0,128.0,,
train,,,,,,,84.47172260284424,5.0,167.0,2043.0,2.1376664638519287,0.9999995231628418,9.999996378300713e-05,0.0001,False,128.0,128.0,,
train,,,,,,,84.5090560913086,5.0,168.0,2044.0,2.1377038955688477,0.9999994039535522,9.999960145052705e-05,0.0001,False,128.0,128.0,,
train,,,,,,,84.54437685012817,5.0,169.0,2045.0,2.115208625793457,0.9999994039535522,0.00010000040989667313,0.0001,False,128.0,128.0,,
train,,,,,,,84.58017230033875,5.0,170.0,2046.0,2.1597118377685547,0.9999994039535522,9.999938756237808e-05,0.0001,False,128.0,128.0,,
train,,,,,,,84.61730575561523,5.0,171.0,2047.0,2.098757028579712,0.9999995231628418,0.00010000051869585598,0.0001,False,128.0,128.0,,
train,,,,,,,84.65642428398132,5.0,172.0,2048.0,2.0886213779449463,0.999999463558197,9.999825027724541e-05,0.0001,False,128.0,128.0,,
train,,,,,,,84.69354343414307,5.0,173.0,2049.0,2.130094289779663,0.999999463558197,9.999816389947806e-05,0.0001,False,128.0,128.0,,
train,,,,,,,84.72887992858887,5.0,174.0,2050.0,2.139241933822632,0.9999994039535522,0.0001000021699330825,0.0001,False,128.0,128.0,,
train,,,,,,,84.76329636573792,5.0,175.0,2051.0,2.151960849761963,0.9999994039535522,9.999818293407907e-05,0.0001,False,128.0,128.0,,
train,,,,,,,84.8001139163971,5.0,176.0,2052.0,2.1185288429260254,0.999999463558197,9.999883200356561e-05,0.0001,False,128.0,128.0,,
train,,,,,,,84.83755564689636,5.0,177.0,2053.0,2.126856803894043,0.999999463558197,0.00010000039792712948,0.0001,False,128.0,128.0,,
train,,,,,,,84.87510108947754,5.0,178.0,2054.0,2.0914602279663086,0.999999463558197,9.999988827477518e-05,0.0001,False,128.0,128.0,,
train,,,,,,,84.91323685646057,5.0,179.0,2055.0,2.0992844104766846,0.9999996423721313,0.00010000145293064777,0.0001,False,128.0,128.0,,
train,,,,,,,84.94980502128601,5.0,180.0,2056.0,2.1599225997924805,0.9999994039535522,9.999945978366943e-05,0.0001,False,128.0,128.0,,
train,,,,,,,84.98790097236633,5.0,181.0,2057.0,2.0947341918945312,0.9999994039535522,0.00010000201285932519,0.0001,False,128.0,128.0,,
train,,,,,,,85.02170872688293,5.0,182.0,2058.0,2.1222329139709473,0.999999463558197,0.00010000014019995611,0.0001,False,128.0,128.0,,
train,,,,,,,85.05575370788574,5.0,183.0,2059.0,2.1107029914855957,0.9999994039535522,9.99994322989921e-05,0.0001,False,128.0,128.0,,
train,,,,,,,85.09627270698547,5.0,184.0,2060.0,2.1116466522216797,0.9999995231628418,0.00010000104052479858,0.0001,False,128.0,128.0,,
train,,,,,,,85.13627743721008,5.0,185.0,2061.0,2.096917152404785,0.9999994039535522,9.999925559239434e-05,0.0001,False,128.0,128.0,,
train,,,,,,,85.17553091049194,5.0,186.0,2062.0,2.1370017528533936,0.9999995827674866,0.00010000004574435065,0.0001,False,128.0,128.0,,
train,,,,,,,85.20891880989075,5.0,187.0,2063.0,2.1202545166015625,0.9999994039535522,0.000100000255172864,0.0001,False,128.0,128.0,,
train,,,,,,,85.24869155883789,5.0,188.0,2064.0,2.146908760070801,0.999999463558197,9.999892424852132e-05,0.0001,False,128.0,128.0,,
train,,,,,,,85.28769612312317,5.0,189.0,2065.0,2.131438732147217,0.9999994039535522,0.00010000166331246453,0.0001,False,128.0,128.0,,
train,,,,,,,85.32797002792358,5.0,190.0,2066.0,2.118269920349121,0.999999463558197,9.999963797960556e-05,0.0001,False,128.0,128.0,,
train,,,,,,,85.36163878440857,5.0,191.0,2067.0,2.1083860397338867,0.999999463558197,0.00010000011394278125,0.0001,False,128.0,128.0,,
train,,,,,,,85.40064239501953,5.0,192.0,2068.0,2.092515468597412,0.9999993443489075,9.99985550535128e-05,0.0001,False,128.0,128.0,,
train,,,,,,,85.44189524650574,5.0,193.0,2069.0,2.1267385482788086,0.9999994039535522,9.999938994763744e-05,0.0001,False,128.0,128.0,,
train,,,,,,,85.47962713241577,5.0,194.0,2070.0,2.128516912460327,0.9999993443489075,0.00010000073133042546,0.0001,False,128.0,128.0,,
train,,,,,,,85.51737546920776,5.0,195.0,2071.0,2.114063262939453,0.9999995231628418,0.000100001078445452,0.0001,False,128.0,128.0,,
train,,,,,,,85.5569076538086,5.0,196.0,2072.0,2.1118268966674805,0.999999463558197,9.999991074163517e-05,0.0001,False,128.0,128.0,,
train,,,,,,,85.59291744232178,5.0,197.0,2073.0,2.107184410095215,0.9999993443489075,0.00010000081831746016,0.0001,False,128.0,128.0,,
train,,,,,,,85.63723373413086,5.0,198.0,2074.0,2.1423721313476562,0.9999995231628418,9.999943211033985e-05,0.0001,False,128.0,128.0,,
train,,,,,,,85.68007516860962,5.0,199.0,2075.0,2.1291651725769043,0.9999994039535522,0.00010000155925675346,0.0001,False,128.0,128.0,,
train,,,,,,,85.71600437164307,5.0,200.0,2076.0,2.132610559463501,0.9999995231628418,9.999851515211994e-05,0.0001,False,128.0,128.0,,
train,,,,,,,85.74974751472473,5.0,201.0,2077.0,2.131709098815918,0.9999995827674866,9.99993330223231e-05,0.0001,False,128.0,128.0,,
train,,,,,,,85.78808331489563,5.0,202.0,2078.0,2.1312239170074463,0.999999463558197,0.00010000102059303125,0.0001,False,128.0,128.0,,
train,,,,,,,85.8245952129364,5.0,203.0,2079.0,2.0937530994415283,0.999999463558197,0.00010000132188061257,0.0001,False,128.0,128.0,,
train,,,,,,,85.86071801185608,5.0,204.0,2080.0,2.0625557899475098,0.999999463558197,0.00010000016444267976,0.0001,False,128.0,128.0,,
train,,,,,,,85.89747595787048,5.0,205.0,2081.0,2.1004252433776855,0.999999463558197,0.0001000000369059382,0.0001,False,128.0,128.0,,
train,,,,,,,85.93695497512817,5.0,206.0,2082.0,2.101393461227417,0.9999993443489075,0.00010000010786475062,0.0001,False,128.0,128.0,,
train,,,,,,,85.97575187683105,5.0,207.0,2083.0,2.1347522735595703,0.9999993443489075,0.00010000162228259155,0.0001,False,128.0,128.0,,
train,,,,,,,86.0095579624176,5.0,208.0,2084.0,2.104140043258667,0.999999463558197,0.00010000048801092055,0.0001,False,128.0,128.0,,
train,,,,,,,86.04762554168701,5.0,209.0,2085.0,2.1276607513427734,0.9999995231628418,0.00010000209082704044,0.0001,False,128.0,128.0,,
train,,,,,,,86.08446049690247,5.0,210.0,2086.0,2.1105093955993652,0.999999463558197,0.00010000022129379522,0.0001,False,128.0,128.0,,
train,,,,,,,86.1215569972992,5.0,211.0,2087.0,2.116264820098877,0.9999994039535522,9.999825988778116e-05,0.0001,False,128.0,128.0,,
train,,,,,,,86.15562796592712,5.0,212.0,2088.0,2.121037006378174,0.999999463558197,9.999912910834735e-05,0.0001,False,128.0,128.0,,
train,,,,,,,86.19213676452637,5.0,213.0,2089.0,2.094590187072754,0.999999463558197,0.0001000016569504718,0.0001,False,128.0,128.0,,
train,,,,,,,86.2298355102539,5.0,214.0,2090.0,2.107971429824829,0.9999994039535522,9.99999447921132e-05,0.0001,False,128.0,128.0,,
train,,,,,,,86.26741647720337,5.0,215.0,2091.0,2.0914053916931152,0.9999993443489075,0.00010000069921441843,0.0001,False,128.0,128.0,,
train,,,,,,,86.3083655834198,5.0,216.0,2092.0,2.069509744644165,0.9999995231628418,0.00010000019075621976,0.0001,False,128.0,128.0,,
train,,,,,,,86.34351778030396,5.0,217.0,2093.0,2.08884334564209,0.9999994039535522,9.999901644785499e-05,0.0001,False,128.0,128.0,,
train,,,,,,,86.38247656822205,5.0,218.0,2094.0,2.1393728256225586,0.999999463558197,9.99998392340757e-05,0.0001,False,128.0,128.0,,
train,,,,,,,86.42376446723938,5.0,219.0,2095.0,2.1190192699432373,0.9999993443489075,9.999957851955709e-05,0.0001,False,128.0,128.0,,
train,,,,,,,86.4675509929657,5.0,220.0,2096.0,2.1106064319610596,0.9999995231628418,9.999950290911872e-05,0.0001,False,128.0,128.0,,
train,,,,,,,86.50854086875916,5.0,221.0,2097.0,2.1458189487457275,0.9999994039535522,9.999900468848188e-05,0.0001,False,128.0,128.0,,
train,,,,,,,86.54186844825745,5.0,222.0,2098.0,2.1238908767700195,0.9999993443489075,0.00010000217878865328,0.0001,False,128.0,128.0,,
train,,,,,,,86.58026432991028,5.0,223.0,2099.0,2.0787298679351807,0.9999995231628418,0.00010000056189240555,0.0001,False,128.0,128.0,,
train,,,,,,,86.62322735786438,5.0,224.0,2100.0,2.107135534286499,0.9999995231628418,0.00010000140095690566,0.0001,False,128.0,128.0,,
train,,,,,,,86.65830731391907,5.0,225.0,2101.0,2.102105140686035,0.9999994039535522,0.0001000000793676074,0.0001,False,128.0,128.0,,
train,,,,,,,86.69734764099121,5.0,226.0,2102.0,2.091470241546631,0.9999995231628418,0.00010000001013916126,0.0001,False,128.0,128.0,,
train,,,,,,,86.73079371452332,5.0,227.0,2103.0,2.08394193649292,0.9999994039535522,9.999973200625096e-05,0.0001,False,128.0,128.0,,
train,,,,,,,86.76801228523254,5.0,228.0,2104.0,2.0980846881866455,0.9999995231628418,9.999987655670431e-05,0.0001,False,128.0,128.0,,
train,,,,,,,86.80856513977051,5.0,229.0,2105.0,2.099447727203369,0.999999463558197,0.00010000075556433226,0.0001,False,128.0,128.0,,
train,,,,,,,86.8431544303894,5.0,230.0,2106.0,2.0976059436798096,0.999999463558197,0.00010000065767024143,0.0001,False,128.0,128.0,,
train,,,,,,,86.88149404525757,5.0,231.0,2107.0,2.1055002212524414,0.9999995231628418,9.999965493225067e-05,0.0001,False,128.0,128.0,,
train,,,,,,,86.918785572052,5.0,232.0,2108.0,2.1016767024993896,0.9999994039535522,9.999897799515514e-05,0.0001,False,128.0,128.0,,
train,,,,,,,86.95733141899109,5.0,233.0,2109.0,2.1187856197357178,0.9999994039535522,0.00010000060803578008,0.0001,False,128.0,128.0,,
train,,,,,,,86.99499726295471,5.0,234.0,2110.0,2.0905866622924805,0.9999994039535522,0.00010000102197862748,0.0001,False,128.0,128.0,,
train,,,,,,,87.02850413322449,5.0,235.0,2111.0,2.1219325065612793,0.9999994039535522,0.00010000179284636485,0.0001,False,128.0,128.0,,
train,,,,,,,87.06339311599731,5.0,236.0,2112.0,2.106537342071533,0.9999995827674866,9.999940947206737e-05,0.0001,False,128.0,128.0,,
train,,,,,,,87.09945726394653,5.0,237.0,2113.0,2.094510078430176,0.9999994039535522,0.00010000101221873879,0.0001,False,128.0,128.0,,
train,,,,,,,87.136146068573,5.0,238.0,2114.0,2.1379494667053223,0.999999463558197,9.999861269485338e-05,0.0001,False,128.0,128.0,,
train,,,,,,,87.17441487312317,5.0,239.0,2115.0,2.1216955184936523,0.9999994039535522,0.00010000152040821941,0.0001,False,128.0,128.0,,
train,,,,,,,87.20967555046082,5.0,240.0,2116.0,2.0988998413085938,0.9999995827674866,0.00010000152437850733,0.0001,False,128.0,128.0,,
train,,,,,,,87.24698305130005,5.0,241.0,2117.0,2.104304552078247,0.9999994039535522,0.00010000021811492145,0.0001,False,128.0,128.0,,
train,,,,,,,87.28719449043274,5.0,242.0,2118.0,2.100417375564575,0.999999463558197,9.999953312814732e-05,0.0001,False,128.0,128.0,,
train,,,,,,,87.33343410491943,5.0,243.0,2119.0,2.0979461669921875,0.9999995231628418,0.00010000002346617213,0.0001,False,128.0,128.0,,
train,,,,,,,87.37298154830933,5.0,244.0,2120.0,2.123809814453125,0.9999994039535522,0.00010000146661958457,0.0001,False,128.0,128.0,,
train,,,,,,,87.40800046920776,5.0,245.0,2121.0,2.07857346534729,0.9999993443489075,9.999932106566108e-05,0.0001,False,128.0,128.0,,
train,,,,,,,87.4431574344635,5.0,246.0,2122.0,2.125288724899292,0.999999463558197,0.00010000040388588073,0.0001,False,128.0,128.0,,
train,,,,,,,87.47923231124878,5.0,247.0,2123.0,2.150604486465454,0.9999994039535522,9.999988662678602e-05,0.0001,False,128.0,128.0,,
train,,,,,,,87.51502847671509,5.0,248.0,2124.0,2.1042802333831787,0.9999994039535522,0.0001000001116941485,0.0001,False,128.0,128.0,,
train,,,,,,,87.55117845535278,5.0,249.0,2125.0,2.102618932723999,0.999999463558197,9.999955927271714e-05,0.0001,False,128.0,128.0,,
train,,,,,,,87.5865409374237,5.0,250.0,2126.0,2.104875087738037,0.9999994039535522,0.00010000094319476653,0.0001,False,128.0,128.0,,
train,,,,,,,87.61983251571655,5.0,251.0,2127.0,2.0880346298217773,0.9999994039535522,9.999780995238523e-05,0.0001,False,128.0,128.0,,
train,,,,,,,87.65768361091614,5.0,252.0,2128.0,2.115778923034668,0.999999463558197,9.999955126476428e-05,0.0001,False,128.0,128.0,,
train,,,,,,,87.69360399246216,5.0,253.0,2129.0,2.138467788696289,0.9999995827674866,0.00010000000847816369,0.0001,False,128.0,128.0,,
train,,,,,,,87.72836470603943,5.0,254.0,2130.0,2.13339900970459,0.9999994039535522,9.999919127268517e-05,0.0001,False,128.0,128.0,,
train,,,,,,,87.76762819290161,5.0,255.0,2131.0,2.111421823501587,0.9999994039535522,9.999931535838193e-05,0.0001,False,128.0,128.0,,
train,,,,,,,87.8037416934967,5.0,256.0,2132.0,2.1216821670532227,0.999999463558197,9.999910819173468e-05,0.0001,False,128.0,128.0,,
train,,,,,,,87.84137988090515,5.0,257.0,2133.0,2.1155104637145996,0.9999994039535522,0.0001000008732686983,0.0001,False,128.0,128.0,,
train,,,,,,,87.87613034248352,5.0,258.0,2134.0,2.10516095161438,0.9999995827674866,0.00010000236015204512,0.0001,False,128.0,128.0,,
train,,,,,,,87.91214275360107,5.0,259.0,2135.0,2.1099653244018555,0.9999993443489075,9.999944889388338e-05,0.0001,False,128.0,128.0,,
train,,,,,,,87.94702625274658,5.0,260.0,2136.0,2.110029697418213,0.9999996423721313,9.99986221535639e-05,0.0001,False,128.0,128.0,,
train,,,,,,,87.98107695579529,5.0,261.0,2137.0,2.1351518630981445,0.999999463558197,0.00010000143330470327,0.0001,False,128.0,128.0,,
train,,,,,,,88.01823306083679,5.0,262.0,2138.0,2.0823633670806885,0.9999994039535522,0.00010000176621015987,0.0001,False,128.0,128.0,,
train,,,,,,,88.05470180511475,5.0,263.0,2139.0,2.1209607124328613,0.9999992847442627,9.999937384496725e-05,0.0001,False,128.0,128.0,,
train,,,,,,,88.08814191818237,5.0,264.0,2140.0,2.107381820678711,0.999999463558197,0.00010000185929373421,0.0001,False,128.0,128.0,,
train,,,,,,,88.13217902183533,5.0,265.0,2141.0,2.1075265407562256,0.9999994039535522,0.00010000072570562556,0.0001,False,128.0,128.0,,
train,,,,,,,88.16588568687439,5.0,266.0,2142.0,2.105304718017578,0.999999463558197,9.999957966231099e-05,0.0001,False,128.0,128.0,,
train,,,,,,,88.19962406158447,5.0,267.0,2143.0,2.138960123062134,0.9999994039535522,0.00010000078907893097,0.0001,False,128.0,128.0,,
train,,,,,,,88.23575520515442,5.0,268.0,2144.0,2.08415150642395,0.999999463558197,0.00010000067695373259,0.0001,False,128.0,128.0,,
train,,,,,,,88.27205920219421,5.0,269.0,2145.0,2.0917303562164307,0.9999994039535522,0.0001000007980083492,0.0001,False,128.0,128.0,,
train,,,,,,,88.30675148963928,5.0,270.0,2146.0,2.090426445007324,0.9999993443489075,9.999909352017896e-05,0.0001,False,128.0,128.0,,
train,,,,,,,88.342604637146,5.0,271.0,2147.0,2.0583298206329346,0.999999463558197,9.999927329971446e-05,0.0001,False,128.0,128.0,,
train,,,,,,,88.37802624702454,5.0,272.0,2148.0,2.139787435531616,0.9999995827674866,0.00010000037349798036,0.0001,False,128.0,128.0,,
train,,,,,,,88.41446781158447,5.0,273.0,2149.0,2.111732244491577,0.999999463558197,9.99985481817399e-05,0.0001,False,128.0,128.0,,
train,,,,,,,88.4493818283081,5.0,274.0,2150.0,2.0998244285583496,0.999999463558197,9.999830066098924e-05,0.0001,False,128.0,128.0,,
train,,,,,,,88.48725366592407,5.0,275.0,2151.0,2.089127779006958,0.9999994039535522,0.00010000013880784246,0.0001,False,128.0,128.0,,
train,,,,,,,88.5223069190979,5.0,276.0,2152.0,2.09228253364563,0.999999463558197,0.00010000071396596895,0.0001,False,128.0,128.0,,
train,,,,,,,88.56179547309875,5.0,277.0,2153.0,2.126737356185913,0.999999463558197,0.00010000086060098994,0.0001,False,128.0,128.0,,
train,,,,,,,88.59783744812012,5.0,278.0,2154.0,2.120384693145752,0.999999463558197,9.999902217466703e-05,0.0001,False,128.0,128.0,,
train,,,,,,,88.63644671440125,5.0,279.0,2155.0,2.132439136505127,0.9999994039535522,0.00010000075732072648,0.0001,False,128.0,128.0,,
train,,,,,,,88.67356443405151,5.0,280.0,2156.0,2.1204071044921875,0.9999994039535522,0.00010000126747605192,0.0001,False,128.0,128.0,,
train,,,,,,,88.71110820770264,5.0,281.0,2157.0,2.102003335952759,0.9999992847442627,9.999846121441482e-05,0.0001,False,128.0,128.0,,
train,,,,,,,88.75007653236389,5.0,282.0,2158.0,2.085923910140991,0.9999995231628418,9.999848498048932e-05,0.0001,False,128.0,128.0,,
train,,,,,,,88.78858995437622,5.0,283.0,2159.0,2.141580104827881,0.9999994039535522,0.0001000022983170987,0.0001,False,128.0,128.0,,
train,,,,,,,88.82650971412659,5.0,284.0,2160.0,2.13818097114563,0.9999994039535522,9.999985294058066e-05,0.0001,False,128.0,128.0,,
train,,,,,,,88.86611318588257,5.0,285.0,2161.0,2.0899696350097656,0.999999463558197,9.999889160934267e-05,0.0001,False,128.0,128.0,,
train,,,,,,,88.90101504325867,5.0,286.0,2162.0,2.1375389099121094,0.9999995231628418,0.00010000142923032982,0.0001,False,128.0,128.0,,
train,,,,,,,88.93868350982666,5.0,287.0,2163.0,2.1260769367218018,0.9999994039535522,0.00010000210061934925,0.0001,False,128.0,128.0,,
train,,,,,,,88.97417092323303,5.0,288.0,2164.0,2.1145918369293213,0.9999994039535522,0.0001000026356170839,0.0001,False,128.0,128.0,,
train,,,,,,,89.00655603408813,5.0,289.0,2165.0,2.047321319580078,0.999999463558197,0.0001000000441614162,0.0001,False,128.0,128.0,,
train,,,,,,,89.04251289367676,5.0,290.0,2166.0,2.0982892513275146,0.9999995827674866,0.00010000029756938858,0.0001,False,128.0,128.0,,
train,,,,,,,89.07905673980713,5.0,291.0,2167.0,2.10583233833313,0.999999463558197,0.00010000220064785884,0.0001,False,128.0,128.0,,
train,,,,,,,89.11518049240112,5.0,292.0,2168.0,2.087401866912842,0.9999994039535522,0.00010000114866627636,0.0001,False,128.0,128.0,,
train,,,,,,,89.15219688415527,5.0,293.0,2169.0,2.0851991176605225,0.999999463558197,0.00010000024256579252,0.0001,False,128.0,128.0,,
train,,,,,,,89.18776178359985,5.0,294.0,2170.0,2.10748553276062,0.9999995231628418,9.999898607471198e-05,0.0001,False,128.0,128.0,,
train,,,,,,,89.22702646255493,5.0,295.0,2171.0,2.088888645172119,0.9999994039535522,9.999848493278371e-05,0.0001,False,128.0,128.0,,
train,,,,,,,89.26125288009644,5.0,296.0,2172.0,2.0829219818115234,0.999999463558197,0.00010000066984358262,0.0001,False,128.0,128.0,,
train,,,,,,,89.29796004295349,5.0,297.0,2173.0,2.0727651119232178,0.999999463558197,9.999978445574207e-05,0.0001,False,128.0,128.0,,
train,,,,,,,89.3343186378479,5.0,298.0,2174.0,2.093862295150757,0.9999994039535522,0.00010000124659891732,0.0001,False,128.0,128.0,,
train,,,,,,,89.37258577346802,5.0,299.0,2175.0,2.110391616821289,0.999999463558197,9.99992038907313e-05,0.0001,False,128.0,128.0,,
train,,,,,,,89.40878343582153,5.0,300.0,2176.0,2.0712945461273193,0.9999994039535522,9.999922750483983e-05,0.0001,False,128.0,128.0,,
train,,,,,,,89.44270420074463,5.0,301.0,2177.0,2.1369681358337402,0.9999995231628418,0.00010000071671548598,0.0001,False,128.0,128.0,,
train,,,,,,,89.48055267333984,5.0,302.0,2178.0,2.065828561782837,0.9999994039535522,9.999994068298461e-05,0.0001,False,128.0,128.0,,
train,,,,,,,89.51554083824158,5.0,303.0,2179.0,2.109116554260254,0.9999993443489075,0.00010000262768093285,0.0001,False,128.0,128.0,,
train,,,,,,,89.55210614204407,5.0,304.0,2180.0,2.112229108810425,0.9999994039535522,0.00010000154839321649,0.0001,False,128.0,128.0,,
train,,,,,,,89.59356546401978,5.0,305.0,2181.0,2.0735175609588623,0.9999992847442627,9.99996542253484e-05,0.0001,False,128.0,128.0,,
train,,,,,,,89.62942743301392,5.0,306.0,2182.0,2.086329936981201,0.9999995231628418,0.00010000110441831577,0.0001,False,128.0,128.0,,
train,,,,,,,89.66619181632996,5.0,307.0,2183.0,2.1060545444488525,0.9999995231628418,0.00010000029897017361,0.0001,False,128.0,128.0,,
train,,,,,,,89.70255184173584,5.0,308.0,2184.0,2.0639941692352295,0.999999463558197,9.999972117721006e-05,0.0001,False,128.0,128.0,,
train,,,,,,,89.73595809936523,5.0,309.0,2185.0,2.1090126037597656,0.9999995827674866,0.00010000162109432524,0.0001,False,128.0,128.0,,
train,,,,,,,89.77517747879028,5.0,310.0,2186.0,2.120910882949829,0.9999994039535522,9.999957008659669e-05,0.0001,False,128.0,128.0,,
train,,,,,,,89.81600546836853,5.0,311.0,2187.0,2.068009376525879,0.9999993443489075,0.00010000036652875458,0.0001,False,128.0,128.0,,
train,,,,,,,89.85760998725891,5.0,312.0,2188.0,2.094136953353882,0.999999463558197,9.999981533821855e-05,0.0001,False,128.0,128.0,,
train,,,,,,,89.90379166603088,5.0,313.0,2189.0,2.0906002521514893,0.9999994039535522,9.99996295488186e-05,0.0001,False,128.0,128.0,,
train,,,,,,,89.93976736068726,5.0,314.0,2190.0,2.1025586128234863,0.9999993443489075,0.00010000224147800579,0.0001,False,128.0,128.0,,
train,,,,,,,89.9874849319458,5.0,315.0,2191.0,2.1099491119384766,0.9999994039535522,0.00010000021646693772,0.0001,False,128.0,128.0,,
train,,,,,,,90.02378702163696,5.0,316.0,2192.0,2.123018741607666,0.9999994039535522,9.999937011095152e-05,0.0001,False,128.0,128.0,,
train,,,,,,,90.06105732917786,5.0,317.0,2193.0,2.0872201919555664,0.999999463558197,0.000100001402095302,0.0001,False,128.0,128.0,,
train,,,,,,,90.10784673690796,5.0,318.0,2194.0,2.125612258911133,0.9999995231628418,0.0001000001188802322,0.0001,False,128.0,128.0,,
train,,,,,,,90.14612150192261,5.0,319.0,2195.0,2.0841023921966553,0.999999463558197,9.999956094022742e-05,0.0001,False,128.0,128.0,,
train,,,,,,,90.17975640296936,5.0,320.0,2196.0,2.0895509719848633,0.9999995827674866,0.00010000143978380239,0.0001,False,128.0,128.0,,
train,,,,,,,90.21469497680664,5.0,321.0,2197.0,2.060837745666504,0.9999995231628418,0.00010000118905016684,0.0001,False,128.0,128.0,,
train,,,,,,,90.24755907058716,5.0,322.0,2198.0,2.080068588256836,0.999999463558197,0.0001000012548083935,0.0001,False,128.0,128.0,,
train,,,,,,,90.28593254089355,5.0,323.0,2199.0,2.092912197113037,0.999999463558197,0.0001000002017781974,0.0001,False,128.0,128.0,,
train,,,,,,,90.31939172744751,5.0,324.0,2200.0,2.1062984466552734,0.999999463558197,0.00010000036140700216,0.0001,False,128.0,128.0,,
train,,,,,,,90.3542127609253,5.0,325.0,2201.0,2.1190061569213867,0.9999995231628418,0.00010000101207562554,0.0001,False,128.0,128.0,,
train,,,,,,,90.38751721382141,5.0,326.0,2202.0,2.11269474029541,0.999999463558197,0.00010000007645110583,0.0001,False,128.0,128.0,,
train,,,,,,,90.42232847213745,5.0,327.0,2203.0,2.1014301776885986,0.9999992847442627,9.999870970839417e-05,0.0001,False,128.0,128.0,,
train,,,,,,,90.46011257171631,5.0,328.0,2204.0,2.095405101776123,0.9999994039535522,0.00010000107685819713,0.0001,False,128.0,128.0,,
train,,,,,,,90.49702739715576,5.0,329.0,2205.0,2.1133387088775635,0.9999994039535522,0.00010000041876974694,0.0001,False,128.0,128.0,,
train,,,,,,,90.53291273117065,5.0,330.0,2206.0,2.104032516479492,0.999999463558197,0.00010000083907325455,0.0001,False,128.0,128.0,,
train,,,,,,,90.5660765171051,5.0,331.0,2207.0,2.0820086002349854,0.9999994039535522,9.9999399326043e-05,0.0001,False,128.0,128.0,,
train,,,,,,,90.60625839233398,5.0,332.0,2208.0,2.095074415206909,0.9999995231628418,0.00010000064646833763,0.0001,False,128.0,128.0,,
train,,,,,,,90.64652109146118,5.0,333.0,2209.0,2.125645875930786,0.9999994039535522,0.00010000220754973774,0.0001,False,128.0,128.0,,
train,,,,,,,90.68454051017761,5.0,334.0,2210.0,2.088078260421753,0.999999463558197,0.00010000114679930164,0.0001,False,128.0,128.0,,
train,,,,,,,90.72158360481262,5.0,335.0,2211.0,2.1280744075775146,0.999999463558197,0.00010000107675411483,0.0001,False,128.0,128.0,,
train,,,,,,,90.7603394985199,5.0,336.0,2212.0,2.07570481300354,0.9999994039535522,0.00010000049897431882,0.0001,False,128.0,128.0,,
train,,,,,,,90.79739832878113,5.0,337.0,2213.0,2.101287841796875,0.9999995827674866,0.00010000058235768867,0.0001,False,128.0,128.0,,
train,,,,,,,90.83204698562622,5.0,338.0,2214.0,2.126487970352173,0.9999994039535522,0.00010000012804823446,0.0001,False,128.0,128.0,,
train,,,,,,,90.86988472938538,5.0,339.0,2215.0,2.1337926387786865,0.9999994039535522,0.00010000039260154946,0.0001,False,128.0,128.0,,
train,,,,,,,90.9109194278717,5.0,340.0,2216.0,2.0568649768829346,0.9999995231628418,9.999879095952035e-05,0.0001,False,128.0,128.0,,
train,,,,,,,90.94927310943604,5.0,341.0,2217.0,2.0823745727539062,0.999999463558197,9.999951369047812e-05,0.0001,False,128.0,128.0,,
train,,,,,,,90.9856276512146,5.0,342.0,2218.0,2.1001925468444824,0.999999463558197,9.999980888503509e-05,0.0001,False,128.0,128.0,,
train,,,,,,,91.01741528511047,5.0,343.0,2219.0,2.0914573669433594,0.9999994039535522,0.00010000086345024868,0.0001,False,128.0,128.0,,
train,,,,,,,91.06141686439514,5.0,344.0,2220.0,2.131361961364746,0.9999995827674866,9.999998881290442e-05,0.0001,False,128.0,128.0,,
train,,,,,,,91.09853720664978,5.0,345.0,2221.0,2.09179949760437,0.9999994039535522,9.99991243356477e-05,0.0001,False,128.0,128.0,,
train,,,,,,,91.13545775413513,5.0,346.0,2222.0,2.093099594116211,0.9999994039535522,0.00010000066064527258,0.0001,False,128.0,128.0,,
train,,,,,,,91.16874551773071,5.0,347.0,2223.0,2.1061017513275146,0.9999994039535522,9.999929702222758e-05,0.0001,False,128.0,128.0,,
train,,,,,,,91.20571303367615,5.0,348.0,2224.0,2.124896764755249,0.9999994039535522,0.00010000005727158222,0.0001,False,128.0,128.0,,
train,,,,,,,91.24173593521118,5.0,349.0,2225.0,2.0852718353271484,0.999999463558197,9.999843877541884e-05,0.0001,False,128.0,128.0,,
train,,,,,,,91.27741360664368,5.0,350.0,2226.0,2.1067910194396973,0.999999463558197,0.00010000020540376209,0.0001,False,128.0,128.0,,
train,,,,,,,91.31664562225342,5.0,351.0,2227.0,2.117501735687256,0.9999995231628418,9.999997452528557e-05,0.0001,False,128.0,128.0,,
train,,,,,,,91.35787582397461,5.0,352.0,2228.0,2.0940301418304443,0.9999995231628418,0.00010000078040538165,0.0001,False,128.0,128.0,,
train,,,,,,,91.40055012702942,5.0,353.0,2229.0,2.077038049697876,0.9999995231628418,9.999833284715671e-05,0.0001,False,128.0,128.0,,
train,,,,,,,91.43627762794495,5.0,354.0,2230.0,2.1281423568725586,0.999999463558197,0.00010000019637237613,0.0001,False,128.0,128.0,,
train,,,,,,,91.46945452690125,5.0,355.0,2231.0,2.0946617126464844,0.999999463558197,0.00010000114404329129,0.0001,False,128.0,128.0,,
train,,,,,,,91.50328373908997,5.0,356.0,2232.0,2.102991819381714,0.999999463558197,0.0001000011160972119,0.0001,False,128.0,128.0,,
train,,,,,,,91.53773427009583,5.0,357.0,2233.0,2.0930562019348145,0.9999993443489075,9.9999748048148e-05,0.0001,False,128.0,128.0,,
train,,,,,,,91.57150650024414,5.0,358.0,2234.0,2.134577751159668,0.999999463558197,0.00010000056244317716,0.0001,False,128.0,128.0,,
train,,,,,,,91.60542559623718,5.0,359.0,2235.0,2.070800304412842,0.9999994039535522,0.00010000010308342409,0.0001,False,128.0,128.0,,
train,,,,,,,91.64541935920715,5.0,360.0,2236.0,2.0991222858428955,0.9999993443489075,9.999937584208013e-05,0.0001,False,128.0,128.0,,
train,,,,,,,91.69495940208435,5.0,361.0,2237.0,2.0907394886016846,0.999999463558197,0.00010000048129757324,0.0001,False,128.0,128.0,,
train,,,,,,,91.73786950111389,5.0,362.0,2238.0,2.1348090171813965,0.999999463558197,0.00010000024499223106,0.0001,False,128.0,128.0,,
train,,,,,,,91.77051448822021,5.0,363.0,2239.0,2.0699610710144043,0.9999994039535522,9.999888722044353e-05,0.0001,False,128.0,128.0,,
train,,,,,,,91.8064033985138,5.0,364.0,2240.0,2.0684502124786377,0.9999995231628418,9.999911791928285e-05,0.0001,False,128.0,128.0,,
train,,,,,,,91.83970999717712,5.0,365.0,2241.0,2.0665876865386963,0.9999994039535522,0.0001000011295194841,0.0001,False,128.0,128.0,,
train,,,,,,,91.87791275978088,5.0,366.0,2242.0,2.07607364654541,0.999999463558197,9.999924294616525e-05,0.0001,False,128.0,128.0,,
train,,,,,,,91.91193103790283,5.0,367.0,2243.0,2.117790937423706,0.9999995231628418,0.00010000024926180867,0.0001,False,128.0,128.0,,
train,,,,,,,91.95046138763428,5.0,368.0,2244.0,2.109490156173706,0.9999994039535522,9.999977226060899e-05,0.0001,False,128.0,128.0,,
train,,,,,,,91.98891854286194,5.0,369.0,2245.0,2.111032009124756,0.9999993443489075,0.00010000064479867706,0.0001,False,128.0,128.0,,
train,,,,,,,92.02633833885193,5.0,370.0,2246.0,2.0864644050598145,0.9999994039535522,9.99988932790325e-05,0.0001,False,128.0,128.0,,
train,,,,,,,92.06710982322693,5.0,371.0,2247.0,2.0853331089019775,0.9999994039535522,9.999982747913616e-05,0.0001,False,128.0,128.0,,
train,,,,,,,92.1098096370697,5.0,372.0,2248.0,2.0786185264587402,0.9999995231628418,0.00010000151044672081,0.0001,False,128.0,128.0,,
train,,,,,,,92.14557003974915,5.0,373.0,2249.0,2.118497133255005,0.9999993443489075,0.00010000093226827949,0.0001,False,128.0,128.0,,
train,,,,,,,92.1831476688385,5.0,374.0,2250.0,2.0898237228393555,0.999999463558197,0.00010000069388668606,0.0001,False,128.0,128.0,,
train,,,,,,,92.21813583374023,5.0,375.0,2251.0,2.095426082611084,0.9999993443489075,0.00010000113236006167,0.0001,False,128.0,128.0,,
train,,,,,,,92.25475215911865,5.0,376.0,2252.0,2.0917701721191406,0.9999994039535522,9.99997731258043e-05,0.0001,False,128.0,128.0,,
train,,,,,,,92.2909369468689,5.0,377.0,2253.0,2.0754990577697754,0.999999463558197,0.00010000020706258799,0.0001,False,128.0,128.0,,
train,,,,,,,92.32805895805359,5.0,378.0,2254.0,2.0825793743133545,0.9999993443489075,0.00010000039944717487,0.0001,False,128.0,128.0,,
train,,,,,,,92.36600136756897,5.0,379.0,2255.0,2.0830342769622803,0.9999993443489075,9.999955721489233e-05,0.0001,False,128.0,128.0,,
train,,,,,,,92.40259838104248,5.0,380.0,2256.0,2.0512733459472656,0.999999463558197,0.00010000186422893063,0.0001,False,128.0,128.0,,
train,,,,,,,92.44373226165771,5.0,381.0,2257.0,2.0731911659240723,0.999999463558197,9.999908583094717e-05,0.0001,False,128.0,128.0,,
train,,,,,,,92.4779098033905,5.0,382.0,2258.0,2.0849030017852783,0.9999995231628418,0.0001000011447631933,0.0001,False,128.0,128.0,,
train,,,,,,,92.51497769355774,5.0,383.0,2259.0,2.0880441665649414,0.999999463558197,0.0001000001400048,0.0001,False,128.0,128.0,,
train,,,,,,,92.55249428749084,5.0,384.0,2260.0,2.0870838165283203,0.999999463558197,9.999822133070513e-05,0.0001,False,128.0,128.0,,
train,,,,,,,92.59094333648682,5.0,385.0,2261.0,2.0748002529144287,0.9999995231628418,9.999998930946907e-05,0.0001,False,128.0,128.0,,
train,,,,,,,92.63031840324402,5.0,386.0,2262.0,2.103769063949585,0.999999463558197,0.00010000000773656946,0.0001,False,128.0,128.0,,
train,,,,,,,92.67558002471924,5.0,387.0,2263.0,2.103715658187866,0.9999994039535522,9.999989178759408e-05,0.0001,False,128.0,128.0,,
train,,,,,,,92.70893001556396,5.0,388.0,2264.0,2.1053104400634766,0.9999994039535522,0.00010000081441002743,0.0001,False,128.0,128.0,,
train,,,,,,,92.74387192726135,5.0,389.0,2265.0,2.0857534408569336,0.9999994039535522,9.999973190216728e-05,0.0001,False,128.0,128.0,,
train,,,,,,,92.77756190299988,5.0,390.0,2266.0,2.087934970855713,0.999999463558197,9.999975437990445e-05,0.0001,False,128.0,128.0,,
train,,,,,,,92.81332612037659,5.0,391.0,2267.0,2.1021013259887695,0.999999463558197,0.00010000037707149731,0.0001,False,128.0,128.0,,
train,,,,,,,92.84847831726074,5.0,392.0,2268.0,2.089118242263794,0.999999463558197,9.999993818281288e-05,0.0001,False,128.0,128.0,,
train,,,,,,,92.885582447052,5.0,393.0,2269.0,2.0661840438842773,0.999999463558197,0.0001000005304745666,0.0001,False,128.0,128.0,,
train,,,,,,,92.92187929153442,5.0,394.0,2270.0,2.0990312099456787,0.999999463558197,0.00010000054001766304,0.0001,False,128.0,128.0,,
train,,,,,,,92.95715022087097,5.0,395.0,2271.0,2.1011855602264404,0.999999463558197,9.99988554659719e-05,0.0001,False,128.0,128.0,,
train,,,,,,,92.99377703666687,5.0,396.0,2272.0,2.087656021118164,0.999999463558197,0.00010000024204754514,0.0001,False,128.0,128.0,,
train,,,,,,,93.0298662185669,5.0,397.0,2273.0,2.065770387649536,0.9999994039535522,9.999929065141062e-05,0.0001,False,128.0,128.0,,
train,,,,,,,93.06589794158936,5.0,398.0,2274.0,2.112544059753418,0.9999994039535522,9.999998768316562e-05,0.0001,False,128.0,128.0,,
train,,,,,,,93.10479927062988,5.0,399.0,2275.0,2.120567798614502,0.999999463558197,9.999925178681631e-05,0.0001,False,128.0,128.0,,
train,,,,,,,93.14586234092712,5.0,400.0,2276.0,2.116453170776367,0.9999994039535522,0.00010000155714476054,0.0001,False,128.0,128.0,,
train,,,,,,,93.18989133834839,5.0,401.0,2277.0,2.099302291870117,0.9999994039535522,0.00010000188603833257,0.0001,False,128.0,128.0,,
train,,,,,,,93.22989535331726,5.0,402.0,2278.0,2.1138832569122314,0.9999993443489075,0.00010000073389996579,0.0001,False,128.0,128.0,,
train,,,,,,,93.2691810131073,5.0,403.0,2279.0,2.0976741313934326,0.9999994039535522,0.00010000071787340561,0.0001,False,128.0,128.0,,
train,,,,,,,93.30772638320923,5.0,404.0,2280.0,2.079871416091919,0.999999463558197,0.00010000016249111903,0.0001,False,128.0,128.0,,
train,,,,,,,93.34040355682373,5.0,405.0,2281.0,2.0791499614715576,0.9999993443489075,9.999888579795445e-05,0.0001,False,128.0,128.0,,
train,,,,,,,93.37585186958313,5.0,406.0,2282.0,2.095221757888794,0.9999994039535522,0.00010000016130283538,0.0001,False,128.0,128.0,,
train,,,,,,,93.41115069389343,5.0,407.0,2283.0,2.101902961730957,0.9999994039535522,9.99996705057832e-05,0.0001,False,128.0,128.0,,
train,,,,,,,93.45278668403625,5.0,408.0,2284.0,2.0840916633605957,0.9999994039535522,0.00010000078469011511,0.0001,False,128.0,128.0,,
train,,,,,,,93.49450540542603,5.0,409.0,2285.0,2.0770301818847656,0.9999995231628418,9.999941932535442e-05,0.0001,False,128.0,128.0,,
train,,,,,,,93.53419661521912,5.0,410.0,2286.0,2.112025737762451,0.9999995231628418,9.999893008376001e-05,0.0001,False,128.0,128.0,,
train,,,,,,,93.57386875152588,5.0,411.0,2287.0,2.098499298095703,0.9999994039535522,9.999985152461052e-05,0.0001,False,128.0,128.0,,
train,,,,,,,93.60599112510681,5.0,412.0,2288.0,2.081562042236328,0.999999463558197,9.999870926603398e-05,0.0001,False,128.0,128.0,,
train,,,,,,,93.64155912399292,5.0,413.0,2289.0,2.091984510421753,0.9999994039535522,9.99982719660028e-05,0.0001,False,128.0,128.0,,
train,,,,,,,93.67546701431274,5.0,414.0,2290.0,2.0887629985809326,0.999999463558197,0.00010000225097323512,0.0001,False,128.0,128.0,,
train,,,,,,,93.71074080467224,5.0,415.0,2291.0,2.106907606124878,0.999999463558197,0.00010000037560999828,0.0001,False,128.0,128.0,,
train,,,,,,,93.746497631073,5.0,416.0,2292.0,2.086451530456543,0.9999994039535522,0.00010000003022291825,0.0001,False,128.0,128.0,,
train,,,,,,,93.78252673149109,5.0,417.0,2293.0,2.05894136428833,0.9999993443489075,0.00010000113722156903,0.0001,False,128.0,128.0,,
train,,,,,,,93.82002711296082,5.0,418.0,2294.0,2.0748343467712402,0.9999994039535522,0.00010000248736707624,0.0001,False,128.0,128.0,,
train,,,,,,,93.8542730808258,5.0,419.0,2295.0,2.093658685684204,0.9999995231628418,9.999956954232486e-05,0.0001,False,128.0,128.0,,
train,,,,,,,93.89592814445496,5.0,420.0,2296.0,2.116448402404785,0.9999994039535522,9.999793259994581e-05,0.0001,False,128.0,128.0,,
train,,,,,,,93.92869877815247,5.0,421.0,2297.0,2.0769593715667725,0.9999994039535522,0.00010000128358275395,0.0001,False,128.0,128.0,,
train,,,,,,,93.96714735031128,5.0,422.0,2298.0,2.091824531555176,0.9999993443489075,0.00010000033686075067,0.0001,False,128.0,128.0,,
train,,,,,,,94.01278781890869,5.0,423.0,2299.0,2.1262009143829346,0.999999463558197,0.00010000127431077556,0.0001,False,128.0,128.0,,
train,,,,,,,94.04821157455444,5.0,424.0,2300.0,2.096752643585205,0.9999993443489075,0.00010000023254778824,0.0001,False,128.0,128.0,,
train,,,,,,,94.08698225021362,5.0,425.0,2301.0,2.108523368835449,0.999999463558197,0.0001000001377453258,0.0001,False,128.0,128.0,,
train,,,,,,,94.13294243812561,5.0,426.0,2302.0,2.0785939693450928,0.999999463558197,0.00010000122835202055,0.0001,False,128.0,128.0,,
train,,,,,,,94.17044425010681,5.0,427.0,2303.0,2.119670867919922,0.9999994039535522,0.00010000111738956646,0.0001,False,128.0,128.0,,
train,,,,,,,94.21241760253906,5.0,428.0,2304.0,2.080760955810547,0.9999995231628418,9.999868014181506e-05,0.0001,False,128.0,128.0,,
train,,,,,,,94.24966812133789,5.0,429.0,2305.0,2.078227996826172,0.9999993443489075,9.999934350879591e-05,0.0001,False,128.0,128.0,,
train,,,,,,,94.29464960098267,5.0,430.0,2306.0,2.1056697368621826,0.999999463558197,0.00010000049592989426,0.0001,False,128.0,128.0,,
train,,,,,,,94.33318138122559,5.0,431.0,2307.0,2.072450637817383,0.9999994039535522,0.00010000115586095907,0.0001,False,128.0,128.0,,
train,,,,,,,94.38078999519348,5.0,432.0,2308.0,2.0723347663879395,0.9999995827674866,0.0001000011103575095,0.0001,False,128.0,128.0,,
train,,,,,,,94.42549204826355,5.0,433.0,2309.0,2.06123948097229,0.9999994039535522,9.999995073788102e-05,0.0001,False,128.0,128.0,,
train,,,,,,,94.46649646759033,5.0,434.0,2310.0,2.0716147422790527,0.999999463558197,0.00010000103208979308,0.0001,False,128.0,128.0,,
train,,,,,,,94.5086317062378,5.0,435.0,2311.0,2.0968031883239746,0.999999463558197,0.00010000039370743133,0.0001,False,128.0,128.0,,
train,,,,,,,94.54752445220947,5.0,436.0,2312.0,2.0345828533172607,0.9999995231628418,0.00010000081186434144,0.0001,False,128.0,128.0,,
train,,,,,,,94.58367657661438,5.0,437.0,2313.0,2.0794785022735596,0.9999994039535522,9.999998861991642e-05,0.0001,False,128.0,128.0,,
train,,,,,,,94.62472581863403,5.0,438.0,2314.0,2.10495924949646,0.9999994039535522,9.999976155517179e-05,0.0001,False,128.0,128.0,,
train,,,,,,,94.66153144836426,5.0,439.0,2315.0,2.058095932006836,0.9999994039535522,0.00010000104512176785,0.0001,False,128.0,128.0,,
train,,,,,,,94.69828033447266,5.0,440.0,2316.0,2.100764751434326,0.999999463558197,0.00010000000567658547,0.0001,False,128.0,128.0,,
train,,,,,,,94.73603129386902,5.0,441.0,2317.0,2.106990098953247,0.999999463558197,9.999955548449799e-05,0.0001,False,128.0,128.0,,
train,,,,,,,94.7703607082367,5.0,442.0,2318.0,2.0422184467315674,0.999999463558197,0.0001000016810215267,0.0001,False,128.0,128.0,,
train,,,,,,,94.80684351921082,5.0,443.0,2319.0,2.068223237991333,0.999999463558197,0.00010000052648472369,0.0001,False,128.0,128.0,,
train,,,,,,,94.84981656074524,5.0,444.0,2320.0,2.06109619140625,0.999999463558197,9.999880696253661e-05,0.0001,False,128.0,128.0,,
train,,,,,,,94.890953540802,5.0,445.0,2321.0,2.0809993743896484,0.999999463558197,0.00010000005213246674,0.0001,False,128.0,128.0,,
train,,,,,,,94.9300229549408,5.0,446.0,2322.0,2.0667572021484375,0.999999463558197,0.00010000166433159762,0.0001,False,128.0,128.0,,
train,,,,,,,94.97223019599915,5.0,447.0,2323.0,2.079098701477051,0.999999463558197,0.00010000027464942024,0.0001,False,128.0,128.0,,
train,,,,,,,95.0147385597229,5.0,448.0,2324.0,2.0344038009643555,0.9999994039535522,0.00010000222274991549,0.0001,False,128.0,128.0,,
train,,,,,,,95.0490517616272,5.0,449.0,2325.0,2.0717806816101074,0.999999463558197,9.999968591451406e-05,0.0001,False,128.0,128.0,,
train,,,,,,,95.08485054969788,5.0,450.0,2326.0,2.0778298377990723,0.9999995827674866,0.00010000057704296043,0.0001,False,128.0,128.0,,
train,,,,,,,95.12632608413696,5.0,451.0,2327.0,2.066195249557495,0.9999994039535522,0.00010000012439230935,0.0001,False,128.0,128.0,,
train,,,,,,,95.16278624534607,5.0,452.0,2328.0,2.0825037956237793,0.999999463558197,0.0001000000190968383,0.0001,False,128.0,128.0,,
train,,,,,,,95.20064926147461,5.0,453.0,2329.0,2.1110377311706543,0.999999463558197,0.00010000036886194907,0.0001,False,128.0,128.0,,
train,,,,,,,95.24082612991333,5.0,454.0,2330.0,2.0832695960998535,0.9999995231628418,9.999982353913858e-05,0.0001,False,128.0,128.0,,
train,,,,,,,95.28650426864624,5.0,455.0,2331.0,2.1063108444213867,0.9999994039535522,9.999892980403285e-05,0.0001,False,128.0,128.0,,
train,,,,,,,95.33319282531738,5.0,456.0,2332.0,2.049032688140869,0.999999463558197,9.999991514133142e-05,0.0001,False,128.0,128.0,,
train,,,,,,,95.3766987323761,5.0,457.0,2333.0,2.082254409790039,0.9999995231628418,0.00010000107351021681,0.0001,False,128.0,128.0,,
train,,,,,,,95.41608572006226,5.0,458.0,2334.0,2.0728981494903564,0.9999995231628418,0.00010000013655704184,0.0001,False,128.0,128.0,,
train,,,,,,,95.46630311012268,5.0,459.0,2335.0,2.1105105876922607,0.999999463558197,0.00010000095639155003,0.0001,False,128.0,128.0,,
train,,,,,,,95.51202154159546,5.0,460.0,2336.0,2.0955991744995117,0.999999463558197,0.00010000305974489597,0.0001,False,128.0,128.0,,
train,,,,,,,95.55179643630981,5.0,461.0,2337.0,2.0812273025512695,0.9999995231628418,9.999838538845613e-05,0.0001,False,128.0,128.0,,
train,,,,,,,95.59795713424683,5.0,462.0,2338.0,2.092979907989502,0.9999994039535522,9.999945462934432e-05,0.0001,False,128.0,128.0,,
train,,,,,,,95.64513278007507,5.0,463.0,2339.0,2.0990967750549316,0.9999994039535522,0.00010000153296742564,0.0001,False,128.0,128.0,,
train,,,,,,,95.69064545631409,5.0,464.0,2340.0,2.0723440647125244,0.9999994039535522,0.0001000003672356518,0.0001,False,128.0,128.0,,
train,,,,,,,95.72926044464111,5.0,465.0,2341.0,2.088510036468506,0.9999995231628418,0.00010000153059956437,0.0001,False,128.0,128.0,,
train,,,,,,,95.76608157157898,5.0,466.0,2342.0,2.0712051391601562,0.9999995231628418,9.99996986170658e-05,0.0001,False,128.0,128.0,,
train,,,,,,,95.80525207519531,5.0,467.0,2343.0,2.065560817718506,0.9999993443489075,0.00010000078688452307,0.0001,False,128.0,128.0,,
train,,,,,,,95.84595775604248,5.0,468.0,2344.0,2.080895185470581,0.9999994039535522,0.00010000113377818203,0.0001,False,128.0,128.0,,
train,,,,,,,95.88147759437561,5.0,469.0,2345.0,2.1440188884735107,0.999999463558197,9.999916081936362e-05,0.0001,False,128.0,128.0,,
eval,,,,,,,98.17255425453186,5.0,,2345.0,,,,,False,128.0,128.0,2.0819245643615725,0.4155
train,,,,,,,98.21313428878784,6.0,1.0,2346.0,2.064591407775879,0.9999994039535522,0.00010000016431691251,0.0001,False,128.0,128.0,,
train,,,,,,,98.24851083755493,6.0,2.0,2347.0,2.0495808124542236,0.9999995231628418,0.00010000097814910877,0.0001,False,128.0,128.0,,
train,,,,,,,98.28610634803772,6.0,3.0,2348.0,2.094022512435913,0.9999995231628418,9.999939150456125e-05,0.0001,False,128.0,128.0,,
train,,,,,,,98.32533502578735,6.0,4.0,2349.0,2.0830702781677246,0.999999463558197,0.00010000041409902343,0.0001,False,128.0,128.0,,
train,,,,,,,98.36037182807922,6.0,5.0,2350.0,2.069645404815674,0.9999995231628418,9.999999264013844e-05,0.0001,False,128.0,128.0,,
train,,,,,,,98.39646029472351,6.0,6.0,2351.0,2.082979679107666,0.9999994039535522,9.999824675569507e-05,0.0001,False,128.0,128.0,,
train,,,,,,,98.43338251113892,6.0,7.0,2352.0,2.084230661392212,0.9999994039535522,0.00010000157525282161,0.0001,False,128.0,128.0,,
train,,,,,,,98.47144603729248,6.0,8.0,2353.0,2.0624399185180664,0.9999995231628418,9.999966181695798e-05,0.0001,False,128.0,128.0,,
train,,,,,,,98.50793290138245,6.0,9.0,2354.0,2.0812995433807373,0.9999995231628418,0.00010000070268600944,0.0001,False,128.0,128.0,,
train,,,,,,,98.54328536987305,6.0,10.0,2355.0,2.087416410446167,0.999999463558197,9.999937642972138e-05,0.0001,False,128.0,128.0,,
train,,,,,,,98.58326506614685,6.0,11.0,2356.0,2.1068222522735596,0.9999995231628418,0.00010000115722703801,0.0001,False,128.0,128.0,,
train,,,,,,,98.62394404411316,6.0,12.0,2357.0,2.107740640640259,0.999999463558197,9.999957181699079e-05,0.0001,False,128.0,128.0,,
train,,,,,,,98.66481256484985,6.0,13.0,2358.0,2.0752086639404297,0.9999992847442627,9.99993050410429e-05,0.0001,False,128.0,128.0,,
train,,,,,,,98.71467208862305,6.0,14.0,2359.0,2.08967924118042,0.999999463558197,0.00010000028386077617,0.0001,False,128.0,128.0,,
train,,,,,,,98.75027990341187,6.0,15.0,2360.0,2.0697362422943115,0.999999463558197,9.999937061402448e-05,0.0001,False,128.0,128.0,,
train,,,,,,,98.78852200508118,6.0,16.0,2361.0,2.055755853652954,0.9999994039535522,9.999929600957562e-05,0.0001,False,128.0,128.0,,
train,,,,,,,98.83173894882202,6.0,17.0,2362.0,2.0848565101623535,0.9999995231628418,0.00010000009812428834,0.0001,False,128.0,128.0,,
train,,,,,,,98.87117195129395,6.0,18.0,2363.0,2.1139233112335205,0.9999994039535522,0.00010000065914474668,0.0001,False,128.0,128.0,,
train,,,,,,,98.90983772277832,6.0,19.0,2364.0,2.0921874046325684,0.999999463558197,0.00010000129579071297,0.0001,False,128.0,128.0,,
train,,,,,,,98.95132517814636,6.0,20.0,2365.0,2.0820538997650146,0.9999994039535522,9.999928922459043e-05,0.0001,False,128.0,128.0,,
train,,,,,,,98.98706459999084,6.0,21.0,2366.0,2.0824217796325684,0.9999993443489075,0.00010000004517189218,0.0001,False,128.0,128.0,,
train,,,,,,,99.0235025882721,6.0,22.0,2367.0,2.0809037685394287,0.999999463558197,0.00010000028630672929,0.0001,False,128.0,128.0,,
train,,,,,,,99.07620310783386,6.0,23.0,2368.0,2.0737390518188477,0.999999463558197,9.999971739550226e-05,0.0001,False,128.0,128.0,,
train,,,,,,,99.13618230819702,6.0,24.0,2369.0,2.086449146270752,0.9999994039535522,0.00010000001945462495,0.0001,False,128.0,128.0,,
train,,,,,,,99.1755542755127,6.0,25.0,2370.0,2.08847713470459,0.9999995231628418,0.00010000272330934274,0.0001,False,128.0,128.0,,
train,,,,,,,99.21832537651062,6.0,26.0,2371.0,2.121708631515503,0.999999463558197,0.00010000130274686373,0.0001,False,128.0,128.0,,
train,,,,,,,99.26465582847595,6.0,27.0,2372.0,2.1080679893493652,0.9999994039535522,0.00010000082493537585,0.0001,False,128.0,128.0,,
train,,,,,,,99.30165553092957,6.0,28.0,2373.0,2.1098382472991943,0.9999994039535522,9.999961487083413e-05,0.0001,False,128.0,128.0,,
train,,,,,,,99.33845520019531,6.0,29.0,2374.0,2.1167945861816406,0.9999994039535522,0.00010000163253247209,0.0001,False,128.0,128.0,,
train,,,,,,,99.37570858001709,6.0,30.0,2375.0,2.0950984954833984,0.999999463558197,0.00010000089348672182,0.0001,False,128.0,128.0,,
train,,,,,,,99.42421984672546,6.0,31.0,2376.0,2.094679355621338,0.9999993443489075,0.00010000053374016616,0.0001,False,128.0,128.0,,
train,,,,,,,99.4586193561554,6.0,32.0,2377.0,2.094649314880371,0.9999994039535522,0.00010000070462454929,0.0001,False,128.0,128.0,,
train,,,,,,,99.49212002754211,6.0,33.0,2378.0,2.0869405269622803,0.9999994039535522,0.00010000093989448619,0.0001,False,128.0,128.0,,
train,,,,,,,99.53001117706299,6.0,34.0,2379.0,2.0913820266723633,0.9999995231628418,9.999953723512423e-05,0.0001,False,128.0,128.0,,
train,,,,,,,99.57877683639526,6.0,35.0,2380.0,2.064694881439209,0.9999995231628418,0.00010000114846678545,0.0001,False,128.0,128.0,,
train,,,,,,,99.61969947814941,6.0,36.0,2381.0,2.0937283039093018,0.999999463558197,9.999993654783499e-05,0.0001,False,128.0,128.0,,
train,,,,,,,99.65444874763489,6.0,37.0,2382.0,2.064999580383301,0.9999994039535522,9.999841465804629e-05,0.0001,False,128.0,128.0,,
train,,,,,,,99.69208192825317,6.0,38.0,2383.0,2.0579824447631836,0.9999994039535522,0.0001000009782987272,0.0001,False,128.0,128.0,,
train,,,,,,,99.72629690170288,6.0,39.0,2384.0,2.0843052864074707,0.9999995231628418,9.999766460745845e-05,0.0001,False,128.0,128.0,,
train,,,,,,,99.76783204078674,6.0,40.0,2385.0,2.082517147064209,0.9999994039535522,0.00010000104012581633,0.0001,False,128.0,128.0,,
train,,,,,,,99.8062994480133,6.0,41.0,2386.0,2.0748188495635986,0.999999463558197,9.999969740058729e-05,0.0001,False,128.0,128.0,,
train,,,,,,,99.84250068664551,6.0,42.0,2387.0,2.067507266998291,0.9999994039535522,9.999894467944475e-05,0.0001,False,128.0,128.0,,
train,,,,,,,99.88100934028625,6.0,43.0,2388.0,2.053802728652954,0.9999994039535522,9.99994563185405e-05,0.0001,False,128.0,128.0,,
train,,,,,,,99.9162802696228,6.0,44.0,2389.0,2.08621883392334,0.9999995231628418,9.999978761294554e-05,0.0001,False,128.0,128.0,,
train,,,,,,,99.95263743400574,6.0,45.0,2390.0,2.0712380409240723,0.999999463558197,0.00010000101950884013,0.0001,False,128.0,128.0,,
train,,,,,,,99.98687100410461,6.0,46.0,2391.0,2.082554340362549,0.999999463558197,0.00010000039251481363,0.0001,False,128.0,128.0,,
train,,,,,,,100.02243065834045,6.0,47.0,2392.0,2.067803144454956,0.999999463558197,9.999930694925196e-05,0.0001,False,128.0,128.0,,
train,,,,,,,100.05505919456482,6.0,48.0,2393.0,2.0618937015533447,0.9999994039535522,0.00010000056131561323,0.0001,False,128.0,128.0,,
train,,,,,,,100.094064950943,6.0,49.0,2394.0,2.10591197013855,0.999999463558197,0.00010000073742359692,0.0001,False,128.0,128.0,,
train,,,,,,,100.13898372650146,6.0,50.0,2395.0,2.087831974029541,0.9999994039535522,0.0001000002926926616,0.0001,False,128.0,128.0,,
train,,,,,,,100.1752941608429,6.0,51.0,2396.0,2.0820741653442383,0.9999994039535522,9.999737022191301e-05,0.0001,False,128.0,128.0,,
train,,,,,,,100.21670794487,6.0,52.0,2397.0,2.0700600147247314,0.9999994039535522,0.00010000065986898895,0.0001,False,128.0,128.0,,
train,,,,,,,100.25398182868958,6.0,53.0,2398.0,2.0711469650268555,0.9999995231628418,9.999959017044206e-05,0.0001,False,128.0,128.0,,
train,,,,,,,100.30001378059387,6.0,54.0,2399.0,2.1112968921661377,0.9999995231628418,0.00010000142589103481,0.0001,False,128.0,128.0,,
train,,,,,,,100.3401095867157,6.0,55.0,2400.0,2.0771076679229736,0.999999463558197,9.999884056235716e-05,0.0001,False,128.0,128.0,,
train,,,,,,,100.37430024147034,6.0,56.0,2401.0,2.1166110038757324,0.9999993443489075,0.00010000135940217833,0.0001,False,128.0,128.0,,
train,,,,,,,100.41571545600891,6.0,57.0,2402.0,2.0374135971069336,0.999999463558197,0.00010000111686698685,0.0001,False,128.0,128.0,,
train,,,,,,,100.46754503250122,6.0,58.0,2403.0,2.1211938858032227,0.999999463558197,9.999955188926754e-05,0.0001,False,128.0,128.0,,
train,,,,,,,100.50195503234863,6.0,59.0,2404.0,2.0926756858825684,0.999999463558197,9.999894870404561e-05,0.0001,False,128.0,128.0,,
train,,,,,,,100.53413486480713,6.0,60.0,2405.0,2.0838701725006104,0.9999994039535522,0.00010000191841633034,0.0001,False,128.0,128.0,,
train,,,,,,,100.56886291503906,6.0,61.0,2406.0,2.046013355255127,0.999999463558197,0.00010000021528732831,0.0001,False,128.0,128.0,,
train,,,,,,,100.60439682006836,6.0,62.0,2407.0,2.0439157485961914,0.999999463558197,9.999992851605987e-05,0.0001,False,128.0,128.0,,
train,,,,,,,100.63831734657288,6.0,63.0,2408.0,2.109736204147339,0.999999463558197,0.00010000152734050246,0.0001,False,128.0,128.0,,
train,,,,,,,100.67686867713928,6.0,64.0,2409.0,2.068277597427368,0.9999993443489075,0.00010000004504612478,0.0001,False,128.0,128.0,,
train,,,,,,,100.70885038375854,6.0,65.0,2410.0,2.0538599491119385,0.9999994039535522,0.00010000066272692698,0.0001,False,128.0,128.0,,
train,,,,,,,100.74518132209778,6.0,66.0,2411.0,2.0819013118743896,0.9999995231628418,9.999974236908256e-05,0.0001,False,128.0,128.0,,
train,,,,,,,100.7938220500946,6.0,67.0,2412.0,2.0673346519470215,0.999999463558197,0.00010000073855983241,0.0001,False,128.0,128.0,,
train,,,,,,,100.82840275764465,6.0,68.0,2413.0,2.0432472229003906,0.9999994039535522,0.00010000033232663236,0.0001,False,128.0,128.0,,
train,,,,,,,100.86750364303589,6.0,69.0,2414.0,2.088634490966797,0.999999463558197,9.999845721147872e-05,0.0001,False,128.0,128.0,,
train,,,,,,,100.90209913253784,6.0,70.0,2415.0,2.109219789505005,0.999999463558197,9.999905471188708e-05,0.0001,False,128.0,128.0,,
train,,,,,,,100.93525123596191,6.0,71.0,2416.0,2.125748872756958,0.9999993443489075,0.00010000112659433963,0.0001,False,128.0,128.0,,
train,,,,,,,100.96950221061707,6.0,72.0,2417.0,2.0639827251434326,0.999999463558197,0.00010000101447819321,0.0001,False,128.0,128.0,,
train,,,,,,,101.0051658153534,6.0,73.0,2418.0,2.0911993980407715,0.999999463558197,9.999937972137964e-05,0.0001,False,128.0,128.0,,
train,,,,,,,101.04363679885864,6.0,74.0,2419.0,2.0553197860717773,0.9999994039535522,9.999923380410291e-05,0.0001,False,128.0,128.0,,
train,,,,,,,101.07767391204834,6.0,75.0,2420.0,2.0993762016296387,0.9999994039535522,9.999950865975546e-05,0.0001,False,128.0,128.0,,
train,,,,,,,101.11342644691467,6.0,76.0,2421.0,2.0577542781829834,0.9999995231628418,0.00010000080636097573,0.0001,False,128.0,128.0,,
train,,,,,,,101.15413236618042,6.0,77.0,2422.0,2.034724235534668,0.9999994039535522,9.999852149045974e-05,0.0001,False,128.0,128.0,,
train,,,,,,,101.18999314308167,6.0,78.0,2423.0,2.079406976699829,0.9999994039535522,0.00010000076060800252,0.0001,False,128.0,128.0,,
train,,,,,,,101.23466110229492,6.0,79.0,2424.0,2.0997672080993652,0.9999994039535522,0.00010000015272030445,0.0001,False,128.0,128.0,,
train,,,,,,,101.27189207077026,6.0,80.0,2425.0,2.048036575317383,0.999999463558197,0.00010000041659267807,0.0001,False,128.0,128.0,,
train,,,,,,,101.31159400939941,6.0,81.0,2426.0,2.0562849044799805,0.999999463558197,0.00010000160815349706,0.0001,False,128.0,128.0,,
train,,,,,,,101.34732627868652,6.0,82.0,2427.0,2.0717976093292236,0.9999994039535522,9.999847017439905e-05,0.0001,False,128.0,128.0,,
train,,,,,,,101.38557839393616,6.0,83.0,2428.0,2.0914666652679443,0.9999994039535522,0.00010000017225759586,0.0001,False,128.0,128.0,,
train,,,,,,,101.42121958732605,6.0,84.0,2429.0,2.084641456604004,0.9999994039535522,0.00010000026661333547,0.0001,False,128.0,128.0,,
train,,,,,,,101.4553050994873,6.0,85.0,2430.0,2.0785677433013916,0.999999463558197,0.00010000028844476984,0.0001,False,128.0,128.0,,
train,,,,,,,101.48984599113464,6.0,86.0,2431.0,2.076545476913452,0.9999995231628418,9.9999223911766e-05,0.0001,False,128.0,128.0,,
train,,,,,,,101.5237205028534,6.0,87.0,2432.0,2.091428756713867,0.999999463558197,0.00010000014203008679,0.0001,False,128.0,128.0,,
train,,,,,,,101.55823135375977,6.0,88.0,2433.0,2.086137294769287,0.999999463558197,9.99996827442969e-05,0.0001,False,128.0,128.0,,
train,,,,,,,101.60196661949158,6.0,89.0,2434.0,2.08504581451416,0.9999994039535522,9.99994181457356e-05,0.0001,False,128.0,128.0,,
train,,,,,,,101.6425085067749,6.0,90.0,2435.0,2.0919840335845947,0.9999994039535522,0.00010000087353757809,0.0001,False,128.0,128.0,,
train,,,,,,,101.67959070205688,6.0,91.0,2436.0,2.0364668369293213,0.9999995827674866,0.00010000018459579457,0.0001,False,128.0,128.0,,
train,,,,,,,101.71490621566772,6.0,92.0,2437.0,2.07120680809021,0.999999463558197,0.00010000008716084613,0.0001,False,128.0,128.0,,
train,,,,,,,101.75078868865967,6.0,93.0,2438.0,2.0965189933776855,0.999999463558197,0.00010000054328543069,0.0001,False,128.0,128.0,,
train,,,,,,,101.78787755966187,6.0,94.0,2439.0,2.070504903793335,0.9999993443489075,0.00010000154543122198,0.0001,False,128.0,128.0,,
train,,,,,,,101.82588481903076,6.0,95.0,2440.0,2.077867269515991,0.999999463558197,0.00010000073635024469,0.0001,False,128.0,128.0,,
train,,,,,,,101.86125421524048,6.0,96.0,2441.0,2.0674333572387695,0.999999463558197,0.00010000005594885631,0.0001,False,128.0,128.0,,
train,,,,,,,101.89874029159546,6.0,97.0,2442.0,2.0779073238372803,0.999999463558197,9.999877056542883e-05,0.0001,False,128.0,128.0,,
train,,,,,,,101.93182182312012,6.0,98.0,2443.0,2.0650839805603027,0.9999995231628418,0.00010000095064316493,0.0001,False,128.0,128.0,,
train,,,,,,,101.96613836288452,6.0,99.0,2444.0,2.0767998695373535,0.999999463558197,9.999897132073813e-05,0.0001,False,128.0,128.0,,
train,,,,,,,102.00174307823181,6.0,100.0,2445.0,2.0920865535736084,0.9999993443489075,0.00010000269166450651,0.0001,False,128.0,128.0,,
train,,,,,,,102.03718280792236,6.0,101.0,2446.0,2.0833468437194824,0.999999463558197,0.00010000048998415886,0.0001,False,128.0,128.0,,
train,,,,,,,102.07738995552063,6.0,102.0,2447.0,2.0919768810272217,0.9999995231628418,9.999947179018842e-05,0.0001,False,128.0,128.0,,
train,,,,,,,102.11179661750793,6.0,103.0,2448.0,2.0549280643463135,0.9999994039535522,0.00010000074457060468,0.0001,False,128.0,128.0,,
train,,,,,,,102.15571403503418,6.0,104.0,2449.0,2.044163942337036,0.9999993443489075,9.999823932661126e-05,0.0001,False,128.0,128.0,,
train,,,,,,,102.19285154342651,6.0,105.0,2450.0,2.058699369430542,0.9999994039535522,9.999877542921945e-05,0.0001,False,128.0,128.0,,
train,,,,,,,102.23172616958618,6.0,106.0,2451.0,2.084264039993286,0.9999995231628418,0.00010000166171654547,0.0001,False,128.0,128.0,,
train,,,,,,,102.2723548412323,6.0,107.0,2452.0,2.079221725463867,0.9999993443489075,0.00010000058765723789,0.0001,False,128.0,128.0,,
train,,,,,,,102.31333565711975,6.0,108.0,2453.0,2.0570502281188965,0.999999463558197,0.00010000287471176994,0.0001,False,128.0,128.0,,
train,,,,,,,102.35001468658447,6.0,109.0,2454.0,2.0872809886932373,0.999999463558197,0.00010000079364121761,0.0001,False,128.0,128.0,,
train,,,,,,,102.3876302242279,6.0,110.0,2455.0,2.1153459548950195,0.9999995231628418,9.999981942133138e-05,0.0001,False,128.0,128.0,,
train,,,,,,,102.42690181732178,6.0,111.0,2456.0,2.0866708755493164,0.9999994039535522,0.0001000016870669362,0.0001,False,128.0,128.0,,
train,,,,,,,102.46074867248535,6.0,112.0,2457.0,2.0934393405914307,0.9999994039535522,0.00010000083512679169,0.0001,False,128.0,128.0,,
train,,,,,,,102.4972927570343,6.0,113.0,2458.0,2.0741589069366455,0.999999463558197,0.00010000099630714749,0.0001,False,128.0,128.0,,
train,,,,,,,102.53602647781372,6.0,114.0,2459.0,2.0690948963165283,0.9999994039535522,9.999918958565292e-05,0.0001,False,128.0,128.0,,
train,,,,,,,102.5758204460144,6.0,115.0,2460.0,2.082812547683716,0.9999994039535522,0.00010000222141420809,0.0001,False,128.0,128.0,,
train,,,,,,,102.61294841766357,6.0,116.0,2461.0,2.0619075298309326,0.999999463558197,0.0001000000544873526,0.0001,False,128.0,128.0,,
train,,,,,,,102.64884352684021,6.0,117.0,2462.0,2.101033926010132,0.999999463558197,0.0001000002241127146,0.0001,False,128.0,128.0,,
train,,,,,,,102.68882942199707,6.0,118.0,2463.0,2.067815065383911,0.999999463558197,0.00010000008897796736,0.0001,False,128.0,128.0,,
train,,,,,,,102.72839546203613,6.0,119.0,2464.0,2.0917162895202637,0.9999993443489075,9.999930981590233e-05,0.0001,False,128.0,128.0,,
train,,,,,,,102.76332473754883,6.0,120.0,2465.0,2.039552688598633,0.9999993443489075,9.999916795564196e-05,0.0001,False,128.0,128.0,,
train,,,,,,,102.80278825759888,6.0,121.0,2466.0,2.065284490585327,0.999999463558197,0.00010000102091395181,0.0001,False,128.0,128.0,,
train,,,,,,,102.83920288085938,6.0,122.0,2467.0,2.052722454071045,0.9999995231628418,0.0001000003700935982,0.0001,False,128.0,128.0,,
train,,,,,,,102.87888669967651,6.0,123.0,2468.0,2.028200149536133,0.9999994039535522,9.999909118261787e-05,0.0001,False,128.0,128.0,,
train,,,,,,,102.91349673271179,6.0,124.0,2469.0,2.065152168273926,0.999999463558197,9.999961950473195e-05,0.0001,False,128.0,128.0,,
train,,,,,,,102.94851541519165,6.0,125.0,2470.0,2.0726373195648193,0.9999994039535522,0.00010000012813497052,0.0001,False,128.0,128.0,,
train,,,,,,,102.98585987091064,6.0,126.0,2471.0,2.0897111892700195,0.9999993443489075,0.00010000024753576309,0.0001,False,128.0,128.0,,
train,,,,,,,103.02159547805786,6.0,127.0,2472.0,2.0503039360046387,0.9999993443489075,9.999987367272294e-05,0.0001,False,128.0,128.0,,
train,,,,,,,103.06032109260559,6.0,128.0,2473.0,2.127521514892578,0.999999463558197,9.99985357002225e-05,0.0001,False,128.0,128.0,,
train,,,,,,,103.10610389709473,6.0,129.0,2474.0,2.092425584793091,0.9999994039535522,0.00010000045301737588,0.0001,False,128.0,128.0,,
train,,,,,,,103.14619994163513,6.0,130.0,2475.0,2.0278677940368652,0.9999994039535522,0.00010000072999469814,0.0001,False,128.0,128.0,,
train,,,,,,,103.18471837043762,6.0,131.0,2476.0,2.099522352218628,0.999999463558197,0.0001000029465922818,0.0001,False,128.0,128.0,,
train,,,,,,,103.22201466560364,6.0,132.0,2477.0,2.061650514602661,0.999999463558197,0.00010000003771258432,0.0001,False,128.0,128.0,,
train,,,,,,,103.26134920120239,6.0,133.0,2478.0,2.0955843925476074,0.9999995231628418,0.00010000156620421242,0.0001,False,128.0,128.0,,
train,,,,,,,103.29867601394653,6.0,134.0,2479.0,1.9939703941345215,0.9999994039535522,0.00010000118287896128,0.0001,False,128.0,128.0,,
train,,,,,,,103.334787607193,6.0,135.0,2480.0,2.0779504776000977,0.9999995827674866,9.999970623252452e-05,0.0001,False,128.0,128.0,,
train,,,,,,,103.37257480621338,6.0,136.0,2481.0,2.0825517177581787,0.999999463558197,9.999958396878002e-05,0.0001,False,128.0,128.0,,
train,,,,,,,103.41232347488403,6.0,137.0,2482.0,2.0564191341400146,0.9999994039535522,0.00010000078476384027,0.0001,False,128.0,128.0,,
train,,,,,,,103.44887280464172,6.0,138.0,2483.0,2.053593397140503,0.9999994039535522,9.999920631719505e-05,0.0001,False,128.0,128.0,,
train,,,,,,,103.48830914497375,6.0,139.0,2484.0,2.034174919128418,0.9999993443489075,0.00010000129313228366,0.0001,False,128.0,128.0,,
train,,,,,,,103.52524971961975,6.0,140.0,2485.0,2.0878682136535645,0.999999463558197,0.00010000103962492013,0.0001,False,128.0,128.0,,
train,,,,,,,103.56980919837952,6.0,141.0,2486.0,2.0650389194488525,0.9999994039535522,0.00010000038599661553,0.0001,False,128.0,128.0,,
train,,,,,,,103.61847496032715,6.0,142.0,2487.0,2.08695650100708,0.9999994039535522,9.999968785957884e-05,0.0001,False,128.0,128.0,,
train,,,,,,,103.65629863739014,6.0,143.0,2488.0,2.084697961807251,0.999999463558197,9.9999640338838e-05,0.0001,False,128.0,128.0,,
train,,,,,,,103.69153332710266,6.0,144.0,2489.0,2.062999725341797,0.9999994039535522,0.00010000048275039714,0.0001,False,128.0,128.0,,
train,,,,,,,103.73727011680603,6.0,145.0,2490.0,2.043405055999756,0.999999463558197,0.00010000046542492857,0.0001,False,128.0,128.0,,
train,,,,,,,103.77804207801819,6.0,146.0,2491.0,2.09378981590271,0.9999995827674866,9.999931187806907e-05,0.0001,False,128.0,128.0,,
train,,,,,,,103.8252501487732,6.0,147.0,2492.0,2.046682357788086,0.9999995231628418,0.00010000128694807424,0.0001,False,128.0,128.0,,
train,,,,,,,103.8701765537262,6.0,148.0,2493.0,2.109105348587036,0.9999994039535522,0.00010000053642897316,0.0001,False,128.0,128.0,,
train,,,,,,,103.91193151473999,6.0,149.0,2494.0,2.059004068374634,0.999999463558197,0.00010000012256651514,0.0001,False,128.0,128.0,,
train,,,,,,,103.95265078544617,6.0,150.0,2495.0,2.084272623062134,0.9999994039535522,0.00010000021527431791,0.0001,False,128.0,128.0,,
train,,,,,,,103.99298143386841,6.0,151.0,2496.0,2.087205410003662,0.9999993443489075,9.999971099869116e-05,0.0001,False,128.0,128.0,,
train,,,,,,,104.02487874031067,6.0,152.0,2497.0,2.055584669113159,0.9999994039535522,9.999869514953849e-05,0.0001,False,128.0,128.0,,
train,,,,,,,104.06514239311218,6.0,153.0,2498.0,2.0796256065368652,0.9999994039535522,9.999896283134743e-05,0.0001,False,128.0,128.0,,
train,,,,,,,104.10868310928345,6.0,154.0,2499.0,2.0374250411987305,0.9999994039535522,0.00010000098891079369,0.0001,False,128.0,128.0,,
train,,,,,,,104.14691615104675,6.0,155.0,2500.0,2.0819621086120605,0.999999463558197,0.0001000011539311015,0.0001,False,128.0,128.0,,
train,,,,,,,104.18396067619324,6.0,156.0,2501.0,2.047630548477173,0.9999995231628418,9.99987057575104e-05,0.0001,False,128.0,128.0,,
train,,,,,,,104.22377181053162,6.0,157.0,2502.0,2.05816912651062,0.9999994039535522,9.999976814930491e-05,0.0001,False,128.0,128.0,,
train,,,,,,,104.26032328605652,6.0,158.0,2503.0,2.0558269023895264,0.9999994039535522,0.00010000167728976547,0.0001,False,128.0,128.0,,
train,,,,,,,104.29630994796753,6.0,159.0,2504.0,2.097165107727051,0.9999993443489075,9.999905442348658e-05,0.0001,False,128.0,128.0,,
train,,,,,,,104.33324122428894,6.0,160.0,2505.0,2.0531809329986572,0.9999994039535522,0.00010000007852409877,0.0001,False,128.0,128.0,,
train,,,,,,,104.37204957008362,6.0,161.0,2506.0,2.064197540283203,0.9999994039535522,0.00010000261098899342,0.0001,False,128.0,128.0,,
train,,,,,,,104.4086685180664,6.0,162.0,2507.0,2.060607671737671,0.9999995231628418,0.00010000049168417951,0.0001,False,128.0,128.0,,
train,,,,,,,104.44991898536682,6.0,163.0,2508.0,2.0515902042388916,0.9999995231628418,9.999891505438756e-05,0.0001,False,128.0,128.0,,
train,,,,,,,104.49283075332642,6.0,164.0,2509.0,2.0786798000335693,0.9999994039535522,9.999992820814624e-05,0.0001,False,128.0,128.0,,
train,,,,,,,104.5367157459259,6.0,165.0,2510.0,2.0432722568511963,0.9999994039535522,9.999815546856681e-05,0.0001,False,128.0,128.0,,
train,,,,,,,104.5735855102539,6.0,166.0,2511.0,2.0703389644622803,0.999999463558197,9.999922796671352e-05,0.0001,False,128.0,128.0,,
train,,,,,,,104.61881351470947,6.0,167.0,2512.0,2.067793130874634,0.9999994039535522,9.999986659504196e-05,0.0001,False,128.0,128.0,,
train,,,,,,,104.65835905075073,6.0,168.0,2513.0,2.0142884254455566,0.999999463558197,0.00010000045810876608,0.0001,False,128.0,128.0,,
train,,,,,,,104.69641327857971,6.0,169.0,2514.0,2.0504841804504395,0.999999463558197,0.00010000143404411855,0.0001,False,128.0,128.0,,
train,,,,,,,104.73432493209839,6.0,170.0,2515.0,2.121558904647827,0.9999994039535522,0.00010000093346305915,0.0001,False,128.0,128.0,,
train,,,,,,,104.7724142074585,6.0,171.0,2516.0,2.0792031288146973,0.999999463558197,0.000100000934980928,0.0001,False,128.0,128.0,,
train,,,,,,,104.807626247406,6.0,172.0,2517.0,2.0600805282592773,0.9999994039535522,0.00010000053556378446,0.0001,False,128.0,128.0,,
train,,,,,,,104.86582255363464,6.0,173.0,2518.0,2.046065092086792,0.9999994039535522,0.00010000086477946907,0.0001,False,128.0,128.0,,
train,,,,,,,104.90295505523682,6.0,174.0,2519.0,2.0761075019836426,0.9999993443489075,0.00010000098600732894,0.0001,False,128.0,128.0,,
train,,,,,,,104.93873858451843,6.0,175.0,2520.0,2.0742993354797363,0.9999994039535522,0.00010000014303622497,0.0001,False,128.0,128.0,,
train,,,,,,,104.9779863357544,6.0,176.0,2521.0,2.0742037296295166,0.999999463558197,0.00010000185907256109,0.0001,False,128.0,128.0,,
train,,,,,,,105.01260614395142,6.0,177.0,2522.0,2.0353446006774902,0.9999994039535522,0.00010000001017602413,0.0001,False,128.0,128.0,,
train,,,,,,,105.04605555534363,6.0,178.0,2523.0,2.0639564990997314,0.9999995231628418,0.00010000021224940031,0.0001,False,128.0,128.0,,
train,,,,,,,105.0827488899231,6.0,179.0,2524.0,2.056825876235962,0.999999463558197,0.00010000008101993019,0.0001,False,128.0,128.0,,
train,,,,,,,105.12238478660583,6.0,180.0,2525.0,2.053419351577759,0.9999993443489075,9.999825457509793e-05,0.0001,False,128.0,128.0,,
train,,,,,,,105.16123223304749,6.0,181.0,2526.0,2.071742057800293,0.9999995231628418,9.999986953540214e-05,0.0001,False,128.0,128.0,,
train,,,,,,,105.19543814659119,6.0,182.0,2527.0,2.1194727420806885,0.999999463558197,0.0001000008108061687,0.0001,False,128.0,128.0,,
train,,,,,,,105.2296814918518,6.0,183.0,2528.0,2.0788052082061768,0.9999994039535522,9.999957946715377e-05,0.0001,False,128.0,128.0,,
train,,,,,,,105.26720929145813,6.0,184.0,2529.0,2.022188186645508,0.9999994039535522,0.00010000030721875874,0.0001,False,128.0,128.0,,
train,,,,,,,105.30673933029175,6.0,185.0,2530.0,2.0389230251312256,0.9999994039535522,0.00010000012257302034,0.0001,False,128.0,128.0,,
train,,,,,,,105.34577059745789,6.0,186.0,2531.0,2.056199312210083,0.999999463558197,9.999978110338167e-05,0.0001,False,128.0,128.0,,
train,,,,,,,105.38532304763794,6.0,187.0,2532.0,2.047651767730713,0.9999995231628418,0.00010000098293256186,0.0001,False,128.0,128.0,,
train,,,,,,,105.419593334198,6.0,188.0,2533.0,2.0600454807281494,0.999999463558197,0.00010000281958816414,0.0001,False,128.0,128.0,,
train,,,,,,,105.45733451843262,6.0,189.0,2534.0,2.044593095779419,0.9999993443489075,9.999995184376777e-05,0.0001,False,128.0,128.0,,
train,,,,,,,105.4932873249054,6.0,190.0,2535.0,2.0941832065582275,0.9999994039535522,0.00010000075961054411,0.0001,False,128.0,128.0,,
train,,,,,,,105.52850484848022,6.0,191.0,2536.0,2.069261312484741,0.9999993443489075,9.999951360807837e-05,0.0001,False,128.0,128.0,,
train,,,,,,,105.56365394592285,6.0,192.0,2537.0,2.0355582237243652,0.9999993443489075,0.0001000003539433811,0.0001,False,128.0,128.0,,
train,,,,,,,105.602285861969,6.0,193.0,2538.0,2.0739123821258545,0.9999995231628418,0.00010000239594938117,0.0001,False,128.0,128.0,,
train,,,,,,,105.63714790344238,6.0,194.0,2539.0,2.0547189712524414,0.9999994039535522,0.00010000088735452893,0.0001,False,128.0,128.0,,
train,,,,,,,105.6707992553711,6.0,195.0,2540.0,2.032025098800659,0.9999994039535522,0.00010000007985332959,0.0001,False,128.0,128.0,,
train,,,,,,,105.7117052078247,6.0,196.0,2541.0,2.0551700592041016,0.9999994039535522,0.00010000040941745772,0.0001,False,128.0,128.0,,
train,,,,,,,105.76904559135437,6.0,197.0,2542.0,2.081821918487549,0.9999995231628418,9.999878637112117e-05,0.0001,False,128.0,128.0,,
train,,,,,,,105.80290031433105,6.0,198.0,2543.0,2.0300347805023193,0.9999993443489075,0.00010000008067298577,0.0001,False,128.0,128.0,,
train,,,,,,,105.83756470680237,6.0,199.0,2544.0,2.0749564170837402,0.999999463558197,0.00010000084980242865,0.0001,False,128.0,128.0,,
train,,,,,,,105.87203121185303,6.0,200.0,2545.0,2.050185441970825,0.9999995231628418,0.00010000181694123904,0.0001,False,128.0,128.0,,
train,,,,,,,105.90795135498047,6.0,201.0,2546.0,2.0706632137298584,0.999999463558197,0.00010000078574178296,0.0001,False,128.0,128.0,,
train,,,,,,,105.9485137462616,6.0,202.0,2547.0,2.061127185821533,0.9999993443489075,9.999814957256646e-05,0.0001,False,128.0,128.0,,
train,,,,,,,105.98654770851135,6.0,203.0,2548.0,2.0699291229248047,0.9999994039535522,9.999925194077417e-05,0.0001,False,128.0,128.0,,
train,,,,,,,106.02302074432373,6.0,204.0,2549.0,2.0322771072387695,0.9999994039535522,9.999990767334023e-05,0.0001,False,128.0,128.0,,
train,,,,,,,106.06436777114868,6.0,205.0,2550.0,2.0870137214660645,0.999999463558197,9.999947604245172e-05,0.0001,False,128.0,128.0,,
train,,,,,,,106.10932683944702,6.0,206.0,2551.0,2.0964510440826416,0.9999995231628418,9.999774445210764e-05,0.0001,False,128.0,128.0,,
train,,,,,,,106.14714694023132,6.0,207.0,2552.0,2.0759694576263428,0.9999993443489075,0.00010000167454894832,0.0001,False,128.0,128.0,,
train,,,,,,,106.18981742858887,6.0,208.0,2553.0,2.0247368812561035,0.9999995231628418,0.0001000011969235491,0.0001,False,128.0,128.0,,
train,,,,,,,106.22557139396667,6.0,209.0,2554.0,2.0692691802978516,0.9999994039535522,0.00010000093725773126,0.0001,False,128.0,128.0,,
train,,,,,,,106.26157283782959,6.0,210.0,2555.0,2.049924373626709,0.9999995231628418,0.00010000113940729573,0.0001,False,128.0,128.0,,
train,,,,,,,106.30905652046204,6.0,211.0,2556.0,2.0955045223236084,0.9999995231628418,0.00010000163687571499,0.0001,False,128.0,128.0,,
train,,,,,,,106.34482288360596,6.0,212.0,2557.0,2.096775770187378,0.9999994039535522,0.00010000009666929044,0.0001,False,128.0,128.0,,
train,,,,,,,106.38270115852356,6.0,213.0,2558.0,2.0530736446380615,0.9999993443489075,9.99997727506695e-05,0.0001,False,128.0,128.0,,
train,,,,,,,106.41926121711731,6.0,214.0,2559.0,2.073796272277832,0.999999463558197,0.00010000008345721467,0.0001,False,128.0,128.0,,
train,,,,,,,106.45980334281921,6.0,215.0,2560.0,2.087679624557495,0.9999995231628418,9.999990341242167e-05,0.0001,False,128.0,128.0,,
train,,,,,,,106.49513530731201,6.0,216.0,2561.0,2.0551507472991943,0.9999993443489075,9.999946135577105e-05,0.0001,False,128.0,128.0,,
train,,,,,,,106.53304100036621,6.0,217.0,2562.0,2.0773751735687256,0.999999463558197,9.999978652440424e-05,0.0001,False,128.0,128.0,,
train,,,,,,,106.5705406665802,6.0,218.0,2563.0,2.0891964435577393,0.9999993443489075,0.00010000125295876778,0.0001,False,128.0,128.0,,
train,,,,,,,106.60555171966553,6.0,219.0,2564.0,2.0295615196228027,0.9999993443489075,0.00010000091532669285,0.0001,False,128.0,128.0,,
train,,,,,,,106.64160203933716,6.0,220.0,2565.0,2.045783042907715,0.999999463558197,0.00010000198805110736,0.0001,False,128.0,128.0,,
train,,,,,,,106.67973613739014,6.0,221.0,2566.0,2.0986320972442627,0.9999993443489075,9.999878471444013e-05,0.0001,False,128.0,128.0,,
train,,,,,,,106.71829724311829,6.0,222.0,2567.0,2.0688068866729736,0.9999994039535522,0.00010000260737435769,0.0001,False,128.0,128.0,,
train,,,,,,,106.75683522224426,6.0,223.0,2568.0,2.048412561416626,0.9999993443489075,0.00010000071475092571,0.0001,False,128.0,128.0,,
train,,,,,,,106.79804730415344,6.0,224.0,2569.0,2.0694377422332764,0.9999995231628418,0.00010000045175537026,0.0001,False,128.0,128.0,,
train,,,,,,,106.83118486404419,6.0,225.0,2570.0,2.088346481323242,0.9999995231628418,0.00010000052077968173,0.0001,False,128.0,128.0,,
train,,,,,,,106.8653335571289,6.0,226.0,2571.0,2.057532548904419,0.999999463558197,0.00010000082374926845,0.0001,False,128.0,128.0,,
train,,,,,,,106.89826941490173,6.0,227.0,2572.0,2.0780179500579834,0.9999995231628418,9.99989650518165e-05,0.0001,False,128.0,128.0,,
train,,,,,,,106.93316674232483,6.0,228.0,2573.0,2.0450868606567383,0.9999994039535522,9.999990771237155e-05,0.0001,False,128.0,128.0,,
train,,,,,,,106.970938205719,6.0,229.0,2574.0,2.0778560638427734,0.999999463558197,0.00010000082166328063,0.0001,False,128.0,128.0,,
train,,,,,,,107.00681018829346,6.0,230.0,2575.0,2.0753800868988037,0.9999993443489075,0.00010000008597689838,0.0001,False,128.0,128.0,,
train,,,,,,,107.04198098182678,6.0,231.0,2576.0,2.0712649822235107,0.9999994039535522,0.00010000109941586206,0.0001,False,128.0,128.0,,
train,,,,,,,107.07962942123413,6.0,232.0,2577.0,2.0309526920318604,0.999999463558197,0.00010000136306239504,0.0001,False,128.0,128.0,,
train,,,,,,,107.12329459190369,6.0,233.0,2578.0,2.079876184463501,0.9999993443489075,0.0001000003943449397,0.0001,False,128.0,128.0,,
train,,,,,,,107.1579065322876,6.0,234.0,2579.0,2.0339272022247314,0.9999993443489075,0.00010000035796792524,0.0001,False,128.0,128.0,,
train,,,,,,,107.19963598251343,6.0,235.0,2580.0,2.0572235584259033,0.9999995827674866,0.00010000144651009559,0.0001,False,128.0,128.0,,
train,,,,,,,107.2479989528656,6.0,236.0,2581.0,2.029463052749634,0.9999995231628418,0.00010000055837961019,0.0001,False,128.0,128.0,,
train,,,,,,,107.29146218299866,6.0,237.0,2582.0,2.038808822631836,0.999999463558197,9.999870391867971e-05,0.0001,False,128.0,128.0,,
train,,,,,,,107.33143305778503,6.0,238.0,2583.0,2.0900561809539795,0.9999995231628418,0.00010000065451306541,0.0001,False,128.0,128.0,,
train,,,,,,,107.36273384094238,6.0,239.0,2584.0,2.0504956245422363,0.9999993443489075,0.00010000143240265999,0.0001,False,128.0,128.0,,
train,,,,,,,107.39836978912354,6.0,240.0,2585.0,2.0701422691345215,0.999999463558197,9.999991095197058e-05,0.0001,False,128.0,128.0,,
train,,,,,,,107.43689894676208,6.0,241.0,2586.0,2.0277352333068848,0.999999463558197,0.00010000087443745804,0.0001,False,128.0,128.0,,
train,,,,,,,107.47825789451599,6.0,242.0,2587.0,2.0376951694488525,0.999999463558197,9.999946452816366e-05,0.0001,False,128.0,128.0,,
train,,,,,,,107.51161336898804,6.0,243.0,2588.0,2.085659980773926,0.9999995231628418,0.00010000004872373681,0.0001,False,128.0,128.0,,
train,,,,,,,107.54685568809509,6.0,244.0,2589.0,2.0798275470733643,0.9999994039535522,9.999891684984583e-05,0.0001,False,128.0,128.0,,
train,,,,,,,107.58483004570007,6.0,245.0,2590.0,2.06391978263855,0.999999463558197,9.999984562654177e-05,0.0001,False,128.0,128.0,,
train,,,,,,,107.61916923522949,6.0,246.0,2591.0,2.0213420391082764,0.999999463558197,0.00010000070356637541,0.0001,False,128.0,128.0,,
train,,,,,,,107.65574550628662,6.0,247.0,2592.0,2.034236192703247,0.9999993443489075,0.00010000076811062421,0.0001,False,128.0,128.0,,
train,,,,,,,107.69046664237976,6.0,248.0,2593.0,2.0695347785949707,0.999999463558197,0.00010000236814676293,0.0001,False,128.0,128.0,,
train,,,,,,,107.72809290885925,6.0,249.0,2594.0,2.083278179168701,0.9999995231628418,0.00010000056929746451,0.0001,False,128.0,128.0,,
train,,,,,,,107.76901412010193,6.0,250.0,2595.0,2.0518200397491455,0.9999993443489075,9.999963483540784e-05,0.0001,False,128.0,128.0,,
train,,,,,,,107.80813908576965,6.0,251.0,2596.0,2.0563786029815674,0.9999995231628418,0.00010000022360964591,0.0001,False,128.0,128.0,,
train,,,,,,,107.84604334831238,6.0,252.0,2597.0,2.066494941711426,0.999999463558197,0.00010000108417865109,0.0001,False,128.0,128.0,,
train,,,,,,,107.88520193099976,6.0,253.0,2598.0,2.1106555461883545,0.9999994039535522,0.00010000031856381478,0.0001,False,128.0,128.0,,
train,,,,,,,107.92110586166382,6.0,254.0,2599.0,2.070058822631836,0.9999992847442627,0.0001000008917259932,0.0001,False,128.0,128.0,,
train,,,,,,,107.95715260505676,6.0,255.0,2600.0,2.081779956817627,0.999999463558197,0.00010000177793668276,0.0001,False,128.0,128.0,,
train,,,,,,,107.99606966972351,6.0,256.0,2601.0,2.0628786087036133,0.999999463558197,9.999962328644346e-05,0.0001,False,128.0,128.0,,
train,,,,,,,108.03358197212219,6.0,257.0,2602.0,2.0342648029327393,0.9999994039535522,9.999893162551198e-05,0.0001,False,128.0,128.0,,
train,,,,,,,108.07126331329346,6.0,258.0,2603.0,2.0386204719543457,0.9999995231628418,0.00010000040354761102,0.0001,False,128.0,128.0,,
train,,,,,,,108.11325120925903,6.0,259.0,2604.0,2.0485751628875732,0.9999995231628418,9.999944058017497e-05,0.0001,False,128.0,128.0,,
train,,,,,,,108.15087294578552,6.0,260.0,2605.0,2.0670595169067383,0.9999994039535522,0.00010000139279080897,0.0001,False,128.0,128.0,,
train,,,,,,,108.19102144241333,6.0,261.0,2606.0,2.049330234527588,0.9999992847442627,9.999938050634688e-05,0.0001,False,128.0,128.0,,
train,,,,,,,108.22710180282593,6.0,262.0,2607.0,2.062108039855957,0.999999463558197,9.999993433822954e-05,0.0001,False,128.0,128.0,,
train,,,,,,,108.26624011993408,6.0,263.0,2608.0,2.0510878562927246,0.999999463558197,9.999997601714813e-05,0.0001,False,128.0,128.0,,
train,,,,,,,108.31075167655945,6.0,264.0,2609.0,2.0766801834106445,0.999999463558197,0.00010000198932610375,0.0001,False,128.0,128.0,,
train,,,,,,,108.34585809707642,6.0,265.0,2610.0,2.091611385345459,0.9999994039535522,0.00010000163574382645,0.0001,False,128.0,128.0,,
train,,,,,,,108.38125896453857,6.0,266.0,2611.0,2.0406126976013184,0.999999463558197,0.00010000181998996011,0.0001,False,128.0,128.0,,
train,,,,,,,108.41738486289978,6.0,267.0,2612.0,2.0461976528167725,0.999999463558197,9.999896846925705e-05,0.0001,False,128.0,128.0,,
train,,,,,,,108.46080470085144,6.0,268.0,2613.0,2.09391450881958,0.999999463558197,9.999994082393097e-05,0.0001,False,128.0,128.0,,
train,,,,,,,108.49881482124329,6.0,269.0,2614.0,2.066871166229248,0.9999993443489075,0.00010000110689243777,0.0001,False,128.0,128.0,,
train,,,,,,,108.53479075431824,6.0,270.0,2615.0,2.0453543663024902,0.9999994039535522,0.00010000076387359458,0.0001,False,128.0,128.0,,
train,,,,,,,108.57729125022888,6.0,271.0,2616.0,2.0686068534851074,0.9999995231628418,0.0001000007441065696,0.0001,False,128.0,128.0,,
train,,,,,,,108.6179358959198,6.0,272.0,2617.0,1.9962012767791748,0.9999993443489075,9.999930570024239e-05,0.0001,False,128.0,128.0,,
train,,,,,,,108.65284943580627,6.0,273.0,2618.0,2.048556089401245,0.9999994039535522,0.00010000130944714564,0.0001,False,128.0,128.0,,
train,,,,,,,108.68665766716003,6.0,274.0,2619.0,2.041836977005005,0.9999993443489075,0.00010000008598123518,0.0001,False,128.0,128.0,,
train,,,,,,,108.71843838691711,6.0,275.0,2620.0,2.0307860374450684,0.9999994039535522,9.999817765391842e-05,0.0001,False,128.0,128.0,,
train,,,,,,,108.75214147567749,6.0,276.0,2621.0,2.0992250442504883,0.9999995231628418,0.00010000155057676584,0.0001,False,128.0,128.0,,
train,,,,,,,108.79101848602295,6.0,277.0,2622.0,2.0459988117218018,0.999999463558197,0.00010000164701283886,0.0001,False,128.0,128.0,,
train,,,,,,,108.82922458648682,6.0,278.0,2623.0,2.064974308013916,0.999999463558197,9.99994100705505e-05,0.0001,False,128.0,128.0,,
train,,,,,,,108.86373805999756,6.0,279.0,2624.0,2.0738329887390137,0.9999993443489075,9.999993666926571e-05,0.0001,False,128.0,128.0,,
train,,,,,,,108.8970799446106,6.0,280.0,2625.0,2.038820266723633,0.999999463558197,0.00010000155049219937,0.0001,False,128.0,128.0,,
train,,,,,,,108.93229269981384,6.0,281.0,2626.0,2.0585334300994873,0.9999992251396179,0.0001000005387599953,0.0001,False,128.0,128.0,,
train,,,,,,,108.9760627746582,6.0,282.0,2627.0,2.047746181488037,0.9999993443489075,0.00010000056489346025,0.0001,False,128.0,128.0,,
train,,,,,,,109.01042890548706,6.0,283.0,2628.0,2.0451462268829346,0.9999995231628418,0.00010000053460535488,0.0001,False,128.0,128.0,,
train,,,,,,,109.04613256454468,6.0,284.0,2629.0,2.0661866664886475,0.999999463558197,0.00010000054836163754,0.0001,False,128.0,128.0,,
train,,,,,,,109.08343768119812,6.0,285.0,2630.0,2.013606071472168,0.9999993443489075,9.999937032128806e-05,0.0001,False,128.0,128.0,,
train,,,,,,,109.1187481880188,6.0,286.0,2631.0,2.045180320739746,0.999999463558197,0.00010000085255194196,0.0001,False,128.0,128.0,,
train,,,,,,,109.15464663505554,6.0,287.0,2632.0,2.0565202236175537,0.9999993443489075,0.00010000049794216349,0.0001,False,128.0,128.0,,
train,,,,,,,109.19049096107483,6.0,288.0,2633.0,2.022660493850708,0.9999994039535522,0.00010000078275808198,0.0001,False,128.0,128.0,,
train,,,,,,,109.22423887252808,6.0,289.0,2634.0,2.023406982421875,0.9999994039535522,0.00010000119833082666,0.0001,False,128.0,128.0,,
train,,,,,,,109.25871896743774,6.0,290.0,2635.0,2.0855884552001953,0.999999463558197,9.999882443140891e-05,0.0001,False,128.0,128.0,,
train,,,,,,,109.29878044128418,6.0,291.0,2636.0,2.0545408725738525,0.999999463558197,9.999864656796182e-05,0.0001,False,128.0,128.0,,
train,,,,,,,109.336190700531,6.0,292.0,2637.0,2.0337986946105957,0.999999463558197,9.999984638114765e-05,0.0001,False,128.0,128.0,,
train,,,,,,,109.37597513198853,6.0,293.0,2638.0,2.0652289390563965,0.9999995231628418,9.99998243414496e-05,0.0001,False,128.0,128.0,,
train,,,,,,,109.41217303276062,6.0,294.0,2639.0,2.0602402687072754,0.9999993443489075,0.00010000141073627178,0.0001,False,128.0,128.0,,
train,,,,,,,109.44889116287231,6.0,295.0,2640.0,2.030454635620117,0.9999993443489075,0.00010000182322082372,0.0001,False,128.0,128.0,,
train,,,,,,,109.48565673828125,6.0,296.0,2641.0,2.037740468978882,0.999999463558197,0.00010000026779294429,0.0001,False,128.0,128.0,,
train,,,,,,,109.52823567390442,6.0,297.0,2642.0,2.0526812076568604,0.9999994039535522,0.00010000157485600987,0.0001,False,128.0,128.0,,
train,,,,,,,109.56304812431335,6.0,298.0,2643.0,2.0672624111175537,0.9999995231628418,9.99991423097071e-05,0.0001,False,128.0,128.0,,
train,,,,,,,109.59947609901428,6.0,299.0,2644.0,2.07466721534729,0.999999463558197,0.00010000057804909423,0.0001,False,128.0,128.0,,
train,,,,,,,109.6331696510315,6.0,300.0,2645.0,2.0730550289154053,0.9999995231628418,9.999972328273652e-05,0.0001,False,128.0,128.0,,
train,,,,,,,109.66774654388428,6.0,301.0,2646.0,2.055751085281372,0.999999463558197,0.00010000306150124973,0.0001,False,128.0,128.0,,
train,,,,,,,109.70554685592651,6.0,302.0,2647.0,2.033879041671753,0.9999993443489075,0.00010000029159545222,0.0001,False,128.0,128.0,,
train,,,,,,,109.73965430259705,6.0,303.0,2648.0,2.0591328144073486,0.999999463558197,9.99998530121381e-05,0.0001,False,128.0,128.0,,
train,,,,,,,109.77735257148743,6.0,304.0,2649.0,2.068448781967163,0.9999994039535522,0.00010000067748065128,0.0001,False,128.0,128.0,,
train,,,,,,,109.81138968467712,6.0,305.0,2650.0,2.0312399864196777,0.9999994039535522,9.999949447398353e-05,0.0001,False,128.0,128.0,,
train,,,,,,,109.8508551120758,6.0,306.0,2651.0,2.046644687652588,0.999999463558197,9.999886403994045e-05,0.0001,False,128.0,128.0,,
train,,,,,,,109.88902735710144,6.0,307.0,2652.0,2.0547444820404053,0.9999993443489075,0.00010000011712816356,0.0001,False,128.0,128.0,,
train,,,,,,,109.92520141601562,6.0,308.0,2653.0,2.0494868755340576,0.9999993443489075,0.00010000053715755312,0.0001,False,128.0,128.0,,
train,,,,,,,109.96226358413696,6.0,309.0,2654.0,2.05265736579895,0.9999995231628418,0.00010000049471559384,0.0001,False,128.0,128.0,,
train,,,,,,,110.00359916687012,6.0,310.0,2655.0,2.064361333847046,0.9999994039535522,0.00010000193825684751,0.0001,False,128.0,128.0,,
train,,,,,,,110.04382491111755,6.0,311.0,2656.0,2.0319952964782715,0.999999463558197,9.99986330651243e-05,0.0001,False,128.0,128.0,,
train,,,,,,,110.0837733745575,6.0,312.0,2657.0,2.0124542713165283,0.9999993443489075,9.999939482657687e-05,0.0001,False,128.0,128.0,,
train,,,,,,,110.11848092079163,6.0,313.0,2658.0,2.0533950328826904,0.999999463558197,9.99997747672901e-05,0.0001,False,128.0,128.0,,
train,,,,,,,110.15613412857056,6.0,314.0,2659.0,1.9988055229187012,0.999999463558197,0.00010000012093154026,0.0001,False,128.0,128.0,,
train,,,,,,,110.19418120384216,6.0,315.0,2660.0,2.032407522201538,0.999999463558197,0.00010000050262155666,0.0001,False,128.0,128.0,,
train,,,,,,,110.23102355003357,6.0,316.0,2661.0,2.0524051189422607,0.9999994039535522,0.0001000008825819132,0.0001,False,128.0,128.0,,
train,,,,,,,110.26765441894531,6.0,317.0,2662.0,2.02673077583313,0.999999463558197,0.00010000079353713503,0.0001,False,128.0,128.0,,
train,,,,,,,110.3086371421814,6.0,318.0,2663.0,2.0387680530548096,0.999999463558197,0.00010000104786693903,0.0001,False,128.0,128.0,,
train,,,,,,,110.34601521492004,6.0,319.0,2664.0,2.0270087718963623,0.999999463558197,0.00010000009649364985,0.0001,False,128.0,128.0,,
train,,,,,,,110.3861014842987,6.0,320.0,2665.0,2.03816294670105,0.9999995231628418,0.00010000038152755134,0.0001,False,128.0,128.0,,
train,,,,,,,110.42283272743225,6.0,321.0,2666.0,2.064915418624878,0.999999463558197,9.99994716362309e-05,0.0001,False,128.0,128.0,,
train,,,,,,,110.45979976654053,6.0,322.0,2667.0,2.030336856842041,0.9999993443489075,9.999999219127871e-05,0.0001,False,128.0,128.0,,
train,,,,,,,110.49778509140015,6.0,323.0,2668.0,2.0238869190216064,0.999999463558197,0.00010000043552276735,0.0001,False,128.0,128.0,,
train,,,,,,,110.53494048118591,6.0,324.0,2669.0,2.0640556812286377,0.999999463558197,9.99997870665065e-05,0.0001,False,128.0,128.0,,
train,,,,,,,110.5706295967102,6.0,325.0,2670.0,2.076046943664551,0.9999994039535522,9.999907387859244e-05,0.0001,False,128.0,128.0,,
train,,,,,,,110.60787892341614,6.0,326.0,2671.0,2.0636441707611084,0.9999995231628418,0.00010000117144509976,0.0001,False,128.0,128.0,,
train,,,,,,,110.64953637123108,6.0,327.0,2672.0,2.0605475902557373,0.9999994039535522,9.999944307385388e-05,0.0001,False,128.0,128.0,,
train,,,,,,,110.68486475944519,6.0,328.0,2673.0,2.0241613388061523,0.9999995231628418,0.00010000071499812205,0.0001,False,128.0,128.0,,
train,,,,,,,110.71965861320496,6.0,329.0,2674.0,2.0814390182495117,0.999999463558197,9.999969641396033e-05,0.0001,False,128.0,128.0,,
train,,,,,,,110.75691199302673,6.0,330.0,2675.0,2.016008138656616,0.9999993443489075,9.99995174244885e-05,0.0001,False,128.0,128.0,,
train,,,,,,,110.79561567306519,6.0,331.0,2676.0,2.0356788635253906,0.999999463558197,9.999923777014476e-05,0.0001,False,128.0,128.0,,
train,,,,,,,110.83184790611267,6.0,332.0,2677.0,2.0679941177368164,0.9999994039535522,9.999988995745882e-05,0.0001,False,128.0,128.0,,
train,,,,,,,110.87560033798218,6.0,333.0,2678.0,2.032256603240967,0.9999993443489075,9.999913580443805e-05,0.0001,False,128.0,128.0,,
train,,,,,,,110.91473150253296,6.0,334.0,2679.0,2.0318386554718018,0.9999995231628418,9.999834735402258e-05,0.0001,False,128.0,128.0,,
train,,,,,,,110.95188283920288,6.0,335.0,2680.0,2.067385196685791,0.9999994039535522,0.00010000027400323752,0.0001,False,128.0,128.0,,
train,,,,,,,110.99220252037048,6.0,336.0,2681.0,2.065385341644287,0.999999463558197,0.00010000096228738489,0.0001,False,128.0,128.0,,
train,,,,,,,111.02917098999023,6.0,337.0,2682.0,2.0640788078308105,0.999999463558197,0.00010000156467334291,0.0001,False,128.0,128.0,,
train,,,,,,,111.06405353546143,6.0,338.0,2683.0,2.045032262802124,0.999999463558197,9.999909137343919e-05,0.0001,False,128.0,128.0,,
train,,,,,,,111.1000964641571,6.0,339.0,2684.0,2.0218048095703125,0.9999994039535522,0.00010000119220082084,0.0001,False,128.0,128.0,,
train,,,,,,,111.1380705833435,6.0,340.0,2685.0,2.055311441421509,0.9999995231628418,9.999976295813274e-05,0.0001,False,128.0,128.0,,
train,,,,,,,111.17582297325134,6.0,341.0,2686.0,2.0232882499694824,0.9999995231628418,9.999921921062879e-05,0.0001,False,128.0,128.0,,
train,,,,,,,111.21470403671265,6.0,342.0,2687.0,2.0573370456695557,0.9999993443489075,9.999994371224723e-05,0.0001,False,128.0,128.0,,
train,,,,,,,111.25418305397034,6.0,343.0,2688.0,2.0397486686706543,0.9999993443489075,0.0001000001340221806,0.0001,False,128.0,128.0,,
train,,,,,,,111.2946789264679,6.0,344.0,2689.0,2.0340218544006348,0.9999994039535522,0.00010000055929033492,0.0001,False,128.0,128.0,,
train,,,,,,,111.33190655708313,6.0,345.0,2690.0,2.0656771659851074,0.9999993443489075,9.999960204033538e-05,0.0001,False,128.0,128.0,,
train,,,,,,,111.37036609649658,6.0,346.0,2691.0,2.04967999458313,0.9999994039535522,0.00010000025210674804,0.0001,False,128.0,128.0,,
train,,,,,,,111.41181683540344,6.0,347.0,2692.0,2.012773036956787,0.9999993443489075,0.00010000113262460399,0.0001,False,128.0,128.0,,
train,,,,,,,111.4456000328064,6.0,348.0,2693.0,2.0471932888031006,0.999999463558197,0.00010000057224864598,0.0001,False,128.0,128.0,,
train,,,,,,,111.48346090316772,6.0,349.0,2694.0,2.0683040618896484,0.999999463558197,9.999978390062935e-05,0.0001,False,128.0,128.0,,
train,,,,,,,111.51711297035217,6.0,350.0,2695.0,2.054137706756592,0.9999994039535522,0.0001000004841078117,0.0001,False,128.0,128.0,,
train,,,,,,,111.55951046943665,6.0,351.0,2696.0,2.0276315212249756,0.9999994039535522,0.00010000173535430626,0.0001,False,128.0,128.0,,
train,,,,,,,111.59891128540039,6.0,352.0,2697.0,2.0448477268218994,0.9999994039535522,0.00010000102251638625,0.0001,False,128.0,128.0,,
train,,,,,,,111.63519191741943,6.0,353.0,2698.0,2.052292823791504,0.9999994039535522,0.0001000011281837621,0.0001,False,128.0,128.0,,
train,,,,,,,111.67483019828796,6.0,354.0,2699.0,2.018406629562378,0.9999994039535522,0.00010000017995758612,0.0001,False,128.0,128.0,,
train,,,,,,,111.7120885848999,6.0,355.0,2700.0,2.031552791595459,0.9999994039535522,9.999905828111431e-05,0.0001,False,128.0,128.0,,
train,,,,,,,111.75164031982422,6.0,356.0,2701.0,2.0513274669647217,0.9999995231628418,0.00010000318062099303,0.0001,False,128.0,128.0,,
train,,,,,,,111.79280686378479,6.0,357.0,2702.0,2.067560911178589,0.9999992847442627,9.999972845656348e-05,0.0001,False,128.0,128.0,,
train,,,,,,,111.83925175666809,6.0,358.0,2703.0,2.07315993309021,0.9999994039535522,0.00010000072164206523,0.0001,False,128.0,128.0,,
train,,,,,,,111.87909460067749,6.0,359.0,2704.0,2.041105270385742,0.9999994039535522,0.00010000055296513462,0.0001,False,128.0,128.0,,
train,,,,,,,111.92064356803894,6.0,360.0,2705.0,2.0161101818084717,0.999999463558197,0.00010000203944776054,0.0001,False,128.0,128.0,,
train,,,,,,,111.95507597923279,6.0,361.0,2706.0,2.063832998275757,0.999999463558197,0.00010000093631231581,0.0001,False,128.0,128.0,,
train,,,,,,,111.99084424972534,6.0,362.0,2707.0,2.077289581298828,0.9999994039535522,0.00010000081954476698,0.0001,False,128.0,128.0,,
train,,,,,,,112.02870321273804,6.0,363.0,2708.0,2.0425963401794434,0.9999993443489075,0.0001000004724158314,0.0001,False,128.0,128.0,,
train,,,,,,,112.06485509872437,6.0,364.0,2709.0,2.022392749786377,0.9999994039535522,0.00010000133306075696,0.0001,False,128.0,128.0,,
train,,,,,,,112.10168266296387,6.0,365.0,2710.0,2.047031879425049,0.9999994039535522,0.00010000025356174367,0.0001,False,128.0,128.0,,
train,,,,,,,112.1367461681366,6.0,366.0,2711.0,2.040024995803833,0.9999993443489075,9.999867972764437e-05,0.0001,False,128.0,128.0,,
train,,,,,,,112.17524194717407,6.0,367.0,2712.0,2.0610713958740234,0.9999995231628418,0.00010000036790568628,0.0001,False,128.0,128.0,,
train,,,,,,,112.21161270141602,6.0,368.0,2713.0,2.041959047317505,0.999999463558197,0.00010000128570776292,0.0001,False,128.0,128.0,,
train,,,,,,,112.24821376800537,6.0,369.0,2714.0,2.0671780109405518,0.9999994039535522,0.00010000130827188586,0.0001,False,128.0,128.0,,
train,,,,,,,112.28449130058289,6.0,370.0,2715.0,1.994908094406128,0.9999994039535522,0.0001000003689660321,0.0001,False,128.0,128.0,,
train,,,,,,,112.32444429397583,6.0,371.0,2716.0,2.0472381114959717,0.9999995231628418,0.0001000023037336481,0.0001,False,128.0,128.0,,
train,,,,,,,112.35859322547913,6.0,372.0,2717.0,2.065023422241211,0.9999994039535522,0.00010000229396737945,0.0001,False,128.0,128.0,,
train,,,,,,,112.394766330719,6.0,373.0,2718.0,2.0296716690063477,0.999999463558197,0.00010000034621521507,0.0001,False,128.0,128.0,,
train,,,,,,,112.4308090209961,6.0,374.0,2719.0,2.023905038833618,0.9999995231628418,9.999970307098164e-05,0.0001,False,128.0,128.0,,
train,,,,,,,112.47013211250305,6.0,375.0,2720.0,2.0541062355041504,0.9999995827674866,0.00010000109799123606,0.0001,False,128.0,128.0,,
train,,,,,,,112.50624465942383,6.0,376.0,2721.0,2.0525758266448975,0.9999994039535522,9.999968738903364e-05,0.0001,False,128.0,128.0,,
train,,,,,,,112.54668879508972,6.0,377.0,2722.0,2.068981170654297,0.999999463558197,0.00010000059856207866,0.0001,False,128.0,128.0,,
train,,,,,,,112.5826952457428,6.0,378.0,2723.0,2.0672762393951416,0.9999995231628418,9.99998811884216e-05,0.0001,False,128.0,128.0,,
train,,,,,,,112.61874771118164,6.0,379.0,2724.0,2.0149319171905518,0.9999993443489075,0.00010000066032435085,0.0001,False,128.0,128.0,,
train,,,,,,,112.66105628013611,6.0,380.0,2725.0,2.069044351577759,0.999999463558197,9.999996643279817e-05,0.0001,False,128.0,128.0,,
train,,,,,,,112.69632244110107,6.0,381.0,2726.0,2.014204978942871,0.9999994039535522,9.999965410608576e-05,0.0001,False,128.0,128.0,,
train,,,,,,,112.73852562904358,6.0,382.0,2727.0,2.0578718185424805,0.9999994039535522,0.00010000161482340134,0.0001,False,128.0,128.0,,
train,,,,,,,112.77534413337708,6.0,383.0,2728.0,2.001246452331543,0.999999463558197,9.999845417132888e-05,0.0001,False,128.0,128.0,,
train,,,,,,,112.80863118171692,6.0,384.0,2729.0,2.0415518283843994,0.9999995231628418,9.999721810423216e-05,0.0001,False,128.0,128.0,,
train,,,,,,,112.8411295413971,6.0,385.0,2730.0,2.0239579677581787,0.9999994039535522,0.00010000112290158856,0.0001,False,128.0,128.0,,
train,,,,,,,112.8783826828003,6.0,386.0,2731.0,2.022754430770874,0.999999463558197,9.999963703851466e-05,0.0001,False,128.0,128.0,,
train,,,,,,,112.92193818092346,6.0,387.0,2732.0,2.051802158355713,0.9999995827674866,0.00010000207331537155,0.0001,False,128.0,128.0,,
train,,,,,,,112.95949673652649,6.0,388.0,2733.0,2.044159412384033,0.9999994039535522,9.99995154208732e-05,0.0001,False,128.0,128.0,,
train,,,,,,,112.99458360671997,6.0,389.0,2734.0,2.0747830867767334,0.999999463558197,9.999932486039438e-05,0.0001,False,128.0,128.0,,
train,,,,,,,113.03145742416382,6.0,390.0,2735.0,2.065694808959961,0.9999995231628418,9.99999310357475e-05,0.0001,False,128.0,128.0,,
train,,,,,,,113.0690085887909,6.0,391.0,2736.0,1.9938955307006836,0.999999463558197,9.999988654872338e-05,0.0001,False,128.0,128.0,,
train,,,,,,,113.10570549964905,6.0,392.0,2737.0,2.049949884414673,0.9999994039535522,9.999904302624492e-05,0.0001,False,128.0,128.0,,
train,,,,,,,113.14197516441345,6.0,393.0,2738.0,2.0470776557922363,0.999999463558197,9.999983429877936e-05,0.0001,False,128.0,128.0,,
train,,,,,,,113.18285584449768,6.0,394.0,2739.0,2.0499587059020996,0.999999463558197,9.999836394692548e-05,0.0001,False,128.0,128.0,,
train,,,,,,,113.22211194038391,6.0,395.0,2740.0,2.0618340969085693,0.9999994039535522,0.00010000041632379704,0.0001,False,128.0,128.0,,
train,,,,,,,113.26271963119507,6.0,396.0,2741.0,2.038881778717041,0.9999993443489075,9.999936041595415e-05,0.0001,False,128.0,128.0,,
train,,,,,,,113.29923939704895,6.0,397.0,2742.0,2.040199041366577,0.9999994039535522,0.00010000017093920828,0.0001,False,128.0,128.0,,
train,,,,,,,113.33330154418945,6.0,398.0,2743.0,2.0448389053344727,0.9999995827674866,0.00010000120255916438,0.0001,False,128.0,128.0,,
train,,,,,,,113.37374186515808,6.0,399.0,2744.0,2.0387184619903564,0.9999994039535522,0.00010000014363036691,0.0001,False,128.0,128.0,,
train,,,,,,,113.41114354133606,6.0,400.0,2745.0,2.0473108291625977,0.9999994039535522,9.999936065664858e-05,0.0001,False,128.0,128.0,,
train,,,,,,,113.45112752914429,6.0,401.0,2746.0,2.0550944805145264,0.9999994039535522,9.999943704565604e-05,0.0001,False,128.0,128.0,,
train,,,,,,,113.48854875564575,6.0,402.0,2747.0,2.0609514713287354,0.9999994039535522,0.00010000106670150003,0.0001,False,128.0,128.0,,
train,,,,,,,113.52312970161438,6.0,403.0,2748.0,2.033644676208496,0.9999995231628418,0.00010000095723721963,0.0001,False,128.0,128.0,,
train,,,,,,,113.5600414276123,6.0,404.0,2749.0,2.0478880405426025,0.9999995231628418,0.00010000038855965955,0.0001,False,128.0,128.0,,
train,,,,,,,113.5945692062378,6.0,405.0,2750.0,2.0298728942871094,0.999999463558197,0.00010000054078310564,0.0001,False,128.0,128.0,,
train,,,,,,,113.63053369522095,6.0,406.0,2751.0,2.075631618499756,0.999999463558197,9.999848352763639e-05,0.0001,False,128.0,128.0,,
train,,,,,,,113.66966795921326,6.0,407.0,2752.0,2.0375959873199463,0.9999994039535522,0.00010000066091848973,0.0001,False,128.0,128.0,,
train,,,,,,,113.7039442062378,6.0,408.0,2753.0,2.0300164222717285,0.9999994039535522,9.999969605400411e-05,0.0001,False,128.0,128.0,,
train,,,,,,,113.74326634407043,6.0,409.0,2754.0,2.04931640625,0.999999463558197,0.00010000073834299357,0.0001,False,128.0,128.0,,
train,,,,,,,113.78132486343384,6.0,410.0,2755.0,2.0873801708221436,0.9999994039535522,0.0001000006935527541,0.0001,False,128.0,128.0,,
train,,,,,,,113.82177567481995,6.0,411.0,2756.0,2.0311572551727295,0.9999994039535522,0.00010000279247302867,0.0001,False,128.0,128.0,,
train,,,,,,,113.85628318786621,6.0,412.0,2757.0,2.0194106101989746,0.999999463558197,9.99989607778472e-05,0.0001,False,128.0,128.0,,
train,,,,,,,113.89297032356262,6.0,413.0,2758.0,2.0339837074279785,0.999999463558197,9.999958182205077e-05,0.0001,False,128.0,128.0,,
train,,,,,,,113.93143153190613,6.0,414.0,2759.0,2.051149845123291,0.999999463558197,9.999993572817762e-05,0.0001,False,128.0,128.0,,
train,,,,,,,113.96816921234131,6.0,415.0,2760.0,2.0315945148468018,0.9999995231628418,0.00010000039054591019,0.0001,False,128.0,128.0,,
train,,,,,,,114.00287008285522,6.0,416.0,2761.0,2.0443131923675537,0.9999995231628418,0.00010000011607432029,0.0001,False,128.0,128.0,,
train,,,,,,,114.03897762298584,6.0,417.0,2762.0,2.0074808597564697,0.9999993443489075,0.00010000153033502308,0.0001,False,128.0,128.0,,
train,,,,,,,114.08334112167358,6.0,418.0,2763.0,2.024111270904541,0.999999463558197,0.00010000154857319126,0.0001,False,128.0,128.0,,
train,,,,,,,114.1312608718872,6.0,419.0,2764.0,2.0347280502319336,0.9999995231628418,0.00010000114702698148,0.0001,False,128.0,128.0,,
train,,,,,,,114.17453193664551,6.0,420.0,2765.0,2.051295757293701,0.9999995231628418,0.00010000048467809928,0.0001,False,128.0,128.0,,
train,,,,,,,114.21600270271301,6.0,421.0,2766.0,2.0587127208709717,0.9999995231628418,0.00010000070413449335,0.0001,False,128.0,128.0,,
train,,,,,,,114.25299119949341,6.0,422.0,2767.0,2.038954257965088,0.9999993443489075,0.00010000115123363759,0.0001,False,128.0,128.0,,
train,,,,,,,114.28596186637878,6.0,423.0,2768.0,2.072129249572754,0.999999463558197,9.999983906493989e-05,0.0001,False,128.0,128.0,,
train,,,,,,,114.32546472549438,6.0,424.0,2769.0,1.9917945861816406,0.9999994039535522,9.999919861929823e-05,0.0001,False,128.0,128.0,,
train,,,,,,,114.36114025115967,6.0,425.0,2770.0,2.0103652477264404,0.9999994039535522,0.00010000149031989366,0.0001,False,128.0,128.0,,
train,,,,,,,114.39967179298401,6.0,426.0,2771.0,2.0459671020507812,0.999999463558197,0.00010000112730339986,0.0001,False,128.0,128.0,,
train,,,,,,,114.43635487556458,6.0,427.0,2772.0,2.020062208175659,0.9999994039535522,0.00010000078254124324,0.0001,False,128.0,128.0,,
train,,,,,,,114.47498655319214,6.0,428.0,2773.0,2.0184106826782227,0.999999463558197,9.999991639467019e-05,0.0001,False,128.0,128.0,,
train,,,,,,,114.50838160514832,6.0,429.0,2774.0,2.033795118331909,0.999999463558197,0.00010000123138991769,0.0001,False,128.0,128.0,,
train,,,,,,,114.54391098022461,6.0,430.0,2775.0,2.060101270675659,0.9999995231628418,0.00010000020341100256,0.0001,False,128.0,128.0,,
train,,,,,,,114.58061408996582,6.0,431.0,2776.0,2.044290065765381,0.9999993443489075,9.999933724640286e-05,0.0001,False,128.0,128.0,,
train,,,,,,,114.61869144439697,6.0,432.0,2777.0,2.010596513748169,0.999999463558197,9.999982344806543e-05,0.0001,False,128.0,128.0,,
train,,,,,,,114.65382957458496,6.0,433.0,2778.0,2.0483875274658203,0.9999995827674866,9.99997801579553e-05,0.0001,False,128.0,128.0,,
train,,,,,,,114.69348406791687,6.0,434.0,2779.0,2.021029233932495,0.9999995231628418,0.00010000066570412636,0.0001,False,128.0,128.0,,
train,,,,,,,114.73041868209839,6.0,435.0,2780.0,2.0008530616760254,0.9999995231628418,9.999881214074784e-05,0.0001,False,128.0,128.0,,
train,,,,,,,114.76779675483704,6.0,436.0,2781.0,2.058168411254883,0.9999994039535522,9.999997790366034e-05,0.0001,False,128.0,128.0,,
train,,,,,,,114.80689883232117,6.0,437.0,2782.0,2.0419020652770996,0.9999994039535522,9.999939896825415e-05,0.0001,False,128.0,128.0,,
train,,,,,,,114.8460054397583,6.0,438.0,2783.0,2.045598268508911,0.9999993443489075,9.999883291864292e-05,0.0001,False,128.0,128.0,,
train,,,,,,,114.88149833679199,6.0,439.0,2784.0,2.0537703037261963,0.999999463558197,9.999996259905792e-05,0.0001,False,128.0,128.0,,
train,,,,,,,114.91817450523376,6.0,440.0,2785.0,2.033682346343994,0.999999463558197,0.00010000058431140959,0.0001,False,128.0,128.0,,
train,,,,,,,114.95319938659668,6.0,441.0,2786.0,1.9894055128097534,0.9999995231628418,9.999973737523436e-05,0.0001,False,128.0,128.0,,
train,,,,,,,114.9909598827362,6.0,442.0,2787.0,2.026628017425537,0.9999995231628418,0.00010000045579292083,0.0001,False,128.0,128.0,,
train,,,,,,,115.0289876461029,6.0,443.0,2788.0,2.0358614921569824,0.9999994039535522,9.999921252972261e-05,0.0001,False,128.0,128.0,,
train,,,,,,,115.06413984298706,6.0,444.0,2789.0,2.031104564666748,0.9999994039535522,0.00010000044988621414,0.0001,False,128.0,128.0,,
train,,,,,,,115.10189604759216,6.0,445.0,2790.0,2.016301393508911,0.9999994039535522,0.00010000006345153087,0.0001,False,128.0,128.0,,
train,,,,,,,115.1359851360321,6.0,446.0,2791.0,2.01826548576355,0.9999995231628418,0.00010000026591077433,0.0001,False,128.0,128.0,,
train,,,,,,,115.17448353767395,6.0,447.0,2792.0,1.9929741621017456,0.9999995231628418,0.00010000087610494638,0.0001,False,128.0,128.0,,
train,,,,,,,115.20863342285156,6.0,448.0,2793.0,2.04172420501709,0.999999463558197,0.0001000000967256689,0.0001,False,128.0,128.0,,
train,,,,,,,115.24622821807861,6.0,449.0,2794.0,2.0507566928863525,0.9999994039535522,9.999898130417393e-05,0.0001,False,128.0,128.0,,
train,,,,,,,115.28469944000244,6.0,450.0,2795.0,2.0165224075317383,0.999999463558197,0.0001000001360127731,0.0001,False,128.0,128.0,,
train,,,,,,,115.32372832298279,6.0,451.0,2796.0,2.058526039123535,0.999999463558197,9.999801036267146e-05,0.0001,False,128.0,128.0,,
train,,,,,,,115.36408400535583,6.0,452.0,2797.0,2.0125255584716797,0.9999995231628418,9.999958825356474e-05,0.0001,False,128.0,128.0,,
train,,,,,,,115.40432357788086,6.0,453.0,2798.0,2.021538019180298,0.9999995231628418,0.00010000156653163633,0.0001,False,128.0,128.0,,
train,,,,,,,115.4421911239624,6.0,454.0,2799.0,2.073596954345703,0.999999463558197,0.00010000067543369142,0.0001,False,128.0,128.0,,
train,,,,,,,115.48317694664001,6.0,455.0,2800.0,2.0533268451690674,0.9999993443489075,0.00010000131841554817,0.0001,False,128.0,128.0,,
train,,,,,,,115.51564645767212,6.0,456.0,2801.0,2.033586263656616,0.9999993443489075,0.00010000117890649142,0.0001,False,128.0,128.0,,
train,,,,,,,115.5490939617157,6.0,457.0,2802.0,2.0396175384521484,0.9999994039535522,0.00010000016545098611,0.0001,False,128.0,128.0,,
train,,,,,,,115.58586025238037,6.0,458.0,2803.0,2.037116289138794,0.999999463558197,9.999979279544281e-05,0.0001,False,128.0,128.0,,
train,,,,,,,115.62376761436462,6.0,459.0,2804.0,2.0712292194366455,0.9999994039535522,9.999966641182223e-05,0.0001,False,128.0,128.0,,
train,,,,,,,115.6583456993103,6.0,460.0,2805.0,2.0711965560913086,0.9999994039535522,0.00010000247842046206,0.0001,False,128.0,128.0,,
train,,,,,,,115.69295811653137,6.0,461.0,2806.0,2.0523908138275146,0.999999463558197,9.999979325080866e-05,0.0001,False,128.0,128.0,,
train,,,,,,,115.72765851020813,6.0,462.0,2807.0,2.0334866046905518,0.999999463558197,9.999955446100658e-05,0.0001,False,128.0,128.0,,
train,,,,,,,115.76360321044922,6.0,463.0,2808.0,2.007601737976074,0.9999994039535522,9.999966525389043e-05,0.0001,False,128.0,128.0,,
train,,,,,,,115.80153584480286,6.0,464.0,2809.0,1.9919131994247437,0.999999463558197,0.00010000043006274883,0.0001,False,128.0,128.0,,
train,,,,,,,115.8374183177948,6.0,465.0,2810.0,2.0294368267059326,0.9999994039535522,9.999953296768465e-05,0.0001,False,128.0,128.0,,
train,,,,,,,115.87443709373474,6.0,466.0,2811.0,2.072388172149658,0.999999463558197,0.00010000025543307186,0.0001,False,128.0,128.0,,
train,,,,,,,115.90948534011841,6.0,467.0,2812.0,2.0207908153533936,0.9999992847442627,9.999990722664853e-05,0.0001,False,128.0,128.0,,
train,,,,,,,115.94433498382568,6.0,468.0,2813.0,1.9876984357833862,0.9999995231628418,9.999932322540644e-05,0.0001,False,128.0,128.0,,
train,,,,,,,115.98143529891968,6.0,469.0,2814.0,2.042205333709717,0.9999995827674866,0.00010000158698370363,0.0001,False,128.0,128.0,,
eval,,,,,,,118.16198825836182,6.0,,2814.0,,,,,False,128.0,128.0,2.031276733589172,0.48
train,,,,,,,118.20001554489136,7.0,1.0,2815.0,2.0666089057922363,0.999999463558197,0.00010000128668353232,0.0001,False,128.0,128.0,,
train,,,,,,,118.23804044723511,7.0,2.0,2816.0,2.045267343521118,0.999999463558197,9.999967989934134e-05,0.0001,False,128.0,128.0,,
train,,,,,,,118.27739787101746,7.0,3.0,2817.0,2.0109825134277344,0.999999463558197,0.00010000000305281633,0.0001,False,128.0,128.0,,
train,,,,,,,118.31984496116638,7.0,4.0,2818.0,2.0429399013519287,0.9999994039535522,0.00010000072162038135,0.0001,False,128.0,128.0,,
train,,,,,,,118.35548782348633,7.0,5.0,2819.0,2.0378105640411377,0.9999994039535522,0.00010000140834238712,0.0001,False,128.0,128.0,,
train,,,,,,,118.3919529914856,7.0,6.0,2820.0,2.004769802093506,0.9999994039535522,9.999914662486866e-05,0.0001,False,128.0,128.0,,
train,,,,,,,118.42940425872803,7.0,7.0,2821.0,2.006349802017212,0.9999994039535522,0.00010000006639622206,0.0001,False,128.0,128.0,,
train,,,,,,,118.46380972862244,7.0,8.0,2822.0,2.0464179515838623,0.999999463558197,9.999877184263469e-05,0.0001,False,128.0,128.0,,
train,,,,,,,118.49767971038818,7.0,9.0,2823.0,2.039701223373413,0.9999993443489075,9.999984750871963e-05,0.0001,False,128.0,128.0,,
train,,,,,,,118.53196954727173,7.0,10.0,2824.0,2.0212345123291016,0.9999994039535522,0.00010000032205276619,0.0001,False,128.0,128.0,,
train,,,,,,,118.56891250610352,7.0,11.0,2825.0,2.011070728302002,0.9999995231628418,0.00010000069302800389,0.0001,False,128.0,128.0,,
train,,,,,,,118.60892415046692,7.0,12.0,2826.0,2.022925615310669,0.9999994039535522,0.00010000026186237412,0.0001,False,128.0,128.0,,
train,,,,,,,118.64847707748413,7.0,13.0,2827.0,2.0108208656311035,0.9999993443489075,0.00010000061903602783,0.0001,False,128.0,128.0,,
train,,,,,,,118.68681192398071,7.0,14.0,2828.0,2.0392518043518066,0.9999994039535522,0.00010000057563133733,0.0001,False,128.0,128.0,,
train,,,,,,,118.7273941040039,7.0,15.0,2829.0,1.9979737997055054,0.999999463558197,0.00010000120000481475,0.0001,False,128.0,128.0,,
train,,,,,,,118.77436304092407,7.0,16.0,2830.0,2.03420090675354,0.999999463558197,0.00010000100579598992,0.0001,False,128.0,128.0,,
train,,,,,,,118.81496739387512,7.0,17.0,2831.0,2.0529158115386963,0.9999994039535522,0.00010000014910774828,0.0001,False,128.0,128.0,,
train,,,,,,,118.85522794723511,7.0,18.0,2832.0,2.0595364570617676,0.9999993443489075,0.00010000079461482342,0.0001,False,128.0,128.0,,
train,,,,,,,118.89426350593567,7.0,19.0,2833.0,2.0787394046783447,0.999999463558197,9.999960949967574e-05,0.0001,False,128.0,128.0,,
train,,,,,,,118.93204593658447,7.0,20.0,2834.0,2.0383260250091553,0.9999994039535522,0.0001000003897024042,0.0001,False,128.0,128.0,,
train,,,,,,,118.96818947792053,7.0,21.0,2835.0,2.0367400646209717,0.999999463558197,9.999992646691628e-05,0.0001,False,128.0,128.0,,
train,,,,,,,119.0045177936554,7.0,22.0,2836.0,2.0626327991485596,0.999999463558197,0.00010000135488545337,0.0001,False,128.0,128.0,,
train,,,,,,,119.05149221420288,7.0,23.0,2837.0,2.0513756275177,0.9999995231628418,0.00010000094063390512,0.0001,False,128.0,128.0,,
train,,,,,,,119.08787822723389,7.0,24.0,2838.0,2.0383214950561523,0.9999995231628418,0.00010000152250720289,0.0001,False,128.0,128.0,,
train,,,,,,,119.12722611427307,7.0,25.0,2839.0,2.0615322589874268,0.9999995231628418,9.999909003768997e-05,0.0001,False,128.0,128.0,,
train,,,,,,,119.16583180427551,7.0,26.0,2840.0,2.0117502212524414,0.9999994039535522,9.999948560516452e-05,0.0001,False,128.0,128.0,,
train,,,,,,,119.20451784133911,7.0,27.0,2841.0,2.0356199741363525,0.9999993443489075,9.999893198547095e-05,0.0001,False,128.0,128.0,,
train,,,,,,,119.24092721939087,7.0,28.0,2842.0,2.0399951934814453,0.999999463558197,9.999924131117599e-05,0.0001,False,128.0,128.0,,
train,,,,,,,119.27701497077942,7.0,29.0,2843.0,2.0569636821746826,0.9999994039535522,9.99996234859374e-05,0.0001,False,128.0,128.0,,
train,,,,,,,119.31275081634521,7.0,30.0,2844.0,2.0283589363098145,0.9999994039535522,0.000100000648220397,0.0001,False,128.0,128.0,,
train,,,,,,,119.34941673278809,7.0,31.0,2845.0,2.025355815887451,0.9999994039535522,9.999834987375004e-05,0.0001,False,128.0,128.0,,
train,,,,,,,119.38930034637451,7.0,32.0,2846.0,2.040968418121338,0.9999995231628418,0.00010000095541794579,0.0001,False,128.0,128.0,,
train,,,,,,,119.42661428451538,7.0,33.0,2847.0,2.0231316089630127,0.9999994039535522,0.00010000028418169909,0.0001,False,128.0,128.0,,
train,,,,,,,119.46414518356323,7.0,34.0,2848.0,1.998698353767395,0.999999463558197,0.0001000018440761543,0.0001,False,128.0,128.0,,
train,,,,,,,119.50212407112122,7.0,35.0,2849.0,2.047114133834839,0.9999994039535522,0.0001000000010231899,0.0001,False,128.0,128.0,,
train,,,,,,,119.54013633728027,7.0,36.0,2850.0,2.0202083587646484,0.9999994039535522,0.00010000089459259814,0.0001,False,128.0,128.0,,
train,,,,,,,119.58521461486816,7.0,37.0,2851.0,2.005373001098633,0.999999463558197,0.00010000026891400633,0.0001,False,128.0,128.0,,
train,,,,,,,119.62228441238403,7.0,38.0,2852.0,2.009514808654785,0.999999463558197,0.00010000069187875755,0.0001,False,128.0,128.0,,
train,,,,,,,119.65904641151428,7.0,39.0,2853.0,2.0020174980163574,0.999999463558197,0.00010000027618898308,0.0001,False,128.0,128.0,,
train,,,,,,,119.6940393447876,7.0,40.0,2854.0,2.0841569900512695,0.999999463558197,0.00010000158657388172,0.0001,False,128.0,128.0,,
train,,,,,,,119.73167777061462,7.0,41.0,2855.0,2.003844976425171,0.9999993443489075,0.00010000050347590367,0.0001,False,128.0,128.0,,
train,,,,,,,119.77154064178467,7.0,42.0,2856.0,2.068657398223877,0.9999995231628418,0.00010000010647697333,0.0001,False,128.0,128.0,,
train,,,,,,,119.81093120574951,7.0,43.0,2857.0,2.018705368041992,0.999999463558197,0.000100000604509976,0.0001,False,128.0,128.0,,
train,,,,,,,119.84753561019897,7.0,44.0,2858.0,2.0181691646575928,0.999999463558197,0.00010000089943243323,0.0001,False,128.0,128.0,,
train,,,,,,,119.88317203521729,7.0,45.0,2859.0,1.9855449199676514,0.9999995827674866,0.00010000087691375411,0.0001,False,128.0,128.0,,
train,,,,,,,119.91784834861755,7.0,46.0,2860.0,2.0445213317871094,0.9999994039535522,0.00010000087291741987,0.0001,False,128.0,128.0,,
train,,,,,,,119.9549207687378,7.0,47.0,2861.0,1.9938946962356567,0.9999993443489075,0.00010000131439321107,0.0001,False,128.0,128.0,,
train,,,,,,,119.98942470550537,7.0,48.0,2862.0,2.046978712081909,0.9999995827674866,0.00010000069121956718,0.0001,False,128.0,128.0,,
train,,,,,,,120.02699279785156,7.0,49.0,2863.0,2.03776478767395,0.9999994039535522,0.00010000068176755753,0.0001,False,128.0,128.0,,
train,,,,,,,120.06787180900574,7.0,50.0,2864.0,2.0040066242218018,0.9999994039535522,0.00010000192438149608,0.0001,False,128.0,128.0,,
train,,,,,,,120.11118459701538,7.0,51.0,2865.0,2.0017151832580566,0.9999994039535522,0.00010000094311236794,0.0001,False,128.0,128.0,,
train,,,,,,,120.14736437797546,7.0,52.0,2866.0,2.0755434036254883,0.9999995231628418,0.00010000192087742203,0.0001,False,128.0,128.0,,
train,,,,,,,120.18264698982239,7.0,53.0,2867.0,2.0377912521362305,0.9999994039535522,0.00010000048732570811,0.0001,False,128.0,128.0,,
train,,,,,,,120.22118020057678,7.0,54.0,2868.0,2.0219202041625977,0.999999463558197,0.00010000165779613548,0.0001,False,128.0,128.0,,
train,,,,,,,120.25994563102722,7.0,55.0,2869.0,1.9790682792663574,0.999999463558197,9.999934109317758e-05,0.0001,False,128.0,128.0,,
train,,,,,,,120.29707932472229,7.0,56.0,2870.0,1.9620691537857056,0.999999463558197,0.00010000117388018928,0.0001,False,128.0,128.0,,
train,,,,,,,120.3362078666687,7.0,57.0,2871.0,1.9775493144989014,0.999999463558197,0.0001000019014553955,0.0001,False,128.0,128.0,,
train,,,,,,,120.38520431518555,7.0,58.0,2872.0,2.0367562770843506,0.9999995231628418,0.0001000010149595741,0.0001,False,128.0,128.0,,
train,,,,,,,120.41973876953125,7.0,59.0,2873.0,2.0004894733428955,0.9999993443489075,0.00010000085640733194,0.0001,False,128.0,128.0,,
train,,,,,,,120.45205545425415,7.0,60.0,2874.0,2.0469014644622803,0.9999994039535522,9.999975031196782e-05,0.0001,False,128.0,128.0,,
train,,,,,,,120.49110102653503,7.0,61.0,2875.0,2.0282416343688965,0.999999463558197,0.00010000154226106376,0.0001,False,128.0,128.0,,
train,,,,,,,120.52644991874695,7.0,62.0,2876.0,1.9974452257156372,0.9999994039535522,0.00010000189596076322,0.0001,False,128.0,128.0,,
train,,,,,,,120.56434726715088,7.0,63.0,2877.0,1.9771031141281128,0.9999993443489075,0.00010000011453692337,0.0001,False,128.0,128.0,,
train,,,,,,,120.6026337146759,7.0,64.0,2878.0,1.9687772989273071,0.9999994039535522,0.00010000145566496589,0.0001,False,128.0,128.0,,
train,,,,,,,120.63747549057007,7.0,65.0,2879.0,2.0111136436462402,0.9999995827674866,0.00010000022118103846,0.0001,False,128.0,128.0,,
train,,,,,,,120.68226861953735,7.0,66.0,2880.0,2.054053783416748,0.9999994039535522,9.99999232424966e-05,0.0001,False,128.0,128.0,,
train,,,,,,,120.72150206565857,7.0,67.0,2881.0,2.019798994064331,0.9999994039535522,0.00010000005759250588,0.0001,False,128.0,128.0,,
train,,,,,,,120.76154565811157,7.0,68.0,2882.0,2.026879072189331,0.9999993443489075,9.99994303235645e-05,0.0001,False,128.0,128.0,,
train,,,,,,,120.79909038543701,7.0,69.0,2883.0,2.0253822803497314,0.999999463558197,0.0001000000950017891,0.0001,False,128.0,128.0,,
train,,,,,,,120.83566474914551,7.0,70.0,2884.0,2.058971881866455,0.999999463558197,0.00010000053856917674,0.0001,False,128.0,128.0,,
train,,,,,,,120.87253642082214,7.0,71.0,2885.0,2.062055826187134,0.999999463558197,9.999993733713467e-05,0.0001,False,128.0,128.0,,
train,,,,,,,120.91166305541992,7.0,72.0,2886.0,2.0259265899658203,0.9999994039535522,0.00010000084619423441,0.0001,False,128.0,128.0,,
train,,,,,,,120.94968700408936,7.0,73.0,2887.0,1.996140956878662,0.999999463558197,0.00010000106885253417,0.0001,False,128.0,128.0,,
train,,,,,,,120.9868392944336,7.0,74.0,2888.0,2.0056400299072266,0.9999995231628418,0.00010000060437336736,0.0001,False,128.0,128.0,,
train,,,,,,,121.0235047340393,7.0,75.0,2889.0,2.03560209274292,0.999999463558197,9.999924735239615e-05,0.0001,False,128.0,128.0,,
train,,,,,,,121.05989027023315,7.0,76.0,2890.0,1.9897230863571167,0.9999994039535522,0.0001000007233138929,0.0001,False,128.0,128.0,,
train,,,,,,,121.10810112953186,7.0,77.0,2891.0,2.047008514404297,0.9999995231628418,9.999952581408504e-05,0.0001,False,128.0,128.0,,
train,,,,,,,121.14993095397949,7.0,78.0,2892.0,1.9856047630310059,0.999999463558197,9.999964272842815e-05,0.0001,False,128.0,128.0,,
train,,,,,,,121.18830800056458,7.0,79.0,2893.0,2.0211329460144043,0.9999994039535522,0.00010000119324814766,0.0001,False,128.0,128.0,,
train,,,,,,,121.22253561019897,7.0,80.0,2894.0,2.044808864593506,0.999999463558197,0.00010000035337092438,0.0001,False,128.0,128.0,,
train,,,,,,,121.25817441940308,7.0,81.0,2895.0,2.036433458328247,0.9999994039535522,9.9999853671334e-05,0.0001,False,128.0,128.0,,
train,,,,,,,121.29620218276978,7.0,82.0,2896.0,2.061152458190918,0.9999995231628418,0.00010000176364715116,0.0001,False,128.0,128.0,,
train,,,,,,,121.3323130607605,7.0,83.0,2897.0,2.0058984756469727,0.9999994039535522,0.00010000026921107692,0.0001,False,128.0,128.0,,
train,,,,,,,121.37216591835022,7.0,84.0,2898.0,2.0078341960906982,0.9999995231628418,0.00010000120521325934,0.0001,False,128.0,128.0,,
train,,,,,,,121.4107551574707,7.0,85.0,2899.0,2.060300827026367,0.9999993443489075,0.00010000026947995833,0.0001,False,128.0,128.0,,
train,,,,,,,121.44533586502075,7.0,86.0,2900.0,2.0548574924468994,0.999999463558197,9.999934430243711e-05,0.0001,False,128.0,128.0,,
train,,,,,,,121.48404264450073,7.0,87.0,2901.0,2.0415523052215576,0.999999463558197,0.00010000009249511602,0.0001,False,128.0,128.0,,
train,,,,,,,121.52046537399292,7.0,88.0,2902.0,1.9913408756256104,0.999999463558197,0.00010000055146243871,0.0001,False,128.0,128.0,,
train,,,,,,,121.56010603904724,7.0,89.0,2903.0,2.062998056411743,0.999999463558197,0.00010000128144907144,0.0001,False,128.0,128.0,,
train,,,,,,,121.59323263168335,7.0,90.0,2904.0,2.030991792678833,0.999999463558197,0.00010000107144158125,0.0001,False,128.0,128.0,,
train,,,,,,,121.6331000328064,7.0,91.0,2905.0,2.0226306915283203,0.999999463558197,0.00010000077049585064,0.0001,False,128.0,128.0,,
train,,,,,,,121.67594146728516,7.0,92.0,2906.0,2.0131757259368896,0.9999994039535522,0.00010000070118548416,0.0001,False,128.0,128.0,,
train,,,,,,,121.70999097824097,7.0,93.0,2907.0,2.0263099670410156,0.9999995231628418,0.00010000130655886883,0.0001,False,128.0,128.0,,
train,,,,,,,121.74853587150574,7.0,94.0,2908.0,2.0252904891967773,0.9999994039535522,0.00010000144480792279,0.0001,False,128.0,128.0,,
train,,,,,,,121.78240609169006,7.0,95.0,2909.0,2.0114850997924805,0.9999994039535522,0.00010000023078704799,0.0001,False,128.0,128.0,,
train,,,,,,,121.8183822631836,7.0,96.0,2910.0,2.0100631713867188,0.9999995231628418,0.00010000200059724468,0.0001,False,128.0,128.0,,
train,,,,,,,121.85910940170288,7.0,97.0,2911.0,2.0266659259796143,0.9999995231628418,0.00010000030828777879,0.0001,False,128.0,128.0,,
train,,,,,,,121.89775967597961,7.0,98.0,2912.0,2.0588414669036865,0.999999463558197,9.999986390188014e-05,0.0001,False,128.0,128.0,,
train,,,,,,,121.93231225013733,7.0,99.0,2913.0,2.030978202819824,0.9999994039535522,0.00010000035445512271,0.0001,False,128.0,128.0,,
train,,,,,,,121.96828317642212,7.0,100.0,2914.0,2.029388427734375,0.9999993443489075,0.00010000009400866085,0.0001,False,128.0,128.0,,
train,,,,,,,122.00579833984375,7.0,101.0,2915.0,2.0154309272766113,0.9999994039535522,9.999989660579363e-05,0.0001,False,128.0,128.0,,
train,,,,,,,122.04343152046204,7.0,102.0,2916.0,1.9696954488754272,0.9999994039535522,0.00010000086260891506,0.0001,False,128.0,128.0,,
train,,,,,,,122.07919192314148,7.0,103.0,2917.0,2.0583131313323975,0.9999995231628418,0.00010000192802217685,0.0001,False,128.0,128.0,,
train,,,,,,,122.12028861045837,7.0,104.0,2918.0,2.0373666286468506,0.999999463558197,9.999980101804878e-05,0.0001,False,128.0,128.0,,
train,,,,,,,122.15628671646118,7.0,105.0,2919.0,2.026217222213745,0.9999995827674866,0.0001000026014005593,0.0001,False,128.0,128.0,,
train,,,,,,,122.19105529785156,7.0,106.0,2920.0,2.059673309326172,0.999999463558197,0.00010000249092317086,0.0001,False,128.0,128.0,,
train,,,,,,,122.2270929813385,7.0,107.0,2921.0,1.9893033504486084,0.9999994039535522,9.999976442397754e-05,0.0001,False,128.0,128.0,,
train,,,,,,,122.26615118980408,7.0,108.0,2922.0,2.018833637237549,0.9999995231628418,0.00010000097805803668,0.0001,False,128.0,128.0,,
train,,,,,,,122.30771040916443,7.0,109.0,2923.0,2.031672239303589,0.9999993443489075,9.999999322127084e-05,0.0001,False,128.0,128.0,,
train,,,,,,,122.34235620498657,7.0,110.0,2924.0,2.0188636779785156,0.9999994039535522,0.0001000004508229606,0.0001,False,128.0,128.0,,
train,,,,,,,122.37962937355042,7.0,111.0,2925.0,1.9755674600601196,0.999999463558197,0.00010000121820401236,0.0001,False,128.0,128.0,,
train,,,,,,,122.4178876876831,7.0,112.0,2926.0,2.0704762935638428,0.9999994039535522,0.00010000021354393495,0.0001,False,128.0,128.0,,
train,,,,,,,122.4530041217804,7.0,113.0,2927.0,2.0539515018463135,0.9999993443489075,0.00010000006161489354,0.0001,False,128.0,128.0,,
train,,,,,,,122.48806405067444,7.0,114.0,2928.0,2.051560640335083,0.999999463558197,0.0001000003976647536,0.0001,False,128.0,128.0,,
train,,,,,,,122.52763748168945,7.0,115.0,2929.0,2.0161166191101074,0.999999463558197,9.999936792518614e-05,0.0001,False,128.0,128.0,,
train,,,,,,,122.56381177902222,7.0,116.0,2930.0,2.033355951309204,0.999999463558197,0.00010000124436982542,0.0001,False,128.0,128.0,,
train,,,,,,,122.60493445396423,7.0,117.0,2931.0,2.0021378993988037,0.9999994039535522,0.00010000005998208606,0.0001,False,128.0,128.0,,
train,,,,,,,122.64738845825195,7.0,118.0,2932.0,2.0711286067962646,0.9999994039535522,0.00010000098389966068,0.0001,False,128.0,128.0,,
train,,,,,,,122.69038271903992,7.0,119.0,2933.0,2.014751672744751,0.9999993443489075,9.999911865220998e-05,0.0001,False,128.0,128.0,,
train,,,,,,,122.7266583442688,7.0,120.0,2934.0,2.0021822452545166,0.9999995231628418,9.999790782541091e-05,0.0001,False,128.0,128.0,,
train,,,,,,,122.76429200172424,7.0,121.0,2935.0,2.0586185455322266,0.9999994039535522,9.999897888204159e-05,0.0001,False,128.0,128.0,,
train,,,,,,,122.80139923095703,7.0,122.0,2936.0,2.0298826694488525,0.9999995231628418,0.0001000010015156027,0.0001,False,128.0,128.0,,
train,,,,,,,122.83964848518372,7.0,123.0,2937.0,2.011211633682251,0.9999993443489075,9.999899911562709e-05,0.0001,False,128.0,128.0,,
train,,,,,,,122.87934899330139,7.0,124.0,2938.0,2.0555031299591064,0.999999463558197,0.00010000072451301182,0.0001,False,128.0,128.0,,
train,,,,,,,122.91766476631165,7.0,125.0,2939.0,2.045376777648926,0.9999995231628418,0.00010000073281793995,0.0001,False,128.0,128.0,,
train,,,,,,,122.9546844959259,7.0,126.0,2940.0,1.999598503112793,0.9999994039535522,0.00010000196735626556,0.0001,False,128.0,128.0,,
train,,,,,,,122.99264335632324,7.0,127.0,2941.0,2.018852710723877,0.9999994039535522,0.00010000075915084587,0.0001,False,128.0,128.0,,
train,,,,,,,123.03745198249817,7.0,128.0,2942.0,2.0393943786621094,0.9999995231628418,9.99985747233909e-05,0.0001,False,128.0,128.0,,
train,,,,,,,123.07765769958496,7.0,129.0,2943.0,2.0179831981658936,0.9999994039535522,0.00010000042534215277,0.0001,False,128.0,128.0,,
train,,,,,,,123.11447238922119,7.0,130.0,2944.0,2.0048837661743164,0.999999463558197,0.00010000024350254092,0.0001,False,128.0,128.0,,
train,,,,,,,123.1510534286499,7.0,131.0,2945.0,2.056152820587158,0.999999463558197,9.999933879899064e-05,0.0001,False,128.0,128.0,,
train,,,,,,,123.18653702735901,7.0,132.0,2946.0,2.0467865467071533,0.9999993443489075,0.00010000001994034743,0.0001,False,128.0,128.0,,
train,,,,,,,123.22182273864746,7.0,133.0,2947.0,2.0274550914764404,0.9999994039535522,9.999954016031519e-05,0.0001,False,128.0,128.0,,
train,,,,,,,123.25902342796326,7.0,134.0,2948.0,1.989990472793579,0.9999995231628418,0.00010000035930582593,0.0001,False,128.0,128.0,,
train,,,,,,,123.29673624038696,7.0,135.0,2949.0,2.0265114307403564,0.999999463558197,9.999992963278891e-05,0.0001,False,128.0,128.0,,
train,,,,,,,123.33315658569336,7.0,136.0,2950.0,2.0230424404144287,0.9999994039535522,0.0001000003898541919,0.0001,False,128.0,128.0,,
train,,,,,,,123.37097811698914,7.0,137.0,2951.0,2.0414247512817383,0.9999994039535522,9.99991931895701e-05,0.0001,False,128.0,128.0,,
train,,,,,,,123.41437697410583,7.0,138.0,2952.0,2.0074217319488525,0.9999995231628418,9.999940877817388e-05,0.0001,False,128.0,128.0,,
train,,,,,,,123.45677852630615,7.0,139.0,2953.0,2.0480422973632812,0.999999463558197,9.999954176277336e-05,0.0001,False,128.0,128.0,,
train,,,,,,,123.50126719474792,7.0,140.0,2954.0,1.9940690994262695,0.999999463558197,0.00010000107560053613,0.0001,False,128.0,128.0,,
train,,,,,,,123.53647017478943,7.0,141.0,2955.0,2.015486478805542,0.9999995827674866,9.999980380228546e-05,0.0001,False,128.0,128.0,,
train,,,,,,,123.5710391998291,7.0,142.0,2956.0,2.04020619392395,0.999999463558197,9.999967238145912e-05,0.0001,False,128.0,128.0,,
train,,,,,,,123.6060791015625,7.0,143.0,2957.0,2.0076544284820557,0.9999995231628418,0.00010000070157579421,0.0001,False,128.0,128.0,,
train,,,,,,,123.64631724357605,7.0,144.0,2958.0,1.9879882335662842,0.999999463558197,0.00010000161378258405,0.0001,False,128.0,128.0,,
train,,,,,,,123.6883156299591,7.0,145.0,2959.0,1.9931035041809082,0.999999463558197,9.99999329743023e-05,0.0001,False,128.0,128.0,,
train,,,,,,,123.72249984741211,7.0,146.0,2960.0,2.0159366130828857,0.9999994039535522,9.99993665157144e-05,0.0001,False,128.0,128.0,,
train,,,,,,,123.75723814964294,7.0,147.0,2961.0,1.9868334531784058,0.999999463558197,0.00010000103503011899,0.0001,False,128.0,128.0,,
train,,,,,,,123.79267764091492,7.0,148.0,2962.0,2.0087289810180664,0.999999463558197,0.0001000011476059388,0.0001,False,128.0,128.0,,
train,,,,,,,123.82752418518066,7.0,149.0,2963.0,2.0193612575531006,0.999999463558197,0.00010000133490387607,0.0001,False,128.0,128.0,,
train,,,,,,,123.86712789535522,7.0,150.0,2964.0,2.0234620571136475,0.9999994039535522,0.00010000161845325154,0.0001,False,128.0,128.0,,
train,,,,,,,123.9044177532196,7.0,151.0,2965.0,2.0122194290161133,0.9999995231628418,9.999973922705652e-05,0.0001,False,128.0,128.0,,
train,,,,,,,123.93963670730591,7.0,152.0,2966.0,1.9894921779632568,0.9999993443489075,0.00010000127449725595,0.0001,False,128.0,128.0,,
train,,,,,,,123.97509503364563,7.0,153.0,2967.0,2.0294442176818848,0.9999994039535522,0.00010000087924043154,0.0001,False,128.0,128.0,,
train,,,,,,,124.01418781280518,7.0,154.0,2968.0,1.9973994493484497,0.9999995231628418,9.999889895380933e-05,0.0001,False,128.0,128.0,,
train,,,,,,,124.04753708839417,7.0,155.0,2969.0,1.9822452068328857,0.999999463558197,0.00010000176157636152,0.0001,False,128.0,128.0,,
train,,,,,,,124.0846574306488,7.0,156.0,2970.0,1.9926872253417969,0.999999463558197,0.00010000171870341686,0.0001,False,128.0,128.0,,
train,,,,,,,124.12660384178162,7.0,157.0,2971.0,1.9920450448989868,0.999999463558197,0.00010000041848568716,0.0001,False,128.0,128.0,,
train,,,,,,,124.16534543037415,7.0,158.0,2972.0,2.0114805698394775,0.9999992847442627,9.999963747653394e-05,0.0001,False,128.0,128.0,,
train,,,,,,,124.20353126525879,7.0,159.0,2973.0,2.0187759399414062,0.9999994039535522,0.00010000056473950442,0.0001,False,128.0,128.0,,
train,,,,,,,124.23828673362732,7.0,160.0,2974.0,2.006509780883789,0.9999992847442627,9.999878405090034e-05,0.0001,False,128.0,128.0,,
train,,,,,,,124.28105163574219,7.0,161.0,2975.0,2.007080078125,0.9999994039535522,0.00010000113770294932,0.0001,False,128.0,128.0,,
train,,,,,,,124.3186981678009,7.0,162.0,2976.0,2.0319271087646484,0.999999463558197,0.00010000092328900041,0.0001,False,128.0,128.0,,
train,,,,,,,124.35973644256592,7.0,163.0,2977.0,2.0259435176849365,0.9999994039535522,0.0001000000644967011,0.0001,False,128.0,128.0,,
train,,,,,,,124.39483880996704,7.0,164.0,2978.0,2.0475733280181885,0.999999463558197,0.00010000111443189595,0.0001,False,128.0,128.0,,
train,,,,,,,124.43251085281372,7.0,165.0,2979.0,2.015760898590088,0.999999463558197,0.00010000147013234803,0.0001,False,128.0,128.0,,
train,,,,,,,124.46969747543335,7.0,166.0,2980.0,2.0167222023010254,0.999999463558197,0.00010000096653091126,0.0001,False,128.0,128.0,,
train,,,,,,,124.50579595565796,7.0,167.0,2981.0,1.960904598236084,0.9999993443489075,0.00010000037030176425,0.0001,False,128.0,128.0,,
train,,,,,,,124.54298305511475,7.0,168.0,2982.0,2.0081984996795654,0.9999995231628418,0.00010000072150545674,0.0001,False,128.0,128.0,,
train,,,,,,,124.58260846138,7.0,169.0,2983.0,1.9979486465454102,0.999999463558197,9.999920808662702e-05,0.0001,False,128.0,128.0,,
train,,,,,,,124.62135124206543,7.0,170.0,2984.0,1.9933407306671143,0.999999463558197,0.00010000144635830948,0.0001,False,128.0,128.0,,
train,,,,,,,124.65885400772095,7.0,171.0,2985.0,1.9964717626571655,0.999999463558197,9.999880170626164e-05,0.0001,False,128.0,128.0,,
train,,,,,,,124.7010726928711,7.0,172.0,2986.0,2.0413601398468018,0.9999993443489075,0.00010000034190444206,0.0001,False,128.0,128.0,,
train,,,,,,,124.73478817939758,7.0,173.0,2987.0,1.987046480178833,0.9999994039535522,9.999822658917906e-05,0.0001,False,128.0,128.0,,
train,,,,,,,124.76992607116699,7.0,174.0,2988.0,2.0267333984375,0.999999463558197,0.00010000031348109105,0.0001,False,128.0,128.0,,
train,,,,,,,124.80661344528198,7.0,175.0,2989.0,2.06152081489563,0.9999993443489075,0.00010000039830009354,0.0001,False,128.0,128.0,,
train,,,,,,,124.8429856300354,7.0,176.0,2990.0,2.006369113922119,0.9999994039535522,9.99999864081437e-05,0.0001,False,128.0,128.0,,
train,,,,,,,124.8800458908081,7.0,177.0,2991.0,2.0143091678619385,0.9999994039535522,9.999885710530435e-05,0.0001,False,128.0,128.0,,
train,,,,,,,124.91446280479431,7.0,178.0,2992.0,2.0190393924713135,0.999999463558197,0.00010000110086650862,0.0001,False,128.0,128.0,,
train,,,,,,,124.95258712768555,7.0,179.0,2993.0,2.0227484703063965,0.9999994039535522,0.00010000078367530983,0.0001,False,128.0,128.0,,
train,,,,,,,124.9897153377533,7.0,180.0,2994.0,2.0153064727783203,0.9999994039535522,0.00010000009376146298,0.0001,False,128.0,128.0,,
train,,,,,,,125.0251100063324,7.0,181.0,2995.0,1.9983619451522827,0.999999463558197,9.999889071595018e-05,0.0001,False,128.0,128.0,,
train,,,,,,,125.06318640708923,7.0,182.0,2996.0,2.005857229232788,0.999999463558197,0.00010000127766959102,0.0001,False,128.0,128.0,,
train,,,,,,,125.10596561431885,7.0,183.0,2997.0,1.9787966012954712,0.999999463558197,0.00010000177590709237,0.0001,False,128.0,128.0,,
train,,,,,,,125.14424061775208,7.0,184.0,2998.0,1.9746356010437012,0.9999993443489075,9.999987209845938e-05,0.0001,False,128.0,128.0,,
train,,,,,,,125.18045496940613,7.0,185.0,2999.0,2.0406787395477295,0.9999995231628418,0.00010000052112879301,0.0001,False,128.0,128.0,,
train,,,,,,,125.22013926506042,7.0,186.0,3000.0,2.014214038848877,0.9999994039535522,0.00010000089336962902,0.0001,False,128.0,128.0,,
train,,,,,,,125.25776767730713,7.0,187.0,3001.0,1.9864857196807861,0.999999463558197,9.999917137741243e-05,0.0001,False,128.0,128.0,,
train,,,,,,,125.29489994049072,7.0,188.0,3002.0,1.9788321256637573,0.999999463558197,9.999888584565987e-05,0.0001,False,128.0,128.0,,
train,,,,,,,125.33353686332703,7.0,189.0,3003.0,2.036928653717041,0.999999463558197,9.99994593087863e-05,0.0001,False,128.0,128.0,,
train,,,,,,,125.3700578212738,7.0,190.0,3004.0,2.049262523651123,0.999999463558197,0.00010000015392593542,0.0001,False,128.0,128.0,,
train,,,,,,,125.40619945526123,7.0,191.0,3005.0,2.053576946258545,0.999999463558197,9.999875701056571e-05,0.0001,False,128.0,128.0,,
train,,,,,,,125.44082307815552,7.0,192.0,3006.0,2.0520803928375244,0.9999995827674866,9.999995402084675e-05,0.0001,False,128.0,128.0,,
train,,,,,,,125.47753596305847,7.0,193.0,3007.0,1.9992705583572388,0.9999993443489075,9.999925534953124e-05,0.0001,False,128.0,128.0,,
train,,,,,,,125.51808619499207,7.0,194.0,3008.0,2.0019915103912354,0.9999994039535522,0.00010000063525559062,0.0001,False,128.0,128.0,,
train,,,,,,,125.55829787254333,7.0,195.0,3009.0,2.033189535140991,0.999999463558197,0.00010000261117980801,0.0001,False,128.0,128.0,,
train,,,,,,,125.59674167633057,7.0,196.0,3010.0,2.0380473136901855,0.9999994039535522,0.00010000060295307108,0.0001,False,128.0,128.0,,
train,,,,,,,125.62958717346191,7.0,197.0,3011.0,2.0613207817077637,0.999999463558197,9.999793903156586e-05,0.0001,False,128.0,128.0,,
train,,,,,,,125.66523170471191,7.0,198.0,3012.0,2.0145838260650635,0.9999994039535522,0.00010000129439861541,0.0001,False,128.0,128.0,,
train,,,,,,,125.7140166759491,7.0,199.0,3013.0,2.0433661937713623,0.9999994039535522,0.00010000058126048246,0.0001,False,128.0,128.0,,
train,,,,,,,125.75151133537292,7.0,200.0,3014.0,2.0360844135284424,0.9999994039535522,9.999880367085949e-05,0.0001,False,128.0,128.0,,
train,,,,,,,125.79143977165222,7.0,201.0,3015.0,1.9798496961593628,0.999999463558197,0.00010000071903999876,0.0001,False,128.0,128.0,,
train,,,,,,,125.83464241027832,7.0,202.0,3016.0,1.9718599319458008,0.999999463558197,0.00010000109259196839,0.0001,False,128.0,128.0,,
train,,,,,,,125.87335228919983,7.0,203.0,3017.0,1.9995379447937012,0.999999463558197,9.99993841622992e-05,0.0001,False,128.0,128.0,,
train,,,,,,,125.90664291381836,7.0,204.0,3018.0,1.9984626770019531,0.9999995231628418,9.999866257967494e-05,0.0001,False,128.0,128.0,,
train,,,,,,,125.9427502155304,7.0,205.0,3019.0,2.00288462638855,0.9999995231628418,0.00010000146025757933,0.0001,False,128.0,128.0,,
train,,,,,,,125.9836277961731,7.0,206.0,3020.0,2.0025415420532227,0.9999995231628418,0.00010000100627303407,0.0001,False,128.0,128.0,,
train,,,,,,,126.02286076545715,7.0,207.0,3021.0,1.9739145040512085,0.9999993443489075,0.00010000142731565613,0.0001,False,128.0,128.0,,
train,,,,,,,126.05764508247375,7.0,208.0,3022.0,2.0384063720703125,0.999999463558197,0.00010000067469643893,0.0001,False,128.0,128.0,,
train,,,,,,,126.09025454521179,7.0,209.0,3023.0,2.0205116271972656,0.999999463558197,9.999818273241381e-05,0.0001,False,128.0,128.0,,
train,,,,,,,126.12617063522339,7.0,210.0,3024.0,2.047065258026123,0.9999993443489075,0.00010000069060808139,0.0001,False,128.0,128.0,,
train,,,,,,,126.16204166412354,7.0,211.0,3025.0,2.0008087158203125,0.9999994039535522,0.00010000018883284875,0.0001,False,128.0,128.0,,
train,,,,,,,126.19712233543396,7.0,212.0,3026.0,2.0383448600769043,0.9999994039535522,0.00010000024833807071,0.0001,False,128.0,128.0,,
train,,,,,,,126.24067044258118,7.0,213.0,3027.0,2.017301321029663,0.999999463558197,0.00010000130781652691,0.0001,False,128.0,128.0,,
train,,,,,,,126.28282523155212,7.0,214.0,3028.0,2.001075029373169,0.9999994039535522,0.00010000037576178602,0.0001,False,128.0,128.0,,
train,,,,,,,126.33201050758362,7.0,215.0,3029.0,2.0220773220062256,0.9999994039535522,0.00010000008201739538,0.0001,False,128.0,128.0,,
train,,,,,,,126.37068200111389,7.0,216.0,3030.0,2.0266177654266357,0.9999993443489075,0.00010000115052240915,0.0001,False,128.0,128.0,,
train,,,,,,,126.40513396263123,7.0,217.0,3031.0,2.0047543048858643,0.9999994039535522,0.00010000013483099433,0.0001,False,128.0,128.0,,
train,,,,,,,126.44078874588013,7.0,218.0,3032.0,2.048146963119507,0.9999994039535522,0.00010000002603139383,0.0001,False,128.0,128.0,,
train,,,,,,,126.47562050819397,7.0,219.0,3033.0,1.9737000465393066,0.9999993443489075,9.999997430844508e-05,0.0001,False,128.0,128.0,,
train,,,,,,,126.51086211204529,7.0,220.0,3034.0,2.0063419342041016,0.9999995231628418,9.9999163803113e-05,0.0001,False,128.0,128.0,,
train,,,,,,,126.54735469818115,7.0,221.0,3035.0,2.0009400844573975,0.9999994039535522,0.00010000120936136678,0.0001,False,128.0,128.0,,
train,,,,,,,126.58709526062012,7.0,222.0,3036.0,1.9980381727218628,0.9999993443489075,9.999886835511402e-05,0.0001,False,128.0,128.0,,
train,,,,,,,126.62281155586243,7.0,223.0,3037.0,2.0265984535217285,0.9999994039535522,0.00010000069034570626,0.0001,False,128.0,128.0,,
train,,,,,,,126.65982556343079,7.0,224.0,3038.0,2.017662525177002,0.999999463558197,0.00010000118936241336,0.0001,False,128.0,128.0,,
train,,,,,,,126.69585251808167,7.0,225.0,3039.0,2.0174264907836914,0.9999995231628418,9.999994397028749e-05,0.0001,False,128.0,128.0,,
train,,,,,,,126.73195958137512,7.0,226.0,3040.0,2.0422604084014893,0.9999994039535522,9.999871682518881e-05,0.0001,False,128.0,128.0,,
train,,,,,,,126.77317690849304,7.0,227.0,3041.0,2.0416409969329834,0.9999994039535522,0.00010000045396713268,0.0001,False,128.0,128.0,,
train,,,,,,,126.80648970603943,7.0,228.0,3042.0,2.036078453063965,0.999999463558197,9.999988715587727e-05,0.0001,False,128.0,128.0,,
train,,,,,,,126.83935475349426,7.0,229.0,3043.0,2.0249688625335693,0.999999463558197,0.00010000032532704615,0.0001,False,128.0,128.0,,
train,,,,,,,126.87636756896973,7.0,230.0,3044.0,2.003979206085205,0.9999994039535522,9.99985671685622e-05,0.0001,False,128.0,128.0,,
train,,,,,,,126.90998768806458,7.0,231.0,3045.0,2.043444871902466,0.9999994039535522,0.00010000030199292019,0.0001,False,128.0,128.0,,
train,,,,,,,126.94866871833801,7.0,232.0,3046.0,2.0176353454589844,0.9999994039535522,9.999942912226165e-05,0.0001,False,128.0,128.0,,
train,,,,,,,126.99071836471558,7.0,233.0,3047.0,1.9826632738113403,0.9999995231628418,9.999884593355685e-05,0.0001,False,128.0,128.0,,
train,,,,,,,127.02664351463318,7.0,234.0,3048.0,2.0154311656951904,0.999999463558197,0.00010000025688589905,0.0001,False,128.0,128.0,,
train,,,,,,,127.06521272659302,7.0,235.0,3049.0,2.0122454166412354,0.999999463558197,0.00010000066365066111,0.0001,False,128.0,128.0,,
train,,,,,,,127.1046895980835,7.0,236.0,3050.0,2.045206069946289,0.9999994039535522,9.999884749048912e-05,0.0001,False,128.0,128.0,,
train,,,,,,,127.14438009262085,7.0,237.0,3051.0,1.9816786050796509,0.9999994039535522,9.999981411089941e-05,0.0001,False,128.0,128.0,,
train,,,,,,,127.18269395828247,7.0,238.0,3052.0,1.9749548435211182,0.999999463558197,0.00010000103051554776,0.0001,False,128.0,128.0,,
train,,,,,,,127.2159698009491,7.0,239.0,3053.0,1.9911075830459595,0.999999463558197,0.0001000004101915749,0.0001,False,128.0,128.0,,
train,,,,,,,127.25419592857361,7.0,240.0,3054.0,2.0433425903320312,0.999999463558197,9.999987905687759e-05,0.0001,False,128.0,128.0,,
train,,,,,,,127.29230451583862,7.0,241.0,3055.0,1.9950065612792969,0.9999994039535522,9.999992853774393e-05,0.0001,False,128.0,128.0,,
train,,,,,,,127.3268313407898,7.0,242.0,3056.0,2.052483558654785,0.9999995231628418,9.999809062338616e-05,0.0001,False,128.0,128.0,,
train,,,,,,,127.36276578903198,7.0,243.0,3057.0,2.017852544784546,0.999999463558197,0.00010000154498020084,0.0001,False,128.0,128.0,,
train,,,,,,,127.3974597454071,7.0,244.0,3058.0,2.067387342453003,0.9999994039535522,0.0001000010058480311,0.0001,False,128.0,128.0,,
train,,,,,,,127.43769764900208,7.0,245.0,3059.0,2.0300755500793457,0.9999994039535522,9.999914563173099e-05,0.0001,False,128.0,128.0,,
train,,,,,,,127.4767439365387,7.0,246.0,3060.0,2.0109174251556396,0.9999994039535522,0.00010000058180258039,0.0001,False,128.0,128.0,,
train,,,,,,,127.53333353996277,7.0,247.0,3061.0,2.003190040588379,0.9999994039535522,0.00010000055087263598,0.0001,False,128.0,128.0,,
train,,,,,,,127.56601142883301,7.0,248.0,3062.0,1.9780969619750977,0.999999463558197,0.00010000100117299824,0.0001,False,128.0,128.0,,
train,,,,,,,127.60327768325806,7.0,249.0,3063.0,2.0055227279663086,0.9999995231628418,0.00010000116957595708,0.0001,False,128.0,128.0,,
train,,,,,,,127.63909459114075,7.0,250.0,3064.0,2.0184950828552246,0.9999993443489075,0.000100000756149797,0.0001,False,128.0,128.0,,
train,,,,,,,127.67453694343567,7.0,251.0,3065.0,2.0291364192962646,0.999999463558197,9.999980675782633e-05,0.0001,False,128.0,128.0,,
train,,,,,,,127.71304321289062,7.0,252.0,3066.0,2.0288445949554443,0.9999994039535522,9.999993438376606e-05,0.0001,False,128.0,128.0,,
train,,,,,,,127.75435996055603,7.0,253.0,3067.0,1.9997398853302002,0.9999994039535522,0.0001000006956387446,0.0001,False,128.0,128.0,,
train,,,,,,,127.7876091003418,7.0,254.0,3068.0,2.0061659812927246,0.9999994039535522,9.999988017794397e-05,0.0001,False,128.0,128.0,,
train,,,,,,,127.82312226295471,7.0,255.0,3069.0,1.9939830303192139,0.9999993443489075,0.00010000163616882674,0.0001,False,128.0,128.0,,
train,,,,,,,127.85891556739807,7.0,256.0,3070.0,1.9632515907287598,0.9999995231628418,0.00010000058887587396,0.0001,False,128.0,128.0,,
train,,,,,,,127.89608073234558,7.0,257.0,3071.0,1.951198935508728,0.9999993443489075,0.00010000115436477736,0.0001,False,128.0,128.0,,
train,,,,,,,127.93497705459595,7.0,258.0,3072.0,1.9836701154708862,0.999999463558197,0.0001000007399909687,0.0001,False,128.0,128.0,,
train,,,,,,,127.97324705123901,7.0,259.0,3073.0,2.018831729888916,0.9999993443489075,0.00010000063622052442,0.0001,False,128.0,128.0,,
train,,,,,,,128.0071725845337,7.0,260.0,3074.0,1.9929890632629395,0.999999463558197,9.999921546793359e-05,0.0001,False,128.0,128.0,,
train,,,,,,,128.05614304542542,7.0,261.0,3075.0,2.00087571144104,0.9999995231628418,0.00010000045453525204,0.0001,False,128.0,128.0,,
train,,,,,,,128.09820556640625,7.0,262.0,3076.0,1.9894368648529053,0.999999463558197,9.9999639302337e-05,0.0001,False,128.0,128.0,,
train,,,,,,,128.13880062103271,7.0,263.0,3077.0,2.042285442352295,0.9999995231628418,9.999968014003498e-05,0.0001,False,128.0,128.0,,
train,,,,,,,128.17334151268005,7.0,264.0,3078.0,2.0084738731384277,0.9999994039535522,0.00010000042540503622,0.0001,False,128.0,128.0,,
train,,,,,,,128.2092990875244,7.0,265.0,3079.0,2.004621982574463,0.999999463558197,9.9999482153047e-05,0.0001,False,128.0,128.0,,
train,,,,,,,128.2438907623291,7.0,266.0,3080.0,2.028684377670288,0.999999463558197,0.00010000140152068289,0.0001,False,128.0,128.0,,
train,,,,,,,128.2835714817047,7.0,267.0,3081.0,1.9767444133758545,0.9999995231628418,0.00010000010380767039,0.0001,False,128.0,128.0,,
train,,,,,,,128.32050371170044,7.0,268.0,3082.0,2.01668381690979,0.9999993443489075,0.00010000119738975045,0.0001,False,128.0,128.0,,
train,,,,,,,128.3543004989624,7.0,269.0,3083.0,2.047126293182373,0.999999463558197,0.00010000104373617194,0.0001,False,128.0,128.0,,
train,,,,,,,128.38927674293518,7.0,270.0,3084.0,2.0364038944244385,0.999999463558197,0.0001000010536565178,0.0001,False,128.0,128.0,,
train,,,,,,,128.4235942363739,7.0,271.0,3085.0,1.9992316961288452,0.999999463558197,0.00010000101541927115,0.0001,False,128.0,128.0,,
train,,,,,,,128.4584527015686,7.0,272.0,3086.0,1.9884237051010132,0.9999994039535522,0.00010000062091602274,0.0001,False,128.0,128.0,,
train,,,,,,,128.4946506023407,7.0,273.0,3087.0,2.0182313919067383,0.9999995231628418,0.00010000007003913888,0.0001,False,128.0,128.0,,
train,,,,,,,128.5299355983734,7.0,274.0,3088.0,2.0287697315216064,0.9999995231628418,9.999962882890568e-05,0.0001,False,128.0,128.0,,
train,,,,,,,128.56605410575867,7.0,275.0,3089.0,2.0148487091064453,0.9999995231628418,0.00010000067452730453,0.0001,False,128.0,128.0,,
train,,,,,,,128.6046736240387,7.0,276.0,3090.0,1.9812296628952026,0.9999994039535522,9.999981881200866e-05,0.0001,False,128.0,128.0,,
train,,,,,,,128.64356398582458,7.0,277.0,3091.0,2.019542694091797,0.999999463558197,0.00010000045429672865,0.0001,False,128.0,128.0,,
train,,,,,,,128.6829435825348,7.0,278.0,3092.0,2.005272150039673,0.999999463558197,0.00010000291465912685,0.0001,False,128.0,128.0,,
train,,,,,,,128.72220730781555,7.0,279.0,3093.0,1.9629194736480713,0.999999463558197,0.00010000094868728278,0.0001,False,128.0,128.0,,
train,,,,,,,128.76186227798462,7.0,280.0,3094.0,2.014286756515503,0.9999994039535522,9.99999030502978e-05,0.0001,False,128.0,128.0,,
train,,,,,,,128.79629182815552,7.0,281.0,3095.0,2.0406296253204346,0.999999463558197,0.00010000053641813119,0.0001,False,128.0,128.0,,
train,,,,,,,128.82881689071655,7.0,282.0,3096.0,1.9997445344924927,0.9999994039535522,0.00010000037253087563,0.0001,False,128.0,128.0,,
train,,,,,,,128.86529231071472,7.0,283.0,3097.0,2.016401529312134,0.9999993443489075,9.999979541921746e-05,0.0001,False,128.0,128.0,,
train,,,,,,,128.90142726898193,7.0,284.0,3098.0,2.036783218383789,0.9999994039535522,9.999988354764831e-05,0.0001,False,128.0,128.0,,
train,,,,,,,128.944482088089,7.0,285.0,3099.0,2.00720477104187,0.9999994039535522,0.00010000077432088636,0.0001,False,128.0,128.0,,
train,,,,,,,128.98068737983704,7.0,286.0,3100.0,1.9777331352233887,0.9999995231628418,9.999864451662353e-05,0.0001,False,128.0,128.0,,
train,,,,,,,129.01312470436096,7.0,287.0,3101.0,2.02052640914917,0.9999994039535522,0.00010000022566962542,0.0001,False,128.0,128.0,,
train,,,,,,,129.04642271995544,7.0,288.0,3102.0,1.9667093753814697,0.9999995231628418,9.999961119537455e-05,0.0001,False,128.0,128.0,,
train,,,,,,,129.09202361106873,7.0,289.0,3103.0,2.026059150695801,0.999999463558197,9.999976101957464e-05,0.0001,False,128.0,128.0,,
train,,,,,,,129.12829041481018,7.0,290.0,3104.0,2.013455867767334,0.9999993443489075,0.00010000071789075271,0.0001,False,128.0,128.0,,
train,,,,,,,129.16047883033752,7.0,291.0,3105.0,1.9826642274856567,0.9999994039535522,0.00010000111748497519,0.0001,False,128.0,128.0,,
train,,,,,,,129.20106101036072,7.0,292.0,3106.0,2.030196189880371,0.9999994039535522,0.00010000014925086275,0.0001,False,128.0,128.0,,
train,,,,,,,129.24168825149536,7.0,293.0,3107.0,2.033607006072998,0.9999994039535522,9.999997686282602e-05,0.0001,False,128.0,128.0,,
train,,,,,,,129.27707934379578,7.0,294.0,3108.0,2.015207290649414,0.9999995231628418,9.999980346401372e-05,0.0001,False,128.0,128.0,,
train,,,,,,,129.31352186203003,7.0,295.0,3109.0,2.0100936889648438,0.999999463558197,9.999990586272092e-05,0.0001,False,128.0,128.0,,
train,,,,,,,129.34942603111267,7.0,296.0,3110.0,2.047290325164795,0.9999994039535522,9.999991327216527e-05,0.0001,False,128.0,128.0,,
train,,,,,,,129.3850634098053,7.0,297.0,3111.0,2.035280466079712,0.9999994039535522,0.00010000043763912075,0.0001,False,128.0,128.0,,
train,,,,,,,129.41774320602417,7.0,298.0,3112.0,2.0330617427825928,0.9999994039535522,0.00010000067258442731,0.0001,False,128.0,128.0,,
train,,,,,,,129.45456051826477,7.0,299.0,3113.0,2.016732692718506,0.9999994039535522,0.00010000065172451564,0.0001,False,128.0,128.0,,
train,,,,,,,129.49212956428528,7.0,300.0,3114.0,1.95841383934021,0.9999993443489075,0.00010000105510499662,0.0001,False,128.0,128.0,,
train,,,,,,,129.52875089645386,7.0,301.0,3115.0,1.982189416885376,0.9999995231628418,0.00010000050509352516,0.0001,False,128.0,128.0,,
train,,,,,,,129.5627725124359,7.0,302.0,3116.0,2.0170559883117676,0.9999995231628418,9.999980751893773e-05,0.0001,False,128.0,128.0,,
train,,,,,,,129.60065269470215,7.0,303.0,3117.0,2.017526626586914,0.999999463558197,0.00010000009372676854,0.0001,False,128.0,128.0,,
train,,,,,,,129.63712310791016,7.0,304.0,3118.0,2.019622802734375,0.9999995231628418,0.00010000044333549388,0.0001,False,128.0,128.0,,
train,,,,,,,129.67343974113464,7.0,305.0,3119.0,2.038607597351074,0.999999463558197,0.00010000014014791448,0.0001,False,128.0,128.0,,
train,,,,,,,129.70984268188477,7.0,306.0,3120.0,2.028364658355713,0.999999463558197,0.00010000274516626091,0.0001,False,128.0,128.0,,
train,,,,,,,129.74950742721558,7.0,307.0,3121.0,2.0125527381896973,0.999999463558197,0.0001000010019145851,0.0001,False,128.0,128.0,,
train,,,,,,,129.7868025302887,7.0,308.0,3122.0,1.9995909929275513,0.9999994039535522,0.0001000010983772078,0.0001,False,128.0,128.0,,
train,,,,,,,129.82880568504333,7.0,309.0,3123.0,1.9991647005081177,0.9999995231628418,9.999982412027197e-05,0.0001,False,128.0,128.0,,
train,,,,,,,129.86563563346863,7.0,310.0,3124.0,2.010995626449585,0.999999463558197,0.00010000080311706893,0.0001,False,128.0,128.0,,
train,,,,,,,129.90912652015686,7.0,311.0,3125.0,1.977832555770874,0.9999995827674866,9.999970523939241e-05,0.0001,False,128.0,128.0,,
train,,,,,,,129.94591808319092,7.0,312.0,3126.0,1.994241714477539,0.999999463558197,9.999921277041739e-05,0.0001,False,128.0,128.0,,
train,,,,,,,129.9848349094391,7.0,313.0,3127.0,1.9837135076522827,0.999999463558197,0.00010000018483865541,0.0001,False,128.0,128.0,,
train,,,,,,,130.0188283920288,7.0,314.0,3128.0,1.9926886558532715,0.9999994039535522,0.00010000104416767991,0.0001,False,128.0,128.0,,
train,,,,,,,130.05200052261353,7.0,315.0,3129.0,2.01826810836792,0.999999463558197,0.00010000104720124586,0.0001,False,128.0,128.0,,
train,,,,,,,130.08435606956482,7.0,316.0,3130.0,2.07743239402771,0.9999994039535522,0.00010000019588448611,0.0001,False,128.0,128.0,,
train,,,,,,,130.12541389465332,7.0,317.0,3131.0,1.9402488470077515,0.9999993443489075,0.00010000115459462556,0.0001,False,128.0,128.0,,
train,,,,,,,130.15876483917236,7.0,318.0,3132.0,2.0188088417053223,0.999999463558197,0.00010000123257818862,0.0001,False,128.0,128.0,,
train,,,,,,,130.19149923324585,7.0,319.0,3133.0,1.9915786981582642,0.999999463558197,0.00010000342867825267,0.0001,False,128.0,128.0,,
train,,,,,,,130.2257752418518,7.0,320.0,3134.0,1.9731099605560303,0.9999995231628418,9.999876988237306e-05,0.0001,False,128.0,128.0,,
train,,,,,,,130.26057600975037,7.0,321.0,3135.0,2.0090537071228027,0.999999463558197,9.99980425836275e-05,0.0001,False,128.0,128.0,,
train,,,,,,,130.29946565628052,7.0,322.0,3136.0,1.9854141473770142,0.9999995231628418,0.00010000173898415208,0.0001,False,128.0,128.0,,
train,,,,,,,130.33930325508118,7.0,323.0,3137.0,2.0103907585144043,0.9999995827674866,9.999994441914745e-05,0.0001,False,128.0,128.0,,
train,,,,,,,130.37952995300293,7.0,324.0,3138.0,1.9836152791976929,0.999999463558197,9.99993763950267e-05,0.0001,False,128.0,128.0,,
train,,,,,,,130.41317629814148,7.0,325.0,3139.0,2.0011401176452637,0.999999463558197,9.999987996977691e-05,0.0001,False,128.0,128.0,,
train,,,,,,,130.45521211624146,7.0,326.0,3140.0,1.9702281951904297,0.9999993443489075,0.00010000007990103444,0.0001,False,128.0,128.0,,
train,,,,,,,130.4883451461792,7.0,327.0,3141.0,1.9917582273483276,0.999999463558197,0.00010000183668203157,0.0001,False,128.0,128.0,,
train,,,,,,,130.52347326278687,7.0,328.0,3142.0,1.9763115644454956,0.999999463558197,0.00010000053783192324,0.0001,False,128.0,128.0,,
train,,,,,,,130.55764198303223,7.0,329.0,3143.0,1.9974193572998047,0.999999463558197,0.00010000015187029125,0.0001,False,128.0,128.0,,
train,,,,,,,130.59394216537476,7.0,330.0,3144.0,2.0130832195281982,0.9999993443489075,0.0001000013741601366,0.0001,False,128.0,128.0,,
train,,,,,,,130.636465549469,7.0,331.0,3145.0,1.9860212802886963,0.9999994039535522,0.0001000002433052166,0.0001,False,128.0,128.0,,
train,,,,,,,130.676433801651,7.0,332.0,3146.0,1.991771936416626,0.999999463558197,9.999953409309175e-05,0.0001,False,128.0,128.0,,
train,,,,,,,130.71092581748962,7.0,333.0,3147.0,1.9993877410888672,0.9999994039535522,0.0001000018971468579,0.0001,False,128.0,128.0,,
train,,,,,,,130.7460014820099,7.0,334.0,3148.0,1.9604018926620483,0.9999994039535522,0.00010000131851529345,0.0001,False,128.0,128.0,,
train,,,,,,,130.78119015693665,7.0,335.0,3149.0,2.013946771621704,0.9999995827674866,0.00010000189926968546,0.0001,False,128.0,128.0,,
train,,,,,,,130.8190701007843,7.0,336.0,3150.0,2.0233516693115234,0.999999463558197,0.00010000056105540617,0.0001,False,128.0,128.0,,
train,,,,,,,130.86072278022766,7.0,337.0,3151.0,2.0236752033233643,0.9999995231628418,9.999953512959385e-05,0.0001,False,128.0,128.0,,
train,,,,,,,130.89568781852722,7.0,338.0,3152.0,1.9982024431228638,0.9999994039535522,0.00010000022478925523,0.0001,False,128.0,128.0,,
train,,,,,,,130.93087005615234,7.0,339.0,3153.0,1.9995574951171875,0.9999995231628418,0.00010000083074231461,0.0001,False,128.0,128.0,,
train,,,,,,,130.96538400650024,7.0,340.0,3154.0,2.0011725425720215,0.9999994039535522,9.999995183075734e-05,0.0001,False,128.0,128.0,,
train,,,,,,,131.00527572631836,7.0,341.0,3155.0,1.9746206998825073,0.9999994039535522,9.999967706739616e-05,0.0001,False,128.0,128.0,,
train,,,,,,,131.04384303092957,7.0,342.0,3156.0,2.03220272064209,0.999999463558197,9.999857623262181e-05,0.0001,False,128.0,128.0,,
train,,,,,,,131.07804703712463,7.0,343.0,3157.0,1.9834221601486206,0.9999994039535522,0.00010000078356689047,0.0001,False,128.0,128.0,,
train,,,,,,,131.11944770812988,7.0,344.0,3158.0,2.0158066749572754,0.9999994039535522,0.00010000016444701656,0.0001,False,128.0,128.0,,
train,,,,,,,131.15837955474854,7.0,345.0,3159.0,1.9854028224945068,0.9999993443489075,0.00010000099054792277,0.0001,False,128.0,128.0,,
train,,,,,,,131.1942913532257,7.0,346.0,3160.0,2.0057690143585205,0.9999995231628418,9.999924114203916e-05,0.0001,False,128.0,128.0,,
train,,,,,,,131.22820663452148,7.0,347.0,3161.0,2.006882429122925,0.9999994039535522,0.0001000016185963639,0.0001,False,128.0,128.0,,
train,,,,,,,131.2643883228302,7.0,348.0,3162.0,1.974581003189087,0.999999463558197,0.00010000124273920563,0.0001,False,128.0,128.0,,
train,,,,,,,131.3043189048767,7.0,349.0,3163.0,1.9839231967926025,0.9999995231628418,9.999806100241285e-05,0.0001,False,128.0,128.0,,
train,,,,,,,131.3415813446045,7.0,350.0,3164.0,2.0286872386932373,0.9999994039535522,9.999931662907557e-05,0.0001,False,128.0,128.0,,
train,,,,,,,131.37730598449707,7.0,351.0,3165.0,2.0026025772094727,0.999999463558197,0.00010000005853359281,0.0001,False,128.0,128.0,,
train,,,,,,,131.41501903533936,7.0,352.0,3166.0,2.0200700759887695,0.999999463558197,0.00010000118147818863,0.0001,False,128.0,128.0,,
train,,,,,,,131.4522569179535,7.0,353.0,3167.0,1.9891993999481201,0.9999995231628418,9.999846481835823e-05,0.0001,False,128.0,128.0,,
train,,,,,,,131.48952174186707,7.0,354.0,3168.0,1.991017460823059,0.999999463558197,9.999883752005055e-05,0.0001,False,128.0,128.0,,
train,,,,,,,131.52514481544495,7.0,355.0,3169.0,1.9840528964996338,0.999999463558197,9.99996258842016e-05,0.0001,False,128.0,128.0,,
train,,,,,,,131.56363034248352,7.0,356.0,3170.0,1.9746352434158325,0.9999994039535522,0.00010000115195787629,0.0001,False,128.0,128.0,,
train,,,,,,,131.60088062286377,7.0,357.0,3171.0,1.9822826385498047,0.9999994039535522,0.00010000147890124591,0.0001,False,128.0,128.0,,
train,,,,,,,131.63932299613953,7.0,358.0,3172.0,2.039917230606079,0.9999993443489075,0.00010000125076653843,0.0001,False,128.0,128.0,,
train,,,,,,,131.67678499221802,7.0,359.0,3173.0,1.9858574867248535,0.9999993443489075,0.00010000040456025176,0.0001,False,128.0,128.0,,
train,,,,,,,131.71295714378357,7.0,360.0,3174.0,2.0207839012145996,0.9999994039535522,0.00010000018037175061,0.0001,False,128.0,128.0,,
train,,,,,,,131.74950766563416,7.0,361.0,3175.0,1.9628304243087769,0.999999463558197,0.00010000138353185095,0.0001,False,128.0,128.0,,
train,,,,,,,131.78435921669006,7.0,362.0,3176.0,2.0041024684906006,0.9999995827674866,9.99996126482111e-05,0.0001,False,128.0,128.0,,
train,,,,,,,131.82176327705383,7.0,363.0,3177.0,1.9918005466461182,0.999999463558197,0.00010000001628008156,0.0001,False,128.0,128.0,,
train,,,,,,,131.86964321136475,7.0,364.0,3178.0,2.025226354598999,0.999999463558197,9.999873098938674e-05,0.0001,False,128.0,128.0,,
train,,,,,,,131.9094614982605,7.0,365.0,3179.0,1.987965703010559,0.999999463558197,0.0001000014732114369,0.0001,False,128.0,128.0,,
train,,,,,,,131.94798707962036,7.0,366.0,3180.0,1.9778391122817993,0.999999463558197,9.99998884742686e-05,0.0001,False,128.0,128.0,,
train,,,,,,,131.98557686805725,7.0,367.0,3181.0,2.0137529373168945,0.9999994039535522,9.999996434679246e-05,0.0001,False,128.0,128.0,,
train,,,,,,,132.02566409111023,7.0,368.0,3182.0,2.0313425064086914,0.9999993443489075,0.00010000006862534022,0.0001,False,128.0,128.0,,
train,,,,,,,132.06082892417908,7.0,369.0,3183.0,1.9752086400985718,0.9999995231628418,0.00010000018718052774,0.0001,False,128.0,128.0,,
train,,,,,,,132.1016674041748,7.0,370.0,3184.0,2.0177040100097656,0.9999993443489075,0.00010000112161790759,0.0001,False,128.0,128.0,,
train,,,,,,,132.1396689414978,7.0,371.0,3185.0,2.022024631500244,0.9999994039535522,9.999907533577365e-05,0.0001,False,128.0,128.0,,
train,,,,,,,132.17755365371704,7.0,372.0,3186.0,2.0235891342163086,0.9999993443489075,9.999973931379293e-05,0.0001,False,128.0,128.0,,
train,,,,,,,132.21627950668335,7.0,373.0,3187.0,1.971946358680725,0.9999995231628418,0.00010000063551796588,0.0001,False,128.0,128.0,,
train,,,,,,,132.25443935394287,7.0,374.0,3188.0,2.01727032661438,0.9999993443489075,0.00010000109698077072,0.0001,False,128.0,128.0,,
train,,,,,,,132.29461455345154,7.0,375.0,3189.0,2.0182297229766846,0.9999994039535522,9.999853302003544e-05,0.0001,False,128.0,128.0,,
train,,,,,,,132.33850121498108,7.0,376.0,3190.0,2.0124144554138184,0.9999994039535522,0.00010000106366142951,0.0001,False,128.0,128.0,,
train,,,,,,,132.37830138206482,7.0,377.0,3191.0,1.9943557977676392,0.9999994039535522,0.00010000130349061673,0.0001,False,128.0,128.0,,
train,,,,,,,132.41522598266602,7.0,378.0,3192.0,2.030008316040039,0.999999463558197,9.99995948151831e-05,0.0001,False,128.0,128.0,,
train,,,,,,,132.45164704322815,7.0,379.0,3193.0,2.0026729106903076,0.999999463558197,9.999814231478256e-05,0.0001,False,128.0,128.0,,
train,,,,,,,132.48539113998413,7.0,380.0,3194.0,1.990219235420227,0.9999993443489075,9.999992699600733e-05,0.0001,False,128.0,128.0,,
train,,,,,,,132.52452445030212,7.0,381.0,3195.0,2.012763261795044,0.9999994039535522,0.00010000039678438493,0.0001,False,128.0,128.0,,
train,,,,,,,132.5603425502777,7.0,382.0,3196.0,1.991209626197815,0.999999463558197,0.00010000172204053373,0.0001,False,128.0,128.0,,
train,,,,,,,132.59917521476746,7.0,383.0,3197.0,1.9784419536590576,0.9999994039535522,0.00010000208507438383,0.0001,False,128.0,128.0,,
train,,,,,,,132.6356921195984,7.0,384.0,3198.0,1.9921998977661133,0.9999994039535522,0.00010000138517114194,0.0001,False,128.0,128.0,,
train,,,,,,,132.6703381538391,7.0,385.0,3199.0,1.952478051185608,0.9999995231628418,0.00010000126421698144,0.0001,False,128.0,128.0,,
train,,,,,,,132.7068362236023,7.0,386.0,3200.0,1.9814578294754028,0.9999994039535522,0.00010000138641795716,0.0001,False,128.0,128.0,,
train,,,,,,,132.7448570728302,7.0,387.0,3201.0,1.9962151050567627,0.9999994039535522,0.00010000019293112514,0.0001,False,128.0,128.0,,
train,,,,,,,132.78817772865295,7.0,388.0,3202.0,1.9729496240615845,0.9999994039535522,0.00010000091667109124,0.0001,False,128.0,128.0,,
train,,,,,,,132.82566118240356,7.0,389.0,3203.0,1.9772156476974487,0.999999463558197,9.999942289023179e-05,0.0001,False,128.0,128.0,,
train,,,,,,,132.86173367500305,7.0,390.0,3204.0,1.9843698740005493,0.9999995231628418,9.999977015291516e-05,0.0001,False,128.0,128.0,,
train,,,,,,,132.89489197731018,7.0,391.0,3205.0,2.0057337284088135,0.999999463558197,9.99990264833285e-05,0.0001,False,128.0,128.0,,
train,,,,,,,132.930926322937,7.0,392.0,3206.0,1.9726938009262085,0.9999995231628418,9.999982866091855e-05,0.0001,False,128.0,128.0,,
train,,,,,,,132.96759867668152,7.0,393.0,3207.0,2.0054633617401123,0.9999994039535522,0.00010000085298561913,0.0001,False,128.0,128.0,,
train,,,,,,,133.00527000427246,7.0,394.0,3208.0,1.9557963609695435,0.9999995231628418,0.00010000095997371969,0.0001,False,128.0,128.0,,
train,,,,,,,133.04370164871216,7.0,395.0,3209.0,1.9998056888580322,0.9999994039535522,0.00010000013630550729,0.0001,False,128.0,128.0,,
train,,,,,,,133.08157896995544,7.0,396.0,3210.0,1.994300127029419,0.999999463558197,9.999992021973857e-05,0.0001,False,128.0,128.0,,
train,,,,,,,133.1234335899353,7.0,397.0,3211.0,1.9622588157653809,0.999999463558197,9.999998685483506e-05,0.0001,False,128.0,128.0,,
train,,,,,,,133.15822505950928,7.0,398.0,3212.0,1.9630507230758667,0.999999463558197,0.00010000044694153424,0.0001,False,128.0,128.0,,
train,,,,,,,133.19262742996216,7.0,399.0,3213.0,2.0143821239471436,0.999999463558197,9.999930825897725e-05,0.0001,False,128.0,128.0,,
train,,,,,,,133.22712922096252,7.0,400.0,3214.0,1.9787514209747314,0.9999994039535522,9.999945202073963e-05,0.0001,False,128.0,128.0,,
train,,,,,,,133.2645263671875,7.0,401.0,3215.0,1.9941821098327637,0.9999994039535522,0.00010000138104689391,0.0001,False,128.0,128.0,,
train,,,,,,,133.30698370933533,7.0,402.0,3216.0,1.9943054914474487,0.9999993443489075,0.0001000025176198966,0.0001,False,128.0,128.0,,
train,,,,,,,133.3540689945221,7.0,403.0,3217.0,2.004141092300415,0.9999994039535522,0.00010000185042295658,0.0001,False,128.0,128.0,,
train,,,,,,,133.39906430244446,7.0,404.0,3218.0,2.002717971801758,0.9999993443489075,0.00010000204377363888,0.0001,False,128.0,128.0,,
train,,,,,,,133.43379306793213,7.0,405.0,3219.0,1.9587855339050293,0.999999463558197,0.00010000103783166837,0.0001,False,128.0,128.0,,
train,,,,,,,133.46694445610046,7.0,406.0,3220.0,1.9953689575195312,0.9999995231628418,0.00010000076088121939,0.0001,False,128.0,128.0,,
train,,,,,,,133.50177597999573,7.0,407.0,3221.0,2.0201354026794434,0.999999463558197,0.00010000084233450727,0.0001,False,128.0,128.0,,
train,,,,,,,133.53557538986206,7.0,408.0,3222.0,1.9994357824325562,0.999999463558197,0.00010000114976781311,0.0001,False,128.0,128.0,,
train,,,,,,,133.56854510307312,7.0,409.0,3223.0,2.003460645675659,0.9999994039535522,0.00010000054745091272,0.0001,False,128.0,128.0,,
train,,,,,,,133.60396456718445,7.0,410.0,3224.0,1.9888173341751099,0.9999995231628418,0.00010000022879645737,0.0001,False,128.0,128.0,,
train,,,,,,,133.63874793052673,7.0,411.0,3225.0,2.0179965496063232,0.9999994039535522,0.00010000071966449472,0.0001,False,128.0,128.0,,
train,,,,,,,133.67538189888,7.0,412.0,3226.0,1.9901809692382812,0.9999995231628418,0.00010000188543335917,0.0001,False,128.0,128.0,,
train,,,,,,,133.71134233474731,7.0,413.0,3227.0,2.006094455718994,0.9999994039535522,0.00010000085266469802,0.0001,False,128.0,128.0,,
train,,,,,,,133.74749398231506,7.0,414.0,3228.0,1.9777086973190308,0.9999994039535522,0.00010000050139424595,0.0001,False,128.0,128.0,,
train,,,,,,,133.78551578521729,7.0,415.0,3229.0,1.9583024978637695,0.9999995231628418,9.999973618694565e-05,0.0001,False,128.0,128.0,,
train,,,,,,,133.821959733963,7.0,416.0,3230.0,2.0008456707000732,0.999999463558197,0.00010000012497344098,0.0001,False,128.0,128.0,,
train,,,,,,,133.85824036598206,7.0,417.0,3231.0,2.0007035732269287,0.9999995231628418,0.00010000142190773274,0.0001,False,128.0,128.0,,
train,,,,,,,133.89760160446167,7.0,418.0,3232.0,1.9837085008621216,0.9999993443489075,0.00010000203767187358,0.0001,False,128.0,128.0,,
train,,,,,,,133.93263578414917,7.0,419.0,3233.0,1.9886244535446167,0.999999463558197,0.00010000140995565722,0.0001,False,128.0,128.0,,
train,,,,,,,133.96781468391418,7.0,420.0,3234.0,2.033468246459961,0.9999995231628418,9.999838707767037e-05,0.0001,False,128.0,128.0,,
train,,,,,,,134.00719571113586,7.0,421.0,3235.0,1.9923113584518433,0.999999463558197,0.0001000008564116687,0.0001,False,128.0,128.0,,
train,,,,,,,134.04344201087952,7.0,422.0,3236.0,1.9403011798858643,0.999999463558197,0.00010000032139791019,0.0001,False,128.0,128.0,,
train,,,,,,,134.0791471004486,7.0,423.0,3237.0,1.9910496473312378,0.9999994039535522,0.00010000074858212277,0.0001,False,128.0,128.0,,
train,,,,,,,134.11898064613342,7.0,424.0,3238.0,1.9945913553237915,0.9999994039535522,0.00010000050047701552,0.0001,False,128.0,128.0,,
train,,,,,,,134.15244221687317,7.0,425.0,3239.0,2.0029566287994385,0.9999994039535522,0.00010000058790443453,0.0001,False,128.0,128.0,,
train,,,,,,,134.18533611297607,7.0,426.0,3240.0,1.9859555959701538,0.999999463558197,9.99985017511812e-05,0.0001,False,128.0,128.0,,
train,,,,,,,134.2268581390381,7.0,427.0,3241.0,2.055820941925049,0.999999463558197,0.00010000183541570669,0.0001,False,128.0,128.0,,
train,,,,,,,134.26416492462158,7.0,428.0,3242.0,2.0203397274017334,0.9999993443489075,9.999898927097234e-05,0.0001,False,128.0,128.0,,
train,,,,,,,134.30106377601624,7.0,429.0,3243.0,1.9658235311508179,0.9999993443489075,9.999962562832894e-05,0.0001,False,128.0,128.0,,
train,,,,,,,134.33688950538635,7.0,430.0,3244.0,1.9854995012283325,0.999999463558197,9.999921015963797e-05,0.0001,False,128.0,128.0,,
train,,,,,,,134.37697649002075,7.0,431.0,3245.0,1.989142656326294,0.999999463558197,0.00010000117091384691,0.0001,False,128.0,128.0,,
train,,,,,,,134.4131896495819,7.0,432.0,3246.0,1.9517238140106201,0.9999994039535522,0.00010000185549476037,0.0001,False,128.0,128.0,,
train,,,,,,,134.4575867652893,7.0,433.0,3247.0,1.994581937789917,0.9999995231628418,0.00010000086027790048,0.0001,False,128.0,128.0,,
train,,,,,,,134.49288272857666,7.0,434.0,3248.0,2.0046396255493164,0.999999463558197,9.999982082429151e-05,0.0001,False,128.0,128.0,,
train,,,,,,,134.53285694122314,7.0,435.0,3249.0,1.955539345741272,0.9999995231628418,0.00010000039889423397,0.0001,False,128.0,128.0,,
train,,,,,,,134.5739622116089,7.0,436.0,3250.0,1.9930883646011353,0.9999995231628418,9.999900686124463e-05,0.0001,False,128.0,128.0,,
train,,,,,,,134.60615611076355,7.0,437.0,3251.0,2.0518510341644287,0.9999994039535522,0.00010000161843590457,0.0001,False,128.0,128.0,,
train,,,,,,,134.63936567306519,7.0,438.0,3252.0,1.9908796548843384,0.9999994039535522,0.00010000010346723126,0.0001,False,128.0,128.0,,
train,,,,,,,134.6806182861328,7.0,439.0,3253.0,1.9810155630111694,0.9999994039535522,0.00010000063094699847,0.0001,False,128.0,128.0,,
train,,,,,,,134.71857976913452,7.0,440.0,3254.0,1.970269799232483,0.9999994039535522,0.00010000144258100367,0.0001,False,128.0,128.0,,
train,,,,,,,134.75689959526062,7.0,441.0,3255.0,1.9750511646270752,0.9999993443489075,9.999921515568093e-05,0.0001,False,128.0,128.0,,
train,,,,,,,134.79470109939575,7.0,442.0,3256.0,1.936122179031372,0.999999463558197,9.999857121052572e-05,0.0001,False,128.0,128.0,,
train,,,,,,,134.83170318603516,7.0,443.0,3257.0,2.0056939125061035,0.999999463558197,9.999965249495575e-05,0.0001,False,128.0,128.0,,
train,,,,,,,134.86923575401306,7.0,444.0,3258.0,1.971143126487732,0.9999994039535522,0.00010000081335185473,0.0001,False,128.0,128.0,,
train,,,,,,,134.9107620716095,7.0,445.0,3259.0,1.9653023481369019,0.9999995231628418,9.99998903737929e-05,0.0001,False,128.0,128.0,,
train,,,,,,,134.9510142803192,7.0,446.0,3260.0,2.020296096801758,0.9999994039535522,0.00010000025495168732,0.0001,False,128.0,128.0,,
train,,,,,,,134.99272060394287,7.0,447.0,3261.0,1.978057861328125,0.999999463558197,0.00010000137035897594,0.0001,False,128.0,128.0,,
train,,,,,,,135.03797483444214,7.0,448.0,3262.0,1.9662902355194092,0.9999993443489075,0.00010000118370294517,0.0001,False,128.0,128.0,,
train,,,,,,,135.08480787277222,7.0,449.0,3263.0,1.9873151779174805,0.9999995231628418,0.00010000016074338797,0.0001,False,128.0,128.0,,
train,,,,,,,135.12838768959045,7.0,450.0,3264.0,1.9768284559249878,0.9999993443489075,9.999962817838197e-05,0.0001,False,128.0,128.0,,
train,,,,,,,135.16184329986572,7.0,451.0,3265.0,1.969999074935913,0.999999463558197,0.00010000208740103314,0.0001,False,128.0,128.0,,
train,,,,,,,135.19728803634644,7.0,452.0,3266.0,1.935482144355774,0.9999995231628418,0.0001000000932236992,0.0001,False,128.0,128.0,,
train,,,,,,,135.23446607589722,7.0,453.0,3267.0,1.9581109285354614,0.999999463558197,0.00010000007319199654,0.0001,False,128.0,128.0,,
train,,,,,,,135.27506828308105,7.0,454.0,3268.0,1.9507265090942383,0.9999995231628418,9.999937255259015e-05,0.0001,False,128.0,128.0,,
train,,,,,,,135.31482434272766,7.0,455.0,3269.0,2.0182719230651855,0.999999463558197,9.999991136830458e-05,0.0001,False,128.0,128.0,,
train,,,,,,,135.3477907180786,7.0,456.0,3270.0,1.9538137912750244,0.9999994039535522,0.0001000014743173068,0.0001,False,128.0,128.0,,
train,,,,,,,135.38438367843628,7.0,457.0,3271.0,1.9959734678268433,0.999999463558197,9.99988399920602e-05,0.0001,False,128.0,128.0,,
train,,,,,,,135.42399263381958,7.0,458.0,3272.0,2.022515296936035,0.9999993443489075,9.999949744037562e-05,0.0001,False,128.0,128.0,,
train,,,,,,,135.458993434906,7.0,459.0,3273.0,1.9531347751617432,0.999999463558197,9.999953089468039e-05,0.0001,False,128.0,128.0,,
train,,,,,,,135.495450258255,7.0,460.0,3274.0,2.000293254852295,0.9999995827674866,9.999938732818897e-05,0.0001,False,128.0,128.0,,
train,,,,,,,135.53108930587769,7.0,461.0,3275.0,2.0079288482666016,0.999999463558197,9.999953343606217e-05,0.0001,False,128.0,128.0,,
train,,,,,,,135.56782484054565,7.0,462.0,3276.0,1.9715759754180908,0.999999463558197,9.999849876524364e-05,0.0001,False,128.0,128.0,,
train,,,,,,,135.6037585735321,7.0,463.0,3277.0,2.007964849472046,0.9999994039535522,9.999975424979987e-05,0.0001,False,128.0,128.0,,
train,,,,,,,135.64207291603088,7.0,464.0,3278.0,1.9473440647125244,0.999999463558197,0.00010000053216374461,0.0001,False,128.0,128.0,,
train,,,,,,,135.67848300933838,7.0,465.0,3279.0,1.9993277788162231,0.9999994039535522,9.999910589320556e-05,0.0001,False,128.0,128.0,,
train,,,,,,,135.71481466293335,7.0,466.0,3280.0,1.9865593910217285,0.9999995231628418,0.00010000018636087243,0.0001,False,128.0,128.0,,
train,,,,,,,135.75406885147095,7.0,467.0,3281.0,1.9949206113815308,0.9999994039535522,9.999952844003513e-05,0.0001,False,128.0,128.0,,
train,,,,,,,135.79165172576904,7.0,468.0,3282.0,1.9528769254684448,0.9999994039535522,9.999859243083159e-05,0.0001,False,128.0,128.0,,
train,,,,,,,135.82213878631592,7.0,469.0,3283.0,1.9892855882644653,0.9999995827674866,9.999955402732378e-05,0.0001,False,128.0,128.0,,
eval,,,,,,,138.07930946350098,7.0,,3283.0,,,,,False,128.0,128.0,1.9814387775421143,0.534
train,,,,,,,138.1215991973877,8.0,1.0,3284.0,2.00994873046875,0.9999994039535522,0.00010000087165108278,0.0001,False,128.0,128.0,,
train,,,,,,,138.16001749038696,8.0,2.0,3285.0,1.9671084880828857,0.999999463558197,9.999872187329877e-05,0.0001,False,128.0,128.0,,
train,,,,,,,138.2077510356903,8.0,3.0,3286.0,1.9980523586273193,0.9999994039535522,0.00010000114252976236,0.0001,False,128.0,128.0,,
train,,,,,,,138.26175260543823,8.0,4.0,3287.0,1.9656325578689575,0.9999995231628418,0.00010000007166544097,0.0001,False,128.0,128.0,,
train,,,,,,,138.3069031238556,8.0,5.0,3288.0,1.9527637958526611,0.9999995827674866,0.00010000040376228219,0.0001,False,128.0,128.0,,
train,,,,,,,138.3464457988739,8.0,6.0,3289.0,1.9658708572387695,0.999999463558197,0.00010000106978493808,0.0001,False,128.0,128.0,,
train,,,,,,,138.37985825538635,8.0,7.0,3290.0,1.9759820699691772,0.999999463558197,0.00010000013354730068,0.0001,False,128.0,128.0,,
train,,,,,,,138.41315460205078,8.0,8.0,3291.0,2.0228111743927,0.999999463558197,0.00010000192726758668,0.0001,False,128.0,128.0,,
train,,,,,,,138.4456753730774,8.0,9.0,3292.0,1.948973298072815,0.999999463558197,0.0001000005557688659,0.0001,False,128.0,128.0,,
train,,,,,,,138.4869773387909,8.0,10.0,3293.0,1.984534502029419,0.9999995231628418,9.999929122604185e-05,0.0001,False,128.0,128.0,,
train,,,,,,,138.53100967407227,8.0,11.0,3294.0,1.9765104055404663,0.9999994039535522,0.00010000044685479846,0.0001,False,128.0,128.0,,
train,,,,,,,138.5804567337036,8.0,12.0,3295.0,2.002079963684082,0.9999995231628418,0.00010000039461815756,0.0001,False,128.0,128.0,,
train,,,,,,,138.62730836868286,8.0,13.0,3296.0,1.9874407052993774,0.9999994039535522,0.00010000166700736401,0.0001,False,128.0,128.0,,
train,,,,,,,138.67449116706848,8.0,14.0,3297.0,1.9963655471801758,0.9999994039535522,0.00010000274427940788,0.0001,False,128.0,128.0,,
train,,,,,,,138.71362948417664,8.0,15.0,3298.0,1.968884825706482,0.9999995231628418,0.00010000099941877668,0.0001,False,128.0,128.0,,
train,,,,,,,138.74996399879456,8.0,16.0,3299.0,1.9867594242095947,0.9999995231628418,9.999799846873626e-05,0.0001,False,128.0,128.0,,
train,,,,,,,138.78660798072815,8.0,17.0,3300.0,2.0155749320983887,0.9999993443489075,0.00010000089747655007,0.0001,False,128.0,128.0,,
train,,,,,,,138.8204152584076,8.0,18.0,3301.0,2.016012191772461,0.999999463558197,0.000100001987712843,0.0001,False,128.0,128.0,,
train,,,,,,,138.85237169265747,8.0,19.0,3302.0,1.98845374584198,0.9999995827674866,0.00010000012907171999,0.0001,False,128.0,128.0,,
train,,,,,,,138.88997435569763,8.0,20.0,3303.0,2.007431983947754,0.9999993443489075,0.00010000023608011064,0.0001,False,128.0,128.0,,
train,,,,,,,138.92654418945312,8.0,21.0,3304.0,1.9889881610870361,0.9999994039535522,0.00010000129560856937,0.0001,False,128.0,128.0,,
train,,,,,,,138.98621129989624,8.0,22.0,3305.0,1.9561916589736938,0.9999993443489075,0.00010000178824075649,0.0001,False,128.0,128.0,,
train,,,,,,,139.02261590957642,8.0,23.0,3306.0,1.9532241821289062,0.999999463558197,9.99987702900381e-05,0.0001,False,128.0,128.0,,
train,,,,,,,139.06726837158203,8.0,24.0,3307.0,1.9556983709335327,0.999999463558197,9.999997110787939e-05,0.0001,False,128.0,128.0,,
train,,,,,,,139.10714292526245,8.0,25.0,3308.0,1.9794044494628906,0.9999995231628418,0.00010000033233747434,0.0001,False,128.0,128.0,,
train,,,,,,,139.14190220832825,8.0,26.0,3309.0,1.9823431968688965,0.9999994039535522,0.00010000115524947611,0.0001,False,128.0,128.0,,
train,,,,,,,139.17804193496704,8.0,27.0,3310.0,1.991512656211853,0.999999463558197,0.00010000084051739972,0.0001,False,128.0,128.0,,
train,,,,,,,139.2118637561798,8.0,28.0,3311.0,1.9414145946502686,0.9999994039535522,0.0001000013463637394,0.0001,False,128.0,128.0,,
train,,,,,,,139.24742794036865,8.0,29.0,3312.0,2.018367052078247,0.999999463558197,9.999955696769315e-05,0.0001,False,128.0,128.0,,
train,,,,,,,139.2830023765564,8.0,30.0,3313.0,2.0081982612609863,0.999999463558197,0.0001000000189905865,0.0001,False,128.0,128.0,,
train,,,,,,,139.32169675827026,8.0,31.0,3314.0,1.9072463512420654,0.9999993443489075,9.999924449008083e-05,0.0001,False,128.0,128.0,,
train,,,,,,,139.358314037323,8.0,32.0,3315.0,1.965460181236267,0.999999463558197,9.999878097172868e-05,0.0001,False,128.0,128.0,,
train,,,,,,,139.39174795150757,8.0,33.0,3316.0,1.973666787147522,0.999999463558197,0.00010000037059232934,0.0001,False,128.0,128.0,,
train,,,,,,,139.4334592819214,8.0,34.0,3317.0,1.99056077003479,0.9999994039535522,0.00010000030256104041,0.0001,False,128.0,128.0,,
train,,,,,,,139.47947478294373,8.0,35.0,3318.0,1.9506895542144775,0.9999994039535522,9.999977644780724e-05,0.0001,False,128.0,128.0,,
train,,,,,,,139.52235770225525,8.0,36.0,3319.0,2.040433406829834,0.9999995231628418,9.999996085999697e-05,0.0001,False,128.0,128.0,,
train,,,,,,,139.56997776031494,8.0,37.0,3320.0,1.9498915672302246,0.9999993443489075,0.00010000089821380094,0.0001,False,128.0,128.0,,
train,,,,,,,139.60768938064575,8.0,38.0,3321.0,2.004180669784546,0.9999994039535522,9.999773598646578e-05,0.0001,False,128.0,128.0,,
train,,,,,,,139.6414167881012,8.0,39.0,3322.0,1.9697378873825073,0.9999993443489075,9.999927260582003e-05,0.0001,False,128.0,128.0,,
train,,,,,,,139.68399238586426,8.0,40.0,3323.0,1.9320404529571533,0.9999994039535522,0.00010000041069464265,0.0001,False,128.0,128.0,,
train,,,,,,,139.72789359092712,8.0,41.0,3324.0,1.961924433708191,0.999999463558197,0.00010000087171179757,0.0001,False,128.0,128.0,,
train,,,,,,,139.76831364631653,8.0,42.0,3325.0,2.0106101036071777,0.9999994039535522,0.00010000069687906325,0.0001,False,128.0,128.0,,
train,,,,,,,139.80705785751343,8.0,43.0,3326.0,1.9947789907455444,0.999999463558197,0.00010000063331488104,0.0001,False,128.0,128.0,,
train,,,,,,,139.85205125808716,8.0,44.0,3327.0,1.9315232038497925,0.9999995827674866,0.00010000035313673754,0.0001,False,128.0,128.0,,
train,,,,,,,139.89688634872437,8.0,45.0,3328.0,2.0063390731811523,0.9999994039535522,0.00010000104856515791,0.0001,False,128.0,128.0,,
train,,,,,,,139.9384377002716,8.0,46.0,3329.0,1.9789271354675293,0.9999995231628418,9.99999701971493e-05,0.0001,False,128.0,128.0,,
train,,,,,,,139.97586393356323,8.0,47.0,3330.0,1.9548249244689941,0.9999994039535522,0.00010000268379774698,0.0001,False,128.0,128.0,,
train,,,,,,,140.0084035396576,8.0,48.0,3331.0,1.9851784706115723,0.999999463558197,0.0001000011140415875,0.0001,False,128.0,128.0,,
train,,,,,,,140.042475938797,8.0,49.0,3332.0,1.953183650970459,0.9999993443489075,0.00010000138934309403,0.0001,False,128.0,128.0,,
train,,,,,,,140.08436131477356,8.0,50.0,3333.0,1.9906914234161377,0.9999995231628418,0.00010000092871863461,0.0001,False,128.0,128.0,,
train,,,,,,,140.12243366241455,8.0,51.0,3334.0,1.9795336723327637,0.9999994039535522,9.999971639369662e-05,0.0001,False,128.0,128.0,,
train,,,,,,,140.15731167793274,8.0,52.0,3335.0,2.0026845932006836,0.999999463558197,9.999963376638058e-05,0.0001,False,128.0,128.0,,
train,,,,,,,140.2005443572998,8.0,53.0,3336.0,1.9865427017211914,0.9999994039535522,0.00010000099498443401,0.0001,False,128.0,128.0,,
train,,,,,,,140.25115847587585,8.0,54.0,3337.0,1.9771956205368042,0.9999995231628418,0.00010000090647534694,0.0001,False,128.0,128.0,,
train,,,,,,,140.3060007095337,8.0,55.0,3338.0,1.945096492767334,0.9999994039535522,0.00010000082189096122,0.0001,False,128.0,128.0,,
train,,,,,,,140.34628081321716,8.0,56.0,3339.0,1.9965074062347412,0.9999994039535522,0.00010000001989264254,0.0001,False,128.0,128.0,,
train,,,,,,,140.38191080093384,8.0,57.0,3340.0,2.0048840045928955,0.9999994039535522,0.00010000039663910243,0.0001,False,128.0,128.0,,
train,,,,,,,140.41571593284607,8.0,58.0,3341.0,1.9678704738616943,0.9999994039535522,0.00010000017653801857,0.0001,False,128.0,128.0,,
train,,,,,,,140.44788312911987,8.0,59.0,3342.0,1.9795244932174683,0.999999463558197,9.99988022613798e-05,0.0001,False,128.0,128.0,,
train,,,,,,,140.48257970809937,8.0,60.0,3343.0,1.973995327949524,0.9999995231628418,9.999979992950763e-05,0.0001,False,128.0,128.0,,
train,,,,,,,140.52150177955627,8.0,61.0,3344.0,1.9961367845535278,0.999999463558197,9.999960597383645e-05,0.0001,False,128.0,128.0,,
train,,,,,,,140.55815434455872,8.0,62.0,3345.0,1.9859625101089478,0.9999994039535522,0.00010000088145652128,0.0001,False,128.0,128.0,,
train,,,,,,,140.5947389602661,8.0,63.0,3346.0,1.985422968864441,0.9999993443489075,0.00010000040607379185,0.0001,False,128.0,128.0,,
train,,,,,,,140.62981748580933,8.0,64.0,3347.0,1.9540284872055054,0.999999463558197,0.00010000003941694947,0.0001,False,128.0,128.0,,
train,,,,,,,140.66621685028076,8.0,65.0,3348.0,1.999669075012207,0.9999994039535522,0.00010000058856362558,0.0001,False,128.0,128.0,,
train,,,,,,,140.7072982788086,8.0,66.0,3349.0,1.9549914598464966,0.9999993443489075,0.00010000166482598558,0.0001,False,128.0,128.0,,
train,,,,,,,140.75642657279968,8.0,67.0,3350.0,1.9899678230285645,0.9999994039535522,9.999961172013043e-05,0.0001,False,128.0,128.0,,
train,,,,,,,140.80122709274292,8.0,68.0,3351.0,1.9683209657669067,0.9999994039535522,9.999997235254384e-05,0.0001,False,128.0,128.0,,
train,,,,,,,140.84236454963684,8.0,69.0,3352.0,2.0155344009399414,0.999999463558197,0.00010000047633845625,0.0001,False,128.0,128.0,,
train,,,,,,,140.8779261112213,8.0,70.0,3353.0,1.9736384153366089,0.9999992847442627,0.00010000072752707198,0.0001,False,128.0,128.0,,
train,,,,,,,140.9122908115387,8.0,71.0,3354.0,1.9863462448120117,0.999999463558197,0.00010000169443938632,0.0001,False,128.0,128.0,,
train,,,,,,,140.9452612400055,8.0,72.0,3355.0,2.0445446968078613,0.9999993443489075,0.00010000100544904872,0.0001,False,128.0,128.0,,
train,,,,,,,140.97979426383972,8.0,73.0,3356.0,1.9712042808532715,0.999999463558197,0.0001000001281132865,0.0001,False,128.0,128.0,,
train,,,,,,,141.01490426063538,8.0,74.0,3357.0,1.9491490125656128,0.999999463558197,0.00010000120999453319,0.0001,False,128.0,128.0,,
train,,,,,,,141.05589818954468,8.0,75.0,3358.0,1.9890837669372559,0.9999995231628418,0.00010000021301484542,0.0001,False,128.0,128.0,,
train,,,,,,,141.0932171344757,8.0,76.0,3359.0,1.9829436540603638,0.999999463558197,9.99989725220465e-05,0.0001,False,128.0,128.0,,
train,,,,,,,141.12817573547363,8.0,77.0,3360.0,1.9345755577087402,0.999999463558197,0.00010000118484351236,0.0001,False,128.0,128.0,,
train,,,,,,,141.17133688926697,8.0,78.0,3361.0,1.9714429378509521,0.9999994039535522,9.999912102012837e-05,0.0001,False,128.0,128.0,,
train,,,,,,,141.21697449684143,8.0,79.0,3362.0,1.937408447265625,0.9999995231628418,0.00010000104785392874,0.0001,False,128.0,128.0,,
train,,,,,,,141.25273823738098,8.0,80.0,3363.0,1.9246190786361694,0.9999995231628418,0.00010000082217501986,0.0001,False,128.0,128.0,,
train,,,,,,,141.2971317768097,8.0,81.0,3364.0,1.9216102361679077,0.999999463558197,9.999947282452276e-05,0.0001,False,128.0,128.0,,
train,,,,,,,141.33695030212402,8.0,82.0,3365.0,2.00789213180542,0.9999995231628418,0.00010000039473091415,0.0001,False,128.0,128.0,,
train,,,,,,,141.38287591934204,8.0,83.0,3366.0,1.9884676933288574,0.9999994039535522,0.00010000096852148719,0.0001,False,128.0,128.0,,
train,,,,,,,141.41617608070374,8.0,84.0,3367.0,1.979211449623108,0.999999463558197,9.999841320736077e-05,0.0001,False,128.0,128.0,,
train,,,,,,,141.45208287239075,8.0,85.0,3368.0,1.9962849617004395,0.999999463558197,9.999953840389958e-05,0.0001,False,128.0,128.0,,
train,,,,,,,141.48890113830566,8.0,86.0,3369.0,2.0056185722351074,0.9999993443489075,9.999948852385175e-05,0.0001,False,128.0,128.0,,
train,,,,,,,141.52472949028015,8.0,87.0,3370.0,1.9501838684082031,0.9999993443489075,0.00010000063020974564,0.0001,False,128.0,128.0,,
train,,,,,,,141.56609535217285,8.0,88.0,3371.0,1.9840236902236938,0.9999994039535522,9.999887131285097e-05,0.0001,False,128.0,128.0,,
train,,,,,,,141.60290908813477,8.0,89.0,3372.0,2.0340747833251953,0.999999463558197,9.999983284594602e-05,0.0001,False,128.0,128.0,,
train,,,,,,,141.64130568504333,8.0,90.0,3373.0,1.9850059747695923,0.9999994039535522,0.00010000074025117529,0.0001,False,128.0,128.0,,
train,,,,,,,141.676353931427,8.0,91.0,3374.0,1.937817096710205,0.9999995231628418,0.00010000176840020956,0.0001,False,128.0,128.0,,
train,,,,,,,141.71146321296692,8.0,92.0,3375.0,1.9205775260925293,0.999999463558197,9.999980771409449e-05,0.0001,False,128.0,128.0,,
train,,,,,,,141.75441551208496,8.0,93.0,3376.0,1.9989200830459595,0.999999463558197,0.00010000034477106276,0.0001,False,128.0,128.0,,
train,,,,,,,141.78662180900574,8.0,94.0,3377.0,1.9806095361709595,0.9999994039535522,9.99998413461049e-05,0.0001,False,128.0,128.0,,
train,,,,,,,141.82541060447693,8.0,95.0,3378.0,1.9310534000396729,0.999999463558197,0.00010000108341104427,0.0001,False,128.0,128.0,,
train,,,,,,,141.86096262931824,8.0,96.0,3379.0,1.9693523645401,0.999999463558197,0.00010000094423992756,0.0001,False,128.0,128.0,,
train,,,,,,,141.89864540100098,8.0,97.0,3380.0,1.9927664995193481,0.999999463558197,0.00010000059236698434,0.0001,False,128.0,128.0,,
train,,,,,,,141.93498253822327,8.0,98.0,3381.0,1.9732660055160522,0.999999463558197,0.00010000032849290614,0.0001,False,128.0,128.0,,
train,,,,,,,141.9736819267273,8.0,99.0,3382.0,1.981640338897705,0.9999992847442627,9.999777420328189e-05,0.0001,False,128.0,128.0,,
train,,,,,,,142.01619815826416,8.0,100.0,3383.0,2.0144989490509033,0.999999463558197,9.999953714838766e-05,0.0001,False,128.0,128.0,,
train,,,,,,,142.07022738456726,8.0,101.0,3384.0,2.0123131275177,0.9999995231628418,9.999931071796476e-05,0.0001,False,128.0,128.0,,
train,,,,,,,142.1108558177948,8.0,102.0,3385.0,1.9955660104751587,0.9999994039535522,9.999791844864549e-05,0.0001,False,128.0,128.0,,
train,,,,,,,142.14444828033447,8.0,103.0,3386.0,1.9615613222122192,0.999999463558197,0.00010000056133512876,0.0001,False,128.0,128.0,,
train,,,,,,,142.18118166923523,8.0,104.0,3387.0,2.0124032497406006,0.9999994039535522,0.00010000053245647764,0.0001,False,128.0,128.0,,
train,,,,,,,142.2143840789795,8.0,105.0,3388.0,2.015451431274414,0.9999995231628418,9.99992569454887e-05,0.0001,False,128.0,128.0,,
train,,,,,,,142.2489423751831,8.0,106.0,3389.0,1.943845272064209,0.9999994039535522,0.00010000052918437284,0.0001,False,128.0,128.0,,
train,,,,,,,142.2857437133789,8.0,107.0,3390.0,1.9611685276031494,0.999999463558197,0.00010000017661608099,0.0001,False,128.0,128.0,,
train,,,,,,,142.32207322120667,8.0,108.0,3391.0,1.9200201034545898,0.9999994039535522,0.00010000042306750626,0.0001,False,128.0,128.0,,
train,,,,,,,142.35807514190674,8.0,109.0,3392.0,1.9854121208190918,0.999999463558197,0.00010000284679436265,0.0001,False,128.0,128.0,,
train,,,,,,,142.3976924419403,8.0,110.0,3393.0,1.9670994281768799,0.9999995231628418,9.999888073684218e-05,0.0001,False,128.0,128.0,,
train,,,,,,,142.43311595916748,8.0,111.0,3394.0,1.9601064920425415,0.999999463558197,0.00010000063250390295,0.0001,False,128.0,128.0,,
train,,,,,,,142.46890497207642,8.0,112.0,3395.0,1.984589695930481,0.999999463558197,9.99986300618432e-05,0.0001,False,128.0,128.0,,
train,,,,,,,142.5111026763916,8.0,113.0,3396.0,1.9698607921600342,0.999999463558197,9.999997549673096e-05,0.0001,False,128.0,128.0,,
train,,,,,,,142.54967546463013,8.0,114.0,3397.0,1.960018515586853,0.999999463558197,0.00010000028782460798,0.0001,False,128.0,128.0,,
train,,,,,,,142.58928394317627,8.0,115.0,3398.0,1.9567310810089111,0.999999463558197,0.00010000034881945964,0.0001,False,128.0,128.0,,
train,,,,,,,142.6258590221405,8.0,116.0,3399.0,1.9821382761001587,0.9999995827674866,0.00010000051990365092,0.0001,False,128.0,128.0,,
train,,,,,,,142.6625304222107,8.0,117.0,3400.0,1.987997055053711,0.9999994039535522,9.999834381946502e-05,0.0001,False,128.0,128.0,,
train,,,,,,,142.7004954814911,8.0,118.0,3401.0,1.947654366493225,0.999999463558197,0.00010000057057681578,0.0001,False,128.0,128.0,,
train,,,,,,,142.73579812049866,8.0,119.0,3402.0,1.9486806392669678,0.9999994039535522,0.00010000029909594069,0.0001,False,128.0,128.0,,
train,,,,,,,142.77372312545776,8.0,120.0,3403.0,1.9825596809387207,0.9999994039535522,9.999745329780207e-05,0.0001,False,128.0,128.0,,
train,,,,,,,142.8081214427948,8.0,121.0,3404.0,1.9690039157867432,0.999999463558197,9.999816403825848e-05,0.0001,False,128.0,128.0,,
train,,,,,,,142.8429410457611,8.0,122.0,3405.0,1.94898521900177,0.9999995231628418,9.999894618433324e-05,0.0001,False,128.0,128.0,,
train,,,,,,,142.88348174095154,8.0,123.0,3406.0,1.9836753606796265,0.9999995231628418,0.00010000138200097865,0.0001,False,128.0,128.0,,
train,,,,,,,142.91959619522095,8.0,124.0,3407.0,2.0014500617980957,0.999999463558197,0.00010000006916310414,0.0001,False,128.0,128.0,,
train,,,,,,,142.95463252067566,8.0,125.0,3408.0,2.021700620651245,0.999999463558197,0.00010000094584019484,0.0001,False,128.0,128.0,,
train,,,,,,,142.9887466430664,8.0,126.0,3409.0,1.9818735122680664,0.999999463558197,0.00010000074597138345,0.0001,False,128.0,128.0,,
train,,,,,,,143.0243136882782,8.0,127.0,3410.0,2.010615587234497,0.999999463558197,0.00010000067095813498,0.0001,False,128.0,128.0,,
train,,,,,,,143.06028938293457,8.0,128.0,3411.0,1.9772429466247559,0.999999463558197,0.00010000021277632144,0.0001,False,128.0,128.0,,
train,,,,,,,143.099871635437,8.0,129.0,3412.0,1.9366350173950195,0.9999994039535522,9.99999369294744e-05,0.0001,False,128.0,128.0,,
train,,,,,,,143.13763523101807,8.0,130.0,3413.0,1.9230053424835205,0.9999995231628418,0.000100001031016444,0.0001,False,128.0,128.0,,
train,,,,,,,143.17482471466064,8.0,131.0,3414.0,1.9634134769439697,0.9999994039535522,9.999885407600881e-05,0.0001,False,128.0,128.0,,
train,,,,,,,143.21216869354248,8.0,132.0,3415.0,1.9755446910858154,0.9999994039535522,9.99994369328984e-05,0.0001,False,128.0,128.0,,
train,,,,,,,143.25244903564453,8.0,133.0,3416.0,1.9388867616653442,0.9999995231628418,9.999933541842585e-05,0.0001,False,128.0,128.0,,
train,,,,,,,143.28885102272034,8.0,134.0,3417.0,1.9703210592269897,0.999999463558197,9.999850714191502e-05,0.0001,False,128.0,128.0,,
train,,,,,,,143.32523584365845,8.0,135.0,3418.0,1.9871563911437988,0.9999994039535522,9.999949832942586e-05,0.0001,False,128.0,128.0,,
train,,,,,,,143.3644461631775,8.0,136.0,3419.0,1.9327629804611206,0.999999463558197,9.999891366876215e-05,0.0001,False,128.0,128.0,,
train,,,,,,,143.40009093284607,8.0,137.0,3420.0,1.9975800514221191,0.9999995231628418,9.999990924760324e-05,0.0001,False,128.0,128.0,,
train,,,,,,,143.43514490127563,8.0,138.0,3421.0,1.9706915616989136,0.999999463558197,0.00010000216024052492,0.0001,False,128.0,128.0,,
train,,,,,,,143.47306323051453,8.0,139.0,3422.0,1.9871360063552856,0.999999463558197,0.00010000114204404534,0.0001,False,128.0,128.0,,
train,,,,,,,143.50943183898926,8.0,140.0,3423.0,1.9264154434204102,0.999999463558197,0.00010000043874500211,0.0001,False,128.0,128.0,,
train,,,,,,,143.5460925102234,8.0,141.0,3424.0,1.9542820453643799,0.999999463558197,0.00010000103915654966,0.0001,False,128.0,128.0,,
train,,,,,,,143.58450889587402,8.0,142.0,3425.0,1.9603146314620972,0.999999463558197,0.00010000101657501893,0.0001,False,128.0,128.0,,
train,,,,,,,143.62709093093872,8.0,143.0,3426.0,1.9382399320602417,0.999999463558197,0.00010000052996499427,0.0001,False,128.0,128.0,,
train,,,,,,,143.67197823524475,8.0,144.0,3427.0,1.966261625289917,0.999999463558197,0.00010000083144053501,0.0001,False,128.0,128.0,,
train,,,,,,,143.70761060714722,8.0,145.0,3428.0,1.9919445514678955,0.9999994039535522,0.00010000008089849964,0.0001,False,128.0,128.0,,
train,,,,,,,143.74113750457764,8.0,146.0,3429.0,1.957461953163147,0.9999994039535522,9.999989021766762e-05,0.0001,False,128.0,128.0,,
train,,,,,,,143.77861094474792,8.0,147.0,3430.0,1.9892966747283936,0.999999463558197,9.999967017618465e-05,0.0001,False,128.0,128.0,,
train,,,,,,,143.81454586982727,8.0,148.0,3431.0,2.015695333480835,0.9999993443489075,0.0001000018177478708,0.0001,False,128.0,128.0,,
train,,,,,,,143.84690260887146,8.0,149.0,3432.0,1.9971450567245483,0.9999993443489075,0.00010000112272811816,0.0001,False,128.0,128.0,,
train,,,,,,,143.88143062591553,8.0,150.0,3433.0,1.9871647357940674,0.9999995231628418,9.999882611411044e-05,0.0001,False,128.0,128.0,,
train,,,,,,,143.92087149620056,8.0,151.0,3434.0,1.9603300094604492,0.9999994039535522,9.999979126020933e-05,0.0001,False,128.0,128.0,,
train,,,,,,,143.95712065696716,8.0,152.0,3435.0,1.9990825653076172,0.9999995231628418,0.00010000113840984109,0.0001,False,128.0,128.0,,
train,,,,,,,143.99262833595276,8.0,153.0,3436.0,1.9682374000549316,0.9999994039535522,0.00010000089745486623,0.0001,False,128.0,128.0,,
train,,,,,,,144.031569480896,8.0,154.0,3437.0,1.9547691345214844,0.9999994039535522,0.00010000068054241743,0.0001,False,128.0,128.0,,
train,,,,,,,144.06398487091064,8.0,155.0,3438.0,1.9735416173934937,0.999999463558197,9.999971246887355e-05,0.0001,False,128.0,128.0,,
train,,,,,,,144.10302472114563,8.0,156.0,3439.0,1.9824243783950806,0.999999463558197,9.999931829875831e-05,0.0001,False,128.0,128.0,,
train,,,,,,,144.14051723480225,8.0,157.0,3440.0,1.9623807668685913,0.9999993443489075,0.00010000066031134052,0.0001,False,128.0,128.0,,
train,,,,,,,144.17393445968628,8.0,158.0,3441.0,1.969185471534729,0.9999994039535522,9.999963304863611e-05,0.0001,False,128.0,128.0,,
train,,,,,,,144.2091028690338,8.0,159.0,3442.0,1.9598139524459839,0.999999463558197,9.999992111745869e-05,0.0001,False,128.0,128.0,,
train,,,,,,,144.24365305900574,8.0,160.0,3443.0,2.0075039863586426,0.999999463558197,0.00010000103596252321,0.0001,False,128.0,128.0,,
train,,,,,,,144.28156089782715,8.0,161.0,3444.0,1.980721116065979,0.999999463558197,9.999992302131918e-05,0.0001,False,128.0,128.0,,
train,,,,,,,144.32377076148987,8.0,162.0,3445.0,1.942596673965454,0.999999463558197,0.00010000049878350018,0.0001,False,128.0,128.0,,
train,,,,,,,144.3657567501068,8.0,163.0,3446.0,1.9772106409072876,0.9999994039535522,9.999913887058825e-05,0.0001,False,128.0,128.0,,
train,,,,,,,144.41383385658264,8.0,164.0,3447.0,1.9807876348495483,0.999999463558197,9.999944552416441e-05,0.0001,False,128.0,128.0,,
train,,,,,,,144.44720435142517,8.0,165.0,3448.0,1.9938489198684692,0.999999463558197,9.999880621659662e-05,0.0001,False,128.0,128.0,,
train,,,,,,,144.48136830329895,8.0,166.0,3449.0,1.9188791513442993,0.999999463558197,9.999994826156201e-05,0.0001,False,128.0,128.0,,
train,,,,,,,144.51967358589172,8.0,167.0,3450.0,1.9844588041305542,0.999999463558197,9.999975027293645e-05,0.0001,False,128.0,128.0,,
train,,,,,,,144.55853009223938,8.0,168.0,3451.0,1.9763315916061401,0.9999995231628418,0.00010000008251612795,0.0001,False,128.0,128.0,,
train,,,,,,,144.59679651260376,8.0,169.0,3452.0,1.9764432907104492,0.999999463558197,9.99997588988701e-05,0.0001,False,128.0,128.0,,
train,,,,,,,144.63650941848755,8.0,170.0,3453.0,1.9762084484100342,0.999999463558197,0.00010000022075169534,0.0001,False,128.0,128.0,,
train,,,,,,,144.67160844802856,8.0,171.0,3454.0,1.960960865020752,0.9999994039535522,0.00010000073479984698,0.0001,False,128.0,128.0,,
train,,,,,,,144.71125173568726,8.0,172.0,3455.0,2.0204174518585205,0.9999994039535522,9.99991963728133e-05,0.0001,False,128.0,128.0,,
train,,,,,,,144.74613785743713,8.0,173.0,3456.0,1.9835361242294312,0.9999994039535522,0.00010000220359899215,0.0001,False,128.0,128.0,,
train,,,,,,,144.77985429763794,8.0,174.0,3457.0,1.957262635231018,0.999999463558197,0.00010000146744790289,0.0001,False,128.0,128.0,,
train,,,,,,,144.8173372745514,8.0,175.0,3458.0,1.9428054094314575,0.999999463558197,0.00010000030248948328,0.0001,False,128.0,128.0,,
train,,,,,,,144.8538384437561,8.0,176.0,3459.0,1.9120619297027588,0.999999463558197,9.99999215121086e-05,0.0001,False,128.0,128.0,,
train,,,,,,,144.89167594909668,8.0,177.0,3460.0,1.9635217189788818,0.999999463558197,0.0001000005711384293,0.0001,False,128.0,128.0,,
train,,,,,,,144.92893600463867,8.0,178.0,3461.0,1.9722906351089478,0.9999994039535522,0.00010000049474811974,0.0001,False,128.0,128.0,,
train,,,,,,,144.9665231704712,8.0,179.0,3462.0,1.939919114112854,0.9999994039535522,9.999894858261369e-05,0.0001,False,128.0,128.0,,
train,,,,,,,145.0031156539917,8.0,180.0,3463.0,1.9536106586456299,0.999999463558197,0.00010000120745319401,0.0001,False,128.0,128.0,,
train,,,,,,,145.04387950897217,8.0,181.0,3464.0,1.983424425125122,0.9999993443489075,0.00010000011769194803,0.0001,False,128.0,128.0,,
train,,,,,,,145.0818202495575,8.0,182.0,3465.0,1.980225682258606,0.9999993443489075,0.00010000178941167388,0.0001,False,128.0,128.0,,
train,,,,,,,145.11886405944824,8.0,183.0,3466.0,1.971084713935852,0.9999993443489075,0.00010000262381260107,0.0001,False,128.0,128.0,,
train,,,,,,,145.15551233291626,8.0,184.0,3467.0,1.9500917196273804,0.9999994039535522,9.999985492467352e-05,0.0001,False,128.0,128.0,,
train,,,,,,,145.19100284576416,8.0,185.0,3468.0,1.9224423170089722,0.9999993443489075,0.00010000185997893724,0.0001,False,128.0,128.0,,
train,,,,,,,145.227477312088,8.0,186.0,3469.0,1.9513753652572632,0.999999463558197,9.999861784054813e-05,0.0001,False,128.0,128.0,,
train,,,,,,,145.26367950439453,8.0,187.0,3470.0,1.8942285776138306,0.999999463558197,0.00010000003359695434,0.0001,False,128.0,128.0,,
train,,,,,,,145.30470156669617,8.0,188.0,3471.0,1.976358413696289,0.999999463558197,9.999968118737763e-05,0.0001,False,128.0,128.0,,
train,,,,,,,145.34047865867615,8.0,189.0,3472.0,1.9639180898666382,0.9999993443489075,0.0001000001775549984,0.0001,False,128.0,128.0,,
train,,,,,,,145.37656450271606,8.0,190.0,3473.0,1.960070252418518,0.9999994039535522,9.99991582996566e-05,0.0001,False,128.0,128.0,,
train,,,,,,,145.4159333705902,8.0,191.0,3474.0,1.9613120555877686,0.999999463558197,9.999872169982421e-05,0.0001,False,128.0,128.0,,
train,,,,,,,145.4519557952881,8.0,192.0,3475.0,1.9699262380599976,0.9999993443489075,0.00010000140452604915,0.0001,False,128.0,128.0,,
train,,,,,,,145.48687052726746,8.0,193.0,3476.0,1.926222562789917,0.9999994039535522,9.999975235027297e-05,0.0001,False,128.0,128.0,,
train,,,,,,,145.52490186691284,8.0,194.0,3477.0,1.9810723066329956,0.999999463558197,9.999965025715466e-05,0.0001,False,128.0,128.0,,
train,,,,,,,145.56175446510315,8.0,195.0,3478.0,1.9594316482543945,0.9999993443489075,9.999922596742926e-05,0.0001,False,128.0,128.0,,
train,,,,,,,145.59617161750793,8.0,196.0,3479.0,1.9839367866516113,0.9999995231628418,9.999942865388364e-05,0.0001,False,128.0,128.0,,
train,,,,,,,145.63386297225952,8.0,197.0,3480.0,1.9410812854766846,0.9999994039535522,0.00010000016754782962,0.0001,False,128.0,128.0,,
train,,,,,,,145.66857814788818,8.0,198.0,3481.0,1.9482941627502441,0.999999463558197,0.00010000224917350001,0.0001,False,128.0,128.0,,
train,,,,,,,145.70627522468567,8.0,199.0,3482.0,1.9677590131759644,0.9999994039535522,9.999899823958295e-05,0.0001,False,128.0,128.0,,
train,,,,,,,145.74583959579468,8.0,200.0,3483.0,1.9597903490066528,0.999999463558197,0.0001000004306438787,0.0001,False,128.0,128.0,,
train,,,,,,,145.78110575675964,8.0,201.0,3484.0,1.985898733139038,0.999999463558197,0.00010000198488963662,0.0001,False,128.0,128.0,,
train,,,,,,,145.81912684440613,8.0,202.0,3485.0,1.9637175798416138,0.9999994039535522,9.999977796352525e-05,0.0001,False,128.0,128.0,,
train,,,,,,,145.86170625686646,8.0,203.0,3486.0,1.9789241552352905,0.999999463558197,0.00010000104167404092,0.0001,False,128.0,128.0,,
train,,,,,,,145.89681601524353,8.0,204.0,3487.0,1.9536426067352295,0.999999463558197,9.999942118585613e-05,0.0001,False,128.0,128.0,,
train,,,,,,,145.92957186698914,8.0,205.0,3488.0,1.9785597324371338,0.999999463558197,0.0001000001868812885,0.0001,False,128.0,128.0,,
train,,,,,,,145.96476006507874,8.0,206.0,3489.0,1.9737833738327026,0.9999994039535522,0.00010000069662102492,0.0001,False,128.0,128.0,,
train,,,,,,,146.00172686576843,8.0,207.0,3490.0,1.9923222064971924,0.9999995231628418,9.999845146945526e-05,0.0001,False,128.0,128.0,,
train,,,,,,,146.03879642486572,8.0,208.0,3491.0,1.9774705171585083,0.9999994039535522,9.999938598377004e-05,0.0001,False,128.0,128.0,,
train,,,,,,,146.07613229751587,8.0,209.0,3492.0,1.9370548725128174,0.9999993443489075,9.999988781290454e-05,0.0001,False,128.0,128.0,,
train,,,,,,,146.1189067363739,8.0,210.0,3493.0,1.9516804218292236,0.999999463558197,0.00010000143116235046,0.0001,False,128.0,128.0,,
train,,,,,,,146.1571123600006,8.0,211.0,3494.0,1.978735089302063,0.9999993443489075,0.0001000000758743107,0.0001,False,128.0,128.0,,
train,,,,,,,146.19263315200806,8.0,212.0,3495.0,1.9727414846420288,0.999999463558197,0.00010000094969341284,0.0001,False,128.0,128.0,,
train,,,,,,,146.22678017616272,8.0,213.0,3496.0,1.9850012063980103,0.9999994039535522,9.999987368573338e-05,0.0001,False,128.0,128.0,,
train,,,,,,,146.26133704185486,8.0,214.0,3497.0,1.8952667713165283,0.9999993443489075,0.00010000011164210685,0.0001,False,128.0,128.0,,
train,,,,,,,146.30215048789978,8.0,215.0,3498.0,1.9859976768493652,0.9999994039535522,9.999947880067646e-05,0.0001,False,128.0,128.0,,
train,,,,,,,146.33904838562012,8.0,216.0,3499.0,1.9689786434173584,0.9999994039535522,0.00010000009933859358,0.0001,False,128.0,128.0,,
train,,,,,,,146.37521028518677,8.0,217.0,3500.0,1.9692394733428955,0.999999463558197,0.00010000070435566904,0.0001,False,128.0,128.0,,
train,,,,,,,146.41334986686707,8.0,218.0,3501.0,1.9129701852798462,0.9999994039535522,0.00010000118995221233,0.0001,False,128.0,128.0,,
train,,,,,,,146.44918394088745,8.0,219.0,3502.0,1.9880086183547974,0.9999995231628418,9.999957128139261e-05,0.0001,False,128.0,128.0,,
train,,,,,,,146.48428654670715,8.0,220.0,3503.0,1.9537962675094604,0.999999463558197,0.0001000001956286149,0.0001,False,128.0,128.0,,
train,,,,,,,146.51992678642273,8.0,221.0,3504.0,2.0341105461120605,0.9999994039535522,9.999988067667757e-05,0.0001,False,128.0,128.0,,
train,,,,,,,146.55384302139282,8.0,222.0,3505.0,1.9596060514450073,0.9999993443489075,9.999991715794915e-05,0.0001,False,128.0,128.0,,
train,,,,,,,146.5890772342682,8.0,223.0,3506.0,1.979813814163208,0.9999994039535522,0.00010000255297916977,0.0001,False,128.0,128.0,,
train,,,,,,,146.6276216506958,8.0,224.0,3507.0,1.9473788738250732,0.9999993443489075,0.00010000121879164278,0.0001,False,128.0,128.0,,
train,,,,,,,146.66928339004517,8.0,225.0,3508.0,1.9600836038589478,0.9999994039535522,0.00010000080160353484,0.0001,False,128.0,128.0,,
train,,,,,,,146.7190809249878,8.0,226.0,3509.0,1.959701657295227,0.9999994039535522,9.999995136455018e-05,0.0001,False,128.0,128.0,,
train,,,,,,,146.75546002388,8.0,227.0,3510.0,1.9680546522140503,0.9999994039535522,0.00010000144231212541,0.0001,False,128.0,128.0,,
train,,,,,,,146.79233956336975,8.0,228.0,3511.0,1.9477088451385498,0.9999994039535522,9.9999225121745e-05,0.0001,False,128.0,128.0,,
train,,,,,,,146.8285937309265,8.0,229.0,3512.0,1.9141367673873901,0.9999995231628418,0.00010000067051795185,0.0001,False,128.0,128.0,,
train,,,,,,,146.86445260047913,8.0,230.0,3513.0,1.9777300357818604,0.9999995231628418,9.999934829666401e-05,0.0001,False,128.0,128.0,,
train,,,,,,,146.9001591205597,8.0,231.0,3514.0,1.9384266138076782,0.9999993443489075,9.999963533631107e-05,0.0001,False,128.0,128.0,,
train,,,,,,,146.93510842323303,8.0,232.0,3515.0,1.9345855712890625,0.999999463558197,0.00010000073301526329,0.0001,False,128.0,128.0,,
train,,,,,,,146.97590589523315,8.0,233.0,3516.0,2.006783962249756,0.9999994039535522,0.00010000063143705475,0.0001,False,128.0,128.0,,
train,,,,,,,147.01391625404358,8.0,234.0,3517.0,1.9789533615112305,0.9999995231628418,0.00010000071470972633,0.0001,False,128.0,128.0,,
train,,,,,,,147.05038857460022,8.0,235.0,3518.0,1.9265625476837158,0.9999994039535522,0.00010000056911315118,0.0001,False,128.0,128.0,,
train,,,,,,,147.08748841285706,8.0,236.0,3519.0,1.9629279375076294,0.9999995231628418,9.999921690342853e-05,0.0001,False,128.0,128.0,,
train,,,,,,,147.13298439979553,8.0,237.0,3520.0,1.903348445892334,0.999999463558197,0.00010000045473040754,0.0001,False,128.0,128.0,,
train,,,,,,,147.17690563201904,8.0,238.0,3521.0,2.007934808731079,0.999999463558197,0.00010000053206833532,0.0001,False,128.0,128.0,,
train,,,,,,,147.21653485298157,8.0,239.0,3522.0,1.9722726345062256,0.999999463558197,0.00010000138938212476,0.0001,False,128.0,128.0,,
train,,,,,,,147.2555525302887,8.0,240.0,3523.0,1.9545012712478638,0.9999994039535522,0.00010000055087914115,0.0001,False,128.0,128.0,,
train,,,,,,,147.29713892936707,8.0,241.0,3524.0,1.971817970275879,0.9999995231628418,0.00010000035821078565,0.0001,False,128.0,128.0,,
train,,,,,,,147.34424877166748,8.0,242.0,3525.0,1.9325761795043945,0.999999463558197,0.00010000062208695381,0.0001,False,128.0,128.0,,
train,,,,,,,147.3798098564148,8.0,243.0,3526.0,1.9451510906219482,0.999999463558197,0.00010000080507295393,0.0001,False,128.0,128.0,,
train,,,,,,,147.4144947528839,8.0,244.0,3527.0,1.9398914575576782,0.9999993443489075,9.999951200995657e-05,0.0001,False,128.0,128.0,,
train,,,,,,,147.45570707321167,8.0,245.0,3528.0,1.945005178451538,0.999999463558197,0.00010000129933383969,0.0001,False,128.0,128.0,,
train,,,,,,,147.49438166618347,8.0,246.0,3529.0,1.9999819993972778,0.9999993443489075,9.999939749373032e-05,0.0001,False,128.0,128.0,,
train,,,,,,,147.5315718650818,8.0,247.0,3530.0,1.961008906364441,0.9999995231628418,0.00010000162856218847,0.0001,False,128.0,128.0,,
train,,,,,,,147.5766258239746,8.0,248.0,3531.0,1.9700828790664673,0.9999995231628418,0.00010000111249336404,0.0001,False,128.0,128.0,,
train,,,,,,,147.6173906326294,8.0,249.0,3532.0,1.9904119968414307,0.9999994039535522,9.999973543667577e-05,0.0001,False,128.0,128.0,,
train,,,,,,,147.65931367874146,8.0,250.0,3533.0,1.9524954557418823,0.9999993443489075,9.999957319176501e-05,0.0001,False,128.0,128.0,,
train,,,,,,,147.7084972858429,8.0,251.0,3534.0,1.9403455257415771,0.9999995231628418,0.00010000088867941222,0.0001,False,128.0,128.0,,
train,,,,,,,147.74495244026184,8.0,252.0,3535.0,1.961874008178711,0.9999993443489075,0.00010000180299431473,0.0001,False,128.0,128.0,,
train,,,,,,,147.78334140777588,8.0,253.0,3536.0,1.9659662246704102,0.9999994039535522,0.00010000192918658753,0.0001,False,128.0,128.0,,
train,,,,,,,147.82261276245117,8.0,254.0,3537.0,1.9279638528823853,0.9999994039535522,0.00010000130638756713,0.0001,False,128.0,128.0,,
train,,,,,,,147.85987520217896,8.0,255.0,3538.0,1.979183316230774,0.9999992847442627,0.00010000015419264875,0.0001,False,128.0,128.0,,
train,,,,,,,147.89729690551758,8.0,256.0,3539.0,1.9525489807128906,0.9999994039535522,0.00010000177932010013,0.0001,False,128.0,128.0,,
train,,,,,,,147.93235158920288,8.0,257.0,3540.0,1.9599734544754028,0.999999463558197,0.000100001495183552,0.0001,False,128.0,128.0,,
train,,,,,,,147.96900367736816,8.0,258.0,3541.0,1.9518171548843384,0.999999463558197,9.999975344748828e-05,0.0001,False,128.0,128.0,,
train,,,,,,,148.00435304641724,8.0,259.0,3542.0,1.9569227695465088,0.9999994039535522,0.00010000119808796829,0.0001,False,128.0,128.0,,
train,,,,,,,148.0406038761139,8.0,260.0,3543.0,1.9758415222167969,0.999999463558197,0.00010000080407549596,0.0001,False,128.0,128.0,,
train,,,,,,,148.07892680168152,8.0,261.0,3544.0,1.9137214422225952,0.999999463558197,9.999967096548643e-05,0.0001,False,128.0,128.0,,
train,,,,,,,148.117525100708,8.0,262.0,3545.0,1.929510474205017,0.9999994039535522,0.00010000060111427526,0.0001,False,128.0,128.0,,
train,,,,,,,148.15672039985657,8.0,263.0,3546.0,1.9741129875183105,0.999999463558197,0.00010000065410540807,0.0001,False,128.0,128.0,,
train,,,,,,,148.1964249610901,8.0,264.0,3547.0,1.9404877424240112,0.999999463558197,0.00010000034547796014,0.0001,False,128.0,128.0,,
train,,,,,,,148.23386025428772,8.0,265.0,3548.0,1.9678510427474976,0.9999995231628418,0.00010000090724729189,0.0001,False,128.0,128.0,,
train,,,,,,,148.27243399620056,8.0,266.0,3549.0,1.9894719123840332,0.9999993443489075,9.999977818036616e-05,0.0001,False,128.0,128.0,,
train,,,,,,,148.31035709381104,8.0,267.0,3550.0,1.981261134147644,0.9999995231628418,0.00010000047788885795,0.0001,False,128.0,128.0,,
train,,,,,,,148.3455090522766,8.0,268.0,3551.0,1.9894897937774658,0.999999463558197,0.00010000138165403874,0.0001,False,128.0,128.0,,
train,,,,,,,148.37941336631775,8.0,269.0,3552.0,1.987008810043335,0.9999993443489075,9.999874627466176e-05,0.0001,False,128.0,128.0,,
train,,,,,,,148.415940284729,8.0,270.0,3553.0,1.959627389907837,0.9999994039535522,0.00010000265506715636,0.0001,False,128.0,128.0,,
train,,,,,,,148.45140933990479,8.0,271.0,3554.0,2.0250535011291504,0.999999463558197,0.00010000040387503875,0.0001,False,128.0,128.0,,
train,,,,,,,148.48869729042053,8.0,272.0,3555.0,1.9792811870574951,0.999999463558197,0.00010000087190478386,0.0001,False,128.0,128.0,,
train,,,,,,,148.52419114112854,8.0,273.0,3556.0,1.9569956064224243,0.9999993443489075,9.999936652872491e-05,0.0001,False,128.0,128.0,,
train,,,,,,,148.5589098930359,8.0,274.0,3557.0,1.9475620985031128,0.9999993443489075,0.00010000018221055416,0.0001,False,128.0,128.0,,
train,,,,,,,148.59500455856323,8.0,275.0,3558.0,1.9833810329437256,0.9999993443489075,9.999862255472423e-05,0.0001,False,128.0,128.0,,
train,,,,,,,148.63086414337158,8.0,276.0,3559.0,2.0085337162017822,0.9999993443489075,0.00010000037675491147,0.0001,False,128.0,128.0,,
train,,,,,,,148.66771697998047,8.0,277.0,3560.0,1.958722710609436,0.999999463558197,9.999994547516093e-05,0.0001,False,128.0,128.0,,
train,,,,,,,148.71317052841187,8.0,278.0,3561.0,1.9546724557876587,0.9999994039535522,0.00010000045587965661,0.0001,False,128.0,128.0,,
train,,,,,,,148.75059819221497,8.0,279.0,3562.0,1.9401774406433105,0.9999994039535522,9.999983478016591e-05,0.0001,False,128.0,128.0,,
train,,,,,,,148.78324031829834,8.0,280.0,3563.0,1.9408986568450928,0.9999994039535522,0.00010000026720964508,0.0001,False,128.0,128.0,,
train,,,,,,,148.8198745250702,8.0,281.0,3564.0,1.9592747688293457,0.999999463558197,9.999909679666758e-05,0.0001,False,128.0,128.0,,
train,,,,,,,148.85565304756165,8.0,282.0,3565.0,1.949575424194336,0.9999993443489075,9.999993447050228e-05,0.0001,False,128.0,128.0,,
train,,,,,,,148.89238476753235,8.0,283.0,3566.0,1.9649275541305542,0.9999993443489075,0.00010000034654481139,0.0001,False,128.0,128.0,,
train,,,,,,,148.9330735206604,8.0,284.0,3567.0,1.9573639631271362,0.9999994039535522,0.00010000020484648331,0.0001,False,128.0,128.0,,
train,,,,,,,148.97301030158997,8.0,285.0,3568.0,1.9895000457763672,0.999999463558197,9.999944461342953e-05,0.0001,False,128.0,128.0,,
train,,,,,,,149.01561212539673,8.0,286.0,3569.0,1.9819610118865967,0.9999993443489075,0.0001000014811129856,0.0001,False,128.0,128.0,,
train,,,,,,,149.05082416534424,8.0,287.0,3570.0,1.959852933883667,0.9999994039535522,9.999927987002715e-05,0.0001,False,128.0,128.0,,
train,,,,,,,149.08532857894897,8.0,288.0,3571.0,1.9694304466247559,0.999999463558197,0.00010000015234517108,0.0001,False,128.0,128.0,,
train,,,,,,,149.14765191078186,8.0,289.0,3572.0,1.9487059116363525,0.9999994039535522,0.00010000000495667527,0.0001,False,128.0,128.0,,
train,,,,,,,149.18187999725342,8.0,290.0,3573.0,1.951188325881958,0.999999463558197,0.00010000066357910424,0.0001,False,128.0,128.0,,
train,,,,,,,149.21727776527405,8.0,291.0,3574.0,1.9337577819824219,0.999999463558197,9.999998665100503e-05,0.0001,False,128.0,128.0,,
train,,,,,,,149.25424647331238,8.0,292.0,3575.0,1.9542694091796875,0.999999463558197,9.999971592531995e-05,0.0001,False,128.0,128.0,,
train,,,,,,,149.2921633720398,8.0,293.0,3576.0,1.958638072013855,0.999999463558197,0.00010000088400220551,0.0001,False,128.0,128.0,,
train,,,,,,,149.33150100708008,8.0,294.0,3577.0,1.968965768814087,0.9999994039535522,0.00010000010745709104,0.0001,False,128.0,128.0,,
train,,,,,,,149.36716270446777,8.0,295.0,3578.0,1.9528355598449707,0.999999463558197,9.999926324691837e-05,0.0001,False,128.0,128.0,,
train,,,,,,,149.40400648117065,8.0,296.0,3579.0,1.9617799520492554,0.999999463558197,0.00010000000221364388,0.0001,False,128.0,128.0,,
train,,,,,,,149.44355607032776,8.0,297.0,3580.0,1.912153959274292,0.9999995231628418,9.999988839620595e-05,0.0001,False,128.0,128.0,,
train,,,,,,,149.48067998886108,8.0,298.0,3581.0,1.9475464820861816,0.9999994039535522,0.00010000147521067622,0.0001,False,128.0,128.0,,
train,,,,,,,149.5180537700653,8.0,299.0,3582.0,1.9531793594360352,0.999999463558197,9.99990323922877e-05,0.0001,False,128.0,128.0,,
train,,,,,,,149.55752205848694,8.0,300.0,3583.0,1.9542053937911987,0.9999995231628418,9.999969380319353e-05,0.0001,False,128.0,128.0,,
train,,,,,,,149.59646701812744,8.0,301.0,3584.0,1.9426425695419312,0.9999994039535522,0.00010000147983364598,0.0001,False,128.0,128.0,,
train,,,,,,,149.63117718696594,8.0,302.0,3585.0,1.9679208993911743,0.9999994039535522,9.999887359186963e-05,0.0001,False,128.0,128.0,,
train,,,,,,,149.66722655296326,8.0,303.0,3586.0,1.964502215385437,0.9999995231628418,0.00010000113692883777,0.0001,False,128.0,128.0,,
train,,,,,,,149.70558905601501,8.0,304.0,3587.0,1.9536572694778442,0.999999463558197,9.99992132257859e-05,0.0001,False,128.0,128.0,,
train,,,,,,,149.7422797679901,8.0,305.0,3588.0,1.9610384702682495,0.999999463558197,0.00010000125596197013,0.0001,False,128.0,128.0,,
train,,,,,,,149.7827968597412,8.0,306.0,3589.0,1.9290817975997925,0.9999994039535522,0.00010000128647103142,0.0001,False,128.0,128.0,,
train,,,,,,,149.82515382766724,8.0,307.0,3590.0,1.9540992975234985,0.9999995231628418,9.999962574542321e-05,0.0001,False,128.0,128.0,,
train,,,,,,,149.8625111579895,8.0,308.0,3591.0,1.9668179750442505,0.9999995231628418,0.00010000209978236275,0.0001,False,128.0,128.0,,
train,,,,,,,149.8976993560791,8.0,309.0,3592.0,1.9935880899429321,0.9999993443489075,9.999914416587711e-05,0.0001,False,128.0,128.0,,
train,,,,,,,149.93202996253967,8.0,310.0,3593.0,1.9489760398864746,0.9999994039535522,9.999941442906885e-05,0.0001,False,128.0,128.0,,
train,,,,,,,149.97188472747803,8.0,311.0,3594.0,1.926485538482666,0.999999463558197,9.999912004000099e-05,0.0001,False,128.0,128.0,,
train,,,,,,,150.00885128974915,8.0,312.0,3595.0,1.96511971950531,0.9999993443489075,0.00010000072596149542,0.0001,False,128.0,128.0,,
train,,,,,,,150.0439293384552,8.0,313.0,3596.0,1.9428009986877441,0.9999993443489075,0.00010000106864003282,0.0001,False,128.0,128.0,,
train,,,,,,,150.08918070793152,8.0,314.0,3597.0,1.93630850315094,0.9999993443489075,0.00010000106262494326,0.0001,False,128.0,128.0,,
train,,,,,,,150.13122415542603,8.0,315.0,3598.0,1.9923720359802246,0.9999994039535522,0.00010000104719040395,0.0001,False,128.0,128.0,,
train,,,,,,,150.1684672832489,8.0,316.0,3599.0,1.9574731588363647,0.9999994039535522,0.0001000001549754415,0.0001,False,128.0,128.0,,
train,,,,,,,150.20301747322083,8.0,317.0,3600.0,1.9499489068984985,0.9999993443489075,9.999983089437883e-05,0.0001,False,128.0,128.0,,
train,,,,,,,150.23891305923462,8.0,318.0,3601.0,1.988883376121521,0.999999463558197,0.00010000033252829329,0.0001,False,128.0,128.0,,
train,,,,,,,150.2805414199829,8.0,319.0,3602.0,1.965184211730957,0.999999463558197,0.00010000003230024896,0.0001,False,128.0,128.0,,
train,,,,,,,150.31593942642212,8.0,320.0,3603.0,1.9898393154144287,0.999999463558197,0.00010000032468520055,0.0001,False,128.0,128.0,,
train,,,,,,,150.34960770606995,8.0,321.0,3604.0,1.8902688026428223,0.999999463558197,0.00010000153680544243,0.0001,False,128.0,128.0,,
train,,,,,,,150.3844554424286,8.0,322.0,3605.0,1.925311803817749,0.9999994039535522,9.999969023832581e-05,0.0001,False,128.0,128.0,,
train,,,,,,,150.41973447799683,8.0,323.0,3606.0,1.9414949417114258,0.9999995231628418,0.00010000044956529174,0.0001,False,128.0,128.0,,
train,,,,,,,150.45691061019897,8.0,324.0,3607.0,1.9729756116867065,0.9999994039535522,0.00010000034893438467,0.0001,False,128.0,128.0,,
train,,,,,,,150.49386167526245,8.0,325.0,3608.0,1.9514223337173462,0.9999993443489075,9.999971919094611e-05,0.0001,False,128.0,128.0,,
train,,,,,,,150.53099083900452,8.0,326.0,3609.0,1.9100030660629272,0.9999993443489075,9.999956852967566e-05,0.0001,False,128.0,128.0,,
train,,,,,,,150.56846475601196,8.0,327.0,3610.0,1.9477887153625488,0.999999463558197,0.00010000098759892203,0.0001,False,128.0,128.0,,
train,,,,,,,150.6044144630432,8.0,328.0,3611.0,1.9568390846252441,0.999999463558197,0.00010000020577455846,0.0001,False,128.0,128.0,,
train,,,,,,,150.6399383544922,8.0,329.0,3612.0,1.9884042739868164,0.9999994039535522,9.999746555827173e-05,0.0001,False,128.0,128.0,,
train,,,,,,,150.67633843421936,8.0,330.0,3613.0,1.9695082902908325,0.9999994039535522,0.00010000026050278814,0.0001,False,128.0,128.0,,
train,,,,,,,150.7116847038269,8.0,331.0,3614.0,1.926796793937683,0.9999995231628418,9.999870324646565e-05,0.0001,False,128.0,128.0,,
train,,,,,,,150.7528417110443,8.0,332.0,3615.0,1.9216735363006592,0.9999994039535522,9.999880518876069e-05,0.0001,False,128.0,128.0,,
train,,,,,,,150.7905945777893,8.0,333.0,3616.0,1.9330295324325562,0.9999994039535522,9.999953294166368e-05,0.0001,False,128.0,128.0,,
train,,,,,,,150.82755732536316,8.0,334.0,3617.0,1.903930902481079,0.999999463558197,9.999984035297413e-05,0.0001,False,128.0,128.0,,
train,,,,,,,150.8633210659027,8.0,335.0,3618.0,2.0018348693847656,0.9999995827674866,0.00010000040623642153,0.0001,False,128.0,128.0,,
train,,,,,,,150.89913320541382,8.0,336.0,3619.0,2.004287004470825,0.999999463558197,0.00010000133501663159,0.0001,False,128.0,128.0,,
train,,,,,,,150.93536829948425,8.0,337.0,3620.0,1.961990475654602,0.9999994039535522,0.00010000006778399991,0.0001,False,128.0,128.0,,
train,,,,,,,150.9707591533661,8.0,338.0,3621.0,1.9585888385772705,0.999999463558197,0.00010000003755212245,0.0001,False,128.0,128.0,,
train,,,,,,,151.006667137146,8.0,339.0,3622.0,1.9501053094863892,0.999999463558197,0.00010000176726398576,0.0001,False,128.0,128.0,,
train,,,,,,,151.0421917438507,8.0,340.0,3623.0,1.974345088005066,0.999999463558197,0.00010000067525588347,0.0001,False,128.0,128.0,,
train,,,,,,,151.08162593841553,8.0,341.0,3624.0,1.984282374382019,0.999999463558197,0.00010000128005697369,0.0001,False,128.0,128.0,,
train,,,,,,,151.11877989768982,8.0,342.0,3625.0,1.9636732339859009,0.9999994039535522,0.00010000064527572294,0.0001,False,128.0,128.0,,
train,,,,,,,151.1542661190033,8.0,343.0,3626.0,1.9600061178207397,0.999999463558197,0.00010000070379188788,0.0001,False,128.0,128.0,,
train,,,,,,,151.19098472595215,8.0,344.0,3627.0,1.9496393203735352,0.999999463558197,0.00010000070425158637,0.0001,False,128.0,128.0,,
train,,,,,,,151.23291039466858,8.0,345.0,3628.0,1.9414968490600586,0.9999994039535522,0.00010000051665106127,0.0001,False,128.0,128.0,,
train,,,,,,,151.2868685722351,8.0,346.0,3629.0,1.9404433965682983,0.9999994039535522,9.999946737529377e-05,0.0001,False,128.0,128.0,,
train,,,,,,,151.32790803909302,8.0,347.0,3630.0,2.0087199211120605,0.9999992847442627,9.999839404920256e-05,0.0001,False,128.0,128.0,,
train,,,,,,,151.36280393600464,8.0,348.0,3631.0,1.9356107711791992,0.9999993443489075,9.99985392054994e-05,0.0001,False,128.0,128.0,,
train,,,,,,,151.39616227149963,8.0,349.0,3632.0,1.9422378540039062,0.999999463558197,9.999927807891226e-05,0.0001,False,128.0,128.0,,
train,,,,,,,151.42838668823242,8.0,350.0,3633.0,2.019357919692993,0.999999463558197,9.999972475075032e-05,0.0001,False,128.0,128.0,,
train,,,,,,,151.46564149856567,8.0,351.0,3634.0,1.9304697513580322,0.9999994039535522,0.00010000120891034412,0.0001,False,128.0,128.0,,
train,,,,,,,151.50213027000427,8.0,352.0,3635.0,1.9536932706832886,0.999999463558197,0.00010000095282022217,0.0001,False,128.0,128.0,,
train,,,,,,,151.53693842887878,8.0,353.0,3636.0,1.913622260093689,0.9999993443489075,0.00010000085854536028,0.0001,False,128.0,128.0,,
train,,,,,,,151.57062482833862,8.0,354.0,3637.0,1.9961886405944824,0.9999994039535522,0.00010000038129119616,0.0001,False,128.0,128.0,,
train,,,,,,,151.60857582092285,8.0,355.0,3638.0,1.9211137294769287,0.9999994039535522,0.00010000055281985233,0.0001,False,128.0,128.0,,
train,,,,,,,151.65429782867432,8.0,356.0,3639.0,1.9383538961410522,0.9999993443489075,0.00010000113721723227,0.0001,False,128.0,128.0,,
train,,,,,,,151.700754404068,8.0,357.0,3640.0,1.950430154800415,0.999999463558197,0.00010000016786875293,0.0001,False,128.0,128.0,,
train,,,,,,,151.73726534843445,8.0,358.0,3641.0,1.9653308391571045,0.9999993443489075,9.99991829763027e-05,0.0001,False,128.0,128.0,,
train,,,,,,,151.776047706604,8.0,359.0,3642.0,1.9792991876602173,0.999999463558197,0.00010000067688217573,0.0001,False,128.0,128.0,,
train,,,,,,,151.81637454032898,8.0,360.0,3643.0,1.9535889625549316,0.999999463558197,9.999989408827355e-05,0.0001,False,128.0,128.0,,
train,,,,,,,151.8535795211792,8.0,361.0,3644.0,1.9777114391326904,0.9999994039535522,9.99986614520896e-05,0.0001,False,128.0,128.0,,
train,,,,,,,151.88918089866638,8.0,362.0,3645.0,1.958046317100525,0.999999463558197,9.999990737410016e-05,0.0001,False,128.0,128.0,,
train,,,,,,,151.92552709579468,8.0,363.0,3646.0,1.9320768117904663,0.9999994039535522,0.00010000072639517314,0.0001,False,128.0,128.0,,
train,,,,,,,151.95902800559998,8.0,364.0,3647.0,1.9299322366714478,0.9999994039535522,0.0001000004951731249,0.0001,False,128.0,128.0,,
train,,,,,,,151.99264693260193,8.0,365.0,3648.0,1.954186201095581,0.999999463558197,0.000100001969559321,0.0001,False,128.0,128.0,,
train,,,,,,,152.0316927433014,8.0,366.0,3649.0,1.9494030475616455,0.9999995231628418,9.999935641088563e-05,0.0001,False,128.0,128.0,,
train,,,,,,,152.07636737823486,8.0,367.0,3650.0,1.9037692546844482,0.9999994039535522,9.99991421492438e-05,0.0001,False,128.0,128.0,,
train,,,,,,,152.1196517944336,8.0,368.0,3651.0,1.95933198928833,0.9999995231628418,0.00010000028279392426,0.0001,False,128.0,128.0,,
train,,,,,,,152.15528416633606,8.0,369.0,3652.0,1.9645994901657104,0.999999463558197,0.00010000084829756882,0.0001,False,128.0,128.0,,
train,,,,,,,152.19174695014954,8.0,370.0,3653.0,1.9507577419281006,0.999999463558197,9.999867471422721e-05,0.0001,False,128.0,128.0,,
train,,,,,,,152.22557592391968,8.0,371.0,3654.0,1.9773329496383667,0.999999463558197,0.00010000001981458,0.0001,False,128.0,128.0,,
train,,,,,,,152.2628674507141,8.0,372.0,3655.0,1.9815579652786255,0.9999993443489075,9.999955799985818e-05,0.0001,False,128.0,128.0,,
train,,,,,,,152.30764770507812,8.0,373.0,3656.0,1.9584105014801025,0.9999994039535522,0.00010000110548515892,0.0001,False,128.0,128.0,,
train,,,,,,,152.3422384262085,8.0,374.0,3657.0,1.9282382726669312,0.999999463558197,0.00010000243222591012,0.0001,False,128.0,128.0,,
train,,,,,,,152.3744993209839,8.0,375.0,3658.0,1.925644874572754,0.999999463558197,0.00010000134890941179,0.0001,False,128.0,128.0,,
train,,,,,,,152.4108316898346,8.0,376.0,3659.0,1.9857614040374756,0.9999994039535522,0.0001000011893494031,0.0001,False,128.0,128.0,,
train,,,,,,,152.44709038734436,8.0,377.0,3660.0,1.9302014112472534,0.999999463558197,9.99999341755991e-05,0.0001,False,128.0,128.0,,
train,,,,,,,152.48324131965637,8.0,378.0,3661.0,1.9551737308502197,0.9999995231628418,9.999899052215429e-05,0.0001,False,128.0,128.0,,
train,,,,,,,152.52192044258118,8.0,379.0,3662.0,1.9142974615097046,0.999999463558197,0.00010000031655154193,0.0001,False,128.0,128.0,,
train,,,,,,,152.5609266757965,8.0,380.0,3663.0,1.999172568321228,0.999999463558197,9.999899152179878e-05,0.0001,False,128.0,128.0,,
train,,,,,,,152.59738421440125,8.0,381.0,3664.0,1.9088549613952637,0.9999994039535522,0.00010000016446002697,0.0001,False,128.0,128.0,,
train,,,,,,,152.64325761795044,8.0,382.0,3665.0,1.9360398054122925,0.9999994039535522,9.999948622966818e-05,0.0001,False,128.0,128.0,,
train,,,,,,,152.68096470832825,8.0,383.0,3666.0,1.94472336769104,0.999999463558197,9.999925970805633e-05,0.0001,False,128.0,128.0,,
train,,,,,,,152.71920800209045,8.0,384.0,3667.0,1.9606153964996338,0.999999463558197,0.00010000094067293603,0.0001,False,128.0,128.0,,
train,,,,,,,152.75510144233704,8.0,385.0,3668.0,1.959564447402954,0.9999994039535522,9.999915107447224e-05,0.0001,False,128.0,128.0,,
train,,,,,,,152.7946252822876,8.0,386.0,3669.0,1.8958944082260132,0.999999463558197,0.00010000185358009484,0.0001,False,128.0,128.0,,
train,,,,,,,152.8346128463745,8.0,387.0,3670.0,1.9367592334747314,0.999999463558197,9.999945809664172e-05,0.0001,False,128.0,128.0,,
train,,,,,,,152.87085723876953,8.0,388.0,3671.0,1.958314061164856,0.999999463558197,0.00010000050623410007,0.0001,False,128.0,128.0,,
train,,,,,,,152.90591979026794,8.0,389.0,3672.0,1.9349234104156494,0.9999994039535522,0.00010000246805574563,0.0001,False,128.0,128.0,,
train,,,,,,,152.94163632392883,8.0,390.0,3673.0,1.965104341506958,0.9999995231628418,0.00010000214144953703,0.0001,False,128.0,128.0,,
train,,,,,,,152.98202323913574,8.0,391.0,3674.0,1.9380829334259033,0.9999994039535522,0.00010000050619940577,0.0001,False,128.0,128.0,,
train,,,,,,,153.0203697681427,8.0,392.0,3675.0,1.9099761247634888,0.9999994039535522,0.0001000013129252206,0.0001,False,128.0,128.0,,
train,,,,,,,153.0568425655365,8.0,393.0,3676.0,1.9640247821807861,0.9999994039535522,0.00010000034602439615,0.0001,False,128.0,128.0,,
train,,,,,,,153.0904746055603,8.0,394.0,3677.0,1.9436067342758179,0.999999463558197,0.00010000144669223892,0.0001,False,128.0,128.0,,
train,,,,,,,153.12936973571777,8.0,395.0,3678.0,1.9608805179595947,0.999999463558197,9.999968421881652e-05,0.0001,False,128.0,128.0,,
train,,,,,,,153.160813331604,8.0,396.0,3679.0,1.8945841789245605,0.9999993443489075,0.00010000142134178725,0.0001,False,128.0,128.0,,
train,,,,,,,153.196524143219,8.0,397.0,3680.0,1.9692726135253906,0.9999994039535522,9.999966261710188e-05,0.0001,False,128.0,128.0,,
train,,,,,,,153.23467755317688,8.0,398.0,3681.0,1.9782195091247559,0.999999463558197,9.999960091709746e-05,0.0001,False,128.0,128.0,,
train,,,,,,,153.27173447608948,8.0,399.0,3682.0,1.981303334236145,0.9999994039535522,0.00010000140234683337,0.0001,False,128.0,128.0,,
train,,,,,,,153.3147201538086,8.0,400.0,3683.0,1.9251322746276855,0.999999463558197,0.00010000013857365512,0.0001,False,128.0,128.0,,
train,,,,,,,153.35405898094177,8.0,401.0,3684.0,1.957544207572937,0.999999463558197,9.999937921180146e-05,0.0001,False,128.0,128.0,,
train,,,,,,,153.38852095603943,8.0,402.0,3685.0,1.9670867919921875,0.999999463558197,0.00010000120848317363,0.0001,False,128.0,128.0,,
train,,,,,,,153.435161113739,8.0,403.0,3686.0,1.9577480554580688,0.9999994039535522,9.999950522498604e-05,0.0001,False,128.0,128.0,,
train,,,,,,,153.46942281723022,8.0,404.0,3687.0,1.970217227935791,0.999999463558197,0.0001000013530553449,0.0001,False,128.0,128.0,,
train,,,,,,,153.50100660324097,8.0,405.0,3688.0,1.9476780891418457,0.9999993443489075,9.999864301606738e-05,0.0001,False,128.0,128.0,,
train,,,,,,,153.5371675491333,8.0,406.0,3689.0,1.9665600061416626,0.9999994039535522,0.00010000095825202315,0.0001,False,128.0,128.0,,
train,,,,,,,153.57786107063293,8.0,407.0,3690.0,1.9538342952728271,0.9999994039535522,0.00010000036245000087,0.0001,False,128.0,128.0,,
train,,,,,,,153.6163501739502,8.0,408.0,3691.0,1.918601632118225,0.999999463558197,0.00010000079078111494,0.0001,False,128.0,128.0,,
train,,,,,,,153.66158246994019,8.0,409.0,3692.0,1.9372217655181885,0.999999463558197,0.00010000059084477349,0.0001,False,128.0,128.0,,
train,,,,,,,153.6948745250702,8.0,410.0,3693.0,1.9479135274887085,0.9999995231628418,0.0001000001893142336,0.0001,False,128.0,128.0,,
train,,,,,,,153.7282419204712,8.0,411.0,3694.0,1.9701827764511108,0.999999463558197,9.999942534704806e-05,0.0001,False,128.0,128.0,,
train,,,,,,,153.7612771987915,8.0,412.0,3695.0,1.9333326816558838,0.9999994039535522,9.99983977312122e-05,0.0001,False,128.0,128.0,,
train,,,,,,,153.79616951942444,8.0,413.0,3696.0,1.9602245092391968,0.9999994039535522,9.999902102540147e-05,0.0001,False,128.0,128.0,,
train,,,,,,,153.8395140171051,8.0,414.0,3697.0,1.9288675785064697,0.999999463558197,0.00010000188620746492,0.0001,False,128.0,128.0,,
train,,,,,,,153.8797197341919,8.0,415.0,3698.0,1.9467869997024536,0.999999463558197,9.99998467367665e-05,0.0001,False,128.0,128.0,,
train,,,,,,,153.91713690757751,8.0,416.0,3699.0,1.956363558769226,0.999999463558197,9.999909786136372e-05,0.0001,False,128.0,128.0,,
train,,,,,,,153.9606020450592,8.0,417.0,3700.0,1.9635366201400757,0.9999994039535522,9.999939093209902e-05,0.0001,False,128.0,128.0,,
train,,,,,,,153.99368381500244,8.0,418.0,3701.0,1.9423058032989502,0.9999994039535522,0.0001000002115143128,0.0001,False,128.0,128.0,,
train,,,,,,,154.02614569664001,8.0,419.0,3702.0,1.934397578239441,0.9999994039535522,9.999798907935708e-05,0.0001,False,128.0,128.0,,
train,,,,,,,154.05757904052734,8.0,420.0,3703.0,1.9461524486541748,0.999999463558197,0.00010000027970612516,0.0001,False,128.0,128.0,,
train,,,,,,,154.09057569503784,8.0,421.0,3704.0,1.8933385610580444,0.999999463558197,9.999946962394102e-05,0.0001,False,128.0,128.0,,
train,,,,,,,154.1297948360443,8.0,422.0,3705.0,1.9523890018463135,0.9999994039535522,0.00010000192229769959,0.0001,False,128.0,128.0,,
train,,,,,,,154.163339138031,8.0,423.0,3706.0,2.000396490097046,0.9999994039535522,0.0001000010288111995,0.0001,False,128.0,128.0,,
train,,,,,,,154.19794297218323,8.0,424.0,3707.0,1.9301434755325317,0.9999993443489075,9.999913060022252e-05,0.0001,False,128.0,128.0,,
train,,,,,,,154.23233699798584,8.0,425.0,3708.0,1.9354243278503418,0.999999463558197,0.00010000172832446112,0.0001,False,128.0,128.0,,
train,,,,,,,154.27155208587646,8.0,426.0,3709.0,1.9412086009979248,0.999999463558197,0.00010000207155032699,0.0001,False,128.0,128.0,,
train,,,,,,,154.3076663017273,8.0,427.0,3710.0,1.9635941982269287,0.9999994039535522,0.0001000000620897738,0.0001,False,128.0,128.0,,
train,,,,,,,154.3405463695526,8.0,428.0,3711.0,1.946811556816101,0.999999463558197,9.99996696947973e-05,0.0001,False,128.0,128.0,,
train,,,,,,,154.37849831581116,8.0,429.0,3712.0,1.9498376846313477,0.9999993443489075,0.00010000035272040538,0.0001,False,128.0,128.0,,
train,,,,,,,154.41666555404663,8.0,430.0,3713.0,1.910597562789917,0.9999993443489075,0.000100001894132833,0.0001,False,128.0,128.0,,
train,,,,,,,154.45412731170654,8.0,431.0,3714.0,1.9546394348144531,0.999999463558197,0.00010000083393851601,0.0001,False,128.0,128.0,,
train,,,,,,,154.49126410484314,8.0,432.0,3715.0,1.952563762664795,0.9999994039535522,0.00010000169768109583,0.0001,False,128.0,128.0,,
train,,,,,,,154.5271759033203,8.0,433.0,3716.0,1.923998236656189,0.9999993443489075,0.00010000044900584594,0.0001,False,128.0,128.0,,
train,,,,,,,154.564772605896,8.0,434.0,3717.0,1.9548969268798828,0.9999993443489075,0.00010000112922458444,0.0001,False,128.0,128.0,,
train,,,,,,,154.6022469997406,8.0,435.0,3718.0,1.9466930627822876,0.999999463558197,0.00010000051148161188,0.0001,False,128.0,128.0,,
train,,,,,,,154.6394805908203,8.0,436.0,3719.0,1.9765373468399048,0.9999994039535522,0.000100000857526219,0.0001,False,128.0,128.0,,
train,,,,,,,154.67719340324402,8.0,437.0,3720.0,1.9326179027557373,0.9999993443489075,9.999833622558695e-05,0.0001,False,128.0,128.0,,
train,,,,,,,154.71419548988342,8.0,438.0,3721.0,1.9469611644744873,0.9999994039535522,9.9999096399846e-05,0.0001,False,128.0,128.0,,
train,,,,,,,154.75002074241638,8.0,439.0,3722.0,1.9455626010894775,0.9999994039535522,9.999976841818767e-05,0.0001,False,128.0,128.0,,
train,,,,,,,154.78456091880798,8.0,440.0,3723.0,1.9741159677505493,0.999999463558197,9.999998569257017e-05,0.0001,False,128.0,128.0,,
train,,,,,,,154.82023549079895,8.0,441.0,3724.0,1.9491186141967773,0.9999994039535522,0.00010000030159827178,0.0001,False,128.0,128.0,,
train,,,,,,,154.86075139045715,8.0,442.0,3725.0,1.9425325393676758,0.9999994039535522,9.99990611369297e-05,0.0001,False,128.0,128.0,,
train,,,,,,,154.89806413650513,8.0,443.0,3726.0,1.9181965589523315,0.9999994039535522,9.999933298545998e-05,0.0001,False,128.0,128.0,,
train,,,,,,,154.93426275253296,8.0,444.0,3727.0,1.8970277309417725,0.9999993443489075,9.999862925084886e-05,0.0001,False,128.0,128.0,,
train,,,,,,,154.97224974632263,8.0,445.0,3728.0,1.882460594177246,0.999999463558197,0.0001000014976620011,0.0001,False,128.0,128.0,,
train,,,,,,,155.0083692073822,8.0,446.0,3729.0,1.9331598281860352,0.9999995231628418,9.999947404534083e-05,0.0001,False,128.0,128.0,,
train,,,,,,,155.0420093536377,8.0,447.0,3730.0,1.9295748472213745,0.9999994039535522,9.999885997630447e-05,0.0001,False,128.0,128.0,,
train,,,,,,,155.07702922821045,8.0,448.0,3731.0,1.946191430091858,0.999999463558197,9.999930903960821e-05,0.0001,False,128.0,128.0,,
train,,,,,,,155.11603164672852,8.0,449.0,3732.0,1.9591538906097412,0.999999463558197,0.00010000204411623978,0.0001,False,128.0,128.0,,
train,,,,,,,155.15678477287292,8.0,450.0,3733.0,1.9235695600509644,0.9999993443489075,0.00010000183283101611,0.0001,False,128.0,128.0,,
train,,,,,,,155.19069695472717,8.0,451.0,3734.0,1.9072436094284058,0.9999994039535522,0.00010000057432596543,0.0001,False,128.0,128.0,,
train,,,,,,,155.2269468307495,8.0,452.0,3735.0,1.9334241151809692,0.9999994039535522,9.999981000827068e-05,0.0001,False,128.0,128.0,,
train,,,,,,,155.26090621948242,8.0,453.0,3736.0,1.9125186204910278,0.9999994039535522,9.999985212742783e-05,0.0001,False,128.0,128.0,,
train,,,,,,,155.30035638809204,8.0,454.0,3737.0,1.9137840270996094,0.9999993443489075,0.00010000044178509163,0.0001,False,128.0,128.0,,
train,,,,,,,155.33425951004028,8.0,455.0,3738.0,1.9278264045715332,0.9999995231628418,9.999994446251555e-05,0.0001,False,128.0,128.0,,
train,,,,,,,155.37038016319275,8.0,456.0,3739.0,1.8962821960449219,0.999999463558197,0.00010000075449314859,0.0001,False,128.0,128.0,,
train,,,,,,,155.41406846046448,8.0,457.0,3740.0,1.922518014907837,0.9999994039535522,0.00010000050251747376,0.0001,False,128.0,128.0,,
train,,,,,,,155.45559000968933,8.0,458.0,3741.0,1.9080218076705933,0.9999995231628418,9.999913479828973e-05,0.0001,False,128.0,128.0,,
train,,,,,,,155.49217224121094,8.0,459.0,3742.0,1.8865996599197388,0.9999994039535522,0.00010000036108607947,0.0001,False,128.0,128.0,,
train,,,,,,,155.52893733978271,8.0,460.0,3743.0,1.9928349256515503,0.999999463558197,0.00010000021692013324,0.0001,False,128.0,128.0,,
train,,,,,,,155.5646529197693,8.0,461.0,3744.0,1.930387258529663,0.9999994039535522,0.00010000113152740382,0.0001,False,128.0,128.0,,
train,,,,,,,155.60146236419678,8.0,462.0,3745.0,1.9049183130264282,0.9999993443489075,9.999880762824469e-05,0.0001,False,128.0,128.0,,
train,,,,,,,155.64705896377563,8.0,463.0,3746.0,1.9387718439102173,0.9999995231628418,0.00010000151535591398,0.0001,False,128.0,128.0,,
train,,,,,,,155.68234515190125,8.0,464.0,3747.0,1.9014225006103516,0.9999994039535522,9.999919047904275e-05,0.0001,False,128.0,128.0,,
train,,,,,,,155.7158477306366,8.0,465.0,3748.0,1.938534140586853,0.9999994039535522,9.99986670509844e-05,0.0001,False,128.0,128.0,,
train,,,,,,,155.75212907791138,8.0,466.0,3749.0,1.9054089784622192,0.9999994039535522,0.00010000130701856455,0.0001,False,128.0,128.0,,
train,,,,,,,155.78809690475464,8.0,467.0,3750.0,1.9299688339233398,0.999999463558197,0.00010000074240655323,0.0001,False,128.0,128.0,,
train,,,,,,,155.82422733306885,8.0,468.0,3751.0,1.948400616645813,0.9999993443489075,9.999914461690908e-05,0.0001,False,128.0,128.0,,
train,,,,,,,155.86216568946838,8.0,469.0,3752.0,1.933591365814209,0.9999995231628418,0.00010000071023850842,0.0001,False,128.0,128.0,,
eval,,,,,,,157.9762897491455,8.0,,3752.0,,,,,False,128.0,128.0,1.9321378038406372,0.5792
train,,,,,,,158.01709532737732,9.0,1.0,3753.0,1.9360754489898682,0.9999995827674866,0.00010000155858889533,0.0001,False,128.0,128.0,,
train,,,,,,,158.05538058280945,9.0,2.0,3754.0,1.8799638748168945,0.9999995231628418,9.999879316264578e-05,0.0001,False,128.0,128.0,,
train,,,,,,,158.0891501903534,9.0,3.0,3755.0,1.9279390573501587,0.999999463558197,0.00010000076669249865,0.0001,False,128.0,128.0,,
train,,,,,,,158.12864232063293,9.0,4.0,3756.0,1.9541995525360107,0.9999994039535522,0.00010000158402821538,0.0001,False,128.0,128.0,,
train,,,,,,,158.16975688934326,9.0,5.0,3757.0,1.8973188400268555,0.999999463558197,9.999958122790549e-05,0.0001,False,128.0,128.0,,
train,,,,,,,158.21036028862,9.0,6.0,3758.0,1.9207139015197754,0.9999994039535522,9.999846979709092e-05,0.0001,False,128.0,128.0,,
train,,,,,,,158.24976229667664,9.0,7.0,3759.0,1.9358611106872559,0.9999994039535522,9.999943669003574e-05,0.0001,False,128.0,128.0,,
train,,,,,,,158.2948362827301,9.0,8.0,3760.0,1.9120105504989624,0.9999995231628418,0.00010000016535340808,0.0001,False,128.0,128.0,,
train,,,,,,,158.33054733276367,9.0,9.0,3761.0,1.9914755821228027,0.9999994039535522,0.00010000181332006952,0.0001,False,128.0,128.0,,
train,,,,,,,158.36643314361572,9.0,10.0,3762.0,1.973776936531067,0.9999994039535522,9.99997090471216e-05,0.0001,False,128.0,128.0,,
train,,,,,,,158.4032289981842,9.0,11.0,3763.0,1.9102487564086914,0.9999994039535522,0.00010000121959827936,0.0001,False,128.0,128.0,,
train,,,,,,,158.44767308235168,9.0,12.0,3764.0,1.9016705751419067,0.999999463558197,9.999919679999239e-05,0.0001,False,128.0,128.0,,
train,,,,,,,158.48840355873108,9.0,13.0,3765.0,1.9274510145187378,0.999999463558197,9.99994546250075e-05,0.0001,False,128.0,128.0,,
train,,,,,,,158.52531623840332,9.0,14.0,3766.0,1.9431058168411255,0.9999994039535522,9.999966746567025e-05,0.0001,False,128.0,128.0,,
train,,,,,,,158.56177043914795,9.0,15.0,3767.0,1.998853087425232,0.9999994039535522,9.999997994629767e-05,0.0001,False,128.0,128.0,,
train,,,,,,,158.59852385520935,9.0,16.0,3768.0,1.9195423126220703,0.9999994039535522,0.00010000028566488345,0.0001,False,128.0,128.0,,
train,,,,,,,158.63578748703003,9.0,17.0,3769.0,1.9269249439239502,0.999999463558197,0.00010000079739252728,0.0001,False,128.0,128.0,,
train,,,,,,,158.67553663253784,9.0,18.0,3770.0,1.961429238319397,0.9999994039535522,0.00010000025669941676,0.0001,False,128.0,128.0,,
train,,,,,,,158.71440768241882,9.0,19.0,3771.0,1.9107182025909424,0.9999995231628418,9.999984035731095e-05,0.0001,False,128.0,128.0,,
train,,,,,,,158.75165629386902,9.0,20.0,3772.0,1.9439901113510132,0.9999995231628418,0.00010000233716966724,0.0001,False,128.0,128.0,,
train,,,,,,,158.78600406646729,9.0,21.0,3773.0,1.943272352218628,0.9999994039535522,0.00010000177654025519,0.0001,False,128.0,128.0,,
train,,,,,,,158.8212866783142,9.0,22.0,3774.0,1.9306833744049072,0.999999463558197,0.00010000069019825579,0.0001,False,128.0,128.0,,
train,,,,,,,158.85716557502747,9.0,23.0,3775.0,1.9393212795257568,0.9999994039535522,0.00010000091585577867,0.0001,False,128.0,128.0,,
train,,,,,,,158.8924024105072,9.0,24.0,3776.0,1.923805594444275,0.9999994039535522,0.00010000094563202999,0.0001,False,128.0,128.0,,
train,,,,,,,158.9312298297882,9.0,25.0,3777.0,1.9770225286483765,0.999999463558197,9.999986747107848e-05,0.0001,False,128.0,128.0,,
train,,,,,,,158.96871852874756,9.0,26.0,3778.0,1.9623101949691772,0.9999994039535522,9.999971544826964e-05,0.0001,False,128.0,128.0,,
train,,,,,,,159.00497817993164,9.0,27.0,3779.0,1.9436554908752441,0.9999994039535522,9.999752627945071e-05,0.0001,False,128.0,128.0,,
train,,,,,,,159.0407657623291,9.0,28.0,3780.0,1.915256381034851,0.999999463558197,9.999910321303378e-05,0.0001,False,128.0,128.0,,
train,,,,,,,159.07720732688904,9.0,29.0,3781.0,1.9356420040130615,0.999999463558197,9.999892679859222e-05,0.0001,False,128.0,128.0,,
train,,,,,,,159.11720323562622,9.0,30.0,3782.0,1.915448784828186,0.9999994039535522,0.00010000002037402821,0.0001,False,128.0,128.0,,
train,,,,,,,159.1547031402588,9.0,31.0,3783.0,1.9139090776443481,0.999999463558197,9.999993802668767e-05,0.0001,False,128.0,128.0,,
train,,,,,,,159.18886590003967,9.0,32.0,3784.0,1.9531919956207275,0.9999995231628418,9.999872792756091e-05,0.0001,False,128.0,128.0,,
train,,,,,,,159.22364616394043,9.0,33.0,3785.0,1.9223921298980713,0.9999994039535522,0.00010000070056532487,0.0001,False,128.0,128.0,,
train,,,,,,,159.2660791873932,9.0,34.0,3786.0,1.9131377935409546,0.9999994039535522,0.00010000127370363008,0.0001,False,128.0,128.0,,
train,,,,,,,159.304851770401,9.0,35.0,3787.0,1.9107744693756104,0.9999995231628418,9.999884089629529e-05,0.0001,False,128.0,128.0,,
train,,,,,,,159.34135007858276,9.0,36.0,3788.0,1.9385254383087158,0.999999463558197,9.99992724410201e-05,0.0001,False,128.0,128.0,,
train,,,,,,,159.37705373764038,9.0,37.0,3789.0,1.9620290994644165,0.9999994039535522,9.999914636465792e-05,0.0001,False,128.0,128.0,,
train,,,,,,,159.41459918022156,9.0,38.0,3790.0,1.932665467262268,0.9999994039535522,9.999795950172266e-05,0.0001,False,128.0,128.0,,
train,,,,,,,159.45334267616272,9.0,39.0,3791.0,1.9475958347320557,0.9999994039535522,0.00010000036290536413,0.0001,False,128.0,128.0,,
train,,,,,,,159.49655675888062,9.0,40.0,3792.0,1.9595705270767212,0.9999992847442627,9.999999167736684e-05,0.0001,False,128.0,128.0,,
train,,,,,,,159.53249645233154,9.0,41.0,3793.0,1.9002714157104492,0.999999463558197,0.00010000115534922156,0.0001,False,128.0,128.0,,
train,,,,,,,159.57573223114014,9.0,42.0,3794.0,1.9245325326919556,0.9999994039535522,0.00010000183180321128,0.0001,False,128.0,128.0,,
train,,,,,,,159.6119463443756,9.0,43.0,3795.0,1.9688942432403564,0.9999993443489075,9.999925609980472e-05,0.0001,False,128.0,128.0,,
train,,,,,,,159.64784407615662,9.0,44.0,3796.0,1.9647648334503174,0.9999994039535522,0.00010000132801277881,0.0001,False,128.0,128.0,,
train,,,,,,,159.6801574230194,9.0,45.0,3797.0,1.9564485549926758,0.9999993443489075,0.00010000220971375748,0.0001,False,128.0,128.0,,
train,,,,,,,159.71895456314087,9.0,46.0,3798.0,1.9097338914871216,0.9999995231628418,0.00010000141940976642,0.0001,False,128.0,128.0,,
train,,,,,,,159.75527381896973,9.0,47.0,3799.0,1.9513914585113525,0.9999994039535522,0.00010000009749545169,0.0001,False,128.0,128.0,,
train,,,,,,,159.79259586334229,9.0,48.0,3800.0,1.945533275604248,0.9999993443489075,0.00010000063297227532,0.0001,False,128.0,128.0,,
train,,,,,,,159.82653141021729,9.0,49.0,3801.0,1.9309685230255127,0.999999463558197,0.00010000047420909329,0.0001,False,128.0,128.0,,
train,,,,,,,159.86234855651855,9.0,50.0,3802.0,1.9254652261734009,0.9999994039535522,0.00010000101917490927,0.0001,False,128.0,128.0,,
train,,,,,,,159.8989543914795,9.0,51.0,3803.0,1.9251632690429688,0.9999994039535522,9.99988416400666e-05,0.0001,False,128.0,128.0,,
train,,,,,,,159.93944597244263,9.0,52.0,3804.0,1.9253199100494385,0.9999995231628418,0.00010000097719935696,0.0001,False,128.0,128.0,,
train,,,,,,,159.98014664649963,9.0,53.0,3805.0,1.9216982126235962,0.9999994039535522,0.00010000124155960831,0.0001,False,128.0,128.0,,
train,,,,,,,160.01518988609314,9.0,54.0,3806.0,1.9174306392669678,0.999999463558197,0.00010000075763297435,0.0001,False,128.0,128.0,,
train,,,,,,,160.05058670043945,9.0,55.0,3807.0,1.9222476482391357,0.999999463558197,0.00010000075150727829,0.0001,False,128.0,128.0,,
train,,,,,,,160.08521938323975,9.0,56.0,3808.0,1.9194809198379517,0.9999993443489075,9.999968601426097e-05,0.0001,False,128.0,128.0,,
train,,,,,,,160.12436747550964,9.0,57.0,3809.0,1.9078211784362793,0.999999463558197,9.999947773381596e-05,0.0001,False,128.0,128.0,,
train,,,,,,,160.1597294807434,9.0,58.0,3810.0,1.941880226135254,0.9999995231628418,0.00010000052294807475,0.0001,False,128.0,128.0,,
train,,,,,,,160.19594979286194,9.0,59.0,3811.0,1.9268006086349487,0.9999994039535522,0.00010000097291463174,0.0001,False,128.0,128.0,,
train,,,,,,,160.23215770721436,9.0,60.0,3812.0,1.9606540203094482,0.9999993443489075,0.00010000082791040202,0.0001,False,128.0,128.0,,
train,,,,,,,160.2737855911255,9.0,61.0,3813.0,1.974118947982788,0.9999994039535522,0.00010000052387614696,0.0001,False,128.0,128.0,,
train,,,,,,,160.31335997581482,9.0,62.0,3814.0,1.9735803604125977,0.9999994039535522,0.00010000105702618258,0.0001,False,128.0,128.0,,
train,,,,,,,160.35095405578613,9.0,63.0,3815.0,1.9045956134796143,0.9999994039535522,0.00010000280917577952,0.0001,False,128.0,128.0,,
train,,,,,,,160.38967156410217,9.0,64.0,3816.0,1.9058016538619995,0.999999463558197,0.0001000015846548743,0.0001,False,128.0,128.0,,
train,,,,,,,160.4268856048584,9.0,65.0,3817.0,1.9518505334854126,0.999999463558197,0.00010000038897815996,0.0001,False,128.0,128.0,,
train,,,,,,,160.4611177444458,9.0,66.0,3818.0,1.966455101966858,0.9999994039535522,9.999979084821164e-05,0.0001,False,128.0,128.0,,
train,,,,,,,160.49864792823792,9.0,67.0,3819.0,1.9735872745513916,0.9999994039535522,9.999976658371334e-05,0.0001,False,128.0,128.0,,
train,,,,,,,160.53478574752808,9.0,68.0,3820.0,1.953839898109436,0.9999994039535522,9.999975164770823e-05,0.0001,False,128.0,128.0,,
train,,,,,,,160.57311391830444,9.0,69.0,3821.0,1.9384574890136719,0.9999994039535522,0.00010000000124219875,0.0001,False,128.0,128.0,,
train,,,,,,,160.61285400390625,9.0,70.0,3822.0,1.9593901634216309,0.9999994039535522,9.99995898018118e-05,0.0001,False,128.0,128.0,,
train,,,,,,,160.65327048301697,9.0,71.0,3823.0,1.9324837923049927,0.9999995231628418,0.00010000047880825699,0.0001,False,128.0,128.0,,
train,,,,,,,160.69490146636963,9.0,72.0,3824.0,1.9254289865493774,0.9999995231628418,0.00010000136978869341,0.0001,False,128.0,128.0,,
train,,,,,,,160.73442792892456,9.0,73.0,3825.0,1.933045506477356,0.999999463558197,9.999918136299669e-05,0.0001,False,128.0,128.0,,
train,,,,,,,160.7738618850708,9.0,74.0,3826.0,1.892350435256958,0.9999995231628418,0.00010000007342618403,0.0001,False,128.0,128.0,,
train,,,,,,,160.81604647636414,9.0,75.0,3827.0,1.904710054397583,0.999999463558197,0.0001000002017912078,0.0001,False,128.0,128.0,,
train,,,,,,,160.85236239433289,9.0,76.0,3828.0,1.9586279392242432,0.9999994039535522,0.00010000063533582107,0.0001,False,128.0,128.0,,
train,,,,,,,160.88693809509277,9.0,77.0,3829.0,1.9326786994934082,0.9999994039535522,0.00010000004984263291,0.0001,False,128.0,128.0,,
train,,,,,,,160.92471647262573,9.0,78.0,3830.0,1.9321057796478271,0.9999994039535522,0.0001000010501784338,0.0001,False,128.0,128.0,,
train,,,,,,,160.9600179195404,9.0,79.0,3831.0,1.98128342628479,0.9999993443489075,9.999962489540552e-05,0.0001,False,128.0,128.0,,
train,,,,,,,161.00057888031006,9.0,80.0,3832.0,1.9262455701828003,0.9999994039535522,0.00010000136985374464,0.0001,False,128.0,128.0,,
train,,,,,,,161.03453826904297,9.0,81.0,3833.0,1.904691457748413,0.999999463558197,0.00010000108566182358,0.0001,False,128.0,128.0,,
train,,,,,,,161.07079148292542,9.0,82.0,3834.0,1.9070104360580444,0.9999994039535522,0.00010000162563489023,0.0001,False,128.0,128.0,,
train,,,,,,,161.1078679561615,9.0,83.0,3835.0,1.9405587911605835,0.9999994039535522,0.00010000081906772192,0.0001,False,128.0,128.0,,
train,,,,,,,161.14461660385132,9.0,84.0,3836.0,1.8991230726242065,0.999999463558197,0.00010000005354192882,0.0001,False,128.0,128.0,,
train,,,,,,,161.1784496307373,9.0,85.0,3837.0,1.9683161973953247,0.999999463558197,0.00010000010566165415,0.0001,False,128.0,128.0,,
train,,,,,,,161.21623754501343,9.0,86.0,3838.0,1.9240328073501587,0.9999993443489075,0.00010000020665709721,0.0001,False,128.0,128.0,,
train,,,,,,,161.25298643112183,9.0,87.0,3839.0,1.939153790473938,0.9999995827674866,0.00010000112547545558,0.0001,False,128.0,128.0,,
train,,,,,,,161.29287147521973,9.0,88.0,3840.0,1.9371625185012817,0.9999994039535522,0.0001000016245984098,0.0001,False,128.0,128.0,,
train,,,,,,,161.33379340171814,9.0,89.0,3841.0,1.9303478002548218,0.9999993443489075,0.00010000152242914153,0.0001,False,128.0,128.0,,
train,,,,,,,161.37101817131042,9.0,90.0,3842.0,1.9191774129867554,0.9999994039535522,9.999897583106546e-05,0.0001,False,128.0,128.0,,
train,,,,,,,161.40497136116028,9.0,91.0,3843.0,1.9102487564086914,0.9999995231628418,9.999925217496358e-05,0.0001,False,128.0,128.0,,
train,,,,,,,161.4410126209259,9.0,92.0,3844.0,1.9205296039581299,0.999999463558197,0.00010000182980397908,0.0001,False,128.0,128.0,,
train,,,,,,,161.47777819633484,9.0,93.0,3845.0,1.9495835304260254,0.9999994039535522,0.00010000182126929538,0.0001,False,128.0,128.0,,
train,,,,,,,161.51828336715698,9.0,94.0,3846.0,1.9384227991104126,0.999999463558197,0.00010000052098784746,0.0001,False,128.0,128.0,,
train,,,,,,,161.55994176864624,9.0,95.0,3847.0,1.902090311050415,0.9999994039535522,9.999933771478129e-05,0.0001,False,128.0,128.0,,
train,,,,,,,161.59498739242554,9.0,96.0,3848.0,1.9284944534301758,0.999999463558197,0.00010000134048527419,0.0001,False,128.0,128.0,,
train,,,,,,,161.62698912620544,9.0,97.0,3849.0,1.92144775390625,0.9999995827674866,9.999992445246715e-05,0.0001,False,128.0,128.0,,
train,,,,,,,161.66011357307434,9.0,98.0,3850.0,1.9601047039031982,0.9999994039535522,0.00010000168902714063,0.0001,False,128.0,128.0,,
train,,,,,,,161.69412755966187,9.0,99.0,3851.0,1.9192607402801514,0.9999994039535522,0.00010000174767496519,0.0001,False,128.0,128.0,,
train,,,,,,,161.72890090942383,9.0,100.0,3852.0,1.9696929454803467,0.999999463558197,9.999967538470894e-05,0.0001,False,128.0,128.0,,
train,,,,,,,161.76473546028137,9.0,101.0,3853.0,1.9264674186706543,0.999999463558197,9.999956421886914e-05,0.0001,False,128.0,128.0,,
train,,,,,,,161.7997326850891,9.0,102.0,3854.0,1.9128062725067139,0.999999463558197,0.00010000069294126832,0.0001,False,128.0,128.0,,
train,,,,,,,161.83641600608826,9.0,103.0,3855.0,1.9421968460083008,0.9999994039535522,0.00010000116927021565,0.0001,False,128.0,128.0,,
train,,,,,,,161.88687562942505,9.0,104.0,3856.0,1.8860669136047363,0.9999994039535522,0.00010000070214824894,0.0001,False,128.0,128.0,,
train,,,,,,,161.92731046676636,9.0,105.0,3857.0,1.896191954612732,0.999999463558197,0.00010000260387247592,0.0001,False,128.0,128.0,,
train,,,,,,,161.96425795555115,9.0,106.0,3858.0,1.9130386114120483,0.9999993443489075,0.00010000044799103726,0.0001,False,128.0,128.0,,
train,,,,,,,162.0032138824463,9.0,107.0,3859.0,1.9084670543670654,0.999999463558197,9.999911072879036e-05,0.0001,False,128.0,128.0,,
train,,,,,,,162.0522117614746,9.0,108.0,3860.0,1.8892725706100464,0.9999995231628418,0.0001000001770757819,0.0001,False,128.0,128.0,,
train,,,,,,,162.10802483558655,9.0,109.0,3861.0,1.9270553588867188,0.999999463558197,9.999904014657636e-05,0.0001,False,128.0,128.0,,
train,,,,,,,162.14335751533508,9.0,110.0,3862.0,1.8949061632156372,0.9999992847442627,9.999883856957043e-05,0.0001,False,128.0,128.0,,
train,,,,,,,162.1784770488739,9.0,111.0,3863.0,1.9075589179992676,0.9999995231628418,0.00010000216849329325,0.0001,False,128.0,128.0,,
train,,,,,,,162.21279048919678,9.0,112.0,3864.0,1.8840621709823608,0.9999994039535522,9.99999981804118e-05,0.0001,False,128.0,128.0,,
train,,,,,,,162.24843335151672,9.0,113.0,3865.0,1.9029690027236938,0.999999463558197,9.999881687226222e-05,0.0001,False,128.0,128.0,,
train,,,,,,,162.2826497554779,9.0,114.0,3866.0,1.9141907691955566,0.9999993443489075,9.999909945298686e-05,0.0001,False,128.0,128.0,,
train,,,,,,,162.32149076461792,9.0,115.0,3867.0,1.9246569871902466,0.9999995231628418,0.00010000080663636086,0.0001,False,128.0,128.0,,
train,,,,,,,162.35535287857056,9.0,116.0,3868.0,1.9164175987243652,0.9999993443489075,0.00010000268314290644,0.0001,False,128.0,128.0,,
train,,,,,,,162.39026498794556,9.0,117.0,3869.0,1.8943616151809692,0.999999463558197,9.999975833074679e-05,0.0001,False,128.0,128.0,,
train,,,,,,,162.42183661460876,9.0,118.0,3870.0,1.9386895895004272,0.9999995231628418,0.00010000282660492251,0.0001,False,128.0,128.0,,
train,,,,,,,162.45784211158752,9.0,119.0,3871.0,1.9557368755340576,0.999999463558197,9.999920676822673e-05,0.0001,False,128.0,128.0,,
train,,,,,,,162.48961901664734,9.0,120.0,3872.0,1.9090943336486816,0.9999994039535522,9.999975117716332e-05,0.0001,False,128.0,128.0,,
train,,,,,,,162.52417850494385,9.0,121.0,3873.0,1.901873230934143,0.999999463558197,9.999902222670925e-05,0.0001,False,128.0,128.0,,
train,,,,,,,162.56176114082336,9.0,122.0,3874.0,1.9170325994491577,0.999999463558197,0.00010000126192067025,0.0001,False,128.0,128.0,,
train,,,,,,,162.59591221809387,9.0,123.0,3875.0,1.8861974477767944,0.9999993443489075,9.999996219790297e-05,0.0001,False,128.0,128.0,,
train,,,,,,,162.62860369682312,9.0,124.0,3876.0,1.9460055828094482,0.999999463558197,9.999890513382955e-05,0.0001,False,128.0,128.0,,
train,,,,,,,162.6660032272339,9.0,125.0,3877.0,1.9020133018493652,0.9999995231628418,9.999905284487328e-05,0.0001,False,128.0,128.0,,
train,,,,,,,162.6993477344513,9.0,126.0,3878.0,1.9657560586929321,0.9999995231628418,0.00010000036673041545,0.0001,False,128.0,128.0,,
train,,,,,,,162.73344659805298,9.0,127.0,3879.0,1.9399744272232056,0.9999994039535522,0.00010000049342323123,0.0001,False,128.0,128.0,,
train,,,,,,,162.77053213119507,9.0,128.0,3880.0,1.9117728471755981,0.9999994039535522,9.999979764400484e-05,0.0001,False,128.0,128.0,,
train,,,,,,,162.80826330184937,9.0,129.0,3881.0,1.932205319404602,0.999999463558197,0.00010000019008401568,0.0001,False,128.0,128.0,,
train,,,,,,,162.8552384376526,9.0,130.0,3882.0,1.9520701169967651,0.9999994039535522,0.00010000051260917637,0.0001,False,128.0,128.0,,
train,,,,,,,162.9034504890442,9.0,131.0,3883.0,1.9359209537506104,0.9999995231628418,0.00010000062802834458,0.0001,False,128.0,128.0,,
train,,,,,,,162.94233226776123,9.0,132.0,3884.0,1.9007892608642578,0.9999994039535522,0.00010000008392775802,0.0001,False,128.0,128.0,,
train,,,,,,,162.97583055496216,9.0,133.0,3885.0,1.8956512212753296,0.9999994039535522,9.999872120542169e-05,0.0001,False,128.0,128.0,,
train,,,,,,,163.01225399971008,9.0,134.0,3886.0,1.9431806802749634,0.9999995231628418,0.00010000095699869744,0.0001,False,128.0,128.0,,
train,,,,,,,163.04954981803894,9.0,135.0,3887.0,1.9735844135284424,0.9999994039535522,0.00010000167083670218,0.0001,False,128.0,128.0,,
train,,,,,,,163.08222126960754,9.0,136.0,3888.0,1.9314411878585815,0.9999994039535522,0.00010000001765918648,0.0001,False,128.0,128.0,,
train,,,,,,,163.1186661720276,9.0,137.0,3889.0,1.9783838987350464,0.999999463558197,0.00010000031034992495,0.0001,False,128.0,128.0,,
train,,,,,,,163.15718865394592,9.0,138.0,3890.0,1.9455450773239136,0.999999463558197,0.00010000071240906573,0.0001,False,128.0,128.0,,
train,,,,,,,163.1908688545227,9.0,139.0,3891.0,1.9230135679244995,0.999999463558197,9.999997120979443e-05,0.0001,False,128.0,128.0,,
train,,,,,,,163.22578835487366,9.0,140.0,3892.0,1.9549678564071655,0.9999994039535522,0.0001000017931065687,0.0001,False,128.0,128.0,,
train,,,,,,,163.26055550575256,9.0,141.0,3893.0,1.9224528074264526,0.9999992847442627,9.99993374719184e-05,0.0001,False,128.0,128.0,,
train,,,,,,,163.30000567436218,9.0,142.0,3894.0,1.8990687131881714,0.999999463558197,0.00010000032835196033,0.0001,False,128.0,128.0,,
train,,,,,,,163.33481001853943,9.0,143.0,3895.0,1.9191219806671143,0.999999463558197,0.00010000169670966718,0.0001,False,128.0,128.0,,
train,,,,,,,163.371337890625,9.0,144.0,3896.0,1.9313524961471558,0.999999463558197,9.999918222169183e-05,0.0001,False,128.0,128.0,,
train,,,,,,,163.4064016342163,9.0,145.0,3897.0,1.924121379852295,0.999999463558197,0.00010000198283403008,0.0001,False,128.0,128.0,,
train,,,,,,,163.43954491615295,9.0,146.0,3898.0,1.9901353120803833,0.9999993443489075,9.999989632606918e-05,0.0001,False,128.0,128.0,,
train,,,,,,,163.4752335548401,9.0,147.0,3899.0,1.9248850345611572,0.999999463558197,9.999987668464033e-05,0.0001,False,128.0,128.0,,
train,,,,,,,163.5106520652771,9.0,148.0,3900.0,1.9291467666625977,0.9999993443489075,0.00010000096980083335,0.0001,False,128.0,128.0,,
train,,,,,,,163.54717421531677,9.0,149.0,3901.0,1.898566484451294,0.9999994039535522,9.999998348947102e-05,0.0001,False,128.0,128.0,,
train,,,,,,,163.58230137825012,9.0,150.0,3902.0,1.9502644538879395,0.9999995231628418,9.999918112447024e-05,0.0001,False,128.0,128.0,,
train,,,,,,,163.6151156425476,9.0,151.0,3903.0,1.8851242065429688,0.999999463558197,9.999938594040168e-05,0.0001,False,128.0,128.0,,
train,,,,,,,163.65076875686646,9.0,152.0,3904.0,1.9371821880340576,0.9999994039535522,0.00010000015471089659,0.0001,False,128.0,128.0,,
train,,,,,,,163.68671560287476,9.0,153.0,3905.0,1.996079444885254,0.999999463558197,0.00010000021115869523,0.0001,False,128.0,128.0,,
train,,,,,,,163.72416377067566,9.0,154.0,3906.0,1.8945095539093018,0.9999992847442627,0.0001000014902938732,0.0001,False,128.0,128.0,,
train,,,,,,,163.76120233535767,9.0,155.0,3907.0,1.9344137907028198,0.9999994039535522,0.00010000105762465585,0.0001,False,128.0,128.0,,
train,,,,,,,163.79725122451782,9.0,156.0,3908.0,1.8952223062515259,0.9999992847442627,0.00010000054686544674,0.0001,False,128.0,128.0,,
train,,,,,,,163.8315451145172,9.0,157.0,3909.0,1.9438120126724243,0.9999994039535522,0.00010000005721520374,0.0001,False,128.0,128.0,,
train,,,,,,,163.86933159828186,9.0,158.0,3910.0,1.9571714401245117,0.9999995231628418,9.999997099078553e-05,0.0001,False,128.0,128.0,,
train,,,,,,,163.90371203422546,9.0,159.0,3911.0,1.956282377243042,0.999999463558197,0.00010000031685728598,0.0001,False,128.0,128.0,,
train,,,,,,,163.93955779075623,9.0,160.0,3912.0,1.9120792150497437,0.999999463558197,9.999972168244967e-05,0.0001,False,128.0,128.0,,
train,,,,,,,163.9761459827423,9.0,161.0,3913.0,1.9289772510528564,0.9999994039535522,9.999896931060661e-05,0.0001,False,128.0,128.0,,
train,,,,,,,164.01260828971863,9.0,162.0,3914.0,1.8931933641433716,0.9999994039535522,0.00010000047224235986,0.0001,False,128.0,128.0,,
train,,,,,,,164.04893827438354,9.0,163.0,3915.0,1.9324290752410889,0.999999463558197,9.999976143157245e-05,0.0001,False,128.0,128.0,,
train,,,,,,,164.0863537788391,9.0,164.0,3916.0,1.9077396392822266,0.9999993443489075,9.99990325137195e-05,0.0001,False,128.0,128.0,,
train,,,,,,,164.12950325012207,9.0,165.0,3917.0,1.9590651988983154,0.999999463558197,0.0001000006811278826,0.0001,False,128.0,128.0,,
train,,,,,,,164.16792559623718,9.0,166.0,3918.0,1.913759708404541,0.999999463558197,9.999998008073876e-05,0.0001,False,128.0,128.0,,
train,,,,,,,164.2047393321991,9.0,167.0,3919.0,1.9152214527130127,0.999999463558197,0.00010000160874329356,0.0001,False,128.0,128.0,,
train,,,,,,,164.24043488502502,9.0,168.0,3920.0,1.906686782836914,0.999999463558197,0.00010000116096532377,0.0001,False,128.0,128.0,,
train,,,,,,,164.27735686302185,9.0,169.0,3921.0,1.8652186393737793,0.9999993443489075,0.00010000013153502412,0.0001,False,128.0,128.0,,
train,,,,,,,164.31638312339783,9.0,170.0,3922.0,1.904508352279663,0.9999994039535522,9.999991931768165e-05,0.0001,False,128.0,128.0,,
train,,,,,,,164.35002088546753,9.0,171.0,3923.0,1.9224342107772827,0.9999995231628418,0.00010000026445361049,0.0001,False,128.0,128.0,,
train,,,,,,,164.3833031654358,9.0,172.0,3924.0,1.9167600870132446,0.9999993443489075,0.00010000026868198769,0.0001,False,128.0,128.0,,
train,,,,,,,164.41781997680664,9.0,173.0,3925.0,1.8767763376235962,0.9999994039535522,0.00010000109419657005,0.0001,False,128.0,128.0,,
train,,,,,,,164.45270705223083,9.0,174.0,3926.0,1.9318006038665771,0.9999995231628418,0.00010000140813855998,0.0001,False,128.0,128.0,,
train,,,,,,,164.49450182914734,9.0,175.0,3927.0,1.9003041982650757,0.9999994039535522,0.00010000060688219598,0.0001,False,128.0,128.0,,
train,,,,,,,164.52892756462097,9.0,176.0,3928.0,1.8716660737991333,0.9999994039535522,9.999900328767871e-05,0.0001,False,128.0,128.0,,
train,,,,,,,164.57027101516724,9.0,177.0,3929.0,1.9172269105911255,0.9999994039535522,0.00010000028957233683,0.0001,False,128.0,128.0,,
train,,,,,,,164.61240434646606,9.0,178.0,3930.0,1.8934367895126343,0.9999994039535522,0.00010000103015993312,0.0001,False,128.0,128.0,,
train,,,,,,,164.6518054008484,9.0,179.0,3931.0,1.8947285413742065,0.9999994039535522,9.999995675520585e-05,0.0001,False,128.0,128.0,,
train,,,,,,,164.69233679771423,9.0,180.0,3932.0,1.9010708332061768,0.9999993443489075,0.00010000272517411967,0.0001,False,128.0,128.0,,
train,,,,,,,164.7301890850067,9.0,181.0,3933.0,1.9342435598373413,0.999999463558197,9.999939526893403e-05,0.0001,False,128.0,128.0,,
train,,,,,,,164.77212047576904,9.0,182.0,3934.0,1.9321796894073486,0.9999994039535522,0.00010000001409649871,0.0001,False,128.0,128.0,,
train,,,,,,,164.809588432312,9.0,183.0,3935.0,1.9088155031204224,0.9999993443489075,9.999844178087414e-05,0.0001,False,128.0,128.0,,
train,,,,,,,164.84644865989685,9.0,184.0,3936.0,1.8895862102508545,0.999999463558197,0.0001000005251251413,0.0001,False,128.0,128.0,,
train,,,,,,,164.88164377212524,9.0,185.0,3937.0,1.9256055355072021,0.9999993443489075,0.00010000122259714595,0.0001,False,128.0,128.0,,
train,,,,,,,164.91543316841125,9.0,186.0,3938.0,1.911130666732788,0.9999994039535522,9.999760573605668e-05,0.0001,False,128.0,128.0,,
train,,,,,,,164.95325088500977,9.0,187.0,3939.0,1.8603185415267944,0.9999993443489075,0.00010000173049282796,0.0001,False,128.0,128.0,,
train,,,,,,,164.99079775810242,9.0,188.0,3940.0,1.8925377130508423,0.9999994039535522,0.000100001476310041,0.0001,False,128.0,128.0,,
train,,,,,,,165.0270597934723,9.0,189.0,3941.0,1.8973442316055298,0.999999463558197,0.00010000154616196294,0.0001,False,128.0,128.0,,
train,,,,,,,165.0633044242859,9.0,190.0,3942.0,1.9341679811477661,0.999999463558197,9.999930678445208e-05,0.0001,False,128.0,128.0,,
train,,,,,,,165.10284852981567,9.0,191.0,3943.0,1.9537736177444458,0.9999995231628418,0.0001000020440381788,0.0001,False,128.0,128.0,,
train,,,,,,,165.14878344535828,9.0,192.0,3944.0,1.863993763923645,0.9999995231628418,9.999990760828805e-05,0.0001,False,128.0,128.0,,
train,,,,,,,165.18313908576965,9.0,193.0,3945.0,1.9363114833831787,0.9999994039535522,0.00010000113344858831,0.0001,False,128.0,128.0,,
train,,,,,,,165.2176971435547,9.0,194.0,3946.0,1.8809565305709839,0.999999463558197,9.999965377865556e-05,0.0001,False,128.0,128.0,,
train,,,,,,,165.2512993812561,9.0,195.0,3947.0,1.8758423328399658,0.9999992847442627,0.00010000021170513197,0.0001,False,128.0,128.0,,
train,,,,,,,165.286066532135,9.0,196.0,3948.0,1.8595787286758423,0.9999995231628418,9.999993135233475e-05,0.0001,False,128.0,128.0,,
train,,,,,,,165.3261330127716,9.0,197.0,3949.0,1.9110615253448486,0.9999995827674866,0.0001000002909471012,0.0001,False,128.0,128.0,,
train,,,,,,,165.36158895492554,9.0,198.0,3950.0,1.908093810081482,0.9999995231628418,9.999995798469164e-05,0.0001,False,128.0,128.0,,
train,,,,,,,165.39803624153137,9.0,199.0,3951.0,1.9387751817703247,0.9999993443489075,0.00010000077099457979,0.0001,False,128.0,128.0,,
train,,,,,,,165.44256830215454,9.0,200.0,3952.0,1.911274790763855,0.9999994039535522,0.00010000132691558078,0.0001,False,128.0,128.0,,
train,,,,,,,165.48157358169556,9.0,201.0,3953.0,1.9020339250564575,0.999999463558197,9.999953362471423e-05,0.0001,False,128.0,128.0,,
train,,,,,,,165.51918482780457,9.0,202.0,3954.0,1.91921865940094,0.999999463558197,0.00010000005052351154,0.0001,False,128.0,128.0,,
train,,,,,,,165.5577688217163,9.0,203.0,3955.0,1.938389778137207,0.9999994039535522,0.00010000022194865189,0.0001,False,128.0,128.0,,
train,,,,,,,165.5962221622467,9.0,204.0,3956.0,1.8867175579071045,0.9999995231628418,0.00010000182606138159,0.0001,False,128.0,128.0,,
train,,,,,,,165.63922834396362,9.0,205.0,3957.0,1.8865433931350708,0.9999994039535522,0.00010000055816493935,0.0001,False,128.0,128.0,,
train,,,,,,,165.6741132736206,9.0,206.0,3958.0,1.9256020784378052,0.9999994039535522,0.00010000138352317746,0.0001,False,128.0,128.0,,
train,,,,,,,165.709801197052,9.0,207.0,3959.0,1.9531296491622925,0.9999995827674866,9.999932306494344e-05,0.0001,False,128.0,128.0,,
train,,,,,,,165.7474501132965,9.0,208.0,3960.0,1.9465011358261108,0.9999993443489075,0.00010000075895135419,0.0001,False,128.0,128.0,,
train,,,,,,,165.78766012191772,9.0,209.0,3961.0,1.917069673538208,0.999999463558197,0.00010000061294068077,0.0001,False,128.0,128.0,,
train,,,,,,,165.82503128051758,9.0,210.0,3962.0,1.9098389148712158,0.999999463558197,0.00010000163705785797,0.0001,False,128.0,128.0,,
train,,,,,,,165.86529898643494,9.0,211.0,3963.0,1.927866816520691,0.999999463558197,9.999925222050041e-05,0.0001,False,128.0,128.0,,
train,,,,,,,165.91020560264587,9.0,212.0,3964.0,1.933544635772705,0.9999994039535522,9.999971137599461e-05,0.0001,False,128.0,128.0,,
train,,,,,,,165.95077395439148,9.0,213.0,3965.0,1.9878520965576172,0.9999994039535522,9.999989908211392e-05,0.0001,False,128.0,128.0,,
train,,,,,,,165.98838591575623,9.0,214.0,3966.0,1.9569425582885742,0.9999993443489075,0.0001000011440953324,0.0001,False,128.0,128.0,,
train,,,,,,,166.029878616333,9.0,215.0,3967.0,1.893999695777893,0.9999993443489075,9.999933270356553e-05,0.0001,False,128.0,128.0,,
train,,,,,,,166.06821632385254,9.0,216.0,3968.0,1.8879319429397583,0.9999995231628418,9.999848984863071e-05,0.0001,False,128.0,128.0,,
train,,,,,,,166.10668516159058,9.0,217.0,3969.0,1.9222776889801025,0.9999994039535522,0.00010000091357030139,0.0001,False,128.0,128.0,,
train,,,,,,,166.15107250213623,9.0,218.0,3970.0,1.9043967723846436,0.9999994039535522,9.999954709707235e-05,0.0001,False,128.0,128.0,,
train,,,,,,,166.18951964378357,9.0,219.0,3971.0,1.9086790084838867,0.9999994039535522,0.00010000213204753669,0.0001,False,128.0,128.0,,
train,,,,,,,166.22634863853455,9.0,220.0,3972.0,1.9642035961151123,0.9999993443489075,0.00010000150637018213,0.0001,False,128.0,128.0,,
train,,,,,,,166.26246905326843,9.0,221.0,3973.0,1.9475659132003784,0.999999463558197,0.00010000001534333102,0.0001,False,128.0,128.0,,
train,,,,,,,166.2975242137909,9.0,222.0,3974.0,1.9046735763549805,0.9999994039535522,9.999992683988211e-05,0.0001,False,128.0,128.0,,
train,,,,,,,166.33477640151978,9.0,223.0,3975.0,1.9351192712783813,0.9999993443489075,0.00010000040246775001,0.0001,False,128.0,128.0,,
train,,,,,,,166.3722586631775,9.0,224.0,3976.0,1.8624171018600464,0.9999994039535522,0.00010000243795035818,0.0001,False,128.0,128.0,,
train,,,,,,,166.4106867313385,9.0,225.0,3977.0,1.8949840068817139,0.9999994039535522,0.000100000910534563,0.0001,False,128.0,128.0,,
train,,,,,,,166.4501349925995,9.0,226.0,3978.0,1.9092514514923096,0.999999463558197,9.999819545900938e-05,0.0001,False,128.0,128.0,,
train,,,,,,,166.48582434654236,9.0,227.0,3979.0,1.929344654083252,0.9999993443489075,9.999928871284336e-05,0.0001,False,128.0,128.0,,
train,,,,,,,166.5189914703369,9.0,228.0,3980.0,1.9154376983642578,0.999999463558197,0.00010000221880133887,0.0001,False,128.0,128.0,,
train,,,,,,,166.55382466316223,9.0,229.0,3981.0,1.942020058631897,0.9999993443489075,0.00010000042018354064,0.0001,False,128.0,128.0,,
train,,,,,,,166.59231448173523,9.0,230.0,3982.0,1.9187735319137573,0.9999994039535522,0.00010000013828308933,0.0001,False,128.0,128.0,,
train,,,,,,,166.63258266448975,9.0,231.0,3983.0,1.8843700885772705,0.999999463558197,0.00010000089674797276,0.0001,False,128.0,128.0,,
train,,,,,,,166.6728208065033,9.0,232.0,3984.0,1.9129456281661987,0.9999994039535522,9.999865850302017e-05,0.0001,False,128.0,128.0,,
train,,,,,,,166.71394324302673,9.0,233.0,3985.0,1.8940775394439697,0.9999995231628418,0.00010000087165108278,0.0001,False,128.0,128.0,,
train,,,,,,,166.75181674957275,9.0,234.0,3986.0,1.944815754890442,0.9999993443489075,9.999970736877173e-05,0.0001,False,128.0,128.0,,
train,,,,,,,166.79135394096375,9.0,235.0,3987.0,1.9560726881027222,0.9999994039535522,9.999905801873492e-05,0.0001,False,128.0,128.0,,
train,,,,,,,166.83581113815308,9.0,236.0,3988.0,1.902433156967163,0.9999993443489075,0.00010000010539927751,0.0001,False,128.0,128.0,,
train,,,,,,,166.87324500083923,9.0,237.0,3989.0,1.8712085485458374,0.9999994039535522,0.00010000148268722383,0.0001,False,128.0,128.0,,
train,,,,,,,166.90610098838806,9.0,238.0,3990.0,1.8770042657852173,0.9999995231628418,0.00010000166965710991,0.0001,False,128.0,128.0,,
train,,,,,,,166.94058895111084,9.0,239.0,3991.0,1.9009562730789185,0.9999994039535522,0.00010000155806414965,0.0001,False,128.0,128.0,,
train,,,,,,,166.9762978553772,9.0,240.0,3992.0,1.9031867980957031,0.999999463558197,0.0001000006660835946,0.0001,False,128.0,128.0,,
train,,,,,,,167.0095362663269,9.0,241.0,3993.0,1.9344974756240845,0.999999463558197,9.999978542285248e-05,0.0001,False,128.0,128.0,,
train,,,,,,,167.04719805717468,9.0,242.0,3994.0,1.8975735902786255,0.9999994039535522,0.00010000208639925125,0.0001,False,128.0,128.0,,
train,,,,,,,167.0872893333435,9.0,243.0,3995.0,1.9157518148422241,0.999999463558197,9.999930989830227e-05,0.0001,False,128.0,128.0,,
train,,,,,,,167.13199162483215,9.0,244.0,3996.0,1.9007705450057983,0.9999994039535522,0.00010000164287342305,0.0001,False,128.0,128.0,,
train,,,,,,,167.17273378372192,9.0,245.0,3997.0,1.915109634399414,0.9999994039535522,9.999982461466903e-05,0.0001,False,128.0,128.0,,
train,,,,,,,167.20642709732056,9.0,246.0,3998.0,1.9364402294158936,0.9999994039535522,9.999893284416823e-05,0.0001,False,128.0,128.0,,
train,,,,,,,167.2387752532959,9.0,247.0,3999.0,1.9611914157867432,0.9999994039535522,0.00010000026883811238,0.0001,False,128.0,128.0,,
train,,,,,,,167.2789273262024,9.0,248.0,4000.0,1.9117311239242554,0.9999994039535522,0.00010000029544869542,0.0001,False,128.0,128.0,,
train,,,,,,,167.31763124465942,9.0,249.0,4001.0,1.9035779237747192,0.999999463558197,9.999974113525731e-05,0.0001,False,128.0,128.0,,
train,,,,,,,167.35326075553894,9.0,250.0,4002.0,1.9034910202026367,0.999999463558197,0.00010000154143491445,0.0001,False,128.0,128.0,,
train,,,,,,,167.3912546634674,9.0,251.0,4003.0,1.938177466392517,0.9999995231628418,0.00010000053457933416,0.0001,False,128.0,128.0,,
train,,,,,,,167.4344208240509,9.0,252.0,4004.0,1.8857247829437256,0.999999463558197,9.999931495505596e-05,0.0001,False,128.0,128.0,,
train,,,,,,,167.48060870170593,9.0,253.0,4005.0,1.8519554138183594,0.9999995231628418,9.999997915049311e-05,0.0001,False,128.0,128.0,,
train,,,,,,,167.51791405677795,9.0,254.0,4006.0,1.9253861904144287,0.999999463558197,0.00010000040211213313,0.0001,False,128.0,128.0,,
train,,,,,,,167.55332565307617,9.0,255.0,4007.0,1.924706220626831,0.9999994039535522,9.999980615500876e-05,0.0001,False,128.0,128.0,,
train,,,,,,,167.589595079422,9.0,256.0,4008.0,1.9340752363204956,0.999999463558197,9.99993486219268e-05,0.0001,False,128.0,128.0,,
train,,,,,,,167.62690377235413,9.0,257.0,4009.0,1.981789469718933,0.9999995231628418,0.00010000072412270187,0.0001,False,128.0,128.0,,
train,,,,,,,167.67130732536316,9.0,258.0,4010.0,1.888792634010315,0.9999994039535522,0.00010000004220551632,0.0001,False,128.0,128.0,,
train,,,,,,,167.70943546295166,9.0,259.0,4011.0,1.9132331609725952,0.9999994039535522,9.999986483429527e-05,0.0001,False,128.0,128.0,,
train,,,,,,,167.74617505073547,9.0,260.0,4012.0,1.9326430559158325,0.999999463558197,0.00010000009708779207,0.0001,False,128.0,128.0,,
train,,,,,,,167.78199768066406,9.0,261.0,4013.0,1.9074015617370605,0.9999995231628418,9.999956415381672e-05,0.0001,False,128.0,128.0,,
train,,,,,,,167.81783866882324,9.0,262.0,4014.0,1.9169284105300903,0.999999463558197,0.00010000047665721017,0.0001,False,128.0,128.0,,
train,,,,,,,167.85303783416748,9.0,263.0,4015.0,1.8862717151641846,0.999999463558197,0.0001000008654668473,0.0001,False,128.0,128.0,,
train,,,,,,,167.89452052116394,9.0,264.0,4016.0,1.9133065938949585,0.9999994039535522,0.00010000066368535535,0.0001,False,128.0,128.0,,
train,,,,,,,167.93159532546997,9.0,265.0,4017.0,1.9020200967788696,0.9999995231628418,0.000100000600780343,0.0001,False,128.0,128.0,,
train,,,,,,,167.97045755386353,9.0,266.0,4018.0,1.8829431533813477,0.9999994039535522,9.999882839313013e-05,0.0001,False,128.0,128.0,,
train,,,,,,,168.00536847114563,9.0,267.0,4019.0,1.9284889698028564,0.9999994039535522,0.00010000216943869702,0.0001,False,128.0,128.0,,
train,,,,,,,168.04128456115723,9.0,268.0,4020.0,1.9314600229263306,0.9999995231628418,9.999907188364195e-05,0.0001,False,128.0,128.0,,
train,,,,,,,168.0773639678955,9.0,269.0,4021.0,1.9359796047210693,0.9999993443489075,0.00010000151810757736,0.0001,False,128.0,128.0,,
train,,,,,,,168.11912655830383,9.0,270.0,4022.0,1.9533894062042236,0.9999994039535522,9.999935422945679e-05,0.0001,False,128.0,128.0,,
train,,,,,,,168.16160798072815,9.0,271.0,4023.0,1.8874491453170776,0.999999463558197,9.99994191063443e-05,0.0001,False,128.0,128.0,,
train,,,,,,,168.19775128364563,9.0,272.0,4024.0,1.9084066152572632,0.9999994039535522,9.999998006772834e-05,0.0001,False,128.0,128.0,,
train,,,,,,,168.23266315460205,9.0,273.0,4025.0,1.9602500200271606,0.9999995231628418,9.999961965218402e-05,0.0001,False,128.0,128.0,,
train,,,,,,,168.2713270187378,9.0,274.0,4026.0,1.9206476211547852,0.9999994039535522,0.00010000148495100438,0.0001,False,128.0,128.0,,
train,,,,,,,168.31074953079224,9.0,275.0,4027.0,1.8979570865631104,0.9999994039535522,0.00010000006443598582,0.0001,False,128.0,128.0,,
train,,,,,,,168.34730553627014,9.0,276.0,4028.0,1.9138890504837036,0.999999463558197,0.00010000047936770264,0.0001,False,128.0,128.0,,
train,,,,,,,168.38155674934387,9.0,277.0,4029.0,1.9106818437576294,0.999999463558197,0.0001000019934720103,0.0001,False,128.0,128.0,,
train,,,,,,,168.417897939682,9.0,278.0,4030.0,1.880544662475586,0.9999994039535522,9.999940169395475e-05,0.0001,False,128.0,128.0,,
train,,,,,,,168.45362257957458,9.0,279.0,4031.0,1.887083649635315,0.9999994039535522,9.999992790890622e-05,0.0001,False,128.0,128.0,,
train,,,,,,,168.49216508865356,9.0,280.0,4032.0,1.9249569177627563,0.9999994039535522,9.99995558748125e-05,0.0001,False,128.0,128.0,,
train,,,,,,,168.52958703041077,9.0,281.0,4033.0,1.9057204723358154,0.999999463558197,9.999960064387742e-05,0.0001,False,128.0,128.0,,
train,,,,,,,168.56548857688904,9.0,282.0,4034.0,1.8920096158981323,0.9999993443489075,0.00010000014089601292,0.0001,False,128.0,128.0,,
train,,,,,,,168.60164618492126,9.0,283.0,4035.0,1.8613417148590088,0.9999995231628418,9.999977368525389e-05,0.0001,False,128.0,128.0,,
train,,,,,,,168.64083766937256,9.0,284.0,4036.0,1.9221062660217285,0.9999993443489075,9.999941851436648e-05,0.0001,False,128.0,128.0,,
train,,,,,,,168.67925453186035,9.0,285.0,4037.0,1.9204825162887573,0.9999995231628418,9.999928801894904e-05,0.0001,False,128.0,128.0,,
train,,,,,,,168.7137167453766,9.0,286.0,4038.0,1.9313703775405884,0.9999995231628418,9.999930518415857e-05,0.0001,False,128.0,128.0,,
train,,,,,,,168.74919843673706,9.0,287.0,4039.0,1.8641877174377441,0.9999994039535522,9.999838816839535e-05,0.0001,False,128.0,128.0,,
train,,,,,,,168.78584241867065,9.0,288.0,4040.0,1.8953158855438232,0.999999463558197,0.0001000007762637616,0.0001,False,128.0,128.0,,
train,,,,,,,168.81986713409424,9.0,289.0,4041.0,1.846673607826233,0.9999994039535522,9.999978104266621e-05,0.0001,False,128.0,128.0,,
train,,,,,,,168.85773849487305,9.0,290.0,4042.0,1.9035704135894775,0.999999463558197,0.00010000095381984704,0.0001,False,128.0,128.0,,
train,,,,,,,168.89435505867004,9.0,291.0,4043.0,1.9106481075286865,0.999999463558197,0.00010000198900952301,0.0001,False,128.0,128.0,,
train,,,,,,,168.93182468414307,9.0,292.0,4044.0,1.9090070724487305,0.9999993443489075,0.00010000154640265211,0.0001,False,128.0,128.0,,
train,,,,,,,168.97127079963684,9.0,293.0,4045.0,1.9303456544876099,0.9999994039535522,9.999956185529808e-05,0.0001,False,128.0,128.0,,
train,,,,,,,169.01046538352966,9.0,294.0,4046.0,1.9558324813842773,0.9999994039535522,9.99994230593683e-05,0.0001,False,128.0,128.0,,
train,,,,,,,169.04455375671387,9.0,295.0,4047.0,1.9030934572219849,0.9999993443489075,0.00010000258728027653,0.0001,False,128.0,128.0,,
train,,,,,,,169.08278608322144,9.0,296.0,4048.0,1.866819143295288,0.9999994039535522,0.00010000047320512683,0.0001,False,128.0,128.0,,
train,,,,,,,169.12241172790527,9.0,297.0,4049.0,1.9364420175552368,0.999999463558197,9.999966350181384e-05,0.0001,False,128.0,128.0,,
train,,,,,,,169.16005039215088,9.0,298.0,4050.0,1.9129811525344849,0.9999994039535522,0.00010000116886039203,0.0001,False,128.0,128.0,,
train,,,,,,,169.19958424568176,9.0,299.0,4051.0,1.904056191444397,0.9999993443489075,0.00010000011104362791,0.0001,False,128.0,128.0,,
train,,,,,,,169.23892426490784,9.0,300.0,4052.0,1.8877943754196167,0.9999994039535522,0.00010000026660899868,0.0001,False,128.0,128.0,,
train,,,,,,,169.2740936279297,9.0,301.0,4053.0,1.8806766271591187,0.9999993443489075,0.00010000085394621405,0.0001,False,128.0,128.0,,
train,,,,,,,169.31760048866272,9.0,302.0,4054.0,1.9103295803070068,0.999999463558197,0.0001000007479923212,0.0001,False,128.0,128.0,,
train,,,,,,,169.3533980846405,9.0,303.0,4055.0,1.853927731513977,0.9999994039535522,0.00010000080891099865,0.0001,False,128.0,128.0,,
train,,,,,,,169.39080142974854,9.0,304.0,4056.0,1.8801517486572266,0.999999463558197,0.00010000107873601504,0.0001,False,128.0,128.0,,
train,,,,,,,169.42617416381836,9.0,305.0,4057.0,1.9332185983657837,0.9999994039535522,0.000100001365642761,0.0001,False,128.0,128.0,,
train,,,,,,,169.46073651313782,9.0,306.0,4058.0,1.908636450767517,0.9999993443489075,0.00010000033453406063,0.0001,False,128.0,128.0,,
train,,,,,,,169.49692058563232,9.0,307.0,4059.0,1.8674767017364502,0.9999994039535522,9.999955423982835e-05,0.0001,False,128.0,128.0,,
train,,,,,,,169.53464365005493,9.0,308.0,4060.0,1.864471197128296,0.999999463558197,9.999760818207531e-05,0.0001,False,128.0,128.0,,
train,,,,,,,169.5721733570099,9.0,309.0,4061.0,1.8879156112670898,0.9999993443489075,0.00010000135452767151,0.0001,False,128.0,128.0,,
train,,,,,,,169.6104805469513,9.0,310.0,4062.0,1.8717180490493774,0.9999994039535522,9.99994158103505e-05,0.0001,False,128.0,128.0,,
train,,,,,,,169.6505913734436,9.0,311.0,4063.0,1.9032846689224243,0.999999463558197,9.999859133360354e-05,0.0001,False,128.0,128.0,,
train,,,,,,,169.6953182220459,9.0,312.0,4064.0,1.8779394626617432,0.9999994039535522,0.0001000009355924123,0.0001,False,128.0,128.0,,
train,,,,,,,169.748699426651,9.0,313.0,4065.0,1.8938370943069458,0.999999463558197,9.999999230620414e-05,0.0001,False,128.0,128.0,,
train,,,,,,,169.7866804599762,9.0,314.0,4066.0,1.904152750968933,0.999999463558197,9.999933536855223e-05,0.0001,False,128.0,128.0,,
train,,,,,,,169.83206582069397,9.0,315.0,4067.0,1.929322600364685,0.9999993443489075,0.00010000001244200641,0.0001,False,128.0,128.0,,
train,,,,,,,169.89157605171204,9.0,316.0,4068.0,1.8786671161651611,0.9999994039535522,9.999910384187668e-05,0.0001,False,128.0,128.0,,
train,,,,,,,169.93816947937012,9.0,317.0,4069.0,1.8740648031234741,0.999999463558197,0.00010000044979514157,0.0001,False,128.0,128.0,,
train,,,,,,,169.97508883476257,9.0,318.0,4070.0,1.8396800756454468,0.9999994039535522,9.999932531142552e-05,0.0001,False,128.0,128.0,,
train,,,,,,,170.00880408287048,9.0,319.0,4071.0,1.8965914249420166,0.999999463558197,0.00010000085593679222,0.0001,False,128.0,128.0,,
train,,,,,,,170.04327869415283,9.0,320.0,4072.0,1.8775699138641357,0.9999993443489075,0.00010000180693640267,0.0001,False,128.0,128.0,,
train,,,,,,,170.0793001651764,9.0,321.0,4073.0,1.9004584550857544,0.9999994039535522,0.00010000023241334748,0.0001,False,128.0,128.0,,
train,,,,,,,170.1204023361206,9.0,322.0,4074.0,1.9625358581542969,0.9999994039535522,9.999935377625736e-05,0.0001,False,128.0,128.0,,
train,,,,,,,170.16439485549927,9.0,323.0,4075.0,1.9057362079620361,0.9999993443489075,0.00010000004235296776,0.0001,False,128.0,128.0,,
train,,,,,,,170.19734382629395,9.0,324.0,4076.0,1.8498859405517578,0.9999994039535522,0.00010000087695061666,0.0001,False,128.0,128.0,,
train,,,,,,,170.2318925857544,9.0,325.0,4077.0,1.9390209913253784,0.999999463558197,0.00010000081992206624,0.0001,False,128.0,128.0,,
train,,,,,,,170.26879382133484,9.0,326.0,4078.0,1.8898881673812866,0.9999994039535522,0.00010000009469387597,0.0001,False,128.0,128.0,,
train,,,,,,,170.30995845794678,9.0,327.0,4079.0,1.8725279569625854,0.9999994039535522,0.00010000216295097176,0.0001,False,128.0,128.0,,
train,,,,,,,170.34495425224304,9.0,328.0,4080.0,1.9189995527267456,0.999999463558197,0.00010000025034600813,0.0001,False,128.0,128.0,,
train,,,,,,,170.3789255619049,9.0,329.0,4081.0,1.8775835037231445,0.9999993443489075,0.00010000367941928285,0.0001,False,128.0,128.0,,
train,,,,,,,170.4133381843567,9.0,330.0,4082.0,1.9373037815093994,0.999999463558197,0.00010000091729124919,0.0001,False,128.0,128.0,,
train,,,,,,,170.45207858085632,9.0,331.0,4083.0,1.9081493616104126,0.999999463558197,0.00010000097078527937,0.0001,False,128.0,128.0,,
train,,,,,,,170.49231243133545,9.0,332.0,4084.0,1.9331779479980469,0.9999994039535522,0.00010000003995037672,0.0001,False,128.0,128.0,,
train,,,,,,,170.5289967060089,9.0,333.0,4085.0,1.892285704612732,0.9999994039535522,0.00010000032172533819,0.0001,False,128.0,128.0,,
train,,,,,,,170.56421780586243,9.0,334.0,4086.0,1.9108049869537354,0.9999995231628418,9.999927310238823e-05,0.0001,False,128.0,128.0,,
train,,,,,,,170.59846997261047,9.0,335.0,4087.0,1.9035097360610962,0.9999993443489075,0.0001000010064942091,0.0001,False,128.0,128.0,,
train,,,,,,,170.6329209804535,9.0,336.0,4088.0,1.9292762279510498,0.9999995231628418,0.00010000029975513363,0.0001,False,128.0,128.0,,
train,,,,,,,170.6693308353424,9.0,337.0,4089.0,1.9688845872879028,0.9999994039535522,9.999968911075205e-05,0.0001,False,128.0,128.0,,
train,,,,,,,170.7049584388733,9.0,338.0,4090.0,1.9055719375610352,0.999999463558197,9.999974241461916e-05,0.0001,False,128.0,128.0,,
train,,,,,,,170.74057269096375,9.0,339.0,4091.0,1.9184584617614746,0.9999994039535522,0.00010000013818551127,0.0001,False,128.0,128.0,,
train,,,,,,,170.77810096740723,9.0,340.0,4092.0,1.9128602743148804,0.9999993443489075,9.999754808979875e-05,0.0001,False,128.0,128.0,,
train,,,,,,,170.8139009475708,9.0,341.0,4093.0,1.8495498895645142,0.9999993443489075,0.00010000196883508823,0.0001,False,128.0,128.0,,
train,,,,,,,170.8505277633667,9.0,342.0,4094.0,1.9014726877212524,0.999999463558197,0.0001000008539245302,0.0001,False,128.0,128.0,,
train,,,,,,,170.884681224823,9.0,343.0,4095.0,1.9045277833938599,0.999999463558197,9.999930805297742e-05,0.0001,False,128.0,128.0,,
train,,,,,,,170.94496417045593,9.0,344.0,4096.0,1.909865379333496,0.9999995231628418,0.00010000011203675599,0.0001,False,128.0,128.0,,
train,,,,,,,170.9773850440979,9.0,345.0,4097.0,1.9250173568725586,0.9999993443489075,0.00010000131856299772,0.0001,False,128.0,128.0,,
train,,,,,,,171.0111961364746,9.0,346.0,4098.0,1.9016883373260498,0.9999994039535522,0.00010000007753747556,0.0001,False,128.0,128.0,,
train,,,,,,,171.04983353614807,9.0,347.0,4099.0,1.8910460472106934,0.999999463558197,0.00010000031723675553,0.0001,False,128.0,128.0,,
train,,,,,,,171.08544039726257,9.0,348.0,4100.0,1.901990294456482,0.9999995827674866,9.999962095756838e-05,0.0001,False,128.0,128.0,,
train,,,,,,,171.12296152114868,9.0,349.0,4101.0,1.8909820318222046,0.999999463558197,9.999882042848734e-05,0.0001,False,128.0,128.0,,
train,,,,,,,171.161030292511,9.0,350.0,4102.0,1.877937912940979,0.9999993443489075,0.00010000057405708483,0.0001,False,128.0,128.0,,
train,,,,,,,171.19579005241394,9.0,351.0,4103.0,1.903998851776123,0.9999994039535522,9.999775000334782e-05,0.0001,False,128.0,128.0,,
train,,,,,,,171.23500156402588,9.0,352.0,4104.0,1.8911256790161133,0.9999994039535522,0.00010000137605095918,0.0001,False,128.0,128.0,,
train,,,,,,,171.27633786201477,9.0,353.0,4105.0,1.9416767358779907,0.9999994039535522,9.999934474913133e-05,0.0001,False,128.0,128.0,,
train,,,,,,,171.31777048110962,9.0,354.0,4106.0,1.9348315000534058,0.9999994039535522,9.999979102168435e-05,0.0001,False,128.0,128.0,,
train,,,,,,,171.35771417617798,9.0,355.0,4107.0,1.849341869354248,0.9999993443489075,0.000100000615304227,0.0001,False,128.0,128.0,,
train,,,,,,,171.39477396011353,9.0,356.0,4108.0,1.9228042364120483,0.9999995827674866,9.999899438412134e-05,0.0001,False,128.0,128.0,,
train,,,,,,,171.43555116653442,9.0,357.0,4109.0,1.8513426780700684,0.9999994039535522,9.999943608721593e-05,0.0001,False,128.0,128.0,,
train,,,,,,,171.4727394580841,9.0,358.0,4110.0,1.8943893909454346,0.999999463558197,0.00010000099943395536,0.0001,False,128.0,128.0,,
train,,,,,,,171.50966262817383,9.0,359.0,4111.0,1.9042941331863403,0.9999994039535522,0.00010000055644540429,0.0001,False,128.0,128.0,,
train,,,,,,,171.54425525665283,9.0,360.0,4112.0,1.9192607402801514,0.999999463558197,9.999829232983784e-05,0.0001,False,128.0,128.0,,
train,,,,,,,171.58030700683594,9.0,361.0,4113.0,1.8797656297683716,0.999999463558197,0.00010000120154002659,0.0001,False,128.0,128.0,,
train,,,,,,,171.6174190044403,9.0,362.0,4114.0,1.900060772895813,0.999999463558197,0.00010000169437650366,0.0001,False,128.0,128.0,,
train,,,,,,,171.65721440315247,9.0,363.0,4115.0,1.9168933629989624,0.9999994039535522,9.999958108912703e-05,0.0001,False,128.0,128.0,,
train,,,,,,,171.69292545318604,9.0,364.0,4116.0,1.9042972326278687,0.9999993443489075,0.00010000163274280388,0.0001,False,128.0,128.0,,
train,,,,,,,171.7301745414734,9.0,365.0,4117.0,1.8607372045516968,0.9999994039535522,0.00010000041755544559,0.0001,False,128.0,128.0,,
train,,,,,,,171.7708399295807,9.0,366.0,4118.0,1.9114100933074951,0.9999995231628418,0.00010000044024986811,0.0001,False,128.0,128.0,,
train,,,,,,,171.81140995025635,9.0,367.0,4119.0,1.8614728450775146,0.999999463558197,9.99991674764206e-05,0.0001,False,128.0,128.0,,
train,,,,,,,171.85132265090942,9.0,368.0,4120.0,1.8712466955184937,0.999999463558197,9.999885573485712e-05,0.0001,False,128.0,128.0,,
train,,,,,,,171.88436722755432,9.0,369.0,4121.0,1.9206702709197998,0.9999994039535522,9.999925509582604e-05,0.0001,False,128.0,128.0,,
train,,,,,,,171.92231011390686,9.0,370.0,4122.0,1.9367610216140747,0.9999994039535522,9.999952829908818e-05,0.0001,False,128.0,128.0,,
train,,,,,,,171.95820927619934,9.0,371.0,4123.0,1.8734190464019775,0.9999994039535522,0.00010000063754757942,0.0001,False,128.0,128.0,,
train,,,,,,,171.99330806732178,9.0,372.0,4124.0,1.9348297119140625,0.999999463558197,9.999904289180257e-05,0.0001,False,128.0,128.0,,
train,,,,,,,172.03035759925842,9.0,373.0,4125.0,1.8962817192077637,0.9999994039535522,9.999936347125536e-05,0.0001,False,128.0,128.0,,
train,,,,,,,172.07000279426575,9.0,374.0,4126.0,1.8935824632644653,0.9999994039535522,0.000100000202090447,0.0001,False,128.0,128.0,,
train,,,,,,,172.12308835983276,9.0,375.0,4127.0,1.8619492053985596,0.999999463558197,0.00010000352265579904,0.0001,False,128.0,128.0,,
train,,,,,,,172.16139721870422,9.0,376.0,4128.0,1.9012988805770874,0.999999463558197,0.0001000011728090101,0.0001,False,128.0,128.0,,
train,,,,,,,172.19574093818665,9.0,377.0,4129.0,1.922950267791748,0.999999463558197,0.00010000119737240342,0.0001,False,128.0,128.0,,
train,,,,,,,172.23853731155396,9.0,378.0,4130.0,1.8766505718231201,0.9999994039535522,9.999996184878973e-05,0.0001,False,128.0,128.0,,
train,,,,,,,172.27882981300354,9.0,379.0,4131.0,1.8480592966079712,0.999999463558197,0.00010000073143884488,0.0001,False,128.0,128.0,,
train,,,,,,,172.31649708747864,9.0,380.0,4132.0,1.9154372215270996,0.999999463558197,0.00010000132861558721,0.0001,False,128.0,128.0,,
train,,,,,,,172.35189485549927,9.0,381.0,4133.0,1.9269522428512573,0.9999994039535522,0.00010000024460842444,0.0001,False,128.0,128.0,,
train,,,,,,,172.3879108428955,9.0,382.0,4134.0,1.9375050067901611,0.999999463558197,0.00010000070570007026,0.0001,False,128.0,128.0,,
train,,,,,,,172.42236232757568,9.0,383.0,4135.0,1.9032597541809082,0.9999995231628418,0.0001000019002324387,0.0001,False,128.0,128.0,,
train,,,,,,,172.4574840068817,9.0,384.0,4136.0,1.9319953918457031,0.9999994039535522,0.00010000065101762043,0.0001,False,128.0,128.0,,
train,,,,,,,172.49682712554932,9.0,385.0,4137.0,1.8973150253295898,0.9999994039535522,9.99997180677095e-05,0.0001,False,128.0,128.0,,
train,,,,,,,172.53215503692627,9.0,386.0,4138.0,1.9041529893875122,0.999999463558197,9.999986719352236e-05,0.0001,False,128.0,128.0,,
train,,,,,,,172.5701756477356,9.0,387.0,4139.0,1.9245822429656982,0.9999993443489075,0.00010000061029307526,0.0001,False,128.0,128.0,,
train,,,,,,,172.60775756835938,9.0,388.0,4140.0,1.89579439163208,0.9999994039535522,0.00010000128679411952,0.0001,False,128.0,128.0,,
train,,,,,,,172.64912629127502,9.0,389.0,4141.0,1.900343894958496,0.9999995231628418,0.00010000085958835382,0.0001,False,128.0,128.0,,
train,,,,,,,172.68464636802673,9.0,390.0,4142.0,1.9023833274841309,0.999999463558197,9.99994695935832e-05,0.0001,False,128.0,128.0,,
train,,,,,,,172.72207713127136,9.0,391.0,4143.0,1.885936975479126,0.9999995827674866,0.00010000032283122084,0.0001,False,128.0,128.0,,
train,,,,,,,172.75978326797485,9.0,392.0,4144.0,1.8839620351791382,0.9999994039535522,0.00010000113234271462,0.0001,False,128.0,128.0,,
train,,,,,,,172.80428290367126,9.0,393.0,4145.0,1.8881173133850098,0.999999463558197,0.00010000035336658758,0.0001,False,128.0,128.0,,
train,,,,,,,172.83946204185486,9.0,394.0,4146.0,1.8917295932769775,0.999999463558197,9.999909591845588e-05,0.0001,False,128.0,128.0,,
train,,,,,,,172.87291598320007,9.0,395.0,4147.0,1.9191557168960571,0.9999994039535522,9.999962142811391e-05,0.0001,False,128.0,128.0,,
train,,,,,,,172.91143584251404,9.0,396.0,4148.0,1.928122639656067,0.9999994039535522,9.999968816532482e-05,0.0001,False,128.0,128.0,,
train,,,,,,,172.9478316307068,9.0,397.0,4149.0,1.9272648096084595,0.9999993443489075,9.999907492810985e-05,0.0001,False,128.0,128.0,,
train,,,,,,,172.98186874389648,9.0,398.0,4150.0,1.9063156843185425,0.9999994039535522,0.0001000010308017742,0.0001,False,128.0,128.0,,
train,,,,,,,173.01649594306946,9.0,399.0,4151.0,1.905307650566101,0.999999463558197,0.00010000179806345203,0.0001,False,128.0,128.0,,
train,,,,,,,173.05407905578613,9.0,400.0,4152.0,1.8454492092132568,0.999999463558197,0.00010000117416641529,0.0001,False,128.0,128.0,,
train,,,,,,,173.0885260105133,9.0,401.0,4153.0,1.9007227420806885,0.999999463558197,0.00010000160179150082,0.0001,False,128.0,128.0,,
train,,,,,,,173.1314549446106,9.0,402.0,4154.0,1.8912198543548584,0.9999994039535522,0.0001000002406879589,0.0001,False,128.0,128.0,,
train,,,,,,,173.16802144050598,9.0,403.0,4155.0,1.8622115850448608,0.9999995231628418,9.999956318670416e-05,0.0001,False,128.0,128.0,,
train,,,,,,,173.20851707458496,9.0,404.0,4156.0,1.8927481174468994,0.999999463558197,9.99998563384752e-05,0.0001,False,128.0,128.0,,
train,,,,,,,173.2485430240631,9.0,405.0,4157.0,1.9178904294967651,0.9999994039535522,9.999894797111723e-05,0.0001,False,128.0,128.0,,
train,,,,,,,173.28736090660095,9.0,406.0,4158.0,1.894027590751648,0.999999463558197,9.999973689167892e-05,0.0001,False,128.0,128.0,,
train,,,,,,,173.32782077789307,9.0,407.0,4159.0,1.9023659229278564,0.9999994039535522,9.999912291966726e-05,0.0001,False,128.0,128.0,,
train,,,,,,,173.3656919002533,9.0,408.0,4160.0,1.8755546808242798,0.999999463558197,9.999904892436101e-05,0.0001,False,128.0,128.0,,
train,,,,,,,173.40191650390625,9.0,409.0,4161.0,1.9128825664520264,0.999999463558197,0.00010000023930452024,0.0001,False,128.0,128.0,,
train,,,,,,,173.43961358070374,9.0,410.0,4162.0,1.8894100189208984,0.9999994039535522,9.999955996010436e-05,0.0001,False,128.0,128.0,,
train,,,,,,,173.4820432662964,9.0,411.0,4163.0,1.887089729309082,0.9999995827674866,9.999904399119409e-05,0.0001,False,128.0,128.0,,
train,,,,,,,173.51919293403625,9.0,412.0,4164.0,1.8776332139968872,0.9999994039535522,9.999815113601492e-05,0.0001,False,128.0,128.0,,
train,,,,,,,173.55415844917297,9.0,413.0,4165.0,1.8935725688934326,0.999999463558197,9.999891104279592e-05,0.0001,False,128.0,128.0,,
train,,,,,,,173.5887529850006,9.0,414.0,4166.0,1.94706392288208,0.9999993443489075,9.999859475322531e-05,0.0001,False,128.0,128.0,,
train,,,,,,,173.63063263893127,9.0,415.0,4167.0,1.932672142982483,0.999999463558197,0.00010000011392760245,0.0001,False,128.0,128.0,,
train,,,,,,,173.66976284980774,9.0,416.0,4168.0,1.8753111362457275,0.9999994039535522,0.00010000086852860768,0.0001,False,128.0,128.0,,
train,,,,,,,173.7091896533966,9.0,417.0,4169.0,1.8532696962356567,0.999999463558197,0.00010000141707659644,0.0001,False,128.0,128.0,,
train,,,,,,,173.74456524848938,9.0,418.0,4170.0,1.8916963338851929,0.999999463558197,0.0001000018777638573,0.0001,False,128.0,128.0,,
train,,,,,,,173.794415473938,9.0,419.0,4171.0,1.9156343936920166,0.9999994039535522,9.999880554872011e-05,0.0001,False,128.0,128.0,,
train,,,,,,,173.83604168891907,9.0,420.0,4172.0,1.9557974338531494,0.9999993443489075,0.00010000046875124529,0.0001,False,128.0,128.0,,
train,,,,,,,173.88600635528564,9.0,421.0,4173.0,1.8979426622390747,0.9999993443489075,0.00010000014597657702,0.0001,False,128.0,128.0,,
train,,,,,,,173.92926263809204,9.0,422.0,4174.0,1.8789558410644531,0.9999994039535522,0.00010000098234709843,0.0001,False,128.0,128.0,,
train,,,,,,,173.96388840675354,9.0,423.0,4175.0,1.9535671472549438,0.999999463558197,0.00010000021098088645,0.0001,False,128.0,128.0,,
train,,,,,,,174.00341963768005,9.0,424.0,4176.0,1.8631852865219116,0.999999463558197,0.00010000237496406451,0.0001,False,128.0,128.0,,
train,,,,,,,174.03968286514282,9.0,425.0,4177.0,1.9233126640319824,0.999999463558197,0.00010000011602444704,0.0001,False,128.0,128.0,,
train,,,,,,,174.08066582679749,9.0,426.0,4178.0,1.9459749460220337,0.9999994039535522,0.00010000082757213375,0.0001,False,128.0,128.0,,
train,,,,,,,174.1275758743286,9.0,427.0,4179.0,1.890297770500183,0.9999994039535522,9.999918161670207e-05,0.0001,False,128.0,128.0,,
train,,,,,,,174.1645450592041,9.0,428.0,4180.0,1.8293020725250244,0.9999993443489075,0.00010000126555053326,0.0001,False,128.0,128.0,,
train,,,,,,,174.20485019683838,9.0,429.0,4181.0,1.8845610618591309,0.9999995231628418,0.0001000006203825986,0.0001,False,128.0,128.0,,
train,,,,,,,174.244238615036,9.0,430.0,4182.0,1.899298071861267,0.999999463558197,0.00010000133661038749,0.0001,False,128.0,128.0,,
train,,,,,,,174.28091859817505,9.0,431.0,4183.0,1.9236992597579956,0.9999994039535522,0.00010000131100837631,0.0001,False,128.0,128.0,,
train,,,,,,,174.32134628295898,9.0,432.0,4184.0,1.9172492027282715,0.9999993443489075,0.00010000059826934583,0.0001,False,128.0,128.0,,
train,,,,,,,174.35574316978455,9.0,433.0,4185.0,1.8790804147720337,0.999999463558197,9.9999843494997e-05,0.0001,False,128.0,128.0,,
train,,,,,,,174.39144897460938,9.0,434.0,4186.0,1.8618749380111694,0.999999463558197,9.999972681507692e-05,0.0001,False,128.0,128.0,,
train,,,,,,,174.43143248558044,9.0,435.0,4187.0,1.9274382591247559,0.9999994039535522,0.00010000103303087085,0.0001,False,128.0,128.0,,
train,,,,,,,174.48043942451477,9.0,436.0,4188.0,1.9361310005187988,0.999999463558197,9.999880043989832e-05,0.0001,False,128.0,128.0,,
train,,,,,,,174.52481341362,9.0,437.0,4189.0,1.8882179260253906,0.9999993443489075,0.00010000163973362509,0.0001,False,128.0,128.0,,
train,,,,,,,174.56757044792175,9.0,438.0,4190.0,1.924415111541748,0.999999463558197,0.00010000035547426914,0.0001,False,128.0,128.0,,
train,,,,,,,174.60753846168518,9.0,439.0,4191.0,1.9504586458206177,0.999999463558197,9.999994251095054e-05,0.0001,False,128.0,128.0,,
train,,,,,,,174.6435420513153,9.0,440.0,4192.0,1.889102816581726,0.9999995231628418,9.99989720580032e-05,0.0001,False,128.0,128.0,,
train,,,,,,,174.68191385269165,9.0,441.0,4193.0,1.8781394958496094,0.999999463558197,9.999996582130793e-05,0.0001,False,128.0,128.0,,
train,,,,,,,174.7283501625061,9.0,442.0,4194.0,1.9339935779571533,0.999999463558197,0.00010000082125345559,0.0001,False,128.0,128.0,,
train,,,,,,,174.7712013721466,9.0,443.0,4195.0,1.8608510494232178,0.999999463558197,9.999972992024037e-05,0.0001,False,128.0,128.0,,
train,,,,,,,174.8159556388855,9.0,444.0,4196.0,1.8953555822372437,0.9999994039535522,0.00010000328202531392,0.0001,False,128.0,128.0,,
train,,,,,,,174.85648036003113,9.0,445.0,4197.0,1.920816421508789,0.999999463558197,0.00010000175918899037,0.0001,False,128.0,128.0,,
train,,,,,,,174.8937017917633,9.0,446.0,4198.0,1.8720883131027222,0.999999463558197,0.00010000187354638996,0.0001,False,128.0,128.0,,
train,,,,,,,174.93429231643677,9.0,447.0,4199.0,1.8681597709655762,0.999999463558197,9.999977891762528e-05,0.0001,False,128.0,128.0,,
train,,,,,,,174.97647142410278,9.0,448.0,4200.0,1.8720641136169434,0.999999463558197,0.00010000126367705559,0.0001,False,128.0,128.0,,
train,,,,,,,175.01567602157593,9.0,449.0,4201.0,1.9119105339050293,0.9999995231628418,9.999998379738448e-05,0.0001,False,128.0,128.0,,
train,,,,,,,175.06202578544617,9.0,450.0,4202.0,1.8770291805267334,0.9999994039535522,0.00010000137857494707,0.0001,False,128.0,128.0,,
train,,,,,,,175.11309599876404,9.0,451.0,4203.0,1.8220787048339844,0.9999994039535522,0.00010000025551330262,0.0001,False,128.0,128.0,,
train,,,,,,,175.15721726417542,9.0,452.0,4204.0,1.9095425605773926,0.999999463558197,9.999993924966848e-05,0.0001,False,128.0,128.0,,
train,,,,,,,175.19396042823792,9.0,453.0,4205.0,1.88037109375,0.999999463558197,0.00010000003904832088,0.0001,False,128.0,128.0,,
train,,,,,,,175.22778987884521,9.0,454.0,4206.0,1.9142520427703857,0.999999463558197,9.999979353703863e-05,0.0001,False,128.0,128.0,,
train,,,,,,,175.26261711120605,9.0,455.0,4207.0,1.8783659934997559,0.9999994039535522,0.0001000003443980985,0.0001,False,128.0,128.0,,
train,,,,,,,175.29860377311707,9.0,456.0,4208.0,1.86833655834198,0.999999463558197,0.00010000114794637438,0.0001,False,128.0,128.0,,
train,,,,,,,175.3352756500244,9.0,457.0,4209.0,1.9302085638046265,0.9999995231628418,0.00010000076396033009,0.0001,False,128.0,128.0,,
train,,,,,,,175.3788080215454,9.0,458.0,4210.0,1.8734915256500244,0.9999994039535522,0.00010000096587172271,0.0001,False,128.0,128.0,,
train,,,,,,,175.41862273216248,9.0,459.0,4211.0,1.8550872802734375,0.999999463558197,9.999909242295642e-05,0.0001,False,128.0,128.0,,
train,,,,,,,175.45726323127747,9.0,460.0,4212.0,1.8595749139785767,0.9999994039535522,0.00010000042716143626,0.0001,False,128.0,128.0,,
train,,,,,,,175.50186896324158,9.0,461.0,4213.0,1.8436884880065918,0.9999995231628418,0.00010000075136633308,0.0001,False,128.0,128.0,,
train,,,,,,,175.5380516052246,9.0,462.0,4214.0,1.927542805671692,0.999999463558197,9.99992503534903e-05,0.0001,False,128.0,128.0,,
train,,,,,,,175.57665038108826,9.0,463.0,4215.0,1.8764746189117432,0.999999463558197,0.0001000004797016353,0.0001,False,128.0,128.0,,
train,,,,,,,175.6128695011139,9.0,464.0,4216.0,1.94668710231781,0.999999463558197,9.999909994305065e-05,0.0001,False,128.0,128.0,,
train,,,,,,,175.65094089508057,9.0,465.0,4217.0,1.9429121017456055,0.9999994039535522,9.999950370275865e-05,0.0001,False,128.0,128.0,,
train,,,,,,,175.68771076202393,9.0,466.0,4218.0,1.9200439453125,0.9999994039535522,9.999998282593918e-05,0.0001,False,128.0,128.0,,
train,,,,,,,175.7286081314087,9.0,467.0,4219.0,1.8189408779144287,0.9999993443489075,9.999978289882437e-05,0.0001,False,128.0,128.0,,
train,,,,,,,175.7678153514862,9.0,468.0,4220.0,1.8768929243087769,0.9999994039535522,0.00010000065386254837,0.0001,False,128.0,128.0,,
train,,,,,,,175.80343747138977,9.0,469.0,4221.0,1.8945211172103882,0.999999463558197,0.0001000001521651938,0.0001,False,128.0,128.0,,
eval,,,,,,,177.97106194496155,9.0,,4221.0,,,,,False,128.0,128.0,1.8833752695083619,0.6117
train,,,,,,,178.0145969390869,10.0,1.0,4222.0,1.884748101234436,0.999999463558197,9.999832467647258e-05,0.0001,False,128.0,128.0,,
train,,,,,,,178.05156207084656,10.0,2.0,4223.0,1.8885931968688965,0.999999463558197,0.00010000064758289024,0.0001,False,128.0,128.0,,
train,,,,,,,178.08553504943848,10.0,3.0,4224.0,1.9111465215682983,0.999999463558197,0.00010000013124879512,0.0001,False,128.0,128.0,,
train,,,,,,,178.125648021698,10.0,4.0,4225.0,1.8341835737228394,0.999999463558197,0.00010000020622124885,0.0001,False,128.0,128.0,,
train,,,,,,,178.17305827140808,10.0,5.0,4226.0,1.8839386701583862,0.999999463558197,0.00010000062837095032,0.0001,False,128.0,128.0,,
train,,,,,,,178.21311783790588,10.0,6.0,4227.0,1.826880931854248,0.9999995231628418,9.999949557987533e-05,0.0001,False,128.0,128.0,,
train,,,,,,,178.2486710548401,10.0,7.0,4228.0,1.9151880741119385,0.9999994039535522,0.00010000112251995369,0.0001,False,128.0,128.0,,
train,,,,,,,178.2898714542389,10.0,8.0,4229.0,1.841092824935913,0.9999994039535522,0.000100000217217204,0.0001,False,128.0,128.0,,
train,,,,,,,178.32663226127625,10.0,9.0,4230.0,1.8809480667114258,0.999999463558197,0.00010000079954790399,0.0001,False,128.0,128.0,,
train,,,,,,,178.3638620376587,10.0,10.0,4231.0,1.9401004314422607,0.999999463558197,0.00010000073352483459,0.0001,False,128.0,128.0,,
train,,,,,,,178.40133261680603,10.0,11.0,4232.0,1.8824659585952759,0.999999463558197,0.00010000076088989294,0.0001,False,128.0,128.0,,
train,,,,,,,178.4369010925293,10.0,12.0,4233.0,1.8836344480514526,0.9999994039535522,9.99996698465861e-05,0.0001,False,128.0,128.0,,
train,,,,,,,178.47534656524658,10.0,13.0,4234.0,1.8783321380615234,0.9999994039535522,0.00010000149228227033,0.0001,False,128.0,128.0,,
train,,,,,,,178.51130747795105,10.0,14.0,4235.0,1.8714754581451416,0.999999463558197,9.999871449846106e-05,0.0001,False,128.0,128.0,,
train,,,,,,,178.54841804504395,10.0,15.0,4236.0,1.8888556957244873,0.999999463558197,0.00010000020089782701,0.0001,False,128.0,128.0,,
train,,,,,,,178.58295273780823,10.0,16.0,4237.0,1.9066170454025269,0.9999994039535522,0.00010000080675995892,0.0001,False,128.0,128.0,,
train,,,,,,,178.62090921401978,10.0,17.0,4238.0,1.8322573900222778,0.9999993443489075,0.00010000146182314439,0.0001,False,128.0,128.0,,
train,,,,,,,178.6648371219635,10.0,18.0,4239.0,1.8995709419250488,0.9999995231628418,9.999915879405695e-05,0.0001,False,128.0,128.0,,
train,,,,,,,178.70226407051086,10.0,19.0,4240.0,1.9249335527420044,0.9999995231628418,0.00010000044665530614,0.0001,False,128.0,128.0,,
train,,,,,,,178.73971962928772,10.0,20.0,4241.0,1.899719476699829,0.9999994039535522,9.99989429490398e-05,0.0001,False,128.0,128.0,,
train,,,,,,,178.77779698371887,10.0,21.0,4242.0,1.8529174327850342,0.9999994039535522,0.00010000018341618478,0.0001,False,128.0,128.0,,
train,,,,,,,178.8215925693512,10.0,22.0,4243.0,1.8728758096694946,0.9999992847442627,9.999937827287655e-05,0.0001,False,128.0,128.0,,
train,,,,,,,178.86341309547424,10.0,23.0,4244.0,1.8589833974838257,0.9999994039535522,0.00010000010846322957,0.0001,False,128.0,128.0,,
train,,,,,,,178.90320229530334,10.0,24.0,4245.0,1.8557109832763672,0.9999994039535522,0.00010000030026687552,0.0001,False,128.0,128.0,,
train,,,,,,,178.9492793083191,10.0,25.0,4246.0,1.9500542879104614,0.999999463558197,0.0001000015427424421,0.0001,False,128.0,128.0,,
train,,,,,,,178.99081826210022,10.0,26.0,4247.0,1.8755649328231812,0.999999463558197,0.0001000001677993641,0.0001,False,128.0,128.0,,
train,,,,,,,179.02931213378906,10.0,27.0,4248.0,1.841612696647644,0.9999993443489075,9.999899297030747e-05,0.0001,False,128.0,128.0,,
train,,,,,,,179.0714967250824,10.0,28.0,4249.0,1.885756492614746,0.999999463558197,0.0001000004844243972,0.0001,False,128.0,128.0,,
train,,,,,,,179.1161334514618,10.0,29.0,4250.0,1.95590341091156,0.999999463558197,9.999875164586653e-05,0.0001,False,128.0,128.0,,
train,,,,,,,179.16282844543457,10.0,30.0,4251.0,1.8725910186767578,0.9999993443489075,9.999988740741246e-05,0.0001,False,128.0,128.0,,
train,,,,,,,179.20859670639038,10.0,31.0,4252.0,1.881461501121521,0.9999994039535522,0.0001000000401758907,0.0001,False,128.0,128.0,,
train,,,,,,,179.25516033172607,10.0,32.0,4253.0,1.8833202123641968,0.9999993443489075,9.999988785410426e-05,0.0001,False,128.0,128.0,,
train,,,,,,,179.30540823936462,10.0,33.0,4254.0,1.905022382736206,0.999999463558197,9.999926187647671e-05,0.0001,False,128.0,128.0,,
train,,,,,,,179.3418951034546,10.0,34.0,4255.0,1.8613046407699585,0.9999995231628418,0.00010000181746164663,0.0001,False,128.0,128.0,,
train,,,,,,,179.3892993927002,10.0,35.0,4256.0,1.851865291595459,0.9999995231628418,0.00010000082910084614,0.0001,False,128.0,128.0,,
train,,,,,,,179.4381320476532,10.0,36.0,4257.0,1.8737401962280273,0.9999994039535522,0.00010000032161691832,0.0001,False,128.0,128.0,,
train,,,,,,,179.47983598709106,10.0,37.0,4258.0,1.9447709321975708,0.9999993443489075,0.00010000032539860326,0.0001,False,128.0,128.0,,
train,,,,,,,179.52639937400818,10.0,38.0,4259.0,1.8608375787734985,0.9999993443489075,0.0001000009269188757,0.0001,False,128.0,128.0,,
train,,,,,,,179.57693552970886,10.0,39.0,4260.0,1.8658273220062256,0.9999994039535522,9.999995389507925e-05,0.0001,False,128.0,128.0,,
train,,,,,,,179.6217658519745,10.0,40.0,4261.0,1.9104365110397339,0.9999993443489075,0.00010000088363358002,0.0001,False,128.0,128.0,,
train,,,,,,,179.6660087108612,10.0,41.0,4262.0,1.9045288562774658,0.9999994039535522,0.00010000115998955313,0.0001,False,128.0,128.0,,
train,,,,,,,179.70884323120117,10.0,42.0,4263.0,1.8589001893997192,0.9999994039535522,9.999962361387375e-05,0.0001,False,128.0,128.0,,
train,,,,,,,179.75395464897156,10.0,43.0,4264.0,1.8852603435516357,0.9999994039535522,9.999949469082505e-05,0.0001,False,128.0,128.0,,
train,,,,,,,179.7893784046173,10.0,44.0,4265.0,1.9041099548339844,0.9999994039535522,0.00010000019322602756,0.0001,False,128.0,128.0,,
train,,,,,,,179.84124040603638,10.0,45.0,4266.0,1.8881391286849976,0.9999992847442627,0.00010000019646128054,0.0001,False,128.0,128.0,,
train,,,,,,,179.89425373077393,10.0,46.0,4267.0,1.880702257156372,0.999999463558197,0.0001000006728836651,0.0001,False,128.0,128.0,,
train,,,,,,,179.95072484016418,10.0,47.0,4268.0,1.846178650856018,0.9999994039535522,9.999896015767711e-05,0.0001,False,128.0,128.0,,
train,,,,,,,179.98690843582153,10.0,48.0,4269.0,1.8942545652389526,0.9999994039535522,0.00010000092797271044,0.0001,False,128.0,128.0,,
train,,,,,,,180.0213119983673,10.0,49.0,4270.0,1.8567487001419067,0.9999994039535522,0.00010000168522382358,0.0001,False,128.0,128.0,,
train,,,,,,,180.06088829040527,10.0,50.0,4271.0,1.8935519456863403,0.999999463558197,0.00010000084396079681,0.0001,False,128.0,128.0,,
train,,,,,,,180.1193130016327,10.0,51.0,4272.0,1.918012022972107,0.9999995231628418,9.99998851262485e-05,0.0001,False,128.0,128.0,,
train,,,,,,,180.15893983840942,10.0,52.0,4273.0,1.8950066566467285,0.9999994039535522,9.999913658073351e-05,0.0001,False,128.0,128.0,,
train,,,,,,,180.1971354484558,10.0,53.0,4274.0,1.8344531059265137,0.9999994039535522,0.00010000003162370702,0.0001,False,128.0,128.0,,
train,,,,,,,180.23152470588684,10.0,54.0,4275.0,1.897464632987976,0.9999994039535522,0.00010000063723966797,0.0001,False,128.0,128.0,,
train,,,,,,,180.26705503463745,10.0,55.0,4276.0,1.8888263702392578,0.9999994039535522,9.999943149017268e-05,0.0001,False,128.0,128.0,,
train,,,,,,,180.3033571243286,10.0,56.0,4277.0,1.846028447151184,0.9999993443489075,9.999973090253018e-05,0.0001,False,128.0,128.0,,
train,,,,,,,180.3408317565918,10.0,57.0,4278.0,1.8544450998306274,0.9999994039535522,9.999772540441244e-05,0.0001,False,128.0,128.0,,
train,,,,,,,180.37698459625244,10.0,58.0,4279.0,1.929029107093811,0.9999995231628418,0.00010000044876949092,0.0001,False,128.0,128.0,,
train,,,,,,,180.4160656929016,10.0,59.0,4280.0,1.9104231595993042,0.9999994039535522,0.00010000040762419466,0.0001,False,128.0,128.0,,
train,,,,,,,180.459899187088,10.0,60.0,4281.0,1.8675363063812256,0.9999995231628418,0.0001000012515124602,0.0001,False,128.0,128.0,,
train,,,,,,,180.50487565994263,10.0,61.0,4282.0,1.882540225982666,0.9999994039535522,9.999879715255784e-05,0.0001,False,128.0,128.0,,
train,,,,,,,180.54698395729065,10.0,62.0,4283.0,1.890275239944458,0.9999993443489075,9.99986629222874e-05,0.0001,False,128.0,128.0,,
train,,,,,,,180.5841031074524,10.0,63.0,4284.0,1.8954962491989136,0.999999463558197,0.0001000018192743997,0.0001,False,128.0,128.0,,
train,,,,,,,180.6228575706482,10.0,64.0,4285.0,1.8410407304763794,0.9999994039535522,0.00010000071122946217,0.0001,False,128.0,128.0,,
train,,,,,,,180.66019535064697,10.0,65.0,4286.0,1.8700186014175415,0.9999995231628418,0.00010000014348508404,0.0001,False,128.0,128.0,,
train,,,,,,,180.69743824005127,10.0,66.0,4287.0,1.901195764541626,0.999999463558197,9.999985428282492e-05,0.0001,False,128.0,128.0,,
train,,,,,,,180.73608326911926,10.0,67.0,4288.0,1.8154571056365967,0.9999993443489075,9.999965539195398e-05,0.0001,False,128.0,128.0,,
train,,,,,,,180.77335405349731,10.0,68.0,4289.0,1.8499555587768555,0.999999463558197,0.00010000155566159504,0.0001,False,128.0,128.0,,
train,,,,,,,180.80982947349548,10.0,69.0,4290.0,1.8696340322494507,0.9999994039535522,0.0001000002668778801,0.0001,False,128.0,128.0,,
train,,,,,,,180.84607768058777,10.0,70.0,4291.0,1.86884343624115,0.9999994039535522,0.00010000058308626828,0.0001,False,128.0,128.0,,
train,,,,,,,180.88330340385437,10.0,71.0,4292.0,1.9526829719543457,0.999999463558197,9.999955889324472e-05,0.0001,False,128.0,128.0,,
train,,,,,,,180.9220564365387,10.0,72.0,4293.0,1.9096819162368774,0.999999463558197,0.00010000003691894862,0.0001,False,128.0,128.0,,
train,,,,,,,180.95984482765198,10.0,73.0,4294.0,1.8711079359054565,0.999999463558197,9.999955226657159e-05,0.0001,False,128.0,128.0,,
train,,,,,,,180.99997234344482,10.0,74.0,4295.0,1.842058777809143,0.9999994039535522,9.999869682356848e-05,0.0001,False,128.0,128.0,,
train,,,,,,,181.03545212745667,10.0,75.0,4296.0,1.8570377826690674,0.9999995231628418,0.00010000181258716213,0.0001,False,128.0,128.0,,
train,,,,,,,181.07382249832153,10.0,76.0,4297.0,1.8929328918457031,0.9999995231628418,0.00010000117927511581,0.0001,False,128.0,128.0,,
train,,,,,,,181.11325478553772,10.0,77.0,4298.0,1.8602813482284546,0.9999994039535522,0.00010000099989798925,0.0001,False,128.0,128.0,,
train,,,,,,,181.15256261825562,10.0,78.0,4299.0,1.8602944612503052,0.9999992847442627,0.00010000068042315599,0.0001,False,128.0,128.0,,
train,,,,,,,181.188542842865,10.0,79.0,4300.0,1.9044450521469116,0.9999994039535522,0.00010000067442322182,0.0001,False,128.0,128.0,,
train,,,,,,,181.22741985321045,10.0,80.0,4301.0,1.9018218517303467,0.9999994039535522,0.00010000065710212322,0.0001,False,128.0,128.0,,
train,,,,,,,181.26657676696777,10.0,81.0,4302.0,1.921229600906372,0.9999993443489075,9.999983530058382e-05,0.0001,False,128.0,128.0,,
train,,,,,,,181.29877185821533,10.0,82.0,4303.0,1.843233346939087,0.9999994039535522,0.00010000089450586274,0.0001,False,128.0,128.0,,
train,,,,,,,181.33428168296814,10.0,83.0,4304.0,1.8748475313186646,0.9999995231628418,0.00010000134920647918,0.0001,False,128.0,128.0,,
train,,,,,,,181.36977243423462,10.0,84.0,4305.0,1.932164192199707,0.999999463558197,9.999932659729797e-05,0.0001,False,128.0,128.0,,
train,,,,,,,181.40478825569153,10.0,85.0,4306.0,1.924798846244812,0.9999993443489075,0.00010000105369988542,0.0001,False,128.0,128.0,,
train,,,,,,,181.44102716445923,10.0,86.0,4307.0,1.9105688333511353,0.9999993443489075,0.00010000044468640378,0.0001,False,128.0,128.0,,
train,,,,,,,181.48089718818665,10.0,87.0,4308.0,1.8935556411743164,0.999999463558197,0.00010000075854803404,0.0001,False,128.0,128.0,,
train,,,,,,,181.5229136943817,10.0,88.0,4309.0,1.904154658317566,0.999999463558197,0.00010000060310052169,0.0001,False,128.0,128.0,,
train,,,,,,,181.56700825691223,10.0,89.0,4310.0,1.8653573989868164,0.999999463558197,9.999946285848336e-05,0.0001,False,128.0,128.0,,
train,,,,,,,181.60464310646057,10.0,90.0,4311.0,1.912490725517273,0.9999994039535522,0.00010000027381675524,0.0001,False,128.0,128.0,,
train,,,,,,,181.63842272758484,10.0,91.0,4312.0,1.8637924194335938,0.999999463558197,0.00010000173811680542,0.0001,False,128.0,128.0,,
train,,,,,,,181.67190074920654,10.0,92.0,4313.0,1.8526091575622559,0.999999463558197,0.00010000013691916488,0.0001,False,128.0,128.0,,
train,,,,,,,181.70709943771362,10.0,93.0,4314.0,1.8835148811340332,0.9999994039535522,0.00010000026511063526,0.0001,False,128.0,128.0,,
train,,,,,,,181.7682192325592,10.0,94.0,4315.0,1.8675227165222168,0.9999994039535522,0.0001000010305242213,0.0001,False,128.0,128.0,,
train,,,,,,,181.805832862854,10.0,95.0,4316.0,1.888242483139038,0.999999463558197,0.00010000165800429884,0.0001,False,128.0,128.0,,
train,,,,,,,181.8396487236023,10.0,96.0,4317.0,1.852380394935608,0.9999994039535522,0.00010000183133050779,0.0001,False,128.0,128.0,,
train,,,,,,,181.87243461608887,10.0,97.0,4318.0,1.9120357036590576,0.999999463558197,0.0001000015073372759,0.0001,False,128.0,128.0,,
train,,,,,,,181.90895414352417,10.0,98.0,4319.0,1.8479915857315063,0.9999994039535522,9.999959853401154e-05,0.0001,False,128.0,128.0,,
train,,,,,,,181.9468550682068,10.0,99.0,4320.0,1.8595614433288574,0.9999992847442627,9.999924502784917e-05,0.0001,False,128.0,128.0,,
train,,,,,,,181.9887342453003,10.0,100.0,4321.0,1.9099769592285156,0.9999995231628418,0.00010000245087373218,0.0001,False,128.0,128.0,,
train,,,,,,,182.0281834602356,10.0,101.0,4322.0,1.9025862216949463,0.9999995231628418,0.00010000101771341962,0.0001,False,128.0,128.0,,
train,,,,,,,182.06494855880737,10.0,102.0,4323.0,1.9158828258514404,0.9999994039535522,0.00010000059932535241,0.0001,False,128.0,128.0,,
train,,,,,,,182.10144710540771,10.0,103.0,4324.0,1.890478253364563,0.999999463558197,9.999934257854434e-05,0.0001,False,128.0,128.0,,
train,,,,,,,182.1410117149353,10.0,104.0,4325.0,1.8916423320770264,0.9999992847442627,9.999900960213491e-05,0.0001,False,128.0,128.0,,
train,,,,,,,182.17856860160828,10.0,105.0,4326.0,1.8859989643096924,0.999999463558197,9.9999056574564e-05,0.0001,False,128.0,128.0,,
train,,,,,,,182.22418904304504,10.0,106.0,4327.0,1.8452858924865723,0.9999994039535522,0.00010000027632342377,0.0001,False,128.0,128.0,,
train,,,,,,,182.26015520095825,10.0,107.0,4328.0,1.8751355409622192,0.9999994039535522,0.00010000023224854913,0.0001,False,128.0,128.0,,
train,,,,,,,182.29825019836426,10.0,108.0,4329.0,1.8396689891815186,0.9999995231628418,0.00010000054562078945,0.0001,False,128.0,128.0,,
train,,,,,,,182.3305742740631,10.0,109.0,4330.0,1.8975197076797485,0.9999996423721313,9.99985511264757e-05,0.0001,False,128.0,128.0,,
train,,,,,,,182.3729739189148,10.0,110.0,4331.0,1.883462905883789,0.999999463558197,0.00010000005981295062,0.0001,False,128.0,128.0,,
train,,,,,,,182.4078094959259,10.0,111.0,4332.0,1.9083362817764282,0.999999463558197,9.999905942821101e-05,0.0001,False,128.0,128.0,,
train,,,,,,,182.44469022750854,10.0,112.0,4333.0,1.8512277603149414,0.9999994039535522,0.00010000051424848164,0.0001,False,128.0,128.0,,
train,,,,,,,182.47927498817444,10.0,113.0,4334.0,1.8967329263687134,0.999999463558197,0.00010000016987235516,0.0001,False,128.0,128.0,,
train,,,,,,,182.524831533432,10.0,114.0,4335.0,1.9033092260360718,0.999999463558197,0.00010000034474070521,0.0001,False,128.0,128.0,,
train,,,,,,,182.5757405757904,10.0,115.0,4336.0,1.7954280376434326,0.999999463558197,9.999949309703979e-05,0.0001,False,128.0,128.0,,
train,,,,,,,182.61235761642456,10.0,116.0,4337.0,1.8756530284881592,0.999999463558197,0.00010000108413745185,0.0001,False,128.0,128.0,,
train,,,,,,,182.64902567863464,10.0,117.0,4338.0,1.8977608680725098,0.9999993443489075,0.00010000138694053537,0.0001,False,128.0,128.0,,
train,,,,,,,182.68282079696655,10.0,118.0,4339.0,1.9072986841201782,0.9999994039535522,0.00010000110712445447,0.0001,False,128.0,128.0,,
train,,,,,,,182.7226402759552,10.0,119.0,4340.0,1.8671903610229492,0.9999994039535522,0.00010000190308600454,0.0001,False,128.0,128.0,,
train,,,,,,,182.75757718086243,10.0,120.0,4341.0,1.86966073513031,0.999999463558197,9.999820969700823e-05,0.0001,False,128.0,128.0,,
train,,,,,,,182.79380822181702,10.0,121.0,4342.0,1.8921746015548706,0.999999463558197,0.00010000180272977417,0.0001,False,128.0,128.0,,
train,,,,,,,182.84998607635498,10.0,122.0,4343.0,1.9079524278640747,0.9999994039535522,0.00010000134973122595,0.0001,False,128.0,128.0,,
train,,,,,,,182.88599109649658,10.0,123.0,4344.0,1.951606273651123,0.999999463558197,0.00010000150708140805,0.0001,False,128.0,128.0,,
train,,,,,,,182.92253589630127,10.0,124.0,4345.0,1.903120994567871,0.9999994039535522,0.00010000106849691966,0.0001,False,128.0,128.0,,
train,,,,,,,182.96057057380676,10.0,125.0,4346.0,1.8977357149124146,0.999999463558197,0.00010000158620959558,0.0001,False,128.0,128.0,,
train,,,,,,,183.00470328330994,10.0,126.0,4347.0,1.8781919479370117,0.999999463558197,9.999937431768235e-05,0.0001,False,128.0,128.0,,
train,,,,,,,183.04001140594482,10.0,127.0,4348.0,1.8740859031677246,0.9999994039535522,9.999903992106014e-05,0.0001,False,128.0,128.0,,
train,,,,,,,183.08080410957336,10.0,128.0,4349.0,1.8892544507980347,0.9999995231628418,0.00010000022981126829,0.0001,False,128.0,128.0,,
train,,,,,,,183.12497687339783,10.0,129.0,4350.0,1.8883291482925415,0.9999993443489075,0.00010000061972774454,0.0001,False,128.0,128.0,,
train,,,,,,,183.16610836982727,10.0,130.0,4351.0,1.9036993980407715,0.999999463558197,0.00010000118899812576,0.0001,False,128.0,128.0,,
train,,,,,,,183.213707447052,10.0,131.0,4352.0,1.905173897743225,0.9999993443489075,9.9998569926812e-05,0.0001,False,128.0,128.0,,
train,,,,,,,183.2594449520111,10.0,132.0,4353.0,1.8646941184997559,0.999999463558197,0.00010000045745391098,0.0001,False,128.0,128.0,,
train,,,,,,,183.29984331130981,10.0,133.0,4354.0,1.8386006355285645,0.9999994039535522,0.00010000149184425919,0.0001,False,128.0,128.0,,
train,,,,,,,183.35201811790466,10.0,134.0,4355.0,1.8708752393722534,0.9999994039535522,9.999963037064688e-05,0.0001,False,128.0,128.0,,
train,,,,,,,183.39357447624207,10.0,135.0,4356.0,1.8306324481964111,0.999999463558197,9.999868017217313e-05,0.0001,False,128.0,128.0,,
train,,,,,,,183.43443131446838,10.0,136.0,4357.0,1.8710426092147827,0.9999995231628418,9.999935801117832e-05,0.0001,False,128.0,128.0,,
train,,,,,,,183.47686076164246,10.0,137.0,4358.0,1.8764909505844116,0.9999994039535522,0.0001000015229452139,0.0001,False,128.0,128.0,,
train,,,,,,,183.5117506980896,10.0,138.0,4359.0,1.8287382125854492,0.9999994039535522,0.00010000137130438727,0.0001,False,128.0,128.0,,
train,,,,,,,183.5512878894806,10.0,139.0,4360.0,1.8988322019577026,0.9999995231628418,0.00010000239515142748,0.0001,False,128.0,128.0,,
train,,,,,,,183.5868456363678,10.0,140.0,4361.0,1.842874526977539,0.9999994039535522,9.99999967037284e-05,0.0001,False,128.0,128.0,,
train,,,,,,,183.62035846710205,10.0,141.0,4362.0,1.8644756078720093,0.9999993443489075,9.99995919658882e-05,0.0001,False,128.0,128.0,,
train,,,,,,,183.65588307380676,10.0,142.0,4363.0,1.8974093198776245,0.9999994039535522,0.00010000056587357348,0.0001,False,128.0,128.0,,
train,,,,,,,183.69068598747253,10.0,143.0,4364.0,1.847522497177124,0.999999463558197,0.00010000014978862622,0.0001,False,128.0,128.0,,
train,,,,,,,183.72546195983887,10.0,144.0,4365.0,1.915636658668518,0.9999994039535522,0.000100000443446082,0.0001,False,128.0,128.0,,
train,,,,,,,183.7651743888855,10.0,145.0,4366.0,1.8367961645126343,0.9999994039535522,9.99986660404945e-05,0.0001,False,128.0,128.0,,
train,,,,,,,183.80017828941345,10.0,146.0,4367.0,1.8921661376953125,0.999999463558197,0.00010000075368650826,0.0001,False,128.0,128.0,,
train,,,,,,,183.8351001739502,10.0,147.0,4368.0,1.898101568222046,0.9999994039535522,9.999991066140414e-05,0.0001,False,128.0,128.0,,
train,,,,,,,183.87351751327515,10.0,148.0,4369.0,1.8740984201431274,0.9999994039535522,0.00010000000384211549,0.0001,False,128.0,128.0,,
train,,,,,,,183.9059762954712,10.0,149.0,4370.0,1.857218623161316,0.999999463558197,0.00010000029803342573,0.0001,False,128.0,128.0,,
train,,,,,,,183.93929958343506,10.0,150.0,4371.0,1.8750452995300293,0.999999463558197,0.00010000072946994811,0.0001,False,128.0,128.0,,
train,,,,,,,183.9755198955536,10.0,151.0,4372.0,1.9320037364959717,0.9999995231628418,9.999975980092848e-05,0.0001,False,128.0,128.0,,
train,,,,,,,184.01324844360352,10.0,152.0,4373.0,1.8508915901184082,0.999999463558197,0.0001000025643131293,0.0001,False,128.0,128.0,,
train,,,,,,,184.05425572395325,10.0,153.0,4374.0,1.8337547779083252,0.9999994039535522,0.00010000002129559986,0.0001,False,128.0,128.0,,
train,,,,,,,184.09093236923218,10.0,154.0,4375.0,1.8746745586395264,0.999999463558197,0.00010000091718282996,0.0001,False,128.0,128.0,,
train,,,,,,,184.12977623939514,10.0,155.0,4376.0,1.809948205947876,0.9999992847442627,0.00010000135093684249,0.0001,False,128.0,128.0,,
train,,,,,,,184.16648983955383,10.0,156.0,4377.0,1.8881008625030518,0.9999995231628418,9.999950003813705e-05,0.0001,False,128.0,128.0,,
train,,,,,,,184.203959941864,10.0,157.0,4378.0,1.8498395681381226,0.999999463558197,9.999855058436677e-05,0.0001,False,128.0,128.0,,
train,,,,,,,184.24499487876892,10.0,158.0,4379.0,1.9088146686553955,0.9999994039535522,9.999931248088962e-05,0.0001,False,128.0,128.0,,
train,,,,,,,184.2817633152008,10.0,159.0,4380.0,1.9117871522903442,0.9999995231628418,9.999909639334073e-05,0.0001,False,128.0,128.0,,
train,,,,,,,184.3233048915863,10.0,160.0,4381.0,1.8323495388031006,0.999999463558197,0.0001000005574818958,0.0001,False,128.0,128.0,,
train,,,,,,,184.35839176177979,10.0,161.0,4382.0,1.9131006002426147,0.9999994039535522,9.999866849082407e-05,0.0001,False,128.0,128.0,,
train,,,,,,,184.3966624736786,10.0,162.0,4383.0,1.8601993322372437,0.9999992847442627,0.0001000029717623746,0.0001,False,128.0,128.0,,
train,,,,,,,184.43526768684387,10.0,163.0,4384.0,1.8353424072265625,0.999999463558197,0.00010000175838886323,0.0001,False,128.0,128.0,,
train,,,,,,,184.47298789024353,10.0,164.0,4385.0,1.8981192111968994,0.9999994039535522,0.00010000107884009734,0.0001,False,128.0,128.0,,
train,,,,,,,184.50593423843384,10.0,165.0,4386.0,1.882899522781372,0.9999994039535522,0.00010000093887100895,0.0001,False,128.0,128.0,,
train,,,,,,,184.54602575302124,10.0,166.0,4387.0,1.8526707887649536,0.9999994039535522,9.999900992739878e-05,0.0001,False,128.0,128.0,,
train,,,,,,,184.58417463302612,10.0,167.0,4388.0,1.8760448694229126,0.9999994039535522,9.99998035594237e-05,0.0001,False,128.0,128.0,,
train,,,,,,,184.6227126121521,10.0,168.0,4389.0,1.8801991939544678,0.9999994039535522,9.999967534784594e-05,0.0001,False,128.0,128.0,,
train,,,,,,,184.66076397895813,10.0,169.0,4390.0,1.8293919563293457,0.9999994039535522,0.00010000073283311867,0.0001,False,128.0,128.0,,
train,,,,,,,184.69537568092346,10.0,170.0,4391.0,1.8555960655212402,0.999999463558197,9.999903861133134e-05,0.0001,False,128.0,128.0,,
train,,,,,,,184.73453497886658,10.0,171.0,4392.0,1.8446671962738037,0.9999995231628418,0.00010000086258289444,0.0001,False,128.0,128.0,,
train,,,,,,,184.77433800697327,10.0,172.0,4393.0,1.822495937347412,0.9999994039535522,0.00010000062303670901,0.0001,False,128.0,128.0,,
train,,,,,,,184.81401443481445,10.0,173.0,4394.0,1.864216923713684,0.9999994039535522,0.00010000105092869383,0.0001,False,128.0,128.0,,
train,,,,,,,184.85218572616577,10.0,174.0,4395.0,1.8450219631195068,0.9999995231628418,9.99999349648988e-05,0.0001,False,128.0,128.0,,
train,,,,,,,184.88715744018555,10.0,175.0,4396.0,1.8871324062347412,0.9999996423721313,9.999957509563213e-05,0.0001,False,128.0,128.0,,
train,,,,,,,184.924907207489,10.0,176.0,4397.0,1.9102572202682495,0.9999995231628418,0.00010000057851963525,0.0001,False,128.0,128.0,,
train,,,,,,,184.96003913879395,10.0,177.0,4398.0,1.8599869012832642,0.9999994039535522,9.999932642165604e-05,0.0001,False,128.0,128.0,,
train,,,,,,,184.9950921535492,10.0,178.0,4399.0,1.853481411933899,0.9999995231628418,0.00010000078312453944,0.0001,False,128.0,128.0,,
train,,,,,,,185.04084372520447,10.0,179.0,4400.0,1.8776772022247314,0.9999995231628418,0.00010000070092094069,0.0001,False,128.0,128.0,,
train,,,,,,,185.08512115478516,10.0,180.0,4401.0,1.836256504058838,0.999999463558197,0.00010000045982613445,0.0001,False,128.0,128.0,,
train,,,,,,,185.1275954246521,10.0,181.0,4402.0,1.8536502122879028,0.999999463558197,0.00010000239034852679,0.0001,False,128.0,128.0,,
train,,,,,,,185.16534399986267,10.0,182.0,4403.0,1.9138445854187012,0.9999994039535522,0.00010000132781328827,0.0001,False,128.0,128.0,,
train,,,,,,,185.2009379863739,10.0,183.0,4404.0,1.9003117084503174,0.9999995231628418,9.999945944105969e-05,0.0001,False,128.0,128.0,,
train,,,,,,,185.2402708530426,10.0,184.0,4405.0,1.9225928783416748,0.9999994039535522,9.999961423765762e-05,0.0001,False,128.0,128.0,,
train,,,,,,,185.28011274337769,10.0,185.0,4406.0,1.865280270576477,0.9999993443489075,9.999853444036112e-05,0.0001,False,128.0,128.0,,
train,,,,,,,185.31668066978455,10.0,186.0,4407.0,1.8838480710983276,0.999999463558197,9.999848220055279e-05,0.0001,False,128.0,128.0,,
train,,,,,,,185.35945582389832,10.0,187.0,4408.0,1.8622251749038696,0.9999993443489075,9.999846050533567e-05,0.0001,False,128.0,128.0,,
train,,,,,,,185.39523124694824,10.0,188.0,4409.0,1.8820841312408447,0.9999994039535522,9.999912881994705e-05,0.0001,False,128.0,128.0,,
train,,,,,,,185.43683171272278,10.0,189.0,4410.0,1.8164379596710205,0.9999993443489075,9.999995063379755e-05,0.0001,False,128.0,128.0,,
train,,,,,,,185.4726996421814,10.0,190.0,4411.0,1.9337619543075562,0.999999463558197,9.999976819700991e-05,0.0001,False,128.0,128.0,,
train,,,,,,,185.5109565258026,10.0,191.0,4412.0,1.8982224464416504,0.999999463558197,0.00010000028203932167,0.0001,False,128.0,128.0,,
train,,,,,,,185.54523468017578,10.0,192.0,4413.0,1.8804749250411987,0.999999463558197,0.00010000117734092193,0.0001,False,128.0,128.0,,
train,,,,,,,185.58917760849,10.0,193.0,4414.0,1.8692348003387451,0.9999994039535522,0.00010000064123384324,0.0001,False,128.0,128.0,,
train,,,,,,,185.6311137676239,10.0,194.0,4415.0,1.8113805055618286,0.9999993443489075,9.999949966516963e-05,0.0001,False,128.0,128.0,,
train,,,,,,,185.6755714416504,10.0,195.0,4416.0,1.8873234987258911,0.9999994039535522,0.00010000080318212055,0.0001,False,128.0,128.0,,
train,,,,,,,185.7172257900238,10.0,196.0,4417.0,1.8351157903671265,0.999999463558197,9.99995468455363e-05,0.0001,False,128.0,128.0,,
train,,,,,,,185.75529837608337,10.0,197.0,4418.0,1.8978264331817627,0.9999993443489075,9.99991278723461e-05,0.0001,False,128.0,128.0,,
train,,,,,,,185.7955231666565,10.0,198.0,4419.0,1.8831707239151,0.9999994039535522,0.00010000061963233534,0.0001,False,128.0,128.0,,
train,,,,,,,185.83826637268066,10.0,199.0,4420.0,1.8566170930862427,0.9999994039535522,0.00010000004053584567,0.0001,False,128.0,128.0,,
train,,,,,,,185.87212991714478,10.0,200.0,4421.0,1.8600897789001465,0.9999995231628418,0.00010000120196936549,0.0001,False,128.0,128.0,,
train,,,,,,,185.9068250656128,10.0,201.0,4422.0,1.8441600799560547,0.9999993443489075,0.0001000018373585613,0.0001,False,128.0,128.0,,
train,,,,,,,185.94394063949585,10.0,202.0,4423.0,1.8783587217330933,0.999999463558197,0.00010000019694049696,0.0001,False,128.0,128.0,,
train,,,,,,,185.97979187965393,10.0,203.0,4424.0,1.8715336322784424,0.9999993443489075,9.999985729257448e-05,0.0001,False,128.0,128.0,,
train,,,,,,,186.01788592338562,10.0,204.0,4425.0,1.8864914178848267,0.999999463558197,0.00010000032398914502,0.0001,False,128.0,128.0,,
train,,,,,,,186.0562059879303,10.0,205.0,4426.0,1.8802721500396729,0.999999463558197,9.999946766369308e-05,0.0001,False,128.0,128.0,,
train,,,,,,,186.10525965690613,10.0,206.0,4427.0,1.8573867082595825,0.999999463558197,0.00010000084205261708,0.0001,False,128.0,128.0,,
train,,,,,,,186.14461708068848,10.0,207.0,4428.0,1.8359363079071045,0.9999995231628418,9.999999325596533e-05,0.0001,False,128.0,128.0,,
train,,,,,,,186.18814182281494,10.0,208.0,4429.0,1.862571358680725,0.999999463558197,0.00010000149784414432,0.0001,False,128.0,128.0,,
train,,,,,,,186.23344540596008,10.0,209.0,4430.0,1.863599181175232,0.9999995231628418,0.00010000124842035425,0.0001,False,128.0,128.0,,
train,,,,,,,186.26623225212097,10.0,210.0,4431.0,1.8238959312438965,0.9999994039535522,0.00010000239319557359,0.0001,False,128.0,128.0,,
train,,,,,,,186.30538940429688,10.0,211.0,4432.0,1.9304102659225464,0.999999463558197,0.0001000000583774678,0.0001,False,128.0,128.0,,
train,,,,,,,186.34493708610535,10.0,212.0,4433.0,1.8993213176727295,0.9999995231628418,9.999959808081322e-05,0.0001,False,128.0,128.0,,
train,,,,,,,186.3882064819336,10.0,213.0,4434.0,1.854205846786499,0.9999995231628418,9.99997120091705e-05,0.0001,False,128.0,128.0,,
train,,,,,,,186.42607975006104,10.0,214.0,4435.0,1.8512805700302124,0.9999994039535522,0.0001000008562295243,0.0001,False,128.0,128.0,,
train,,,,,,,186.46353006362915,10.0,215.0,4436.0,1.8021808862686157,0.9999993443489075,9.999937914024367e-05,0.0001,False,128.0,128.0,,
train,,,,,,,186.5042381286621,10.0,216.0,4437.0,1.9085253477096558,0.9999995231628418,0.0001000019479949622,0.0001,False,128.0,128.0,,
train,,,,,,,186.54364252090454,10.0,217.0,4438.0,1.833385705947876,0.9999993443489075,0.00010000046156735512,0.0001,False,128.0,128.0,,
train,,,,,,,186.5879487991333,10.0,218.0,4439.0,1.8698861598968506,0.9999994039535522,0.00010000124638641635,0.0001,False,128.0,128.0,,
train,,,,,,,186.6256148815155,10.0,219.0,4440.0,1.8491765260696411,0.999999463558197,0.00010000137317569454,0.0001,False,128.0,128.0,,
train,,,,,,,186.664076089859,10.0,220.0,4441.0,1.872081995010376,0.9999994039535522,9.999916787541033e-05,0.0001,False,128.0,128.0,,
train,,,,,,,186.69940948486328,10.0,221.0,4442.0,1.8808475732803345,0.9999993443489075,9.999947503630683e-05,0.0001,False,128.0,128.0,,
train,,,,,,,186.7378489971161,10.0,222.0,4443.0,1.8932048082351685,0.9999993443489075,0.0001000010550139246,0.0001,False,128.0,128.0,,
train,,,,,,,186.7790024280548,10.0,223.0,4444.0,1.8610706329345703,0.999999463558197,0.00010000198192765502,0.0001,False,128.0,128.0,,
train,,,,,,,186.8162477016449,10.0,224.0,4445.0,1.9213337898254395,0.999999463558197,0.00010000015312579545,0.0001,False,128.0,128.0,,
train,,,,,,,186.85112810134888,10.0,225.0,4446.0,1.833630919456482,0.9999993443489075,9.999997452962238e-05,0.0001,False,128.0,128.0,,
train,,,,,,,186.88713765144348,10.0,226.0,4447.0,1.8211780786514282,0.999999463558197,0.00010000101973001513,0.0001,False,128.0,128.0,,
train,,,,,,,186.92509865760803,10.0,227.0,4448.0,1.8869619369506836,0.9999994039535522,0.00010000102629153955,0.0001,False,128.0,128.0,,
train,,,,,,,186.96621131896973,10.0,228.0,4449.0,1.901223063468933,0.9999994039535522,9.999894825951804e-05,0.0001,False,128.0,128.0,,
train,,,,,,,187.00435662269592,10.0,229.0,4450.0,1.8796029090881348,0.9999995231628418,0.00010000035642619526,0.0001,False,128.0,128.0,,
train,,,,,,,187.03764414787292,10.0,230.0,4451.0,1.8276441097259521,0.999999463558197,0.00010000075057053466,0.0001,False,128.0,128.0,,
train,,,,,,,187.0737693309784,10.0,231.0,4452.0,1.862451195716858,0.999999463558197,0.00010000175282700373,0.0001,False,128.0,128.0,,
train,,,,,,,187.12000966072083,10.0,232.0,4453.0,1.8288774490356445,0.9999994039535522,0.00010000064992908853,0.0001,False,128.0,128.0,,
train,,,,,,,187.156512260437,10.0,233.0,4454.0,1.8998817205429077,0.9999994039535522,9.99998494299288e-05,0.0001,False,128.0,128.0,,
train,,,,,,,187.19538521766663,10.0,234.0,4455.0,1.8889262676239014,0.9999995231628418,9.999942062640457e-05,0.0001,False,128.0,128.0,,
train,,,,,,,187.23637127876282,10.0,235.0,4456.0,1.857365608215332,0.999999463558197,0.00010000106147570116,0.0001,False,128.0,128.0,,
train,,,,,,,187.28357768058777,10.0,236.0,4457.0,1.8275681734085083,0.9999993443489075,0.00010000246489429007,0.0001,False,128.0,128.0,,
train,,,,,,,187.32314038276672,10.0,237.0,4458.0,1.8836461305618286,0.999999463558197,0.00010000028831900275,0.0001,False,128.0,128.0,,
train,,,,,,,187.36683058738708,10.0,238.0,4459.0,1.8994112014770508,0.9999994039535522,0.00010000181140323481,0.0001,False,128.0,128.0,,
train,,,,,,,187.40269207954407,10.0,239.0,4460.0,1.8661013841629028,0.999999463558197,0.00010000040151365593,0.0001,False,128.0,128.0,,
train,,,,,,,187.4460678100586,10.0,240.0,4461.0,1.8580191135406494,0.9999994039535522,9.999880779521382e-05,0.0001,False,128.0,128.0,,
train,,,,,,,187.48534393310547,10.0,241.0,4462.0,1.885210394859314,0.999999463558197,0.00010000053263211745,0.0001,False,128.0,128.0,,
train,,,,,,,187.52803134918213,10.0,242.0,4463.0,1.8615047931671143,0.9999993443489075,0.00010000214265514403,0.0001,False,128.0,128.0,,
train,,,,,,,187.57227325439453,10.0,243.0,4464.0,1.8823332786560059,0.9999993443489075,0.00010000139558801157,0.0001,False,128.0,128.0,,
train,,,,,,,187.6127209663391,10.0,244.0,4465.0,1.864701509475708,0.999999463558197,9.999987386354276e-05,0.0001,False,128.0,128.0,,
train,,,,,,,187.65370869636536,10.0,245.0,4466.0,1.8316128253936768,0.9999993443489075,0.00010000142378554418,0.0001,False,128.0,128.0,,
train,,,,,,,187.69351077079773,10.0,246.0,4467.0,1.883488655090332,0.9999994039535522,0.00010000261229433875,0.0001,False,128.0,128.0,,
train,,,,,,,187.73551559448242,10.0,247.0,4468.0,1.827701449394226,0.999999463558197,0.00010000137938158236,0.0001,False,128.0,128.0,,
train,,,,,,,187.7734715938568,10.0,248.0,4469.0,1.8482191562652588,0.999999463558197,0.0001000003213848998,0.0001,False,128.0,128.0,,
train,,,,,,,187.81301474571228,10.0,249.0,4470.0,1.8678429126739502,0.9999993443489075,9.99993974677093e-05,0.0001,False,128.0,128.0,,
train,,,,,,,187.84761762619019,10.0,250.0,4471.0,1.873146891593933,0.999999463558197,0.00010000071391392761,0.0001,False,128.0,128.0,,
train,,,,,,,187.88609790802002,10.0,251.0,4472.0,1.8694980144500732,0.999999463558197,0.00010000169850941222,0.0001,False,128.0,128.0,,
train,,,,,,,187.92388081550598,10.0,252.0,4473.0,1.821516990661621,0.9999993443489075,0.000100000919489991,0.0001,False,128.0,128.0,,
train,,,,,,,187.95882058143616,10.0,253.0,4474.0,1.8649394512176514,0.999999463558197,9.999850565436742e-05,0.0001,False,128.0,128.0,,
train,,,,,,,187.99499917030334,10.0,254.0,4475.0,1.9075922966003418,0.9999993443489075,9.9999985150469e-05,0.0001,False,128.0,128.0,,
train,,,,,,,188.03298044204712,10.0,255.0,4476.0,1.9170868396759033,0.9999994039535522,0.00010000061078530004,0.0001,False,128.0,128.0,,
train,,,,,,,188.07041454315186,10.0,256.0,4477.0,1.8520272970199585,0.9999994039535522,0.00010000019407604041,0.0001,False,128.0,128.0,,
train,,,,,,,188.1127941608429,10.0,257.0,4478.0,1.8854331970214844,0.999999463558197,9.999950896767038e-05,0.0001,False,128.0,128.0,,
train,,,,,,,188.14996552467346,10.0,258.0,4479.0,1.8997275829315186,0.9999993443489075,0.00010000025576266848,0.0001,False,128.0,128.0,,
train,,,,,,,188.18967866897583,10.0,259.0,4480.0,1.8824360370635986,0.9999993443489075,9.999770651284229e-05,0.0001,False,128.0,128.0,,
train,,,,,,,188.23040795326233,10.0,260.0,4481.0,1.885957956314087,0.9999995231628418,0.0001000008729564508,0.0001,False,128.0,128.0,,
train,,,,,,,188.26786518096924,10.0,261.0,4482.0,1.8769773244857788,0.999999463558197,0.00010000079756599825,0.0001,False,128.0,128.0,,
train,,,,,,,188.31639504432678,10.0,262.0,4483.0,1.8114014863967896,0.9999994039535522,0.00010000095329076142,0.0001,False,128.0,128.0,,
train,,,,,,,188.3504717350006,10.0,263.0,4484.0,1.831951379776001,0.9999994039535522,9.999850608805476e-05,0.0001,False,128.0,128.0,,
train,,,,,,,188.38582968711853,10.0,264.0,4485.0,1.8603010177612305,0.9999993443489075,0.00010000069495570197,0.0001,False,128.0,128.0,,
train,,,,,,,188.42255353927612,10.0,265.0,4486.0,1.8449825048446655,0.9999994039535522,9.999811661003664e-05,0.0001,False,128.0,128.0,,
train,,,,,,,188.45893812179565,10.0,266.0,4487.0,1.9103126525878906,0.999999463558197,9.999906514417847e-05,0.0001,False,128.0,128.0,,
train,,,,,,,188.49692726135254,10.0,267.0,4488.0,1.8609241247177124,0.999999463558197,0.00010000043297273491,0.0001,False,128.0,128.0,,
train,,,,,,,188.5330741405487,10.0,268.0,4489.0,1.8397257328033447,0.999999463558197,0.00010000047868249015,0.0001,False,128.0,128.0,,
train,,,,,,,188.56648087501526,10.0,269.0,4490.0,1.860676884651184,0.9999994039535522,9.999889984937018e-05,0.0001,False,128.0,128.0,,
train,,,,,,,188.60337281227112,10.0,270.0,4491.0,1.8474756479263306,0.999999463558197,0.00010000262858730204,0.0001,False,128.0,128.0,,
train,,,,,,,188.64776015281677,10.0,271.0,4492.0,1.860004186630249,0.9999994039535522,0.0001000009747187266,0.0001,False,128.0,128.0,,
train,,,,,,,188.68840789794922,10.0,272.0,4493.0,1.8886606693267822,0.9999994039535522,0.00010000258363311472,0.0001,False,128.0,128.0,,
train,,,,,,,188.72365617752075,10.0,273.0,4494.0,1.8691790103912354,0.9999994039535522,0.00010000050083046365,0.0001,False,128.0,128.0,,
train,,,,,,,188.77565574645996,10.0,274.0,4495.0,1.8516560792922974,0.9999994039535522,0.00010000020140523261,0.0001,False,128.0,128.0,,
train,,,,,,,188.81297039985657,10.0,275.0,4496.0,1.896188497543335,0.9999994039535522,0.00010000022359663552,0.0001,False,128.0,128.0,,
train,,,,,,,188.8460545539856,10.0,276.0,4497.0,1.8545821905136108,0.999999463558197,9.999993990452699e-05,0.0001,False,128.0,128.0,,
train,,,,,,,188.88206267356873,10.0,277.0,4498.0,1.9159529209136963,0.9999994039535522,0.00010000052776190711,0.0001,False,128.0,128.0,,
train,,,,,,,188.9158833026886,10.0,278.0,4499.0,1.8810292482376099,0.9999993443489075,9.99998302655405e-05,0.0001,False,128.0,128.0,,
train,,,,,,,188.9554479122162,10.0,279.0,4500.0,1.8867168426513672,0.999999463558197,9.99992234303765e-05,0.0001,False,128.0,128.0,,
train,,,,,,,188.98993587493896,10.0,280.0,4501.0,1.9116218090057373,0.999999463558197,9.999987385053232e-05,0.0001,False,128.0,128.0,,
train,,,,,,,189.02538919448853,10.0,281.0,4502.0,1.8291157484054565,0.999999463558197,0.00010000053198810479,0.0001,False,128.0,128.0,,
train,,,,,,,189.063401222229,10.0,282.0,4503.0,1.8974672555923462,0.999999463558197,0.00010000036593461397,0.0001,False,128.0,128.0,,
train,,,,,,,189.09990692138672,10.0,283.0,4504.0,1.8698391914367676,0.9999994039535522,0.00010000033634467218,0.0001,False,128.0,128.0,,
train,,,,,,,189.1390209197998,10.0,284.0,4505.0,1.8635280132293701,0.999999463558197,9.999997960802652e-05,0.0001,False,128.0,128.0,,
train,,,,,,,189.1770625114441,10.0,285.0,4506.0,1.9011456966400146,0.9999994039535522,9.999853458998322e-05,0.0001,False,128.0,128.0,,
train,,,,,,,189.21318173408508,10.0,286.0,4507.0,1.8656598329544067,0.9999994039535522,0.00010000141391510765,0.0001,False,128.0,128.0,,
train,,,,,,,189.25142455101013,10.0,287.0,4508.0,1.8625376224517822,0.9999992847442627,9.999963966446182e-05,0.0001,False,128.0,128.0,,
train,,,,,,,189.28658723831177,10.0,288.0,4509.0,1.8654495477676392,0.999999463558197,9.999897302078462e-05,0.0001,False,128.0,128.0,,
train,,,,,,,189.32449746131897,10.0,289.0,4510.0,1.8370161056518555,0.999999463558197,0.00010000182093103046,0.0001,False,128.0,128.0,,
train,,,,,,,189.35828232765198,10.0,290.0,4511.0,1.8659838438034058,0.999999463558197,9.999995593771706e-05,0.0001,False,128.0,128.0,,
train,,,,,,,189.39437651634216,10.0,291.0,4512.0,1.8338353633880615,0.999999463558197,0.0001000007232553464,0.0001,False,128.0,128.0,,
train,,,,,,,189.43003726005554,10.0,292.0,4513.0,1.8630186319351196,0.999999463558197,0.00010000082360832332,0.0001,False,128.0,128.0,,
train,,,,,,,189.4623351097107,10.0,293.0,4514.0,1.8848598003387451,0.9999995231628418,0.00010000109438738755,0.0001,False,128.0,128.0,,
train,,,,,,,189.49754309654236,10.0,294.0,4515.0,1.8497350215911865,0.9999994039535522,0.00010000009426236391,0.0001,False,128.0,128.0,,
train,,,,,,,189.53944730758667,10.0,295.0,4516.0,1.832163691520691,0.9999994039535522,9.999948860191471e-05,0.0001,False,128.0,128.0,,
train,,,,,,,189.57408833503723,10.0,296.0,4517.0,1.9068114757537842,0.9999994039535522,0.00010000051007649305,0.0001,False,128.0,128.0,,
train,,,,,,,189.61134910583496,10.0,297.0,4518.0,1.8802093267440796,0.999999463558197,9.999946443275335e-05,0.0001,False,128.0,128.0,,
train,,,,,,,189.65111780166626,10.0,298.0,4519.0,1.8314671516418457,0.9999993443489075,9.999977945105393e-05,0.0001,False,128.0,128.0,,
train,,,,,,,189.68708562850952,10.0,299.0,4520.0,1.822440505027771,0.9999994039535522,0.00010000014397731112,0.0001,False,128.0,128.0,,
train,,,,,,,189.7236135005951,10.0,300.0,4521.0,1.8684676885604858,0.9999994039535522,9.999938649551661e-05,0.0001,False,128.0,128.0,,
train,,,,,,,189.76632595062256,10.0,301.0,4522.0,1.9267584085464478,0.999999463558197,0.00010000014959780693,0.0001,False,128.0,128.0,,
train,,,,,,,189.80217289924622,10.0,302.0,4523.0,1.8705518245697021,0.999999463558197,0.00010000056231307363,0.0001,False,128.0,128.0,,
train,,,,,,,189.84210467338562,10.0,303.0,4524.0,1.8052332401275635,0.999999463558197,0.0001000010354594586,0.0001,False,128.0,128.0,,
train,,,,,,,189.87906312942505,10.0,304.0,4525.0,1.8468503952026367,0.999999463558197,0.00010000014442833857,0.0001,False,128.0,128.0,,
train,,,,,,,189.9123251438141,10.0,305.0,4526.0,1.8605252504348755,0.9999994039535522,0.00010000113569936648,0.0001,False,128.0,128.0,,
train,,,,,,,189.95049357414246,10.0,306.0,4527.0,1.9279217720031738,0.999999463558197,0.00010000098516165958,0.0001,False,128.0,128.0,,
train,,,,,,,189.98913598060608,10.0,307.0,4528.0,1.9005745649337769,0.9999994039535522,0.00010000123143762199,0.0001,False,128.0,128.0,,
train,,,,,,,190.02892923355103,10.0,308.0,4529.0,1.843349575996399,0.9999992847442627,0.00010000071206646028,0.0001,False,128.0,128.0,,
train,,,,,,,190.07059621810913,10.0,309.0,4530.0,1.836084246635437,0.9999994039535522,0.00010000083037802572,0.0001,False,128.0,128.0,,
train,,,,,,,190.10992121696472,10.0,310.0,4531.0,1.8352444171905518,0.999999463558197,9.999921505593354e-05,0.0001,False,128.0,128.0,,
train,,,,,,,190.1501259803772,10.0,311.0,4532.0,1.8829494714736938,0.9999994039535522,0.00010000007579841662,0.0001,False,128.0,128.0,,
train,,,,,,,190.19109988212585,10.0,312.0,4533.0,1.915976643562317,0.999999463558197,0.00010000031503583208,0.0001,False,128.0,128.0,,
train,,,,,,,190.2257628440857,10.0,313.0,4534.0,1.8490668535232544,0.9999993443489075,0.00010000184233712607,0.0001,False,128.0,128.0,,
train,,,,,,,190.25883030891418,10.0,314.0,4535.0,1.8452816009521484,0.9999994039535522,0.00010000058007870895,0.0001,False,128.0,128.0,,
train,,,,,,,190.2970860004425,10.0,315.0,4536.0,1.878603219985962,0.9999994039535522,9.99997103308207e-05,0.0001,False,128.0,128.0,,
train,,,,,,,190.33473086357117,10.0,316.0,4537.0,1.8395119905471802,0.999999463558197,9.999992395373377e-05,0.0001,False,128.0,128.0,,
train,,,,,,,190.37057614326477,10.0,317.0,4538.0,1.8813905715942383,0.999999463558197,0.00010000058979527198,0.0001,False,128.0,128.0,,
train,,,,,,,190.40656232833862,10.0,318.0,4539.0,1.8675086498260498,0.999999463558197,9.999985948266598e-05,0.0001,False,128.0,128.0,,
train,,,,,,,190.4412055015564,10.0,319.0,4540.0,1.8104610443115234,0.9999993443489075,9.999950725679094e-05,0.0001,False,128.0,128.0,,
train,,,,,,,190.47547698020935,10.0,320.0,4541.0,1.8677122592926025,0.9999994039535522,0.00010000091266825342,0.0001,False,128.0,128.0,,
train,,,,,,,190.51552271842957,10.0,321.0,4542.0,1.783078908920288,0.9999994039535522,9.999843931319152e-05,0.0001,False,128.0,128.0,,
train,,,,,,,190.5526373386383,10.0,322.0,4543.0,1.8695147037506104,0.9999994039535522,9.999846843531213e-05,0.0001,False,128.0,128.0,,
train,,,,,,,190.58848571777344,10.0,323.0,4544.0,1.8897203207015991,0.9999995231628418,0.00010000225583468812,0.0001,False,128.0,128.0,,
train,,,,,,,190.6277620792389,10.0,324.0,4545.0,1.8819599151611328,0.999999463558197,0.00010000172055303395,0.0001,False,128.0,128.0,,
train,,,,,,,190.66380739212036,10.0,325.0,4546.0,1.8592716455459595,0.999999463558197,0.00010000140616750818,0.0001,False,128.0,128.0,,
train,,,,,,,190.70593690872192,10.0,326.0,4547.0,1.869962215423584,0.999999463558197,0.00010000045484316405,0.0001,False,128.0,128.0,,
train,,,,,,,190.75228762626648,10.0,327.0,4548.0,1.8029285669326782,0.9999993443489075,0.00010000008298883971,0.0001,False,128.0,128.0,,
train,,,,,,,190.80584454536438,10.0,328.0,4549.0,1.7861310243606567,0.9999994039535522,0.00010000221665683453,0.0001,False,128.0,128.0,,
train,,,,,,,190.85166573524475,10.0,329.0,4550.0,1.8534654378890991,0.9999995231628418,9.999959116357532e-05,0.0001,False,128.0,128.0,,
train,,,,,,,190.88969802856445,10.0,330.0,4551.0,1.8401882648468018,0.9999995231628418,0.00010000137057798177,0.0001,False,128.0,128.0,,
train,,,,,,,190.92315983772278,10.0,331.0,4552.0,1.8564705848693848,0.9999995231628418,0.00010000038809995962,0.0001,False,128.0,128.0,,
train,,,,,,,190.95580673217773,10.0,332.0,4553.0,1.8262951374053955,0.9999995231628418,9.999967191958748e-05,0.0001,False,128.0,128.0,,
train,,,,,,,190.99531531333923,10.0,333.0,4554.0,1.8508392572402954,0.9999993443489075,9.999902523648386e-05,0.0001,False,128.0,128.0,,
train,,,,,,,191.03286838531494,10.0,334.0,4555.0,1.8380385637283325,0.999999463558197,9.999883328293911e-05,0.0001,False,128.0,128.0,,
train,,,,,,,191.0709798336029,10.0,335.0,4556.0,1.8632599115371704,0.999999463558197,9.999989716524253e-05,0.0001,False,128.0,128.0,,
train,,,,,,,191.11652517318726,10.0,336.0,4557.0,1.8760467767715454,0.999999463558197,0.00010000124258308245,0.0001,False,128.0,128.0,,
train,,,,,,,191.15231370925903,10.0,337.0,4558.0,1.908540964126587,0.9999994039535522,0.00010000002569529125,0.0001,False,128.0,128.0,,
train,,,,,,,191.1889340877533,10.0,338.0,4559.0,1.8392367362976074,0.999999463558197,9.999960009310051e-05,0.0001,False,128.0,128.0,,
train,,,,,,,191.23203134536743,10.0,339.0,4560.0,1.8444101810455322,0.9999994039535522,0.00010000120436976022,0.0001,False,128.0,128.0,,
train,,,,,,,191.26898431777954,10.0,340.0,4561.0,1.908347487449646,0.999999463558197,0.00010000153828860819,0.0001,False,128.0,128.0,,
train,,,,,,,191.30944919586182,10.0,341.0,4562.0,1.8349583148956299,0.9999995231628418,0.00010000082262821264,0.0001,False,128.0,128.0,,
train,,,,,,,191.34218430519104,10.0,342.0,4563.0,1.8064720630645752,0.9999994039535522,0.0001000010874529061,0.0001,False,128.0,128.0,,
train,,,,,,,191.37650179862976,10.0,343.0,4564.0,1.8729586601257324,0.9999994039535522,0.00010000091310409873,0.0001,False,128.0,128.0,,
train,,,,,,,191.41218376159668,10.0,344.0,4565.0,1.8605046272277832,0.9999994039535522,0.00010000220017298874,0.0001,False,128.0,128.0,,
train,,,,,,,191.45107436180115,10.0,345.0,4566.0,1.848913550376892,0.9999994039535522,9.999937893207557e-05,0.0001,False,128.0,128.0,,
train,,,,,,,191.4873812198639,10.0,346.0,4567.0,1.8197615146636963,0.999999463558197,0.00010000083014817675,0.0001,False,128.0,128.0,,
train,,,,,,,191.52339696884155,10.0,347.0,4568.0,1.8438220024108887,0.999999463558197,9.999866280952887e-05,0.0001,False,128.0,128.0,,
train,,,,,,,191.56187748908997,10.0,348.0,4569.0,1.8389873504638672,0.9999994039535522,0.00010000084149317347,0.0001,False,128.0,128.0,,
train,,,,,,,191.59926843643188,10.0,349.0,4570.0,1.8775341510772705,0.999999463558197,9.999876815196509e-05,0.0001,False,128.0,128.0,,
train,,,,,,,191.6352071762085,10.0,350.0,4571.0,1.8482797145843506,0.9999993443489075,0.00010000062614184464,0.0001,False,128.0,128.0,,
train,,,,,,,191.67635250091553,10.0,351.0,4572.0,1.9027714729309082,0.999999463558197,0.0001000002610665718,0.0001,False,128.0,128.0,,
train,,,,,,,191.73301911354065,10.0,352.0,4573.0,1.8937900066375732,0.9999994039535522,0.00010000014232932617,0.0001,False,128.0,128.0,,
train,,,,,,,191.7693064212799,10.0,353.0,4574.0,1.8260493278503418,0.9999994039535522,0.00010000017986434491,0.0001,False,128.0,128.0,,
train,,,,,,,191.81041741371155,10.0,354.0,4575.0,1.8692952394485474,0.999999463558197,9.999938378499451e-05,0.0001,False,128.0,128.0,,
train,,,,,,,191.8460192680359,10.0,355.0,4576.0,1.8489757776260376,0.9999995231628418,9.99993030114023e-05,0.0001,False,128.0,128.0,,
train,,,,,,,191.88021087646484,10.0,356.0,4577.0,1.8302918672561646,0.9999995231628418,9.999926560615964e-05,0.0001,False,128.0,128.0,,
train,,,,,,,191.9202435016632,10.0,357.0,4578.0,1.8663313388824463,0.999999463558197,9.999992185905356e-05,0.0001,False,128.0,128.0,,
train,,,,,,,191.95613312721252,10.0,358.0,4579.0,1.8627692461013794,0.9999993443489075,9.999913984637861e-05,0.0001,False,128.0,128.0,,
train,,,,,,,191.98931741714478,10.0,359.0,4580.0,1.8533471822738647,0.9999994039535522,0.00010000057687165748,0.0001,False,128.0,128.0,,
train,,,,,,,192.0258903503418,10.0,360.0,4581.0,1.8492351770401,0.9999995231628418,9.999951236340821e-05,0.0001,False,128.0,128.0,,
train,,,,,,,192.06334900856018,10.0,361.0,4582.0,1.8560978174209595,0.999999463558197,9.999997989859276e-05,0.0001,False,128.0,128.0,,
train,,,,,,,192.10224533081055,10.0,362.0,4583.0,1.8977060317993164,0.9999995231628418,0.00010000229285284517,0.0001,False,128.0,128.0,,
train,,,,,,,192.14348673820496,10.0,363.0,4584.0,1.8692489862442017,0.9999993443489075,0.00010000068109752516,0.0001,False,128.0,128.0,,
train,,,,,,,192.1793019771576,10.0,364.0,4585.0,1.8661874532699585,0.999999463558197,9.999997607352665e-05,0.0001,False,128.0,128.0,,
train,,,,,,,192.22163772583008,10.0,365.0,4586.0,1.8808510303497314,0.9999995231628418,0.00010000187481921946,0.0001,False,128.0,128.0,,
train,,,,,,,192.26220655441284,10.0,366.0,4587.0,1.8303780555725098,0.9999993443489075,0.0001000006862192612,0.0001,False,128.0,128.0,,
train,,,,,,,192.29575872421265,10.0,367.0,4588.0,1.8730708360671997,0.9999994039535522,0.00010000199632123677,0.0001,False,128.0,128.0,,
train,,,,,,,192.3331093788147,10.0,368.0,4589.0,1.8470404148101807,0.9999994039535522,0.00010000083061221143,0.0001,False,128.0,128.0,,
train,,,,,,,192.36853408813477,10.0,369.0,4590.0,1.8434113264083862,0.999999463558197,0.00010000163123361908,0.0001,False,128.0,128.0,,
train,,,,,,,192.40331888198853,10.0,370.0,4591.0,1.8161792755126953,0.9999994039535522,9.9999664798524e-05,0.0001,False,128.0,128.0,,
train,,,,,,,192.44257950782776,10.0,371.0,4592.0,1.8575881719589233,0.9999994039535522,9.999982982318527e-05,0.0001,False,128.0,128.0,,
train,,,,,,,192.4798390865326,10.0,372.0,4593.0,1.8061915636062622,0.9999995231628418,9.999894343910437e-05,0.0001,False,128.0,128.0,,
train,,,,,,,192.514634847641,10.0,373.0,4594.0,1.8526548147201538,0.9999995231628418,0.00010000189586101851,0.0001,False,128.0,128.0,,
train,,,,,,,192.55557942390442,10.0,374.0,4595.0,1.8054908514022827,0.999999463558197,0.00010000194991396264,0.0001,False,128.0,128.0,,
train,,,,,,,192.5891215801239,10.0,375.0,4596.0,1.8855009078979492,0.999999463558197,0.0001000004043455806,0.0001,False,128.0,128.0,,
train,,,,,,,192.65769243240356,10.0,376.0,4597.0,1.8468014001846313,0.9999995231628418,0.00010000015696169679,0.0001,False,128.0,128.0,,
train,,,,,,,192.69060468673706,10.0,377.0,4598.0,1.831706166267395,0.9999994039535522,9.99998985443491e-05,0.0001,False,128.0,128.0,,
train,,,,,,,192.72855424880981,10.0,378.0,4599.0,1.8440508842468262,0.999999463558197,0.00010000066110713966,0.0001,False,128.0,128.0,,
train,,,,,,,192.76982259750366,10.0,379.0,4600.0,1.8880211114883423,0.9999995231628418,9.999980343365599e-05,0.0001,False,128.0,128.0,,
train,,,,,,,192.80977511405945,10.0,380.0,4601.0,1.8740026950836182,0.999999463558197,0.00010000016310260807,0.0001,False,128.0,128.0,,
train,,,,,,,192.84451603889465,10.0,381.0,4602.0,1.8678525686264038,0.999999463558197,9.99992522703741e-05,0.0001,False,128.0,128.0,,
train,,,,,,,192.87833070755005,10.0,382.0,4603.0,1.8283082246780396,0.9999994039535522,9.999789525057023e-05,0.0001,False,128.0,128.0,,
train,,,,,,,192.91571259498596,10.0,383.0,4604.0,1.7971421480178833,0.9999995231628418,0.00010000047051198135,0.0001,False,128.0,128.0,,
train,,,,,,,192.95063018798828,10.0,384.0,4605.0,1.8736993074417114,0.999999463558197,0.00010000156436109756,0.0001,False,128.0,128.0,,
train,,,,,,,192.98600387573242,10.0,385.0,4606.0,1.836361289024353,0.999999463558197,9.999969432361217e-05,0.0001,False,128.0,128.0,,
train,,,,,,,193.02527141571045,10.0,386.0,4607.0,1.8233340978622437,0.999999463558197,0.00010000153791131164,0.0001,False,128.0,128.0,,
train,,,,,,,193.0677170753479,10.0,387.0,4608.0,1.8218756914138794,0.999999463558197,9.999931515888737e-05,0.0001,False,128.0,128.0,,
train,,,,,,,193.1189181804657,10.0,388.0,4609.0,1.8378547430038452,0.999999463558197,9.99984931077916e-05,0.0001,False,128.0,128.0,,
train,,,,,,,193.16288876533508,10.0,389.0,4610.0,1.861763596534729,0.999999463558197,9.9999771328193e-05,0.0001,False,128.0,128.0,,
train,,,,,,,193.19827842712402,10.0,390.0,4611.0,1.8676143884658813,0.9999994039535522,9.99997841044598e-05,0.0001,False,128.0,128.0,,
train,,,,,,,193.2356698513031,10.0,391.0,4612.0,1.8457869291305542,0.9999995231628418,0.00010000053051142927,0.0001,False,128.0,128.0,,
train,,,,,,,193.27587175369263,10.0,392.0,4613.0,1.8438583612442017,0.9999994039535522,0.00010000151365591073,0.0001,False,128.0,128.0,,
train,,,,,,,193.31961059570312,10.0,393.0,4614.0,1.8401545286178589,0.9999994039535522,0.00010000074754997002,0.0001,False,128.0,128.0,,
train,,,,,,,193.35632348060608,10.0,394.0,4615.0,1.833929181098938,0.9999994039535522,9.99983078472031e-05,0.0001,False,128.0,128.0,,
train,,,,,,,193.39212131500244,10.0,395.0,4616.0,1.8642789125442505,0.999999463558197,9.99981510275927e-05,0.0001,False,128.0,128.0,,
train,,,,,,,193.42789912223816,10.0,396.0,4617.0,1.8268332481384277,0.9999994039535522,0.00010000024561889838,0.0001,False,128.0,128.0,,
train,,,,,,,193.47351264953613,10.0,397.0,4618.0,1.7852009534835815,0.9999994039535522,9.99986725067623e-05,0.0001,False,128.0,128.0,,
train,,,,,,,193.5098774433136,10.0,398.0,4619.0,1.8648474216461182,0.9999995231628418,0.00010000015512722958,0.0001,False,128.0,128.0,,
train,,,,,,,193.5469343662262,10.0,399.0,4620.0,1.8523696660995483,0.9999994039535522,9.99979667269931e-05,0.0001,False,128.0,128.0,,
train,,,,,,,193.58400297164917,10.0,400.0,4621.0,1.8218839168548584,0.999999463558197,0.00010000017090885068,0.0001,False,128.0,128.0,,
train,,,,,,,193.6187825202942,10.0,401.0,4622.0,1.8228811025619507,0.999999463558197,9.999911720803995e-05,0.0001,False,128.0,128.0,,
train,,,,,,,193.6624720096588,10.0,402.0,4623.0,1.8576867580413818,0.9999994039535522,9.999881373671239e-05,0.0001,False,128.0,128.0,,
train,,,,,,,193.70340514183044,10.0,403.0,4624.0,1.8155416250228882,0.9999994039535522,9.999876962866664e-05,0.0001,False,128.0,128.0,,
train,,,,,,,193.7415006160736,10.0,404.0,4625.0,1.8784922361373901,0.999999463558197,0.0001000006001558463,0.0001,False,128.0,128.0,,
train,,,,,,,193.78847002983093,10.0,405.0,4626.0,1.8088479042053223,0.9999994039535522,9.999942209225438e-05,0.0001,False,128.0,128.0,,
train,,,,,,,193.823796749115,10.0,406.0,4627.0,1.8646103143692017,0.9999995231628418,0.00010000075798425318,0.0001,False,128.0,128.0,,
train,,,,,,,193.85771799087524,10.0,407.0,4628.0,1.8697004318237305,0.9999993443489075,0.00010000132435689758,0.0001,False,128.0,128.0,,
train,,,,,,,193.89277052879333,10.0,408.0,4629.0,1.8539990186691284,0.9999994039535522,0.00010000139335458624,0.0001,False,128.0,128.0,,
train,,,,,,,193.92774295806885,10.0,409.0,4630.0,1.8762319087982178,0.9999992847442627,9.99991914244747e-05,0.0001,False,128.0,128.0,,
train,,,,,,,193.9660518169403,10.0,410.0,4631.0,1.8314473628997803,0.999999463558197,9.999973837487139e-05,0.0001,False,128.0,128.0,,
train,,,,,,,194.00358152389526,10.0,411.0,4632.0,1.9022315740585327,0.9999994039535522,0.00010000090236408949,0.0001,False,128.0,128.0,,
train,,,,,,,194.04220747947693,10.0,412.0,4633.0,1.8265511989593506,0.999999463558197,0.00010000016412609324,0.0001,False,128.0,128.0,,
train,,,,,,,194.0831253528595,10.0,413.0,4634.0,1.8434674739837646,0.9999993443489075,9.999975304416408e-05,0.0001,False,128.0,128.0,,
train,,,,,,,194.12801599502563,10.0,414.0,4635.0,1.8498940467834473,0.999999463558197,0.00010000005592717228,0.0001,False,128.0,128.0,,
train,,,,,,,194.16415357589722,10.0,415.0,4636.0,1.8725379705429077,0.999999463558197,9.999898878524486e-05,0.0001,False,128.0,128.0,,
train,,,,,,,194.20280146598816,10.0,416.0,4637.0,1.8102662563323975,0.999999463558197,0.00010000058032373722,0.0001,False,128.0,128.0,,
train,,,,,,,194.24417424201965,10.0,417.0,4638.0,1.8915239572525024,0.999999463558197,9.999970366512621e-05,0.0001,False,128.0,128.0,,
train,,,,,,,194.2841854095459,10.0,418.0,4639.0,1.8195127248764038,0.9999995231628418,0.00010000122903072278,0.0001,False,128.0,128.0,,
train,,,,,,,194.31814885139465,10.0,419.0,4640.0,1.854957103729248,0.9999993443489075,9.99998006971243e-05,0.0001,False,128.0,128.0,,
train,,,,,,,194.35202074050903,10.0,420.0,4641.0,1.8420506715774536,0.999999463558197,9.999882818062401e-05,0.0001,False,128.0,128.0,,
train,,,,,,,194.3888237476349,10.0,421.0,4642.0,1.8761682510375977,0.9999994039535522,9.999992565810086e-05,0.0001,False,128.0,128.0,,
train,,,,,,,194.42343163490295,10.0,422.0,4643.0,1.8439465761184692,0.9999994039535522,9.999932983908424e-05,0.0001,False,128.0,128.0,,
train,,,,,,,194.47000360488892,10.0,423.0,4644.0,1.8397036790847778,0.9999995231628418,0.00010000080635880735,0.0001,False,128.0,128.0,,
train,,,,,,,194.50821042060852,10.0,424.0,4645.0,1.7715250253677368,0.999999463558197,0.00010000040379047133,0.0001,False,128.0,128.0,,
train,,,,,,,194.54379057884216,10.0,425.0,4646.0,1.837328314781189,0.9999994039535522,0.00010000025757111306,0.0001,False,128.0,128.0,,
train,,,,,,,194.58038473129272,10.0,426.0,4647.0,1.850441813468933,0.9999994039535522,9.999963091925521e-05,0.0001,False,128.0,128.0,,
train,,,,,,,194.6176679134369,10.0,427.0,4648.0,1.810752511024475,0.9999993443489075,9.999986186574567e-05,0.0001,False,128.0,128.0,,
train,,,,,,,194.65704989433289,10.0,428.0,4649.0,1.8898893594741821,0.9999993443489075,9.999992152511902e-05,0.0001,False,128.0,128.0,,
train,,,,,,,194.69212198257446,10.0,429.0,4650.0,1.8840417861938477,0.9999995231628418,9.99991204303172e-05,0.0001,False,128.0,128.0,,
train,,,,,,,194.73586106300354,10.0,430.0,4651.0,1.7992658615112305,0.999999463558197,9.999957173459107e-05,0.0001,False,128.0,128.0,,
train,,,,,,,194.78315424919128,10.0,431.0,4652.0,1.8447928428649902,0.999999463558197,0.00010000077489334067,0.0001,False,128.0,128.0,,
train,,,,,,,194.83149766921997,10.0,432.0,4653.0,1.788210153579712,0.9999994039535522,9.999845171232031e-05,0.0001,False,128.0,128.0,,
train,,,,,,,194.86780738830566,10.0,433.0,4654.0,1.9009867906570435,0.999999463558197,0.00010000142102737309,0.0001,False,128.0,128.0,,
train,,,,,,,194.9011414051056,10.0,434.0,4655.0,1.8676750659942627,0.9999993443489075,9.99999228109838e-05,0.0001,False,128.0,128.0,,
train,,,,,,,194.9371063709259,10.0,435.0,4656.0,1.869629979133606,0.9999993443489075,0.00010000116681994736,0.0001,False,128.0,128.0,,
train,,,,,,,194.97271418571472,10.0,436.0,4657.0,1.853233814239502,0.9999992847442627,9.999941499719411e-05,0.0001,False,128.0,128.0,,
train,,,,,,,195.01476001739502,10.0,437.0,4658.0,1.8506752252578735,0.9999995231628418,0.00010000105232513154,0.0001,False,128.0,128.0,,
train,,,,,,,195.05339574813843,10.0,438.0,4659.0,1.8579820394515991,0.9999993443489075,9.999926993866325e-05,0.0001,False,128.0,128.0,,
train,,,,,,,195.0941619873047,10.0,439.0,4660.0,1.8335539102554321,0.999999463558197,0.00010000065688094744,0.0001,False,128.0,128.0,,
train,,,,,,,195.14120936393738,10.0,440.0,4661.0,1.846055030822754,0.9999993443489075,9.999986177684097e-05,0.0001,False,128.0,128.0,,
train,,,,,,,195.17817783355713,10.0,441.0,4662.0,1.794005274772644,0.9999995231628418,0.00010000083497066787,0.0001,False,128.0,128.0,,
train,,,,,,,195.21604990959167,10.0,442.0,4663.0,1.8466349840164185,0.9999995231628418,0.00010000303289219458,0.0001,False,128.0,128.0,,
train,,,,,,,195.25536227226257,10.0,443.0,4664.0,1.859551191329956,0.999999463558197,9.999969676090607e-05,0.0001,False,128.0,128.0,,
train,,,,,,,195.29601407051086,10.0,444.0,4665.0,1.8367724418640137,0.9999995827674866,0.00010000218594423147,0.0001,False,128.0,128.0,,
train,,,,,,,195.3356590270996,10.0,445.0,4666.0,1.8532676696777344,0.9999995827674866,9.999934540833056e-05,0.0001,False,128.0,128.0,,
train,,,,,,,195.37585878372192,10.0,446.0,4667.0,1.8272390365600586,0.9999995231628418,9.999863856644118e-05,0.0001,False,128.0,128.0,,
train,,,,,,,195.41306018829346,10.0,447.0,4668.0,1.8502333164215088,0.999999463558197,0.00010000036465526008,0.0001,False,128.0,128.0,,
train,,,,,,,195.45707440376282,10.0,448.0,4669.0,1.8605278730392456,0.9999993443489075,0.00010000217271942158,0.0001,False,128.0,128.0,,
train,,,,,,,195.4964485168457,10.0,449.0,4670.0,1.823411226272583,0.9999994039535522,0.00010000007167411459,0.0001,False,128.0,128.0,,
train,,,,,,,195.53374218940735,10.0,450.0,4671.0,1.8543468713760376,0.9999994039535522,0.00010000116457567502,0.0001,False,128.0,128.0,,
train,,,,,,,195.57324147224426,10.0,451.0,4672.0,1.8025305271148682,0.9999994039535522,9.999951096261216e-05,0.0001,False,128.0,128.0,,
train,,,,,,,195.61034226417542,10.0,452.0,4673.0,1.8713659048080444,0.9999994039535522,0.00010000045724574511,0.0001,False,128.0,128.0,,
train,,,,,,,195.6494472026825,10.0,453.0,4674.0,1.8186160326004028,0.999999463558197,9.999975483093365e-05,0.0001,False,128.0,128.0,,
train,,,,,,,195.6857991218567,10.0,454.0,4675.0,1.8140755891799927,0.999999463558197,0.00010000063006663185,0.0001,False,128.0,128.0,,
train,,,,,,,195.72203063964844,10.0,455.0,4676.0,1.9192614555358887,0.9999994039535522,0.00010000236850237282,0.0001,False,128.0,128.0,,
train,,,,,,,195.7566225528717,10.0,456.0,4677.0,1.85427725315094,0.999999463558197,0.0001000012922215656,0.0001,False,128.0,128.0,,
train,,,,,,,195.79414176940918,10.0,457.0,4678.0,1.8216599225997925,0.999999463558197,9.999968008148789e-05,0.0001,False,128.0,128.0,,
train,,,,,,,195.83627104759216,10.0,458.0,4679.0,1.8219068050384521,0.9999994039535522,9.99996987970439e-05,0.0001,False,128.0,128.0,,
train,,,,,,,195.87131547927856,10.0,459.0,4680.0,1.8686443567276,0.9999995231628418,9.999969321772257e-05,0.0001,False,128.0,128.0,,
train,,,,,,,195.90954327583313,10.0,460.0,4681.0,1.8619743585586548,0.999999463558197,0.00010000101610447997,0.0001,False,128.0,128.0,,
train,,,,,,,195.94428515434265,10.0,461.0,4682.0,1.8697502613067627,0.9999993443489075,0.00010000122564805351,0.0001,False,128.0,128.0,,
train,,,,,,,195.98419284820557,10.0,462.0,4683.0,1.8008095026016235,0.9999993443489075,0.00010000113918178426,0.0001,False,128.0,128.0,,
train,,,,,,,196.02157425880432,10.0,463.0,4684.0,1.8394412994384766,0.999999463558197,0.00010000043547506266,0.0001,False,128.0,128.0,,
train,,,,,,,196.0621829032898,10.0,464.0,4685.0,1.8458576202392578,0.999999463558197,9.999985066158431e-05,0.0001,False,128.0,128.0,,
train,,,,,,,196.10273909568787,10.0,465.0,4686.0,1.842026710510254,0.999999463558197,0.00010000073205900398,0.0001,False,128.0,128.0,,
train,,,,,,,196.1481077671051,10.0,466.0,4687.0,1.8244848251342773,0.9999994039535522,0.00010000148792817929,0.0001,False,128.0,128.0,,
train,,,,,,,196.18452525138855,10.0,467.0,4688.0,1.8458937406539917,0.999999463558197,9.999914026271582e-05,0.0001,False,128.0,128.0,,
train,,,,,,,196.22911262512207,10.0,468.0,4689.0,1.882072925567627,0.999999463558197,9.999962479999537e-05,0.0001,False,128.0,128.0,,
train,,,,,,,196.26025319099426,10.0,469.0,4690.0,1.8775943517684937,0.9999993443489075,0.00010000018023297299,0.0001,False,128.0,128.0,,
eval,,,,,,,198.38339638710022,10.0,,4690.0,,,,,False,128.0,128.0,1.8352174602508544,0.6382
