iteration,loss,grad_norm
0,56.5,0.6717513799667358
5,30.053359985351562,0.5269607305526733
10,16.19672203063965,0.4151967465877533
15,8.695058822631836,0.3305484652519226
20,4.577381610870361,0.2680291533470154
25,2.3386683464050293,0.22379787266254425
30,1.1880214214324951,0.1953660547733307
35,0.7109821438789368,0.18294990062713623
40,0.6127194762229919,0.2111133486032486
45,0.534091591835022,0.2648591101169586
50,0.46369099617004395,0.3222203850746155
55,0.424875408411026,0.3604501187801361
60,0.39622747898101807,0.38587304949760437
65,0.3687455654144287,0.4173888564109802
70,0.35306522250175476,0.43555545806884766
75,0.32857248187065125,0.46303290128707886
80,0.3242872953414917,0.47643640637397766
85,0.29751822352409363,0.5012741684913635
90,0.30527442693710327,0.5113314390182495
95,0.27205419540405273,0.5343596339225769
100,0.2935146391391754,0.5419705510139465
105,0.25021567940711975,0.5637282133102417
110,0.2875230610370636,0.5695078372955322
115,0.23085835576057434,0.5903698205947876
120,0.2863636314868927,0.5947615504264832
125,0.21329697966575623,0.615002453327179
130,0.28941529989242554,0.6183403134346008
135,0.19711418449878693,0.6381704807281494
140,0.2962452173233032,0.6407131552696228
145,0.1820518523454666,0.6602997183799744
150,0.30653780698776245,0.6622524261474609
155,0.16794481873512268,0.6817310452461243
160,0.32005786895751953,0.6832581162452698
165,0.15468455851078033,0.7027406692504883
170,0.33663254976272583,0.7039726376533508
175,0.14219319820404053,0.7235514521598816
180,0.35613957047462463,0.7245900630950928
185,0.1304105967283249,0.7443394064903259
190,0.3785112500190735,0.7452604174613953
195,0.11928711831569672,0.7652390003204346
200,0.40373727679252625,0.7660955190658569
205,0.10877963900566101,0.7863478660583496
210,0.43186458945274353,0.7871742844581604
215,0.09885016828775406,0.8077329993247986
220,0.46299436688423157,0.8085493445396423
225,0.0894671380519867,0.8294383883476257
230,0.4972690939903259,0.8302554488182068
235,0.08060403913259506,0.8514922261238098
240,0.5348703265190125,0.8523157835006714
245,0.07223914563655853,0.8739147186279297
250,0.5760016441345215,0.8747483491897583
255,0.06435610353946686,0.8967218399047852
260,0.6208862066268921,0.8975687026977539
265,0.056942347437143326,0.9199283719062805
270,0.6697593331336975,0.9207910895347595
275,0.04998870939016342,0.9435470104217529
280,0.7228713631629944,0.944428563117981
285,0.04348883032798767,0.96759033203125
290,0.780493974685669,0.968493640422821
295,0.03743810951709747,0.9920706748962402
300,0.8429110646247864,0.9929997324943542
305,0.031834304332733154,1.0170005559921265
310,0.9104195833206177,1.0179576873779297
315,0.026676373556256294,1.042391061782837
320,0.983340859413147,1.043379783630371
325,0.021964607760310173,1.0682529211044312
330,1.0620158910751343,1.0692760944366455
335,0.018433302640914917,1.09236478805542
340,1.1049474477767944,1.0888816118240356
345,0.017635110765695572,1.1122416257858276
350,1.1711195707321167,1.1043797731399536
355,0.03122653067111969,1.1253200769424438
360,1.0596389770507812,1.1096433401107788
365,0.01626531034708023,1.1259149312973022
370,1.2104653120040894,1.116649866104126
375,0.036479245871305466,1.1375330686569214
380,1.0517401695251465,1.1208369731903076
385,0.01755174621939659,1.136338233947754
390,1.2102336883544922,1.123732089996338
395,0.03576209023594856,1.147249460220337
400,1.0791195631027222,1.1302337646484375
405,0.016452960669994354,1.1456490755081177
410,1.2416799068450928,1.1326498985290527
415,0.06203203648328781,1.1571009159088135
420,0.9730362892150879,1.1387463808059692
425,0.02990679070353508,1.1533255577087402
430,1.1328182220458984,1.1365382671356201
435,0.01345043070614338,1.1523559093475342
440,1.2968026399612427,1.1413893699645996
445,0.08712691068649292,1.1634105443954468
450,0.8981073498725891,1.144439697265625
455,0.04529844596982002,1.1588454246520996
460,1.0541223287582397,1.1409430503845215
465,0.020301809534430504,1.1558209657669067
470,1.2192412614822388,1.1403515338897705
475,0.010000103153288364,1.1581976413726807
480,0.6367713212966919,1.1526011228561401
485,0.13558736443519592,1.167116403579712
490,0.7746461033821106,1.1475571393966675
495,0.07871914654970169,1.1619373559951782
500,0.9225035309791565,1.143129825592041
505,0.03992908447980881,1.1575695276260376
510,1.0798953771591187,1.1399447917938232
515,0.01765541359782219,1.1550207138061523
520,1.245945692062378,1.1404412984848022
525,0.009402219206094742,0.830691397190094
530,0.7427324056625366,1.1498724222183228
535,0.09079064428806305,1.1642738580703735
540,0.88862544298172,1.1452319622039795
545,0.047662194818258286,1.159626841545105
550,1.0441521406173706,1.1416120529174805
555,0.02150457352399826,1.1564218997955322
560,1.2088876962661743,1.14064359664917
565,0.010285272262990475,1.157994031906128
570,0.8252790570259094,1.150364875793457
575,0.06579755246639252,1.1647330522537231
580,0.977397084236145,1.14608633518219
585,0.03160340338945389,1.16060209274292
590,1.139038324356079,1.143379807472229
595,0.013597903773188591,1.1589114665985107
600,1.3071277141571045,1.1465407609939575
605,0.029746277257800102,1.1665098667144775
610,1.1669371128082275,1.149205207824707
615,0.012392595410346985,1.164804458618164
620,1.3371834754943848,1.152885913848877
625,0.10581780225038528,1.1751457452774048
630,0.8714558482170105,1.1556671857833862
635,0.0569721944630146,1.1700332164764404
640,1.0279159545898438,1.1514390707015991
645,0.02595660835504532,1.166028380393982
650,1.1939418315887451,1.149101972579956
655,0.010982692241668701,1.1651477813720703
660,0.908908486366272,1.157913327217102
665,0.0494692288339138,1.1722856760025024
670,1.0684244632720947,1.153831958770752
675,0.021562589332461357,1.1685277223587036
680,1.2374757528305054,1.1520776748657227
685,0.009366762824356556,1.1689164638519287
690,0.9245360493659973,1.1598422527313232
695,0.04705224931240082,1.1742173433303833
700,1.0855211019515991,1.1557819843292236
705,0.02011633850634098,1.1705161333084106
710,1.256041407585144,1.1542201042175293
715,0.008813371881842613,1.1714154481887817
720,0.664716899394989,1.1646580696105957
725,0.1343919336795807,1.1791821718215942
730,0.8071866035461426,1.1593585014343262
735,0.07678423821926117,1.1737375259399414
740,0.9597814679145813,1.1546587944030762
745,0.03777795657515526,1.1690834760665894
750,1.1220667362213135,1.1511796712875366
755,0.015767741948366165,1.1662373542785645
760,1.2932113409042358,1.1515071392059326
765,0.023662978783249855,1.1730225086212158
770,1.2304816246032715,1.1560537815093994
775,0.009682932868599892,1.1722947359085083
780,0.5726935863494873,1.1684424877166748
785,0.18566901981830597,1.1831218004226685
790,0.7077569961547852,1.1628872156143188
795,0.11438199877738953,1.1773537397384644
800,0.8534166812896729,1.1577398777008057
805,0.06273086369037628,1.1721047163009644
810,1.0090285539627075,1.1533225774765015
815,0.02919914573431015,1.1678417921066284
820,1.1742589473724365,1.150530219078064
825,0.012075858190655708,1.1661584377288818
830,1.3448772430419922,1.1544326543807983
835,0.13735070824623108,1.1774049997329712
840,0.7957048416137695,1.1575990915298462
845,0.07907778024673462,1.1719813346862793
850,0.9471004009246826,1.1529117822647095
855,0.03938024491071701,1.1673303842544556
860,1.108171820640564,1.1494073867797852
865,0.016669131815433502,1.1644154787063599
870,1.278213620185852,1.1494594812393188
875,0.008446198888123035,0.7655969858169556
880,0.642852246761322,1.1593791246414185
885,0.1393047273159027,1.1739115715026855
890,0.7824999094009399,1.1541697978973389
895,0.08080460876226425,1.168554425239563
900,0.9322385787963867,1.149545431137085
905,0.04075825214385986,1.1639635562896729
910,1.091614842414856,1.1460877656936646
915,0.017594583332538605,1.1610729694366455
920,1.259974479675293,1.1460356712341309
925,0.00891280546784401,0.8558721542358398
930,0.7895727157592773,1.1544910669326782
935,0.0788225457072258,1.168872594833374
940,0.9398999810218811,1.149885654449463
945,0.03945517539978027,1.164311170578003
950,1.099865436553955,1.146484613418579
955,0.016925184056162834,1.161516785621643
960,1.2686877250671387,1.1466938257217407
965,0.008725723251700401,0.7812116742134094
970,0.6658872961997986,1.1565485000610352
975,0.12620338797569275,1.171041488647461
980,0.806940495967865,1.1514688730239868
985,0.07162436097860336,1.165840983390808
990,0.9579490423202515,1.1470528841018677
995,0.035120848566293716,1.1615222692489624
1000,1.1185190677642822,1.144025444984436
1005,0.015077078714966774,1.1592988967895508
1010,1.2870676517486572,1.145628571510315
1015,0.10660970956087112,1.1710553169250488
1020,0.8587982058525085,1.1516655683517456
1025,0.05785666033625603,1.1660338640213013
1030,1.0135592222213745,1.1475300788879395
1035,0.026765279471874237,1.162124514579773
1040,1.1778230667114258,1.1452796459197998
1045,0.011568109504878521,1.1613001823425293
1050,1.0447009801864624,1.1530437469482422
1055,0.024220962077379227,1.1676653623580933
1060,1.2121282815933228,1.1508708000183105
1065,0.010261603631079197,1.1671549081802368
1070,0.6405168175697327,1.1627987623214722
1075,0.1438051164150238,1.1773481369018555
1080,0.7805955410003662,1.157496452331543
1085,0.08377034962177277,1.171886920928955
1090,0.9308485984802246,1.1527513265609741
1095,0.04242580384016037,1.1671538352966309
1100,1.0907951593399048,1.1491037607192993
1105,0.018203504383563995,1.1640061140060425
1110,1.2599419355392456,1.1485624313354492
1115,0.008827976882457733,0.9515518546104431
1120,0.96588134765625,1.1552605628967285
1125,0.036929573863744736,1.169689655303955
1130,1.1286962032318115,1.1518081426620483
1135,0.015321668237447739,1.1668977737426758
1140,1.300275444984436,1.152319073677063
1145,0.046796929091215134,1.1751388311386108
1150,1.0892940759658813,1.1566847562789917
1155,0.019914457574486732,1.1714187860488892
1160,1.2602494955062866,1.155112624168396
1165,0.008692027069628239,1.1723376512527466
1170,0.6361587047576904,1.165848731994629
1175,0.14901643991470337,1.1804165840148926
1180,0.7764252424240112,1.1604604721069336
1185,0.08730322122573853,1.1748592853546143
1190,0.9269437789916992,1.1556018590927124
1195,0.044510774314403534,1.1699905395507812
1200,1.0872166156768799,1.1517709493637085
1205,0.01907460018992424,1.1665924787521362
1210,1.2568596601486206,1.150749683380127
1215,0.008841020055115223,1.0894103050231934
1220,1.2492473125457764,1.156345009803772
1225,0.009017866104841232,1.173039436340332
1230,0.9478360414505005,1.1635719537734985
1235,0.044028960168361664,1.1779495477676392
1240,1.1111708879470825,1.1595041751861572
1245,0.018260102719068527,1.1742850542068481
1250,1.2840640544891357,1.1581703424453735
1255,0.008064470253884792,1.0289616584777832
1260,1.1293445825576782,1.1632287502288818
1265,0.017248090356588364,1.1780216693878174
1270,1.3041644096374512,1.1619290113449097
1275,0.0075589744374156,0.9108356833457947
1280,0.9006294012069702,1.1682257652282715
1285,0.05700137838721275,1.182584285736084
1290,1.0616945028305054,1.163642406463623
1295,0.025070738047361374,1.1781827211380005
1300,1.2325232028961182,1.1608318090438843
1305,0.009787390008568764,1.1767328977584839
1310,0.7880219221115112,1.1699539422988892
1315,0.09066327661275864,1.1843653917312622
1320,0.9412857890129089,1.1648342609405518
1325,0.045991942286491394,1.1792048215866089
1330,1.104443907737732,1.1606560945510864
1335,0.019200660288333893,1.1753833293914795
1340,1.277228593826294,1.1590001583099365
1345,0.008213842287659645,1.1719682216644287
1350,0.8562448024749756,1.168181300163269
1355,0.0685017853975296,1.1825493574142456
1360,1.0141699314117432,1.1633806228637695
1365,0.03193629905581474,1.1778273582458496
1370,1.1818814277648926,1.1599467992782593
1375,0.012495886534452438,1.1752156019210815
1380,1.357591152191162,1.1615811586380005
1385,0.024118509143590927,1.1809899806976318
1390,1.247710943222046,1.1636205911636353
1395,0.009264124557375908,1.1795939207077026
1400,0.6398460865020752,1.1742860078811646
1405,0.1560814529657364,1.1888848543167114
1410,0.7819923758506775,1.1686968803405762
1415,0.09172382205724716,1.183109998703003
1420,0.9345550537109375,1.1635968685150146
1425,0.0467931292951107,1.1779676675796509
1430,1.0969959497451782,1.1594295501708984
1435,0.019712967798113823,1.174147129058838
1440,1.269053339958191,1.1577309370040894
1445,0.008436640724539757,1.1749067306518555
1450,0.6150624752044678,1.1685103178024292
1455,0.1624825894832611,1.1831210851669312
1460,0.7539755702018738,1.1630189418792725
1465,0.0969884842634201,1.177440881729126
1470,0.9032884836196899,1.1580028533935547
1475,0.050765737891197205,1.1723731756210327
1480,1.0624415874481201,1.153878092765808
1485,0.02226954884827137,1.16854989528656
1490,1.2311476469039917,1.1519854068756104
1495,0.009574898518621922,1.1686451435089111
1500,1.0841481685638428,1.1584601402282715
1505,0.020897265523672104,1.1731418371200562
1510,1.255219578742981,1.1565661430358887
1515,0.00883244164288044,1.173417568206787
1520,0.8196794390678406,1.165002465248108
1525,0.07691672444343567,1.1793831586837769
1530,0.9743149280548096,1.1601591110229492
1535,0.03743556886911392,1.174572229385376
1540,1.1387131214141846,1.1565029621124268
1545,0.015214523300528526,1.1715233325958252
1550,1.3121510744094849,1.1565879583358765
1555,0.03602287545800209,1.1786795854568481
1560,1.1583075523376465,1.1605435609817505
1565,0.014263366349041462,1.1755857467651367
1570,1.333760380744934,1.1607458591461182
1575,0.09682977944612503,1.1850879192352295
1580,0.9239506125450134,1.1654691696166992
1585,0.05005308613181114,1.1798325777053833
1590,1.0860549211502075,1.1611428260803223
1595,0.02134721353650093,1.1757892370224
1600,1.2578511238098145,1.1590088605880737
1605,0.008767225779592991,1.1756504774093628
1610,0.9324867725372314,1.1661708354949951
1615,0.048544444143772125,1.1805356740951538
1620,1.0953178405761719,1.1618690490722656
1625,0.020475581288337708,1.176538109779358
1630,1.2678399085998535,1.1598596572875977
1635,0.00846637412905693,1.176703929901123
1640,0.7578098773956299,1.1686935424804688
1645,0.1002160981297493,1.183127760887146
1650,0.9085261821746826,1.163519024848938
1655,0.05249743163585663,1.1778818368911743
1660,1.069167971611023,1.159180998802185
1665,0.022841114550828934,1.1737980842590332
1670,1.2394826412200928,1.1568996906280518
1675,0.009363372810184956,1.1732736825942993
1680,1.281776785850525,1.16214919090271
1685,0.008074584417045116,1.1791613101959229
1690,0.6180359125137329,1.1724809408187866
1695,0.1652870923280716,1.1871049404144287
1700,0.7579362392425537,1.1668992042541504
1705,0.09870082139968872,1.1813281774520874
1710,0.9083074331283569,1.161778450012207
1715,0.051613762974739075,1.1761436462402344
1720,1.068583369255066,1.1575162410736084
1725,0.022470448166131973,1.1721551418304443
1730,1.2384904623031616,1.1553852558135986
1735,0.009368539787828922,1.1718846559524536
1740,1.1682324409484863,1.1610851287841797
1745,0.01358911395072937,1.1761876344680786
1750,1.3441860675811768,1.1616601943969727
1755,0.17654120922088623,1.1881351470947266
1760,0.7375956773757935,1.1678426265716553
1765,0.10701253265142441,1.1822936534881592
1770,0.8865699172019958,1.1626354455947876
1775,0.05721132084727287,1.1769970655441284
1780,1.0455089807510376,1.1582034826278687
1785,0.0255899541079998,1.1727625131607056
1790,1.214128851890564,1.1555860042572021
1795,0.010357663035392761,1.1715328693389893
1800,0.8654098510742188,1.164309024810791
1805,0.0635731890797615,1.178672194480896
1810,1.0231975317001343,1.1596966981887817
1815,0.029224056750535965,1.1741881370544434
1820,1.1907110214233398,1.156629204750061
1825,0.01162784919142723,1.1721515655517578
1830,1.3643627166748047,1.159934639930725
1835,0.14525817334651947,1.1829549074172974
1840,0.7912195920944214,1.162968397140503
1845,0.08432696014642715,1.177362084388733
1850,0.9433451294898987,1.1580824851989746
1855,0.04236477613449097,1.172474980354309
1860,1.1052395105361938,1.1542599201202393
1865,0.017791416496038437,1.1691241264343262
1870,1.2764830589294434,1.1534550189971924
1875,0.00834069773554802,0.9298260807991028
1880,0.9289856553077698,1.1600936651229858
1885,0.04623643308877945,1.1744704246520996
1890,1.0903220176696777,1.1560546159744263
1895,0.01966337114572525,1.1708049774169922
1900,1.2611908912658691,1.1545830965042114
1905,0.008672086521983147,1.1719251871109009
1910,0.5963002443313599,1.1659365892410278
1915,0.1696055829524994,1.1805652379989624
1920,0.7330740094184875,1.1604756116867065
1925,0.10253734886646271,1.1749093532562256
1930,0.8802695870399475,1.1554709672927856
1935,0.054741740226745605,1.169838547706604
1940,1.0373051166534424,1.1513067483901978
1945,0.024688227102160454,1.1659272909164429
1950,1.2038886547088623,1.149153709411621
1955,0.010548541322350502,1.1654019355773926
1960,0.7026711702346802,1.1603946685791016
1965,0.11424027383327484,1.1748584508895874
1970,0.8474487066268921,1.1553043127059937
1975,0.06284140795469284,1.1696696281433105
1980,1.0021390914916992,1.1509511470794678
1985,0.029445849359035492,1.1654775142669678
1990,1.1664131879806519,1.148238182067871
1995,0.012347867712378502,1.1638832092285156
2000,1.3360275030136108,1.1522037982940674
2005,0.12057285010814667,1.1748400926589966
2010,0.8307018280029297,1.155228853225708
2015,0.06729716807603836,1.1695966720581055
2020,0.9841797351837158,1.150789737701416
2025,0.0321546345949173,1.1652791500091553
2030,1.1472597122192383,1.1478394269943237
2035,0.013487035408616066,1.1632591485977173
2040,1.3174954652786255,1.150343656539917
2045,0.017855364829301834,1.169716238975525
2050,1.277205467224121,1.1539902687072754
2055,0.008310854434967041,0.9423080682754517
2060,0.9530688524246216,1.1604043245315552
2065,0.0415160171687603,1.1747961044311523
2070,1.1161022186279297,1.1565418243408203
2075,0.01719716563820839,1.1714144945144653
2080,1.2885098457336426,1.1557644605636597
2085,0.00803438015282154,0.8649753332138062
2090,0.8126747608184814,1.1632696390151978
2095,0.07782772928476334,1.177651047706604
2100,0.966448962688446,1.1584572792053223
2105,0.038145896047353745,1.1728700399398804
2110,1.1299735307693481,1.1548229455947876
2115,0.015674300491809845,1.169830083847046
2120,1.3025490045547485,1.1548371315002441
2125,0.018401917070150375,1.1758086681365967
2130,1.286399006843567,1.1595712900161743
2135,0.007985959760844707,1.059515357017517
2140,1.195055603981018,1.1643216609954834
2145,0.012131141498684883,1.1795423030853271
2150,1.3727326393127441,1.1656745672225952
2155,0.02867652289569378,1.1851990222930908
2160,1.224485158920288,1.167268991470337
2165,0.010644866153597832,1.1826708316802979
2170,1.4031046628952026,1.1699461936950684
2175,0.20483499765396118,1.1939165592193604
2180,0.698424220085144,1.173357367515564
2185,0.12790215015411377,1.1878724098205566
2190,0.8453243970870972,1.1679035425186157
2195,0.07138539850711823,1.1822755336761475
2200,1.0024054050445557,1.1630651950836182
2205,0.033738669008016586,1.1774970293045044
2210,1.1692782640457153,1.1595211029052734
2215,0.013306552544236183,1.1746876239776611
2220,1.3446842432022095,1.1604951620101929
2225,0.2277618795633316,1.188222050666809
2230,0.6459090113639832,1.1676782369613647
2235,0.14617323875427246,1.1822397708892822
2240,0.7873506546020508,1.1622626781463623
2245,0.08505857735872269,1.176657795906067
2250,0.9390465021133423,1.1573859453201294
2255,0.04289672151207924,1.1717774868011475
2260,1.1005096435546875,1.1535634994506836
2265,0.01811244897544384,1.1684173345565796
2270,1.2713263034820557,1.152705430984497
2275,0.008468967862427235,0.9687284827232361
2280,1.0028235912322998,1.1588499546051025
2285,0.032075121998786926,1.17331063747406
2290,1.1688302755355835,1.1555825471878052
2295,0.012873005121946335,1.170899510383606
2300,1.3425815105438232,1.1574968099594116
2305,0.020116856321692467,1.1768113374710083
2310,1.2719405889511108,1.1601800918579102
2315,0.008348720148205757,1.1771183013916016
2320,0.6930257678031921,1.1697343587875366
2325,0.12677155435085297,1.1842420101165771
2330,0.8387941122055054,1.1643640995025635
2335,0.07089118659496307,1.1787351369857788
2340,0.9946885108947754,1.1596239805221558
2345,0.03369336575269699,1.174066424369812
2350,1.1603261232376099,1.1562122106552124
2355,0.013527005910873413,1.1714200973510742
2360,1.33428955078125,1.157437801361084
2365,0.21755817532539368,1.1851295232772827
2370,0.6556239128112793,1.164695382118225
2375,0.13859038054943085,1.1792317628860474
2380,0.79733806848526,1.159375786781311
2385,0.07981382310390472,1.1737596988677979
2390,0.9492038488388062,1.1546339988708496
2395,0.039716508239507675,1.1690467596054077
2400,1.1107761859893799,1.1510522365570068
2405,0.01671052910387516,1.1660321950912476
2410,1.2814130783081055,1.1509335041046143
2415,0.008332401514053345,0.7772002816200256
2420,0.6620737910270691,1.1604745388031006
2425,0.13156116008758545,1.1749861240386963
2430,0.803544819355011,1.1552797555923462
2435,0.07511761784553528,1.1696557998657227
2440,0.9550555944442749,1.1507080793380737
2445,0.0370304211974144,1.1651489734649658
2450,1.116201400756836,1.147416353225708
2455,0.015696877613663673,1.1625475883483887
2460,1.2859246730804443,1.1481846570968628
2465,0.03959449753165245,1.170819878578186
2470,1.1161686182022095,1.1527734994888306
2475,0.016523823142051697,1.1677427291870117
2480,1.2875423431396484,1.1525810956954956
2485,0.00816230196505785,0.7635316252708435
2490,0.6414453983306885,1.162251353263855
2495,0.14281335473060608,1.1767970323562622
2500,0.7815011739730835,1.1569645404815674
2505,0.08309835195541382,1.171353816986084
2510,0.9317150115966797,1.1522408723831177
2515,0.042029161006212234,1.1666464805603027
2520,1.0916131734848022,1.148628830909729
2525,0.018039043992757797,1.1635479927062988
2530,1.2606736421585083,1.1481853723526
2535,0.008824530057609081,0.9269161224365234
2540,0.9190289378166199,1.1552762985229492
2545,0.045993417501449585,1.1696605682373047
2550,1.0786964893341064,1.1513980627059937
2555,0.01987813599407673,1.1661840677261353
2560,1.2477723360061646,1.1501818895339966
2565,0.009077905677258968,1.1676615476608276
2570,0.6121374368667603,1.1617474555969238
2575,0.15674741566181183,1.1763331890106201
2580,0.7495596408843994,1.1564160585403442
2585,0.0933714285492897,1.1708258390426636
2590,0.8972476124763489,1.1515902280807495
2595,0.04886171966791153,1.1659719944000244
2600,1.0546698570251465,1.1477242708206177
2605,0.02168774977326393,1.1624677181243896
2610,1.2214843034744263,1.1463152170181274
2615,0.009864609688520432,1.163349986076355
2620,0.9035747647285461,1.1547378301620483
2625,0.04904009401798248,1.1691150665283203
2630,1.0620733499526978,1.1507678031921387
2635,0.021556450054049492,1.165489912033081
2640,1.2300359010696411,1.1491992473602295
2645,0.009594700299203396,1.1661536693572998
2650,0.8999202847480774,1.1574233770370483
2655,0.05122410133481026,1.1717933416366577
2660,1.0587201118469238,1.1533019542694092
2665,0.022565379738807678,1.16796875
2670,1.2270714044570923,1.1513880491256714
2675,0.009708797559142113,1.1679978370666504
2680,1.1505272388458252,1.1574954986572266
2685,0.014423010870814323,1.172574758529663
2690,1.3247164487838745,1.1579294204711914
2695,0.09704206138849258,1.182414174079895
2700,0.916192889213562,1.1628568172454834
2705,0.05040685087442398,1.1772222518920898
2710,1.0772299766540527,1.158597469329834
2715,0.021725570783019066,1.1732513904571533
2720,1.247913122177124,1.1565377712249756
2725,0.009063486941158772,1.1731717586517334
2730,0.9981546998023987,1.1633226871490479
2735,0.03455653041601181,1.1777474880218506
2740,1.164798617362976,1.1597182750701904
2745,0.013656028546392918,1.1748391389846802
2750,1.340175747871399,1.1604067087173462
2755,0.17634283006191254,1.1869477033615112
2760,0.7350804209709167,1.1666816473007202
2765,0.1069784015417099,1.1811317205429077
2770,0.8836312294006348,1.1615009307861328
2775,0.05728192627429962,1.1758630275726318
2780,1.04213285446167,1.1570991277694702
2785,0.025713108479976654,1.171661615371704
2790,1.210293173789978,1.1545190811157227
2795,0.010481337085366249,1.1704729795455933
2800,0.8842689990997314,1.1631320714950562
2805,0.058061882853507996,1.1774932146072388
2810,1.043146014213562,1.1586666107177734
2815,0.02604876086115837,1.173214077949524
2820,1.2117146253585815,1.1559717655181885
2825,0.010488987900316715,1.1718486547470093
2830,0.9523552656173706,1.1637725830078125
2835,0.043213993310928345,1.178152322769165
2840,1.1160383224487305,1.1597299575805664
2845,0.01782594621181488,1.174530267715454
2850,1.2892528772354126,1.1585065126419067
2855,0.007944886572659016,0.9693954586982727
2860,1.009524941444397,1.1642084121704102
2865,0.03300439566373825,1.1786428689956665
2870,1.1771031618118286,1.1606695652008057
2875,0.012902187183499336,1.1758637428283691
2880,1.353090524673462,1.1618258953094482
2885,0.00787096843123436,1.1812100410461426
2890,0.5952856540679932,1.1746751070022583
2895,0.18010273575782776,1.1893463134765625
2900,0.7335402369499207,1.1690081357955933
2905,0.10957387089729309,1.183466911315918
2910,0.8824218511581421,1.1637567281723022
2915,0.05888316407799721,1.1781176328659058
2920,1.0412951707839966,1.1592556238174438
2925,0.02648398093879223,1.1737921237945557
2930,1.2098709344863892,1.1564836502075195
2935,0.01060551218688488,1.1722946166992188
2940,1.0414228439331055,1.1633979082107544
2945,0.027798695489764214,1.1778936386108398
2950,1.210900902748108,1.1603058576583862
2955,0.010807637125253677,1.1758995056152344
2960,1.3580387830734253,1.1643379926681519
2965,0.24323704838752747,1.1921592950820923
2970,0.6303746700286865,1.1714694499969482
2975,0.15782105922698975,1.1860700845718384
2980,0.7711755633354187,1.165932536125183
2985,0.09326350688934326,1.1803474426269531
2990,0.9223750829696655,1.160882592201233
2995,0.04803507775068283,1.1752541065216064
3000,1.0834259986877441,1.1567569971084595
3005,0.0205710306763649,1.1714648008346558
3010,1.2540528774261475,1.1550328731536865
3015,0.008865961804986,1.1720434427261353
3020,0.747657060623169,1.1643822193145752
3025,0.10036753863096237,1.1788133382797241
3030,0.8967462778091431,1.1593050956726074
3035,0.052946094423532486,1.1736713647842407
3040,1.0557092428207397,1.1550781726837158
3045,0.0233928132802248,1.169708013534546
3050,1.2242752313613892,1.1529266834259033
3055,0.00983920693397522,1.1693086624145508
3060,0.8439916968345642,1.1636306047439575
3065,0.06894775480031967,1.1779990196228027
3070,1.0001130104064941,1.1589405536651611
3075,0.03254494443535805,1.173396348953247
3080,1.1659595966339111,1.1556349992752075
3085,0.01307029277086258,1.170920491218567
3090,1.3397347927093506,1.1573458909988403
3095,0.0120778176933527,1.1763708591461182
3100,1.366440773010254,1.1629658937454224
3105,0.05044114962220192,1.1833876371383667
3110,1.0940046310424805,1.1645854711532593
3115,0.02131233550608158,1.1792081594467163
3120,1.2670671939849854,1.1622675657272339
3125,0.008510544896125793,1.178807020187378
3130,0.949752151966095,1.1690369844436646
3135,0.046320751309394836,1.1834019422531128
3140,1.114355444908142,1.164718747138977
3145,0.019084278494119644,1.1794147491455078
3150,1.288674235343933,1.1628345251083374
3155,0.007891308516263962,1.1800010204315186
3160,0.5378348231315613,1.1742463111877441
3165,0.2140687108039856,1.1890171766281128
3170,0.6706077456474304,1.1685175895690918
3175,0.13549426198005676,1.1830490827560425
3180,0.8142936825752258,1.1631304025650024
3185,0.07724056392908096,1.1775110960006714
3190,0.9681568145751953,1.1583293676376343
3195,0.03778194636106491,1.172744631767273
3200,1.1317675113677979,1.154719352722168
3205,0.015508666634559631,1.1697423458099365
3210,1.3043853044509888,1.1548277139663696
3215,0.02574167773127556,1.1763638257980347
3220,1.222406268119812,1.1590217351913452
3225,0.010152908973395824,1.174872636795044
3230,0.9042336940765381,1.1670575141906738
3235,0.055464114993810654,1.181416630744934
3240,1.0653018951416016,1.162542462348938
3245,0.0242700707167387,1.1771044731140137
3250,1.2361198663711548,1.1598846912384033
3255,0.00958979781717062,1.1759244203567505
3260,0.6582865715026855,1.1706631183624268
3265,0.14333342015743256,1.1852201223373413
3270,0.8013371825218201,1.1651968955993652
3275,0.0827229768037796,1.1795884370803833
3280,0.9546558856964111,1.1602756977081299
3285,0.04115082323551178,1.1746691465377808
3290,1.1177664995193481,1.1564335823059082
3295,0.01702318713068962,1.1713186502456665
3300,1.2902253866195679,1.1557281017303467
3305,0.008003061637282372,0.8418296575546265
3310,0.7723200917243958,1.163637638092041
3315,0.0910876914858818,1.1780463457107544
3320,0.9231539368629456,1.1586631536483765
3325,0.046764396131038666,1.1730403900146484
3330,1.08380126953125,1.1546498537063599
3335,0.020046381279826164,1.169397234916687
3340,1.2539589405059814,1.1531767845153809
3345,0.00887856725603342,1.1704453229904175
3350,0.6487902998924255,1.1639244556427002
3355,0.14101289212703705,1.1784666776657104
3360,0.7897825837135315,1.1586098670959473
3365,0.08163799345493317,1.172997236251831
3370,0.9409422278404236,1.1538640260696411
3375,0.0409526489675045,1.1682714223861694
3380,1.1018038988113403,1.1502474546432495
3385,0.01737906225025654,1.1651898622512817
3390,1.2718002796173096,1.149919867515564
3395,0.008545887656509876,0.852663516998291
3400,0.7868452072143555,1.1581082344055176
3405,0.08221127092838287,1.1724964380264282
3410,0.9376813173294067,1.1533676385879517
3415,0.04136403650045395,1.167773962020874
3420,1.0982182025909424,1.1497483253479004
3425,0.017621327191591263,1.1646806001663208
3430,1.2679064273834229,1.1493686437606812
3435,0.008640156127512455,0.8800970315933228
3440,0.8346157670021057,1.15712308883667
3445,0.06740135699510574,1.1714904308319092
3450,0.9887579679489136,1.152631402015686
3455,0.032076939940452576,1.1671146154403687
3460,1.152527093887329,1.149612545967102
3465,0.01331925019621849,1.1650124788284302
3470,1.3235721588134766,1.1520066261291504
3475,0.019456282258033752,1.1714105606079102
3480,1.2647372484207153,1.1551975011825562
3485,0.008573509752750397,1.1725882291793823
3490,0.5690779089927673,1.166900873184204
3495,0.18596015870571136,1.1815792322158813
3500,0.7035316824913025,1.161375880241394
3505,0.11475329846143723,1.175842046737671
3510,0.8485661745071411,1.1562600135803223
3515,0.06311824917793274,1.1706252098083496
3520,1.003529667854309,1.1518750190734863
3525,0.029541010037064552,1.1663957834243774
3530,1.1680947542190552,1.149112343788147
3535,0.012318318709731102,1.164732575416565
3540,1.3381953239440918,1.1529310941696167
3545,0.11653856933116913,1.1754546165466309
3550,0.8428198099136353,1.155864953994751
3555,0.06440228223800659,1.1702311038970947
3560,0.9972934126853943,1.151464581489563
3565,0.0303446426987648,1.1659752130508423
3570,1.1613680124282837,1.1486436128616333
3575,0.01267552562057972,1.1641980409622192
3580,1.3315863609313965,1.1520179510116577
3585,0.07634614408016205,1.1734977960586548
3590,0.9607109427452087,1.154431939125061
3595,0.037517525255680084,1.1688587665557861
3600,1.1230082511901855,1.1509755849838257
3605,0.015659622848033905,1.1660468578338623
3610,1.2941251993179321,1.1513829231262207
3615,0.02941752038896084,1.1732958555221558
3620,1.1869711875915527,1.1557557582855225
3625,0.011769011616706848,1.17127525806427
3630,1.3602819442749023,1.159023404121399
3635,0.13214609026908875,1.1817737817764282
3640,0.8191594481468201,1.1619094610214233
3645,0.07494543492794037,1.176285982131958
3650,0.9731303453445435,1.1571711301803589
3655,0.036418795585632324,1.1715987920761108
3660,1.136826515197754,1.1536792516708374
3665,0.014945566654205322,1.1687732934951782
3670,1.3092952966690063,1.1542109251022339
3675,0.06745089590549469,1.1778318881988525
3680,1.0054683685302734,1.158805012702942
3685,0.03163713589310646,1.173270344734192
3690,1.171640157699585,1.155572533607483
3695,0.012688932940363884,1.1709201335906982
3700,1.345363974571228,1.1576833724975586
3705,0.031066657975316048,1.1774749755859375
3710,1.1867456436157227,1.1596626043319702
3715,0.01215157750993967,1.174993634223938
3720,1.3622915744781494,1.161708116531372
3725,0.052287716418504715,1.1822198629379272
3730,1.0820387601852417,1.1634023189544678
3735,0.022418702021241188,1.1780027151107788
3740,1.254090428352356,1.160965919494629
3745,0.008928254246711731,1.1773043870925903
3750,1.2116191387176514,1.1660265922546387
3755,0.011274443939328194,1.181342601776123
3760,1.3899935483932495,1.168056607246399
3765,0.10913442075252533,1.190062403678894
3770,0.9010998010635376,1.1702033281326294
3775,0.05804372578859329,1.1845614910125732
3780,1.062600016593933,1.1655428409576416
3785,0.025535330176353455,1.1800646781921387
3790,1.2338976860046387,1.162590742111206
3795,0.00981811061501503,1.1783928871154785
3800,0.8760861754417419,1.170624852180481
3805,0.06469589471817017,1.184988021850586
3810,1.0359200239181519,1.165824294090271
3815,0.02944364584982395,1.1802889108657837
3820,1.2055662870407104,1.162485122680664
3825,0.011287566274404526,1.1778974533081055
3830,1.382132649421692,1.1651338338851929
3835,0.14082838594913483,1.187939167022705
3840,0.8140860795974731,1.1678729057312012
3845,0.08066374063491821,1.1822614669799805
3850,0.9688795804977417,1.1629109382629395
3855,0.03961656615138054,1.1773059368133545
3860,1.1334959268569946,1.159050464630127
3865,0.01607687957584858,1.1739650964736938
3870,1.3074395656585693,1.1584969758987427
3875,0.007604910992085934,0.7384712100028992
3880,0.6059623956680298,1.1681421995162964
3885,0.16686567664146423,1.1827656030654907
3890,0.7440014481544495,1.1626442670822144
3895,0.10028307139873505,1.1770741939544678
3900,0.8924710154533386,1.1576085090637207
3905,0.0530279166996479,1.17197585105896
3910,1.0507924556732178,1.1534289121627808
3915,0.023561306297779083,1.1680654287338257
3920,1.2186853885650635,1.1513384580612183
3925,0.010015511885285378,1.1677347421646118
3930,0.5597445964813232,1.1644726991653442
3935,0.18857471644878387,1.179155945777893
3940,0.6929049491882324,1.1589903831481934
3945,0.11697538942098618,1.1734603643417358
3950,0.8366275429725647,1.1539133787155151
3955,0.06487781554460526,1.168280005455017
3960,0.990268886089325,1.1495566368103027
3965,0.030777880921959877,1.1640692949295044
3970,1.1534801721572876,1.1467773914337158
3975,0.012994629330933094,1.1623244285583496
3980,1.322952389717102,1.1500771045684814
3985,0.057265736162662506,1.1710039377212524
3990,1.0292062759399414,1.152375340461731
3995,0.026055995374917984,1.1669573783874512
4000,1.1955170631408691,1.149979591369629
4005,0.010949164628982544,1.1659904718399048
4010,0.9304602742195129,1.158491849899292
4015,0.04515452682971954,1.172873616218567
4020,1.091568946838379,1.1545428037643433
4025,0.019205594435334206,1.1693286895751953
4030,1.262135624885559,1.1532905101776123
4035,0.008666152134537697,1.1284204721450806
4040,1.3374114036560059,1.159778118133545
4045,0.16749610006809235,1.1861363649368286
4050,0.7509689927101135,1.165938377380371
4055,0.10043546557426453,1.1803709268569946
4060,0.9006174802780151,1.1608253717422485
4065,0.05286677926778793,1.1751902103424072
4070,1.0601625442504883,1.1565558910369873
4075,0.023239605128765106,1.1711797714233398
4080,1.2293330430984497,1.1543501615524292
4085,0.00968130398541689,1.1707203388214111
4090,1.3602252006530762,1.1607898473739624
4095,0.06193911284208298,1.1816407442092896
4100,1.0380022525787354,1.16261887550354
4105,0.028033198788762093,1.1771146059036255
4110,1.207094669342041,1.159537672996521
4115,0.010952763259410858,1.1751220226287842
4120,1.3815321922302246,1.1633564233779907
4125,0.23221589624881744,1.1879717111587524
4130,0.6381427049636841,1.1674139499664307
4135,0.14966589212417603,1.1819857358932495
4140,0.7788705229759216,1.1619905233383179
4145,0.08763731271028519,1.1763906478881836
4150,0.9298760890960693,1.1570911407470703
4155,0.04460984840989113,1.1714770793914795
4160,1.0906574726104736,1.1532082557678223
4165,0.019019771367311478,1.1680171489715576
4170,1.2608487606048584,1.1521004438400269
4175,0.008718829602003098,1.092233657836914
4180,1.2569468021392822,1.157593846321106
4185,0.008784317411482334,1.1743738651275635
4190,0.8505025506019592,1.165636420249939
4195,0.06843771785497665,1.1800042390823364
4200,1.0074950456619263,1.1609028577804565
4205,0.03208339214324951,1.175356388092041
4210,1.1742419004440308,1.1575545072555542
4215,0.012732075527310371,1.172844648361206
4220,1.3488805294036865,1.1593109369277954
4225,0.020226813852787018,1.1785918474197388
4230,1.2754909992218018,1.1618504524230957
4235,0.008249575272202492,1.1786895990371704
4240,0.7216773629188538,1.1709284782409668
4245,0.11595508456230164,1.1854068040847778
4250,0.8699880242347717,1.165593147277832
4255,0.06316178292036057,1.1799556016921997
4260,1.0283644199371338,1.1609541177749634
4265,0.028884120285511017,1.1754450798034668
4270,1.1964795589447021,1.1578644514083862
4275,0.011403625831007957,1.173397183418274
4280,1.3705798387527466,1.1612688302993774
4285,0.16927292943000793,1.1847597360610962
4290,0.7439429759979248,1.164581298828125
4295,0.1018935814499855,1.1790164709091187
4300,0.892780065536499,1.159487247467041
4305,0.05396820977330208,1.1738523244857788
4310,1.0515087842941284,1.1552268266677856
4315,0.0239572711288929,1.1698408126831055
4320,1.2198482751846313,1.1529797315597534
4325,0.010012964718043804,1.169252872467041
4330,0.6080983877182007,1.1651607751846313
4335,0.16248242557048798,1.179767370223999
4340,0.7457821369171143,1.159738302230835
4345,0.09730291366577148,1.1741589307785034
4350,0.8938232660293579,1.1547962427139282
4355,0.05124199762940407,1.1691688299179077
4360,1.0516594648361206,1.1507534980773926
4365,0.022765908390283585,1.165433406829834
4370,1.2189979553222656,1.1489475965499878
4375,0.009961680509150028,1.1655939817428589
4380,1.1742877960205078,1.1551342010498047
4385,0.012475749477744102,1.1705305576324463
4390,1.3477427959442139,1.15756094455719
4395,0.05062631145119667,1.1781026124954224
4400,1.0785808563232422,1.1594464778900146
4405,0.021784747019410133,1.174092173576355
4410,1.2495372295379639,1.1573283672332764
4415,0.009019174613058567,1.1739213466644287
4420,1.0187076330184937,1.1638895273208618
4425,0.03140346705913544,1.178339958190918
4430,1.1868183612823486,1.1604747772216797
4435,0.012233316898345947,1.1757715940475464
4440,1.3627569675445557,1.1623002290725708
4445,0.040145017206668854,1.1823599338531494
4450,1.1443990468978882,1.163923978805542
4455,0.015987863764166832,1.1787816286087036
4460,1.3202083110809326,1.1630008220672607
4465,0.0072366404347121716,0.748324453830719
4470,0.623715877532959,1.1720561981201172
4475,0.1618630439043045,1.1866695880889893
4480,0.7640401124954224,1.1664941310882568
4485,0.09620057046413422,1.180916428565979
4490,0.9148018956184387,1.1614041328430176
4495,0.04995976388454437,1.175771713256836
4500,1.0754371881484985,1.1572017669677734
4505,0.021583281457424164,1.171870231628418
4510,1.2456860542297363,1.1552472114562988
4515,0.00912341196089983,1.1719627380371094
4520,0.9549963474273682,1.1624947786331177
4525,0.04209462180733681,1.1768802404403687
4530,1.1185964345932007,1.158538579940796
4535,0.017342735081911087,1.173378825187683
4540,1.291653037071228,1.1575559377670288
4545,0.007920579984784126,0.8958216905593872
4550,0.8694080114364624,1.164413332939148
4555,0.06259051710367203,1.1787757873535156
4560,1.0275017023086548,1.1598172187805176
4565,0.028628122061491013,1.1743162870407104
4570,1.1953132152557373,1.1567994356155396
4575,0.011382670141756535,1.1723737716674805
4580,1.368744969367981,1.1604727506637573
4585,0.18403570353984833,1.1842739582061768
4590,0.7136279344558716,1.164023518562317
4595,0.11303207278251648,1.1784871816635132
4600,0.859971284866333,1.1588599681854248
4605,0.06169510260224342,1.173223853111267
4610,1.0162699222564697,1.154433250427246
4615,0.028498953208327293,1.1689587831497192
4620,1.1822019815444946,1.1516623497009277
4625,0.011718109250068665,1.1673403978347778
4630,1.3529399633407593,1.1559348106384277
4635,0.18140685558319092,1.1797914505004883
4640,0.7079567909240723,1.159651279449463
4645,0.11148309707641602,1.1741074323654175
4650,0.8530147671699524,1.1545968055725098
4655,0.06098143756389618,1.1689622402191162
4660,1.0079565048217773,1.1503037214279175
4665,0.02838832326233387,1.1648513078689575
4670,1.1724661588668823,1.1477298736572266
4675,0.011977034620940685,1.1634944677352905
4680,1.3410741090774536,1.1524937152862549
4685,0.17987214028835297,1.1764017343521118
4690,0.702887773513794,1.1563431024551392
4695,0.11065586656332016,1.1707942485809326
4700,0.8469059467315674,1.151369571685791
4705,0.06068273261189461,1.1657367944717407
4710,1.000767469406128,1.1471738815307617
4715,0.028450533747673035,1.1617361307144165
4720,1.1641392707824707,1.1447370052337646
4725,0.012233613058924675,1.16055428981781
4730,1.3312206268310547,1.149775743484497
4735,0.17005641758441925,1.1735514402389526
4740,0.7154107093811035,1.1536121368408203
4745,0.10354611277580261,1.1680434942245483
4750,0.8599027395248413,1.148758053779602
4755,0.05599559471011162,1.1631301641464233
4760,1.014151692390442,1.1447560787200928
4765,0.02590172551572323,1.159388542175293
4770,1.1778390407562256,1.1427644491195679
4775,0.011465013027191162,1.1589794158935547
4780,0.8748229742050171,1.1525052785873413
4785,0.05443638935685158,1.1668757200241089
4790,1.0308756828308105,1.1484365463256836
4795,0.024730782955884933,1.1630749702453613
4800,1.1964192390441895,1.1464277505874634
4805,0.010778323747217655,1.162744402885437
4810,0.7038660645484924,1.1579291820526123
4815,0.11162468791007996,1.1723843812942505
4820,0.8482685089111328,1.1529127359390259
4825,0.061222437769174576,1.1672791242599487
4830,1.0025386810302734,1.1486610174179077
4835,0.028656214475631714,1.1632119417190552
4840,1.1663494110107422,1.1461329460144043
4845,0.012203015387058258,1.1618993282318115
4850,1.3343513011932373,1.1508654356002808
4855,0.16129186749458313,1.1744356155395508
4860,0.7354077100753784,1.1545310020446777
4865,0.09691815078258514,1.168947458267212
4870,0.88163822889328,1.1497151851654053
4875,0.05140228942036629,1.1640934944152832
4880,1.0375983715057373,1.1458218097686768
4885,0.02322574332356453,1.1605254411697388
4890,1.2029560804367065,1.1442153453826904
4895,0.010481082834303379,1.16091787815094
4900,1.2357151508331299,1.1506695747375488
4905,0.009418511763215065,1.167626142501831
4910,0.8678744435310364,1.1590890884399414
4915,0.05981117859482765,1.1734524965286255
4920,1.0247806310653687,1.1546969413757324
4925,0.027365829795598984,1.1692403554916382
4930,1.1913130283355713,1.1520347595214844
4935,0.011262969113886356,1.1678307056427002
4940,1.2085487842559814,1.1578209400177002
4945,0.010754212737083435,1.1735261678695679
4950,1.1954067945480347,1.1632992029190063
4955,0.011991809122264385,1.1785650253295898
4960,1.372628092765808,1.164945125579834
4965,0.044856201857328415,1.1851258277893066
4970,1.126685380935669,1.1664384603500366
4975,0.018194938078522682,1.1811549663543701
4980,1.3021398782730103,1.164657473564148
4985,0.007549090310931206,1.0654226541519165
4990,1.2133499383926392,1.1689780950546265
4995,0.011488393880426884,1.1841870546340942
5000,1.393143892288208,1.1702971458435059
5005,0.058829471468925476,1.190846562385559
5010,1.076789140701294,1.1716424226760864
5015,0.025552596896886826,1.1861354112625122
5020,1.2503122091293335,1.1684167385101318
5025,0.009405250661075115,1.1841005086898804
5030,0.8948010802268982,1.1758025884628296
5035,0.06305939704179764,1.1901637315750122
5040,1.057013988494873,1.170894980430603
5045,0.02809448167681694,1.1853563785552979
5050,1.2291051149368286,1.1674630641937256
5055,0.010406160727143288,1.1829105615615845
5060,1.4075642824172974,1.1704885959625244
5065,0.2512498199939728,1.1952550411224365
5070,0.6251776814460754,1.1744701862335205
5075,0.1637587547302246,1.1890921592712402
5080,0.7660764455795288,1.1688525676727295
5085,0.09737952798604965,1.1832795143127441
5090,0.9174597859382629,1.1636980772018433
5095,0.05056704208254814,1.1780626773834229
5100,1.0787502527236938,1.1594091653823853
5105,0.021754862740635872,1.174055814743042
5110,1.2497104406356812,1.1572985649108887
5115,0.009013094007968903,1.1738994121551514
5120,1.0114566087722778,1.163919448852539
5125,0.032578203827142715,1.1783584356307983
5130,1.1791013479232788,1.1604200601577759
5135,0.012735645286738873,1.175642490386963
5140,1.3550115823745728,1.161757469177246
5145,0.011898050084710121,1.1806621551513672
5150,1.378791093826294,1.1668552160263062
5155,0.040979210287332535,1.1868518590927124
5160,1.1523029804229736,1.168245553970337
5165,0.016096651554107666,1.1830462217330933
5170,1.3296446800231934,1.1669480800628662
5175,0.006954690907150507,0.7820286750793457
5180,0.6797184348106384,1.1750478744506836
5185,0.13784651458263397,1.18959379196167
5190,0.8253926038742065,1.169512152671814
5195,0.07836493849754333,1.183896780014038
5200,0.9813469052314758,1.164538025856018
5205,0.03801950812339783,1.1789377927780151
5210,1.1471350193023682,1.1606993675231934
5215,0.015188289806246758,1.1756573915481567
5220,1.3221808671951294,1.1603941917419434
5225,0.02443220466375351,1.181630253791809
5230,1.2468880414962769,1.164201021194458
5235,0.009325245395302773,1.1801153421401978
5240,0.6886508464813232,1.1741927862167358
5245,0.13298538327217102,1.1887235641479492
5250,0.834907054901123,1.1686971187591553
5255,0.07494460046291351,1.183074951171875
5260,0.991390585899353,1.163787603378296
5265,0.03591015562415123,1.1782015562057495
5270,1.1576905250549316,1.160086989402771
5275,0.014244254678487778,1.1751384735107422
5280,1.332970380783081,1.1603490114212036
5285,0.10138129442930222,1.1848536729812622
5290,0.9096394777297974,1.1651920080184937
5295,0.05315088853240013,1.1795527935028076
5300,1.0707032680511475,1.1607879400253296
5305,0.02308938466012478,1.175388216972351
5310,1.2414742708206177,1.1583843231201172
5315,0.009326208382844925,1.174666404724121
5320,1.3659446239471436,1.1642025709152222
5325,0.020386531949043274,1.183387041091919
5330,1.2865943908691406,1.1663832664489746
5335,0.007952007465064526,1.1830112934112549
5340,0.7777439951896667,1.1744862794876099
5345,0.09784625470638275,1.188918948173523
5350,0.9311316013336182,1.1691985130310059
5355,0.05043653026223183,1.1835581064224243
5360,1.0944997072219849,1.1647515296936035
5365,0.021298348903656006,1.1793735027313232
5370,1.267624855041504,1.1624270677566528
5375,0.008494770154356956,1.178964376449585
5380,0.9479609727859497,1.1692004203796387
5385,0.046781569719314575,1.18356454372406
5390,1.1124768257141113,1.1648623943328857
5395,0.019317667931318283,1.1795482635498047
5400,1.2867207527160645,1.1629172563552856
5405,0.007940927520394325,1.1799983978271484
5410,0.5723782181739807,1.1738090515136719
5415,0.19223393499851227,1.1885148286819458
5420,0.7083695530891418,1.1681309938430786
5425,0.11882779747247696,1.1826145648956299
5430,0.8550836443901062,1.1628397703170776
5435,0.0654083788394928,1.1772046089172363
5440,1.0118390321731567,1.1582324504852295
5445,0.03043900988996029,1.172714114189148
5450,1.1783002614974976,1.155119776725769
5455,0.01222672127187252,1.1705639362335205
5460,1.3516303300857544,1.157861351966858
5465,0.07664775103330612,1.1792232990264893
5470,0.9748497009277344,1.1600072383880615
5475,0.03727518022060394,1.174421787261963
5480,1.1392582654953003,1.156365156173706
5485,0.015148915350437164,1.1713939905166626
5490,1.3126736879348755,1.1564991474151611
5495,0.040619999170303345,1.1788374185562134
5500,1.1320399045944214,1.1604924201965332
5505,0.016466548666357994,1.175362229347229
5510,1.3063017129898071,1.159665822982788
5515,0.0075842454098165035,0.7921661734580994
5520,0.6916530132293701,1.168161392211914
5525,0.1258751004934311,1.1826648712158203
5530,0.8370093703269958,1.162829875946045
5535,0.07038843631744385,1.1772000789642334
5540,0.9924657344818115,1.1581372022628784
5545,0.033495329320430756,1.172586441040039
5550,1.1576428413391113,1.154795527458191
5555,0.013544198125600815,1.1700325012207031
5560,1.3310019969940186,1.1561967134475708
5565,0.22430339455604553,1.184124231338501
5570,0.6421302556991577,1.1636810302734375
5575,0.14392250776290894,1.1782313585281372
5580,0.7825095653533936,1.158359169960022
5585,0.08377810567617416,1.1727501153945923
5590,0.9330679178237915,1.153592586517334
5595,0.04236433655023575,1.1679937839508057
5600,1.093335747718811,1.1499193906784058
5605,0.01811203733086586,1.1648175716400146
5610,1.2628254890441895,1.1493455171585083
5615,0.00874384306371212,0.9448073506355286
5620,0.9537222981452942,1.1560791730880737
5625,0.0394875630736351,1.17048978805542
5630,1.115896463394165,1.1524587869644165
5635,0.016494758427143097,1.1674349308013916
5640,1.2871713638305664,1.1523078680038452
5645,0.008179182186722755,0.7589800357818604
5650,0.6341601610183716,1.1620978116989136
5655,0.14615380764007568,1.176653265953064
5660,0.7735655903816223,1.1568002700805664
5665,0.08554774522781372,1.1711939573287964
5670,0.9231520295143127,1.1520509719848633
5675,0.04364360496401787,1.1664493083953857
5680,1.0824313163757324,1.148372769355774
5685,0.018879670649766922,1.1632434129714966
5690,1.2509576082229614,1.1476616859436035
5695,0.009050397202372551,1.0375877618789673
5700,1.1361727714538574,1.1534937620162964
5705,0.014970307238399982,1.168588638305664
5710,1.3085609674453735,1.1540307998657227
5715,0.06623951345682144,1.1776126623153687
5720,1.0096367597579956,1.158613920211792
5725,0.030914366245269775,1.1730883121490479
5730,1.1760332584381104,1.1554464101791382
5735,0.012397435493767262,1.1708487272262573
5740,1.3496119976043701,1.1579139232635498
5745,0.05602693557739258,1.1786327362060547
5750,1.0551735162734985,1.1598221063613892
5755,0.024790022522211075,1.1743886470794678
5760,1.224757432937622,1.1572281122207642
5765,0.009961351752281189,1.1732527017593384
5770,0.7339045405387878,1.1673003435134888
5775,0.10795743763446808,1.1817536354064941
5780,0.8824859857559204,1.1620986461639404
5785,0.05790625140070915,1.1764603853225708
5790,1.041028380393982,1.1576658487319946
5795,0.026032639667391777,1.1722187995910645
5800,1.209242343902588,1.1550198793411255
5805,0.010555095970630646,1.1709192991256714
5810,0.9456934332847595,1.1629630327224731
5815,0.044172439724206924,1.177341341972351
5820,1.1087579727172852,1.1589094400405884
5825,0.018377402797341347,1.1736907958984375
5830,1.281370759010315,1.1575837135314941
5835,0.00813628826290369,1.0414916276931763
5840,1.154823899269104,1.162590742111206
5845,0.014861233532428741,1.1775473356246948
5850,1.3307605981826782,1.1622675657272339
5855,0.03671999275684357,1.1841684579849243
5860,1.1692532300949097,1.1658200025558472
5865,0.014212556183338165,1.1807820796966553
5870,1.346767783164978,1.1655179262161255
5875,0.07446562498807907,1.1888885498046875
5880,1.0090928077697754,1.1694622039794922
5885,0.03518037870526314,1.1838665008544922
5890,1.1777483224868774,1.1656007766723633
5895,0.013519681058824062,1.180629849433899
5900,1.3555229902267456,1.165716290473938
5905,0.15629681944847107,1.191473364830017
5910,0.7880631685256958,1.1712279319763184
5915,0.09164546430110931,1.1856424808502197
5920,0.9415851831436157,1.1660689115524292
5925,0.046544965356588364,1.1804369688034058
5930,1.1050152778625488,1.1618341207504272
5935,0.01940874010324478,1.1765426397323608
5940,1.2781068086624146,1.1600548028945923
5945,0.008182039484381676,1.1772321462631226
5950,0.5768288969993591,1.171155333518982
5955,0.1864679753780365,1.1858406066894531
5960,0.7127597332000732,1.1655436754226685
5965,0.11472035944461823,1.1800132989883423
5970,0.8593257665634155,1.1603349447250366
5975,0.0627468079328537,1.174698829650879
5980,1.015873908996582,1.1558462381362915
5985,0.029018770903348923,1.1703569889068604
5990,1.1820857524871826,1.1529619693756104
5995,0.011821131221950054,1.1685649156570435
6000,1.353820562362671,1.156746506690979
6005,0.1518697440624237,1.1799815893173218
6010,0.7690353393554688,1.1600159406661987
6015,0.08943790942430496,1.1744191646575928
6020,0.918910026550293,1.1551450490951538
6025,0.04595505818724632,1.1695295572280884
6030,1.0785424709320068,1.1512724161148071
6035,0.019867243245244026,1.1660603284835815
6040,1.247577428817749,1.150067925453186
6045,0.00908471830189228,1.1675574779510498
6050,0.6103426218032837,1.1616719961166382
6055,0.15758726000785828,1.1762601137161255
6060,0.7475926280021667,1.156339168548584
6065,0.0940014123916626,1.170750379562378
6070,0.8951062560081482,1.1515089273452759
6075,0.049291763454675674,1.1658897399902344
6080,1.0523638725280762,1.1476305723190308
6085,0.02192813530564308,1.1623657941818237
6090,1.2190245389938354,1.1461756229400635
6095,0.009943041950464249,1.1631451845169067
6100,0.9526960849761963,1.1541517972946167
6105,0.03886261209845543,1.168570637702942
6110,1.1143994331359863,1.1506311893463135
6115,0.016327373683452606,1.1656486988067627
6120,1.2850710153579712,1.150728702545166
6125,0.009014089591801167,1.170566439628601
6130,0.7594051361083984,1.162869930267334
6135,0.09495053440332413,1.177286982536316
6140,0.9091072082519531,1.1578761339187622
6145,0.04940668120980263,1.1722488403320312
6150,1.0686296224594116,1.1537978649139404
6155,0.021530773490667343,1.1684952974319458
6160,1.2376911640167236,1.1520520448684692
6165,0.009359907358884811,1.1689008474349976
6170,0.9174961447715759,1.159883737564087
6175,0.048587728291749954,1.17425537109375
6180,1.0780078172683716,1.1557707786560059
6185,0.020941179245710373,1.1704729795455933
6190,1.2480874061584473,1.1540277004241943
6195,0.009042967110872269,1.1709671020507812
6200,0.811474084854126,1.1627553701400757
6205,0.07783437520265579,1.1771368980407715
6210,0.9650568962097168,1.1579556465148926
6215,0.03818949684500694,1.1723694801330566
6220,1.128381371498108,1.154336929321289
6225,0.015730349346995354,1.169346809387207
6230,1.3007453680038452,1.1543700695037842
6235,0.017429577186703682,1.1752701997756958
6240,1.295350432395935,1.1593022346496582
6245,0.007800309918820858,0.9190889596939087
6250,0.9138270616531372,1.1656653881072998
6255,0.05244392156600952,1.1800265312194824
6260,1.0752760171890259,1.161266565322876
6265,0.022659575566649437,1.1758745908737183
6270,1.246432900428772,1.1589040756225586
6275,0.009156023152172565,1.1752550601959229
6280,1.2548003196716309,1.1639928817749023
6285,0.008992454037070274,1.1800767183303833
6290,0.5360500812530518,1.1760976314544678
6295,0.21760661900043488,1.1908812522888184
6300,0.6689676642417908,1.1703267097473145
6305,0.13803085684776306,1.1848676204681396
6310,0.8128569722175598,1.1648898124694824
6315,0.07891039550304413,1.1792739629745483
6320,0.9669694900512695,1.1600227355957031
6325,0.038716331124305725,1.174428939819336
6330,1.130853533744812,1.156304955482483
6335,0.015839237719774246,1.1712760925292969
6340,1.303900957107544,1.156099796295166
6345,0.010942726396024227,1.176196575164795
6350,1.3840069770812988,1.1642296314239502
6355,0.22187691926956177,1.1886425018310547
6360,0.6565595865249634,1.1681156158447266
6365,0.14156542718410492,1.182664394378662
6370,0.7989900708198547,1.162710189819336
6375,0.08166490495204926,1.1770987510681152
6380,0.9516412019729614,1.1578623056411743
6385,0.040655624121427536,1.1722629070281982
6390,1.1140508651733398,1.1541239023208618
6395,0.016945533454418182,1.169044017791748
6400,1.2857037782669067,1.1536387205123901
6405,0.008156568743288517,0.8198893666267395
6410,0.7335997819900513,1.1621156930923462
6415,0.10369493067264557,1.1765538454055786
6420,0.8811562061309814,1.1570639610290527
6425,0.055398739874362946,1.1714298725128174
6430,1.0385786294937134,1.1528359651565552
6435,0.02494843117892742,1.167440414428711
6440,1.205580234527588,1.150566816329956
6445,0.0105244480073452,1.1667332649230957
6450,0.7444514036178589,1.1611305475234985
6455,0.0988946259021759,1.17555570602417
6460,0.8926621675491333,1.156141757965088
6465,0.05220698565244675,1.1705114841461182
6470,1.0506953001022339,1.1520293951034546
6475,0.02320682443678379,1.1666861772537231
6480,1.2182635068893433,1.150073766708374
6485,0.01000525988638401,1.1665830612182617
6490,1.3010828495025635,1.1561294794082642
6495,0.007797967176884413,0.731199324131012
6500,0.5935901403427124,1.1661450862884521
6505,0.1713085174560547,1.180779218673706
6510,0.7301526069641113,1.1606749296188354
6515,0.10379187017679214,1.1751121282577515
6520,0.8771635890007019,1.1556552648544312
6525,0.05558296665549278,1.1700221300125122
6530,1.0340207815170288,1.151463270187378
6535,0.02515638992190361,1.1660711765289307
6540,1.2004389762878418,1.149234414100647
6545,0.010698111727833748,1.1654012203216553
6550,0.7736122608184814,1.1595641374588013
6555,0.08756960183382034,1.1739630699157715
6560,0.9237375855445862,1.154724359512329
6565,0.044755689799785614,1.1691137552261353
6570,1.0836166143417358,1.1509121656417847
6575,0.01926513947546482,1.165732979774475
6580,1.25285005569458,1.1498972177505493
6585,0.008954721502959728,1.1098836660385132
6590,1.2926981449127197,1.155993938446045
6595,0.00794879999011755,0.8214035630226135
6600,0.7377361059188843,1.1642494201660156
6605,0.10392247140407562,1.1786894798278809
6610,0.8860230445861816,1.159146785736084
6615,0.05538221448659897,1.1735111474990845
6620,1.0442099571228027,1.1548590660095215
6625,0.02478843927383423,1.1694549322128296
6630,1.2120089530944824,1.1525102853775024
6635,0.010320479050278664,1.1686525344848633
6640,0.7240101099014282,1.1631455421447754
6645,0.10820440948009491,1.177596092224121
6650,0.8710144758224487,1.1580357551574707
6655,0.058417342603206635,1.1723997592926025
6660,1.0279228687286377,1.1537052392959595
6665,0.026625454425811768,1.168267846107483
6670,1.1944427490234375,1.151174783706665
6675,0.011058851145207882,1.1670805215835571
6680,1.0460008382797241,1.1584575176239014
6685,0.025600235909223557,1.173014760017395
6690,1.2147047519683838,1.1558268070220947
6695,0.010343112051486969,1.171766757965088
6700,0.8680251240730286,1.1645017862319946
6705,0.06300561875104904,1.1788643598556519
6710,1.0260344743728638,1.1598951816558838
6715,0.02887091040611267,1.1743906736373901
6720,1.1937638521194458,1.1568511724472046
6725,0.011473317630589008,1.172402262687683
6730,1.3673584461212158,1.1603596210479736
6735,0.1681607961654663,1.1838490962982178
6740,0.743989884853363,1.1636968851089478
6745,0.10114703327417374,1.1781294345855713
6750,0.8926598429679871,1.1586294174194336
6755,0.05353238433599472,1.172995686531067
6760,1.0512058734893799,1.1544060707092285
6765,0.02377193234860897,1.169029951095581
6770,1.2193430662155151,1.1522302627563477
6775,0.010012203827500343,1.1685590744018555
6780,0.5845105051994324,1.1648566722869873
6785,0.17485186457633972,1.179499626159668
6790,0.7200241684913635,1.1594027280807495
6795,0.10657380521297455,1.1738457679748535
6800,0.8659870624542236,1.1543902158737183
6805,0.057600390166044235,1.1687566041946411
6810,1.021803855895996,1.1501829624176025
6815,0.026415742933750153,1.1647695302963257
6820,1.1871613264083862,1.1478476524353027
6825,0.011242291890084743,1.163857102394104
6830,0.9892397522926331,1.155942440032959
6835,0.03320229426026344,1.1704014539718628
6840,1.1537399291992188,1.1527060270309448
6845,0.013570848852396011,1.1679872274398804
6850,1.326201319694519,1.1543755531311035
6855,0.1850530207157135,1.1817482709884644
6860,0.7056514024734497,1.1615461111068726
6865,0.11405043303966522,1.1760106086730957
6870,0.8508836627006531,1.1564313173294067
6875,0.06261216104030609,1.1707963943481445
6880,1.0060527324676514,1.1520520448684692
6885,0.029224785044789314,1.166576862335205
6890,1.1708197593688965,1.149312973022461
6895,0.012178126722574234,1.1649603843688965
6900,1.3408477306365967,1.1533191204071045
6905,0.13423117995262146,1.1762467622756958
6910,0.8002416491508484,1.1564908027648926
6915,0.07692646980285645,1.1708694696426392
6920,0.9517548680305481,1.1518617868423462
6925,0.03808753192424774,1.1662914752960205
6930,1.1129231452941895,1.1484655141830444
6935,0.01611751690506935,1.1635366678237915
6940,1.2828714847564697,1.1488837003707886
6945,0.016748949885368347,1.1699092388153076
6950,1.2899929285049438,1.154506802558899
6955,0.008048473857343197,0.8000775575637817
6960,0.7013036012649536,1.1632832288742065
6965,0.11735199391841888,1.1777582168579102
6970,0.8465186953544617,1.1581082344055176
6975,0.06477950513362885,1.1724737882614136
6980,1.001711130142212,1.153639554977417
6985,0.03040609136223793,1.1681400537490845
6990,1.1665384769439697,1.1507205963134766
6995,0.01254248432815075,1.1662358045578003
7000,1.3377732038497925,1.1538703441619873
7005,0.07499849796295166,1.1752701997756958
7010,0.9702418446540833,1.1561806201934814
7015,0.03652843087911606,1.1706100702285767
7020,1.1335406303405762,1.1527180671691895
7025,0.015066960826516151,1.167817234992981
7030,1.3055884838104248,1.153281569480896
7035,0.06193017214536667,1.176725149154663
7040,1.024685263633728,1.1578351259231567
7045,0.02838272787630558,1.1723467111587524
7050,1.1918914318084717,1.1549264192581177
7055,0.011427570134401321,1.1705572605133057
7060,1.364222526550293,1.158953309059143
7065,0.19620250165462494,1.1830229759216309
7070,0.6879820823669434,1.1627353429794312
7075,0.12239941954612732,1.1772236824035645
7080,0.832012414932251,1.1575416326522827
7085,0.0683867484331131,1.171910047531128
7090,0.9860470294952393,1.1530213356018066
7095,0.03265099227428436,1.1674962043762207
7100,1.14972722530365,1.149941086769104
7105,0.013539034873247147,1.1652956008911133
7110,1.3209574222564697,1.1520527601242065
7115,0.010887551121413708,1.1712627410888672
7120,1.1591559648513794,1.1614493131637573
7125,0.014332972466945648,1.1764696836471558
7130,1.3349244594573975,1.161516785621643
7135,0.08479703962802887,1.1854280233383179
7140,0.9633534550666809,1.1659438610076904
7145,0.04205532371997833,1.180323600769043
7150,1.128230094909668,1.1618773937225342
7155,0.017083849757909775,1.1766942739486694
7160,1.3026528358459473,1.1607286930084229
7165,0.007619453594088554,0.8804095387458801
7170,0.8439782857894897,1.1675975322723389
7175,0.07156504690647125,1.1819697618484497
7180,1.0008971691131592,1.1627641916275024
7185,0.03387382626533508,1.1771959066390991
7190,1.1676052808761597,1.1592227220535278
7195,0.013387511484324932,1.1743851900100708
7200,1.3428658246994019,1.1601710319519043
7205,0.21777398884296417,1.187695026397705
7210,0.6612184643745422,1.1672062873840332
7215,0.1384909301996231,1.1817450523376465
7220,0.8038713932037354,1.1618335247039795
7225,0.07951942086219788,1.176217794418335
7230,0.9567071199417114,1.1570346355438232
7235,0.03933924064040184,1.1714438199996948
7240,1.1192846298217773,1.1533886194229126
7245,0.016353685408830643,1.1683619022369385
7250,1.2909791469573975,1.1532161235809326
7255,0.008078956045210361,0.747048556804657
7260,0.6161813735961914,1.1631709337234497
7265,0.1561848223209381,1.1777565479278564
7270,0.7542219758033752,1.1578118801116943
7275,0.09282249212265015,1.1722211837768555
7280,0.9025384783744812,1.1529585123062134
7285,0.04838363081216812,1.1673394441604614
7290,1.060597538948059,1.1490663290023804
7295,0.021328307688236237,1.1638120412826538
7300,1.2280709743499756,1.1476528644561768
7305,0.00965745560824871,1.1647409200668335
7310,0.8424895405769348,1.156581163406372
7315,0.06492631137371063,1.1709469556808472
7320,0.9970837235450745,1.1521507501602173
7325,0.030608465895056725,1.1666548252105713
7330,1.1612874269485474,1.149276614189148
7335,0.012734842486679554,1.1647976636886597
7340,1.3318943977355957,1.1524431705474854
7345,0.06525756418704987,1.1735776662826538
7350,1.0027345418930054,1.1547046899795532
7355,0.030614016577601433,1.1691977977752686
7360,1.1678521633148193,1.15172278881073
7365,0.012552022002637386,1.1672046184539795
7370,1.3396191596984863,1.1546680927276611
7375,0.06641796976327896,1.175790786743164
7380,1.00403892993927,1.1568365097045898
7385,0.031156640499830246,1.1713149547576904
7390,1.1696957349777222,1.1537213325500488
7395,0.012625740841031075,1.1691303253173828
7400,1.3425123691558838,1.1562130451202393
7405,0.04600965604186058,1.1766184568405151
7410,1.097290277481079,1.1581461429595947
7415,0.019391853362321854,1.1728883981704712
7420,1.269059658050537,1.15660560131073
7425,0.008446739986538887,1.1739518642425537
7430,0.5641262531280518,1.1682406663894653
7435,0.1904401034116745,1.182934045791626
7440,0.6983569264411926,1.1626782417297363
7445,0.11801987886428833,1.177154302597046
7450,0.8432198166847229,1.1575121879577637
7455,0.06529994308948517,1.1718780994415283
7460,0.9980539679527283,1.1530495882034302
7465,0.030765490606427193,1.1675477027893066
7470,1.162518858909607,1.1501237154006958
7475,0.01273437775671482,1.1656180620193481
7480,1.3335750102996826,1.1531288623809814
7485,0.05932747200131416,1.174058437347412
7490,1.0284534692764282,1.1552975177764893
7495,0.0270373672246933,1.1698436737060547
7500,1.1953552961349487,1.1526445150375366
7505,0.01109588798135519,1.1684672832489014
7510,1.1398124694824219,1.158970832824707
7515,0.015518222004175186,1.1739280223846436
7520,1.3140342235565186,1.1586695909500122
7525,0.015216456726193428,1.1792093515396118
7530,1.3304105997085571,1.1636624336242676
7535,0.015027407556772232,1.1840182542800903
7540,1.3446214199066162,1.1681888103485107
7545,0.012561477720737457,1.188139796257019
7550,1.386837124824524,1.173056721687317
7555,0.25280386209487915,1.2005510330200195
7560,0.6350613832473755,1.179652214050293
7565,0.1643988937139511,1.1942826509475708
7570,0.7777804136276245,1.173927664756775
7575,0.09737436473369598,1.1883585453033447
7580,0.9310552477836609,1.1686564683914185
7585,0.05016413331031799,1.1830168962478638
7590,1.0943039655685425,1.1642327308654785
7595,0.021185893565416336,1.1788617372512817
7600,1.267302393913269,1.1619563102722168
7605,0.008498734794557095,1.178536295890808
7610,0.9189013242721558,1.169020652770996
7615,0.053117893636226654,1.183379054069519
7620,1.0813919305801392,1.1645076274871826
7625,0.022802338004112244,1.179091453552246
7630,1.2536548376083374,1.1619561910629272
7635,0.008969803340733051,1.1781920194625854
7640,1.3260194063186646,1.166808009147644
7645,0.0070220534689724445,0.8229694962501526
7650,0.7477837800979614,1.1741904020309448
7655,0.10862015932798386,1.18865168094635
7660,0.8987925052642822,1.1688300371170044
7665,0.05780263990163803,1.1831884384155273
7670,1.0598526000976562,1.1642121076583862
7675,0.025491733103990555,1.1787415742874146
7680,1.2306891679763794,1.1613258123397827
7685,0.009895657189190388,1.1771601438522339
7690,0.864485502243042,1.1695821285247803
7695,0.06714969128370285,1.183948278427124
7700,1.0232781171798706,1.1647672653198242
7705,0.03100702539086342,1.1792187690734863
7710,1.1918755769729614,1.1613476276397705
7715,0.012005137279629707,1.1766598224639893
7720,1.3681879043579102,1.163285732269287
7725,0.05571415647864342,1.18388032913208
7730,1.070987582206726,1.1649324893951416
7735,0.024239063262939453,1.179481863975525
7740,1.2426862716674805,1.1621636152267456
7745,0.009410769678652287,1.178153157234192
7750,0.656347930431366,1.1727508306503296
7755,0.14639483392238617,1.1873191595077515
7760,0.7996264100074768,1.1672285795211792
7765,0.08476594090461731,1.181625247001648
7770,0.9532182812690735,1.1622347831726074
7775,0.042324431240558624,1.1766200065612793
7780,1.1166406869888306,1.1582776308059692
7785,0.017478229478001595,1.1731129884719849
7790,1.2895240783691406,1.1572701930999756
7795,0.007970680482685566,0.9125184416770935
7800,0.8998855948448181,1.163885235786438
7805,0.05471432954072952,1.178246259689331
7810,1.0600003004074097,1.1594785451889038
7815,0.02406724914908409,1.1740632057189941
7820,1.2298130989074707,1.156999111175537
7825,0.00974044669419527,1.1731444597244263
7830,0.6261056065559387,1.1684988737106323
7835,0.1568002849817276,1.1830928325653076
7840,0.7659849524497986,1.1630265712738037
7845,0.09278514981269836,1.1774388551712036
7850,0.9162141680717468,1.1580497026443481
7855,0.04794491082429886,1.1724251508712769
7860,1.0762614011764526,1.1540144681930542
7865,0.020723935216665268,1.1687400341033936
7870,1.2458219528198242,1.1524258852005005
7875,0.009112195111811161,1.1694990396499634
7880,0.7602459788322449,1.1618528366088867
7885,0.09386004507541656,1.1762664318084717
7890,0.9098072648048401,1.1568931341171265
7895,0.04875629395246506,1.171268105506897
7900,1.0691766738891602,1.152866244316101
7905,0.021246537566184998,1.1675817966461182
7910,1.2380515336990356,1.1512351036071777
7915,0.009346931241452694,1.168197512626648
7920,0.8525383472442627,1.1597638130187988
7925,0.06418773531913757,1.174128532409668
7930,1.0084905624389648,1.1552618741989136
7935,0.029926706105470657,1.1697622537612915
7940,1.1741019487380981,1.1523178815841675
7945,0.012228582054376602,1.1678485870361328
7950,1.3459421396255493,1.1555975675582886
7955,0.09965071827173233,1.1776397228240967
7960,0.8958143591880798,1.1581673622131348
7965,0.052553169429302216,1.1725348234176636
7970,1.054480791091919,1.153984785079956
7975,0.023253995925188065,1.1686259508132935
7980,1.2227282524108887,1.1519147157669067
7985,0.009875133633613586,1.1683557033538818
7990,1.3356962203979492,1.158165454864502
7995,0.2071933001279831,1.185571551322937
8000,0.6744021773338318,1.1651766300201416
8005,0.13055768609046936,1.1796901226043701
8010,0.8177756071090698,1.159885048866272
8015,0.07398670166730881,1.1742600202560425
8020,0.9712474346160889,1.15521240234375
8025,0.03596552833914757,1.1696488857269287
8030,1.1344068050384521,1.1518197059631348
8035,0.014873960986733437,1.1669557094573975
8040,1.306174874305725,1.1526046991348267
8045,0.08327221125364304,1.1768869161605835
8050,0.9456285834312439,1.1576334238052368
8055,0.04171381890773773,1.1720296144485474
8060,1.1075868606567383,1.1538543701171875
8065,0.01749305985867977,1.168742060661316
8070,1.278841257095337,1.153185486793518
8075,0.008301492780447006,0.8879132270812988
8080,0.8515946269035339,1.1605064868927002
8085,0.06489528715610504,1.1748713254928589
8090,1.0076323747634888,1.1559710502624512
8095,0.030299358069896698,1.1704635620117188
8100,1.1733347177505493,1.1529639959335327
8105,0.012330781668424606,1.1684523820877075
8110,1.3456071615219116,1.1559715270996094
8115,0.08155209571123123,1.1775155067443848
8120,0.9531325697898865,1.1582705974578857
8125,0.04055080562829971,1.1726707220077515
8130,1.1157267093658447,1.1545231342315674
8135,0.01686422899365425,1.1694434881210327
8140,1.287571668624878,1.154036045074463
8145,0.008108672685921192,0.8119036555290222
8150,0.7205296158790588,1.1626288890838623
8155,0.10911001265048981,1.1770812273025513
8160,0.867158830165863,1.1575242280960083
8165,0.0590866394340992,1.1718882322311401
8170,1.0236914157867432,1.153192400932312
8175,0.02705438807606697,1.1677495241165161
8180,1.1898349523544312,1.1506352424621582
8185,0.011255469173192978,1.166498064994812
8190,1.13255774974823,1.1571756601333618
8195,0.01583784818649292,1.1721341609954834
8200,1.3059334754943848,1.1568915843963623
8205,0.009914309717714787,1.176796555519104
8210,0.8585703372955322,1.1692993640899658
8215,0.06859045475721359,1.1836674213409424
8220,1.016882300376892,1.1644684076309204
8225,0.031909555196762085,1.1789120435714722
8230,1.1849983930587769,1.1609944105148315
8235,0.012409031391143799,1.1762512922286987
8240,1.3611812591552734,1.1625598669052124
8245,0.025060031563043594,1.181990146636963
8250,1.2428388595581055,1.1644835472106934
8255,0.009516656398773193,1.1803066730499268
8260,0.7941756248474121,1.1732277870178223
8265,0.09115312993526459,1.1876425743103027
8270,0.948556125164032,1.1680269241333008
8275,0.04606279730796814,1.1823935508728027
8280,1.112868070602417,1.1637479066848755
8285,0.019017398357391357,1.1784552335739136
8290,1.2868748903274536,1.1619396209716797
8295,0.00794376153498888,1.1671178340911865
8300,0.5515697598457336,1.1765185594558716
8305,0.2082364857196808,1.1912753582000732
8310,0.6860662698745728,1.1707555055618286
8315,0.13077592849731445,1.185275673866272
8320,0.831454873085022,1.1653430461883545
8325,0.07365984469652176,1.179718255996704
8330,0.9870155453681946,1.160536289215088
8335,0.03535132110118866,1.1749627590179443
8340,1.152334451675415,1.1569855213165283
8345,0.014212988317012787,1.1720961332321167
8350,1.3264051675796509,1.1576110124588013
8355,0.12312411516904831,1.182902216911316
8360,0.8446361422538757,1.1630843877792358
8365,0.0684165433049202,1.1774524450302124
8370,1.0006933212280273,1.1584175825119019
8375,0.03225741907954216,1.1728779077529907
8380,1.1664707660675049,1.1551536321640015
8385,0.012982800602912903,1.170464277267456
8390,1.34002685546875,1.1570223569869995
8395,0.016462089493870735,1.1761879920959473
8400,1.3083686828613281,1.1604365110397339
8405,0.007523009087890387,0.7957522869110107
8410,0.6980198621749878,1.1688027381896973
8415,0.12376358360052109,1.1833008527755737
8420,0.8440169095993042,1.163468837738037
8425,0.06883567571640015,1.1778370141983032
8430,1.000110149383545,1.1587848663330078
8435,0.03248762711882591,1.1732414960861206
8440,1.1659246683120728,1.1554896831512451
8445,0.013056043535470963,1.1707807779312134
8450,1.339638352394104,1.1572357416152954
8455,0.012853194028139114,1.1762750148773193
8460,1.3547214269638062,1.1622258424758911
8465,0.00812887866050005,1.1814409494400024
8470,0.8152178525924683,1.1726552248001099
8475,0.08382333070039749,1.1870523691177368
8480,0.9710505604743958,1.1675411462783813
8485,0.041298333555459976,1.1819210052490234
8490,1.1367764472961426,1.1634539365768433
8495,0.01659225858747959,1.1782804727554321
8500,1.312058448791504,1.1623501777648926
8505,0.007398393005132675,0.823372483253479
8510,0.7454079985618591,1.170065999031067
8515,0.10595424473285675,1.1845160722732544
8520,0.8954256176948547,1.1648163795471191
8525,0.05630399286746979,1.1791765689849854
8530,1.0554262399673462,1.1603444814682007
8535,0.024910787120461464,1.1749054193496704
8540,1.225136399269104,1.1577095985412598
8545,0.009965605102479458,1.1737046241760254
8550,0.7542205452919006,1.1674946546554565
8555,0.10053284466266632,1.1819283962249756
8560,0.9044203162193298,1.1623449325561523
8565,0.052808281034231186,1.176708459854126
8570,1.0645354986190796,1.1580326557159424
8575,0.02309892512857914,1.1726504564285278
8580,1.2343100309371948,1.155771017074585
8585,0.009528502821922302,1.1721270084381104
8590,1.3390692472457886,1.1614922285079956
8595,0.1254541277885437,1.1866503953933716
8600,0.8483507633209229,1.1667286157608032
8605,0.06975045800209045,1.1810981035232544
8610,1.0054110288619995,1.1619454622268677
8615,0.03281215578317642,1.1763887405395508
8620,1.1722429990768433,1.1585053205490112
8625,0.012975168414413929,1.1737372875213623
8630,1.3472880125045776,1.1598931550979614
8635,0.00926753506064415,1.178950309753418
8640,0.6185309290885925,1.1739550828933716
8645,0.16666334867477417,1.1885851621627808
8650,0.7587457299232483,1.168339490890503
8655,0.099587082862854,1.1827718019485474
8660,0.9094626903533936,1.1631779670715332
8665,0.05209864675998688,1.1775414943695068
8670,1.070103406906128,1.1588609218597412
8675,0.022641627117991447,1.1734858751296997
8680,1.2404041290283203,1.1566288471221924
8685,0.009323894046247005,1.1730520725250244
8690,1.22566556930542,1.1619843244552612
8695,0.010172378271818161,1.1776942014694214
8700,1.0487090349197388,1.1684175729751587
8705,0.028448406606912613,1.1828843355178833
8710,1.2197329998016357,1.165056586265564
8715,0.010713000781834126,1.1805115938186646
8720,1.3971776962280273,1.1680735349655151
8725,0.2166166454553604,1.1923011541366577
8730,0.6740037202835083,1.1717215776443481
8735,0.13712061941623688,1.186261534690857
8740,0.8185747861862183,1.1662591695785522
8745,0.07813207805156708,1.1806422472000122
8750,0.9733766317367554,1.1613682508468628
8755,0.03811554238200188,1.1757745742797852
8760,1.1379687786102295,1.1576341390609741
8765,0.01545468159019947,1.1726164817810059
8770,1.31171452999115,1.1574875116348267
8775,0.020424505695700645,1.1785334348678589
8780,1.2734811305999756,1.1617625951766968
8785,0.00830785371363163,1.1785484552383423
8790,0.7587333917617798,1.1704323291778564
8795,0.10132311284542084,1.1848706007003784
8800,0.909854531288147,1.1652090549468994
8805,0.053110070526599884,1.1795703172683716
8810,1.070942997932434,1.160805583000183
8815,0.023065142333507538,1.1754064559936523
8820,1.2417281866073608,1.15840482711792
8825,0.00931735523045063,1.1746907234191895
8830,1.3597139120101929,1.164077877998352
8835,0.10524120181798935,1.189246654510498
8840,0.9100515842437744,1.1694436073303223
8845,0.05543431639671326,1.183801293373108
8850,1.0720170736312866,1.1648621559143066
8855,0.024085979908704758,1.1794153451919556
8860,1.243762731552124,1.1621164083480835
8865,0.009363846853375435,1.1781306266784668
8870,0.6335970759391785,1.1730080842971802
8875,0.1578492969274521,1.1876106262207031
8880,0.7749620676040649,1.167439341545105
8885,0.09314342588186264,1.1818550825119019
8890,0.9267444014549255,1.1623551845550537
8895,0.047836337238550186,1.1767255067825317
8900,1.0883978605270386,1.1581913232803345
8905,0.02035984769463539,1.1728947162628174
8910,1.2596560716629028,1.15642511844635
8915,0.008701865561306477,1.17344331741333
8920,0.7171626687049866,1.1660124063491821
8925,0.11337479203939438,1.1804789304733276
8930,0.8641728162765503,1.1608022451400757
8935,0.061767399311065674,1.1751654148101807
8940,1.0211647748947144,1.1563208103179932
8945,0.028399862349033356,1.1708389520645142
8950,1.187817096710205,1.153476595878601
8955,0.011542903259396553,1.169131875038147
8960,1.3594200611114502,1.1576368808746338
8965,0.19180774688720703,1.1816543340682983
8970,0.6927952170372009,1.1614185571670532
8975,0.11918781697750092,1.1758968830108643
8980,0.83696448802948,1.156273365020752
8985,0.06623011082410812,1.1706401109695435
8990,0.9911009073257446,1.1518261432647705
8995,0.03142382577061653,1.1663206815719604
9000,1.1548532247543335,1.1488943099975586
9005,0.01309971697628498,1.164354681968689
9010,1.3254741430282593,1.151663899421692
9015,0.035661302506923676,1.171769380569458
9020,1.1418861150741577,1.1538841724395752
9025,0.01458173617720604,1.1690129041671753
9030,1.3145811557769775,1.1546226739883423
9035,0.10079674422740936,1.179391622543335
9040,0.8969864249229431,1.1598652601242065
9045,0.053190626204013824,1.1742305755615234
9050,1.0560803413391113,1.155614972114563
9055,0.023491501808166504,1.170238733291626
9060,1.224786400794983,1.1534193754196167
9065,0.009831556119024754,1.1697673797607422
9070,0.5517652630805969,1.1664425134658813
9075,0.19568604230880737,1.1811492443084717
9080,0.6845139861106873,1.1609041690826416
9085,0.12219174206256866,1.1753900051116943
9090,0.8279170393943787,1.1557519435882568
9095,0.0683969184756279,1.1701204776763916
9100,0.9812967777252197,1.151279091835022
9105,0.032792363315820694,1.1657589673995972
9110,1.1442897319793701,1.148257851600647
9115,0.013727277517318726,1.163625717163086
9120,1.3147656917572021,1.1504422426223755
9125,0.009715743362903595,1.1698803901672363
9130,1.3200383186340332,1.1592634916305542
9135,0.031800877302885056,1.1810095310211182
9140,1.1914478540420532,1.163025140762329
9145,0.01221768744289875,1.1782629489898682
9150,1.3685420751571655,1.164481282234192
9155,0.028596792370080948,1.184026837348938
9160,1.2218115329742432,1.166145920753479
9165,0.010693451389670372,1.1815712451934814
9170,1.3998501300811768,1.168971061706543
9175,0.2080206423997879,1.1930224895477295
9180,0.6906232833862305,1.1724669933319092
9185,0.13043135404586792,1.186988115310669
9190,0.8367194533348083,1.1670197248458862
9195,0.073264941573143,1.1813945770263672
9200,0.9929990768432617,1.1621761322021484
9205,0.034978434443473816,1.1766008138656616
9210,1.159060001373291,1.15858793258667
9215,0.01392759382724762,1.1736996173858643
9220,1.3338813781738281,1.1592203378677368
9225,0.14782050251960754,1.1851049661636353
9230,0.7908039093017578,1.1650536060333252
9235,0.08600397408008575,1.179451823234558
9240,0.9433095455169678,1.1600983142852783
9245,0.04330001771450043,1.1744837760925293
9250,1.10562002658844,1.1561707258224487
9255,0.018127482384443283,1.1709939241409302
9260,1.2773723602294922,1.1551135778427124
9265,0.008278201334178448,0.9880568981170654
9270,1.0431910753250122,1.160831332206726
9275,0.026715140789747238,1.1753560304641724
9280,1.2122321128845215,1.157962441444397
9285,0.010578729212284088,1.1737157106399536
9290,1.0967079401016235,1.1642694473266602
9295,0.020918436348438263,1.178905963897705
9300,1.2698639631271362,1.1620386838912964
9305,0.008419116958975792,1.178682804107666
9310,0.8610846996307373,1.1696356534957886
9315,0.06811589747667313,1.1840031147003174
9320,1.0196493864059448,1.1648036241531372
9325,0.031593527644872665,1.1792490482330322
9330,1.1880183219909668,1.161339521408081
9335,0.012250586412847042,1.176612138748169
9340,1.3643549680709839,1.1630134582519531
9345,0.03423507884144783,1.1828253269195557
9350,1.1807420253753662,1.1646416187286377
9355,0.01316126063466072,1.179725170135498
9360,1.3582898378372192,1.165101170539856
9365,0.21471098065376282,1.1922601461410522
9370,0.6771701574325562,1.1716901063919067
9375,0.13565386831760406,1.1862255334854126
9380,0.8219985365867615,1.166235089302063
9385,0.07707802951335907,1.1806159019470215
9390,0.9770498275756836,1.16135835647583
9395,0.03744514286518097,1.1757687330245972
9400,1.1418861150741577,1.157659649848938
9405,0.015134776011109352,1.1726688146591187
9410,1.3158074617385864,1.1576716899871826
9415,0.036821410059928894,1.1797631978988647
9420,1.156465768814087,1.161552906036377
9425,0.014561885967850685,1.1765506267547607
9430,1.3321665525436401,1.1614834070205688
9435,0.06311661005020142,1.1846075057983398
9440,1.0412962436676025,1.165483832359314
9445,0.028523309156298637,1.1799609661102295
9450,1.2112141847610474,1.1622370481491089
9455,0.010944338515400887,1.1777305603027344
9460,1.387300729751587,1.1654653549194336
9465,0.20382419228553772,1.1895231008529663
9470,0.6896902918815613,1.1690605878829956
9475,0.12757091224193573,1.1835700273513794
9480,0.8350573778152466,1.163700819015503
9485,0.07151801884174347,1.1780725717544556
9490,0.9905470013618469,1.1589679718017578
9495,0.03413254767656326,1.1734086275100708
9500,1.1557704210281372,1.155551791191101
9505,0.01376982033252716,1.1707426309585571
9510,1.3294063806533813,1.1566693782806396
9515,0.18836279213428497,1.1837209463119507
9520,0.7041059136390686,1.1634588241577148
9525,0.11636529862880707,1.177931547164917
9530,0.8495796322822571,1.1582863330841064
9535,0.06407338380813599,1.1726511716842651
9540,1.0050209760665894,1.1538265943527222
9545,0.02996658906340599,1.168332576751709
9550,1.1700981855392456,1.150939702987671
9555,0.012348754331469536,1.166489601135254
9560,1.3412843942642212,1.1543229818344116
9565,0.09621744602918625,1.1763033866882324
9570,0.9026666283607483,1.1569017171859741
9575,0.05033762753009796,1.1712734699249268
9580,1.0615453720092773,1.1528230905532837
9585,0.02211284451186657,1.1675084829330444
9590,1.2299506664276123,1.1510206460952759
9595,0.009606090374290943,1.16775381565094
9600,1.0380619764328003,1.1579060554504395
9605,0.026511523872613907,1.172448992729187
9610,1.2061412334442139,1.1551929712295532
9615,0.010712401010096073,1.1710270643234253
9620,1.0415502786636353,1.1622052192687988
9625,0.027387769892811775,1.1767126321792603
9630,1.2107799053192139,1.1592050790786743
9635,0.01073420513421297,1.1748605966567993
9640,1.2536507844924927,1.1641151905059814
9645,0.009042397141456604,1.1801656484603882
9650,0.559930682182312,1.1758458614349365
9655,0.20221121609210968,1.1905839443206787
9660,0.6951055526733398,1.1701072454452515
9665,0.12623071670532227,1.184613585472107
9670,0.841113805770874,1.164731740951538
9675,0.07047485560178757,1.1791023015975952
9680,0.9972492456436157,1.1599887609481812
9685,0.0334085151553154,1.174432635307312
9690,1.1631263494491577,1.156582236289978
9695,0.013375003822147846,1.1718025207519531
9700,1.3372827768325806,1.157885193824768
9705,0.2368941307067871,1.1859854459762573
9710,0.6261934638023376,1.1654490232467651
9715,0.1535290777683258,1.1800296306610107
9720,0.7655252814292908,1.160051941871643
9725,0.0906529650092125,1.1744579076766968
9730,0.9151415228843689,1.1551673412322998
9735,0.046758782118558884,1.1695497035980225
9740,1.0745209455490112,1.1512641906738281
9745,0.020293191075325012,1.1660327911376953
9750,1.2433292865753174,1.1499518156051636
9755,0.009199928492307663,1.1672849655151367
9760,0.6735631227493286,1.160672664642334
9765,0.12667874991893768,1.1751708984375
9770,0.8160200715065002,1.1554999351501465
9775,0.07160570472478867,1.1698715686798096
9780,0.9684895873069763,1.1509782075881958
9785,0.03480256721377373,1.165437936782837
9790,1.1305792331695557,1.147821068763733
9795,0.014644540846347809,1.1630665063858032
9800,1.3007973432540894,1.1492594480514526
9805,0.12972424924373627,1.1751933097839355
9810,0.80854332447052,1.155496597290039
9815,0.07378058135509491,1.1698709726333618
9820,0.9604678153991699,1.1509400606155396
9825,0.0361679270863533,1.165387511253357
9830,1.122019648551941,1.1476935148239136
9835,0.015275660902261734,1.1628648042678833
9840,1.2920056581497192,1.148695707321167
9845,0.06879396736621857,1.172628402709961
9850,0.986378014087677,1.153713345527649
9855,0.03284859284758568,1.16818368434906
9860,1.1502230167388916,1.1505906581878662
9865,0.013575194403529167,1.1659226417541504
9870,1.3217533826828003,1.1525670289993286
9875,0.009204678237438202,1.1720290184020996
9880,1.0316511392593384,1.1620043516159058
9885,0.02875492163002491,1.1764925718307495
9890,1.200201153755188,1.1588821411132812
9895,0.0112785454839468,1.1744097471237183
9900,1.3747411966323853,1.1622737646102905
9905,0.17990776896476746,1.1859521865844727
9910,0.7256457209587097,1.1656880378723145
9915,0.10975578427314758,1.1801447868347168
9920,0.8732630014419556,1.1605098247528076
9925,0.059282086789608,1.1748723983764648
9930,1.0308319330215454,1.1560899019241333
9935,0.026951028034090996,1.1706339120864868
9940,1.1980584859848022,1.1534103155136108
9945,0.01100621186196804,1.1692277193069458
9950,1.125169038772583,1.1598068475723267
9955,0.016969401389360428,1.1746541261672974
9960,1.2988951206207275,1.1588538885116577
9965,0.007744118571281433,0.8534731864929199
9970,0.7947734594345093,1.1663156747817993
9975,0.08565471321344376,1.1807136535644531
9980,0.9478246569633484,1.1613337993621826
9985,0.04297403246164322,1.1757183074951172
9990,1.1106990575790405,1.1573792695999146
9995,0.01787324622273445,1.1722029447555542
10000,1.2830299139022827,1.1563122272491455
10005,0.008128603920340538,0.9609245657920837
10010,0.9909602999687195,1.162290334701538
10015,0.03537503257393837,1.1767116785049438
10020,1.156912088394165,1.1586742401123047
10025,0.01410150621086359,1.1737655401229858
10030,1.331696629524231,1.159180998802185
10035,0.12593047320842743,1.1844710111618042
10040,0.8415079116821289,1.1645946502685547
10045,0.07027417421340942,1.1789648532867432
10050,0.997642457485199,1.1598583459854126
10055,0.03329350799322128,1.1743037700653076
10060,1.163521647453308,1.1564645767211914
10065,0.01333327405154705,1.1716930866241455
10070,1.3376338481903076,1.1578189134597778
10075,0.24368572235107422,1.1860746145248413
10080,0.6158571243286133,1.165508508682251
10085,0.1588331162929535,1.1801048517227173
10090,0.7542919516563416,1.1600912809371948
10095,0.09456412494182587,1.1745057106018066
10100,0.9030569195747375,1.1551663875579834
10105,0.049368903040885925,1.1695424318313599
10110,1.0616059303283691,1.1511725187301636
10115,0.02170519158244133,1.1658854484558105
10120,1.2296359539031982,1.1495482921600342
10125,0.009608118794858456,1.1664458513259888
10130,0.934145987033844,1.157423496246338
10135,0.043896667659282684,1.1718113422393799
10140,1.0952882766723633,1.153558373451233
10145,0.01862485334277153,1.168384075164795
10150,1.2658231258392334,1.152540683746338
10155,0.008593947626650333,1.039372205734253
10160,1.1450350284576416,1.1579629182815552
10165,0.014926237985491753,1.1729856729507446
10170,1.3191713094711304,1.1580559015274048
10175,0.049792155623435974,1.1807680130004883
10180,1.0898832082748413,1.1620588302612305
10185,0.021138880401849747,1.176705002784729
10190,1.2621206045150757,1.1599116325378418
10195,0.008640630170702934,1.1765742301940918
10200,0.8934051990509033,1.1673625707626343
10205,0.058269284665584564,1.1817216873168945
10210,1.0537844896316528,1.1627750396728516
10215,0.02586721070110798,1.1773048639297485
10220,1.2239259481430054,1.1599117517471313
10225,0.010131044313311577,1.1757278442382812
10230,0.9312170743942261,1.1676067113876343
10235,0.04957154765725136,1.1819686889648438
10240,1.0942609310150146,1.1632312536239624
10245,0.020934421569108963,1.1778749227523804
10250,1.2670305967330933,1.1610558032989502
10255,0.008497836999595165,1.1777304410934448
10260,0.8578763008117676,1.168758749961853
10265,0.06842855364084244,1.183126449584961
10270,1.0160292387008667,1.1639443635940552
10275,0.031849607825279236,1.1783899068832397
10280,1.1839789152145386,1.1604949235916138
10285,0.012419592589139938,1.1757620573043823
10290,1.3599385023117065,1.1621240377426147
10295,0.02649064175784588,1.1816269159317017
10300,1.2307581901550293,1.1640037298202515
10305,0.010055121034383774,1.1796660423278809
10310,1.0737528800964355,1.1700667142868042
10315,0.025457631796598434,1.1845682859420776
10320,1.246738076210022,1.16692054271698
10325,0.009478548541665077,1.1826446056365967
10330,0.8728480935096741,1.1746419668197632
10335,0.0681733563542366,1.189009666442871
10340,1.0332661867141724,1.1696803569793701
10345,0.03126830607652664,1.1841131448745728
10350,1.2035573720932007,1.166052222251892
10355,0.011778856627643108,1.1812851428985596
10360,1.3820236921310425,1.1675050258636475
10365,0.04811869561672211,1.1877497434616089
10370,1.1175143718719482,1.1688876152038574
10375,0.019747529178857803,1.183526873588562
10380,1.2929853200912476,1.166616678237915
10385,0.0077695236541330814,1.1834114789962769
10390,0.6573009490966797,1.1760609149932861
10395,0.14939440786838531,1.1906423568725586
10400,0.8012723922729492,1.1704589128494263
10405,0.08665871620178223,1.184861421585083
10410,0.9556348919868469,1.1653673648834229
10415,0.043313149362802505,1.179744005203247
10420,1.1198744773864746,1.1612697839736938
10425,0.01776604726910591,1.1760571002960205
10430,1.293688178062439,1.1599544286727905
10435,0.007818754762411118,0.970798134803772
10440,1.0136337280273438,1.1655316352844238
10445,0.032841574400663376,1.1799635887145996
10450,1.1817572116851807,1.1619539260864258
10455,0.012739958241581917,1.1771422624588013
10460,1.3583223819732666,1.163077712059021
10465,0.009022713638842106,1.1820317506790161
10470,0.6140949726104736,1.1768617630004883
10475,0.1723051369190216,1.1915124654769897
10480,0.7544431686401367,1.1711713075637817
10485,0.10351966321468353,1.1856160163879395
10490,0.9053786396980286,1.165914535522461
10495,0.054548509418964386,1.1802747249603271
10500,1.0662932395935059,1.161454200744629
10505,0.023828521370887756,1.1760324239730835
10510,1.2369366884231567,1.1589093208312988
10515,0.009519167244434357,1.175045132637024
10520,0.5951837301254272,1.1706562042236328
10525,0.1755254715681076,1.1853084564208984
10530,0.7327046990394592,1.165082573890686
10535,0.1065215915441513,1.1795300245285034
10540,0.8807643055915833,1.1599410772323608
10545,0.057097356766462326,1.1743041276931763
10550,1.0387495756149292,1.1555880308151245
10555,0.025718091055750847,1.1701587438583374
10560,1.206371784210205,1.153079628944397
10565,0.010592716746032238,1.169066309928894
10570,0.8803239464759827,1.1618558168411255
10575,0.058300700038671494,1.176217794418335
10580,1.0386630296707153,1.1574206352233887
10585,0.0262797512114048,1.1719703674316406
10590,1.2066811323165894,1.1547569036483765
10595,0.010662364773452282,1.1706299781799316
10600,0.9927173256874084,1.162261962890625
10605,0.03506144881248474,1.1766855716705322
10610,1.1587775945663452,1.1586652994155884
10615,0.013959420844912529,1.1737722158432007
10620,1.3336162567138672,1.1592671871185303
10625,0.14332033693790436,1.185030221939087
10630,0.8008871674537659,1.1650110483169556
10635,0.08273089677095413,1.1794025897979736
10640,0.954136073589325,1.160094141960144
10645,0.041169896721839905,1.1744880676269531
10650,1.1171743869781494,1.1562573909759521
10655,0.017044797539711,1.1711434125900269
10660,1.2895610332489014,1.1555581092834473
10665,0.008021003566682339,0.8437109589576721
10670,0.7754365801811218,1.163448452949524
10675,0.08988714218139648,1.177854061126709
10680,0.9264683723449707,1.1584903001785278
10685,0.0459836907684803,1.1728699207305908
10690,1.0873041152954102,1.1545106172561646
10695,0.019643470644950867,1.1692768335342407
10700,1.257623314857483,1.1531460285186768
10705,0.00878183264285326,1.1705669164657593
10710,0.5888301730155945,1.1647576093673706
10715,0.17235900461673737,1.1793930530548096
10720,0.7247185111045837,1.1593127250671387
10725,0.10471087694168091,1.1737512350082397
10730,0.8710348606109619,1.1543171405792236
10735,0.05632639676332474,1.1686843633651733
10740,1.0271904468536377,1.1501442193984985
10745,0.025682508945465088,1.164747953414917
10750,1.1928834915161133,1.1479085683822632
10755,0.010981125757098198,1.1640254259109497
10760,0.8562413454055786,1.1573960781097412
10765,0.06179244816303253,1.1717605590820312
10770,1.0119794607162476,1.1530076265335083
10775,0.028663650155067444,1.167536973953247
10780,1.1773362159729004,1.1502827405929565
10785,0.011886058375239372,1.1659696102142334
10790,1.3474936485290527,1.1545788049697876
10795,0.1686922013759613,1.178214192390442
10800,0.7292623519897461,1.1581809520721436
10805,0.10207775980234146,1.172611951828003
10810,0.8757198452949524,1.1532331705093384
10815,0.05461318418383598,1.1676028966903687
10820,1.0319862365722656,1.1491379737854004
10825,0.024778366088867188,1.1637705564498901
10830,1.1977553367614746,1.1470848321914673
10835,0.010741578415036201,1.1633747816085815
10840,0.7116184234619141,1.1584141254425049
10845,0.10898831486701965,1.1728627681732178
10850,0.8567299246788025,1.1534061431884766
10855,0.05935153365135193,1.1677725315093994
10860,1.01169753074646,1.149183988571167
10865,0.027512354776263237,1.1637537479400635
10870,1.1762030124664307,1.146761417388916
10875,0.011723535135388374,1.162649393081665
10880,1.2091008424758911,1.1529313325881958
10885,0.010463325306773186,1.1689814329147339
10890,0.8084688186645508,1.1625125408172607
10895,0.07858197391033173,1.176895260810852
10900,0.9617787599563599,1.157708764076233
10905,0.03868598863482475,1.172120213508606
10910,1.124834418296814,1.154072642326355
10915,0.015988187864422798,1.169065237045288
10920,1.296965479850769,1.154005765914917
10925,0.010775409638881683,1.1741331815719604
10930,1.2410448789596558,1.163522481918335
10935,0.009545675478875637,1.1793819665908813
10940,0.7713212370872498,1.1726014614105225
10945,0.09857705235481262,1.1870344877243042
10950,0.9238418340682983,1.1673507690429688
10955,0.051078375428915024,1.1817115545272827
10960,1.0863316059112549,1.1629397869110107
10965,0.02178054302930832,1.177560567855835
10970,1.2585508823394775,1.1606312990188599
10975,0.00876635778695345,1.1771160364151
10980,1.046411395072937,1.1667355298995972
10985,0.028203612193465233,1.181212067604065
10990,1.2169252634048462,1.1634653806686401
10995,0.010732635855674744,1.1789672374725342
11000,1.3934553861618042,1.1667892932891846
11005,0.23081223666667938,1.1912975311279297
11010,0.6480791568756104,1.170676827430725
11015,0.14822012186050415,1.1852480173110962
11020,0.7902622818946838,1.1651908159255981
11025,0.08628412336111069,1.1795896291732788
11030,0.9427528381347656,1.160229206085205
11035,0.043472662568092346,1.1746138334274292
11040,1.105054259300232,1.1562904119491577
11045,0.018207326531410217,1.1711077690124512
11050,1.276807427406311,1.1552002429962158
11055,0.00828847847878933,0.9999601244926453
11060,1.0671015977859497,1.1607732772827148
11065,0.023533837869763374,1.1753627061843872
11070,1.2376430034637451,1.1583044528961182
11075,0.00947121623903513,1.1745071411132812
11080,0.557343065738678,1.1706873178482056
11085,0.19744032621383667,1.185404658317566
11090,0.6913669109344482,1.16506028175354
11095,0.12310542166233063,1.1795529127120972
11100,0.8361157178878784,1.1598114967346191
11105,0.06868724524974823,1.174180030822754
11110,0.9909046292304993,1.1552261114120483
11115,0.03266676142811775,1.169693112373352
11120,1.1553635597229004,1.15205717086792
11125,0.013387486338615417,1.167381763458252
11130,1.3275392055511475,1.1539944410324097
11135,0.010669519193470478,1.17314875125885
11140,1.1231515407562256,1.1635180711746216
11145,0.017913492396473885,1.178275227546692
11150,1.2977010011672974,1.1620049476623535
11155,0.007690859958529472,1.0060116052627563
11160,1.0861190557479858,1.1670033931732178
11165,0.02292240597307682,1.1815694570541382
11170,1.2592257261276245,1.1643097400665283
11175,0.008833015337586403,1.1804598569869995
11180,1.3848892450332642,1.1695364713668823
11185,0.021260123699903488,1.1886491775512695
11190,1.2928777933120728,1.1712794303894043
11195,0.007835404016077518,1.1875513792037964
11200,1.0050021409988403,1.1769505739212036
11205,0.03920266032218933,1.1913213729858398
11210,1.1749625205993652,1.172644853591919
11215,0.01492147147655487,1.1874641180038452
11220,1.3546504974365234,1.171430230140686
11225,0.01042076013982296,1.1910200119018555
11230,1.4260408878326416,1.1772710084915161
11235,0.154964879155159,1.2001028060913086
11240,0.8131915330886841,1.1796789169311523
11245,0.08988919109106064,1.1940948963165283
11250,0.9702820181846619,1.1743392944335938
11255,0.044734660536050797,1.1887009143829346
11260,1.1373777389526367,1.1699117422103882
11265,0.01788927987217903,1.1846100091934204
11270,1.3142777681350708,1.1679846048355103
11275,0.007232327945530415,1.0431190729141235
11280,1.169386625289917,1.1721868515014648
11285,0.015323173254728317,1.1869871616363525
11290,1.348659873008728,1.1708593368530273
11295,0.006526475306600332,0.6995142102241516
11300,0.5539591312408447,1.1802092790603638
11305,0.2114362120628357,1.1949803829193115
11310,0.689333975315094,1.1743683815002441
11315,0.13285616040229797,1.1888986825942993
11320,0.835676372051239,1.1688693761825562
11325,0.0748368501663208,1.1832469701766968
11330,0.992249608039856,1.163957118988037
11335,0.035830236971378326,1.1783711910247803
11340,1.1586369276046753,1.1602548360824585
11345,0.014195607043802738,1.1753085851669312
11350,1.3340052366256714,1.1605286598205566
11355,0.10578832775354385,1.1851599216461182
11360,0.8976030945777893,1.1654467582702637
11365,0.056137293577194214,1.1798065900802612
11370,1.057884693145752,1.1609609127044678
11375,0.024769973009824753,1.1755214929580688
11380,1.2278904914855957,1.158314824104309
11385,0.00987292267382145,1.17431640625
11390,0.7326159477233887,1.1683030128479004
11395,0.10931938886642456,1.1827608346939087
11400,0.8812883496284485,1.163069248199463
11405,0.05876510590314865,1.1774307489395142
11410,1.0399435758590698,1.1585898399353027
11415,0.0264634657651186,1.173129916191101
11420,1.2082931995391846,1.1558505296707153
11425,0.010645614005625248,1.1716772317886353
11430,1.0344977378845215,1.1628773212432861
11435,0.028632106259465218,1.177363634109497
11440,1.2034209966659546,1.1597295999526978
11445,0.011168613098561764,1.1752545833587646
11450,1.3783210515975952,1.1631217002868652
11455,0.19026337563991547,1.1869806051254272
11460,0.7083498239517212,1.1666392087936401
11465,0.11748584359884262,1.1811177730560303
11470,0.8547727465629578,1.1613889932632446
11475,0.0645907074213028,1.1757534742355347
11480,1.0112136602401733,1.156835675239563
11485,0.03005053661763668,1.1713275909423828
11490,1.1773349046707153,1.1538140773773193
11495,0.012166457250714302,1.1693103313446045
11500,1.3499400615692139,1.1568857431411743
11505,0.09467626363039017,1.1787693500518799
11510,0.9138301014900208,1.1593257188796997
11515,0.04910621419548988,1.1736972332000732
11520,1.0739715099334717,1.1552131175994873
11525,0.021262863650918007,1.1699081659317017
11530,1.2436860799789429,1.1534372568130493
11535,0.009176434949040413,1.1703071594238281
11540,0.8719414472579956,1.1615952253341675
11545,0.06025004759430885,1.1759573221206665
11550,1.0296378135681152,1.1571240425109863
11555,0.027442477643489838,1.171654224395752
11560,1.1970142126083374,1.1543433666229248
11565,0.01111630443483591,1.1700847148895264
11570,1.2392873764038086,1.1597110033035278
11575,0.00945332646369934,1.1758290529251099
11580,0.5932983756065369,1.171403169631958
11585,0.17742353677749634,1.1860620975494385
11590,0.7307836413383484,1.1658092737197876
11595,0.10787598788738251,1.1802607774734497
11600,0.8788248896598816,1.1606413125991821
11605,0.057973068207502365,1.1750038862228394
11610,1.0368115901947021,1.1562477350234985
11615,0.026176758110523224,1.17080557346344
11620,1.2044492959976196,1.153651237487793
11625,0.0107099749147892,1.169561505317688
11630,0.9682707190513611,1.1614819765090942
11635,0.03910481929779053,1.1758826971054077
11640,1.1325441598892212,1.1576945781707764
11645,0.015926135703921318,1.1726387739181519
11650,1.30607008934021,1.157323956489563
11655,0.008202211000025272,1.1768275499343872
11660,0.5667215585708618,1.1709015369415283
11665,0.19208110868930817,1.185603141784668
11670,0.701664924621582,1.1652815341949463
11675,0.11900276690721512,1.1797630786895752
11680,0.8472900390625,1.1600522994995117
11685,0.06577150523662567,1.1744178533554077
11690,1.0029257535934448,1.1555124521255493
11695,0.030864588916301727,1.1699994802474976
11700,1.1682311296463013,1.1524758338928223
11705,0.012597767636179924,1.1679260730743408
11710,1.3404159545898438,1.1552225351333618
11715,0.0565241314470768,1.1760149002075195
11720,1.0458732843399048,1.157265067100525
11725,0.025263791903853416,1.1718358993530273
11730,1.2143040895462036,1.154733657836914
11735,0.010310382582247257,1.1707470417022705
11740,0.8058745861053467,1.1641845703125
11745,0.08056716620922089,1.1785717010498047
11750,0.9593256711959839,1.1593142747879028
11755,0.03983444720506668,1.1737159490585327
11760,1.1225520372390747,1.155565619468689
11765,0.01643621362745762,1.1705018281936646
11770,1.2950074672698975,1.1551634073257446
11775,0.007936765439808369,0.7655355930328369
11780,0.6461215615272522,1.1645584106445312
11785,0.142906054854393,1.1791068315505981
11790,0.787002444267273,1.1592223644256592
11795,0.08295856416225433,1.173612117767334
11800,0.9380711317062378,1.154444694519043
11805,0.04176241531968117,1.1688469648361206
11810,1.098863124847412,1.1507701873779297
11815,0.017744988203048706,1.1656808853149414
11820,1.2688566446304321,1.1502593755722046
11825,0.008592022582888603,0.9021240472793579
11830,0.8750203251838684,1.157577395439148
11835,0.05716871842741966,1.171942114830017
11840,1.032120704650879,1.153289556503296
11845,0.025931674987077713,1.1678688526153564
11850,1.198815941810608,1.1508653163909912
11855,0.010837409645318985,1.1668730974197388
11860,0.9111200571060181,1.1595038175582886
11865,0.04979464411735535,1.173874020576477
11870,1.071114182472229,1.155363917350769
11875,0.021626926958560944,1.170045256614685
11880,1.2406874895095825,1.1535072326660156
11885,0.00927171390503645,1.1702748537063599
11890,0.950214147567749,1.1609296798706055
11895,0.04231441393494606,1.1753171682357788
11900,1.1131621599197388,1.1570156812667847
11905,0.017564548179507256,1.1718608140945435
11910,1.2855358123779297,1.1560752391815186
11915,0.008083401247859001,0.91648930311203
11920,0.9062688946723938,1.1627188920974731
11925,0.052584484219551086,1.1770823001861572
11930,1.0665926933288574,1.1584018468856812
11935,0.022945966571569443,1.1730214357376099
11940,1.236576795578003,1.1561450958251953
11945,0.009453009814023972,1.1725205183029175
11950,1.301811933517456,1.1615148782730103
11955,0.007615824230015278,0.9253603219985962
11960,0.9274836778640747,1.1676206588745117
11965,0.05040685832500458,1.1819820404052734
11970,1.0902736186981201,1.163220763206482
11975,0.021391842514276505,1.1778508424758911
11980,1.2627935409545898,1.1609636545181274
11985,0.00863103661686182,1.1775277853012085
11990,0.9578118920326233,1.1677591800689697
11995,0.0440245158970356,1.1821305751800537
12000,1.122694730758667,1.1635595560073853
12005,0.017968107014894485,1.1783136129379272
12010,1.2972248792648315,1.1620283126831055
12015,0.007700784597545862,1.0141149759292603
12020,1.1027023792266846,1.1669386625289917
12025,0.020919065922498703,1.181556224822998
12030,1.2768276929855347,1.1645607948303223
12035,0.008230429142713547,1.1811178922653198
12040,0.8784886002540588,1.1718034744262695
12045,0.06480711698532104,1.186166763305664
12050,1.0387294292449951,1.1669702529907227
12055,0.029426852241158485,1.181430697441101
12060,1.2088028192520142,1.1635862588882446
12065,0.011202149093151093,1.178983449935913
12070,1.3858894109725952,1.1661486625671387
12075,0.14376124739646912,1.1889947652816772
12080,0.8099439144134521,1.1688849925994873
12085,0.08269871771335602,1.18327796459198
12090,0.9646358489990234,1.1638742685317993
12095,0.040853582322597504,1.1782621145248413
12100,1.1291723251342773,1.1599260568618774
12105,0.01662256196141243,1.174792766571045
12110,1.3031401634216309,1.1590871810913086
12115,0.007659043651074171,0.8090465068817139
12120,0.7191250324249268,1.1673173904418945
12125,0.11374758183956146,1.181786298751831
12130,0.8665415644645691,1.1620758771896362
12135,0.061919666826725006,1.176438570022583
12140,1.0239558219909668,1.157556414604187
12145,0.02839747816324234,1.1720691919326782
12150,1.1910570859909058,1.1546586751937866
12155,0.011453060433268547,1.1702927350997925
12160,1.3632631301879883,1.15870201587677
12165,0.19466644525527954,1.1827486753463745
12170,0.690133273601532,1.1624746322631836
12175,0.12125449627637863,1.17695951461792
12180,0.8342918157577515,1.1572933197021484
12185,0.06759800761938095,1.171661138534546
12190,0.9884416460990906,1.1527937650680542
12195,0.032184649258852005,1.1672749519348145
12200,1.1522256135940552,1.1497596502304077
12205,0.013354070484638214,1.1651495695114136
12210,1.3233472108840942,1.1520919799804688
12215,0.017423827201128006,1.1714078187942505
12220,1.2859840393066406,1.1556918621063232
12225,0.008085462264716625,0.8948174118995667
12230,0.8660829067230225,1.162706732749939
12235,0.0624178908765316,1.1770694255828857
12240,1.0235953330993652,1.1581603288650513
12245,0.028649386018514633,1.1726665496826172
12250,1.1907985210418701,1.1552116870880127
12255,0.011508956551551819,1.1708112955093384
12260,1.363448143005371,1.159024953842163
12265,0.17933523654937744,1.182768702507019
12270,0.7190749645233154,1.1625754833221436
12275,0.10963085293769836,1.1770292520523071
12280,0.8655761480331421,1.1574684381484985
12285,0.059451889246702194,1.17183256149292
12290,1.021986961364746,1.1531296968460083
12295,0.027273545041680336,1.1676828861236572
12300,1.1880006790161133,1.1505502462387085
12305,0.011342404410243034,1.166387677192688
12310,1.1795612573623657,1.156690001487732
12315,0.012300265952944756,1.1720750331878662
12320,1.3537139892578125,1.1590598821640015
12325,0.057316094636917114,1.1797972917556763
12330,1.0526630878448486,1.1609245538711548
12335,0.02545107714831829,1.175471544265747
12340,1.2223262786865234,1.1581954956054688
12345,0.010113708674907684,1.174102783203125
12350,0.8483784794807434,1.1668808460235596
12355,0.06984269618988037,1.1812505722045898
12360,1.0054702758789062,1.1620923280715942
12365,0.03285844996571541,1.1765347719192505
12370,1.172336220741272,1.158643364906311
12375,0.012985248118638992,1.1738709211349487
12380,1.3474360704421997,1.1600031852722168
12385,0.008881872519850731,1.1791226863861084
12390,1.319931983947754,1.1676335334777832
12395,0.007118484936654568,0.9429608583450317
12400,0.9663962721824646,1.1730446815490723
12405,0.04488203302025795,1.1874074935913086
12410,1.1329576969146729,1.1686517000198364
12415,0.018052950501441956,1.183354377746582
12420,1.3093070983886719,1.166764259338379
12425,0.007359123323112726,1.0590546131134033
12430,1.2020111083984375,1.1709500551223755
12435,0.012506173923611641,1.185990571975708
12440,1.3823747634887695,1.171144723892212
12445,0.2779286801815033,1.1992489099502563
12450,0.5952502489089966,1.1782845258712769
12455,0.18436898291110992,1.192973017692566
12460,0.7341516017913818,1.1725355386734009
12465,0.11243926733732224,1.1870054006576538
12470,0.8837668895721436,1.1671866178512573
12475,0.06057903915643692,1.181546926498413
12480,1.0434356927871704,1.162555456161499
12485,0.027233794331550598,1.1770634651184082
12490,1.2128641605377197,1.1595556735992432
12495,0.010651284828782082,1.1752207279205322
12500,1.2197965383529663,1.1647119522094727
12505,0.01068009715527296,1.180185317993164
12510,1.3969939947128296,1.1678568124771118
12515,0.22701002657413483,1.1922730207443237
12520,0.656551718711853,1.171648621559143
12525,0.1451621949672699,1.1862119436264038
12530,0.7996392846107483,1.166154146194458
12535,0.08396545052528381,1.1805484294891357
12540,0.9530220627784729,1.1611950397491455
12545,0.04188455641269684,1.1755837202072144
12550,1.1162153482437134,1.1572904586791992
12555,0.017327802255749702,1.1721460819244385
12560,1.2888250350952148,1.156408667564392
12565,0.008008806966245174,0.8864130973815918
12570,0.8514243364334106,1.1635054349899292
12575,0.06681742519140244,1.1778714656829834
12580,1.0080541372299194,1.1588553190231323
12585,0.03124740906059742,1.173324704170227
12590,1.174401879310608,1.1556510925292969
12595,0.012520436197519302,1.1710253953933716
12600,1.3481212854385376,1.157938003540039
12605,0.04354953393340111,1.1782169342041016
12610,1.114433765411377,1.1597803831100464
12615,0.017993668094277382,1.1745717525482178
12620,1.2875760793685913,1.1585036516189575
12625,0.007980689406394958,0.9932048916816711
12630,1.0567660331726074,1.1639070510864258
12635,0.025815118104219437,1.1784321069717407
12640,1.2273366451263428,1.160997986793518
12645,0.010032834485173225,1.1767983436584473
12650,0.9245741963386536,1.1686720848083496
12655,0.051627472043037415,1.1830315589904785
12660,1.0873808860778809,1.164207935333252
12665,0.021993596106767654,1.1788140535354614
12670,1.2599486112594604,1.1617965698242188
12675,0.008740464225411415,1.1781980991363525
12680,1.1096230745315552,1.1673675775527954
12685,0.020242519676685333,1.1820025444030762
12690,1.2842707633972168,1.1650885343551636
12695,0.008010265417397022,1.1818009614944458
12700,0.7420132756233215,1.1736761331558228
12705,0.11038561910390854,1.1881415843963623
12710,0.8924708962440491,1.1683152914047241
12715,0.059062909334897995,1.1826744079589844
12720,1.0529837608337402,1.1636847257614136
12725,0.026262903586030006,1.1782032251358032
12730,1.2232656478881836,1.1607364416122437
12735,0.010210973210632801,1.176487684249878
12740,1.013323187828064,1.167584776878357
12745,0.03369864821434021,1.1820040941238403
12750,1.1818660497665405,1.1638767719268799
12755,0.01297729555517435,1.1789956092834473
12760,1.3591679334640503,1.1645619869232178
12765,0.24875809252262115,1.1924855709075928
12770,0.6226271390914917,1.1717671155929565
12775,0.16211077570915222,1.1863809823989868
12780,0.762801468372345,1.1662099361419678
12785,0.09640949964523315,1.1806329488754272
12790,0.9134137630462646,1.1611250638961792
12795,0.050122667104005814,1.1754928827285767
12800,1.0739046335220337,1.1569260358810425
12805,0.021691694855690002,1.1715935468673706
12810,1.2439974546432495,1.154967188835144
12815,0.009175926446914673,1.1716647148132324
12820,0.9771735072135925,1.1620450019836426
12825,0.037712886929512024,1.1764520406723022
12830,1.14215886592865,1.1583080291748047
12835,0.01521445345133543,1.1733001470565796
12840,1.3162870407104492,1.1582162380218506
12845,0.030056482180953026,1.1798993349075317
12850,1.2002317905426025,1.1620670557022095
12855,0.011563784442842007,1.1774379014968872
12860,1.3767472505569458,1.1644169092178345
12865,0.10310931503772736,1.1863523721694946
12870,0.9085344076156616,1.166637897491455
12875,0.05420921370387077,1.180997610092163
12880,1.0698198080062866,1.1621652841567993
12885,0.023584745824337006,1.1767449378967285
12890,1.2408416271209717,1.1596194505691528
12895,0.009388301521539688,1.175777792930603
12900,0.5639914870262146,1.171757459640503
12905,0.19473648071289062,1.1864681243896484
12910,0.6988331079483032,1.1661148071289062
12915,0.12093637138605118,1.1806024312973022
12920,0.8443877100944519,1.1608556509017944
12925,0.06706441938877106,1.1752222776412964
12930,0.9999788999557495,1.1562711000442505
12935,0.03159389644861221,1.1707463264465332
12940,1.1652504205703735,1.1531434059143066
12945,0.012850563041865826,1.1685281991958618
12950,1.3378607034683228,1.1554723978042603
12955,0.031695976853370667,1.1753363609313965
12960,1.1767610311508179,1.157560110092163
12965,0.012567736208438873,1.172876238822937
12970,1.3513911962509155,1.1594852209091187
12975,0.029914364218711853,1.179190754890442
12980,1.1992924213409424,1.1613941192626953
12985,0.011555057018995285,1.1767857074737549
12990,1.3754574060440063,1.1638764142990112
12995,0.11038590222597122,1.1860053539276123
13000,0.8868237137794495,1.1662285327911377
13005,0.059237830340862274,1.1805886030197144
13010,1.0465078353881836,1.1616514921188354
13015,0.02651405520737171,1.1761754751205444
13020,1.2159392833709717,1.1587677001953125
13025,0.010446131229400635,1.1745283603668213
13030,1.0574721097946167,1.16536283493042
13035,0.026178229600191116,1.1798745393753052
13040,1.2284044027328491,1.1623485088348389
13045,0.010062683373689651,1.178078293800354
13050,1.0016964673995972,1.1691817045211792
13055,0.03635447472333908,1.1835800409317017
13060,1.169809341430664,1.1652677059173584
13065,0.014081627130508423,1.180249571800232
13070,1.3471802473068237,1.1650896072387695
13075,0.09036417305469513,1.189019799232483
13080,0.9548217058181763,1.1693804264068604
13085,0.045436061918735504,1.1837464570999146
13090,1.1198389530181885,1.1650811433792114
13095,0.018593383952975273,1.1797935962677002
13100,1.2945674657821655,1.1632893085479736
13105,0.007742492016404867,1.1144459247589111
13110,1.3192667961120605,1.16798734664917
13115,0.007125499192625284,0.9690098762512207
13120,1.0176191329956055,1.173013687133789
13125,0.03519398719072342,1.187409520149231
13130,1.1875851154327393,1.1690267324447632
13135,0.013286438770592213,1.1840215921401978
13140,1.3668218851089478,1.168923020362854
13145,0.16638992726802826,1.1947611570358276
13150,0.7748042345046997,1.1743841171264648
13155,0.09880782663822174,1.1888190507888794
13160,0.9279429316520691,1.1690908670425415
13165,0.05109280347824097,1.1834503412246704
13170,1.0910733938217163,1.1646292209625244
13175,0.021667474880814552,1.179241418838501
13180,1.263964295387268,1.1622487306594849
13185,0.00861248280853033,1.178707242012024
13190,1.0332026481628418,1.1683369874954224
13195,0.030774245038628578,1.1827787160873413
13200,1.2031995058059692,1.1647955179214478
13205,0.011662415228784084,1.1800771951675415
13210,1.3810791969299316,1.1665675640106201
13215,0.06859888136386871,1.187503457069397
13220,1.0274226665496826,1.1682052612304688
13225,0.031636808067560196,1.1826395988464355
13230,1.1970208883285522,1.1646077632904053
13235,0.012035571038722992,1.1798359155654907
13240,1.3748319149017334,1.1660131216049194
13245,0.03418857976794243,1.1857610940933228
13250,1.1892057657241821,1.1674820184707642
13255,0.01294134184718132,1.1825379133224487
13260,1.3679883480072021,1.167768120765686
13265,0.229496568441391,1.195090889930725
13270,0.6590868234634399,1.1743974685668945
13275,0.1467960625886917,1.1889686584472656
13280,0.8029032349586487,1.1688392162322998
13285,0.08491014689207077,1.183237075805664
13290,0.9570643305778503,1.1638047695159912
13295,0.04229474067687988,1.1781877279281616
13300,1.1210726499557495,1.1597981452941895
13305,0.01735335774719715,1.1746232509613037
13310,1.2945886850357056,1.1587172746658325
13315,0.007830881513655186,0.9047186374664307
13320,0.886660099029541,1.1653461456298828
13325,0.058757882565259933,1.1797064542770386
13330,1.0461574792861938,1.1608036756515503
13335,0.026296192780137062,1.1753357648849487
13340,1.2153810262680054,1.1579819917678833
13345,0.010426338762044907,1.1737849712371826
13350,1.0092337131500244,1.165079116821289
13355,0.03339073807001114,1.1795079708099365
13360,1.1769757270812988,1.161482572555542
13365,0.013012401759624481,1.1766455173492432
13370,1.3532770872116089,1.162440299987793
13375,0.25940293073654175,1.190724492073059
13380,0.6027109026908875,1.1700011491775513
13385,0.1706777811050415,1.1846381425857544
13390,0.740793764591217,1.1644539833068848
13395,0.10295383632183075,1.1788920164108276
13400,0.8893634080886841,1.1593544483184814
13405,0.054701171815395355,1.173719048500061
13410,1.0478278398513794,1.155078411102295
13415,0.02438359521329403,1.169682502746582
13420,1.2159069776535034,1.1527761220932007
13425,0.010166458785533905,1.1689794063568115
13430,0.6651927828788757,1.164159893989563
13435,0.1336940973997116,1.178681492805481
13440,0.8076081275939941,1.1588749885559082
13445,0.07632727175951004,1.173253059387207
13450,0.9601356983184814,1.154193639755249
13455,0.03752398118376732,1.1686211824417114
13460,1.1223454475402832,1.1507455110549927
13465,0.015679745003581047,1.1658188104629517
13470,1.2933635711669922,1.1511657238006592
13475,0.02911272644996643,1.1730676889419556
13480,1.1885372400283813,1.15556001663208
13485,0.011663238517940044,1.1711103916168213
13490,1.3616118431091309,1.159035563468933
13495,0.15045969188213348,1.1821881532669067
13500,0.7776076197624207,1.1621832847595215
13505,0.08820147812366486,1.1765849590301514
13510,0.9285538792610168,1.1572731733322144
13515,0.04496736079454422,1.1716578006744385
13520,1.0892857313156128,1.1533704996109009
13525,0.01919368840754032,1.1681691408157349
13530,1.2594404220581055,1.1522024869918823
13535,0.0087507925927639,1.117995262145996
13540,1.313283085823059,1.158304214477539
13545,0.01659432239830494,1.1789908409118652
13550,1.3138079643249512,1.1630136966705322
13555,0.007347532082349062,0.8274435997009277
13560,0.7527902722358704,1.1706067323684692
13565,0.10365443676710129,1.1850513219833374
13570,0.9034909009933472,1.165361762046814
13575,0.05468480661511421,1.1797220706939697
13580,1.064164161682129,1.1609139442443848
13585,0.023945409804582596,1.1754926443099976
13590,1.2345489263534546,1.1583797931671143
13595,0.009597022086381912,1.1745094060897827
13600,0.6106972098350525,1.1699573993682861
13605,0.1663617193698883,1.1845815181732178
13610,0.7494833469390869,1.1644240617752075
13615,0.09973683953285217,1.1788538694381714
13620,0.8987226486206055,1.1593517065048218
13625,0.05251449719071388,1.173717975616455
13630,1.0578314065933228,1.1551352739334106
13635,0.02314768359065056,1.1697715520858765
13640,1.2265393733978271,1.1530203819274902
13645,0.009756076149642467,1.1694494485855103
13650,1.3202204704284668,1.1588823795318604
13655,0.039607953280210495,1.1810705661773682
13660,1.1438603401184082,1.1626965999603271
13665,0.01581186056137085,1.1775811910629272
13670,1.3193163871765137,1.1619426012039185
13675,0.00728723406791687,0.7219644784927368
13680,0.5827721953392029,1.1716163158416748
13685,0.18359670042991638,1.1862937211990356
13690,0.719334065914154,1.1660020351409912
13695,0.11250418424606323,1.1804661750793457
13700,0.8665094971656799,1.1607980728149414
13705,0.06116420775651932,1.1751608848571777
13710,1.0236611366271973,1.1563293933868408
13715,0.028041675686836243,1.1708531379699707
13720,1.1904796361923218,1.153521180152893
13725,0.011402909643948078,1.169212818145752
13730,1.3618223667144775,1.15794038772583
13735,0.21517716348171234,1.1823843717575073
13740,0.6532964706420898,1.1620184183120728
13745,0.13703595101833344,1.1765472888946533
13750,0.7943158745765686,1.1567633152008057
13755,0.07892622798681259,1.1711450815200806
13760,0.9454461336135864,1.1520988941192627
13765,0.03934566304087639,1.1665197610855103
13770,1.1062430143356323,1.148625135421753
13775,0.016711000353097916,1.1636419296264648
13780,1.2759743928909302,1.1487313508987427
13785,0.0085145253688097,0.7669427990913391
13790,0.6445349454879761,1.158692479133606
13795,0.13784939050674438,1.1732200384140015
13800,0.7841967940330505,1.1535048484802246
13805,0.07981176674365997,1.167887568473816
13810,0.9339318871498108,1.148910641670227
13815,0.040167976170778275,1.1633338928222656
13820,1.09329092502594,1.1455057859420776
13825,0.017347458750009537,1.160518765449524
13830,1.261547565460205,1.145613431930542
13835,0.008899081498384476,0.8237895369529724
13840,0.7346991896629333,1.1547081470489502
13845,0.09731161594390869,1.1691257953643799
13850,0.8809087872505188,1.1498844623565674
13855,0.05165446177124977,1.164262294769287
13860,1.0368554592132568,1.1459777355194092
13865,0.02335336059331894,1.1606758832931519
13870,1.2022062540054321,1.1443381309509277
13875,0.010510068386793137,1.1610060930252075
13880,1.2700222730636597,1.150867223739624
13885,0.008549283258616924,0.9108530879020691
13890,0.8915095329284668,1.1579982042312622
13895,0.05346055328845978,1.1723650693893433
13900,1.0498478412628174,1.1537953615188599
13905,0.02377711795270443,1.1684232950210571
13910,1.2177622318267822,1.1516510248184204
13915,0.010058908723294735,1.1679959297180176
13920,0.5849848985671997,1.164336085319519
13925,0.17400652170181274,1.1789758205413818
13930,0.7204450368881226,1.1588950157165527
13935,0.10598721355199814,1.1733362674713135
13940,0.8663473129272461,1.15389883518219
13945,0.057237714529037476,1.1682660579681396
13950,1.0220904350280762,1.149714708328247
13955,0.026240846142172813,1.1643080711364746
13960,1.1873685121536255,1.1474251747131348
13965,0.011213387362658978,1.163469910621643
13970,0.9542360901832581,1.155907154083252
13975,0.03931863233447075,1.1703190803527832
13980,1.116411805152893,1.1523014307022095
13985,0.01642419770359993,1.1672855615615845
13990,1.2876574993133545,1.1521967649459839
13995,0.008175251074135303,0.7506350874900818
14000,0.6211361289024353,1.1621729135513306
14005,0.1526423543691635,1.1767473220825195
14010,0.7594233751296997,1.1568480730056763
14015,0.0903017446398735,1.1712514162063599
14020,0.9079492092132568,1.1520439386367798
14025,0.04677934944629669,1.1664308309555054
14030,1.0661970376968384,1.1482391357421875
14035,0.020529747009277344,1.1630269289016724
14040,1.2337958812713623,1.147068977355957
14045,0.00949527695775032,1.1644561290740967
14050,0.6975199580192566,1.1577472686767578
14055,0.11400719732046127,1.172208309173584
14060,0.8413777947425842,1.1527180671691895
14065,0.0629018247127533,1.1670845746994019
14070,0.9951182007789612,1.148435115814209
14075,0.029674477875232697,1.162969708442688
14080,1.1584054231643677,1.1458104848861694
14085,0.012625036761164665,1.1614762544631958
14090,1.3269343376159668,1.1498669385910034
14095,0.10603029280900955,1.1721997261047363
14100,0.8633361458778381,1.152788758277893
14105,0.05736106261610985,1.167156457901001
14110,1.0186409950256348,1.148633360862732
14115,0.02639421448111534,1.1632298231124878
14120,1.1834650039672852,1.1463769674301147
14125,0.01134974230080843,1.1624246835708618
14130,0.978274941444397,1.1547027826309204
14135,0.03456142544746399,1.1691527366638184
14140,1.1417899131774902,1.1514194011688232
14145,0.014266650192439556,1.1666351556777954
14150,1.313584804534912,1.1526827812194824
14155,0.1513296514749527,1.1790258884429932
14160,0.767872154712677,1.1590849161148071
14165,0.0891273245215416,1.1734869480133057
14170,0.9174792170524597,1.1542394161224365
14175,0.045822709798812866,1.168626070022583
14180,1.0768280029296875,1.15040123462677
14185,0.01986212469637394,1.1651980876922607
14190,1.2455549240112305,1.1492571830749512
14195,0.009149407036602497,1.1667917966842651
14200,0.6068223118782043,1.1609992980957031
14205,0.15868915617465973,1.175589919090271
14210,0.7436439990997314,1.1556764841079712
14215,0.09487678110599518,1.1700891256332397
14220,0.8907304406166077,1.1508535146713257
14225,0.04993341863155365,1.1652334928512573
14230,1.0475521087646484,1.1469733715057373
14235,0.022328071296215057,1.1616991758346558
14240,1.213772177696228,1.1454750299453735
14245,0.01011392567306757,1.1623603105545044
14250,1.0339616537094116,1.152824878692627
14255,0.025551434606313705,1.1674152612686157
14260,1.2006672620773315,1.1504733562469482
14265,0.010736102238297462,1.1665464639663696
14270,0.8423565030097961,1.1598889827728271
14275,0.06701117753982544,1.174255609512329
14280,0.9976081252098083,1.1553308963775635
14285,0.031632307916879654,1.169809103012085
14290,1.1625287532806396,1.152238130569458
14295,0.01293485052883625,1.167633056640625
14300,1.334722638130188,1.1546235084533691
14305,0.030375700443983078,1.1744496822357178
14310,1.1833469867706299,1.1567952632904053
14315,0.012076955288648605,1.172218918800354
14320,1.3574527502059937,1.1594256162643433
14325,0.08103786408901215,1.1808799505233765
14330,0.9638771414756775,1.1615583896636963
14335,0.03996152803301811,1.175954818725586
14340,1.1278797388076782,1.1577277183532715
14345,0.016340941190719604,1.1726412773132324
14350,1.3011904954910278,1.1571787595748901
14355,0.007757765706628561,0.7638853788375854
14360,0.644710898399353,1.166429042816162
14365,0.14547297358512878,1.1809873580932617
14370,0.7858178615570068,1.1610429286956787
14375,0.08465933054685593,1.1754363775253296
14380,0.9371638298034668,1.1562000513076782
14385,0.04273003712296486,1.170594573020935
14390,1.0982534885406494,1.1524238586425781
14395,0.01811130903661251,1.1672910451889038
14400,1.268654704093933,1.1516534090042114
14405,0.008554337546229362,0.9611031413078308
14410,0.9870432615280151,1.1579804420471191
14415,0.03434055671095848,1.1724222898483276
14420,1.1518301963806152,1.1545876264572144
14425,0.013933313079178333,1.1697782278060913
14430,1.3250199556350708,1.1557016372680664
14435,0.17295710742473602,1.1824311017990112
14440,0.7308409214019775,1.1622815132141113
14445,0.10486903786659241,1.176722526550293
14450,0.878212034702301,1.1572165489196777
14455,0.05619119852781296,1.171581745147705
14460,1.0354621410369873,1.152963638305664
14465,0.025392528623342514,1.167556643486023
14470,1.202296495437622,1.1506264209747314
14475,0.010669869370758533,1.1667201519012451
14480,0.8160431981086731,1.1603270769119263
14485,0.07479596138000488,1.1747033596038818
14490,0.9694764018058777,1.155631184577942
14495,0.036442387849092484,1.1700628995895386
14500,1.1326096057891846,1.1521940231323242
14505,0.015066083520650864,1.1673026084899902
14510,1.3044493198394775,1.1528156995773315
14515,0.06446004658937454,1.1763828992843628
14520,1.013431429862976,1.1574509143829346
14525,0.029925135895609856,1.1719419956207275
14530,1.1798304319381714,1.1544147729873657
14535,0.012071098200976849,1.1699120998382568
14540,1.3526819944381714,1.1575043201446533
14545,0.10183724015951157,1.1795603036880493
14550,0.894363284111023,1.160019040107727
14555,0.05388602614402771,1.1743834018707275
14560,1.053309679031372,1.155745267868042
14565,0.02387263812124729,1.1703580617904663
14570,1.2218786478042603,1.1534838676452637
14575,0.0099469143897295,1.1697583198547363
14580,0.5976498126983643,1.1657682657241821
14585,0.16869181394577026,1.180394172668457
14590,0.73451167345047,1.1603138446807861
14595,0.10186979174613953,1.174745798110962
14600,0.8817948698997498,1.1553184986114502
14605,0.05429816618561745,1.1696866750717163
14610,1.0389074087142944,1.1511706113815308
14615,0.02444636821746826,1.1657984256744385
14620,1.2055587768554688,1.1490613222122192
14625,0.010476738214492798,1.1653554439544678
14630,0.6686369180679321,1.1607780456542969
14635,0.12893393635749817,1.1752827167510986
14640,0.8107061386108398,1.155590534210205
14645,0.073206827044487,1.16996431350708
14650,0.9628075957298279,1.15104079246521
14655,0.03580033779144287,1.165490984916687
14660,1.1245285272598267,1.147814154624939
14665,0.015098251402378082,1.16300368309021
14670,1.2946194410324097,1.1489217281341553
14675,0.08371680229902267,1.1734013557434082
14680,0.9349733591079712,1.1542285680770874
14685,0.04227379709482193,1.1686290502548218
14690,1.0955029726028442,1.1505383253097534
14695,0.01801990158855915,1.1654341220855713
14700,1.2652688026428223,1.149947166442871
14705,0.008674838580191135,0.9366443753242493
14710,0.9387945532798767,1.1567538976669312
14715,0.04265858978033066,1.1711475849151611
14720,1.1001076698303223,1.1529624462127686
14725,0.01803583838045597,1.1678276062011719
14730,1.2707406282424927,1.1521756649017334
14735,0.008495822548866272,0.954451858997345
14740,0.9746890068054199,1.1585544347763062
14745,0.03670559823513031,1.1729761362075806
14750,1.1387747526168823,1.1549959182739258
14755,0.014982243999838829,1.1700631380081177
14760,1.3117437362670898,1.1553641557693481
14765,0.05830192565917969,1.1785638332366943
14770,1.0450141429901123,1.1597025394439697
14775,0.02611183188855648,1.1742433309555054
14780,1.2139253616333008,1.1569523811340332
14785,0.010437879711389542,1.172800064086914
14790,0.9685476422309875,1.1645169258117676
14795,0.04039624705910683,1.178905725479126
14800,1.1334760189056396,1.1605674028396606
14805,0.016350161284208298,1.1754436492919922
14810,1.3078346252441406,1.1597784757614136
14815,0.007553803734481335,0.7780259847640991
14820,0.6687991619110107,1.168531894683838
14825,0.13632842898368835,1.1830657720565796
14830,0.8123360872268677,1.1631407737731934
14835,0.07784103602170944,1.1775224208831787
14840,0.9660583138465881,1.1583313941955566
14845,0.03816477954387665,1.1727445125579834
14850,1.1295281648635864,1.154700756072998
14855,0.015691963955760002,1.1697081327438354
14860,1.302048921585083,1.1547176837921143
14865,0.01803717389702797,1.1756606101989746
14870,1.2898274660110474,1.159516453742981
14875,0.007910613901913166,1.0065360069274902
14880,1.0846936702728271,1.1646934747695923
14885,0.02244964800775051,1.1792845726013184
14890,1.2571982145309448,1.1621853113174438
14895,0.008846323937177658,1.1784818172454834
14900,1.2321799993515015,1.1670689582824707
14905,0.010208755731582642,1.1825759410858154
14910,1.3201922178268433,1.170933485031128
14915,0.007067504338920116,1.0985040664672852
14920,1.2929843664169312,1.1747279167175293
14925,0.00794069841504097,1.1906960010528564
14930,1.3507167100906372,1.1783822774887085
14935,0.00633067823946476,1.0033776760101318
14940,1.0971324443817139,1.1822600364685059
14945,0.026324637234210968,1.196699619293213
14950,1.274251937866211,1.1785168647766113
14955,0.008984272368252277,1.1939449310302734
14960,1.082397699356079,1.183478593826294
14965,0.028921056538820267,1.1978892087936401
14970,1.2588189840316772,1.1794906854629517
14975,0.009904280304908752,1.1947029829025269
14980,1.4433287382125854,1.1810075044631958
14985,0.21811407804489136,1.204957127571106
14990,0.7019704580307007,1.1841092109680176
14995,0.136972576379776,1.1986634731292725
15000,0.851216197013855,1.1783881187438965
15005,0.07695073634386063,1.1927728652954102
15010,1.0108445882797241,1.1732136011123657
15015,0.03646504133939743,1.1876025199890137
15020,1.1804081201553345,1.169155240058899
15025,0.013861607760190964,1.1840968132019043
15030,1.3593910932540894,1.1687164306640625
15035,0.0931565910577774,1.1925697326660156
15040,0.9556128978729248,1.1728136539459229
15045,0.047015298157930374,1.1871734857559204
15050,1.1213966608047485,1.168359637260437
15055,0.019194982945919037,1.1830215454101562
15060,1.2969905138015747,1.1662311553955078
15065,0.007661657873541117,1.1832119226455688
15070,0.5638653635978699,1.1769351959228516
15075,0.20116272568702698,1.1916717290878296
15080,0.6996057629585266,1.1711770296096802
15085,0.12532013654708862,1.1856820583343506
15090,0.8461849093437195,1.165783405303955
15095,0.06973693519830704,1.1801528930664062
15100,1.0028979778289795,1.1610246896743774
15105,0.032873500138521194,1.1754703521728516
15110,1.169365406036377,1.1576156616210938
15115,0.013066945597529411,1.1728551387786865
15120,1.3440111875534058,1.1590454578399658
15125,0.008776912465691566,1.1782417297363281
15130,1.146954894065857,1.1672019958496094
15135,0.016383618116378784,1.1819981336593628
15140,1.32374107837677,1.165886640548706
15145,0.007087915204465389,0.8149917125701904
15150,0.7336344718933105,1.173478364944458
15155,0.11348416656255722,1.1879522800445557
15160,0.8833909034729004,1.1681021451950073
15165,0.06122804433107376,1.1824625730514526
15170,1.0432192087173462,1.1634331941604614
15175,0.0275524090975523,1.1779325008392334
15180,1.212822437286377,1.1603636741638184
15185,0.010710719041526318,1.1759809255599976
15190,1.2986949682235718,1.164841890335083
15195,0.007627418730407953,1.127277135848999
15200,1.3499096632003784,1.1697087287902832
15205,0.013097737915813923,1.1896716356277466
15210,1.3833253383636475,1.1741803884506226
15215,0.15641342103481293,1.1995099782943726
15220,0.8084405064582825,1.1790902614593506
15225,0.09100451320409775,1.1935087442398071
15230,0.9650590419769287,1.173754334449768
15235,0.0455159917473793,1.188115119934082
15240,1.1316828727722168,1.1693191528320312
15245,0.018336983397603035,1.1840046644210815
15250,1.308109164237976,1.167322039604187
15255,0.0073802899569272995,1.1048129796981812
15260,1.3027079105377197,1.1714820861816406
15265,0.007530140690505505,1.187984824180603
15270,0.7669492959976196,1.179309606552124
15275,0.10585614293813705,1.193767786026001
15280,0.9204521179199219,1.1738539934158325
15285,0.055494923144578934,1.1882094144821167
15290,1.0840495824813843,1.1691480875015259
15295,0.023812856525182724,1.1836832761764526
15300,1.2574917078018188,1.1662328243255615
15305,0.008974306285381317,1.1821908950805664
15310,0.5974947214126587,1.1772189140319824
15315,0.18184228241443634,1.1918983459472656
15320,0.7364107966423035,1.1714967489242554
15325,0.11063806712627411,1.1859607696533203
15330,0.886002779006958,1.1661827564239502
15335,0.05941589176654816,1.1805427074432373
15340,1.0456228256225586,1.1616030931472778
15345,0.026621604338288307,1.1761255264282227
15350,1.2149847745895386,1.1587095260620117
15355,0.010489380918443203,1.1744590997695923
15360,1.0800319910049438,1.1651078462600708
15365,0.023140061646699905,1.1796799898147583
15370,1.2523378133773804,1.162477731704712
15375,0.009035484865307808,1.1786378622055054
15380,0.5599462389945984,1.174685001373291
15385,0.2007637470960617,1.1894171237945557
15390,0.6949169039726257,1.1689720153808594
15395,0.1252405047416687,1.1834744215011597
15400,0.8406949043273926,1.1636263132095337
15405,0.0698685497045517,1.1779959201812744
15410,0.996580958366394,1.158921480178833
15415,0.03311331942677498,1.1733715534210205
15420,1.1621943712234497,1.1555763483047485
15425,0.01331996452063322,1.1708263158798218
15430,1.335929274559021,1.1570649147033691
15435,0.007613426074385643,0.7517921328544617
15440,0.6266103386878967,1.167996883392334
15445,0.1560097485780716,1.1825876235961914
15450,0.7664440870285034,1.162537932395935
15455,0.0922476202249527,1.1769486665725708
15460,0.9166135787963867,1.1575779914855957
15465,0.04762476682662964,1.1719545125961304
15470,1.0765905380249023,1.1535682678222656
15475,0.020584676414728165,1.1683032512664795
15480,1.2460689544677734,1.1520386934280396
15485,0.009106788784265518,1.1691737174987793
15490,0.7330669164657593,1.1618179082870483
15495,0.10364744067192078,1.176255226135254
15500,0.8805221915245056,1.1567729711532593
15505,0.05539092794060707,1.171138882637024
15510,1.037839651107788,1.1525535583496094
15515,0.02496531419456005,1.1671595573425293
15520,1.204731822013855,1.1502965688705444
15525,0.010551292449235916,1.1664670705795288
15530,0.7464742064476013,1.1608604192733765
15535,0.09794868528842926,1.1752833127975464
15540,0.8947861194610596,1.155886173248291
15545,0.0515877939760685,1.1702572107315063
15550,1.052913784980774,1.1518001556396484
15555,0.02287949249148369,1.1664685010910034
15560,1.220566749572754,1.1499145030975342
15565,0.009918886236846447,1.166501760482788
15570,1.213851809501648,1.1558737754821777
15575,0.010384541936218739,1.1717950105667114
15580,0.8918477892875671,1.164294719696045
15585,0.05687316879630089,1.1786551475524902
15590,1.051491379737854,1.159824252128601
15595,0.025276580825448036,1.1743805408477783
15600,1.2208367586135864,1.1571683883666992
15605,0.010130707174539566,1.1731233596801758
15610,0.8146598935127258,1.1663086414337158
15615,0.07936452329158783,1.1806941032409668
15620,0.9691867828369141,1.1614006757736206
15625,0.038899071514606476,1.1758027076721191
15630,1.1335077285766602,1.1576261520385742
15635,0.015831369906663895,1.1725786924362183
15640,1.3070595264434814,1.1573039293289185
15645,0.009535137563943863,1.1771280765533447
15650,0.6772677898406982,1.1715508699417114
15655,0.13547290861606598,1.18608558177948
15660,0.822080135345459,1.1660994291305542
15665,0.07695970684289932,1.1804803609848022
15670,0.9771056771278381,1.161227822303772
15675,0.03738005831837654,1.175639033317566
15680,1.1419192552566528,1.1575373411178589
15685,0.0151132270693779,1.1725503206253052
15690,1.315800428390503,1.1575729846954346
15695,0.03860301524400711,1.179762840270996
15700,1.146011233329773,1.1614724397659302
15705,0.015412397682666779,1.17640221118927
15710,1.3212260007858276,1.1609935760498047
15715,0.01395481452345848,1.1813249588012695
15720,1.3514199256896973,1.166133165359497
15725,0.09808343648910522,1.190259575843811
15730,0.9340304136276245,1.1705049276351929
15735,0.05049256980419159,1.1848636865615845
15740,1.097865104675293,1.1660184860229492
15745,0.02123851701617241,1.1806334257125854
15750,1.271487832069397,1.1636356115341187
15755,0.008387437090277672,1.180147409439087
15760,0.9432762265205383,1.1703611612319946
15765,0.04838301241397858,1.184721827507019
15770,1.1077144145965576,1.1659390926361084
15775,0.020097756758332253,1.180589199066162
15780,1.2819164991378784,1.1637686491012573
15785,0.008071471937000751,1.18057119846344
15790,0.7075481414794922,1.1728512048721313
15795,0.12353786081075668,1.1873530149459839
15800,0.8550915718078613,1.1674307584762573
15805,0.06833235174417496,1.1817984580993652
15810,1.0127779245376587,1.162652611732483
15815,0.03188767284154892,1.177101969718933
15820,1.1802376508712769,1.1592503786087036
15825,0.012525801546871662,1.174531102180481
15830,1.3556344509124756,1.1609588861465454
15835,0.025161385536193848,1.1804273128509521
15840,1.2378175258636475,1.1629748344421387
15845,0.009660854935646057,1.1788166761398315
15850,0.8085809350013733,1.1716880798339844
15855,0.08521952480077744,1.186087727546692
15860,0.963733971118927,1.1665818691253662
15865,0.04227861762046814,1.1809602975845337
15870,1.1287695169448853,1.1624863147735596
15875,0.017153704538941383,1.1772922277450562
15880,1.3033702373504639,1.161270022392273
15885,0.00759119214490056,0.8934654593467712
15890,0.8680833578109741,1.1678876876831055
15895,0.06509574502706528,1.1822514533996582
15900,1.0267876386642456,1.1631522178649902
15905,0.02988274395465851,1.1776217222213745
15910,1.1952685117721558,1.1598851680755615
15915,0.011651454493403435,1.1753013134002686
15920,1.3707152605056763,1.162514567375183
15925,0.11036708950996399,1.184673547744751
15930,0.8833715915679932,1.16492760181427
15935,0.05933348089456558,1.1792880296707153
15940,1.042549729347229,1.1603842973709106
15945,0.026663534343242645,1.1749117374420166
15950,1.2114475965499878,1.1575409173965454
15955,0.010591595433652401,1.1733087301254272
15960,1.0838229656219482,1.1639926433563232
15965,0.02236301079392433,1.1785908937454224
15970,1.2561225891113281,1.161534309387207
15975,0.008868951350450516,1.17786705493927
15980,1.2025033235549927,1.1665916442871094
15985,0.011909164488315582,1.181792974472046
15990,1.3812072277069092,1.1678346395492554
15995,0.03405935317277908,1.1875396966934204
16000,1.1950125694274902,1.1692081689834595
16005,0.012763606384396553,1.184252381324768
16010,1.3745675086975098,1.1694214344024658
16015,0.24640877544879913,1.1969996690750122
16020,0.6366308927536011,1.1761980056762695
16025,0.15977738797664642,1.1908103227615356
16030,0.7788490653038025,1.1705577373504639
16035,0.09427323937416077,1.1849783658981323
16040,0.9315427541732788,1.1653904914855957
16045,0.04834708943963051,1.1797564029693604
16050,1.0941466093063354,1.1611180305480957
16055,0.02042308822274208,1.1757949590682983
16060,1.2664233446121216,1.1591633558273315
16065,0.008506076410412788,1.1760501861572266
16070,0.7437708377838135,1.1682109832763672
16075,0.10499130189418793,1.1826568841934204
16080,0.893305242061615,1.1630102396011353
16085,0.055792324244976044,1.1773717403411865
16090,1.0527868270874023,1.1586018800735474
16095,0.024745721369981766,1.1731761693954468
16100,1.221950888633728,1.1560732126235962
16105,0.010033865459263325,1.1721323728561401
16110,0.7245811820030212,1.1663658618927002
16115,0.11075902730226517,1.1808257102966309
16120,0.8722456097602844,1.1611653566360474
16125,0.0599200502038002,1.175527811050415
16130,1.029877781867981,1.1567131280899048
16135,0.027279352769255638,1.171247959136963
16140,1.1971741914749146,1.1539685726165771
16145,0.011084556579589844,1.1697359085083008
16150,1.200469970703125,1.1596821546554565
16155,0.011330519802868366,1.1751716136932373
16160,1.3755379915237427,1.162820816040039
16165,0.16253061592578888,1.18613862991333
16170,0.7613158226013184,1.1659705638885498
16175,0.0967441126704216,1.1803940534591675
16180,0.9117658734321594,1.1608881950378418
16185,0.05036722868680954,1.1752557754516602
16190,1.0720933675765991,1.1566888093948364
16195,0.021842779591679573,1.1713528633117676
16200,1.242027759552002,1.1547151803970337
16205,0.009238215163350105,1.1713839769363403
16210,1.0092782974243164,1.1615463495254517
16215,0.03203660249710083,1.175998330116272
16220,1.176274061203003,1.1581764221191406
16225,0.012666875496506691,1.1734615564346313
16230,1.3511909246444702,1.1599045991897583
16235,0.021349262446165085,1.179223656654358
16240,1.26677405834198,1.1622769832611084
16245,0.008520213887095451,1.1788073778152466
16250,0.9583168625831604,1.1689717769622803
16255,0.04451419413089752,1.1833404302597046
16260,1.1234850883483887,1.1647169589996338
16265,0.0181390680372715,1.1794520616531372
16270,1.2983407974243164,1.1630626916885376
16275,0.00765838660299778,1.046173095703125
16280,1.1705498695373535,1.1676126718521118
16285,0.014401127584278584,1.1825333833694458
16290,1.3486448526382446,1.1670482158660889
16295,0.05026961863040924,1.1894042491912842
16300,1.111694574356079,1.170436978340149
16305,0.020804407075047493,1.1850340366363525
16310,1.2871556282043457,1.1678905487060547
16315,0.007953623309731483,1.1843652725219727
16320,0.8754913806915283,1.174916386604309
16325,0.0676310658454895,1.1892833709716797
16330,1.036155343055725,1.169955849647522
16335,0.030916990712285042,1.1843912601470947
16340,1.2066891193389893,1.1663419008255005
16345,0.011612527072429657,1.1815937757492065
16350,1.385276198387146,1.1679269075393677
16355,0.06317098438739777,1.1886656284332275
16360,1.0523571968078613,1.1694339513778687
16365,0.028266500681638718,1.18389892578125
16370,1.2238357067108154,1.1660468578338623
16375,0.010572240687906742,1.181501865386963
16380,1.4016828536987305,1.1690905094146729
16385,0.2333558201789856,1.1935876607894897
16390,0.6493048071861267,1.1729087829589844
16395,0.14995507895946503,1.1874879598617554
16400,0.792006254196167,1.1673697233200073
16405,0.08735162019729614,1.181771993637085
16410,0.9450631737709045,1.1623444557189941
16415,0.04400484263896942,1.176723837852478
16420,1.107959270477295,1.1583168506622314
16425,0.018334075808525085,1.1731064319610596
16430,1.280371904373169,1.1570446491241455
16435,0.0081693846732378,1.0313770771026611
16440,1.1331772804260254,1.1621694564819336
16445,0.016677716746926308,1.1770058870315552
16450,1.307942509651184,1.1611348390579224
16455,0.007509038783609867,0.8278558254241943
16460,0.7521890997886658,1.1688655614852905
16465,0.10241382569074631,1.1833055019378662
16470,0.9024994969367981,1.1636695861816406
16475,0.05397830903530121,1.178031325340271
16480,1.0627590417861938,1.159287929534912
16485,0.023664262145757675,1.173883318901062
16490,1.2327021360397339,1.156875729560852
16495,0.009620756842195988,1.1730941534042358
16500,0.5731817483901978,1.1691678762435913
16505,0.18623879551887512,1.183849811553955
16510,0.7084182500839233,1.1635963916778564
16515,0.11474287509918213,1.1780647039413452
16520,0.8542632460594177,1.1584311723709106
16525,0.06292437016963959,1.172795295715332
16530,1.0100717544555664,1.1539905071258545
16535,0.029264386743307114,1.1685060262680054
16540,1.1755142211914062,1.15116286277771
16545,0.012053268030285835,1.1667739152908325
16550,1.3464878797531128,1.1549612283706665
16555,0.13457077741622925,1.1778589487075806
16560,0.803443431854248,1.1580640077590942
16565,0.0770307257771492,1.172443151473999
16570,0.955503523349762,1.1533931493759155
16575,0.03803350776433945,1.1678193807601929
16580,1.1172373294830322,1.1499451398849487
16585,0.015981309115886688,1.1650038957595825
16590,1.2878118753433228,1.1502848863601685
16595,0.01819395273923874,1.1713987588882446
16600,1.2776566743850708,1.1554760932922363
16605,0.008263497613370419,1.0000303983688354
16610,1.0675159692764282,1.1610275506973267
16615,0.023553501814603806,1.1756147146224976
16620,1.2381395101547241,1.1585432291030884
16625,0.00945940613746643,1.1747359037399292
16630,0.5598054528236389,1.1708616018295288
16635,0.19616463780403137,1.1855751276016235
16640,0.6940915584564209,1.1652339696884155
16645,0.12211472541093826,1.1797236204147339
16650,0.8390930891036987,1.159986972808838
16655,0.06797168403863907,1.1743546724319458
16660,0.9941298961639404,1.1554092168807983
16665,0.032213740050792694,1.1698805093765259
16670,1.1588410139083862,1.152267575263977
16675,0.01317785307765007,1.167620301246643
16680,1.3311012983322144,1.1543841361999512
16685,0.017050310969352722,1.1736332178115845
16690,1.2955045700073242,1.1578774452209473
16695,0.007837118580937386,0.8583714365959167
16700,0.8026307225227356,1.1653305292129517
16705,0.08241088688373566,1.179721474647522
16710,0.9560728073120117,1.1604094505310059
16715,0.0409383550286293,1.1748038530349731
16720,1.1193093061447144,1.1565725803375244
16725,0.016906682401895523,1.1714632511138916
16730,1.2918853759765625,1.155899167060852
16735,0.00796685554087162,0.827852189540863
16740,0.7485656142234802,1.1640454530715942
16745,0.09976281225681305,1.178475022315979
16750,0.8976583480834961,1.158981442451477
16755,0.052562326192855835,1.173348307609558
16760,1.0566189289093018,1.154774785041809
16765,0.023200761526823044,1.1694121360778809
16770,1.2251710891723633,1.1526706218719482
16775,0.00979976262897253,1.1690995693206787
16780,1.3304026126861572,1.1587125062942505
16785,0.1280243694782257,1.1840858459472656
16790,0.8352445960044861,1.1642013788223267
16795,0.07179774343967438,1.178573727607727
16800,0.9908460378646851,1.1594514846801758
16805,0.03426998853683472,1.1738897562026978
16810,1.156193733215332,1.1560083627700806
16815,0.013797342777252197,1.1711865663528442
16820,1.3300079107284546,1.1570466756820679
16825,0.1816655397415161,1.1839122772216797
16830,0.7173070311546326,1.163682222366333
16835,0.11127784103155136,1.1781409978866577
16840,0.8638808131217957,1.1585384607315063
16845,0.060502950102090836,1.1729018688201904
16850,1.0203893184661865,1.1541460752487183
16855,0.027814500033855438,1.1686843633651733
16860,1.1865286827087402,1.151459813117981
16865,0.011473609134554863,1.1672158241271973
16870,1.3077378273010254,1.1564844846725464
16875,0.01788073591887951,1.177351713180542
16880,1.295711874961853,1.161143183708191
16885,0.0077505819499492645,0.9954386353492737
16890,1.0638428926467896,1.1663262844085693
16895,0.02561298757791519,1.1808428764343262
16900,1.2353894710540771,1.1633299589157104
16905,0.009791550226509571,1.179107427597046
16910,0.892928421497345,1.1711342334747314
16915,0.060643695294857025,1.1854935884475708
16920,1.0540485382080078,1.1663951873779297
16925,0.026991106569767,1.18088960647583
16930,1.2249828577041626,1.1632524728775024
16935,0.010291976854205132,1.1788758039474487
16940,1.1815890073776245,1.1684590578079224
16945,0.013658266514539719,1.1834286451339722
16950,1.3604153394699097,1.1681973934173584
16955,0.12057657539844513,1.1928874254226685
16960,0.8773863315582275,1.172864556312561
16965,0.06578094512224197,1.1872286796569824
16970,1.0377641916275024,1.1679867506027222
16975,0.029939312487840652,1.1824382543563843
16980,1.2079871892929077,1.1645216941833496
16985,0.011340931989252567,1.1798661947250366
16990,1.3856335878372192,1.166727066040039
16995,0.11301646381616592,1.1888569593429565
17000,0.887069046497345,1.1689902544021606
17005,0.060828614979982376,1.1833502054214478
17010,1.0473414659500122,1.164305329322815
17015,0.027252215892076492,1.1788052320480347
17020,1.2173997163772583,1.1612274646759033
17025,0.010535594075918198,1.176859974861145
17030,1.2323923110961914,1.166165828704834
17035,0.010127190500497818,1.1817249059677124
17040,1.2223626375198364,1.1708424091339111
17045,0.011134471744298935,1.186061978340149
17050,1.4029995203018188,1.1722596883773804
17055,0.08769078552722931,1.1936208009719849
17060,0.9761669039726257,1.1739023923873901
17065,0.04332622140645981,1.1882668733596802
17070,1.1435664892196655,1.1695363521575928
17075,0.017189424484968185,1.1842681169509888
17080,1.3207437992095947,1.16781485080719
17085,0.007098624482750893,0.9396225214004517
17090,0.9601216316223145,1.1732614040374756
17095,0.0462944433093071,1.1876215934753418
17100,1.1263035535812378,1.1688162088394165
17105,0.01878134161233902,1.183489441871643
17110,1.3022944927215576,1.1667492389678955
17115,0.007524728775024414,1.1668007373809814
17120,0.7819343209266663,1.1784483194351196
17125,0.09964984655380249,1.192888617515564
17130,0.9364203810691833,1.1730562448501587
17135,0.05134359374642372,1.1874122619628906
17140,1.1009495258331299,1.1684730052947998
17145,0.02153259515762329,1.1830637454986572
17150,1.2753099203109741,1.1659116744995117
17155,0.00830195751041174,1.1822859048843384
17160,1.0305664539337158,1.1717586517333984
17165,0.03250708431005478,1.1861752271652222
17170,1.2011194229125977,1.167971134185791
17175,0.012170091271400452,1.1831077337265015
17180,1.3803703784942627,1.1687889099121094
17185,0.013823683373630047,1.187581181526184
17190,1.3685553073883057,1.1719396114349365
17195,0.07926446944475174,1.1951946020126343
17200,1.0093551874160767,1.1755441427230835
17205,0.037758760154247284,1.1899226903915405
17210,1.1793174743652344,1.171346664428711
17215,0.014317719265818596,1.1862223148345947
17220,1.3588775396347046,1.1704888343811035
17225,0.04240070655941963,1.192347526550293
17230,1.1601508855819702,1.173526406288147
17235,0.016444476321339607,1.1882542371749878
17240,1.3392398357391357,1.1717438697814941
17245,0.006661569233983755,0.856037974357605
17250,0.8088007569313049,1.1782081127166748
17255,0.09018439799547195,1.1926239728927612
17260,0.9652674794197083,1.1729000806808472
17265,0.04504131153225899,1.187262773513794
17270,1.1317256689071655,1.168506383895874
17275,0.018146086484193802,1.1832064390182495
17280,1.3079625368118286,1.1666054725646973
17285,0.007391422986984253,1.0716534852981567
17290,1.2289961576461792,1.1707500219345093
17295,0.010723372921347618,1.1860401630401611
17300,1.4094898700714111,1.1726752519607544
17305,0.1524035483598709,1.1955573558807373
17310,0.8071177005767822,1.1752476692199707
17315,0.08841987699270248,1.189657211303711
17320,0.9628700613975525,1.1700254678726196
17325,0.04410477355122566,1.1843935251235962
17330,1.1285659074783325,1.1657521724700928
17335,0.01785382442176342,1.1804900169372559
17340,1.3039625883102417,1.1641042232513428
17345,0.007517202757298946,1.0117802619934082
17350,1.1000210046768188,1.1688868999481201
17355,0.021756475791335106,1.1834690570831299
17360,1.274411678314209,1.166269302368164
17365,0.008340265601873398,1.1825858354568481
17370,1.089118242263794,1.1716598272323608
17375,0.023919634521007538,1.1861796379089355
17380,1.2634317874908447,1.168614149093628
17385,0.008838091976940632,1.184502124786377
17390,0.6142778396606445,1.1791480779647827
17395,0.17482927441596985,1.1938095092773438
17400,0.7550647854804993,1.1734051704406738
17405,0.10518940538167953,1.1878561973571777
17410,0.906487762928009,1.1680858135223389
17415,0.05551029369235039,1.182444453239441
17420,1.067926049232483,1.1635408401489258
17425,0.024224741384387016,1.1780985593795776
17430,1.2391226291656494,1.160840630531311
17435,0.009503806941211224,1.176864504814148
17440,0.6525962352752686,1.1716023683547974
17445,0.14700381457805634,1.186171054840088
17450,0.7953363060951233,1.1661015748977661
17455,0.08531273156404495,1.1804989576339722
17460,0.9483874440193176,1.1611288785934448
17465,0.04276645928621292,1.175514578819275
17470,1.111261248588562,1.1571894884109497
17475,0.017781227827072144,1.1720201969146729
17480,1.2835755348205566,1.156165599822998
17485,0.008120911195874214,0.9469977617263794
17490,0.9639548063278198,1.162348747253418
17495,0.040298450738191605,1.1767420768737793
17500,1.1281181573867798,1.1584757566452026
17505,0.016452742740511894,1.1733720302581787
17510,1.3016457557678223,1.1578196287155151
17515,0.007727506570518017,0.7807835340499878
17520,0.6720320582389832,1.166684627532959
17525,0.13306471705436707,1.1812070608139038
17530,0.8154900074005127,1.161348581314087
17535,0.0756538137793541,1.1757259368896484
17540,0.9690855741500854,1.1566141843795776
17545,0.03690902888774872,1.1710398197174072
17550,1.1323957443237305,1.1531139612197876
17555,0.015215516090393066,1.1681910753250122
17560,1.3045313358306885,1.1535470485687256
17565,0.04886734113097191,1.176411509513855
17570,1.0824674367904663,1.1578549146652222
17575,0.020939931273460388,1.1725401878356934
17580,1.2532955408096313,1.155988097190857
17585,0.008888926357030869,1.1728498935699463
17590,0.8243367671966553,1.1644222736358643
17595,0.07512621581554413,1.1787996292114258
17600,0.9791911840438843,1.1596179008483887
17605,0.03634375333786011,1.174039602279663
17610,1.1438031196594238,1.1560418605804443
17615,0.014737304300069809,1.1711149215698242
17620,1.3172883987426758,1.1564425230026245
17625,0.07411617785692215,1.1802124977111816
17630,0.9866728782653809,1.1610108613967896
17635,0.03560103848576546,1.1754337549209595
17640,1.1520657539367676,1.1574275493621826
17645,0.014295117929577827,1.1725213527679443
17650,1.3262807130813599,1.157949447631836
17655,0.11117851734161377,1.1828721761703491
17660,0.8764049410820007,1.1631605625152588
17665,0.060044288635253906,1.1775221824645996
17670,1.0347318649291992,1.1586506366729736
17675,0.027208229526877403,1.1731772422790527
17680,1.2027593851089478,1.1558263301849365
17685,0.010918512009084225,1.1715651750564575
17690,1.194545030593872,1.1614549160003662
17695,0.011849382892251015,1.176790714263916
17700,1.3708789348602295,1.1635558605194092
17705,0.07177648693323135,1.1846513748168945
17710,1.007420301437378,1.1653739213943481
17715,0.033808473497629166,1.1797986030578613
17720,1.1751059293746948,1.1617401838302612
17725,0.01317792572081089,1.176877498626709
17730,1.3514668941497803,1.1625356674194336
17735,0.23210662603378296,1.190230131149292
17740,0.643519937992096,1.1696258783340454
17745,0.1493394374847412,1.1841992139816284
17750,0.7851182222366333,1.1641572713851929
17755,0.08719658851623535,1.1785575151443481
17760,0.9370242357254028,1.1592108011245728
17765,0.044152162969112396,1.1735947132110596
17770,1.0987231731414795,1.1552774906158447
17775,0.01863086223602295,1.1700843572616577
17780,1.2698765993118286,1.1541346311569214
17785,0.008466886356472969,1.0522791147232056
17790,1.1737691164016724,1.1593577861785889
17795,0.012972492724657059,1.17457115650177
17800,1.3491768836975098,1.1606303453445435
17805,0.008230190724134445,1.1799169778823853
17810,0.7914028167724609,1.1714237928390503
17815,0.0906725525856018,1.1858360767364502
17820,0.9452135562896729,1.1662694215774536
17825,0.0458834283053875,1.1806385517120361
17830,1.108932614326477,1.162050724029541
17835,0.01904405653476715,1.1767717599868774
17840,1.2823071479797363,1.1603434085845947
17845,0.00807279348373413,1.1591328382492065
17850,0.921796977519989,1.1714458465576172
17855,0.05380116403102875,1.1858022212982178
17860,1.084989309310913,1.1668468713760376
17865,0.023018311709165573,1.1814115047454834
17870,1.257991075515747,1.164147138595581
17875,0.008874533697962761,1.1802849769592285
17880,1.3534311056137085,1.1705653667449951
17885,0.015037482604384422,1.190696120262146
17890,1.3616523742675781,1.1744111776351929
17895,0.006218697875738144,0.6774855256080627
17900,0.5236279964447021,1.1838977336883545
17905,0.23630595207214355,1.1987464427947998
17910,0.6566647291183472,1.1779499053955078
17915,0.15170438587665558,1.1925404071807861
17920,0.8009359836578369,1.1723006963729858
17925,0.0881776511669159,1.1867073774337769
17930,0.9556346535682678,1.1671499013900757
17935,0.04417016729712486,1.1815217733383179
17940,1.1202419996261597,1.162964105606079
17945,0.018085600808262825,1.1777184009552002
17950,1.2944940328598022,1.1614410877227783
17955,0.00777142308652401,1.0269958972930908
17960,1.1286754608154297,1.1662688255310059
17965,0.017955806106328964,1.180997371673584
17970,1.304205060005188,1.1645598411560059
17975,0.007504371460527182,1.0297458171844482
17980,1.1376489400863647,1.1691303253173828
17985,0.017686421051621437,1.1838438510894775
17990,1.3143802881240845,1.167303442955017
17995,0.007239832077175379,1.0087741613388062
18000,1.0970896482467651,1.1718881130218506
18005,0.022971991449594498,1.1864255666732788
18010,1.271964192390442,1.1689499616622925
18015,0.008511649444699287,1.1849734783172607
18020,0.5790994763374329,1.1804214715957642
18025,0.1963183879852295,1.1951485872268677
18030,0.7168944478034973,1.1746042966842651
18035,0.12128078937530518,1.1891014575958252
18040,0.86552894115448,1.1691582202911377
18045,0.06659197062253952,1.1835236549377441
18050,1.0243138074874878,1.1643636226654053
18055,0.03069780208170414,1.1788196563720703
18060,1.192888617515564,1.1609830856323242
18065,0.011903634294867516,1.176322102546692
18070,1.3690040111541748,1.1630983352661133
18075,0.06903842091560364,1.1841212511062622
18080,1.0163943767547607,1.164902925491333
18085,0.03215261548757553,1.17934250831604
18090,1.184564232826233,1.1613954305648804
18095,0.012483792379498482,1.1766316890716553
18100,1.3609211444854736,1.1628293991088867
18105,0.019396023824810982,1.1819974184036255
18110,1.292338252067566,1.165224313735962
18115,0.007785840891301632,1.18218195438385
18120,0.5922958254814148,1.1756256818771362
18125,0.18289729952812195,1.190306305885315
18130,0.7304477691650391,1.1699329614639282
18135,0.11158590018749237,1.1843982934951782
18140,0.8792668581008911,1.1646473407745361
18145,0.06020083278417587,1.1790084838867188
18150,1.0381020307540894,1.1600934267044067
18155,0.02719299867749214,1.174613356590271
18160,1.206657886505127,1.157206416130066
18165,0.0108098816126585,1.1729203462600708
18170,1.198290467262268,1.1627048254013062
18175,0.011746813543140888,1.1780256032943726
18180,1.3751882314682007,1.1647189855575562
18185,0.0742790549993515,1.185863971710205
18190,1.001447081565857,1.1665165424346924
18195,0.035284772515296936,1.1809275150299072
18200,1.1689748764038086,1.162753701210022
18205,0.013767991214990616,1.1778068542480469
18210,1.3455172777175903,1.1630216836929321
18215,0.1417085975408554,1.1885440349578857
18220,0.8135698437690735,1.1684585809707642
18225,0.08124806731939316,1.1828482151031494
18230,0.9684449434280396,1.1634749174118042
18235,0.03994819521903992,1.1778674125671387
18240,1.1331499814987183,1.1595804691314697
18245,0.016201285645365715,1.1744791269302368
18250,1.3072216510772705,1.1589312553405762
18255,0.007593204267323017,0.7554091215133667
18260,0.6324244737625122,1.168196678161621
18265,0.1533069908618927,1.1827800273895264
18270,0.7727997899055481,1.1627432107925415
18275,0.09023895114660263,1.1771495342254639
18280,0.9234912991523743,1.1577986478805542
18285,0.046272747218608856,1.1721785068511963
18290,1.0839810371398926,1.1538300514221191
18295,0.019845718517899513,1.1685936450958252
18300,1.2539476156234741,1.1524596214294434
18305,0.008886334486305714,1.1698366403579712
18310,0.6155919432640076,1.1637426614761353
18315,0.15708880126476288,1.178331732749939
18320,0.7536845207214355,1.158368468284607
18325,0.0934382826089859,1.1727793216705322
18330,0.9020691514015198,1.1534955501556396
18335,0.04875021427869797,1.1678746938705444
18340,1.0602123737335205,1.149573802947998
18345,0.021488098427653313,1.1643086671829224
18350,1.2277898788452148,1.148093342781067
18355,0.009665264748036861,1.1651134490966797
18360,0.8772628903388977,1.1566287279129028
18365,0.05609478801488876,1.170994520187378
18370,1.0343278646469116,1.152395248413086
18375,0.02537989243865013,1.1669923067092896
18380,1.200965166091919,1.1500884294509888
18385,0.010707346722483635,1.1661975383758545
18390,0.8122463226318359,1.1598808765411377
18395,0.07562293112277985,1.1742582321166992
18400,0.9653090238571167,1.1551841497421265
18405,0.037000562995672226,1.169613003730774
18410,1.1280694007873535,1.1517306566238403
18415,0.015360601246356964,1.166817545890808
18420,1.2996104955673218,1.1522271633148193
18425,0.04447362944483757,1.1749387979507446
18430,1.1006648540496826,1.156569242477417
18435,0.018703008070588112,1.1713587045669556
18440,1.2722454071044922,1.1553151607513428
18445,0.008388635702431202,1.071458101272583
18450,1.2158324718475342,1.1603987216949463
18455,0.010557657107710838,1.1760573387145996
18460,1.2042640447616577,1.165621280670166
18465,0.011685671284794807,1.18087899684906
18470,1.3825277090072632,1.1672382354736328
18475,0.06020010635256767,1.1878966093063354
18480,1.0626205205917358,1.1687431335449219
18485,0.026560718193650246,1.1832337379455566
18490,1.2346107959747314,1.1655418872833252
18495,0.0099698007106781,1.1811684370040894
18500,1.0948694944381714,1.1713106632232666
18505,0.023080479353666306,1.1858489513397217
18510,1.2694753408432007,1.1683858633041382
18515,0.008585900068283081,1.1844059228897095
18520,0.5005613565444946,1.180584192276001
18525,0.24795542657375336,1.1954618692398071
18530,0.6306873559951782,1.1746859550476074
18535,0.16115613281726837,1.1893004179000854
18540,0.7721046805381775,1.169071912765503
18545,0.09543199092149734,1.1834944486618042
18550,0.9239920973777771,1.1639289855957031
18555,0.04923940822482109,1.1782951354980469
18560,1.0857807397842407,1.1596730947494507
18565,0.021010378375649452,1.1743413209915161
18570,1.2572264671325684,1.1576861143112183
18575,0.008776090107858181,1.1744636297225952
18580,0.8503354787826538,1.1657230854034424
18585,0.06854043900966644,1.1800909042358398
18590,1.0073307752609253,1.1609855890274048
18595,0.032140716910362244,1.175438404083252
18600,1.1740827560424805,1.1576298475265503
18605,0.012750939466059208,1.1729153394699097
18610,1.3487550020217896,1.1593561172485352
18615,0.01902061514556408,1.1785815954208374
18620,1.2871623039245605,1.1620584726333618
18625,0.00793546624481678,1.168501377105713
18630,0.9334031939506531,1.1736823320388794
18635,0.05237553268671036,1.188037633895874
18640,1.097854733467102,1.1690549850463867
18645,0.022063519805669785,1.183628797531128
18650,1.2721467018127441,1.1663823127746582
18655,0.008421847596764565,1.1826344728469849
18660,1.1694170236587524,1.1712512969970703
18665,0.015142691321671009,1.1860734224319458
18670,1.3484489917755127,1.1700628995895386
18675,0.007663113996386528,1.1892098188400269
18680,0.9706275463104248,1.1787809133529663
18685,0.04694903641939163,1.1931350231170654
18690,1.1386773586273193,1.17415189743042
18695,0.018757706508040428,1.1887836456298828
18700,1.3166354894638062,1.171775460243225
18705,0.007149843033403158,1.1886698007583618
18710,0.5127400159835815,1.1827088594436646
18715,0.24224141240119934,1.1975730657577515
18720,0.6444721221923828,1.17677640914917
18725,0.15645679831504822,1.191379427909851
18730,0.7874746918678284,1.1711349487304688
18735,0.09177323430776596,1.1855498552322388
18740,0.9409339427947998,1.165977120399475
18745,0.046635545790195465,1.180345058441162
18750,1.104305386543274,1.1617419719696045
18755,0.01946278288960457,1.176448941230774
18760,1.277339220046997,1.1599560976028442
18765,0.008202816359698772,1.1771186590194702
18770,0.5846688151359558,1.1709529161453247
18775,0.18174462020397186,1.1856236457824707
18780,0.7212839722633362,1.1653565168380737
18785,0.11117058992385864,1.1798166036605835
18790,0.8684945106506348,1.1601760387420654
18795,0.060289859771728516,1.1745387315750122
18800,1.025660753250122,1.15574312210083
18805,0.0275696013122797,1.170277714729309
18810,1.1924766302108765,1.1530109643936157
18815,0.011264339089393616,1.1687641143798828
18820,1.2606072425842285,1.1583009958267212
18825,0.00867606420069933,1.1751090288162231
18830,0.8146410584449768,1.166651725769043
18835,0.07961489260196686,1.1810376644134521
18840,0.9692329168319702,1.1617321968078613
18845,0.03903530538082123,1.1761326789855957
18850,1.1336214542388916,1.1579396724700928
18855,0.015874553471803665,1.172884464263916
18860,1.3072673082351685,1.1575700044631958
18865,0.00861005112528801,1.1771845817565918
18870,0.9132404327392578,1.1677812337875366
18875,0.053745318204164505,1.1821403503417969
18880,1.0750828981399536,1.163287878036499
18885,0.023242011666297913,1.1778687238693237
18890,1.2466788291931152,1.1607341766357422
18895,0.009197115898132324,1.1769232749938965
18900,0.5222528576850891,1.1734124422073364
18905,0.22320519387722015,1.1882089376449585
18910,0.6533480286598206,1.1676851511001587
18915,0.14263968169689178,1.182236671447754
18920,0.7954267859458923,1.1622841358184814
18925,0.08248434960842133,1.1766741275787354
18930,0.9477274417877197,1.1574369668960571
18935,0.0412190705537796,1.1718357801437378
18940,1.1097853183746338,1.1536870002746582
18945,0.017257748171687126,1.1685916185379028
18950,1.2811063528060913,1.1531177759170532
18955,0.008259888738393784,0.8566203117370605
18960,0.7960541248321533,1.1609761714935303
18965,0.08134660869836807,1.1753630638122559
18970,0.9481462836265564,1.1561747789382935
18975,0.04058245196938515,1.170579433441162
18980,1.109968900680542,1.1524972915649414
18985,0.017029261216521263,1.167433500289917
18990,1.2809758186340332,1.1521167755126953
18995,0.00829662661999464,0.8217195868492126
19000,0.7356374859809875,1.1606872081756592
19005,0.10175924003124237,1.175119161605835
19010,0.883078396320343,1.1556838750839233
19015,0.05419248342514038,1.1700520515441895
19020,1.0403509140014648,1.1515285968780518
19025,0.024359960108995438,1.1661560535430908
19030,1.2071713209152222,1.1494137048721313
19035,0.010421039536595345,1.1657134294509888
19040,0.6575181484222412,1.161251187324524
19045,0.13436082005500793,1.1757715940475464
19050,0.7987486720085144,1.1560252904891968
19055,0.07706374675035477,1.1704044342041016
19060,0.9500563740730286,1.151405930519104
19065,0.038210976868867874,1.1658360958099365
19070,1.111013412475586,1.1480191946029663
19075,0.016209732741117477,1.163089394569397
19080,1.280754566192627,1.1484344005584717
19085,0.014828483574092388,1.1692715883255005
19090,1.3119313716888428,1.1547231674194336
19095,0.07525740563869476,1.1786155700683594
19100,0.9782205820083618,1.1594364643096924
19105,0.03644048050045967,1.1738578081130981
19110,1.1427308320999146,1.155861258506775
19115,0.014795389026403427,1.1709320545196533
19120,1.3161213397979736,1.1562469005584717
19125,0.0698474645614624,1.1798663139343262
19130,1.001699686050415,1.1607438325881958
19135,0.03296323120594025,1.1751893758773804
19140,1.1680301427841187,1.1573389768600464
19145,0.0131255853921175,1.1725764274597168
19150,1.342553734779358,1.158754825592041
19155,0.008204006589949131,1.1782089471817017
19160,0.6541898846626282,1.171179175376892
19165,0.1458047479391098,1.1857436895370483
19170,0.7969874739646912,1.16569185256958
19175,0.0844765156507492,1.1800870895385742
19180,0.9500776529312134,1.1607383489608765
19185,0.042253077030181885,1.1751264333724976
19190,1.1129770278930664,1.1568330526351929
19195,0.017546825110912323,1.17168128490448
19200,1.2852972745895386,1.1559125185012817
19205,0.008092796429991722,0.9130045771598816
19210,0.8996621966362,1.162622332572937
19215,0.054067764431238174,1.1769850254058838
19220,1.0595096349716187,1.158268690109253
19225,0.023789139464497566,1.1728671789169312
19230,1.2290245294570923,1.1558899879455566
19235,0.009735471569001675,1.1721128225326538
19240,0.5884541869163513,1.1680548191070557
19245,0.1762855350971222,1.1827056407928467
19250,0.7248973250389099,1.1625312566757202
19255,0.10734144598245621,1.1769790649414062
19260,0.8718509078025818,1.1574419736862183
19265,0.057871416211128235,1.1718063354492188
19270,1.0287036895751953,1.1531410217285156
19275,0.026349103078246117,1.1677122116088867
19280,1.195156455039978,1.1506710052490234
19285,0.010999202728271484,1.166624903678894
19290,0.9890413284301758,1.1585383415222168
19295,0.03422042727470398,1.1729795932769775
19300,1.1540741920471191,1.155132532119751
19305,0.013839475810527802,1.170323371887207
19310,1.3275154829025269,1.1562496423721313
19315,0.1817592978477478,1.1831650733947754
19320,0.7153347730636597,1.1629502773284912
19325,0.11141954362392426,1.1774089336395264
19330,0.8616121411323547,1.1578221321105957
19335,0.06066180393099785,1.172186017036438
19340,1.0178182125091553,1.1534461975097656
19345,0.02796085551381111,1.1679856777191162
19350,1.183640480041504,1.1507759094238281
19355,0.01158087607473135,1.1665287017822266
19360,1.337948203086853,1.1556124687194824
19365,0.029387814924120903,1.1753764152526855
19370,1.1927138566970825,1.1577599048614502
19375,0.011609161272644997,1.1732499599456787
19380,1.366986632347107,1.160861611366272
19385,0.13693124055862427,1.1836777925491333
19390,0.812450647354126,1.1637344360351562
19395,0.07822193205356598,1.1781171560287476
19400,0.9662980437278748,1.158905267715454
19405,0.03836353123188019,1.1733157634735107
19410,1.1298989057540894,1.1552441120147705
19415,0.015747476369142532,1.1702384948730469
19420,1.3025949001312256,1.1551817655563354
19425,0.015033518895506859,1.1758180856704712
19430,1.324481725692749,1.160605549812317
19435,0.03213118016719818,1.1823183298110962
19440,1.192861557006836,1.1642684936523438
19445,0.0122695192694664,1.179470419883728
19450,1.3705060482025146,1.1654971837997437
19455,0.020500823855400085,1.1846596002578735
19460,1.2889344692230225,1.1675776243209839
19465,0.007894446142017841,1.1841355562210083
19470,0.8080378174781799,1.1752783060073853
19475,0.08814021199941635,1.1896872520446777
19480,0.9638684391975403,1.170058012008667
19485,0.0439181812107563,1.1844265460968018
19490,1.1296366453170776,1.1657905578613281
19495,0.017755266278982162,1.180532455444336
19500,1.3051080703735352,1.1641662120819092
19505,0.007491493131965399,0.9978839755058289
19510,1.0717599391937256,1.1691007614135742
19515,0.025419127196073532,1.1836074590682983
19520,1.2444123029708862,1.1660014390945435
19525,0.009530946612358093,1.1817480325698853
19530,0.863273024559021,1.173892617225647
19535,0.07033110409975052,1.1882638931274414
19540,1.0228550434112549,1.1689177751541138
19545,0.03264941647648811,1.183341383934021
19550,1.1923023462295532,1.1652261018753052
19555,0.012424066662788391,1.1803866624832153
19560,1.3703269958496094,1.1661864519119263
19565,0.011310247704386711,1.184965968132019
19570,1.3977094888687134,1.1711399555206299
19575,0.07378274202346802,1.1921329498291016
19580,1.020643711090088,1.172635555267334
19585,0.03451649472117424,1.1870362758636475
19590,1.1907334327697754,1.1686984300613403
19595,0.013002805411815643,1.1837263107299805
19600,1.3699787855148315,1.1688076257705688
19605,0.2112002968788147,1.1956769227981567
19610,0.6914184093475342,1.1750516891479492
19615,0.13260535895824432,1.189582109451294
19620,0.8380632996559143,1.169539213180542
19625,0.07459881156682968,1.1839168071746826
19630,0.9949471950531006,1.1646134853363037
19635,0.03562956675887108,1.1790270805358887
19640,1.1616507768630981,1.1608991622924805
19645,0.014057754538953304,1.1759554147720337
19650,1.3373339176177979,1.161187767982483
19655,0.11770089715719223,1.1861404180526733
19660,0.8672325015068054,1.166294813156128
19665,0.06432273983955383,1.1806581020355225
19670,1.0255507230758667,1.1616154909133911
19675,0.02953142113983631,1.1760952472686768
19680,1.1936216354370117,1.1584408283233643
19685,0.011616498231887817,1.173907995223999
19690,1.3682745695114136,1.1613962650299072
19695,0.12917624413967133,1.184025526046753
19700,0.8322162628173828,1.1641333103179932
19705,0.0726226270198822,1.17850661277771
19710,0.9875926375389099,1.1593724489212036
19715,0.034790534526109695,1.1738065481185913
19720,1.1527055501937866,1.1558988094329834
19725,0.01403873972594738,1.1710500717163086
19730,1.3263949155807495,1.156772255897522
19735,0.15096904337406158,1.182874083518982
19740,0.778183102607727,1.1628506183624268
19745,0.0885114073753357,1.177253246307373
19750,0.929307758808136,1.1579214334487915
19755,0.045120228081941605,1.1723045110702515
19760,1.090218186378479,1.1539921760559082
19765,0.019228536635637283,1.1687825918197632
19770,1.2605775594711304,1.1527715921401978
19775,0.00871298834681511,1.1274722814559937
19780,1.3346638679504395,1.1592779159545898
19785,0.15444593131542206,1.1853326559066772
19790,0.7766595482826233,1.1652326583862305
19795,0.09084341675043106,1.1796414852142334
19800,0.9281336069107056,1.1602226495742798
19805,0.04647831246256828,1.1745984554290771
19810,1.0894381999969482,1.1561708450317383
19815,0.01978330686688423,1.1709150075912476
19820,1.2602808475494385,1.154662847518921
19825,0.00869529228657484,1.171956181526184
19830,0.6144058108329773,1.1657459735870361
19835,0.15983501076698303,1.1803454160690308
19840,0.7527548670768738,1.1603201627731323
19845,0.09528394043445587,1.174736499786377
19850,0.9014444947242737,1.1553834676742554
19855,0.049834467470645905,1.1697579622268677
19860,1.059929609298706,1.1513673067092896
19865,0.021944962441921234,1.1660699844360352
19870,1.2279019355773926,1.149682641029358
19875,0.009664740413427353,1.1665095090866089
19880,0.987543523311615,1.1570781469345093
19885,0.03391061723232269,1.1715267896652222
19890,1.1521738767623901,1.1537485122680664
19895,0.013804205693304539,1.168973684310913
19900,1.3250433206558228,1.1550735235214233
19905,0.1954190582036972,1.18239426612854
19910,0.6879265308380127,1.1621240377426147
19915,0.12186500430107117,1.1766103506088257
19920,0.831834614276886,1.1569468975067139
19925,0.06805945187807083,1.1713151931762695
19930,0.9857404828071594,1.1524481773376465
19935,0.032494351267814636,1.1669273376464844
19940,1.1492762565612793,1.14940345287323
19945,0.01351286843419075,1.16477632522583
19950,1.3202509880065918,1.1516258716583252
19955,0.01265944167971611,1.1708118915557861
19960,1.3455710411071777,1.1576182842254639
19965,0.03370581194758415,1.1775206327438354
19970,1.169550895690918,1.1595458984375
19975,0.013290435075759888,1.1747137308120728
19980,1.3449686765670776,1.160529375076294
19985,0.22992952167987823,1.1883023977279663
19990,0.6425778269767761,1.1677473783493042
19995,0.14785131812095642,1.1823142766952515
19999,0.12084688991308212,1.1800178289413452
