iteration,loss,grad_norm,x,y,optimizer,elapsed_seconds,test_acc
0,909.0,2.1314902305603027,-1.896563410758972,1.025671124458313,SAM_SGD_start5,0.0,0.01
5,145.4493408203125,1.8063538074493408,-1.434484362602234,1.1600759029388428,SAM_SGD_start5,0.005,0.01
10,4.5826497077941895,1.6106361150741575,-1.1869382858276367,1.2397252321243286,SAM_SGD_start5,0.01,0.01
15,7.264963626861572,1.6165987253189087,-1.101229548454285,1.2546290159225464,SAM_SGD_start5,0.015,0.01
20,4.607170104980469,1.5677763223648071,-1.160983324050903,1.2032883167266846,SAM_SGD_start5,0.02,0.01
25,6.459405899047852,1.5764553546905518,-1.0782052278518677,1.2196650505065918,SAM_SGD_start5,0.025,0.01
30,4.679079055786133,1.529640555381775,-1.1369527578353882,1.1707345247268677,SAM_SGD_start5,0.03,0.01
35,5.809688568115234,1.5393294095993042,-1.056479811668396,1.1876364946365356,SAM_SGD_start5,0.035,0.01
40,4.787011623382568,1.493802785873413,-1.1138888597488403,1.1401171684265137,SAM_SGD_start5,0.04,0.01
45,5.284677505493164,1.5036500692367554,-1.035355806350708,1.156952142715454,SAM_SGD_start5,0.045,0.01
50,4.921257495880127,1.4588820934295654,-1.0911890268325806,1.110220432281494,SAM_SGD_start5,0.05,0.01
55,4.863630294799805,1.4683283567428589,-1.014332890510559,1.1264846324920654,SAM_SGD_start5,0.055,0.01
60,5.071952819824219,1.4238070249557495,-1.068351149559021,1.0800480842590332,SAM_SGD_start5,0.06,0.01
65,4.530627250671387,1.4323796033859253,-0.9929336309432985,1.0951790809631348,SAM_SGD_start5,0.065,0.01
70,5.227543354034424,1.387465238571167,-1.044827222824097,1.0485305786132812,SAM_SGD_start5,0.07,0.01
75,4.272007465362549,1.3946541547775269,-0.9705644845962524,1.0617344379425049,SAM_SGD_start5,0.075,0.01
80,5.371847152709961,1.3483514785766602,-1.01985764503479,1.0141857862472534,SAM_SGD_start5,0.08,0.01
85,4.074365139007568,1.353492259979248,-0.9462991952896118,1.024094820022583,SAM_SGD_start5,0.085,0.01
90,5.476431369781494,1.3038755655288696,-0.9921380281448364,0.9744108319282532,SAM_SGD_start5,0.09,0.01
95,3.92097806930542,1.3061301708221436,-0.918293297290802,0.9779837131500244,SAM_SGD_start5,0.095,0.01
100,5.462766647338867,1.247409701347351,-0.958474338054657,0.9223381876945496,SAM_SGD_start5,0.1,0.01
105,3.766618490219116,1.2381333112716677,-0.8798079490661621,0.9025643467903136,SAM_SGD_start5,0.105,0.01
110,4.973952293395996,1.1593090295791626,-0.9113422632217408,0.8353704810142517,SAM_SGD_start5,0.11,0.01
115,3.58208966255188,1.1476187705993652,-0.8362401723861694,0.813647985458374,SAM_SGD_start5,0.115,0.01
120,4.497193813323975,1.072036862373352,-0.8632307648658752,0.7494974732398987,SAM_SGD_start5,0.12,0.01
125,3.4021084308624268,1.060673475265503,-0.7926477193832397,0.7296723127365112,SAM_SGD_start5,0.125,0.01
130,4.08175802230835,0.9886400103569032,-0.8151963949203491,0.6683454513549805,SAM_SGD_start5,0.13,0.01
135,3.2267630100250244,0.97735995054245,-0.7488706111907959,0.6501693725585938,SAM_SGD_start5,0.135,0.01
140,3.716439008712769,0.9087238311767578,-0.7670679092407227,0.5915765762329102,SAM_SGD_start5,0.14,0.01
145,3.0554800033569336,0.897314190864563,-0.7047672271728516,0.5749022960662842,SAM_SGD_start5,0.145,0.01
150,3.3930397033691406,0.8319547176361084,-0.7186615467071533,0.5189533829689026,SAM_SGD_start5,0.15,0.01
155,2.8876523971557617,0.8201758861541748,-0.6601496934890747,0.503626823425293,SAM_SGD_start5,0.155,0.01
160,3.10459041595459,0.7579723596572876,-0.6697403788566589,0.4502457082271576,SAM_SGD_start5,0.16,0.01
165,2.722557783126831,0.7455461621284485,-0.6147703528404236,0.4361060261726379,SAM_SGD_start5,0.165,0.01
170,2.8451266288757324,0.6863816380500793,-0.6199944019317627,0.3852383494377136,SAM_SGD_start5,0.17,0.01
175,2.559311628341675,0.6729714274406433,-0.5682990550994873,0.3721173405647278,SAM_SGD_start5,0.175,0.01
180,2.609437227249145,0.6167402267456055,-0.5690126419067383,0.3237443566322326,SAM_SGD_start5,0.18,0.01
185,2.396801471710205,0.6019216179847717,-0.5202900171279907,0.311467170715332,SAM_SGD_start5,0.185,0.01
190,2.392814874649048,0.5485437512397766,-0.5162414312362671,0.2656294703483581,SAM_SGD_start5,0.19,0.01
195,2.233581066131592,0.5317535400390625,-0.4701295793056488,0.2540140450000763,SAM_SGD_start5,0.195,0.01
200,2.1907758712768555,0.4811951518058777,-0.460917204618454,0.2108548134565353,SAM_SGD_start5,0.2,0.01
205,2.067715883255005,0.4616484344005584,-0.4169478714466095,0.1997110545635223,SAM_SGD_start5,0.205,0.01
210,1.9986730813980105,0.4139104783535003,-0.4019359946250915,0.1595530062913894,SAM_SGD_start5,0.21,0.01
215,1.8964214324951167,0.390462577342987,-0.3594167828559875,0.1486551761627197,SAM_SGD_start5,0.215,0.01
220,1.81093168258667,0.3453193604946136,-0.337542325258255,0.1121633201837539,SAM_SGD_start5,0.22,0.01
225,1.715476632118225,0.3163876831531524,-0.2953260540962219,0.1011470109224319,SAM_SGD_start5,0.225,0.01
230,1.6199449300765991,0.2727162837982178,-0.265110045671463,0.0698168650269508,SAM_SGD_start5,0.23,0.01
235,1.5213650465011597,0.2371140271425247,-0.2220297157764434,0.058097556233406,SAM_SGD_start5,0.235,0.01
240,1.4211297035217283,0.1941372156143188,-0.1837204992771148,0.0356401689350605,SAM_SGD_start5,0.24,0.01
245,1.326757311820984,0.1554620862007141,-0.143907219171524,0.0241304263472557,SAM_SGD_start5,0.245,0.01
250,1.2493553161621094,0.1221030876040458,-0.1115162819623947,0.0149283893406391,SAM_SGD_start5,0.25,0.01
255,1.1893153190612793,0.0958663001656532,-0.085662230849266,0.0092869624495506,SAM_SGD_start5,0.255,0.01
260,1.142822027206421,0.0752264335751533,-0.0651932060718536,0.0057636904530227,SAM_SGD_start5,0.26,0.01
265,1.1068017482757568,0.0590096153318882,-0.0490456670522689,0.0035755084827542,SAM_SGD_start5,0.265,0.01
270,1.0788636207580566,0.0462783016264438,-0.0363368429243564,0.0022215184289962,SAM_SGD_start5,0.27,0.01
275,1.057163119316101,0.0362886153161525,-0.0263492278754711,0.001385785988532,SAM_SGD_start5,0.275,0.01
280,1.040283441543579,0.0284527856856584,-0.0185074545443058,0.000870814837981,SAM_SGD_start5,0.28,0.01
285,1.027135968208313,0.02230772562325,-0.0123540628701448,0.000553871912416,SAM_SGD_start5,0.285,0.01
290,1.016883134841919,0.0174892488867044,-0.0075272708199918,0.0003589794505387,SAM_SGD_start5,0.29,0.01
295,1.0088796615600586,0.0137112746015191,-0.0037419227883219,0.0002392229507677,SAM_SGD_start5,0.295,0.01
300,1.002626895904541,0.0107492674142122,-0.0007737200357951,0.0001656824897509,SAM_SGD_start5,0.3,0.01
305,0.9977384209632874,0.0084270723164081,0.0015535355778411,0.0001205511434818,SAM_SGD_start5,0.305,0.01
310,0.9939143061637878,0.0066065159626305,0.0033781565725803,9.287336433771998e-05,SAM_SGD_start5,0.31,0.01
315,0.990921676158905,0.005179249215871,0.0048086536116898,7.59129470679909e-05,SAM_SGD_start5,0.315,0.01
320,0.9885786771774292,0.0040603219531476,0.0059301373548805,6.553003186127171e-05,SAM_SGD_start5,0.32,0.01
325,0.9867438077926636,0.0031831248197704,0.0068093496374785,5.918142051086761e-05,SAM_SGD_start5,0.325,0.01
330,0.9853066205978394,0.0024954371619969,0.007498622406274,5.530554699362256e-05,SAM_SGD_start5,0.33,0.01
335,0.9841806888580322,0.0019563173409551,0.0080389864742755,5.294391303323209e-05,SAM_SGD_start5,0.335,0.01
340,0.9832984805107116,0.0015336708165705,0.0084626115858554,5.15085703227669e-05,SAM_SGD_start5,0.34,0.01
345,0.9826071858406068,0.0012023330200463,0.0087947165593504,5.063906428404152e-05,SAM_SGD_start5,0.345,0.01
350,0.9820653796195984,2.0019800662994385,0.1091067939996719,-0.0001296865812037,SAM_SGD_start5,0.35,0.01
355,0.7722859978675842,0.1066000759601593,0.1265975087881088,0.0140466587617993,SAM_SGD_start5,0.355,0.01
360,0.7234415411949158,0.1341632008552551,0.1561944186687469,0.0220149680972099,SAM_SGD_start5,0.36,0.01
365,0.6652605533599854,0.1687775701284408,0.1926662623882293,0.0345419347286224,SAM_SGD_start5,0.365,0.01
370,0.6030492782592773,0.209599956870079,0.2321396917104721,0.0457528047263622,SAM_SGD_start5,0.37,0.01
375,0.569787859916687,0.2381625175476074,0.2497550249099731,0.0658110678195953,SAM_SGD_start5,0.375,0.01
380,0.5412388443946838,0.254835844039917,0.2748990654945373,0.0661228224635124,SAM_SGD_start5,0.38,0.01
385,0.5137538313865662,0.2809694409370422,0.2872669994831085,0.0880367830395698,SAM_SGD_start5,0.385,0.01
390,0.4931853711605072,0.2937893867492676,0.3110735416412353,0.0864228457212448,SAM_SGD_start5,0.39,0.01
395,0.4680428206920624,0.3182585835456848,0.3192315399646759,0.1096083968877792,SAM_SGD_start5,0.395,0.01
400,0.4552481472492218,0.3282267451286316,0.3423367738723755,0.1063678339123725,SAM_SGD_start5,0.4,0.01
405,0.4295975565910339,0.3513917922973633,0.3470388054847717,0.1304456889629364,SAM_SGD_start5,0.405,0.01
410,0.425199419260025,0.3591547608375549,0.3698195815086365,0.1257779002189636,SAM_SGD_start5,0.41,0.01
415,0.3965286016464233,0.3812792003154754,0.3716067969799042,0.1505217999219894,SAM_SGD_start5,0.415,0.01
420,0.4015791416168213,0.3872956335544586,0.3943120241165161,0.1445885747671127,SAM_SGD_start5,0.42,0.01
425,0.3675724565982818,0.4085758626461029,0.3935997784137726,0.1698640137910843,SAM_SGD_start5,0.425,0.01
430,0.3833553194999695,0.4132029116153717,0.4164091646671295,0.1628060042858123,SAM_SGD_start5,0.43,0.01
435,0.3418469130992889,0.4337859153747558,0.4135276973247528,0.1885357499122619,SAM_SGD_start5,0.435,0.01
440,0.369754284620285,0.4373169541358948,0.4365787506103515,0.1804773956537246,SAM_SGD_start5,0.44,0.01
445,0.3187217116355896,0.4573124051094055,0.4317949414253235,0.2066201716661453,SAM_SGD_start5,0.445,0.01
450,0.3601638376712799,0.4599964618682861,0.4551974236965179,0.1976714581251144,SAM_SGD_start5,0.45,0.01
455,0.2977371215820312,0.4794850051403045,0.4487284123897552,0.2242085039615631,SAM_SGD_start5,0.455,0.01
460,0.3540712893009186,0.4815376102924347,0.4725723564624786,0.2144657671451568,SAM_SGD_start5,0.46,0.01
465,0.2785509526729584,0.5005759596824646,0.4645949006080627,0.2413916587829589,SAM_SGD_start5,0.465,0.01
470,0.3510229587554931,0.5021859407424927,0.4889555275440216,0.2309384495019912,SAM_SGD_start5,0.47,0.01
475,0.2609006762504577,0.5208122730255127,0.4796122312545776,0.2582551836967468,SAM_SGD_start5,0.475,0.01
480,0.3506036400794983,0.5221442580223083,0.5045526623725891,0.2471631914377212,SAM_SGD_start5,0.48,0.01
485,0.2445775717496872,0.5403832793235779,0.4939567446708679,0.2748756110668182,SAM_SGD_start5,0.485,0.01
490,0.3524262607097626,0.5415768027305603,0.5195292830467224,0.263204962015152,SAM_SGD_start5,0.49,0.01
495,0.2294115722179412,0.5594459772109985,0.5077667832374573,0.291316956281662,SAM_SGD_start5,0.495,0.01
500,0.3561466932296753,0.560610294342041,0.5340120792388916,0.2791168987751007,SAM_SGD_start5,0.5,0.01
505,0.2152613550424575,0.5781257152557373,0.5211440920829773,0.3076284229755401,SAM_SGD_start5,0.505,0.01
510,0.3614890873432159,0.5793343186378479,0.5480905771255493,0.2949371933937073,SAM_SGD_start5,0.51,0.01
515,0.2020118087530136,0.5965143442153931,0.5341553092002869,0.3238420784473419,SAM_SGD_start5,0.515,0.01
520,0.3682679533958435,0.5978034138679504,0.5618196725845337,0.3106885552406311,SAM_SGD_start5,0.52,0.01
525,0.189570277929306,0.6146687865257263,0.5468390583992004,0.3399752378463745,SAM_SGD_start5,0.525,0.01
530,0.3763867020606994,0.6160463094711304,0.5752292275428772,0.3263810276985168,SAM_SGD_start5,0.53,0.01
535,0.1778634041547775,0.6326192617416382,0.5592160820960999,0.356034517288208,SAM_SGD_start5,0.535,0.01
540,0.3858035206794739,0.6340766549110413,0.5883353352546692,0.3420171439647674,SAM_SGD_start5,0.54,0.01
545,0.1668307781219482,0.6503788232803345,0.5713002681732178,0.3720225989818573,SAM_SGD_start5,0.545,0.01
550,0.3965069055557251,0.6519041061401367,0.6011500954627991,0.357597678899765,SAM_SGD_start5,0.55,0.01
555,0.1564203649759292,0.6679573059082031,0.5831048488616943,0.3879425823688507,SAM_SGD_start5,0.555,0.01
560,0.4084891378879547,0.6695400476455688,0.6136870384216309,0.3731250464916229,SAM_SGD_start5,0.56,0.01
565,0.146586000919342,0.6853658556938171,0.5946439504623413,0.4037989377975464,SAM_SGD_start5,0.565,0.01
570,0.421750009059906,0.68699711561203,0.6259608268737793,0.3886037766933441,SAM_SGD_start5,0.57,0.01
575,0.1372856348752975,0.7026175260543823,0.605933427810669,0.4195987284183502,SAM_SGD_start5,0.575,0.01
580,0.4362886548042297,0.7042903304100037,0.6379871964454651,0.4040399491786957,SAM_SGD_start5,0.58,0.01
585,0.1284815073013305,0.7197265625,0.6169891357421875,0.4353500604629516,SAM_SGD_start5,0.585,0.01
590,0.452110230922699,0.7214354276657104,0.6497825384140015,0.4194414019584656,SAM_SGD_start5,0.59,0.01
595,0.1201393380761146,0.7367091774940491,0.6278270483016968,0.451062262058258,SAM_SGD_start5,0.595,0.01
600,0.4692223072052002,0.7384494543075562,0.661363422870636,0.4348172545433044,SAM_SGD_start5,0.6,0.01
605,0.1122277453541755,0.7535814642906189,0.6384636759757996,0.4667463600635528,SAM_SGD_start5,0.605,0.01
610,0.4876365065574646,0.7553498148918152,0.6727465391159058,0.450177937746048,SAM_SGD_start5,0.61,0.01
615,0.1047186702489852,0.7703604102134705,0.6489143967628479,0.4824132919311523,SAM_SGD_start5,0.615,0.01
620,0.5073708295822144,0.7721534371376038,0.6839473843574524,0.4655336737632751,SAM_SGD_start5,0.62,0.01
625,0.0975865647196769,0.7870623469352722,0.6591947674751282,0.4980755150318146,SAM_SGD_start5,0.625,0.01
630,0.5284458994865417,0.788878321647644,0.69498211145401,0.4808964133262634,SAM_SGD_start5,0.63,0.01
635,0.0908082351088523,0.8037055730819702,0.6693193912506104,0.5137453675270081,SAM_SGD_start5,0.635,0.01
640,0.5508911609649658,0.8055424094200134,0.7058658599853516,0.496278315782547,SAM_SGD_start5,0.64,0.01
645,0.0843630209565162,0.8203062415122986,0.6793023347854614,0.5294355154037476,SAM_SGD_start5,0.645,0.01
650,0.5747355222702026,0.8221632838249207,0.7166134119033813,0.5116919279098511,SAM_SGD_start5,0.65,0.01
655,0.0782316252589225,0.8368856906890869,0.6891559958457947,0.5451581478118896,SAM_SGD_start5,0.655,0.01
660,0.6000385880470276,0.8387521505355835,0.7272340059280396,0.5271453261375427,SAM_SGD_start5,0.66,0.01
665,0.0724033415317535,0.8533921241760254,0.6989218592643738,0.5609576106071472,SAM_SGD_start5,0.665,0.01
670,0.6262151598930359,0.8555000424385071,0.7378750443458557,0.5427865386009216,SAM_SGD_start5,0.67,0.01
675,0.066571444272995,0.8735769391059875,0.7080059051513672,0.57618647813797,SAM_SGD_start5,0.675,0.01
680,0.5207746028900146,0.8786547780036926,0.7562961578369141,0.5601603388786316,SAM_SGD_start5,0.68,0.01
685,0.0673685744404792,0.8961181044578552,0.7181733250617981,0.5869894027709961,SAM_SGD_start5,0.685,0.01
690,0.6305182576179504,0.8788097500801086,0.7534011006355286,0.56367027759552,SAM_SGD_start5,0.69,0.01
695,0.061163667589426,0.8877223134040833,0.7190324664115906,0.594173014163971,SAM_SGD_start5,0.695,0.01
700,0.6579437851905823,0.8954831957817078,0.7637815475463867,0.5793716907501221,SAM_SGD_start5,0.7,0.01
705,0.056240539997816,0.90396648645401,0.728526771068573,0.6101414561271667,SAM_SGD_start5,0.705,0.01
710,0.3461434245109558,0.9418434500694276,0.758345365524292,0.60694420337677,SAM_SGD_start5,0.71,0.01
715,0.1868709325790405,0.9182461500167848,0.7945803999900818,0.58233243227005,SAM_SGD_start5,0.715,0.01
720,0.2451233565807342,0.9375956058502196,0.7526519894599915,0.6078158617019653,SAM_SGD_start5,0.72,0.01
725,0.2650304138660431,0.9146694540977478,0.7886549830436707,0.5830640196800232,SAM_SGD_start5,0.725,0.01
730,0.1679261922836303,0.9334344863891602,0.7471160888671875,0.6086555123329163,SAM_SGD_start5,0.73,0.01
735,0.3570873439311981,0.9112904667854308,0.7829655408859253,0.5838730335235596,SAM_SGD_start5,0.735,0.01
740,0.112402394413948,0.9295806288719176,0.7418843507766724,0.6096950769424438,SAM_SGD_start5,0.74,0.01
745,0.4613802134990692,0.908376932144165,0.7776807546615601,0.5849913954734802,SAM_SGD_start5,0.745,0.01
750,0.0764397084712982,0.9262741804122924,0.7371538877487183,0.6112170815467834,SAM_SGD_start5,0.75,0.01
755,0.5759550333023071,0.9063063859939576,0.7730585336685181,0.586738646030426,SAM_SGD_start5,0.755,0.01
760,0.0578146763145923,0.9236714839935304,0.7332854270935059,0.61366206407547,SAM_SGD_start5,0.76,0.01
765,0.6954625844955444,0.9058244228363036,0.7696845531463623,0.5896735191345215,SAM_SGD_start5,0.765,0.01
770,0.0527196936309337,0.2732651829719543,0.7815402150154114,0.6010492444038391,SAM_SGD_start5,0.77,0.01
775,0.0524282082915306,0.9380792379379272,0.7409683465957642,0.6280884146690369,SAM_SGD_start5,0.775,0.01
780,0.7401487827301025,0.920269250869751,0.7781108617782593,0.6038227677345276,SAM_SGD_start5,0.78,0.01
785,0.0496843159198761,0.9344560503959656,0.8186176419258118,0.5847288370132446,SAM_SGD_start5,0.785,0.01
790,0.68520188331604,0.9583678245544434,0.7756074070930481,0.6109349131584167,SAM_SGD_start5,0.79,0.01
795,0.0699451863765716,0.9334487318992616,0.8130331039428711,0.5871401429176331,SAM_SGD_start5,0.795,0.01
800,0.5177478790283203,0.9548230171203612,0.7700424194335938,0.6128393411636353,SAM_SGD_start5,0.8,0.01
805,0.1112199276685714,0.9303259253501892,0.8070031404495239,0.5884130001068115,SAM_SGD_start5,0.805,0.01
810,0.3807893395423889,0.9506197571754456,0.7642245292663574,0.6139302849769592,SAM_SGD_start5,0.81,0.01
815,0.1708604544401168,0.9266692399978638,0.8008465766906738,0.5891808271408081,SAM_SGD_start5,0.815,0.01
820,0.27112877368927,0.946191430091858,0.7583816647529602,0.6146673560142517,SAM_SGD_start5,0.82,0.01
825,0.2468244433403015,0.922889530658722,0.7947463989257812,0.5897542834281921,SAM_SGD_start5,0.825,0.01
830,0.1863449513912201,0.941798985004425,0.7526638507843018,0.615320086479187,SAM_SGD_start5,0.83,0.01
835,0.337321400642395,0.91924786567688,0.7888451218605042,0.5903540849685669,SAM_SGD_start5,0.835,0.01
840,0.1242242157459259,0.937656819820404,0.7472084760665894,0.6161127090454102,SAM_SGD_start5,0.84,0.01
845,0.4406725168228149,0.915994107723236,0.7832964062690735,0.5911975502967834,SAM_SGD_start5,0.845,0.01
850,0.0826223939657211,0.9339927434921264,0.7421886920928955,0.6173012852668762,SAM_SGD_start5,0.85,0.01
855,0.5550649166107178,0.913457691669464,0.7783200144767761,0.5925672054290771,SAM_SGD_start5,0.855,0.01
860,0.0593414157629013,0.9310320019721984,0.7378955483436584,0.6192652583122253,SAM_SGD_start5,0.86,0.01
865,0.6770744323730469,0.9122201204299928,0.7743455767631531,0.594926655292511,SAM_SGD_start5,0.865,0.01
870,0.0516617931425571,0.9237740635871888,0.7357696890830994,0.6232122182846069,SAM_SGD_start5,0.87,0.01
875,0.7429792284965515,0.9524271488189696,0.7734614610671997,0.6034181714057922,SAM_SGD_start5,0.875,0.01
880,0.0613803900778293,0.9275622963905334,0.8108415603637695,0.580217182636261,SAM_SGD_start5,0.88,0.01
885,0.5659778118133545,0.9495298266410828,0.7682172060012817,0.6060434579849243,SAM_SGD_start5,0.885,0.01
890,0.0947106182575225,0.9250407814979552,0.8050583600997925,0.5819709300994873,SAM_SGD_start5,0.89,0.01
895,0.4211214780807495,0.9456772804260254,0.7625768184661865,0.6075242757797241,SAM_SGD_start5,0.895,0.01
900,0.1470317095518112,0.9216875433921814,0.7990440726280212,0.5830311179161072,SAM_SGD_start5,0.9,0.01
905,0.3041064441204071,0.9414593577384948,0.7568349242210388,0.6085044145584106,SAM_SGD_start5,0.905,0.01
910,0.2161646485328674,0.9180803298950196,0.7930225729942322,0.5837914943695068,SAM_SGD_start5,0.91,0.01
915,0.2123741507530212,0.9371867179870604,0.7511647939682007,0.609306275844574,SAM_SGD_start5,0.915,0.01
920,0.300265371799469,0.9145196676254272,0.7871487736701965,0.5844992995262146,SAM_SGD_start5,0.92,0.01
925,0.143687903881073,0.9330878257751464,0.7457073330879211,0.6101664900779724,SAM_SGD_start5,0.925,0.01
930,0.3976462185382843,0.9112555980682372,0.7815712690353394,0.5853703022003174,SAM_SGD_start5,0.93,0.01
935,0.0959182530641555,0.929385542869568,0.7406206130981445,0.611326277256012,SAM_SGD_start5,0.935,0.01
940,0.5066053867340088,0.908583164215088,0.7764819860458374,0.5866592526435852,SAM_SGD_start5,0.94,0.01
945,0.0669345706701278,0.9263271689414978,0.7361434698104858,0.6131120324134827,SAM_SGD_start5,0.945,0.01
950,0.6247203350067139,0.9069671630859376,0.772209882736206,0.5887505412101746,SAM_SGD_start5,0.95,0.01
955,0.0543509125709533,0.9235362410545348,0.7328150868415833,0.6160882711410522,SAM_SGD_start5,0.955,0.01
960,0.7294763922691345,0.9091842770576476,0.771079957485199,0.5935865640640259,SAM_SGD_start5,0.96,0.01
965,0.1189028695225715,0.927103877067566,0.8043838143348694,0.5860207676887512,SAM_SGD_start5,0.965,0.01
970,0.3611591160297394,0.9472704529762268,0.7618073225021362,0.6115216612815857,SAM_SGD_start5,0.97,0.01
975,0.1806003600358963,0.9234797954559326,0.7982755303382874,0.5868068933486938,SAM_SGD_start5,0.975,0.01
980,0.2561131119728088,0.9429006576538086,0.7560201287269592,0.6122938394546509,SAM_SGD_start5,0.98,0.01
985,0.2582636773586273,0.919772207736969,0.7922441959381104,0.5874311923980713,SAM_SGD_start5,0.985,0.01
990,0.1754356324672699,0.9385979771614076,0.750377357006073,0.613013744354248,SAM_SGD_start5,0.99,0.01
995,0.3501327335834503,0.9162379503250122,0.7864330410957336,0.5881119966506958,SAM_SGD_start5,0.995,0.01
1000,0.1169424057006836,0.9345779418945312,0.7450202703475952,0.6139079928398132,SAM_SGD_start5,1.0,0.01
1005,0.4545369744300842,0.9131344556808472,0.7810029983520508,0.5890733599662781,SAM_SGD_start5,1.005,0.01
1010,0.078501209616661,0.9310747981071472,0.7401341199874878,0.6152461171150208,SAM_SGD_start5,1.01,0.01
1015,0.5695943832397461,0.9108166098594666,0.776193380355835,0.5906173586845398,SAM_SGD_start5,1.015,0.01
1020,0.0578972026705741,0.9282843470573424,0.7360458970069885,0.6174402832984924,SAM_SGD_start5,1.02,0.01
1025,0.6909800171852112,0.9099475741386414,0.7725098729133606,0.5932568907737732,SAM_SGD_start5,1.025,0.01
1030,0.0520704723894596,0.8831718564033508,0.8144006729125977,0.5826689600944519,SAM_SGD_start5,1.03,0.01
1035,0.6131327152252197,0.9537401795387268,0.771571695804596,0.6086201071739197,SAM_SGD_start5,1.035,0.01
1040,0.0837020874023437,0.9290549755096436,0.8086647391319275,0.584621787071228,SAM_SGD_start5,1.04,0.01
1045,0.4591480493545532,0.9499666094779968,0.7659364938735962,0.6102252006530762,SAM_SGD_start5,1.045,0.01
1050,0.1317553371191024,0.9257502555847168,0.8026222586631775,0.5857351422309875,SAM_SGD_start5,1.05,0.01
1055,0.3340238630771637,0.9457248449325562,0.760145366191864,0.6112212538719177,SAM_SGD_start5,1.055,0.01
1060,0.1972500383853912,0.9220939874649048,0.796528160572052,0.5864740014076233,SAM_SGD_start5,1.06,0.01
1065,0.2350187450647354,0.9413641095161438,0.7543888092041016,0.6119727492332458,SAM_SGD_start5,1.065,0.01
1070,0.2782682776451111,0.9184182286262512,0.7905449867248535,0.5871044993400574,SAM_SGD_start5,1.07,0.01
1075,0.1598275750875473,0.9371209740638732,0.7488083243370056,0.6127246022224426,SAM_SGD_start5,1.075,0.01
1080,0.3730872273445129,0.914972960948944,0.7848164439201355,0.5878410339355469,SAM_SGD_start5,1.08,0.01
1085,0.1062892973423004,0.9332126975059508,0.7435508966445923,0.613707423210144,SAM_SGD_start5,1.085,0.01
1090,0.4800271987915039,0.9120289087295532,0.7795152068138123,0.5889188051223755,SAM_SGD_start5,1.09,0.01
1095,0.0722748041152954,0.929880678653717,0.7388228178024292,0.6152129769325256,SAM_SGD_start5,1.095,0.01
1100,0.5970278978347778,0.9099843502044678,0.7749152779579163,0.5906731486320496,SAM_SGD_start5,1.1,0.01
1105,0.0555042214691638,0.927201211452484,0.7350221276283264,0.6177122592926025,SAM_SGD_start5,1.105,0.01
1110,0.7168041467666626,0.9097127914428712,0.7717304825782776,0.5937302112579346,SAM_SGD_start5,1.11,0.01
1115,0.0525037869811058,0.9258503913879396,0.8126653432846069,0.5768751502037048,SAM_SGD_start5,1.115,0.01
1120,0.6588535904884338,0.949490249156952,0.7701760530471802,0.6030383110046387,SAM_SGD_start5,1.12,0.01
1125,0.0736630409955978,0.9248276352882384,0.8072208166122437,0.5794199705123901,SAM_SGD_start5,1.125,0.01
1130,0.497480571269989,0.9461233019828796,0.7647453546524048,0.6050933599472046,SAM_SGD_start5,1.13,0.01
1135,0.1153224557638168,0.921883463859558,0.8013365864753723,0.5808508992195129,SAM_SGD_start5,1.135,0.01
1140,0.3657394647598266,0.9421106576919556,0.7590665221214294,0.606349527835846,SAM_SGD_start5,1.14,0.01
1145,0.1749066114425659,0.9184200763702391,0.7953304052352905,0.581786036491394,SAM_SGD_start5,1.145,0.01
1150,0.2605389356613159,0.9378825426101683,0.7533680200576782,0.6072611212730408,SAM_SGD_start5,1.15,0.01
1155,0.2504175305366516,0.9148457646369934,0.7893874645233154,0.582535982131958,SAM_SGD_start5,1.155,0.01
1160,0.1795159131288528,0.9337023496627808,0.7478030323982239,0.6081002950668335,SAM_SGD_start5,1.16,0.01
1165,0.3401033878326416,0.9114264845848083,0.7836549878120422,0.5833263993263245,SAM_SGD_start5,1.165,0.01
1170,0.1204989701509475,0.9297906160354614,0.7425151467323303,0.6090981960296631,SAM_SGD_start5,1.17,0.01
1175,0.4423038959503174,0.9084224104881288,0.7782946228981018,0.5843827724456787,SAM_SGD_start5,1.175,0.01
1180,0.0813838690519332,0.9263836741447448,0.7376883625984192,0.6105230450630188,SAM_SGD_start5,1.18,0.01
1185,0.5551707148551941,0.9061832427978516,0.7735419869422913,0.5860029458999634,SAM_SGD_start5,1.185,0.01
1190,0.0599873475730419,0.9236937165260316,0.7336392998695374,0.6127769947052002,SAM_SGD_start5,1.19,0.01
1195,0.674785852432251,0.9053424000740052,0.7698749303817749,0.588682234287262,SAM_SGD_start5,1.195,0.01
1200,0.0534466616809368,0.9136092066764832,0.7340843677520752,0.6195953488349915,SAM_SGD_start5,1.2,0.01
1205,0.7715286016464233,0.9525931477546692,0.7740927934646606,0.6027689576148987,SAM_SGD_start5,1.205,0.01
1210,0.0583520233631134,0.9276741743087769,0.8115661144256592,0.5797812938690186,SAM_SGD_start5,1.21,0.01
1215,0.5889794230461121,0.9499269723892212,0.7689438462257385,0.6056734919548035,SAM_SGD_start5,1.215,0.01
1220,0.0887474715709686,0.9253799319267272,0.805845320224762,0.5816895961761475,SAM_SGD_start5,1.22,0.01
1225,0.4399340748786926,0.946165919303894,0.7633391618728638,0.607266902923584,SAM_SGD_start5,1.225,0.01
1230,0.1384897530078888,0.9221000075340272,0.7998493313789368,0.5828209519386292,SAM_SGD_start5,1.23,0.01
1235,0.3191472887992859,0.9419803023338318,0.7576011419296265,0.6082974076271057,SAM_SGD_start5,1.235,0.01
1240,0.2053268849849701,0.9185103178024292,0.793820321559906,0.5836094617843628,SAM_SGD_start5,1.24,0.01
1245,0.2239745557308197,0.9377028942108154,0.7519136667251587,0.6091115474700928,SAM_SGD_start5,1.245,0.01
1250,0.2873766124248504,0.914929986000061,0.7879185080528259,0.5843135714530945,SAM_SGD_start5,1.25,0.01
1255,0.1521515399217605,0.9335682988166808,0.7464186549186707,0.6099516153335571,SAM_SGD_start5,1.255,0.01
1260,0.38294517993927,0.9116098284721376,0.7822901606559753,0.5851494669914246,SAM_SGD_start5,1.26,0.01
1265,0.1015402153134346,0.9297970533370972,0.7412688732147217,0.6110538840293884,SAM_SGD_start5,1.265,0.01
1270,0.4903450012207031,0.9088329672813416,0.7771176695823669,0.586361825466156,SAM_SGD_start5,1.27,0.01
1275,0.0700206384062767,0.926635205745697,0.7366856932640076,0.6127263307571411,SAM_SGD_start5,1.275,0.01
1280,0.6073733568191528,0.9070274829864502,0.7726998329162598,0.5883084535598755,SAM_SGD_start5,1.28,0.01
1285,0.0552774295210838,0.9240200519561768,0.7331230044364929,0.6154797673225403,SAM_SGD_start5,1.285,0.01
1290,0.7230163812637329,0.9073428511619568,0.7700204849243164,0.5917656421661377,SAM_SGD_start5,1.29,0.01
1295,0.0507373660802841,0.928321361541748,0.7375497817993164,0.6262566447257996,SAM_SGD_start5,1.295,0.01
1300,0.7487256526947021,0.95594584941864,0.7755118608474731,0.6067079305648804,SAM_SGD_start5,1.3,0.01
1305,0.0606959648430347,0.9309877753257751,0.813026487827301,0.5834009647369385,SAM_SGD_start5,1.305,0.01
1310,0.5702028274536133,0.95293790102005,0.7701961994171143,0.6092265248298645,SAM_SGD_start5,1.31,0.01
1315,0.0944035127758979,0.9283589720726012,0.807174026966095,0.5850638151168823,SAM_SGD_start5,1.315,0.01
1320,0.4240131080150604,0.94899320602417,0.7644942998886108,0.6106210350990295,SAM_SGD_start5,1.32,0.01
1325,0.1472135186195373,0.924916446208954,0.8010972738265991,0.5860446691513062,SAM_SGD_start5,1.325,0.01
1330,0.3058916926383972,0.9446911215782166,0.7586953639984131,0.6115233302116394,SAM_SGD_start5,1.33,0.01
1335,0.2169397324323654,0.9212263822555542,0.7950162887573242,0.58673095703125,SAM_SGD_start5,1.335,0.01
1340,0.2132718563079834,0.9403374791145324,0.7529698610305786,0.6122509241104126,SAM_SGD_start5,1.34,0.01
1345,0.3017337322235107,0.9175847172737122,0.7890834212303162,0.58736652135849,SAM_SGD_start5,1.345,0.01
1350,0.1438986957073211,0.9361577033996582,0.7474562525749207,0.6130374670028687,SAM_SGD_start5,1.35,0.01
1355,0.3998978734016418,0.9142382740974426,0.7834451198577881,0.5881646871566772,SAM_SGD_start5,1.355,0.01
1360,0.0956336706876754,0.9323723912239076,0.7423108220100403,0.6141214370727539,SAM_SGD_start5,1.36,0.01
1365,0.5097240805625916,0.9114787578582764,0.7782911062240601,0.5893774032592773,SAM_SGD_start5,1.365,0.01
1370,0.0663312077522277,0.9292266368865968,0.7377693057060242,0.6158261895179749,SAM_SGD_start5,1.37,0.01
1375,0.6288001537322998,0.9097661972045898,0.7739462852478027,0.5913859009742737,SAM_SGD_start5,1.375,0.01
1380,0.0535984374582767,0.9263623356819152,0.7343630194664001,0.6187116503715515,SAM_SGD_start5,1.38,0.01
1385,0.7349772453308105,0.9117818474769592,0.7726595401763916,0.5960609912872314,SAM_SGD_start5,1.385,0.01
1390,0.0563754141330719,0.9310936331748962,0.8140560388565063,0.5827165246009827,SAM_SGD_start5,1.39,0.01
1395,0.6042279601097107,0.95346999168396,0.7712321877479553,0.6086398363113403,SAM_SGD_start5,1.395,0.01
1400,0.0857471078634262,0.9288081526756288,0.8082967400550842,0.58460932970047,SAM_SGD_start5,1.4,0.01
1405,0.4518711268901825,0.949662148952484,0.7655842304229736,0.6102023124694824,SAM_SGD_start5,1.405,0.01
1410,0.1347469389438629,0.92547607421875,0.8022483587265015,0.5856967568397522,SAM_SGD_start5,1.41,0.01
1415,0.3281987309455871,0.945409655570984,0.7597925662994385,0.6111806035041809,SAM_SGD_start5,1.415,0.01
1420,0.2010768502950668,0.9218141436576844,0.7961580753326416,0.586426317691803,SAM_SGD_start5,1.42,0.01
1425,0.2305124402046203,0.941051721572876,0.7540432810783386,0.6119285821914673,SAM_SGD_start5,1.425,0.01
1430,0.2828356921672821,0.9181468486785888,0.7901862263679504,0.5870591998100281,SAM_SGD_start5,1.43,0.01
1435,0.1565185487270355,0.9368228316307068,0.7484772801399231,0.6126887202262878,SAM_SGD_start5,1.435,0.01
1440,0.3783062398433685,0.9147226214408876,0.7844768166542053,0.5878092646598816,SAM_SGD_start5,1.44,0.01
1445,0.1040636152029037,0.9329406023025512,0.7432431578636169,0.613692581653595,SAM_SGD_start5,1.445,0.01
1450,0.4858044683933258,0.9118160605430604,0.7792056202888489,0.5889146327972412,SAM_SGD_start5,1.45,0.01
1455,0.0710139423608779,0.9296477437019348,0.7385522723197937,0.6152380704879761,SAM_SGD_start5,1.455,0.01
1460,0.6032140254974365,0.909836769104004,0.7746557593345642,0.5907192230224609,SAM_SGD_start5,1.46,0.01
1465,0.0550735145807266,0.9269716143608092,0.73482346534729,0.6178112030029297,SAM_SGD_start5,1.465,0.01
1470,0.721991240978241,0.9097443222999572,0.7716270685195923,0.5938941836357117,SAM_SGD_start5,1.47,0.01
1475,0.0524122454226017,0.9280782341957092,0.8138084411621094,0.5789899826049805,SAM_SGD_start5,1.475,0.01
1480,0.6544684171676636,0.951476514339447,0.7711849212646484,0.6051158905029297,SAM_SGD_start5,1.48,0.01
1485,0.0746937617659568,0.9267730712890624,0.8082895874977112,0.5814023017883301,SAM_SGD_start5,1.485,0.01
1490,0.4935530126094818,0.9480084776878356,0.7656970024108887,0.6070653200149536,SAM_SGD_start5,1.49,0.01
1495,0.1174087226390838,0.9237351417541504,0.8023553490638733,0.5827523469924927,SAM_SGD_start5,1.495,0.01
1500,0.3622334003448486,0.9439265131950378,0.7599776387214661,0.6082503199577332,SAM_SGD_start5,1.5,0.01
1505,0.1780228465795517,0.9202088713645936,0.7963114976882935,0.5836279988288879,SAM_SGD_start5,1.505,0.01
1510,0.2574830055236816,0.9396454095840454,0.7542476058006287,0.6091079115867615,SAM_SGD_start5,1.51,0.01
1515,0.2545514106750488,0.9165862202644348,0.7903383374214172,0.5843310356140137,SAM_SGD_start5,1.515,0.01
1520,0.1769444644451141,0.9354228973388672,0.7486573457717896,0.6099042296409607,SAM_SGD_start5,1.52,0.01
1525,0.3452382981777191,0.9131292104721068,0.7845815420150757,0.5850837230682373,SAM_SGD_start5,1.525,0.01
1530,0.1184443831443786,0.931477665901184,0.7433497309684753,0.6108687520027161,SAM_SGD_start5,1.53,0.01
1535,0.4484238922595978,0.9100977778434752,0.7792029976844788,0.5861117243766785,SAM_SGD_start5,1.535,0.01
1540,0.0798671469092369,0.9280454516410828,0.7385103106498718,0.6122713088989258,SAM_SGD_start5,1.54,0.01
1545,0.5622339248657227,0.9078456163406372,0.7744417786598206,0.5877161026000977,SAM_SGD_start5,1.545,0.01
1550,0.0590160936117172,0.925329327583313,0.7344633340835571,0.6145210862159729,SAM_SGD_start5,1.55,0.01
1555,0.6825121641159058,0.9070255756378174,0.7707934975624084,0.59040367603302,SAM_SGD_start5,1.555,0.01
1560,0.0529213361442089,0.414026141166687,0.7636459469795227,0.6117726564407349,SAM_SGD_start5,1.56,0.01
1565,0.1627452969551086,0.9249709844589232,0.8002128601074219,0.587105929851532,SAM_SGD_start5,1.565,0.01
1570,0.2816273868083954,0.944571852684021,0.7578349113464355,0.6125863790512085,SAM_SGD_start5,1.57,0.01
1575,0.2364715635776519,0.9212453961372375,0.7941375970840454,0.5877386331558228,SAM_SGD_start5,1.575,0.01
1580,0.1946017295122146,0.9402172565460204,0.7521321177482605,0.6132862567901611,SAM_SGD_start5,1.58,0.01
1585,0.324869155883789,0.9176289439201356,0.7882448434829712,0.5883726477622986,SAM_SGD_start5,1.585,0.01
1590,0.1303577721118927,0.9360884428024292,0.746675431728363,0.6140996813774109,SAM_SGD_start5,1.59,0.01
1595,0.4262614846229553,0.9143701791763306,0.7826858162879944,0.5892236828804016,SAM_SGD_start5,1.595,0.01
1600,0.0867591351270675,0.9324107766151428,0.7416322827339172,0.615276575088501,SAM_SGD_start5,1.6,0.01
1605,0.5388764142990112,0.91178560256958,0.77767014503479,0.5905638933181763,SAM_SGD_start5,1.605,0.01
1610,0.0616343654692173,0.9294220805168152,0.7372742891311646,0.6171771287918091,SAM_SGD_start5,1.61,0.01
1615,0.6597244739532471,0.9104125499725342,0.7735881209373474,0.5928280353546143,SAM_SGD_start5,1.615,0.01
1620,0.052408181130886,0.9250161647796632,0.7344563603401184,0.6205465793609619,SAM_SGD_start5,1.62,0.01
1625,0.7461603879928589,0.9164901971817015,0.7754909992218018,0.6005775928497314,SAM_SGD_start5,1.625,0.01
1630,0.0531495958566665,0.9305452704429626,0.8147644996643066,0.5815240144729614,SAM_SGD_start5,1.63,0.01
1635,0.6391550898551941,0.9535025358200072,0.7719878554344177,0.6075708270072937,SAM_SGD_start5,1.635,0.01
1640,0.0779809206724166,0.9287760853767396,0.8091293573379517,0.5837066769599915,SAM_SGD_start5,1.64,0.01
1645,0.480608582496643,0.9498730301856996,0.7664163708686829,0.6093443036079407,SAM_SGD_start5,1.645,0.01
1650,0.1230010539293289,0.9255934357643129,0.8031283020973206,0.5849303603172302,SAM_SGD_start5,1.65,0.01
1655,0.3514146208763122,0.9456957578659058,0.7606476545333862,0.6104239821434021,SAM_SGD_start5,1.655,0.01
1660,0.1857674121856689,0.9219847321510316,0.7970434427261353,0.5857242941856384,SAM_SGD_start5,1.66,0.01
1665,0.2486742734909057,0.9413543343544006,0.7548878788948059,0.6112127304077148,SAM_SGD_start5,1.665,0.01
1670,0.2643209993839264,0.9183127284049988,0.7910462617874146,0.5863732099533081,SAM_SGD_start5,1.67,0.01
1675,0.170052170753479,0.9370960593223572,0.7492826581001282,0.6119657754898071,SAM_SGD_start5,1.675,0.01
1680,0.3569192588329315,0.914832353591919,0.7852804660797119,0.5870944857597351,SAM_SGD_start5,1.68,0.01
1685,0.1133755967020988,0.9331377148628236,0.7439755797386169,0.6129117608070374,SAM_SGD_start5,1.685,0.01
1690,0.4618913233280182,0.9118065237998962,0.7799113988876343,0.5881164073944092,SAM_SGD_start5,1.69,0.01
1695,0.0765216201543808,0.9297168850898744,0.7391590476036072,0.614327609539032,SAM_SGD_start5,1.695,0.01
1700,0.5773036479949951,0.9096038937568665,0.7751896977424622,0.5897519588470459,SAM_SGD_start5,1.7,0.01
1705,0.0572589635848999,0.9270026087760924,0.7351818084716797,0.6166443824768066,SAM_SGD_start5,1.705,0.01
1710,0.6981474757194519,0.9089417457580566,0.7716730833053589,0.5925444960594177,SAM_SGD_start5,1.71,0.01
1715,0.0520884916186332,0.9164726138114928,0.8138576745986938,0.5764920711517334,SAM_SGD_start5,1.715,0.01
1720,0.6941535472869873,0.9503753781318665,0.7713769674301147,0.6028363704681396,SAM_SGD_start5,1.72,0.01
1725,0.0678638741374015,0.925636112689972,0.8085460662841797,0.5793917775154114,SAM_SGD_start5,1.725,0.01
1730,0.5263587832450867,0.9472035765647888,0.7660266160964966,0.6051247715950012,SAM_SGD_start5,1.73,0.01
1735,0.1058737933635711,0.9228622317314148,0.802707314491272,0.5809611678123474,SAM_SGD_start5,1.735,0.01
1740,0.3890933692455292,0.9432625770568848,0.7603670358657837,0.6064797639846802,SAM_SGD_start5,1.74,0.01
1745,0.1622489094734192,0.9194491505622864,0.796701192855835,0.5819540619850159,SAM_SGD_start5,1.745,0.01
1750,0.2788944542407989,0.9390434622764589,0.7546531558036804,0.6074250936508179,SAM_SGD_start5,1.75,0.01
1755,0.2349211871623993,0.9158645868301392,0.7907279133796692,0.5827127695083618,SAM_SGD_start5,1.755,0.01
1760,0.1933265328407287,0.9348278641700744,0.7490458488464355,0.6082519888877869,SAM_SGD_start5,1.76,0.01
1765,0.3221003413200378,0.912387490272522,0.7849372625350952,0.5834710001945496,SAM_SGD_start5,1.765,0.01
1770,0.1301935315132141,0.9308388829231262,0.7436864972114563,0.6091929078102112,SAM_SGD_start5,1.77,0.01
1775,0.4221235513687134,0.9092721939086914,0.7794840931892395,0.5844488143920898,SAM_SGD_start5,1.775,0.01
1780,0.0873850360512733,0.9273059964179992,0.7387465834617615,0.6105024218559265,SAM_SGD_start5,1.78,0.01
1785,0.5332217216491699,0.9068413972854614,0.7745829224586487,0.5859230160713196,SAM_SGD_start5,1.785,0.01
1790,0.0627499967813491,0.9244690537452698,0.7345036864280701,0.6125461459159851,SAM_SGD_start5,1.79,0.01
1795,0.6523544788360596,0.905641496181488,0.7706327438354492,0.5883342027664185,SAM_SGD_start5,1.795,0.01
1800,0.0537174865603446,0.9201040267944336,0.7318459153175354,0.6160903573036194,SAM_SGD_start5,1.8,0.01
1805,0.7366087436676025,0.9121384024620056,0.7728555202484131,0.5964232087135315,SAM_SGD_start5,1.805,0.01
1810,0.0545704737305641,0.9279664158821106,0.8128164410591125,0.5793091654777527,SAM_SGD_start5,1.81,0.01
1815,0.6255549192428589,0.9507670998573304,0.7701916694641113,0.605322003364563,SAM_SGD_start5,1.815,0.01
1820,0.0804087296128273,0.9261301159858704,0.8072026968002319,0.581483781337738,SAM_SGD_start5,1.82,0.01
1825,0.4698687791824341,0.9471617937088012,0.7646483778953552,0.6071057915687561,SAM_SGD_start5,1.825,0.01
1830,0.1261846423149109,0.9229773879051208,0.8012385964393616,0.5827329158782959,SAM_SGD_start5,1.83,0.01
1835,0.3431598842144012,0.9430304169654846,0.7589187026023865,0.6082192063331604,SAM_SGD_start5,1.835,0.01
1840,0.1895050704479217,0.919419288635254,0.7951993346214294,0.5835676789283752,SAM_SGD_start5,1.84,0.01
1845,0.242595762014389,0.9387482404708862,0.7532055377960205,0.6090551614761353,SAM_SGD_start5,1.845,0.01
1850,0.268431544303894,0.9158120155334472,0.7892553806304932,0.5842686891555786,SAM_SGD_start5,1.85,0.01
1855,0.1658655703067779,0.934561252593994,0.7476547956466675,0.6098675727844238,SAM_SGD_start5,1.855,0.01
1860,0.3612384796142578,0.9124107360839844,0.7835521101951599,0.5850545763969421,SAM_SGD_start5,1.86,0.01
1865,0.1108125895261764,0.9306882619857788,0.7424127459526062,0.6108879446983337,SAM_SGD_start5,1.865,0.01
1870,0.466255784034729,0.9094839692115784,0.7782590985298157,0.5861576795578003,SAM_SGD_start5,1.87,0.01
1875,0.0753238275647163,0.9273698329925536,0.7376787066459656,0.6124004125595093,SAM_SGD_start5,1.875,0.01
1880,0.5815095901489258,0.90741366147995,0.7736377716064453,0.5879014134407043,SAM_SGD_start5,1.88,0.01
1885,0.0571597516536712,0.924746036529541,0.7338219881057739,0.6148532032966614,SAM_SGD_start5,1.885,0.01
1890,0.7012615203857422,0.90697181224823,0.7702997922897339,0.5908583402633667,SAM_SGD_start5,1.89,0.01
1895,0.0517635382711887,0.9234341382980348,0.7355645895004272,0.6228574514389038,SAM_SGD_start5,1.895,0.01
1900,0.7419915795326233,0.9521180391311646,0.773271918296814,0.6031433939933777,SAM_SGD_start5,1.9,0.01
1905,0.0614979639649391,0.9272621870040894,0.8106386661529541,0.5799481868743896,SAM_SGD_start5,1.905,0.01
1910,0.5652137994766235,0.9492266774177552,0.7680322527885437,0.605773389339447,SAM_SGD_start5,1.91,0.01
1915,0.0948466360569,0.9247463345527648,0.8048604726791382,0.5817071199417114,SAM_SGD_start5,1.915,0.01
1920,0.420547604560852,0.9453805088996888,0.7623966336250305,0.6072596907615662,SAM_SGD_start5,1.92,0.01
1925,0.1471696645021438,0.9213996529579164,0.7988513112068176,0.5827729105949402,SAM_SGD_start5,1.925,0.01
1930,0.3036917746067047,0.9411693811416626,0.7566595077514648,0.608245849609375,SAM_SGD_start5,1.93,0.01
1935,0.216292142868042,0.9177992343902588,0.7928351163864136,0.5835393667221069,SAM_SGD_start5,1.935,0.01
1940,0.2120975852012634,0.936903953552246,0.7509946227073669,0.609053909778595,SAM_SGD_start5,1.94,0.01
1945,0.300367146730423,0.914246141910553,0.7869670391082764,0.5842534303665161,SAM_SGD_start5,1.945,0.01
1950,0.1435252726078033,0.932812750339508,0.7455427646636963,0.6099209189414978,SAM_SGD_start5,1.95,0.01
1955,0.3977136313915252,0.9109901785850524,0.781395673751831,0.5851315259933472,SAM_SGD_start5,1.955,0.01
1960,0.0958481878042221,0.9291189908981324,0.7404622435569763,0.6110883355140686,SAM_SGD_start5,1.96,0.01
1965,0.5066260099411011,0.9083271622657776,0.7763134837150574,0.5864285230636597,SAM_SGD_start5,1.965,0.01
1970,0.0669360682368278,0.9260697960853576,0.7359927296638489,0.6128833293914795,SAM_SGD_start5,1.97,0.01
1975,0.624671459197998,0.9067233204841614,0.772050678730011,0.5885298252105713,SAM_SGD_start5,1.975,0.01
1980,0.0544026419520378,0.9232800602912904,0.7326757311820984,0.6158717274665833,SAM_SGD_start5,1.98,0.01
1985,0.7289222478866577,0.909052848815918,0.7710065245628357,0.593454122543335,SAM_SGD_start5,1.985,0.01
1990,0.2371555417776107,0.9246417880058287,0.7962990999221802,0.5908981561660767,SAM_SGD_start5,1.99,0.01
1995,0.1957321017980575,0.9436215162277222,0.7540890574455261,0.6164507269859314,SAM_SGD_start5,1.995,0.01
2000,0.3262714147567749,0.9209374189376832,0.7903417944908142,0.5914541482925415,SAM_SGD_start5,2.0,0.01
2005,0.1306964755058288,0.9394041299819946,0.7485706210136414,0.6171836256980896,SAM_SGD_start5,2.005,0.01
2010,0.4284785687923431,0.9175874590873718,0.784715473651886,0.5922247171401978,SAM_SGD_start5,2.01,0.01
2015,0.0865192115306854,0.9356339573860168,0.7434614896774292,0.6182758212089539,SAM_SGD_start5,2.015,0.01
2020,0.5420140027999878,0.9149038195610046,0.7796260118484497,0.5934789180755615,SAM_SGD_start5,2.02,0.01
2025,0.0610132366418838,0.9325478672981262,0.7390285730361938,0.6200832724571228,SAM_SGD_start5,2.025,0.01
2030,0.6639207601547241,0.9134164452552797,0.7754572629928589,0.595646321773529,SAM_SGD_start5,2.03,0.01
2035,0.0516054593026638,0.9281701445579528,0.7360970973968506,0.6233326196670532,SAM_SGD_start5,2.035,0.01
2040,0.7507498264312744,0.9194153547286988,0.7773030996322632,0.6033239364624023,SAM_SGD_start5,2.04,0.01
2045,0.0527548044919967,0.9356608986854552,0.8177317976951599,0.5864235162734985,SAM_SGD_start5,2.045,0.01
2050,0.6370238661766052,0.9584017395973206,0.7746437788009644,0.6124305725097656,SAM_SGD_start5,2.05,0.01
2055,0.0792346969246864,0.9335617423057556,0.8119595050811768,0.5883885622024536,SAM_SGD_start5,2.055,0.01
2060,0.4780360758304596,0.954586923122406,0.7689608335494995,0.6140180230140686,SAM_SGD_start5,2.06,0.01
2065,0.1259135007858276,0.9302060008049012,0.8058546185493469,0.5894590616226196,SAM_SGD_start5,2.065,0.01
2070,0.3485479354858398,0.95026695728302,0.7631033658981323,0.6149570345878601,SAM_SGD_start5,2.07,0.01
2075,0.1903881132602691,0.926462948322296,0.7996826171875,0.5901287198066711,SAM_SGD_start5,2.075,0.01
2080,0.2457120567560196,0.9458045363426208,0.7572669386863708,0.6156280040740967,SAM_SGD_start5,2.08,0.01
2085,0.2707018256187439,0.9226762652397156,0.7936080098152161,0.5906698107719421,SAM_SGD_start5,2.085,0.01
2090,0.167186290025711,0.9414389729499816,0.7515926361083984,0.6162776350975037,SAM_SGD_start5,2.09,0.01
2095,0.3651049137115478,0.9190937876701356,0.7877714037895203,0.5912948846817017,SAM_SGD_start5,2.095,0.01
2100,0.1107798218727111,0.9373829364776612,0.7462221384048462,0.617131233215332,SAM_SGD_start5,2.1,0.01
2105,0.4719198346138,0.9159764647483826,0.7823372483253479,0.5922308564186096,SAM_SGD_start5,2.105,0.01
2110,0.0743494182825088,0.9338723421096802,0.7413488030433655,0.6184665560722351,SAM_SGD_start5,2.11,0.01
2115,0.5891728401184082,0.9136969447135924,0.7775593996047974,0.5937936305999756,SAM_SGD_start5,2.115,0.01
2120,0.0556349791586399,0.93105548620224,0.7373299598693848,0.6207225322723389,SAM_SGD_start5,2.12,0.01
2125,0.7113734483718872,0.9130023717880248,0.7740249037742615,0.5965431332588196,SAM_SGD_start5,2.125,0.01
2130,0.0503589250147342,0.9258512854576112,0.739096462726593,0.6287673115730286,SAM_SGD_start5,2.13,0.01
2135,0.1463218182325363,0.9538006782531738,0.7574951648712158,0.6295083165168762,SAM_SGD_start5,2.135,0.01
2140,0.4117252230644226,0.9313774704933168,0.7942060232162476,0.6042007803916931,SAM_SGD_start5,2.14,0.01
2145,0.0948437452316284,0.9495423436164856,0.7520170211791992,0.6301589012145996,SAM_SGD_start5,2.145,0.01
2150,0.526401698589325,0.9281194806098938,0.7886836528778076,0.604975700378418,SAM_SGD_start5,2.15,0.01
2155,0.063384011387825,0.9458970427513124,0.7471067905426025,0.6313955187797546,SAM_SGD_start5,2.155,0.01
2160,0.6509343981742859,0.9258463978767396,0.7839187979698181,0.6065024733543396,SAM_SGD_start5,2.16,0.01
2165,0.0495136231184005,0.9426358938217164,0.7432435750961304,0.6337460279464722,SAM_SGD_start5,2.165,0.01
2170,0.7670483589172363,0.9264310598373412,0.7815189361572266,0.6100460290908813,SAM_SGD_start5,2.17,0.01
2175,0.0505430586636066,0.939501404762268,0.8206668496131897,0.5897019505500793,SAM_SGD_start5,2.175,0.01
2180,0.659258246421814,0.9624987244606018,0.7773534655570984,0.6157639026641846,SAM_SGD_start5,2.18,0.01
2185,0.0753121227025985,0.9375230073928832,0.8148675560951233,0.5916894674301147,SAM_SGD_start5,2.185,0.01
2190,0.4956771731376648,0.9586549401283264,0.7716320753097534,0.6173438429832458,SAM_SGD_start5,2.19,0.01
2195,0.1206774935126304,0.9341294765472412,0.8087105751037598,0.5927274227142334,SAM_SGD_start5,2.195,0.01
2200,0.3621843457221985,0.9542699456214904,0.7657183408737183,0.6182370185852051,SAM_SGD_start5,2.2,0.01
2205,0.1841621845960617,0.9303138256072998,0.8024719953536987,0.5933393836021423,SAM_SGD_start5,2.205,0.01
2210,0.2558326423168182,0.9497214555740356,0.7598134875297546,0.6188400983810425,SAM_SGD_start5,2.21,0.01
2215,0.2637715339660644,0.9264321327209472,0.7963187098503113,0.5938044190406799,SAM_SGD_start5,2.215,0.01
2220,0.1742373406887054,0.9452506303787231,0.7540585398674011,0.6194024682044983,SAM_SGD_start5,2.22,0.01
2225,0.3577310144901275,0.9227321743965148,0.7903892397880554,0.5943341255187988,SAM_SGD_start5,2.225,0.01
2230,0.1151811257004737,0.941067397594452,0.748590886592865,0.6201454401016235,SAM_SGD_start5,2.23,0.01
2235,0.4643585979938507,0.9194664359092712,0.7848410606384277,0.5951484441757202,SAM_SGD_start5,2.235,0.01
2240,0.0765062570571899,0.937402069568634,0.7435932755470276,0.6213351488113403,SAM_SGD_start5,2.24,0.01
2245,0.5817493200302124,0.9169864654541016,0.7799115180969238,0.596547544002533,SAM_SGD_start5,2.245,0.01
2250,0.0559648722410202,0.9344423413276672,0.7393922805786133,0.6233841776847839,SAM_SGD_start5,2.25,0.01
2255,0.7054299116134644,0.9159611463546752,0.7761113047599792,0.5990477800369263,SAM_SGD_start5,2.255,0.01
2260,0.0503772273659706,0.9226714372634888,0.8173111081123352,0.5809548497200012,SAM_SGD_start5,2.26,0.01
2265,0.7111782431602478,0.9554831385612488,0.7745326161384583,0.6073389053344727,SAM_SGD_start5,2.265,0.01
2270,0.0656082853674888,0.9305941462516784,0.8119247555732727,0.5838030576705933,SAM_SGD_start5,2.27,0.01
2275,0.5395618677139282,0.9522202014923096,0.7691093683242798,0.6095542907714844,SAM_SGD_start5,2.275,0.01
2280,0.1032111197710037,0.9277286529541016,0.8060051202774048,0.5852892398834229,SAM_SGD_start5,2.28,0.01
2285,0.3990382254123688,0.948174238204956,0.7633715867996216,0.610819935798645,SAM_SGD_start5,2.285,0.01
2290,0.1594536304473877,0.9242082238197328,0.7999135851860046,0.5861898064613342,SAM_SGD_start5,2.29,0.01
2295,0.286040186882019,0.9438424706459044,0.7575753331184387,0.6116679906845093,SAM_SGD_start5,2.295,0.01
2300,0.2322351187467575,0.920507550239563,0.7938502430915833,0.5868493318557739,SAM_SGD_start5,2.3,0.01
2305,0.1980925053358078,0.939505934715271,0.7518802285194397,0.6123896837234497,SAM_SGD_start5,2.305,0.01
2310,0.319745272397995,0.9169038534164428,0.7879625558853149,0.5874994993209839,SAM_SGD_start5,2.31,0.01
2315,0.1329734921455383,0.9353846907615662,0.7464245557785034,0.6132138967514038,SAM_SGD_start5,2.315,0.01
2320,0.4203037917613983,0.9136454463005066,0.7824009656906128,0.5883558988571167,SAM_SGD_start5,2.32,0.01
2325,0.0885489955544471,0.931703805923462,0.7413735389709473,0.6143884658813477,SAM_SGD_start5,2.325,0.01
2330,0.5321598052978516,0.9110441207885742,0.7773712277412415,0.5896867513656616,SAM_SGD_start5,2.33,0.01
2335,0.0626575499773025,0.9287040829658508,0.7369915246963501,0.6162661910057068,SAM_SGD_start5,2.335,0.01
2340,0.6524657011032104,0.909620761871338,0.7732494473457336,0.5919156670570374,SAM_SGD_start5,2.34,0.01
2345,0.0527710616588592,0.9248871207237244,0.7340303659439087,0.6195310354232788,SAM_SGD_start5,2.345,0.01
2350,0.7665106058120728,0.9534556269645692,0.7744747400283813,0.6037575006484985,SAM_SGD_start5,2.35,0.01
2355,0.05880718678236,0.9285258054733276,0.811960756778717,0.5806904435157776,SAM_SGD_start5,2.355,0.01
2360,0.5848798155784607,0.9507052898406982,0.7692850828170776,0.6065665483474731,SAM_SGD_start5,2.36,0.01
2365,0.0899573788046836,0.9261482954025269,0.8062072992324829,0.5825389623641968,SAM_SGD_start5,2.365,0.01
2370,0.4364352822303772,0.9468991756439208,0.7636560797691345,0.6081115007400513,SAM_SGD_start5,2.37,0.01
2375,0.140401691198349,0.9228278994560242,0.8001908659934998,0.5836333632469177,SAM_SGD_start5,2.375,0.01
2380,0.3162110149860382,0.9426842331886292,0.7579022645950317,0.6091102957725525,SAM_SGD_start5,2.38,0.01
2385,0.2079037576913833,0.919212520122528,0.7941480278968811,0.584396243095398,SAM_SGD_start5,2.385,0.01
2390,0.2215815484523773,0.938386857509613,0.7522042989730835,0.6099023818969727,SAM_SGD_start5,2.39,0.01
2395,0.2905894219875335,0.915615737438202,0.7882371544837952,0.585082471370697,SAM_SGD_start5,2.395,0.01
2400,0.1502873450517654,0.9342392683029176,0.7467032670974731,0.6107277870178223,SAM_SGD_start5,2.4,0.01
2405,0.3867606222629547,0.9122868180274964,0.7826046347618103,0.5859073400497437,SAM_SGD_start5,2.405,0.01
2410,0.1001857668161392,0.9304620623588562,0.7415524125099182,0.6118232607841492,SAM_SGD_start5,2.41,0.01
2415,0.4947333037853241,0.9095106720924376,0.7774339318275452,0.5871171951293945,SAM_SGD_start5,2.415,0.01
2420,0.0691528767347335,0.9273012280464172,0.7369762063026428,0.6134999990463257,SAM_SGD_start5,2.42,0.01
2425,0.6122525334358215,0.9077220559120178,0.7730295062065125,0.5890742540359497,SAM_SGD_start5,2.425,0.01
2430,0.0548572801053524,0.9246447682380676,0.7334429025650024,0.6162782907485962,SAM_SGD_start5,2.43,0.01
2435,0.7268001437187195,0.9081971645355223,0.7704933881759644,0.5926311016082764,SAM_SGD_start5,2.435,0.01
2440,0.5359965562820435,0.9207499027252196,0.7836143970489502,0.59858638048172,SAM_SGD_start5,2.44,0.01
2445,0.0617191717028617,0.9384538531303406,0.7425819039344788,0.6251081228256226,SAM_SGD_start5,2.445,0.01
2450,0.65921950340271,0.9189091324806212,0.7791763544082642,0.6004668474197388,SAM_SGD_start5,2.45,0.01
2455,0.0505142956972122,0.9349123239517212,0.7391836047172546,0.6279283761978149,SAM_SGD_start5,2.455,0.01
2460,0.7961347103118896,0.9591955542564392,0.7781861424446106,0.6085748672485352,SAM_SGD_start5,2.46,0.01
2465,0.0557551458477973,0.934077262878418,0.8159500360488892,0.5854910612106323,SAM_SGD_start5,2.465,0.01
2470,0.6080208420753479,0.9564306735992432,0.7729466557502747,0.611411988735199,SAM_SGD_start5,2.47,0.01
2475,0.0854538828134536,0.931691348552704,0.8101291656494141,0.5873013734817505,SAM_SGD_start5,2.475,0.01
2480,0.4544950127601623,0.9525406956672668,0.7672445178031921,0.6128971576690674,SAM_SGD_start5,2.48,0.01
2485,0.1348745971918106,0.9282799363136292,0.8040263056755066,0.5883187055587769,SAM_SGD_start5,2.485,0.01
2490,0.3298444151878357,0.9482147097587584,0.7614033222198486,0.6138070225715637,SAM_SGD_start5,2.49,0.01
2495,0.2017186880111694,0.92454594373703,0.797884464263916,0.5889835357666016,SAM_SGD_start5,2.495,0.01
2500,0.2313694059848785,0.9437867999076844,0.7556064128875732,0.6144905090332031,SAM_SGD_start5,2.5,0.01
2505,0.284072607755661,0.9208089113235474,0.7918621897697449,0.589553952217102,SAM_SGD_start5,2.505,0.01
2510,0.1567675024271011,0.9394887089729308,0.749992847442627,0.6151871681213379,SAM_SGD_start5,2.51,0.01
2515,0.3802155256271362,0.9173144698143004,0.7861014604568481,0.590241551399231,SAM_SGD_start5,2.515,0.01
2520,0.1038663536310195,0.9355359077453612,0.744709312915802,0.616126537322998,SAM_SGD_start5,2.52,0.01
2525,0.488459438085556,0.9143348336219788,0.7807760834693909,0.5912824273109436,SAM_SGD_start5,2.525,0.01
2530,0.0705238729715347,0.9321691393852234,0.7399650812149048,0.6176039576530457,SAM_SGD_start5,2.53,0.01
2535,0.6066926717758179,0.9122755527496338,0.7761663794517517,0.5930179357528687,SAM_SGD_start5,2.535,0.01
2540,0.0544358193874359,0.92942076921463,0.7361745238304138,0.6201026439666748,SAM_SGD_start5,2.54,0.01
2545,0.7264658808708191,0.9120855331420898,0.773061215877533,0.596113383769989,SAM_SGD_start5,2.545,0.01
2550,0.0516859665513038,0.9294328689575196,0.8148977160453796,0.5801767706871033,SAM_SGD_start5,2.55,0.01
2555,0.6630358099937439,0.952983856201172,0.7721927165985107,0.6063284277915955,SAM_SGD_start5,2.555,0.01
2560,0.0732819139957428,0.9282297492027284,0.8093721270561218,0.5826072096824646,SAM_SGD_start5,2.56,0.01
2565,0.500359058380127,0.9495096802711488,0.766692578792572,0.6082808971405029,SAM_SGD_start5,2.565,0.01
2570,0.1154694259166717,0.9251827597618104,0.8034199476242065,0.5839484930038452,SAM_SGD_start5,2.57,0.01
2575,0.3675186038017273,0.9454059600830078,0.7609532475471497,0.6094515323638916,SAM_SGD_start5,2.575,0.01
2580,0.1756829470396042,0.9216312766075134,0.7973518371582031,0.5848044753074646,SAM_SGD_start5,2.58,0.01
2585,0.2614319920539856,0.941093921661377,0.7551981210708618,0.610285222530365,SAM_SGD_start5,2.585,0.01
2590,0.2519163787364959,0.9179741144180298,0.7913495898246765,0.5854801535606384,SAM_SGD_start5,2.59,0.01
2595,0.1797234863042831,0.9368325471878052,0.7495777606964111,0.6110498905181885,SAM_SGD_start5,2.595,0.01
2600,0.3424109816551208,0.9144738912582396,0.7855580449104309,0.5861980319023132,SAM_SGD_start5,2.6,0.01
2605,0.120210014283657,0.9328402280807496,0.7442338466644287,0.6119738221168518,SAM_SGD_start5,2.605,0.01
2610,0.4454964399337768,0.9113873243331908,0.7801370620727539,0.5871812701225281,SAM_SGD_start5,2.61,0.01
2615,0.0807732790708541,0.9293503761291504,0.7393483519554138,0.6133227944374084,SAM_SGD_start5,2.615,0.01
2620,0.5593245029449463,0.9090614318847656,0.7753197550773621,0.5887255668640137,SAM_SGD_start5,2.62,0.01
2625,0.0592163279652595,0.9265745878219604,0.7352350354194641,0.6154971122741699,SAM_SGD_start5,2.625,0.01
2630,0.6799944043159485,0.9081257581710817,0.7715802192687988,0.5913242101669312,SAM_SGD_start5,2.63,0.01
2635,0.0526692457497119,0.916224241256714,0.7359039783477783,0.6225801706314087,SAM_SGD_start5,2.635,0.01
2640,0.7857906222343445,0.9535243511199952,0.7748720049858093,0.6032840609550476,SAM_SGD_start5,2.64,0.01
2645,0.0569987930357456,0.9285558462142944,0.8124198913574219,0.5803758502006531,SAM_SGD_start5,2.645,0.01
2650,0.6002284288406372,0.9509413242340088,0.7697487473487854,0.6062989830970764,SAM_SGD_start5,2.65,0.01
2655,0.0861949771642685,0.9263476729393004,0.8067110776901245,0.5823333263397217,SAM_SGD_start5,2.655,0.01
2660,0.4490060806274414,0.9471999406814576,0.7641456723213196,0.607923150062561,SAM_SGD_start5,2.66,0.01
2665,0.1349270790815353,0.923080027103424,0.8007086515426636,0.5834779739379883,SAM_SGD_start5,2.665,0.01
2670,0.3262890875339508,0.9430089592933656,0.7583960890769958,0.6089577674865723,SAM_SGD_start5,2.67,0.01
2675,0.2009027451276779,0.919478952884674,0.7946622967720032,0.5842614769935608,SAM_SGD_start5,2.675,0.01
2680,0.2293861806392669,0.938710629940033,0.7526879906654358,0.6097601056098938,SAM_SGD_start5,2.68,0.01
2685,0.282225489616394,0.915871560573578,0.788734495639801,0.5849473476409912,SAM_SGD_start5,2.685,0.01
2690,0.1560178697109222,0.934541881084442,0.7471638917922974,0.6105745434761047,SAM_SGD_start5,2.69,0.01
2695,0.3771878778934479,0.9125086069107056,0.7830705046653748,0.5857515931129456,SAM_SGD_start5,2.695,0.01
2700,0.1040356829762458,0.9307219982147216,0.741973876953125,0.6116352677345276,SAM_SGD_start5,2.7,0.01
2705,0.4841109216213226,0.90966796875,0.7778482437133789,0.5869143605232239,SAM_SGD_start5,2.705,0.01
2710,0.0713206455111503,0.9274952411651612,0.7373319864273071,0.6132421493530273,SAM_SGD_start5,2.71,0.01
2715,0.6008667349815369,0.9077624678611756,0.7733538746833801,0.5887822508811951,SAM_SGD_start5,2.715,0.01
2720,0.0555789545178413,0.9248799681663512,0.733662486076355,0.6158856153488159,SAM_SGD_start5,2.72,0.01
2725,0.71868896484375,0.9077717661857604,0.7704067826271057,0.5920371413230896,SAM_SGD_start5,2.725,0.01
2730,0.0537423007190227,0.9290399551391602,0.8137127161026001,0.5801817774772644,SAM_SGD_start5,2.73,0.01
2735,0.6339910626411438,0.951955795288086,0.7710257768630981,0.6062190532684326,SAM_SGD_start5,2.735,0.01
2740,0.0788132920861244,0.9272753596305848,0.8080992102622986,0.5823822021484375,SAM_SGD_start5,2.74,0.01
2745,0.4766140878200531,0.9483535885810852,0.7654761075973511,0.6080144047737122,SAM_SGD_start5,2.745,0.01
2750,0.1239727437496185,0.9241209626197816,0.8021226525306702,0.5836306214332581,SAM_SGD_start5,2.75,0.01
2755,0.348425418138504,0.9442079067230223,0.7597312331199646,0.6091209650039673,SAM_SGD_start5,2.755,0.01
2760,0.1867940723896026,0.9205451011657716,0.7960641384124756,0.5844525098800659,SAM_SGD_start5,2.76,0.01
2765,0.2465546578168869,0.9399013519287108,0.7539972066879272,0.609939455986023,SAM_SGD_start5,2.765,0.01
2770,0.2653275728225708,0.9169094562530518,0.7900952696800232,0.5851321816444397,SAM_SGD_start5,2.77,0.01
2775,0.168669193983078,0.935681402683258,0.748420000076294,0.6107257008552551,SAM_SGD_start5,2.775,0.01
2780,0.3578343093395233,0.9134700894355774,0.7843608856201172,0.5858880281448364,SAM_SGD_start5,2.78,0.01
2785,0.1126073747873306,0.931765913963318,0.7431445121765137,0.6117096543312073,SAM_SGD_start5,2.785,0.01
2790,0.4626502096652984,0.9104916453361512,0.7790277600288391,0.5869500041007996,SAM_SGD_start5,2.79,0.01
2795,0.0762508958578109,0.92839378118515,0.7383655905723572,0.6131710410118103,SAM_SGD_start5,2.795,0.01
2800,0.5778262615203857,0.9083478450775146,0.7743505239486694,0.588634729385376,SAM_SGD_start5,2.8,0.01
2805,0.0573695637285709,0.9257255792617798,0.7344390153884888,0.6155465245246887,SAM_SGD_start5,2.805,0.01
2810,0.6981348991394043,0.9077734351158142,0.7709039449691772,0.5914947986602783,SAM_SGD_start5,2.81,0.01
2815,0.0522655509412288,0.8104621767997742,0.8107871413230896,0.5841069221496582,SAM_SGD_start5,2.815,0.01
2820,0.5104179382324219,0.9514347910881042,0.7679973840713501,0.6097972989082336,SAM_SGD_start5,2.82,0.01
2825,0.112580269575119,0.927035629749298,0.8048151731491089,0.5854448080062866,SAM_SGD_start5,2.825,0.01
2830,0.3753851950168609,0.9473075270652772,0.7622342109680176,0.6109551191329956,SAM_SGD_start5,2.83,0.01
2835,0.1721208393573761,0.923455774784088,0.798717200756073,0.5862793922424316,SAM_SGD_start5,2.835,0.01
2840,0.2673636078834533,0.9429574012756348,0.7564471960067749,0.6117610931396484,SAM_SGD_start5,2.84,0.01
2845,0.2478391081094741,0.919755518436432,0.7926774024963379,0.5869218111038208,SAM_SGD_start5,2.845,0.01
2850,0.1839546412229538,0.9386467933654784,0.7507877945899963,0.6124861836433411,SAM_SGD_start5,2.85,0.01
2855,0.3379570543766022,0.9161990880966188,0.7868403792381287,0.5875952243804932,SAM_SGD_start5,2.855,0.01
2860,0.1229596436023712,0.9345927238464355,0.7453957200050354,0.613357424736023,SAM_SGD_start5,2.86,0.01
2865,0.4408035278320312,0.9130398035049438,0.7813625335693359,0.5885196924209595,SAM_SGD_start5,2.865,0.01
2870,0.0822504311800003,0.9310254454612732,0.7404479384422302,0.6146351099014282,SAM_SGD_start5,2.87,0.01
2875,0.5545571446418762,0.9106139540672302,0.7764691710472107,0.5899831056594849,SAM_SGD_start5,2.875,0.01
2880,0.0596382319927215,0.9281674027442932,0.7362443208694458,0.6167064309120178,SAM_SGD_start5,2.88,0.01
2885,0.6756386160850525,0.909520387649536,0.7726057171821594,0.5924597978591919,SAM_SGD_start5,2.885,0.01
2890,0.0523619316518306,0.9199633002281188,0.7345876097679138,0.6211399435997009,SAM_SGD_start5,2.89,0.01
2895,0.7335669994354248,0.9514787793159484,0.7727571129798889,0.6027592420578003,SAM_SGD_start5,2.895,0.01
2900,0.0625051632523536,0.9266515970230104,0.8100771903991699,0.5795304775238037,SAM_SGD_start5,2.9,0.01
2905,0.5584436058998108,0.9485490918159484,0.767505407333374,0.6053396463394165,SAM_SGD_start5,2.905,0.01
2910,0.0965699702501297,0.9240999221801758,0.8042951822280884,0.5812659859657288,SAM_SGD_start5,2.91,0.01
2915,0.4151109457015991,0.9446956515312196,0.7618714570999146,0.6068121194839478,SAM_SGD_start5,2.915,0.01
2920,0.1494983434677124,0.9207503199577332,0.798292338848114,0.5823272466659546,SAM_SGD_start5,2.92,0.01
2925,0.2994451820850372,0.9404911994934082,0.7561435103416443,0.6077988147735596,SAM_SGD_start5,2.925,0.01
2930,0.219131514430046,0.9171602129936218,0.7922887802124023,0.5830993056297302,SAM_SGD_start5,2.93,0.01
2935,0.208915889263153,0.9362413883209229,0.7504931688308716,0.6086168885231018,SAM_SGD_start5,2.935,0.01
2940,0.3036388754844665,0.9136268496513368,0.7864387035369873,0.5838273167610168,SAM_SGD_start5,2.94,0.01
2945,0.1412919759750366,0.9321740865707396,0.7450612783432007,0.6095025539398193,SAM_SGD_start5,2.945,0.01
2950,0.4013371169567108,0.9104008078575134,0.7808917760848999,0.584727942943573,SAM_SGD_start5,2.95,0.01
2955,0.0944526121020317,0.9285137057304382,0.7400083541870117,0.6106993556022644,SAM_SGD_start5,2.955,0.01
2960,0.5105192065238953,0.9077820777893066,0.7758439183235168,0.5860597491264343,SAM_SGD_start5,2.96,0.01
2965,0.066266730427742,0.9255074858665466,0.735579788684845,0.6125403046607971,SAM_SGD_start5,2.965,0.01
2970,0.6286741495132446,0.9062485694885254,0.7716351747512817,0.5882161855697632,SAM_SGD_start5,2.97,0.01
2975,0.0543259046971797,0.9226291179656982,0.7323494553565979,0.6156100034713745,SAM_SGD_start5,2.975,0.01
2980,0.721376359462738,0.9114981889724731,0.7727962136268616,0.5954533815383911,SAM_SGD_start5,2.98,0.01
2985,0.0519843846559524,0.9269179701805116,0.8135154843330383,0.5778311491012573,SAM_SGD_start5,2.985,0.01
2990,0.6650533080101013,0.9506806135177612,0.7709610462188721,0.6040130257606506,SAM_SGD_start5,2.99,0.01
2995,0.0726732090115547,0.9259791970252992,0.8080636858940125,0.5803860425949097,SAM_SGD_start5,2.995,0.01
3000,0.5023905634880066,0.947306513786316,0.7655195593833923,0.6060672998428345,SAM_SGD_start5,3.0,0.01
3005,0.1139790415763855,0.923025369644165,0.8021644949913025,0.5818079710006714,SAM_SGD_start5,3.005,0.01
3010,0.3695407509803772,0.9432753920555116,0.7598245739936829,0.6073103547096252,SAM_SGD_start5,3.01,0.01
3015,0.1733015179634094,0.9195414781570436,0.796139121055603,0.5827264785766602,SAM_SGD_start5,3.015,0.01
3020,0.2633652687072754,0.9390223026275636,0.7541062235832214,0.6082024574279785,SAM_SGD_start5,3.02,0.01
3025,0.2486335039138794,0.9159398078918456,0.7901732921600342,0.5834545493125916,SAM_SGD_start5,3.025,0.01
3030,0.1814914643764495,0.9348116517066956,0.7485179901123047,0.6090166568756104,SAM_SGD_start5,3.03,0.01
3035,0.3382111191749573,0.9124870300292968,0.7844142913818359,0.5842177867889404,SAM_SGD_start5,3.035,0.01
3040,0.1217438280582428,0.9308640956878662,0.7432025074958801,0.6099833846092224,SAM_SGD_start5,3.04,0.01
3045,0.4403740763664245,0.9094414114952089,0.7790217995643616,0.5852401852607727,SAM_SGD_start5,3.045,0.01
3050,0.0820105150341987,0.9274134039878844,0.7383411526679993,0.6113680005073547,SAM_SGD_start5,3.05,0.01
3055,0.5532867312431335,0.9071473479270936,0.774227499961853,0.586815595626831,SAM_SGD_start5,3.055,0.01
3060,0.0601104311645031,0.9246774911880492,0.7342435717582703,0.613566517829895,SAM_SGD_start5,3.06,0.01
3065,0.6731970310211182,0.9062232375144958,0.7704949378967285,0.5894301533699036,SAM_SGD_start5,3.065,0.01
3070,0.0532370619475841,0.9155123829841614,0.7333510518074036,0.6188483238220215,SAM_SGD_start5,3.07,0.01
3075,0.0580360442399978,0.930458664894104,0.813277006149292,0.5824177861213684,SAM_SGD_start5,3.075,0.01
3080,0.5902994871139526,0.9526641964912416,0.7704862356185913,0.6083016991615295,SAM_SGD_start5,3.08,0.01
3085,0.089013010263443,0.9280493259429932,0.8074924945831299,0.5842347741127014,SAM_SGD_start5,3.085,0.01
3090,0.4405563175678253,0.9488176107406616,0.7648271918296814,0.6098124980926514,SAM_SGD_start5,3.09,0.01
3095,0.1393922269344329,0.9246883392333984,0.8014433979988098,0.5852937698364258,SAM_SGD_start5,3.095,0.01
3100,0.3192164897918701,0.9445597529411316,0.7590420246124268,0.610774040222168,SAM_SGD_start5,3.1,0.01
3105,0.206924170255661,0.9210288524627686,0.7953664064407349,0.5860187411308289,SAM_SGD_start5,3.105,0.01
3110,0.2236394882202148,0.9402167797088624,0.7533110976219177,0.6115262508392334,SAM_SGD_start5,3.11,0.01
3115,0.2897248864173889,0.917384386062622,0.7894192934036255,0.5866643190383911,SAM_SGD_start5,3.115,0.01
3120,0.1515473425388336,0.9360198974609376,0.7477743625640869,0.6123082041740417,SAM_SGD_start5,3.12,0.01
3125,0.3860906660556793,0.9140031337738036,0.7837469577789307,0.5874443054199219,SAM_SGD_start5,3.125,0.01
3130,0.1007932275533676,0.9321880340576172,0.7425833344459534,0.6133544445037842,SAM_SGD_start5,3.13,0.01
3135,0.4943330883979797,0.9111658930778505,0.7785303592681885,0.5886023044586182,SAM_SGD_start5,3.135,0.01
3140,0.0692438334226608,0.9289658665657043,0.7379586100578308,0.6149724721908569,SAM_SGD_start5,3.14,0.01
3145,0.6122402548789978,0.909300982952118,0.7740680575370789,0.5904960632324219,SAM_SGD_start5,3.145,0.01
3150,0.0545731820166111,0.926276683807373,0.7343557476997375,0.6176739931106567,SAM_SGD_start5,3.15,0.01
3155,0.7283250689506531,0.90958970785141,0.7713744640350342,0.5939207077026367,SAM_SGD_start5,3.155,0.01
3160,0.1545426696538925,0.944511353969574,0.7527076005935669,0.6200996041297913,SAM_SGD_start5,3.16,0.01
3165,0.3884764015674591,0.9222312569618224,0.7890252470970154,0.5950273871421814,SAM_SGD_start5,3.165,0.01
3170,0.1016605645418167,0.9404417276382446,0.7473466992378235,0.6209299564361572,SAM_SGD_start5,3.17,0.01
3175,0.4986681640148163,0.91913902759552,0.783618688583374,0.5959645509719849,SAM_SGD_start5,3.175,0.01
3180,0.0685421600937843,0.9369626045227052,0.7425287365913391,0.6223068833351135,SAM_SGD_start5,3.18,0.01
3185,0.6188778877258301,0.9169772267341614,0.7789332270622253,0.5976060032844543,SAM_SGD_start5,3.185,0.01
3190,0.0528531670570373,0.9340673685073853,0.7386775612831116,0.6247206926345825,SAM_SGD_start5,3.19,0.01
3195,0.739513099193573,0.9167646765708924,0.7758272290229797,0.6006545424461365,SAM_SGD_start5,3.195,0.01
3200,0.0487454049289226,0.2961253821849823,0.7791045904159546,0.6213285326957703,SAM_SGD_start5,3.2,0.01
3205,0.0841571986675262,0.9420346617698668,0.8167147040367126,0.5969396233558655,SAM_SGD_start5,3.205,0.01
3210,0.4652766287326813,0.9628797769546508,0.7732138633728027,0.6225476861000061,SAM_SGD_start5,3.21,0.01
3215,0.1349487602710724,0.9383485913276672,0.8104208111763,0.5977129340171814,SAM_SGD_start5,3.215,0.01
3220,0.3368491232395172,0.9582954049110411,0.7671988606452942,0.6232185959815979,SAM_SGD_start5,3.22,0.01
3225,0.2035083174705505,0.9343612790107728,0.8040979504585266,0.5981507897377014,SAM_SGD_start5,3.225,0.01
3230,0.2353089749813079,0.9536200761795044,0.7612336277961731,0.6236746907234192,SAM_SGD_start5,3.23,0.01
3235,0.287897378206253,0.9303773045539856,0.7978965044021606,0.5985001921653748,SAM_SGD_start5,3.235,0.01
3240,0.1582969427108764,0.9490757584571838,0.7554503679275513,0.624146044254303,SAM_SGD_start5,3.24,0.01
3245,0.3863645792007446,0.926632285118103,0.7919523119926453,0.5989648699760437,SAM_SGD_start5,3.245,0.01
3250,0.1036014556884765,0.944869875907898,0.7499896883964539,0.6248538494110107,SAM_SGD_start5,3.25,0.01
3255,0.4972046911716461,0.9233882427215576,0.7864319086074829,0.5997729897499084,SAM_SGD_start5,3.255,0.01
3260,0.0690354704856872,0.9412367939949036,0.7450520396232605,0.6260840892791748,SAM_SGD_start5,3.26,0.01
3265,0.6183297038078308,0.9210368394851683,0.781603991985321,0.6012555956840515,SAM_SGD_start5,3.265,0.01
3270,0.0522682592272758,0.9382314085960388,0.7410328984260559,0.6283065676689148,SAM_SGD_start5,3.27,0.01
3275,0.7418529987335205,0.9204733967781068,0.7782047390937805,0.6040499210357666,SAM_SGD_start5,3.275,0.01
3280,0.0495626702904701,0.9350290298461914,0.8189646601676941,0.5852548480033875,SAM_SGD_start5,3.28,0.01
3285,0.6857274174690247,0.9589172601699828,0.7759202122688293,0.6114582419395447,SAM_SGD_start5,3.285,0.01
3290,0.0699128657579422,0.933984398841858,0.813366711139679,0.5876464247703552,SAM_SGD_start5,3.29,0.01
3295,0.5180910229682922,0.9553549885749816,0.7703438997268677,0.6133453249931335,SAM_SGD_start5,3.295,0.01
3300,0.111287921667099,0.9308444261550904,0.8073259592056274,0.5889043807983398,SAM_SGD_start5,3.3,0.01
3305,0.3809823095798492,0.9511370062828064,0.7645165920257568,0.6144222617149353,SAM_SGD_start5,3.305,0.01
3310,0.171042338013649,0.9271737933158876,0.8011598587036133,0.589659571647644,SAM_SGD_start5,3.31,0.01
3315,0.2712020576000213,0.9466955661773682,0.7586650848388672,0.6151469945907593,SAM_SGD_start5,3.315,0.01
3320,0.2471334785223007,0.9233812689781188,0.7950505614280701,0.5902212262153625,SAM_SGD_start5,3.32,0.01
3325,0.1863284558057785,0.9422906637191772,0.7529389262199402,0.6157879829406738,SAM_SGD_start5,3.325,0.01
3330,0.3377681970596313,0.9197272658348083,0.7891404628753662,0.5908098220825195,SAM_SGD_start5,3.33,0.01
3335,0.1241435706615448,0.9381362795829772,0.7474751472473145,0.6165692806243896,SAM_SGD_start5,3.335,0.01
3340,0.4412701725959778,0.9164610505104064,0.7835826873779297,0.5916422009468079,SAM_SGD_start5,3.34,0.01
3345,0.0825039595365524,0.934459626674652,0.7424466609954834,0.6177465915679932,SAM_SGD_start5,3.345,0.01
3350,0.5558264851570129,0.9139120578765868,0.7785968780517578,0.5930006504058838,SAM_SGD_start5,3.35,0.01
3355,0.0592099279165267,0.9314860105514526,0.7381444573402405,0.6196990609169006,SAM_SGD_start5,3.355,0.01
3360,0.6780023574829102,0.91266131401062,0.7746126055717468,0.595348596572876,SAM_SGD_start5,3.36,0.01
3365,0.0515390262007713,0.9241672158241272,0.7360193729400635,0.6236440539360046,SAM_SGD_start5,3.365,0.01
3370,0.7441588640213013,0.9528090357780457,0.7736948132514954,0.6037589907646179,SAM_SGD_start5,3.37,0.01
3375,0.0612405873835086,0.9279329776763916,0.8110911250114441,0.580550491809845,SAM_SGD_start5,3.375,0.01
3380,0.5668889284133911,0.9499040246009828,0.7684446573257446,0.606377899646759,SAM_SGD_start5,3.38,0.01
3385,0.094552457332611,0.9254040718078612,0.8053016662597656,0.5822973847389221,SAM_SGD_start5,3.385,0.01
3390,0.4218065738677978,0.9460432529449464,0.7627983689308167,0.607851505279541,SAM_SGD_start5,3.39,0.01
3395,0.1468732059001922,0.9220425486564636,0.7992810010910034,0.5833503007888794,SAM_SGD_start5,3.395,0.01
3400,0.304596334695816,0.9418169856071472,0.7570502758026123,0.6088242530822754,SAM_SGD_start5,3.4,0.01
3405,0.2160249054431915,0.918426752090454,0.7932528257369995,0.5841032862663269,SAM_SGD_start5,3.405,0.01
3410,0.2126991003751754,0.9375353455543518,0.751373827457428,0.6096184253692627,SAM_SGD_start5,3.41,0.01
3415,0.3001588881015777,0.9148569107055664,0.7873721122741699,0.5848032236099243,SAM_SGD_start5,3.415,0.01
3420,0.1438768208026886,0.933427095413208,0.7459095120429993,0.6104702353477478,SAM_SGD_start5,3.42,0.01
3425,0.3975887596607208,0.9115827679634094,0.7817869782447815,0.5856657028198242,SAM_SGD_start5,3.425,0.01
3430,0.0959971100091934,0.9297144412994384,0.7408152222633362,0.6116206645965576,SAM_SGD_start5,3.43,0.01
3435,0.5066089630126953,0.908898949623108,0.7766890525817871,0.5869448781013489,SAM_SGD_start5,3.435,0.01
3440,0.0669281855225563,0.926644504070282,0.7363288998603821,0.6133953928947449,SAM_SGD_start5,3.44,0.01
3445,0.6248044371604919,0.9072685837745668,0.7724061012268066,0.5890242457389832,SAM_SGD_start5,3.445,0.01
3450,0.0542858429253101,0.9238520264625548,0.7329868674278259,0.6163570284843445,SAM_SGD_start5,3.45,0.01
3455,0.7301307916641235,0.9093633890151978,0.7711823582649231,0.5937643051147461,SAM_SGD_start5,3.455,0.01
3460,0.0579169988632202,0.9296698570251464,0.8128412961959839,0.5816319584846497,SAM_SGD_start5,3.46,0.01
3465,0.5916321277618408,0.9519108533859252,0.770098865032196,0.6075232028961182,SAM_SGD_start5,3.465,0.01
3470,0.0885104238986969,0.9273111820220948,0.8070796728134155,0.5834866762161255,SAM_SGD_start5,3.47,0.01
3475,0.441777229309082,0.9480957984924316,0.7644580602645874,0.6090661287307739,SAM_SGD_start5,3.475,0.01
3480,0.1385173499584198,0.923978865146637,0.8010470867156982,0.5845716595649719,SAM_SGD_start5,3.48,0.01
3485,0.3203186690807342,0.9438608288764954,0.7586867213249207,0.610051155090332,SAM_SGD_start5,3.485,0.01
3490,0.205680102109909,0.9203408360481262,0.7949833273887634,0.5853168964385986,SAM_SGD_start5,3.49,0.01
3495,0.2246016561985016,0.939536452293396,0.7529668807983398,0.6108220219612122,SAM_SGD_start5,3.495,0.01
3500,0.2881166040897369,0.9167134761810304,0.7890470623970032,0.5859791040420532,SAM_SGD_start5,3.5,0.01
3505,0.1523549258708953,0.9353548884391784,0.747439444065094,0.6116193532943726,SAM_SGD_start5,3.505,0.01
3510,0.384120762348175,0.9133456349372864,0.7833837270736694,0.5867727398872375,SAM_SGD_start5,3.51,0.01
3515,0.1014311015605926,0.931535303592682,0.7422556281089783,0.6126776337623596,SAM_SGD_start5,3.515,0.01
3520,0.4920080602169037,0.9105182886123656,0.7781738638877869,0.5879409909248352,SAM_SGD_start5,3.52,0.01
3525,0.0697027742862701,0.928322970867157,0.7376353144645691,0.6143033504486084,SAM_SGD_start5,3.525,0.01
3530,0.609580397605896,0.9086570739746094,0.7737140655517578,0.5898397564888,SAM_SGD_start5,3.53,0.01
3535,0.0548509508371353,0.9256606698036194,0.7340285181999207,0.6170046329498291,SAM_SGD_start5,3.535,0.01
3540,0.7259544730186462,0.9088970422744752,0.7709745764732361,0.5932371020317078,SAM_SGD_start5,3.54,0.01
3545,0.0503744967281818,0.9285653233528136,0.7383377552032471,0.6276589035987854,SAM_SGD_start5,3.545,0.01
3550,0.7545468211174011,0.9564857482910156,0.7759196758270264,0.6070725917816162,SAM_SGD_start5,3.55,0.01
3555,0.0600222796201705,0.93150532245636,0.813469648361206,0.5837845206260681,SAM_SGD_start5,3.555,0.01
3560,0.5748691558837891,0.953499436378479,0.7706096172332764,0.6096206307411194,SAM_SGD_start5,3.56,0.01
3565,0.0932667255401611,0.928897261619568,0.8076174855232239,0.5854599475860596,SAM_SGD_start5,3.565,0.01
3570,0.4277473986148834,0.9495567083358764,0.7649047374725342,0.6110216379165649,SAM_SGD_start5,3.57,0.01
3575,0.1456908583641052,0.9254539608955384,0.8015346527099609,0.5864413380622864,SAM_SGD_start5,3.575,0.01
3580,0.3087970614433288,0.9452478289604188,0.7590980529785156,0.6119211912155151,SAM_SGD_start5,3.58,0.01
3585,0.2150974720716476,0.9217545390129088,0.7954435348510742,0.5871216058731079,SAM_SGD_start5,3.585,0.01
3590,0.2154384702444076,0.940881371498108,0.7533612847328186,0.6126399636268616,SAM_SGD_start5,3.59,0.01
3595,0.299627810716629,0.9180974960327148,0.7894971370697021,0.5877458453178406,SAM_SGD_start5,3.595,0.01
3600,0.145413190126419,0.9366835355758668,0.7478330731391907,0.6134119033813477,SAM_SGD_start5,3.6,0.01
3605,0.3975796103477478,0.914729118347168,0.7838411331176758,0.5885269045829773,SAM_SGD_start5,3.605,0.01
3610,0.0965722948312759,0.9328738451004028,0.7426679134368896,0.6144744753837585,SAM_SGD_start5,3.61,0.01
3615,0.5072540640830994,0.911938488483429,0.7786629796028137,0.5897148847579956,SAM_SGD_start5,3.615,0.01
3620,0.0667741820216178,0.9296974539756776,0.7380982041358948,0.6161472201347351,SAM_SGD_start5,3.62,0.01
3625,0.6262797117233276,0.9101777076721193,0.7742814421653748,0.5916853547096252,SAM_SGD_start5,3.625,0.01
3630,0.053637821227312,0.9268699884414672,0.7346364259719849,0.6189785599708557,SAM_SGD_start5,3.63,0.01
3635,0.7357448935508728,0.9115013480186462,0.7724568247795105,0.5958288908004761,SAM_SGD_start5,3.635,0.01
3640,0.0545877553522586,0.9265555739402772,0.8120304942131042,0.5779393315315247,SAM_SGD_start5,3.64,0.01
3645,0.6272942423820496,0.9494367837905884,0.7694922089576721,0.6039676070213318,SAM_SGD_start5,3.645,0.01
3650,0.0798314064741134,0.924828827381134,0.8064587712287903,0.5801836848258972,SAM_SGD_start5,3.65,0.01
3655,0.4715186655521393,0.9458882808685304,0.7639822363853455,0.6058095097541809,SAM_SGD_start5,3.655,0.01
3660,0.1250297427177429,0.9217285513877868,0.8005247712135315,0.5814794301986694,SAM_SGD_start5,3.66,0.01
3665,0.3447040319442749,0.9417988657951356,0.7582777738571167,0.6069650650024414,SAM_SGD_start5,3.665,0.01
3670,0.1877736300230026,0.9182093143463136,0.7945097088813782,0.582350492477417,SAM_SGD_start5,3.67,0.01
3675,0.2439976036548614,0.9375503659248352,0.7525852918624878,0.6078345775604248,SAM_SGD_start5,3.675,0.01
3680,0.2661225795745849,0.9146332740783693,0.7885861992835999,0.5830814838409424,SAM_SGD_start5,3.68,0.01
3685,0.1670891046524047,0.9333917498588562,0.7470521926879883,0.6086750626564026,SAM_SGD_start5,3.685,0.01
3690,0.3583483695983886,0.9112581610679626,0.7829005122184753,0.5838926434516907,SAM_SGD_start5,3.69,0.01
3695,0.1118256300687789,0.9295429587364196,0.7418252229690552,0.6097186207771301,SAM_SGD_start5,3.695,0.01
3700,0.462789386510849,0.9083524346351624,0.7776221036911011,0.5850165486335754,SAM_SGD_start5,3.7,0.01
3705,0.076096624135971,0.9262449145317078,0.7371026277542114,0.6112488508224487,SAM_SGD_start5,3.705,0.01
3710,0.5774791240692139,0.9062957167625428,0.7730106115341187,0.5867744088172913,SAM_SGD_start5,3.71,0.01
3715,0.057676263153553,0.9236475229263306,0.7332492470741272,0.613709568977356,SAM_SGD_start5,3.715,0.01
3720,0.6969215869903564,0.905844748020172,0.7696623802185059,0.5897307991981506,SAM_SGD_start5,3.72,0.01
3725,0.052539438009262,0.9161698818206788,0.738005518913269,0.6250839233398438,SAM_SGD_start5,3.725,0.01
3730,0.7472591400146484,0.9189552068710328,0.7770828604698181,0.6028216481208801,SAM_SGD_start5,3.73,0.01
3735,0.4616820216178894,0.9601452946662904,0.7716208100318909,0.6200191378593445,SAM_SGD_start5,3.735,0.01
3740,0.1352219730615615,0.93568754196167,0.8087142109870911,0.5952497124671936,SAM_SGD_start5,3.74,0.01
3745,0.3343955874443054,0.9556270241737366,0.7656508088111877,0.6207505464553833,SAM_SGD_start5,3.745,0.01
3750,0.2034152746200561,0.931765615940094,0.8024386167526245,0.5957456827163696,SAM_SGD_start5,3.75,0.01
3755,0.2337966859340667,0.9510161876678468,0.7597298622131348,0.6212654113769531,SAM_SGD_start5,3.755,0.01
3760,0.2873435616493225,0.9278464913368224,0.7962847352027893,0.5961527824401855,SAM_SGD_start5,3.76,0.01
3765,0.1575437635183334,0.946537435054779,0.7539920806884766,0.621796190738678,SAM_SGD_start5,3.765,0.01
3770,0.3852665424346924,0.9241687655448914,0.7903899550437927,0.5966768264770508,SAM_SGD_start5,3.77,0.01
3775,0.1034308522939682,0.9423996806144714,0.7485795021057129,0.6225663423538208,SAM_SGD_start5,3.775,0.01
3780,0.4954816699028015,0.9209969639778136,0.7849229574203491,0.597548246383667,SAM_SGD_start5,3.78,0.01
3785,0.0692867487668991,0.9388397336006165,0.7436954975128174,0.6238648295402527,SAM_SGD_start5,3.785,0.01
3790,0.615892231464386,0.9187278747558594,0.7801563739776611,0.5991016626358032,SAM_SGD_start5,3.79,0.01
3795,0.0527848899364471,0.9359015226364136,0.7397425770759583,0.6261665225028992,SAM_SGD_start5,3.795,0.01
3800,0.7383286356925964,0.9182791113853456,0.7768487930297852,0.6019859313964844,SAM_SGD_start5,3.8,0.01
3805,0.0500464662909507,0.9337308406829834,0.8180164098739624,0.5840690732002258,SAM_SGD_start5,3.805,0.01
3810,0.6803762316703796,0.9575324058532716,0.7750511169433594,0.6102601885795593,SAM_SGD_start5,3.81,0.01
3815,0.070690631866455,0.9326412081718444,0.8124352097511292,0.5864694118499756,SAM_SGD_start5,3.815,0.01
3820,0.5139039158821106,0.9539905786514282,0.7694924473762512,0.6121624708175659,SAM_SGD_start5,3.82,0.01
3825,0.1122581958770752,0.929522693157196,0.8064149022102356,0.5877467393875122,SAM_SGD_start5,3.825,0.01
3830,0.3777954876422882,0.9497990012168884,0.7636853456497192,0.6132611632347107,SAM_SGD_start5,3.83,0.01
3835,0.1721229702234268,0.9258795380592346,0.8002714514732361,0.5885252952575684,SAM_SGD_start5,3.835,0.01
3840,0.2688848972320556,0.9453874230384828,0.7578562498092651,0.6140110492706299,SAM_SGD_start5,3.84,0.01
3845,0.2482479959726333,0.922118365764618,0.7941870093345642,0.5891132950782776,SAM_SGD_start5,3.845,0.01
3850,0.1847568750381469,0.9410158395767212,0.7521544694900513,0.6146806478500366,SAM_SGD_start5,3.85,0.01
3855,0.338852196931839,0.9185000061988832,0.7883042693138123,0.5897318124771118,SAM_SGD_start5,3.855,0.01
3860,0.1232015714049339,0.9368988275527954,0.7467184066772461,0.6154948472976685,SAM_SGD_start5,3.86,0.01
3865,0.4422585368156433,0.9152751564979552,0.7827780842781067,0.5905990600585938,SAM_SGD_start5,3.865,0.01
3870,0.0820809602737426,0.9332653880119324,0.7417229413986206,0.6167119145393372,SAM_SGD_start5,3.87,0.01
3875,0.5566486120223999,0.912777543067932,0.7778310179710388,0.5920003652572632,SAM_SGD_start5,3.875,0.01
3880,0.0591976679861545,0.9303383827209472,0.7374640107154846,0.6187153458595276,SAM_SGD_start5,3.88,0.01
3885,0.6784868836402893,0.911598801612854,0.773902416229248,0.5944058895111084,SAM_SGD_start5,3.885,0.01
3890,0.0517998337745666,0.9223124980926514,0.735632598400116,0.6229599714279175,SAM_SGD_start5,3.89,0.01
3895,0.7410883903503418,0.9525583386421204,0.7734977602958679,0.6036012172698975,SAM_SGD_start5,3.895,0.01
3900,0.0616010837256908,0.9276934266090392,0.8108765482902527,0.5803811550140381,SAM_SGD_start5,3.9,0.01
3905,0.5644255876541138,0.949640154838562,0.7682437300682068,0.6062027215957642,SAM_SGD_start5,3.905,0.01
3910,0.0951689779758453,0.925151824951172,0.8050859570503235,0.5821200609207153,SAM_SGD_start5,3.91,0.01
3915,0.4198293089866638,0.945777177810669,0.7625982165336609,0.607671856880188,SAM_SGD_start5,3.915,0.01
3920,0.1477044075727462,0.9217897653579712,0.7990679144859314,0.5831717848777771,SAM_SGD_start5,3.92,0.01
3925,0.3030532598495483,0.9415537714958192,0.7568537592887878,0.6086452603340149,SAM_SGD_start5,3.925,0.01
3930,0.217035710811615,0.9181780219078064,0.7930446267127991,0.5839272737503052,SAM_SGD_start5,3.93,0.01
3935,0.211544781923294,0.9372783899307252,0.7511828541755676,0.6094434261322021,SAM_SGD_start5,3.935,0.01
3940,0.3013205826282501,0.9146158695220948,0.7871707677841187,0.5846326351165771,SAM_SGD_start5,3.94,0.01
3945,0.1430675834417343,0.9331791400909424,0.7457261085510254,0.6103023886680603,SAM_SGD_start5,3.945,0.01
3950,0.3988715410232544,0.9113529324531556,0.7815947532653809,0.5855035781860352,SAM_SGD_start5,3.95,0.01
3955,0.0954927653074264,0.929478883743286,0.7406418919563293,0.6114636659622192,SAM_SGD_start5,3.955,0.01
3960,0.5079859495162964,0.9086851477622986,0.7765092849731445,0.5867955684661865,SAM_SGD_start5,3.96,0.01
3965,0.0666869655251503,0.9264247417449952,0.7361704707145691,0.6132552623748779,SAM_SGD_start5,3.965,0.01
3970,0.6262180805206299,0.9070804119110109,0.7722458839416504,0.5888950228691101,SAM_SGD_start5,3.97,0.01
3975,0.0542594492435455,0.9236060380935668,0.7328588962554932,0.6162460446357727,SAM_SGD_start5,3.975,0.01
3980,0.7292337417602539,0.9097450375556946,0.7714549899101257,0.5940834879875183,SAM_SGD_start5,3.98,0.01
3985,0.5347276329994202,0.9525715708732604,0.769192636013031,0.6100613474845886,SAM_SGD_start5,3.985,0.01
3990,0.1048434227705001,0.9280834197998048,0.8060937523841858,0.5857667326927185,SAM_SGD_start5,3.99,0.01
3995,0.3950285315513611,0.948496639728546,0.7634409666061401,0.6112940311431885,SAM_SGD_start5,3.995,0.01
4000,0.1617683470249176,0.924538552761078,0.7999917268753052,0.5866432189941406,SAM_SGD_start5,4.0,0.01
4005,0.2827924191951751,0.9441486597061156,0.7576378583908081,0.6121225357055664,SAM_SGD_start5,4.005,0.01
4010,0.2351808249950409,0.92082542181015,0.7939237356185913,0.5872883200645447,SAM_SGD_start5,4.01,0.01
4015,0.1955575495958328,0.9398046731948853,0.751940906047821,0.6128334403038025,SAM_SGD_start5,4.015,0.01
4020,0.3232741951942444,0.91721773147583,0.7880362868309021,0.5879316329956055,SAM_SGD_start5,4.02,0.01
4025,0.1311031728982925,0.9356831908226012,0.7464881539344788,0.6136547327041626,SAM_SGD_start5,4.025,0.01
4030,0.4243716895580292,0.9139644503593444,0.7824805378913879,0.5887889862060547,SAM_SGD_start5,4.03,0.01
4035,0.0872968137264251,0.9320099353790284,0.7414466738700867,0.6148359775543213,SAM_SGD_start5,4.035,0.01
4040,0.5367109775543213,0.9113809466362,0.7774651050567627,0.5901316404342651,SAM_SGD_start5,4.04,0.01
4045,0.0619693435728549,0.92902410030365,0.7370860576629639,0.6167353391647339,SAM_SGD_start5,4.045,0.01
4050,0.6573344469070435,0.9099998474121094,0.7733765244483948,0.5923910140991211,SAM_SGD_start5,4.05,0.01
4055,0.052560519427061,0.924814760684967,0.7342284917831421,0.6200779676437378,SAM_SGD_start5,4.055,0.01
4060,0.7384331226348877,0.9174448847770692,0.7762990593910217,0.6012384295463562,SAM_SGD_start5,4.06,0.01
4065,0.0505988486111164,0.9376109838485718,0.8196324110031128,0.5878746509552002,SAM_SGD_start5,4.065,0.01
4070,0.6617124080657959,0.9607329964637756,0.7764339447021484,0.6139586567878723,SAM_SGD_start5,4.07,0.01
4075,0.074550837278366,0.9357951283454896,0.81388920545578,0.5899572372436523,SAM_SGD_start5,4.075,0.01
4080,0.4979959726333618,0.9569655656814576,0.7707567811012268,0.6156172156333923,SAM_SGD_start5,4.08,0.01
4085,0.1191262006759643,0.93247252702713,0.8077719807624817,0.5910577178001404,SAM_SGD_start5,4.085,0.01
4090,0.3643495738506317,0.952636182308197,0.7648760676383972,0.6165664792060852,SAM_SGD_start5,4.09,0.01
4095,0.1818225085735321,0.9287080764770508,0.8015650510787964,0.5917178392410278,SAM_SGD_start5,4.095,0.01
4100,0.2577968835830688,0.9481319785118104,0.7589983940124512,0.6172140836715698,SAM_SGD_start5,4.1,0.01
4105,0.260640412569046,0.9248678088188172,0.7954385280609131,0.5922226309776306,SAM_SGD_start5,4.105,0.01
4110,0.1759509146213531,0.9436987638473512,0.7532665729522705,0.617813766002655,SAM_SGD_start5,4.11,0.01
4115,0.3538075089454651,0.9212021827697754,0.7895320653915405,0.5927860140800476,SAM_SGD_start5,4.115,0.01
4120,0.1165995597839355,0.939547598361969,0.7478185892105103,0.618587851524353,SAM_SGD_start5,4.12,0.01
4125,0.45964515209198,0.9179645776748656,0.7840031385421753,0.5936281085014343,SAM_SGD_start5,4.125,0.01
4130,0.0775919780135154,0.9359089136123656,0.7428362965583801,0.6198015213012695,SAM_SGD_start5,4.13,0.01
4135,0.5762633085250854,0.915503740310669,0.7790870666503906,0.5950469374656677,SAM_SGD_start5,4.135,0.01
4140,0.0566922202706337,0.9329785704612732,0.7386412620544434,0.6218628883361816,SAM_SGD_start5,4.14,0.01
4145,0.6993882656097412,0.914474368095398,0.7752810716629028,0.5975508093833923,SAM_SGD_start5,4.145,0.01
4150,0.0508351512253284,0.9211260080337524,0.8178837895393372,0.5832081437110901,SAM_SGD_start5,4.15,0.01
4155,0.6904707551002502,0.9570171236991882,0.7749690413475037,0.6094540357589722,SAM_SGD_start5,4.155,0.01
4160,0.0689291208982467,0.932122528553009,0.8123601078987122,0.5857381224632263,SAM_SGD_start5,4.16,0.01
4165,0.5223003029823303,0.9535571336746216,0.7694495916366577,0.6114487648010254,SAM_SGD_start5,4.165,0.01
4170,0.1092341467738151,0.9290773868560792,0.806368350982666,0.5870770215988159,SAM_SGD_start5,4.17,0.01
4175,0.3847160339355469,0.9494073390960692,0.7636616230010986,0.6125962138175964,SAM_SGD_start5,4.175,0.01
4180,0.1679486781358719,0.9254688620567322,0.8002385497093201,0.5878906846046448,SAM_SGD_start5,4.18,0.01
4185,0.2744399607181549,0.9450170993804932,0.7578402161598206,0.6133737564086914,SAM_SGD_start5,4.185,0.01
4190,0.2430200427770614,0.9217228889465332,0.7941579222679138,0.5884979963302612,SAM_SGD_start5,4.19,0.01
4195,0.1890422850847244,0.9406528472900392,0.7521378397941589,0.614056408405304,SAM_SGD_start5,4.195,0.01
4200,0.3326526284217834,0.918104887008667,0.7882707118988037,0.5891230702400208,SAM_SGD_start5,4.2,0.01
4205,0.1263090074062347,0.9365305304527284,0.7466925978660583,0.6148700714111328,SAM_SGD_start5,4.205,0.01
4210,0.4351718723773956,0.9148650765419006,0.7827298641204834,0.5899829268455505,SAM_SGD_start5,4.21,0.01
4215,0.0841029062867164,0.9328773617744446,0.7416757941246033,0.6160688996315002,SAM_SGD_start5,4.215,0.01
4220,0.5487831234931946,0.91232830286026,0.7777521014213562,0.5913568139076233,SAM_SGD_start5,4.22,0.01
4225,0.0602376386523246,0.9299240708351136,0.7373722791671753,0.618026077747345,SAM_SGD_start5,4.225,0.01
4230,0.6702142953872681,0.911061465740204,0.7737536430358887,0.5936984419822693,SAM_SGD_start5,4.23,0.01
4235,0.0520508959889411,0.9239616990089417,0.7349298596382141,0.6216936111450195,SAM_SGD_start5,4.235,0.01
4240,0.7271125912666321,0.9534253478050232,0.7737076282501221,0.6048557758331299,SAM_SGD_start5,4.24,0.01
4245,0.0633398741483688,0.9285617470741272,0.8110742568969727,0.5815033316612244,SAM_SGD_start5,4.245,0.01
4250,0.5529147982597351,0.950362265110016,0.7683851718902588,0.607292115688324,SAM_SGD_start5,4.25,0.01
4255,0.0986406058073043,0.925882875919342,0.8052334189414978,0.5831383466720581,SAM_SGD_start5,4.255,0.01
4260,0.4102767705917358,0.9464275240898132,0.7627052068710327,0.6086795926094055,SAM_SGD_start5,4.26,0.01
4265,0.1527493000030517,0.9224596619606018,0.7991896271705627,0.58413165807724,SAM_SGD_start5,4.265,0.01
4270,0.2952969372272491,0.9421654939651488,0.7569441795349121,0.6096060276031494,SAM_SGD_start5,4.27,0.01
4275,0.223526045680046,0.9188177585601808,0.7931553721427917,0.584852933883667,SAM_SGD_start5,4.275,0.01
4280,0.2054613679647445,0.937872052192688,0.7512688040733337,0.6103787422180176,SAM_SGD_start5,4.28,0.01
4285,0.3091461658477783,0.9152463674545288,0.7872821092605591,0.5855420827865601,SAM_SGD_start5,4.285,0.01
4290,0.1385458260774612,0.9337723255157472,0.7458189129829407,0.6112305521965027,SAM_SGD_start5,4.29,0.01
4295,0.4079253077507019,0.9119946360588074,0.7817193269729614,0.5864146947860718,SAM_SGD_start5,4.295,0.01
4300,0.0924174487590789,0.9300900101661682,0.7407558560371399,0.6124059557914734,SAM_SGD_start5,4.3,0.01
4305,0.5181421041488647,0.9093653559684752,0.7766653895378113,0.5877318978309631,SAM_SGD_start5,4.305,0.01
4310,0.0649337768554687,0.9270708560943604,0.7363301515579224,0.6142434477806091,SAM_SGD_start5,4.31,0.01
4315,0.6371912956237793,0.9078487157821656,0.7724704742431641,0.5898959636688232,SAM_SGD_start5,4.315,0.01
4320,0.0536501072347164,0.923969268798828,0.7331588268280029,0.6173518896102905,SAM_SGD_start5,4.32,0.01
4325,0.1144336611032486,0.9427530765533448,0.7494974732398987,0.6217950582504272,SAM_SGD_start5,4.325,0.01
4330,0.4676598906517029,0.9211167693138124,0.7858182191848755,0.5967561602592468,SAM_SGD_start5,4.33,0.01
4335,0.0758136510848999,0.9390490651130676,0.744474470615387,0.6229493618011475,SAM_SGD_start5,4.335,0.01
4340,0.5857223868370056,0.9186004996299744,0.7808621525764465,0.5981218814849854,SAM_SGD_start5,4.34,0.01
4345,0.0553896389901638,0.9360484480857848,0.7402503490447998,0.6249672174453735,SAM_SGD_start5,4.345,0.01
4350,0.710005521774292,0.9175469875335692,0.7770416736602783,0.600594699382782,SAM_SGD_start5,4.35,0.01
4355,0.0499154292047023,0.9243622422218324,0.8180649876594543,0.5818374156951904,SAM_SGD_start5,4.355,0.01
4360,0.7163975238800049,0.956558108329773,0.7752267718315125,0.6082408428192139,SAM_SGD_start5,4.36,0.01
4365,0.0649106055498123,0.931635320186615,0.8126702904701233,0.5846957564353943,SAM_SGD_start5,4.365,0.01
4370,0.5436851978302002,0.9532871246337892,0.7697931528091431,0.6104538440704346,SAM_SGD_start5,4.37,0.01
4375,0.1022540032863617,0.9287607669830322,0.8067368865013123,0.586172342300415,SAM_SGD_start5,4.375,0.01
4380,0.4022311568260193,0.9492239952087402,0.7640409469604492,0.6117067337036133,SAM_SGD_start5,4.38,0.01
4385,0.1583124846220016,0.9252217411994934,0.8006286025047302,0.5870575308799744,SAM_SGD_start5,4.385,0.01
4390,0.2884202301502228,0.9448703527450562,0.7582277059555054,0.6125372052192688,SAM_SGD_start5,4.39,0.01
4395,0.2309799194335937,0.9214975833892822,0.7945459485054016,0.5876978039741516,SAM_SGD_start5,4.395,0.01
4400,0.199767604470253,0.9405081272125244,0.7525131702423096,0.6132374405860901,SAM_SGD_start5,4.4,0.01
4405,0.3184348940849304,0.917866051197052,0.788636326789856,0.588325023651123,SAM_SGD_start5,4.405,0.01
4410,0.134044736623764,0.9363571405410768,0.7470351457595825,0.6140358448028564,SAM_SGD_start5,4.41,0.01
4415,0.4189950227737427,0.9145742058753968,0.7830490469932556,0.5891537070274353,SAM_SGD_start5,4.415,0.01
4420,0.0891111344099044,0.9326410889625548,0.7419570684432983,0.6151784658432007,SAM_SGD_start5,4.42,0.01
4425,0.530915379524231,0.9119306802749634,0.7779873013496399,0.5904496908187866,SAM_SGD_start5,4.425,0.01
4430,0.0628038421273231,0.9296013116836548,0.7375394105911255,0.6170142889022827,SAM_SGD_start5,4.43,0.01
4435,0.6514041423797607,0.9104483723640442,0.7738204002380371,0.5926311612129211,SAM_SGD_start5,4.435,0.01
4440,0.0526103489100933,0.9259393811225892,0.7344971895217896,0.6202061772346497,SAM_SGD_start5,4.44,0.01
4445,0.7785330414772034,0.9516783356666564,0.7737181782722473,0.601673424243927,SAM_SGD_start5,4.445,0.01
4450,0.0577552318572998,0.9267666935920716,0.8111836910247803,0.5787876844406128,SAM_SGD_start5,4.45,0.01
4455,0.5946245789527893,0.949118971824646,0.7686190605163574,0.604701578617096,SAM_SGD_start5,4.455,0.01
4460,0.0871849209070205,0.924579918384552,0.80550217628479,0.5807701349258423,SAM_SGD_start5,4.46,0.01
4465,0.444707453250885,0.9454125165939332,0.7630429267883301,0.6063543558120728,SAM_SGD_start5,4.465,0.01
4470,0.1360406726598739,0.9213481545448304,0.799529492855072,0.5819455981254578,SAM_SGD_start5,4.47,0.01
4475,0.323116660118103,0.9412603974342346,0.7573223114013672,0.6074219942092896,SAM_SGD_start5,4.475,0.01
4480,0.2020451128482818,0.9177871942520142,0.7935149669647217,0.5827633142471313,SAM_SGD_start5,4.48,0.01
4485,0.2271752059459686,0.937004327774048,0.7516451478004456,0.6082607507705688,SAM_SGD_start5,4.485,0.01
4490,0.2833116948604584,0.914223849773407,0.7876213192939758,0.5834867358207703,SAM_SGD_start5,4.49,0.01
4495,0.1546199917793274,0.9328817129135132,0.74615478515625,0.6091156601905823,SAM_SGD_start5,4.495,0.01
4500,0.3781377673149109,0.910910427570343,0.7819951176643372,0.5843328237533569,SAM_SGD_start5,4.5,0.01
4505,0.103313073515892,0.9291136264801024,0.7410030961036682,0.6102225184440613,SAM_SGD_start5,4.505,0.01
4510,0.4848476350307464,0.9081279039382936,0.7768166661262512,0.5855445265769958,SAM_SGD_start5,4.51,0.01
4515,0.0711370483040809,0.925945520401001,0.736407458782196,0.6118854284286499,SAM_SGD_start5,4.515,0.01
4520,0.6012868285179138,0.906295657157898,0.7723778486251831,0.5874732732772827,SAM_SGD_start5,4.52,0.01
4525,0.0557988137006759,0.9233691692352296,0.7328041791915894,0.6146024465560913,SAM_SGD_start5,4.525,0.01
4530,0.7179833650588989,0.9064465165138244,0.7695500254631042,0.5908293724060059,SAM_SGD_start5,4.53,0.01
4535,0.056243997067213,0.939253270626068,0.7422771453857422,0.6273723840713501,SAM_SGD_start5,4.535,0.01
4540,0.700516939163208,0.9203237891197203,0.7790901064872742,0.6028462052345276,SAM_SGD_start5,4.54,0.01
4545,0.0493714548647403,0.928580403327942,0.7419145703315735,0.6333079934120178,SAM_SGD_start5,4.545,0.01
4550,0.1882269382476806,0.9438340067863464,0.810903012752533,0.606097936630249,SAM_SGD_start5,4.55,0.01
4555,0.259779155254364,0.9632487893104552,0.7674437761306763,0.6316248178482056,SAM_SGD_start5,4.555,0.01
4560,0.2709974944591522,0.9396172165870668,0.8045111894607544,0.6062592267990112,SAM_SGD_start5,4.56,0.01
4565,0.1752660721540451,0.958448052406311,0.7614659070968628,0.631881594657898,SAM_SGD_start5,4.565,0.01
4570,0.3684802055358886,0.9355865716934204,0.7983431816101074,0.6064903140068054,SAM_SGD_start5,4.57,0.01
4575,0.1141023188829422,0.9539337754249572,0.7557714581489563,0.6323192119598389,SAM_SGD_start5,4.575,0.01
4580,0.4789589941501617,0.9319823384284972,0.792548418045044,0.6070019006729126,SAM_SGD_start5,4.58,0.01
4585,0.0740662217140197,0.9499277472496032,0.7505345940589905,0.6331942677497864,SAM_SGD_start5,4.585,0.01
4590,0.6005264520645142,0.9291439056396484,0.7873541116714478,0.6080848574638367,SAM_SGD_start5,4.59,0.01
4595,0.0528579950332641,0.9466153979301452,0.746069073677063,0.6349089741706848,SAM_SGD_start5,4.595,0.01
4600,0.7287872433662415,0.9277206063270568,0.7832525372505188,0.6102447509765625,SAM_SGD_start5,4.6,0.01
4605,0.0472556352615356,0.934401512145996,0.824069619178772,0.5901786088943481,SAM_SGD_start5,4.605,0.01
4610,0.7385531663894653,0.9657122492790222,0.7806813716888428,0.6165955066680908,SAM_SGD_start5,4.61,0.01
4615,0.0622789449989795,0.9405372738838196,0.818500816822052,0.5928317904472351,SAM_SGD_start5,4.615,0.01
4620,0.5605098009109497,0.962218165397644,0.7750921249389648,0.6186054944992065,SAM_SGD_start5,4.62,0.01
4625,0.0998633205890655,0.937444508075714,0.8124074935913086,0.5941161513328552,SAM_SGD_start5,4.625,0.01
4630,0.4144907295703888,0.9579432010650636,0.7691925168037415,0.6196670532226562,SAM_SGD_start5,4.63,0.01
4635,0.1565470695495605,0.9336955547332764,0.8061444163322449,0.5948163270950317,SAM_SGD_start5,4.635,0.01
4640,0.2968215942382812,0.9533814787864684,0.7632343769073486,0.620310366153717,SAM_SGD_start5,4.64,0.01
4645,0.230187177658081,0.929762840270996,0.7999069690704346,0.5952728390693665,SAM_SGD_start5,4.645,0.01
4650,0.2049672901630401,0.9488088488578796,0.7573724985122681,0.6208216547966003,SAM_SGD_start5,4.65,0.01
4655,0.3189335465431213,0.9259161949157716,0.7938374280929565,0.5957115888595581,SAM_SGD_start5,4.655,0.01
4660,0.1366544067859649,0.9444385766983032,0.7517393231391907,0.621422529220581,SAM_SGD_start5,4.66,0.01
4665,0.421079009771347,0.922394335269928,0.7880789041519165,0.5963400602340698,SAM_SGD_start5,4.665,0.01
4670,0.0897050499916076,0.9404870867729188,0.746491014957428,0.6223502159118652,SAM_SGD_start5,4.67,0.01
4675,0.5348795652389526,0.9194926619529724,0.7828245759010315,0.5974137783050537,SAM_SGD_start5,4.675,0.01
4680,0.0619256533682346,0.9371934533119202,0.7418732047080994,0.6239392757415771,SAM_SGD_start5,4.68,0.01
4685,0.6576918959617615,0.9176978468894958,0.7784209251403809,0.5993331670761108,SAM_SGD_start5,4.685,0.01
4690,0.0508215017616748,0.933661937713623,0.738516092300415,0.6268048286437988,SAM_SGD_start5,4.69,0.01
4695,0.7937900424003601,0.957969844341278,0.7774689793586731,0.6074334383010864,SAM_SGD_start5,4.695,0.01
4700,0.056029699742794,0.9328839778900146,0.8151857256889343,0.5843865275382996,SAM_SGD_start5,4.7,0.01
4705,0.6062526702880859,0.9552429914474488,0.7722541689872742,0.6103076934814453,SAM_SGD_start5,4.705,0.01
4710,0.0856288895010948,0.9305354356765748,0.8093887567520142,0.5862281322479248,SAM_SGD_start5,4.71,0.01
4715,0.4532362520694732,0.9513849020004272,0.7665730714797974,0.6118224859237671,SAM_SGD_start5,4.715,0.01
4720,0.1349097639322281,0.9271546602249146,0.803307294845581,0.5872725248336792,SAM_SGD_start5,4.72,0.01
4725,0.329019695520401,0.9470876455307008,0.7607516050338745,0.6127588748931885,SAM_SGD_start5,4.725,0.01
4730,0.2015721052885055,0.9234490990638732,0.7971860766410828,0.5879627466201782,SAM_SGD_start5,4.73,0.01
4735,0.230897381901741,0.942687690258026,0.754973828792572,0.6134679317474365,SAM_SGD_start5,4.735,0.01
4740,0.2837099432945251,0.9197399616241456,0.79118412733078,0.5885580778121948,SAM_SGD_start5,4.74,0.01
4745,0.1565714925527572,0.9384175539016724,0.7493795156478882,0.6141901016235352,SAM_SGD_start5,4.745,0.01
4750,0.3796035647392273,0.9162741303443908,0.7854443788528442,0.5892710089683533,SAM_SGD_start5,4.75,0.01
4755,0.1038802042603492,0.9344937205314636,0.7441163063049316,0.615155816078186,SAM_SGD_start5,4.755,0.01
4760,0.4875660538673401,0.9133247137069702,0.7801414132118225,0.5903383493423462,SAM_SGD_start5,4.76,0.01
4765,0.0706823021173477,0.931157410144806,0.7393943071365356,0.6166614890098572,SAM_SGD_start5,4.765,0.01
4770,0.605485200881958,0.9112991094589232,0.7755569219589233,0.5921028852462769,SAM_SGD_start5,4.77,0.01
4775,0.0546770356595516,0.92843759059906,0.7356303334236145,0.6191920638084412,SAM_SGD_start5,4.775,0.01
4780,0.7248289585113525,0.9111535549163818,0.7724871039390564,0.5952337980270386,SAM_SGD_start5,4.78,0.01
4785,0.0519864335656166,0.9292052388191224,0.814608633518219,0.5800033211708069,SAM_SGD_start5,4.785,0.01
4790,0.6585793495178223,0.9526497721672058,0.7719173431396484,0.606137752532959,SAM_SGD_start5,4.79,0.01
4795,0.0740649476647377,0.927911102771759,0.8090739250183105,0.582404375076294,SAM_SGD_start5,4.795,0.01
4800,0.4967446625232696,0.949161946773529,0.7664132714271545,0.6080717444419861,SAM_SGD_start5,4.8,0.01
4805,0.1166556626558303,0.9248528480529784,0.8031213283538818,0.5837364196777344,SAM_SGD_start5,4.805,0.01
4810,0.3646348118782043,0.9450563192367554,0.7606759667396545,0.6092371940612793,SAM_SGD_start5,4.81,0.01
4815,0.1772134751081466,0.921302080154419,0.7970576882362366,0.5845913887023926,SAM_SGD_start5,4.815,0.01
4820,0.2592033743858337,0.940749168395996,0.7549265623092651,0.6100725531578064,SAM_SGD_start5,4.82,0.01
4825,0.2537433505058288,0.9176520109176636,0.7910630702972412,0.5852712988853455,SAM_SGD_start5,4.825,0.01
4830,0.1780842840671539,0.936497688293457,0.749315083026886,0.6108439564704895,SAM_SGD_start5,4.83,0.01
4835,0.3444885611534118,0.9141643047332764,0.785282552242279,0.5859981775283813,SAM_SGD_start5,4.835,0.01
4840,0.1190977171063423,0.93252032995224,0.7439836263656616,0.611780047416687,SAM_SGD_start5,4.84,0.01
4845,0.4477793574333191,0.9110972285270692,0.7798770666122437,0.5869961977005005,SAM_SGD_start5,4.845,0.01
4850,0.0801254957914352,0.9290514588356018,0.7391161322593689,0.6131486892700195,SAM_SGD_start5,4.85,0.01
4855,0.5617549419403076,0.908801257610321,0.7750827074050903,0.5885640978813171,SAM_SGD_start5,4.855,0.01
4860,0.058967150747776,0.9262975454330444,0.7350318431854248,0.6153550744056702,SAM_SGD_start5,4.86,0.01
4865,0.6823669672012329,0.9079191088676452,0.7713856101036072,0.5912024974822998,SAM_SGD_start5,4.865,0.01
4870,0.0526951663196086,0.9153225421905518,0.7403483390808105,0.627112090587616,SAM_SGD_start5,4.87,0.01
4875,0.7391835451126099,0.919258177280426,0.7774708271026611,0.6028885245323181,SAM_SGD_start5,4.875,0.01
4880,0.049885056912899,0.9338631629943848,0.8181988596916199,0.5841854810714722,SAM_SGD_start5,4.88,0.01
4885,0.6831461787223816,0.9577468037605286,0.7752246856689453,0.6103876233100891,SAM_SGD_start5,4.885,0.01
4890,0.0702336505055427,0.9328461289405824,0.8126232624053955,0.5866041779518127,SAM_SGD_start5,4.89,0.01
4895,0.5161523222923279,0.954213559627533,0.769668459892273,0.612301230430603,SAM_SGD_start5,4.895,0.01
4900,0.1115567609667778,0.9297346472740172,0.8066030740737915,0.5878872275352478,SAM_SGD_start5,4.9,0.01
4905,0.3795920312404632,0.95002281665802,0.7638600468635559,0.6134030818939209,SAM_SGD_start5,4.905,0.01
4910,0.1712119579315185,0.926091194152832,0.8004568815231323,0.5886663198471069,SAM_SGD_start5,4.91,0.01
4915,0.270272433757782,0.9456084370613098,0.7580272555351257,0.6141520142555237,SAM_SGD_start5,4.915,0.01
4920,0.2471610903739929,0.9223257303237916,0.7943676710128784,0.5892518758773804,SAM_SGD_start5,4.92,0.01
4925,0.1857799291610717,0.9412308931350708,0.7523202300071716,0.6148176789283752,SAM_SGD_start5,4.925,0.01
4930,0.3376157581806183,0.9186997413635254,0.7884783744812012,0.5898650288581848,SAM_SGD_start5,4.93,0.01
4935,0.1239006221294403,0.9371049404144288,0.7468767166137695,0.6156246662139893,SAM_SGD_start5,4.935,0.01
4940,0.440898984670639,0.9154635667800904,0.782943069934845,0.5907235145568848,SAM_SGD_start5,4.94,0.01
4945,0.0824947953224182,0.933459222316742,0.7418707609176636,0.6168301105499268,SAM_SGD_start5,4.945,0.01
4950,0.5551942586898804,0.9129484295845032,0.7779827117919922,0.5921109914779663,SAM_SGD_start5,4.95,0.01
4955,0.0593650490045547,0.9305179715156556,0.73759526014328,0.6188148856163025,SAM_SGD_start5,4.955,0.01
4960,0.6770428419113159,0.9117398858070374,0.7740306258201599,0.594493567943573,SAM_SGD_start5,4.96,0.01
4965,0.0517827197909355,0.92303067445755,0.7355636954307556,0.622856080532074,SAM_SGD_start5,4.965,0.01
4970,0.7420028448104858,0.9521124362945556,0.77326899766922,0.6031374931335449,SAM_SGD_start5,4.97,0.01
4975,0.0614967569708824,0.9272566437721252,0.8106355667114258,0.5799426436424255,SAM_SGD_start5,4.975,0.01
4980,0.5652209520339966,0.9492213129997252,0.768029510974884,0.6057679653167725,SAM_SGD_start5,4.98,0.01
4985,0.0948426276445388,0.9247412085533142,0.804857611656189,0.581701934337616,SAM_SGD_start5,4.985,0.01
4990,0.4205553531646728,0.9453754425048828,0.7623940706253052,0.6072545051574707,SAM_SGD_start5,4.99,0.01
4995,0.14716337621212,0.9213945865631104,0.798848569393158,0.5827679634094238,SAM_SGD_start5,4.995,0.01
5000,0.3036996126174927,0.941164493560791,0.756657063961029,0.6082407832145691,SAM_SGD_start5,5.0,0.01
5005,0.2162834703922271,0.917794406414032,0.7928323745727539,0.5835344791412354,SAM_SGD_start5,5.005,0.01
5010,0.2121026664972305,0.936899185180664,0.7509921193122864,0.6090490818023682,SAM_SGD_start5,5.01,0.01
5015,0.3003591299057007,0.914241373538971,0.7869642972946167,0.5842487812042236,SAM_SGD_start5,5.015,0.01
5020,0.1435286551713943,0.9328080415725708,0.7455403208732605,0.6099162697792053,SAM_SGD_start5,5.02,0.01
5025,0.3977031707763672,0.9109856486320496,0.7813930511474609,0.585127055644989,SAM_SGD_start5,5.025,0.01
5030,0.0958513617515564,0.9291144609451294,0.7404599785804749,0.6110838651657104,SAM_SGD_start5,5.03,0.01
5035,0.5066113471984863,0.9083228707313538,0.7763110995292664,0.5864241123199463,SAM_SGD_start5,5.035,0.01
5040,0.0669386833906173,0.9260654449462892,0.7359904646873474,0.6128788590431213,SAM_SGD_start5,5.04,0.01
5045,0.6246549487113953,0.9067187309265136,0.7720481157302856,0.5885252952575684,SAM_SGD_start5,5.045,0.01
5050,0.0544043332338333,0.9232758283615112,0.7326734066009521,0.6158670783042908,SAM_SGD_start5,5.05,0.01
5055,0.7289179563522339,0.9090447425842284,0.7710013389587402,0.5934467911720276,SAM_SGD_start5,5.055,0.01
5060,0.2318808734416961,0.9247149229049684,0.7965808510780334,0.5907052755355835,SAM_SGD_start5,5.06,0.01
5065,0.2006180137395858,0.9437310099601746,0.7543551921844482,0.6162500977516174,SAM_SGD_start5,5.065,0.01
5070,0.3200579583644867,0.9210008978843688,0.7906110286712646,0.5912587642669678,SAM_SGD_start5,5.07,0.01
5075,0.1342094242572784,0.9394970536231996,0.7488197088241577,0.6169729232788086,SAM_SGD_start5,5.075,0.01
5080,0.4214345812797546,0.917624294757843,0.7849614024162292,0.5920124650001526,SAM_SGD_start5,5.08,0.01
5085,0.0887841582298278,0.9356953501701356,0.7436811327934265,0.6180373430252075,SAM_SGD_start5,5.085,0.01
5090,0.5342565178871155,0.914890468120575,0.779832661151886,0.5932294130325317,SAM_SGD_start5,5.09,0.01
5095,0.0621674135327339,0.9325661659240724,0.739196240901947,0.6197885870933533,SAM_SGD_start5,5.095,0.01
5100,0.6557560563087463,0.913306474685669,0.7755889892578125,0.5953239798545837,SAM_SGD_start5,5.1,0.01
5105,0.0518404208123683,0.928858995437622,0.7360659241676331,0.6228816509246826,SAM_SGD_start5,5.105,0.01
5110,0.786558985710144,0.9538899064064026,0.7750880122184753,0.6036220192909241,SAM_SGD_start5,5.11,0.01
5115,0.0569084659218788,0.9289115071296692,0.8126500844955444,0.5807033181190491,SAM_SGD_start5,5.115,0.01
5120,0.6008121967315674,0.9512961506843568,0.7699575424194336,0.606626570224762,SAM_SGD_start5,5.12,0.01
5125,0.086125411093235,0.92669278383255,0.8069343566894531,0.5826519131660461,SAM_SGD_start5,5.125,0.01
5130,0.4494287669658661,0.9475456476211548,0.7643483281135559,0.6082421541213989,SAM_SGD_start5,5.13,0.01
5135,0.1348907649517059,0.9234163761138916,0.8009254932403564,0.5837885737419128,SAM_SGD_start5,5.135,0.01
5140,0.3265748620033264,0.9433459043502808,0.7585928440093994,0.6092689037322998,SAM_SGD_start5,5.14,0.01
5145,0.2009128332138061,0.9198067784309388,0.794873058795929,0.5845645070075989,SAM_SGD_start5,5.145,0.01
5150,0.2295585423707962,0.939039409160614,0.7528790235519409,0.6100636720657349,SAM_SGD_start5,5.15,0.01
5155,0.2822951972484588,0.9161909818649292,0.7889390587806702,0.5852431058883667,SAM_SGD_start5,5.155,0.01
5160,0.1560988128185272,0.9348621964454652,0.7473490238189697,0.6108705997467041,SAM_SGD_start5,5.16,0.01
5165,0.37732595205307,0.9128194451332092,0.7832686305046082,0.586039662361145,SAM_SGD_start5,5.165,0.01
5170,0.1040466353297233,0.9310335516929626,0.7421526908874512,0.6119232177734375,SAM_SGD_start5,5.17,0.01
5175,0.4843287169933319,0.9099693894386292,0.778039276599884,0.5871943235397339,SAM_SGD_start5,5.175,0.01
5180,0.0712808072566986,0.927797257900238,0.7375036478042603,0.6135213971138,SAM_SGD_start5,5.18,0.01
5185,0.6011755466461182,0.90805321931839,0.7735369801521301,0.589053213596344,SAM_SGD_start5,5.185,0.01
5190,0.0555092692375183,0.9251734614372252,0.73382568359375,0.616154670715332,SAM_SGD_start5,5.19,0.01
5195,0.7191344499588013,0.9080474376678468,0.7705777883529663,0.592296302318573,SAM_SGD_start5,5.195,0.01
5200,0.0534168221056461,0.9286993741989136,0.8136575818061829,0.5797832608222961,SAM_SGD_start5,5.2,0.01
5205,0.6386922001838684,0.9517186284065248,0.7709928154945374,0.605840802192688,SAM_SGD_start5,5.205,0.01
5210,0.0778116434812545,0.9270357489585876,0.8080685138702393,0.582036018371582,SAM_SGD_start5,5.21,0.01
5215,0.4805241525173187,0.9481509327888488,0.7654597759246826,0.6076751351356506,SAM_SGD_start5,5.215,0.01
5220,0.1223709136247634,0.9239118099212646,0.8021040558815002,0.5833110213279724,SAM_SGD_start5,5.22,0.01
5225,0.3516297340393066,0.9440234303474426,0.7597228288650513,0.608802855014801,SAM_SGD_start5,5.225,0.01
5230,0.1846445798873901,0.9203503727912904,0.796051025390625,0.5841481685638428,SAM_SGD_start5,5.23,0.01
5235,0.2491040080785751,0.9397254586219788,0.7539914846420288,0.6096330881118774,SAM_SGD_start5,5.235,0.01
5240,0.2626753449440002,0.9167203903198242,0.7900829911231995,0.5848357677459717,SAM_SGD_start5,5.24,0.01
5245,0.1706120073795318,0.9355075359344482,0.7484130263328552,0.6104241013526917,SAM_SGD_start5,5.245,0.01
5250,0.3547202348709106,0.9132792353630066,0.7843451499938965,0.5855931043624878,SAM_SGD_start5,5.25,0.01
5255,0.1139864474534988,0.9315873980522156,0.7431315183639526,0.6114056706428528,SAM_SGD_start5,5.255,0.01
5260,0.4591164886951446,0.910290777683258,0.7790030837059021,0.5866491794586182,SAM_SGD_start5,5.26,0.01
5265,0.0771135836839675,0.9282036423683168,0.7383400201797485,0.6128551959991455,SAM_SGD_start5,5.265,0.01
5270,0.5739354491233826,0.9081234335899352,0.7743076086044312,0.5883168578147888,SAM_SGD_start5,5.27,0.01
5275,0.0577704645693302,0.9255290627479552,0.7343858480453491,0.6152026057243347,SAM_SGD_start5,5.275,0.01
5280,0.6942548751831055,0.907490074634552,0.7708118557929993,0.5911368131637573,SAM_SGD_start5,5.28,0.01
5285,0.0525467060506343,0.9148088097572328,0.8126336932182312,0.5746592879295349,SAM_SGD_start5,5.285,0.01
5290,0.6921186447143555,0.9484544396400452,0.7702733278274536,0.6010161638259888,SAM_SGD_start5,5.29,0.01
5295,0.0680710673332214,0.9237648844718932,0.8073704838752747,0.5776326656341553,SAM_SGD_start5,5.295,0.01
5300,0.5249766111373901,0.9453465938568116,0.7649636268615723,0.603367030620575,SAM_SGD_start5,5.3,0.01
5305,0.1057634577155113,0.9210524559020996,0.8015707731246948,0.5792548060417175,SAM_SGD_start5,5.305,0.01
5310,0.3882752358913421,0.9414578676223756,0.7593384385108948,0.6047714948654175,SAM_SGD_start5,5.31,0.01
5315,0.1617700904607772,0.917689561843872,0.7955992817878723,0.5802926421165466,SAM_SGD_start5,5.315,0.01
5320,0.2785278558731079,0.9372856020927428,0.7536559104919434,0.6057606935501099,SAM_SGD_start5,5.32,0.01
5325,0.2340279668569564,0.9141510128974916,0.7896585464477539,0.5810929536819458,SAM_SGD_start5,5.325,0.01
5330,0.1933033913373947,0.9331144094467164,0.7480786442756653,0.606628954410553,SAM_SGD_start5,5.33,0.01
5335,0.3207497298717499,0.9107180833816528,0.78389972448349,0.5818910002708435,SAM_SGD_start5,5.335,0.01
5340,0.13041652739048,0.9291690587997437,0.7427493333816528,0.6076101064682007,SAM_SGD_start5,5.34,0.01
5345,0.4202730655670166,0.9076469540596008,0.7784789800643921,0.5829082131385803,SAM_SGD_start5,5.345,0.01
5350,0.087763100862503,0.9256806373596193,0.7378402352333069,0.608959972858429,SAM_SGD_start5,5.35,0.01
5355,0.5308378338813782,0.905261218547821,0.773611307144165,0.5844224095344543,SAM_SGD_start5,5.355,0.01
5360,0.0631969571113586,0.9228890538215636,0.7336302399635315,0.6110451221466064,SAM_SGD_start5,5.36,0.01
5365,0.649397611618042,0.9041092395782472,0.7696973085403442,0.586874783039093,SAM_SGD_start5,5.365,0.01
5370,0.0541559346020221,0.9186126589775084,0.7310037016868591,0.6146295070648193,SAM_SGD_start5,5.37,0.01
5375,0.7336295247077942,0.9103955030441284,0.7717791199684143,0.5947815775871277,SAM_SGD_start5,5.375,0.01
5380,0.0548795685172081,0.9254062175750732,0.8112897872924805,0.5768812298774719,SAM_SGD_start5,5.38,0.01
5385,0.6254535913467407,0.948294460773468,0.7688208818435669,0.6029099822044373,SAM_SGD_start5,5.385,0.01
5390,0.0800470262765884,0.923717439174652,0.8057417869567871,0.5791561603546143,SAM_SGD_start5,5.39,0.01
5395,0.4701929092407226,0.9447771906852722,0.7633318901062012,0.6047807931900024,SAM_SGD_start5,5.395,0.01
5400,0.1251281350851059,0.920647382736206,0.7998291254043579,0.580478310585022,SAM_SGD_start5,5.4,0.01
5405,0.3438160121440887,0.9407159686088562,0.7576467990875244,0.6059621572494507,SAM_SGD_start5,5.405,0.01
5410,0.1877143532037735,0.917155921459198,0.7938342690467834,0.581373929977417,SAM_SGD_start5,5.41,0.01
5415,0.2434702962636947,0.9364947080612184,0.7519732117652893,0.6068563461303711,SAM_SGD_start5,5.415,0.01
5420,0.2658686935901642,0.913607120513916,0.7879307866096497,0.5821290016174316,SAM_SGD_start5,5.42,0.01
5425,0.1668455153703689,0.9323633909225464,0.7464590668678284,0.6077215075492859,SAM_SGD_start5,5.425,0.01
5430,0.3578692674636841,0.91025972366333,0.7822655439376831,0.5829645395278931,SAM_SGD_start5,5.43,0.01
5435,0.1117984056472778,0.92854243516922,0.7412517666816711,0.608790397644043,SAM_SGD_start5,5.435,0.01
5440,0.4620555639266968,0.9073830842971802,0.7770087122917175,0.5841138362884521,SAM_SGD_start5,5.44,0.01
5445,0.0762242600321769,0.9252737760543824,0.7365507483482361,0.6103477478027344,SAM_SGD_start5,5.445,0.01
5450,0.5764577984809875,0.905358612537384,0.7724214792251587,0.5858995914459229,SAM_SGD_start5,5.45,0.01
5455,0.0578980073332786,0.9227057099342346,0.7327226400375366,0.6128390431404114,SAM_SGD_start5,5.455,0.01
5460,0.695533275604248,0.9049476981163024,0.769104540348053,0.5888884663581848,SAM_SGD_start5,5.46,0.01
5465,0.0527503564953804,0.915697455406189,0.7363680005073547,0.6230299472808838,SAM_SGD_start5,5.465,0.01
5470,0.7762728333473206,0.9557636976242064,0.7759299874305725,0.6057508587837219,SAM_SGD_start5,5.47,0.01
5475,0.0577536448836326,0.9307622909545898,0.8135216236114502,0.5826590657234192,SAM_SGD_start5,5.475,0.01
5480,0.5924874544143677,0.9529890418052672,0.7707133293151855,0.608548104763031,SAM_SGD_start5,5.48,0.01
5485,0.0885321348905563,0.9283621311187744,0.8077360987663269,0.5844802856445312,SAM_SGD_start5,5.485,0.01
5490,0.442298948764801,0.9491418600082396,0.7650517225265503,0.6100602746009827,SAM_SGD_start5,5.49,0.01
5495,0.1387518942356109,0.9249990582466124,0.8016829490661621,0.5855380296707153,SAM_SGD_start5,5.495,0.01
5500,0.3205669522285461,0.9448792338371276,0.7592620253562927,0.6110190749168396,SAM_SGD_start5,5.5,0.01
5505,0.2061555385589599,0.9213340878486632,0.7956003546714783,0.5862590074539185,SAM_SGD_start5,5.505,0.01
5510,0.2246398031711578,0.9405289888381958,0.753524899482727,0.6117660403251648,SAM_SGD_start5,5.51,0.01
5515,0.2888593077659607,0.9176813960075378,0.7896459102630615,0.5868982672691345,SAM_SGD_start5,5.515,0.01
5520,0.1522397994995117,0.9363225698471068,0.7479804754257202,0.6125404238700867,SAM_SGD_start5,5.52,0.01
5525,0.3851529061794281,0.9142887592315674,0.7839645147323608,0.5876696109771729,SAM_SGD_start5,5.525,0.01
5530,0.1012194156646728,0.932478368282318,0.7427796721458435,0.6135761141777039,SAM_SGD_start5,5.53,0.01
5535,0.4933499991893768,0.9114364981651306,0.7787362933158875,0.5888155102729797,SAM_SGD_start5,5.535,0.01
5540,0.0694442838430404,0.9292409420013428,0.7381417155265808,0.6151789426803589,SAM_SGD_start5,5.54,0.01
5545,0.611251175403595,0.9095495343208312,0.774257242679596,0.5906917452812195,SAM_SGD_start5,5.545,0.01
5550,0.054589994251728,0.926551103591919,0.7345163226127625,0.617857038974762,SAM_SGD_start5,5.55,0.01
5555,0.7278860807418823,0.9097678661346436,0.7715020775794983,0.5940689444541931,SAM_SGD_start5,5.555,0.01
5560,0.0499608293175697,0.933212161064148,0.739223062992096,0.6289478540420532,SAM_SGD_start5,5.56,0.01
5565,0.0490933768451213,0.941046416759491,0.8221498727798462,0.5909160375595093,SAM_SGD_start5,5.565,0.01
5570,0.677672803401947,0.9643598198890686,0.7787468433380127,0.6170366406440735,SAM_SGD_start5,5.57,0.01
5575,0.0720301494002342,0.939309537410736,0.8163697719573975,0.5929887294769287,SAM_SGD_start5,5.575,0.01
5580,0.5105605721473694,0.9605482816696168,0.7730279564857483,0.6186662912368774,SAM_SGD_start5,5.58,0.01
5585,0.1158824861049652,0.9359381198883056,0.8102017641067505,0.5940458178520203,SAM_SGD_start5,5.585,0.01
5590,0.373972475528717,0.9561535716056824,0.7670955061912537,0.6195641756057739,SAM_SGD_start5,5.59,0.01
5595,0.1780965477228164,0.9321043491363524,0.8039360046386719,0.5946483016014099,SAM_SGD_start5,5.595,0.01
5600,0.2648544311523437,0.9515722393989564,0.7611590623855591,0.6201480627059937,SAM_SGD_start5,5.6,0.01
5605,0.2566474080085754,0.928181767463684,0.7977434396743774,0.5950848460197449,SAM_SGD_start5,5.605,0.01
5610,0.1807943880558014,0.9470500946044922,0.7553610801696777,0.6206722259521484,SAM_SGD_start5,5.61,0.01
5615,0.3497427701950073,0.9244201183319092,0.791762113571167,0.5955681204795837,SAM_SGD_start5,5.615,0.01
5620,0.1195561736822128,0.9427964091300964,0.7498366236686707,0.6213563084602356,SAM_SGD_start5,5.62,0.01
5625,0.4556934833526611,0.9210664629936218,0.7861449718475342,0.5963138341903687,SAM_SGD_start5,5.625,0.01
5630,0.0789733231067657,0.9390373826026917,0.7447607517242432,0.6224583387374878,SAM_SGD_start5,5.63,0.01
5635,0.5726471543312073,0.9184576272964478,0.7811172008514404,0.5976099967956543,SAM_SGD_start5,5.635,0.01
5640,0.0568130388855934,0.935983180999756,0.7404372096061707,0.6243698000907898,SAM_SGD_start5,5.64,0.01
5645,0.6967645883560181,0.917207419872284,0.7771384119987488,0.599940836429596,SAM_SGD_start5,5.645,0.01
5650,0.0501864217221736,0.9249200224876404,0.7417424321174622,0.6321953535079956,SAM_SGD_start5,5.65,0.01
5655,0.7989681363105774,0.9650946855545044,0.7814745306968689,0.6143053770065308,SAM_SGD_start5,5.655,0.01
5660,0.0552381798624992,0.939836859703064,0.8194409012794495,0.5909765958786011,SAM_SGD_start5,5.66,0.01
5665,0.6097909212112427,0.9620752334594728,0.7760893702507019,0.6168768405914307,SAM_SGD_start5,5.665,0.01
5670,0.0862905234098434,0.9371994733810424,0.8134864568710327,0.5925907492637634,SAM_SGD_start5,5.67,0.01
5675,0.4549850523471832,0.9580053091049194,0.77027428150177,0.6181861162185669,SAM_SGD_start5,5.675,0.01
5680,0.1371635049581527,0.9336178302764891,0.8072741627693176,0.5934555530548096,SAM_SGD_start5,5.68,0.01
5685,0.3293433785438537,0.9535295367240906,0.7643368244171143,0.6189517974853516,SAM_SGD_start5,5.685,0.01
5690,0.2055685818195343,0.9297402501106262,0.8010351061820984,0.5939887166023254,SAM_SGD_start5,5.69,0.01
5695,0.2301686108112335,0.9489672780036926,0.7584521770477295,0.6195076107978821,SAM_SGD_start5,5.695,0.01
5700,0.2895888984203338,0.9258729815483092,0.7949219346046448,0.5944390892982483,SAM_SGD_start5,5.7,0.01
5705,0.1551387757062912,0.9445436000823976,0.7527552843093872,0.6200859546661377,SAM_SGD_start5,5.705,0.01
5710,0.387490451335907,0.9222556352615356,0.789073646068573,0.5950135588645935,SAM_SGD_start5,5.71,0.01
5715,0.102061703801155,0.9404699206352234,0.747390627861023,0.6209130883216858,SAM_SGD_start5,5.715,0.01
5720,0.4975749254226684,0.9191572666168212,0.7836621403694153,0.5959462523460388,SAM_SGD_start5,5.72,0.01
5725,0.0687691122293472,0.9369845390319824,0.7425663471221924,0.6222833395004272,SAM_SGD_start5,5.725,0.01
5730,0.6177018880844116,0.9169842600822448,0.7789681553840637,0.5975790619850159,SAM_SGD_start5,5.73,0.01
5735,0.0529300980269908,0.9340919256210328,0.7387024164199829,0.6246840357780457,SAM_SGD_start5,5.735,0.01
5740,0.7386037111282349,0.9167324900627136,0.7758275270462036,0.600602388381958,SAM_SGD_start5,5.74,0.01
5745,0.0480379350483417,0.94608473777771,0.7451262474060059,0.637709379196167,SAM_SGD_start5,5.745,0.01
5750,0.3776810765266418,0.9434385895729064,0.8030965924263,0.6140176057815552,SAM_SGD_start5,5.75,0.01
5755,0.1124486252665519,0.9617853164672852,0.7600604295730591,0.6398638486862183,SAM_SGD_start5,5.755,0.01
5760,0.4908375144004822,0.9396418929100036,0.7971635460853577,0.6143537759780884,SAM_SGD_start5,5.76,0.01
5765,0.0719864442944526,0.9575859904289246,0.7546917796134949,0.6405600905418396,SAM_SGD_start5,5.765,0.01
5770,0.6152349710464478,0.9366071820259094,0.7918258905410767,0.615260124206543,SAM_SGD_start5,5.77,0.01
5775,0.0507349669933319,0.9540716409683228,0.7500887513160706,0.6420945525169373,SAM_SGD_start5,5.775,0.01
5780,0.7463446855545044,0.9349851608276368,0.7875775694847107,0.6172432899475098,SAM_SGD_start5,5.78,0.01
5785,0.0453129410743713,0.9420189261436462,0.8285987973213196,0.5965679883956909,SAM_SGD_start5,5.785,0.01
5790,0.7547979354858398,0.9726718068122864,0.7847915887832642,0.6229883432388306,SAM_SGD_start5,5.79,0.01
5795,0.0604655444622039,0.94730806350708,0.8228950500488281,0.5990532040596008,SAM_SGD_start5,5.795,0.01
5800,0.5728113651275635,0.969002902507782,0.7790828943252563,0.6248372197151184,SAM_SGD_start5,5.8,0.01
5805,0.0983403623104095,0.9440451264381408,0.8166802525520325,0.6001878976821899,SAM_SGD_start5,5.805,0.01
5810,0.4234105348587036,0.9645659923553468,0.7730720639228821,0.6257511377334595,SAM_SGD_start5,5.81,0.01
5815,0.1556000858545303,0.9401365518569946,0.8103008270263672,0.6007466316223145,SAM_SGD_start5,5.815,0.01
5820,0.302891194820404,0.9598473906517028,0.7670056223869324,0.6262522339820862,SAM_SGD_start5,5.82,0.01
5825,0.2300712317228317,0.936046838760376,0.8039482831954956,0.601064145565033,SAM_SGD_start5,5.825,0.01
5830,0.2086845785379409,0.9551175236701964,0.7610346078872681,0.6266212463378906,SAM_SGD_start5,5.83,0.01
5835,0.3198849558830261,0.9320401549339294,0.7977606058120728,0.6013615131378174,SAM_SGD_start5,5.835,0.01
5840,0.1384797692298889,0.9505842924118042,0.7552874684333801,0.6270747184753418,SAM_SGD_start5,5.84,0.01
5845,0.4233142137527466,0.9283484816551208,0.7918766140937805,0.6018413305282593,SAM_SGD_start5,5.845,0.01
5850,0.090067371726036,0.9464592933654784,0.7499150037765503,0.6278436779975891,SAM_SGD_start5,5.85,0.01
5855,0.5386069416999817,0.9252587556838988,0.7864826917648315,0.6027517318725586,SAM_SGD_start5,5.855,0.01
5860,0.0612325109541416,0.9429792165756226,0.7451534867286682,0.6292529106140137,SAM_SGD_start5,5.86,0.01
5865,0.6632109880447388,0.9232395887374878,0.7819104194641113,0.6044813394546509,SAM_SGD_start5,5.865,0.01
5870,0.0494825132191181,0.9394497275352478,0.7415862083435059,0.6318914294242859,SAM_SGD_start5,5.87,0.01
5875,0.7919824719429016,0.965754210948944,0.7817072868347168,0.6151462197303772,SAM_SGD_start5,5.875,0.01
5880,0.055901326239109,0.940493941307068,0.8196755051612854,0.5917354226112366,SAM_SGD_start5,5.88,0.01
5885,0.6041041016578674,0.9626481533050536,0.7762822508811951,0.6176170706748962,SAM_SGD_start5,5.885,0.01
5890,0.087856575846672,0.937770128250122,0.8136903643608093,0.5932884216308594,SAM_SGD_start5,5.89,0.01
5895,0.4502111971378326,0.9585344791412354,0.7704452872276306,0.6188778877258301,SAM_SGD_start5,5.895,0.01
5900,0.1395569443702697,0.9341502785682678,0.8074605464935303,0.5941177606582642,SAM_SGD_start5,5.9,0.01
5905,0.3254061639308929,0.9540328979492188,0.7644953727722168,0.6196141242980957,SAM_SGD_start5,5.905,0.01
5910,0.2087307423353195,0.9302513003349304,0.8012117147445679,0.5946283340454102,SAM_SGD_start5,5.91,0.01
5915,0.22702257335186,0.9494556188583374,0.7586044073104858,0.6201514005661011,SAM_SGD_start5,5.915,0.01
5920,0.293470561504364,0.926372766494751,0.7950941324234009,0.5950647592544556,SAM_SGD_start5,5.92,0.01
5925,0.1527380049228668,0.9450247883796692,0.752906084060669,0.620719850063324,SAM_SGD_start5,5.925,0.01
5930,0.3920440971851349,0.9227532148361206,0.7892469763755798,0.5956333875656128,SAM_SGD_start5,5.93,0.01
5935,0.1003638356924057,0.940952479839325,0.7475460171699524,0.62154620885849,SAM_SGD_start5,5.935,0.01
5940,0.5027487874031067,0.9196642637252808,0.7838440537452698,0.5965701937675476,SAM_SGD_start5,5.94,0.01
5945,0.0677256435155868,0.937476933002472,0.7427360415458679,0.622929036617279,SAM_SGD_start5,5.945,0.01
5950,0.6234013438224792,0.9175200462341307,0.779172420501709,0.5982232689857483,SAM_SGD_start5,5.95,0.01
5955,0.0524750091135501,0.9345546960830688,0.7389121651649475,0.625367283821106,SAM_SGD_start5,5.955,0.01
5960,0.7432827353477478,0.9174207448959352,0.7761694192886353,0.6013409495353699,SAM_SGD_start5,5.96,0.01
5965,0.0520088151097297,0.9468215703964232,0.7460498213768005,0.6354333162307739,SAM_SGD_start5,5.965,0.01
5970,0.7372658848762512,0.9280978441238404,0.7832995057106018,0.6108006238937378,SAM_SGD_start5,5.97,0.01
5975,0.0468047112226486,0.9361839890480042,0.8266145586967468,0.5945677757263184,SAM_SGD_start5,5.975,0.01
5980,0.7348565459251404,0.9699854850769044,0.7829466462135315,0.620904266834259,SAM_SGD_start5,5.98,0.01
5985,0.0631093308329582,0.9447144865989684,0.8209061026573181,0.596956729888916,SAM_SGD_start5,5.985,0.01
5990,0.5568118691444397,0.966296911239624,0.7772462964057922,0.622713029384613,SAM_SGD_start5,5.99,0.01
5995,0.1023391932249069,0.9414380192756652,0.8147136569023132,0.5980865955352783,SAM_SGD_start5,5.995,0.01
6000,0.4107672274112701,0.961885154247284,0.771264374256134,0.6236369013786316,SAM_SGD_start5,6.0,0.01
6005,0.1606827676296234,0.9375618696212769,0.8083719611167908,0.5986692309379578,SAM_SGD_start5,6.005,0.01
6010,0.2932086586952209,0.9572135210037231,0.7652385234832764,0.6241710782051086,SAM_SGD_start5,6.01,0.01
6015,0.236008882522583,0.933525800704956,0.8020674586296082,0.5990278720855713,SAM_SGD_start5,6.015,0.01
6020,0.2016187161207199,0.9525465965270996,0.7593178749084473,0.6245895624160767,SAM_SGD_start5,6.02,0.01
6025,0.3264623582363128,0.9295904636383056,0.7959386110305786,0.5993814468383789,SAM_SGD_start5,6.025,0.01
6030,0.133708193898201,0.948093056678772,0.7536324262619019,0.6251095533370972,SAM_SGD_start5,6.03,0.01
6035,0.4303347766399383,0.9259914755821228,0.7901270389556885,0.5999355912208557,SAM_SGD_start5,6.035,0.01
6040,0.0872795954346656,0.9440677762031556,0.7483381628990173,0.6259682774543762,SAM_SGD_start5,6.04,0.01
6045,0.5458632707595825,0.923026204109192,0.7848276495933533,0.600947380065918,SAM_SGD_start5,6.045,0.01
6050,0.0601213462650775,0.9407069087028505,0.7436856627464294,0.6275050044059753,SAM_SGD_start5,6.05,0.01
6055,0.6702907085418701,0.921192705631256,0.7803966999053955,0.6028256416320801,SAM_SGD_start5,6.055,0.01
6060,0.0496878549456596,0.9367300271987916,0.7403659224510193,0.630368173122406,SAM_SGD_start5,6.06,0.01
6065,0.8063751459121704,0.961116909980774,0.779429018497467,0.6101855039596558,SAM_SGD_start5,6.065,0.01
6070,0.0547660365700721,0.9359346628189088,0.8172860145568848,0.5871002078056335,SAM_SGD_start5,6.07,0.01
6075,0.6159836053848267,0.9583498239517212,0.7741732001304626,0.6130367517471313,SAM_SGD_start5,6.075,0.01
6080,0.0839634761214256,0.9335498809814452,0.8114431500434875,0.5888991355895996,SAM_SGD_start5,6.08,0.01
6085,0.4607168436050415,0.9544330835342408,0.7684469223022461,0.614503026008606,SAM_SGD_start5,6.085,0.01
6090,0.1330295503139495,0.930108904838562,0.8053117394447327,0.589891254901886,SAM_SGD_start5,6.09,0.01
6095,0.334557831287384,0.9500704407691956,0.7625770568847656,0.6153838038444519,SAM_SGD_start5,6.095,0.01
6100,0.1996422559022903,0.9263359308242798,0.7991374731063843,0.5905240774154663,SAM_SGD_start5,6.1,0.01
6105,0.234771192073822,0.9455994963645936,0.7567476034164429,0.6160317063331604,SAM_SGD_start5,6.105,0.01
6110,0.2818774878978729,0.9225530624389648,0.7930784225463867,0.5910564661026001,SAM_SGD_start5,6.11,0.01
6115,0.1590378880500793,0.9412519335746764,0.7510969042778015,0.6166860461235046,SAM_SGD_start5,6.115,0.01
6120,0.3780021369457245,0.919004201889038,0.7872755527496338,0.5916988849639893,SAM_SGD_start5,6.12,0.01
6125,0.1051785796880722,0.9372413158416748,0.7457697987556458,0.6175742149353027,SAM_SGD_start5,6.125,0.01
6130,0.4863309264183044,0.9159578680992126,0.7818995714187622,0.5926845073699951,SAM_SGD_start5,6.13,0.01
6135,0.0710439831018447,0.9338067770004272,0.7409709095954895,0.6189866065979004,SAM_SGD_start5,6.135,0.01
6140,0.6047875285148621,0.9138107895851136,0.7772233486175537,0.5943478345870972,SAM_SGD_start5,6.14,0.01
6145,0.0543352514505386,0.931014358997345,0.7370988726615906,0.62139493227005,SAM_SGD_start5,6.145,0.01
6150,0.7258038520812988,0.913449227809906,0.7739736437797546,0.5973213911056519,SAM_SGD_start5,6.15,0.01
6155,0.0514553152024745,0.9284825325012208,0.8146090507507324,0.5792577266693115,SAM_SGD_start5,6.155,0.01
6160,0.6700701713562012,0.952303409576416,0.7719598412513733,0.6054486632347107,SAM_SGD_start5,6.16,0.01
6165,0.0719510316848754,0.9275546669960022,0.8091325759887695,0.5817907452583313,SAM_SGD_start5,6.165,0.01
6170,0.5062587857246399,0.9488981366157532,0.7664942145347595,0.6074770092964172,SAM_SGD_start5,6.17,0.01
6175,0.1131616979837417,0.9245692491531372,0.8032069802284241,0.5831846594810486,SAM_SGD_start5,6.175,0.01
6180,0.3724218904972076,0.9448325634002686,0.7607738375663757,0.608690619468689,SAM_SGD_start5,6.18,0.01
6185,0.172472283244133,0.9210504293441772,0.7971540689468384,0.5840730667114258,SAM_SGD_start5,6.185,0.01
6190,0.2654053568840027,0.9405430555343628,0.7550290822982788,0.6095510125160217,SAM_SGD_start5,6.19,0.01
6195,0.2478653639554977,0.9174111485481262,0.7911593914031982,0.5847690105438232,SAM_SGD_start5,6.195,0.01
6200,0.1828180849552154,0.9362936615943908,0.7494125962257385,0.6103311777114868,SAM_SGD_start5,6.2,0.01
6205,0.3375739753246307,0.9139175415039062,0.7853689789772034,0.585497260093689,SAM_SGD_start5,6.205,0.01
6210,0.1224783807992935,0.9323031306266784,0.7440658807754517,0.6112600564956665,SAM_SGD_start5,6.21,0.01
6215,0.4399320781230926,0.9108253121376038,0.7799413204193115,0.5864802002906799,SAM_SGD_start5,6.215,0.01
6220,0.0822694450616836,0.9288045167922974,0.7391683459281921,0.612600564956665,SAM_SGD_start5,6.22,0.01
6225,0.5531092286109924,0.908475399017334,0.7751049399375916,0.5880086421966553,SAM_SGD_start5,6.225,0.01
6230,0.0600058808922767,0.9260182976722716,0.7350245118141174,0.6147444248199463,SAM_SGD_start5,6.23,0.01
6235,0.6734572649002075,0.9074759483337402,0.7713137269020081,0.5905627608299255,SAM_SGD_start5,6.235,0.01
6240,0.0529112480580806,0.9174374341964722,0.7336610555648804,0.6194979548454285,SAM_SGD_start5,6.24,0.01
6245,0.7123534679412842,0.9524481296539308,0.772881031036377,0.6043283939361572,SAM_SGD_start5,6.245,0.01
6250,0.065304048359394,0.927630603313446,0.8101721405982971,0.5809179544448853,SAM_SGD_start5,6.25,0.01
6255,0.5409736037254333,0.9493185877799988,0.7675358653068542,0.6066800951957703,SAM_SGD_start5,6.255,0.01
6260,0.1019199639558792,0.9248915910720824,0.8043229579925537,0.5825099945068359,SAM_SGD_start5,6.26,0.01
6265,0.4006807506084442,0.945368468761444,0.7618572115898132,0.6080408096313477,SAM_SGD_start5,6.265,0.01
6270,0.1571488082408905,0.9214611053466796,0.7982884645462036,0.5834924578666687,SAM_SGD_start5,6.27,0.01
6275,0.2877980470657348,0.941115140914917,0.7561105489730835,0.6089656949043274,SAM_SGD_start5,6.275,0.01
6280,0.2288870513439178,0.9178348779678344,0.7922746539115906,0.5842214226722717,SAM_SGD_start5,6.28,0.01
6285,0.1998464912176132,0.9368470907211304,0.7504593729972839,0.6097536683082581,SAM_SGD_start5,6.285,0.01
6290,0.315324068069458,0.9142961502075196,0.7864317893981934,0.5849329233169556,SAM_SGD_start5,6.29,0.01
6295,0.1346146762371063,0.9327878952026368,0.7450438737869263,0.610636830329895,SAM_SGD_start5,6.295,0.01
6300,0.4147842824459076,0.9110963344573976,0.7809114456176758,0.5858443379402161,SAM_SGD_start5,6.3,0.01
6305,0.0899775624275207,0.9291636347770692,0.740029513835907,0.6118637323379517,SAM_SGD_start5,6.305,0.01
6310,0.5255302786827087,0.9085463285446168,0.7759187817573547,0.5872233510017395,SAM_SGD_start5,6.31,0.01
6315,0.0637893974781036,0.9262176752090454,0.7356784343719482,0.613784670829773,SAM_SGD_start5,6.315,0.01
6320,0.6447753310203552,0.9071605205535888,0.7718247175216675,0.5894889831542969,SAM_SGD_start5,6.32,0.01
6325,0.053553432226181,0.9227178692817688,0.732700526714325,0.6170599460601807,SAM_SGD_start5,6.325,0.01
6330,0.7692049741744995,0.9486956596374512,0.7718945145606995,0.5990079045295715,SAM_SGD_start5,6.33,0.01
6335,0.058783870190382,0.9238713383674622,0.8092342019081116,0.5761792659759521,SAM_SGD_start5,6.335,0.01
6340,0.5874559879302979,0.9461956024169922,0.7668426036834717,0.602084219455719,SAM_SGD_start5,6.34,0.01
6345,0.0883573964238166,0.9217408895492554,0.8036022782325745,0.5782157778739929,SAM_SGD_start5,6.345,0.01
6350,0.439307153224945,0.9425535798072816,0.7613134980201721,0.6037932634353638,SAM_SGD_start5,6.35,0.01
6355,0.1372084319591522,0.9185738563537598,0.7976799011230469,0.5794478058815002,SAM_SGD_start5,6.355,0.01
6360,0.3192270398139953,0.9384677410125732,0.7556405067443848,0.6049191355705261,SAM_SGD_start5,6.36,0.01
6365,0.2030766904354095,0.9150800704956056,0.7917168140411377,0.5803236365318298,SAM_SGD_start5,6.365,0.01
6370,0.2245704084634781,0.9342806339263916,0.7500127553939819,0.6058183908462524,SAM_SGD_start5,6.37,0.01
6375,0.2840851843357086,0.9115875363349916,0.785876989364624,0.5811079740524292,SAM_SGD_start5,6.375,0.01
6380,0.153081476688385,0.930230975151062,0.7445749044418335,0.6067376732826233,SAM_SGD_start5,6.38,0.01
6385,0.3785443305969238,0.908351182937622,0.7803089618682861,0.5820199847221375,SAM_SGD_start5,6.385,0.01
6390,0.1026344746351242,0.9265422224998474,0.7394812703132629,0.607915997505188,SAM_SGD_start5,6.39,0.01
6395,0.4847798645496368,0.9056556820869446,0.7751963138580322,0.5833058953285217,SAM_SGD_start5,6.395,0.01
6400,0.0711262002587318,0.9234620928764344,0.7349541187286377,0.6096618175506592,SAM_SGD_start5,6.4,0.01
6405,0.6005998253822327,0.9039296507835388,0.7708379030227661,0.5853231549263,SAM_SGD_start5,6.405,0.01
6410,0.0562594980001449,0.9209478497505188,0.7314440011978149,0.6124835014343262,SAM_SGD_start5,6.41,0.01
6415,0.7156425714492798,0.9042783975601196,0.7681758999824524,0.5888230800628662,SAM_SGD_start5,6.415,0.01
6420,0.0522876232862472,0.915730118751526,0.813103199005127,0.5752221941947937,SAM_SGD_start5,6.42,0.01
6425,0.695045530796051,0.9491287469863892,0.7707048654556274,0.6015889048576355,SAM_SGD_start5,6.425,0.01
6430,0.0676653161644935,0.9244182705879213,0.8078333735466003,0.5781977772712708,SAM_SGD_start5,6.43,0.01
6435,0.527275800704956,0.9460136294364928,0.7653875946998596,0.6039357781410217,SAM_SGD_start5,6.435,0.01
6440,0.1052266731858253,0.921698272228241,0.8020243644714355,0.5798123478889465,SAM_SGD_start5,6.44,0.01
6445,0.3900427222251892,0.9421132802963256,0.7597528696060181,0.6053310632705688,SAM_SGD_start5,6.445,0.01
6450,0.1611464470624923,0.9183228015899658,0.7960419654846191,0.5808395743370056,SAM_SGD_start5,6.45,0.01
6455,0.2798350751399994,0.937926948070526,0.7540595531463623,0.6063084602355957,SAM_SGD_start5,6.455,0.01
6460,0.2333551496267318,0.9147691130638124,0.7900891304016113,0.5816273093223572,SAM_SGD_start5,6.46,0.01
6465,0.1942118257284164,0.933739423751831,0.74847012758255,0.6071628332138062,SAM_SGD_start5,6.465,0.01
6470,0.3200633525848388,0.91131854057312,0.7843165397644043,0.5824106335639954,SAM_SGD_start5,6.47,0.01
6475,0.1309821307659149,0.9297754168510436,0.7431268095970154,0.6081277132034302,SAM_SGD_start5,6.475,0.01
6480,0.4196077883243561,0.9082264304161072,0.7788796424865723,0.5834105014801025,SAM_SGD_start5,6.48,0.01
6485,0.0880424678325653,0.9262648820877076,0.7382009625434875,0.6094576716423035,SAM_SGD_start5,6.485,0.01
6490,0.5302276015281677,0.90581476688385,0.7739923596382141,0.5849030613899231,SAM_SGD_start5,6.49,0.01
6495,0.0632468238472938,0.9234490990638732,0.7339687943458557,0.6115168929100037,SAM_SGD_start5,6.495,0.01
6500,0.6489229798316956,0.9046263694763184,0.7700502276420593,0.5873262882232666,SAM_SGD_start5,6.5,0.01
6505,0.054041214287281,0.9193137884140016,0.7312837243080139,0.6150498986244202,SAM_SGD_start5,6.505,0.01
6510,0.73125821352005,0.9113900065422058,0.7724897861480713,0.5956129431724548,SAM_SGD_start5,6.51,0.01
6515,0.049440324306488,0.9377716183662416,0.740909218788147,0.6312816143035889,SAM_SGD_start5,6.515,0.01
6520,0.8087998628616333,0.9617942571640016,0.7798449397087097,0.610786497592926,SAM_SGD_start5,6.52,0.01
6525,0.0545224510133266,0.936591863632202,0.8177312016487122,0.5876903533935547,SAM_SGD_start5,6.525,0.01
6530,0.6178527474403381,0.9590157866477966,0.7745792269706726,0.6136294007301331,SAM_SGD_start5,6.53,0.01
6535,0.083663173019886,0.9341964721679688,0.8118777275085449,0.5894782543182373,SAM_SGD_start5,6.535,0.01
6540,0.4621427655220032,0.9550852179527284,0.7688428163528442,0.6150838732719421,SAM_SGD_start5,6.54,0.01
6545,0.1327097415924072,0.930741548538208,0.8057352900505066,0.5904582738876343,SAM_SGD_start5,6.545,0.01
6550,0.335600346326828,0.9507079124450684,0.762962281703949,0.6159520745277405,SAM_SGD_start5,6.55,0.01
6555,0.1993361264467239,0.9269539713859558,0.7995495796203613,0.5910783410072327,SAM_SGD_start5,6.555,0.01
6560,0.2354911863803863,0.946221888065338,0.7571220397949219,0.6165865659713745,SAM_SGD_start5,6.56,0.01
6565,0.2816106677055359,0.9231553077697754,0.7934787273406982,0.5915971398353577,SAM_SGD_start5,6.565,0.01
6570,0.1594861149787902,0.941858172416687,0.7514597177505493,0.6172265410423279,SAM_SGD_start5,6.57,0.01
6575,0.3778032064437866,0.9195891618728638,0.7876628637313843,0.5922248363494873,SAM_SGD_start5,6.575,0.01
6580,0.105403795838356,0.9378297328948976,0.7461196184158325,0.6180986762046814,SAM_SGD_start5,6.58,0.01
6585,0.4862259030342102,0.9165231585502625,0.7822720408439636,0.5931935906410217,SAM_SGD_start5,6.585,0.01
6590,0.0710917264223098,0.9343751072883606,0.7413052320480347,0.6194919943809509,SAM_SGD_start5,6.59,0.01
6595,0.6048058271408081,0.914351761341095,0.7775776386260986,0.594836413860321,SAM_SGD_start5,6.595,0.01
6600,0.054252415895462,0.9315661787986756,0.7374120950698853,0.621876060962677,SAM_SGD_start5,6.6,0.01
6605,0.7261372208595276,0.9139504432678224,0.7742951512336731,0.5977804064750671,SAM_SGD_start5,6.605,0.01
6610,0.0513393767178058,0.9289358854293824,0.8148987293243408,0.5796735286712646,SAM_SGD_start5,6.61,0.01
6615,0.6708192825317383,0.9527508616447448,0.772222101688385,0.6058639287948608,SAM_SGD_start5,6.615,0.01
6620,0.0718641281127929,0.9279900193214417,0.8094126582145691,0.582193911075592,SAM_SGD_start5,6.62,0.01
6625,0.5068036913871765,0.949333131313324,0.7667481899261475,0.6078806519508362,SAM_SGD_start5,6.625,0.01
6630,0.1131195724010467,0.9249926209449768,0.8034786581993103,0.5835773348808289,SAM_SGD_start5,6.63,0.01
6635,0.3727930188179016,0.9452562928199768,0.7610202431678772,0.609083890914917,SAM_SGD_start5,6.635,0.01
6640,0.1724896728992462,0.9214627742767334,0.7974178791046143,0.5844560265541077,SAM_SGD_start5,6.64,0.01
6645,0.2656314074993133,0.9409562945365906,0.7552681565284729,0.6099346280097961,SAM_SGD_start5,6.645,0.01
6650,0.2479557394981384,0.9178129434585572,0.7914155721664429,0.5851424932479858,SAM_SGD_start5,6.65,0.01
6655,0.1829320192337036,0.9366962909698486,0.7496445178985596,0.6107051372528076,SAM_SGD_start5,6.655,0.01
6660,0.3377482891082763,0.9143086075782776,0.785617470741272,0.585861325263977,SAM_SGD_start5,6.66,0.01
6665,0.1225040853023529,0.9326952695846558,0.7442903518676758,0.6116242408752441,SAM_SGD_start5,6.665,0.01
6670,0.4402033388614654,0.9112054109573364,0.7801815867424011,0.5868344306945801,SAM_SGD_start5,6.67,0.01
6675,0.0822299718856811,0.929185390472412,0.739384651184082,0.6129545569419861,SAM_SGD_start5,6.675,0.01
6680,0.5534970760345459,0.9088433980941772,0.7753360271453857,0.5883525609970093,SAM_SGD_start5,6.68,0.01
6685,0.0599252395331859,0.926387369632721,0.7352315783500671,0.61508709192276,SAM_SGD_start5,6.685,0.01
6690,0.6739723086357117,0.907829761505127,0.7715340256690979,0.5908947587013245,SAM_SGD_start5,6.69,0.01
6695,0.0528142638504505,0.9178256392478944,0.7338380813598633,0.6198071837425232,SAM_SGD_start5,6.695,0.01
6700,0.7163788080215454,0.9523584246635436,0.7729100584983826,0.6041222810745239,SAM_SGD_start5,6.7,0.01
6705,0.0647434815764427,0.927536964416504,0.8102096915245056,0.5807415246963501,SAM_SGD_start5,6.705,0.01
6710,0.5442854762077332,0.9492616653442384,0.767579972743988,0.6065119504928589,SAM_SGD_start5,6.71,0.01
6715,0.1008985489606857,0.9248281717300416,0.8043708205223083,0.5823571085929871,SAM_SGD_start5,6.715,0.01
6720,0.4033995568752289,0.9453266859054564,0.7619078159332275,0.6078906655311584,SAM_SGD_start5,6.72,0.01
6725,0.1557154804468155,0.9214100241661072,0.7983404397964478,0.5833519101142883,SAM_SGD_start5,6.725,0.01
6730,0.2899762392044067,0.9410800337791444,0.7561630606651306,0.6088247895240784,SAM_SGD_start5,6.73,0.01
6735,0.2270791232585907,0.9177882075309752,0.7923269271850586,0.5840867161750793,SAM_SGD_start5,6.735,0.01
6740,0.2015271633863449,0.9368131756782532,0.7505105137825012,0.609616219997406,SAM_SGD_start5,6.74,0.01
6745,0.3131763339042663,0.9142482876777648,0.7864810824394226,0.5847991704940796,SAM_SGD_start5,6.745,0.01
6750,0.1358363181352615,0.9327501058578492,0.7450903654098511,0.6104977130889893,SAM_SGD_start5,6.75,0.01
6755,0.4123318493366241,0.9110410809516908,0.7809540629386902,0.5857065320014954,SAM_SGD_start5,6.755,0.01
6760,0.0907810181379318,0.9291169047355652,0.7400672435760498,0.6117167472839355,SAM_SGD_start5,6.76,0.01
6765,0.5228063464164734,0.9084756374359132,0.7759493589401245,0.5870743989944458,SAM_SGD_start5,6.765,0.01
6770,0.0642169192433357,0.9261578321456908,0.7356997728347778,0.6136202812194824,SAM_SGD_start5,6.77,0.01
6775,0.6418821811676025,0.9070590138435364,0.7718313336372375,0.5893169641494751,SAM_SGD_start5,6.775,0.01
6780,0.0536650605499744,0.9228172302246094,0.7326655387878418,0.6168504953384399,SAM_SGD_start5,6.78,0.01
6785,0.7656207084655762,0.9488304853439332,0.7719019651412964,0.599242091178894,SAM_SGD_start5,6.785,0.01
6790,0.0591093562543392,0.9240102171897888,0.809234619140625,0.57637619972229,SAM_SGD_start5,6.79,0.01
6795,0.5845985412597656,0.9462916254997252,0.7668334245681763,0.6022714972496033,SAM_SGD_start5,6.795,0.01
6800,0.0890857279300689,0.921840250492096,0.8035906553268433,0.5783865451812744,SAM_SGD_start5,6.8,0.01
6805,0.4369443356990814,0.942632257938385,0.761296272277832,0.6039606332778931,SAM_SGD_start5,6.805,0.01
6810,0.138296440243721,0.9186586141586304,0.7976626753807068,0.5796049237251282,SAM_SGD_start5,6.81,0.01
6815,0.3173131346702575,0.9385379552841188,0.755620002746582,0.6050759553909302,SAM_SGD_start5,6.815,0.01
6820,0.2044919282197952,0.9151584506034852,0.7916976809501648,0.5804735422134399,SAM_SGD_start5,6.82,0.01
6825,0.2230665534734726,0.9343476295471193,0.7499918341636658,0.605970025062561,SAM_SGD_start5,6.825,0.01
6830,0.285801500082016,0.9116647243499756,0.7858587503433228,0.5812550783157349,SAM_SGD_start5,6.83,0.01
6835,0.1519576162099838,0.9302990436553956,0.7445562481880188,0.6068887710571289,SAM_SGD_start5,6.835,0.01
6840,0.3805365264415741,0.908431887626648,0.7802945971488953,0.5821685194969177,SAM_SGD_start5,6.84,0.01
6845,0.101862147450447,0.9266154766082764,0.7394682765007019,0.6080711483955383,SAM_SGD_start5,6.845,0.01
6850,0.4870135188102722,0.905746042728424,0.7751898169517517,0.583460807800293,SAM_SGD_start5,6.85,0.01
6855,0.0706738978624343,0.9235450029373168,0.7349517941474915,0.6098278164863586,SAM_SGD_start5,6.855,0.01
6860,0.6030229926109314,0.9040398001670836,0.7708467841148376,0.5854928493499756,SAM_SGD_start5,6.86,0.01
6865,0.0560866631567478,0.921018123626709,0.7314665913581848,0.612673282623291,SAM_SGD_start5,6.865,0.01
6870,0.7174311280250549,0.9044800996780396,0.7682660222053528,0.5890510678291321,SAM_SGD_start5,6.87,0.01
6875,0.0515780188143253,0.9244115352630616,0.7359073758125305,0.6234455108642578,SAM_SGD_start5,6.875,0.01
6880,0.7432935833930969,0.9527375102043152,0.773638904094696,0.6037137508392334,SAM_SGD_start5,6.88,0.01
6885,0.0613417699933052,0.9278647899627686,0.8110302686691284,0.5805020928382874,SAM_SGD_start5,6.885,0.01
6890,0.566193699836731,0.9498289823532104,0.7683876156806946,0.6063277721405029,SAM_SGD_start5,6.89,0.01
6895,0.0947252511978149,0.9253321290016174,0.8052403926849365,0.5822465419769287,SAM_SGD_start5,6.895,0.01
6900,0.4212495982646942,0.945967435836792,0.7627415060997009,0.6078000068664551,SAM_SGD_start5,6.9,0.01
6905,0.1471061706542968,0.9219704866409302,0.7992205023765564,0.5832991600036621,SAM_SGD_start5,6.905,0.01
6910,0.3041633069515228,0.9417418837547302,0.7569945454597473,0.6087729930877686,SAM_SGD_start5,6.91,0.01
6915,0.2163071632385254,0.9183559417724608,0.7931938171386719,0.5840529203414917,SAM_SGD_start5,6.915,0.01
6920,0.2123757451772689,0.9374622702598572,0.7513197064399719,0.6095682978630066,SAM_SGD_start5,6.92,0.01
6925,0.3004830181598663,0.91478830575943,0.7873150110244751,0.5847543478012085,SAM_SGD_start5,6.925,0.01
6930,0.1436496376991272,0.9333564043045044,0.7458574771881104,0.6104221343994141,SAM_SGD_start5,6.93,0.01
6935,0.3979474008083343,0.9115172624588012,0.7817323803901672,0.5856192708015442,SAM_SGD_start5,6.935,0.01
6940,0.0958553478121757,0.9296473264694214,0.7407659888267517,0.6115756630897522,SAM_SGD_start5,6.94,0.01
6945,0.5069954991340637,0.908837914466858,0.7766379117965698,0.5869020819664001,SAM_SGD_start5,6.945,0.01
6950,0.0668601095676422,0.926582098007202,0.7362838387489319,0.6133552193641663,SAM_SGD_start5,6.95,0.01
6955,0.6252017617225647,0.9072148203849792,0.7723605036735535,0.5889871716499329,SAM_SGD_start5,6.955,0.01
6960,0.0542783364653587,0.9237822890281676,0.7329503893852234,0.6163250803947449,SAM_SGD_start5,6.96,0.01
6965,0.7299337387084961,0.9094502925872804,0.7712442874908447,0.5938371419906616,SAM_SGD_start5,6.965,0.01
6970,0.1372347027063369,0.926895558834076,0.8029903769493103,0.5871967077255249,SAM_SGD_start5,6.97,0.01
6975,0.3245705962181091,0.9467975497245787,0.7604538202285767,0.6126816272735596,SAM_SGD_start5,6.975,0.01
6980,0.2045261412858963,0.9231877326965332,0.7968733310699463,0.5878816843032837,SAM_SGD_start5,6.98,0.01
6985,0.2274686396121978,0.9424015879631042,0.7546827793121338,0.6133896708488464,SAM_SGD_start5,6.985,0.01
6990,0.2872185409069061,0.91948664188385,0.7908811569213867,0.5884802937507629,SAM_SGD_start5,6.99,0.01
6995,0.154069110751152,0.9381439685821532,0.7491006851196289,0.6141195893287659,SAM_SGD_start5,6.995,0.01
7000,0.3835963606834411,0.916038453578949,0.7851571440696716,0.5892049670219421,SAM_SGD_start5,7.0,0.01
7005,0.1022105887532234,0.9342414736747742,0.7438562512397766,0.6151031255722046,SAM_SGD_start5,7.005,0.01
7010,0.4919734597206116,0.9131197333335876,0.7798784971237183,0.5902951955795288,SAM_SGD_start5,7.01,0.01
7015,0.069754809141159,0.9309368133544922,0.7391643524169922,0.6166412234306335,SAM_SGD_start5,7.015,0.01
7020,0.6101825833320618,0.9111465215682985,0.7753341794013977,0.592100203037262,SAM_SGD_start5,7.02,0.01
7025,0.0543836392462253,0.9282122254371644,0.7354587316513062,0.6192311644554138,SAM_SGD_start5,7.025,0.01
7030,0.7284281253814697,0.9111659526824952,0.7724095582962036,0.5953384041786194,SAM_SGD_start5,7.03,0.01
7035,0.0502830259501934,0.2498565018177032,0.7824808955192566,0.6118218898773193,SAM_SGD_start5,7.035,0.01
7040,0.0503253191709518,0.9397931098937988,0.820914626121521,0.5899410247802734,SAM_SGD_start5,7.04,0.01
7045,0.6617499589920044,0.962826669216156,0.7775842547416687,0.6160101890563965,SAM_SGD_start5,7.045,0.01
7050,0.0748674720525741,0.9378390312194824,0.815115749835968,0.5919365286827087,SAM_SGD_start5,7.05,0.01
7055,0.4976779520511627,0.9589843153953552,0.7718614339828491,0.6175938844680786,SAM_SGD_start5,7.055,0.01
7060,0.120049238204956,0.9344456791877748,0.8089556694030762,0.5929747819900513,SAM_SGD_start5,7.06,0.01
7065,0.3637549579143524,0.9545960426330566,0.7659437656402588,0.618485689163208,SAM_SGD_start5,7.065,0.01
7070,0.1833847910165786,0.9306255578994752,0.8027120232582092,0.5935835838317871,SAM_SGD_start5,7.07,0.01
7075,0.2570221424102783,0.9500410556793212,0.7600334286689758,0.6190842390060425,SAM_SGD_start5,7.075,0.01
7080,0.2628730237483978,0.9267365336418152,0.7965521812438965,0.594042956829071,SAM_SGD_start5,7.08,0.01
7085,0.175088346004486,0.9455614686012268,0.754271388053894,0.6196396946907043,SAM_SGD_start5,7.085,0.01
7090,0.3567408919334411,0.9230263233184814,0.7906143665313721,0.59456467628479,SAM_SGD_start5,7.09,0.01
7095,0.1157373934984207,0.9413668513298036,0.7487949728965759,0.6203729510307312,SAM_SGD_start5,7.095,0.01
7100,0.4632995128631592,0.9197466969490052,0.7850556969642639,0.5953680276870728,SAM_SGD_start5,7.1,0.01
7105,0.0768070667982101,0.937687337398529,0.7437856197357178,0.6215490698814392,SAM_SGD_start5,7.105,0.01
7110,0.580656886100769,0.9172475934028624,0.78011155128479,0.5967515707015991,SAM_SGD_start5,7.11,0.01
7115,0.0560508854687213,0.9347134232521056,0.7395665645599365,0.6235776543617249,SAM_SGD_start5,7.115,0.01
7120,0.7044341564178467,0.916189432144165,0.7762851119041443,0.5992268919944763,SAM_SGD_start5,7.12,0.01
7125,0.050342857837677,0.9228265285491944,0.817772388458252,0.5818469524383545,SAM_SGD_start5,7.125,0.01
7130,0.7088997960090637,0.956298291683197,0.7749371528625488,0.608205258846283,SAM_SGD_start5,7.13,0.01
7135,0.0659888833761215,0.9313930869102478,0.8123513460159302,0.584624171257019,SAM_SGD_start5,7.135,0.01
7140,0.5375706553459167,0.9529869556427002,0.7694875001907349,0.6103689670562744,SAM_SGD_start5,7.14,0.01
7145,0.1040712296962738,0.928482174873352,0.8064093589782715,0.5860728025436401,SAM_SGD_start5,7.145,0.01
7150,0.3972823321819305,0.9489099383354188,0.7637319564819336,0.6116023063659668,SAM_SGD_start5,7.15,0.01
7155,0.1607747822999954,0.9249334931373596,0.8003016710281372,0.5869469046592712,SAM_SGD_start5,7.155,0.01
7160,0.2845211923122406,0.9445550441741944,0.757922351360321,0.6124266982078552,SAM_SGD_start5,7.16,0.01
7165,0.2340095341205597,0.9212121963500975,0.7942256927490234,0.5875861644744873,SAM_SGD_start5,7.165,0.01
7170,0.1968210041522979,0.940200686454773,0.7522168159484863,0.6131299734115601,SAM_SGD_start5,7.17,0.01
7175,0.3219618499279022,0.9175925254821776,0.7883281111717224,0.5882202982902527,SAM_SGD_start5,7.175,0.01
7180,0.1319587975740432,0.9360655546188354,0.7467531561851501,0.6139399409294128,SAM_SGD_start5,7.18,0.01
7185,0.4229529500007629,0.914322793483734,0.7827593684196472,0.5890647172927856,SAM_SGD_start5,7.185,0.01
7190,0.0877972245216369,0.9323747754096984,0.741697371006012,0.6151052117347717,SAM_SGD_start5,7.19,0.01
7195,0.5352219343185425,0.9117164015769958,0.7777265310287476,0.5903889536857605,SAM_SGD_start5,7.195,0.01
7200,0.0621686801314353,0.929368019104004,0.7373161315917969,0.616980791091919,SAM_SGD_start5,7.2,0.01
7205,0.655869722366333,0.9102992415428162,0.7736101746559143,0.5926201343536377,SAM_SGD_start5,7.205,0.01
7210,0.0525256805121898,0.9253429770469666,0.7343947291374207,0.6202700734138489,SAM_SGD_start5,7.21,0.01
7215,0.0549104772508144,0.9434816241264344,0.7445565462112427,0.6314705014228821,SAM_SGD_start5,7.215,0.01
7220,0.7108615040779114,0.9244568347930908,0.781545877456665,0.6068407297134399,SAM_SGD_start5,7.22,0.01
7225,0.0482526868581771,0.9317656755447388,0.7478923797607422,0.6414225101470947,SAM_SGD_start5,7.225,0.01
7230,0.7821173667907715,0.9338468909263612,0.7860146760940552,0.6170998811721802,SAM_SGD_start5,7.23,0.01
7235,0.0486529245972633,0.946981966495514,0.8254820108413696,0.5965943932533264,SAM_SGD_start5,7.235,0.01
7240,0.6733514666557312,0.9699547290802002,0.7817206978797913,0.622657835483551,SAM_SGD_start5,7.24,0.01
7245,0.0737494751811027,0.9447794556617736,0.8195382952690125,0.598395824432373,SAM_SGD_start5,7.245,0.01
7250,0.5060510635375977,0.9659200310707092,0.7758706212043762,0.6240604519844055,SAM_SGD_start5,7.25,0.01
7255,0.1197366639971733,0.9411998987197876,0.8132500648498535,0.599269688129425,SAM_SGD_start5,7.255,0.01
7260,0.369397222995758,0.9613587260246276,0.7698367238044739,0.6247919201850891,SAM_SGD_start5,7.26,0.01
7265,0.1841187179088592,0.9372103214263916,0.806885838508606,0.5997267365455627,SAM_SGD_start5,7.265,0.01
7270,0.2604224383831024,0.9566391110420228,0.7638145685195923,0.6252390742301941,SAM_SGD_start5,7.27,0.01
7275,0.2648782730102539,0.9331573843955994,0.800607442855835,0.6000394821166992,SAM_SGD_start5,7.275,0.01
7280,0.1767037659883499,0.9519966244697572,0.7579408288002014,0.6256454586982727,SAM_SGD_start5,7.28,0.01
7285,0.3602178990840912,0.929282248020172,0.7945491075515747,0.6004140377044678,SAM_SGD_start5,7.285,0.01
7290,0.1159909069538116,0.9476354718208312,0.7523484826087952,0.6262263059616089,SAM_SGD_start5,7.29,0.01
7295,0.4684338271617889,0.9258298873901368,0.7888633012771606,0.6010645031929016,SAM_SGD_start5,7.295,0.01
7300,0.0760928466916084,0.9437805414199828,0.7472137808799744,0.6272408366203308,SAM_SGD_start5,7.3,0.01
7305,0.5876428484916687,0.9231411814689636,0.7837784290313721,0.6022831201553345,SAM_SGD_start5,7.305,0.01
7310,0.0547417402267456,0.9406267404556274,0.7428500652313232,0.6290901303291321,SAM_SGD_start5,7.31,0.01
7315,0.7136172652244568,0.9218584299087524,0.7797802090644836,0.6045708060264587,SAM_SGD_start5,7.315,0.01
7320,0.0488549172878265,0.9283665418624878,0.8213819861412048,0.5869755744934082,SAM_SGD_start5,7.32,0.01
7325,0.7201194763183594,0.9618517160415648,0.7782097458839417,0.6133295297622681,SAM_SGD_start5,7.325,0.01
7330,0.0646794512867927,0.9367961883544922,0.8158467411994934,0.589603841304779,SAM_SGD_start5,7.33,0.01
7335,0.5459417104721069,0.9583913087844848,0.7726595997810364,0.6153545379638672,SAM_SGD_start5,7.335,0.01
7340,0.1031380742788314,0.9337405562400818,0.8098034858703613,0.5909261703491211,SAM_SGD_start5,7.34,0.01
7345,0.4032146036624908,0.9541796445846558,0.7668121457099915,0.6164644956588745,SAM_SGD_start5,7.345,0.01
7350,0.1604258418083191,0.9300599098205566,0.8036004900932312,0.5916833281517029,SAM_SGD_start5,7.35,0.01
7355,0.2884126305580139,0.94969642162323,0.7609140872955322,0.6171718835830688,SAM_SGD_start5,7.355,0.01
7360,0.2344335317611694,0.9262104034423828,0.797430694103241,0.5922088027000427,SAM_SGD_start5,7.36,0.01
7365,0.1990475058555603,0.9452142715454102,0.7551198601722717,0.6177592277526855,SAM_SGD_start5,7.365,0.01
7370,0.3233330845832824,0.9224610328674316,0.7914375066757202,0.5927283763885498,SAM_SGD_start5,7.37,0.01
7375,0.1328678131103515,0.9409478306770324,0.7495642900466919,0.6184501647949219,SAM_SGD_start5,7.375,0.01
7380,0.4254313707351684,0.9190549850463868,0.7857677340507507,0.5934532284736633,SAM_SGD_start5,7.38,0.01
7385,0.0877114832401275,0.9371182322502136,0.7444086670875549,0.6194884777069092,SAM_SGD_start5,7.385,0.01
7390,0.5389723181724548,0.9162983894348145,0.7806228399276733,0.5946474075317383,SAM_SGD_start5,7.39,0.01
7395,0.0613953247666358,0.9339638948440552,0.7399125099182129,0.6212218999862671,SAM_SGD_start5,7.395,0.01
7400,0.6611251831054688,0.9147043824195862,0.7763723731040955,0.5967297554016113,SAM_SGD_start5,7.4,0.01
7405,0.0513775162398815,0.9300109148025512,0.7368127107620239,0.624325692653656,SAM_SGD_start5,7.405,0.01
7410,0.7844642996788025,0.9573715925216676,0.7769676446914673,0.6071032881736755,SAM_SGD_start5,7.41,0.01
7415,0.0569046773016452,0.9323177337646484,0.8146367073059082,0.5840056538581848,SAM_SGD_start5,7.415,0.01
7420,0.5988856554031372,0.954591691493988,0.7717365026473999,0.6099069714546204,SAM_SGD_start5,7.42,0.01
7425,0.0872879549860954,0.9299138784408568,0.8088319301605225,0.5858155488967896,SAM_SGD_start5,7.425,0.01
7430,0.4472895860671997,0.9507207870483398,0.7660543322563171,0.6114019155502319,SAM_SGD_start5,7.43,0.01
7435,0.1372299790382385,0.9265249371528624,0.8027545213699341,0.5868513584136963,SAM_SGD_start5,7.435,0.01
7440,0.324329137802124,0.9464266896247864,0.7602400183677673,0.6123356223106384,SAM_SGD_start5,7.44,0.01
7445,0.2044576406478881,0.9228267073631288,0.7966442108154297,0.5875446796417236,SAM_SGD_start5,7.445,0.01
7450,0.2273376584053039,0.9420399069786072,0.7544752955436707,0.6130520105361938,SAM_SGD_start5,7.45,0.01
7455,0.2870736718177795,0.9191346168518066,0.790658712387085,0.5881514549255371,SAM_SGD_start5,7.455,0.01
7460,0.1540241241455078,0.937791347503662,0.748899519443512,0.6137902736663818,SAM_SGD_start5,7.46,0.01
7465,0.3833640217781067,0.9156959056854248,0.7849416732788086,0.5888844132423401,SAM_SGD_start5,7.465,0.01
7470,0.1022293344140052,0.933898389339447,0.7436618208885193,0.6147823929786682,SAM_SGD_start5,7.47,0.01
7475,0.4916425943374634,0.9127869606018066,0.7796703577041626,0.5899832248687744,SAM_SGD_start5,7.475,0.01
7480,0.0698155537247657,0.930603802204132,0.7389771938323975,0.6163296699523926,SAM_SGD_start5,7.48,0.01
7485,0.6097443699836731,0.910824716091156,0.775134265422821,0.5917975902557373,SAM_SGD_start5,7.485,0.01
7490,0.0544665940105915,0.927888572216034,0.7352801561355591,0.6189297437667847,SAM_SGD_start5,7.49,0.01
7495,0.7278462648391724,0.9108584523200988,0.7722209692001343,0.5950470566749573,SAM_SGD_start5,7.495,0.01
7500,0.0503777563571929,0.2877671718597412,0.7885469198226929,0.607450008392334,SAM_SGD_start5,7.5,0.01
7505,0.0570476427674293,0.9472020864486694,0.747048556804657,0.6340616345405579,SAM_SGD_start5,7.505,0.01
7510,0.6928878426551819,0.9276421070098876,0.7840589284896851,0.6092449426651001,SAM_SGD_start5,7.51,0.01
7515,0.0477278269827365,0.9419958591461182,0.7438426613807678,0.636945903301239,SAM_SGD_start5,7.515,0.01
7520,0.0534071251749992,0.9486739635467528,0.8250519037246704,0.5991960763931274,SAM_SGD_start5,7.52,0.01
7525,0.6224629282951355,0.9708682298660278,0.7811715006828308,0.6250948309898376,SAM_SGD_start5,7.525,0.01
7530,0.0853121653199195,0.9457629323005676,0.8189242482185364,0.6005803346633911,SAM_SGD_start5,7.53,0.01
7535,0.4639120399951935,0.9665666222572328,0.7752029895782471,0.6261865496635437,SAM_SGD_start5,7.535,0.01
7540,0.1373427808284759,0.9419567584991456,0.8125561475753784,0.6012452244758606,SAM_SGD_start5,7.54,0.01
7545,0.3351391553878784,0.9618792533874512,0.7691235542297363,0.6267562508583069,SAM_SGD_start5,7.545,0.01
7550,0.2071946412324905,0.937871515750885,0.8061688542366028,0.6015918850898743,SAM_SGD_start5,7.55,0.01
7555,0.2334222346544265,0.957114040851593,0.7631010413169861,0.6271252036094666,SAM_SGD_start5,7.555,0.01
7560,0.2929246127605438,0.9338014125823976,0.7999089956283569,0.6018603444099426,SAM_SGD_start5,7.56,0.01
7565,0.1564010828733444,0.9524878859519958,0.7572652101516724,0.6275179386138916,SAM_SGD_start5,7.565,0.01
7570,0.3927747905254364,0.9299780130386353,0.7939102053642273,0.6022511124610901,SAM_SGD_start5,7.57,0.01
7575,0.101841852068901,0.948205828666687,0.7517551183700562,0.6281539797782898,SAM_SGD_start5,7.575,0.01
7580,0.5050334334373474,0.9266618490219116,0.7883384823799133,0.6029915809631348,SAM_SGD_start5,7.58,0.01
7585,0.0675418004393577,0.9445010423660278,0.7467718720436096,0.6293200254440308,SAM_SGD_start5,7.585,0.01
7590,0.6275798082351685,0.924247682094574,0.783464789390564,0.6044153571128845,SAM_SGD_start5,7.59,0.01
7595,0.0511471889913082,0.941399335861206,0.7427190542221069,0.6314920783042908,SAM_SGD_start5,7.595,0.01
7600,0.7516909241676331,0.923680067062378,0.7800748944282532,0.6071851253509521,SAM_SGD_start5,7.6,0.01
7605,0.0614684261381626,0.945481300354004,0.8216274380683899,0.5974512696266174,SAM_SGD_start5,7.605,0.01
7610,0.5663983821868896,0.9671429991722108,0.7779234647750854,0.6232259273529053,SAM_SGD_start5,7.61,0.01
7615,0.0996633470058441,0.942242443561554,0.8154386281967163,0.598609209060669,SAM_SGD_start5,7.615,0.01
7620,0.4184748828411102,0.9627394080162048,0.7719388008117676,0.6241667866706848,SAM_SGD_start5,7.62,0.01
7625,0.157120794057846,0.938368797302246,0.8090886473655701,0.5991977453231812,SAM_SGD_start5,7.625,0.01
7630,0.2992333769798279,0.9580593705177308,0.7659010887145996,0.6247003674507141,SAM_SGD_start5,7.63,0.01
7635,0.2316879481077194,0.9343194961547852,0.8027679324150085,0.5995492935180664,SAM_SGD_start5,7.635,0.01
7640,0.2061304003000259,0.9533724188804626,0.7599616646766663,0.625106155872345,SAM_SGD_start5,7.64,0.01
7645,0.3214972913265228,0.930358350276947,0.7966156005859375,0.5998851656913757,SAM_SGD_start5,7.645,0.01
7650,0.136864960193634,0.9488877654075624,0.7542499899864197,0.6256018877029419,SAM_SGD_start5,7.65,0.01
7655,0.4248323738574981,0.926719605922699,0.7907718420028687,0.6004094481468201,SAM_SGD_start5,7.655,0.01
7660,0.0892358720302581,0.9448180198669434,0.7489189505577087,0.6264210939407349,SAM_SGD_start5,7.66,0.01
7665,0.5399420857429504,0.9236942529678344,0.7854262590408325,0.6013740301132202,SAM_SGD_start5,7.665,0.01
7670,0.0610333271324634,0.941401183605194,0.7442103028297424,0.6278942823410034,SAM_SGD_start5,7.67,0.01
7675,0.6642088890075684,0.9217616319656372,0.7809193730354309,0.6031748652458191,SAM_SGD_start5,7.675,0.01
7680,0.0497511513531208,0.9377796053886414,0.7407398819923401,0.6306284070014954,SAM_SGD_start5,7.68,0.01
7685,0.8042261600494385,0.9615206122398376,0.7796114087104797,0.6106417179107666,SAM_SGD_start5,7.685,0.01
7690,0.0549237057566642,0.9363337755203248,0.8174753785133362,0.5875186920166016,SAM_SGD_start5,7.69,0.01
7695,0.6142660975456238,0.95871502161026,0.774337649345398,0.6134480237960815,SAM_SGD_start5,7.695,0.01
7700,0.0844473242759704,0.9339095950126648,0.8116177916526794,0.5892906785011292,SAM_SGD_start5,7.7,0.01
7705,0.4592436552047729,0.9547777771949768,0.7686004042625427,0.6148923635482788,SAM_SGD_start5,7.705,0.01
7710,0.1338167190551757,0.930450201034546,0.80547696352005,0.5902660489082336,SAM_SGD_start5,7.71,0.01
7715,0.333310067653656,0.9504016041755676,0.7627230882644653,0.6157586574554443,SAM_SGD_start5,7.715,0.01
7720,0.2007185816764831,0.926665425300598,0.7992961406707764,0.5908870100975037,SAM_SGD_start5,7.72,0.01
7725,0.2337455749511718,0.9459211826324464,0.7568886280059814,0.6163962483406067,SAM_SGD_start5,7.725,0.01
7730,0.2832298576831817,0.922874391078949,0.7932326793670654,0.5914108753204346,SAM_SGD_start5,7.73,0.01
7735,0.1582296788692474,0.9415671229362488,0.7512347102165222,0.6170433163642883,SAM_SGD_start5,7.735,0.01
7740,0.379620224237442,0.9193205237388612,0.7874271273612976,0.5920475125312805,SAM_SGD_start5,7.74,0.01
7745,0.1045812666416168,0.9375527501106262,0.7459062337875366,0.6179273724555969,SAM_SGD_start5,7.745,0.01
7750,0.4882016181945801,0.9162729382514954,0.7820507287979126,0.5930306315422058,SAM_SGD_start5,7.75,0.01
7755,0.0706497356295585,0.9341171383857728,0.7411088347434998,0.6193398237228394,SAM_SGD_start5,7.755,0.01
7760,0.606883704662323,0.9141305685043336,0.7773783802986145,0.5946964621543884,SAM_SGD_start5,7.76,0.01
7765,0.0541319549083709,0.9313153624534608,0.7372457385063171,0.6217557191848755,SAM_SGD_start5,7.765,0.01
7770,0.7278038859367371,0.9137990474700928,0.7741560339927673,0.5976875424385071,SAM_SGD_start5,7.77,0.01
7775,0.0513148941099643,0.928992509841919,0.8149423599243164,0.5797248482704163,SAM_SGD_start5,7.775,0.01
7780,0.6711100339889526,0.9528129696846008,0.7722623348236084,0.605915904045105,SAM_SGD_start5,7.78,0.01
7785,0.0718191266059875,0.9280502200126648,0.8094558119773865,0.5822452902793884,SAM_SGD_start5,7.785,0.01
7790,0.5070338249206543,0.9493948817253112,0.7667877674102783,0.6079323887825012,SAM_SGD_start5,7.79,0.01
7795,0.1130604594945907,0.9250521659851074,0.8035209774971008,0.5836281776428223,SAM_SGD_start5,7.795,0.01
7800,0.3729683756828308,0.9453167915344238,0.7610589265823364,0.6091349124908447,SAM_SGD_start5,7.8,0.01
7805,0.1724208444356918,0.9215211868286132,0.7974591851234436,0.5845059156417847,SAM_SGD_start5,7.805,0.01
7810,0.2657618224620819,0.9410154819488524,0.755305826663971,0.6099846363067627,SAM_SGD_start5,7.81,0.01
7815,0.2478822320699691,0.917870044708252,0.7914556264877319,0.5851913094520569,SAM_SGD_start5,7.815,0.01
7820,0.1830204576253891,0.9367539882659912,0.7496809959411621,0.6107539534568787,SAM_SGD_start5,7.82,0.01
7825,0.3376733958721161,0.914363980293274,0.785656213760376,0.585908830165863,SAM_SGD_start5,7.825,0.01
7830,0.1225590109825134,0.9327511787414552,0.7443255186080933,0.611671507358551,SAM_SGD_start5,7.83,0.01
7835,0.440127968788147,0.9112588763237,0.7802188396453857,0.5868802666664124,SAM_SGD_start5,7.835,0.01
7840,0.0822575017809867,0.9292392730712892,0.7394182085990906,0.6129997372627258,SAM_SGD_start5,7.84,0.01
7845,0.5534234046936035,0.908894181251526,0.7753713130950928,0.5883960723876953,SAM_SGD_start5,7.845,0.01
7850,0.059929821640253,0.9264389276504515,0.7352628111839294,0.6151295304298401,SAM_SGD_start5,7.85,0.01
7855,0.6739119291305542,0.9078765511512756,0.7715663313865662,0.5909351706504822,SAM_SGD_start5,7.855,0.01
7860,0.0528029613196849,0.9179216623306274,0.7338427305221558,0.6198205947875977,SAM_SGD_start5,7.86,0.01
7865,0.7189231514930725,0.9520388841629028,0.7727832794189453,0.6037347912788391,SAM_SGD_start5,7.865,0.01
7870,0.0643898844718933,0.927221417427063,0.8100792169570923,0.5803833603858948,SAM_SGD_start5,7.87,0.01
7875,0.546412467956543,0.948974311351776,0.7674691677093506,0.6061599254608154,SAM_SGD_start5,7.875,0.01
7880,0.1001808494329452,0.9245428442955016,0.8042528629302979,0.5820226669311523,SAM_SGD_start5,7.88,0.01
7885,0.4051872193813324,0.9450570344924928,0.7618061900138855,0.6075579524040222,SAM_SGD_start5,7.885,0.01
7890,0.154660552740097,0.9211398363113404,0.798229992389679,0.5830320119857788,SAM_SGD_start5,7.89,0.01
7895,0.2914488017559051,0.9408212900161744,0.7560669183731079,0.6085043549537659,SAM_SGD_start5,7.895,0.01
7900,0.2257088720798492,0.9175271391868592,0.792220950126648,0.583776593208313,SAM_SGD_start5,7.9,0.01
7905,0.2026979029178619,0.936561107635498,0.7504174113273621,0.6093038320541382,SAM_SGD_start5,7.905,0.01
7910,0.3115092515945434,0.9139922857284546,0.7863773107528687,0.5844951868057251,SAM_SGD_start5,7.91,0.01
7915,0.1367207169532776,0.9325013160705566,0.7449980974197388,0.6101896166801453,SAM_SGD_start5,7.915,0.01
7920,0.4103844761848449,0.9107859134674072,0.7808500528335571,0.5854049921035767,SAM_SGD_start5,7.92,0.01
7925,0.0913942009210586,0.9288676977157592,0.7399728894233704,0.6114087700843811,SAM_SGD_start5,7.925,0.01
7930,0.5206066966056824,0.9082159399986268,0.775841236114502,0.5867707133293152,SAM_SGD_start5,7.93,0.01
7935,0.0645772665739059,0.9259053468704224,0.7355982065200806,0.6133058071136475,SAM_SGD_start5,7.935,0.01
7940,0.6394884586334229,0.9067843556404114,0.7717113494873047,0.5890028476715088,SAM_SGD_start5,7.94,0.01
7945,0.0538045093417167,0.9226680397987366,0.7325317859649658,0.6165120005607605,SAM_SGD_start5,7.945,0.01
7950,0.7552151083946228,0.9499073028564452,0.7723014950752258,0.6005950570106506,SAM_SGD_start5,7.95,0.01
7955,0.0600900277495384,0.9250813126564026,0.8096361756324768,0.5775951147079468,SAM_SGD_start5,7.955,0.01
7960,0.5761660933494568,0.9472256898880004,0.7671663165092468,0.603459894657135,SAM_SGD_start5,7.96,0.01
7965,0.0914374515414238,0.9227696061134338,0.8039409518241882,0.5795060396194458,SAM_SGD_start5,7.965,0.01
7970,0.429864764213562,0.9434950351715088,0.7615925669670105,0.6050702929496765,SAM_SGD_start5,7.97,0.01
7975,0.1418994665145874,0.919525384902954,0.7979838848114014,0.5806666016578674,SAM_SGD_start5,7.975,0.01
7980,0.3114799857139587,0.939358413219452,0.7558953762054443,0.6061375141143799,SAM_SGD_start5,7.98,0.01
7985,0.209257960319519,0.9159898161888124,0.7920023202896118,0.5814982652664185,SAM_SGD_start5,7.985,0.01
7990,0.2184086292982101,0.9351431727409364,0.750256359577179,0.607001543045044,SAM_SGD_start5,7.99,0.01
7995,0.2916568517684936,0.9124775528907776,0.7861559391021729,0.5822573900222778,SAM_SGD_start5,7.995,0.01
8000,0.1484083533287048,0.9310831427574158,0.744818389415741,0.6079044938087463,SAM_SGD_start5,8.0,0.01
8005,0.3874096870422363,0.9092413783073424,0.7805934548377991,0.5831617116928101,SAM_SGD_start5,8.005,0.01
8010,0.0993562042713165,0.9274017214775084,0.739737868309021,0.6090863347053528,SAM_SGD_start5,8.01,0.01
8015,0.4948280751705169,0.9065714478492736,0.7755028009414673,0.5844616889953613,SAM_SGD_start5,8.015,0.01
8020,0.0691384524106979,0.924347162246704,0.7352452874183655,0.6108646988868713,SAM_SGD_start5,8.02,0.01
8025,0.6116149425506592,0.90491384267807,0.7711976170539856,0.586527943611145,SAM_SGD_start5,8.025,0.01
8030,0.0554196685552597,0.9217453002929688,0.7318308353424072,0.6137737035751343,SAM_SGD_start5,8.03,0.01
8035,0.7233540415763855,0.9057406783103944,0.7689558863639832,0.5903372168540955,SAM_SGD_start5,8.035,0.01
8040,0.0579307414591312,0.9249513149261476,0.8100829720497131,0.5770609974861145,SAM_SGD_start5,8.04,0.01
8045,0.594275176525116,0.94734525680542,0.7676286697387695,0.602982759475708,SAM_SGD_start5,8.045,0.01
8050,0.0869197845458984,0.9228493571281432,0.8044453859329224,0.5791082978248596,SAM_SGD_start5,8.05,0.01
8055,0.4447162449359894,0.94369775056839,0.7620894908905029,0.6046932339668274,SAM_SGD_start5,8.055,0.01
8060,0.1353086829185485,0.9196733832359314,0.79850834608078,0.580333411693573,SAM_SGD_start5,8.06,0.01
8065,0.3233995735645294,0.9395939707756042,0.7564000487327576,0.6058076024055481,SAM_SGD_start5,8.065,0.01
8070,0.2008149772882461,0.9161587953567504,0.7925252318382263,0.5811935663223267,SAM_SGD_start5,8.07,0.01
8075,0.2276515364646911,0.9353813529014589,0.750751256942749,0.6066873669624329,SAM_SGD_start5,8.075,0.01
8080,0.2815521657466888,0.9126371145248412,0.7866607904434204,0.5819553732872009,SAM_SGD_start5,8.08,0.01
8085,0.155205637216568,0.931298851966858,0.7452875375747681,0.6075798869132996,SAM_SGD_start5,8.085,0.01
8090,0.3758197426795959,0.9093628525733948,0.7810626029968262,0.5828372836112976,SAM_SGD_start5,8.09,0.01
8095,0.1039312779903411,0.9275688529014589,0.7401615977287292,0.6087221503257751,SAM_SGD_start5,8.095,0.01
8100,0.4819488227367401,0.9066174626350404,0.7759113311767578,0.5840827822685242,SAM_SGD_start5,8.1,0.01
8105,0.071721464395523,0.9244378805160522,0.7355911135673523,0.6104180812835693,SAM_SGD_start5,8.105,0.01
8110,0.5977886319160461,0.9048201441764832,0.7714985609054565,0.5860428214073181,SAM_SGD_start5,8.11,0.01
8115,0.0562891811132431,0.9219086170196532,0.7320096492767334,0.6131644248962402,SAM_SGD_start5,8.115,0.01
8120,0.7141908407211304,0.9049838781356812,0.7686762809753418,0.5894172787666321,SAM_SGD_start5,8.12,0.01
8125,0.5099188089370728,0.9202798008918762,0.7840406894683838,0.5973541140556335,SAM_SGD_start5,8.125,0.01
8130,0.0663253366947174,0.9380718469619752,0.7429220080375671,0.6237441897392273,SAM_SGD_start5,8.13,0.01
8135,0.6312634348869324,0.918180525302887,0.779403805732727,0.5990393757820129,SAM_SGD_start5,8.135,0.01
8140,0.0518973842263221,0.9350935816764832,0.7391602993011475,0.6262400150299072,SAM_SGD_start5,8.14,0.01
8145,0.7488209009170532,0.9183961153030396,0.7766796350479126,0.6023585796356201,SAM_SGD_start5,8.145,0.01
8150,0.052950594574213,0.9343887567520142,0.8169548511505127,0.5852253437042236,SAM_SGD_start5,8.15,0.01
8155,0.6362691521644592,0.9571585655212402,0.7739437818527222,0.6112372875213623,SAM_SGD_start5,8.155,0.01
8160,0.0791789963841438,0.9323495626449584,0.8112121820449829,0.5872337818145752,SAM_SGD_start5,8.16,0.01
8165,0.4776236116886139,0.9533835649490356,0.7682858109474182,0.6128633618354797,SAM_SGD_start5,8.165,0.01
8170,0.1255823224782943,0.9290316700935364,0.8051315546035767,0.5883376598358154,SAM_SGD_start5,8.17,0.01
8175,0.3484107255935669,0.9490964412689208,0.7624496817588806,0.613834023475647,SAM_SGD_start5,8.175,0.01
8180,0.189753457903862,0.9253202676773072,0.7989811897277832,0.5890361666679382,SAM_SGD_start5,8.18,0.01
8185,0.2457860857248306,0.9446640014648438,0.756632924079895,0.614533007144928,SAM_SGD_start5,8.185,0.01
8190,0.2697362899780273,0.9215623736381532,0.7929269075393677,0.5896036624908447,SAM_SGD_start5,8.19,0.01
8195,0.1674057841300964,0.9403263330459596,0.7509773969650269,0.6152089238166809,SAM_SGD_start5,8.195,0.01
8200,0.3637866675853729,0.9180077314376832,0.7871101498603821,0.590254008769989,SAM_SGD_start5,8.2,0.01
8205,0.1110853552818298,0.9362977743148804,0.7456254363059998,0.6160878539085388,SAM_SGD_start5,8.205,0.01
8210,0.4702267944812774,0.9149176478385924,0.7816957831382751,0.5912145972251892,SAM_SGD_start5,8.21,0.01
8215,0.0746869295835495,0.9328141808509828,0.740770697593689,0.6174479722976685,SAM_SGD_start5,8.215,0.01
8220,0.5870861411094666,0.9126651287078856,0.7769380211830139,0.592801570892334,SAM_SGD_start5,8.22,0.01
8225,0.0559561587870121,0.9300264120101928,0.7367706894874573,0.619728147983551,SAM_SGD_start5,8.225,0.01
8230,0.7089210152626038,0.9119959473609924,0.7734222412109375,0.595574140548706,SAM_SGD_start5,8.23,0.01
8235,0.0507452264428138,0.9233514666557312,0.7393958568572998,0.6288007497787476,SAM_SGD_start5,8.235,0.01
8240,0.7981628179550171,0.9614760875701904,0.77947598695755,0.6107637882232666,SAM_SGD_start5,8.24,0.01
8245,0.0554578974843025,0.9363021850585938,0.8173206448554993,0.5875917673110962,SAM_SGD_start5,8.245,0.01
8250,0.6094639301300049,0.9586198329925536,0.7741830348968506,0.6135067343711853,SAM_SGD_start5,8.25,0.01
8255,0.0855807736515998,0.9338259100914,0.8114500641822815,0.5893310904502869,SAM_SGD_start5,8.255,0.01
8260,0.4553089439868927,0.954663336277008,0.7684382796287537,0.6149274110794067,SAM_SGD_start5,8.26,0.01
8265,0.1354750543832779,0.93035089969635,0.8053053617477417,0.5902916789054871,SAM_SGD_start5,8.265,0.01
8270,0.3301520347595215,0.9502802491188048,0.7625599503517151,0.6157832145690918,SAM_SGD_start5,8.27,0.01
8275,0.2028429210186004,0.9265621304512024,0.7991257905960083,0.5909066200256348,SAM_SGD_start5,8.275,0.01
8280,0.2312963902950287,0.9458004236221312,0.7567286491394043,0.6164178252220154,SAM_SGD_start5,8.28,0.01
8285,0.2857707142829895,0.9227741360664368,0.7930675148963928,0.5914306640625,SAM_SGD_start5,8.285,0.01
8290,0.1564266234636306,0.9414528012275696,0.7510817646980286,0.6170682311058044,SAM_SGD_start5,8.29,0.01
8295,0.3825287818908691,0.9192306399345398,0.7872714400291443,0.5920735597610474,SAM_SGD_start5,8.295,0.01
8300,0.1033633276820182,0.9374512434005736,0.745764970779419,0.617962658405304,SAM_SGD_start5,8.3,0.01
8305,0.4914282858371734,0.9162023067474364,0.7819103598594666,0.5930705070495605,SAM_SGD_start5,8.305,0.01
8310,0.0699556022882461,0.93403559923172,0.740986704826355,0.6193955540657043,SAM_SGD_start5,8.31,0.01
8315,0.6103538870811462,0.9140936136245728,0.7772638201713562,0.59476238489151,SAM_SGD_start5,8.315,0.01
8320,0.0538904480636119,0.9312325716018676,0.7371615767478943,0.6218502521514893,SAM_SGD_start5,8.32,0.01
8325,0.7306851148605347,0.9138616323471068,0.774128794670105,0.5978183150291443,SAM_SGD_start5,8.325,0.01
8330,0.0512921251356601,0.9325226545333862,0.8166548013687134,0.5830785632133484,SAM_SGD_start5,8.33,0.01
8335,0.6617754697799683,0.9558777809143066,0.7737636566162109,0.6092002987861633,SAM_SGD_start5,8.335,0.01
8340,0.0738645941019058,0.9310562014579772,0.8110436201095581,0.5853692889213562,SAM_SGD_start5,8.34,0.01
8345,0.4988497793674469,0.9522885084152222,0.7681946158409119,0.6110363006591797,SAM_SGD_start5,8.345,0.01
8350,0.1170254498720169,0.9279009103775024,0.8050277829170227,0.5866164565086365,SAM_SGD_start5,8.35,0.01
8355,0.3658244609832763,0.9480977058410645,0.7624012231826782,0.6121211051940918,SAM_SGD_start5,8.355,0.01
8360,0.1782359033823013,0.924267828464508,0.7989072799682617,0.5873972177505493,SAM_SGD_start5,8.36,0.01
8365,0.2596723139286041,0.9437128901481628,0.7566000819206238,0.6128838062286377,SAM_SGD_start5,8.365,0.01
8370,0.2554973363876343,0.9205418229103088,0.7928586602210999,0.5880081653594971,SAM_SGD_start5,8.37,0.01
8375,0.1780108511447906,0.9393874406814576,0.7509385943412781,0.61358642578125,SAM_SGD_start5,8.375,0.01
8380,0.3470442593097687,0.9169803857803344,0.7870250940322876,0.5886684656143188,SAM_SGD_start5,8.38,0.01
8385,0.1186470091342926,0.9353369474411012,0.7455570101737976,0.6144551038742065,SAM_SGD_start5,8.385,0.01
8390,0.4512042105197906,0.9138395190238952,0.7815654873847961,0.5896002650260925,SAM_SGD_start5,8.39,0.01
8395,0.0794494077563285,0.9317938685417176,0.7406375408172607,0.6157557368278503,SAM_SGD_start5,8.395,0.01
8400,0.5661133527755737,0.9114669561386108,0.7767142057418823,0.5911005735397339,SAM_SGD_start5,8.4,0.01
8405,0.0582070276141166,0.9289631843566896,0.736497700214386,0.6178921461105347,SAM_SGD_start5,8.405,0.01
8410,0.6877118945121765,0.9105039834976196,0.7729558348655701,0.5936694741249084,SAM_SGD_start5,8.41,0.01
8415,0.0519743710756301,0.6180493235588074,0.7555991411209106,0.6213398575782776,SAM_SGD_start5,8.415,0.01
8420,0.3529352247714996,0.924997329711914,0.7920250296592712,0.5962191224098206,SAM_SGD_start5,8.42,0.01
8425,0.118166759610176,0.943362593650818,0.7500720620155334,0.6220153570175171,SAM_SGD_start5,8.425,0.01
8430,0.4594026207923889,0.9216408133506776,0.7864071130752563,0.5969592332839966,SAM_SGD_start5,8.43,0.01
8435,0.0780302360653877,0.9396020770072936,0.7449986934661865,0.6231163144111633,SAM_SGD_start5,8.435,0.01
8440,0.5768296122550964,0.919038951396942,0.7813854813575745,0.5982585549354553,SAM_SGD_start5,8.44,0.01
8445,0.0562892965972423,0.9365465641021729,0.7406882047653198,0.6250394582748413,SAM_SGD_start5,8.445,0.01
8450,0.701223611831665,0.9178197383880616,0.7774320244789124,0.6006096601486206,SAM_SGD_start5,8.45,0.01
8455,0.0499877668917179,0.3133162558078766,0.7754168510437012,0.6177827715873718,SAM_SGD_start5,8.455,0.01
8460,0.094148151576519,0.9372131824493408,0.8127577304840088,0.5933749079704285,SAM_SGD_start5,8.46,0.01
8465,0.4304587244987488,0.9578319787979126,0.7695509195327759,0.6189416646957397,SAM_SGD_start5,8.465,0.01
8470,0.1484802067279815,0.9335299730300904,0.8065153956413269,0.594140887260437,SAM_SGD_start5,8.47,0.01
8475,0.3096328675746918,0.9533050060272216,0.7636016011238098,0.6196343302726746,SAM_SGD_start5,8.475,0.01
8480,0.2199941128492355,0.9296199083328248,0.8002781271934509,0.5946288704872131,SAM_SGD_start5,8.48,0.01
8485,0.2148760110139846,0.948737621307373,0.7577313780784607,0.6201642155647278,SAM_SGD_start5,8.485,0.01
8490,0.3068141043186188,0.9257656931877136,0.7941918969154358,0.5950731039047241,SAM_SGD_start5,8.49,0.01
8495,0.1438947319984436,0.944346845149994,0.7520731687545776,0.6207565665245056,SAM_SGD_start5,8.495,0.01
8500,0.4072249829769134,0.922205686569214,0.7883976697921753,0.5956801772117615,SAM_SGD_start5,8.5,0.01
8505,0.0945057570934295,0.940346658229828,0.7467778325080872,0.6216434240341187,SAM_SGD_start5,8.505,0.01
8510,0.5195057392120361,0.9192235469818116,0.7830793261528015,0.5966961979866028,SAM_SGD_start5,8.51,0.01
8515,0.0645317733287811,0.9369779825210572,0.7420746088027954,0.6231418251991272,SAM_SGD_start5,8.515,0.01
8520,0.6412622332572937,0.9172701239585876,0.7785534858703613,0.5984959006309509,SAM_SGD_start5,8.52,0.01
8525,0.0515544265508651,0.933895707130432,0.7384817004203796,0.625803530216217,SAM_SGD_start5,8.525,0.01
8530,0.7496695518493652,0.9191353917121888,0.7771446704864502,0.6030448079109192,SAM_SGD_start5,8.53,0.01
8535,0.0536276996135711,0.9372556209564208,0.8183624148368835,0.5881562232971191,SAM_SGD_start5,8.535,0.01
8540,0.626115083694458,0.9597793221473694,0.7751734852790833,0.6141180396080017,SAM_SGD_start5,8.54,0.01
8545,0.0819090232253074,0.9349265694618224,0.8125171661376953,0.5899791121482849,SAM_SGD_start5,8.545,0.01
8550,0.4688168168067932,0.9558627009391784,0.7694379687309265,0.6155939698219299,SAM_SGD_start5,8.55,0.01
8555,0.1302330195903778,0.9314804673194884,0.806369960308075,0.5909680724143982,SAM_SGD_start5,8.555,0.01
8560,0.3408706188201904,0.9514813423156738,0.7635492086410522,0.6164646148681641,SAM_SGD_start5,8.56,0.01
8565,0.1962452530860901,0.9276846647262572,0.800171971321106,0.5915842652320862,SAM_SGD_start5,8.565,0.01
8570,0.2394986748695373,0.9469802975654602,0.7576943635940552,0.6170907020568848,SAM_SGD_start5,8.57,0.01
8575,0.2780055403709411,0.9238667488098145,0.7940828204154968,0.5920902490615845,SAM_SGD_start5,8.575,0.01
8580,0.1623663306236267,0.9425927400588988,0.752011775970459,0.6177129149436951,SAM_SGD_start5,8.58,0.01
8585,0.3737684488296509,0.9202714562416076,0.7882423996925354,0.5926960706710815,SAM_SGD_start5,8.585,0.01
8590,0.1072846204042434,0.9385306239128112,0.7466441988945007,0.6185566782951355,SAM_SGD_start5,8.59,0.01
8595,0.4818542301654815,0.91716206073761,0.7828177213668823,0.5936312079429626,SAM_SGD_start5,8.595,0.01
8600,0.0720997601747512,0.9350311160087584,0.7417904138565063,0.6199060082435608,SAM_SGD_start5,8.6,0.01
8605,0.6002317667007446,0.9149242043495178,0.7780725955963135,0.5952215790748596,SAM_SGD_start5,8.605,0.01
8610,0.0545261912047863,0.9321997165679932,0.7378297448158264,0.6222176551818848,SAM_SGD_start5,8.61,0.01
8615,0.7223430871963501,0.914375364780426,0.7746646404266357,0.5980638265609741,SAM_SGD_start5,8.615,0.01
8620,0.0518273338675498,0.933281421661377,0.8167887330055237,0.5839146375656128,SAM_SGD_start5,8.62,0.01
8625,0.6522179245948792,0.9563892483711244,0.7738499045372009,0.6099926829338074,SAM_SGD_start5,8.625,0.01
8630,0.0757771134376525,0.9315711855888368,0.8111259937286377,0.5860944390296936,SAM_SGD_start5,8.63,0.01
8635,0.4908918738365173,0.9527271389961244,0.7682458758354187,0.6117467284202576,SAM_SGD_start5,8.635,0.01
8640,0.120155356824398,0.9283517003059388,0.8050846457481384,0.5872857570648193,SAM_SGD_start5,8.64,0.01
8645,0.3592877686023712,0.948498547077179,0.7624354958534241,0.6127868890762329,SAM_SGD_start5,8.645,0.01
8650,0.1824791431427002,0.9246877431869508,0.7989519238471985,0.5880343317985535,SAM_SGD_start5,8.65,0.01
8655,0.2544454038143158,0.9440945982933044,0.7566276788711548,0.6135245561599731,SAM_SGD_start5,8.655,0.01
8660,0.2607662975788116,0.9209485054016112,0.7929003238677979,0.5886279940605164,SAM_SGD_start5,8.66,0.01
8665,0.1740035861730575,0.9397634267807008,0.7509675025939941,0.6142160296440125,SAM_SGD_start5,8.665,0.01
8670,0.3532564342021942,0.9173882603645324,0.7870720624923706,0.5892833471298218,SAM_SGD_start5,8.67,0.01
8675,0.1157731115818023,0.9357197284698486,0.7455959320068359,0.6150871515274048,SAM_SGD_start5,8.675,0.01
8680,0.458278477191925,0.9142645597457886,0.7816281318664551,0.5902244448661804,SAM_SGD_start5,8.68,0.01
8685,0.0776207596063613,0.9321973919868468,0.7406993508338928,0.6164083480834961,SAM_SGD_start5,8.685,0.01
8690,0.5739320516586304,0.9119345545768738,0.7768101096153259,0.5917552709579468,SAM_SGD_start5,8.69,0.01
8695,0.057319164276123,0.9293858408927916,0.7366089820861816,0.6185956597328186,SAM_SGD_start5,8.695,0.01
8700,0.6957303881645203,0.9110730886459352,0.7731345891952515,0.5943953990936279,SAM_SGD_start5,8.7,0.01
8705,0.0517149567604064,0.9178305864334106,0.8148000240325928,0.5778677463531494,SAM_SGD_start5,8.705,0.01
8710,0.6962999701499939,0.9518395066261292,0.7722287774085999,0.6042064428329468,SAM_SGD_start5,8.71,0.01
8715,0.0676210820674896,0.9270613193511964,0.8094543814659119,0.5807191133499146,SAM_SGD_start5,8.715,0.01
8720,0.527895987033844,0.9486228823661804,0.7668493390083313,0.6064522862434387,SAM_SGD_start5,8.72,0.01
8725,0.1058105453848838,0.924244463443756,0.8035870790481567,0.5822514295578003,SAM_SGD_start5,8.725,0.01
8730,0.3901107609272003,0.9446437954902648,0.7611642479896545,0.6077716946601868,SAM_SGD_start5,8.73,0.01
8735,0.1624105125665664,0.9207941889762878,0.7975549697875977,0.5832113027572632,SAM_SGD_start5,8.735,0.01
8740,0.279487133026123,0.9403897523880004,0.7554265856742859,0.6086845397949219,SAM_SGD_start5,8.74,0.01
8745,0.2353494763374328,0.917174994945526,0.791556715965271,0.5839390754699707,SAM_SGD_start5,8.745,0.01
8750,0.1935807913541793,0.9361401796340942,0.7497959733009338,0.6094804406166077,SAM_SGD_start5,8.75,0.01
8755,0.3228339552879333,0.9136641025543212,0.7857412695884705,0.5846670269966125,SAM_SGD_start5,8.755,0.01
8760,0.1301929056644439,0.9321169853210448,0.7444130182266235,0.610390305519104,SAM_SGD_start5,8.76,0.01
8765,0.4231984913349151,0.910513997077942,0.7802625298500061,0.5856140851974487,SAM_SGD_start5,8.765,0.01
8770,0.0872062295675277,0.9285492897033693,0.7394481897354126,0.611667811870575,SAM_SGD_start5,8.77,0.01
8775,0.5346745848655701,0.9080460667610168,0.7753336429595947,0.587056040763855,SAM_SGD_start5,8.775,0.01
8780,0.0624636933207511,0.9256758093833924,0.7351776361465454,0.6136772632598877,SAM_SGD_start5,8.78,0.01
8785,0.654229462146759,0.9068052172660828,0.7713520526885986,0.5894322395324707,SAM_SGD_start5,8.785,0.01
8790,0.053394328802824,0.9212902188301086,0.7324833869934082,0.6171809434890747,SAM_SGD_start5,8.79,0.01
8795,0.7389131188392639,0.913254737854004,0.7735354900360107,0.5974852442741394,SAM_SGD_start5,8.795,0.01
8800,0.0542040430009365,0.9287863969802856,0.8134015798568726,0.5800310969352722,SAM_SGD_start5,8.8,0.01
8805,0.628755509853363,0.9516155123710632,0.7707281112670898,0.6060505509376526,SAM_SGD_start5,8.805,0.01
8810,0.0798609852790832,0.9269524812698364,0.8077773451805115,0.582199215888977,SAM_SGD_start5,8.81,0.01
8815,0.4723605513572693,0.9479971528053284,0.7651736736297607,0.6078246235847473,SAM_SGD_start5,8.815,0.01
8820,0.1255168467760086,0.92378568649292,0.8018001317977905,0.5834362506866455,SAM_SGD_start5,8.82,0.01
8825,0.3450376093387604,0.9438491463661194,0.7594309449195862,0.6089245080947876,SAM_SGD_start5,8.825,0.01
8830,0.1887686550617218,0.9202101826667786,0.7957463264465332,0.5842563509941101,SAM_SGD_start5,8.83,0.01
8835,0.2439437806606292,0.9395479559898376,0.7537034749984741,0.6097444295883179,SAM_SGD_start5,8.835,0.01
8840,0.267672061920166,0.9165827631950378,0.7897864580154419,0.5849406123161316,SAM_SGD_start5,8.84,0.01
8845,0.1667605638504028,0.9353393912315368,0.7481367588043213,0.6105384826660156,SAM_SGD_start5,8.845,0.01
8850,0.3604966998100281,0.9131582379341124,0.7840652465820312,0.5857070088386536,SAM_SGD_start5,8.85,0.01
8855,0.1113272532820701,0.9314417839050292,0.742876410484314,0.6115370392799377,SAM_SGD_start5,8.855,0.01
8860,0.4655732214450836,0.9102036952972412,0.7787511348724365,0.5867869853973389,SAM_SGD_start5,8.86,0.01
8865,0.075525477528572,0.9280949831008912,0.7381201982498169,0.6130228638648987,SAM_SGD_start5,8.865,0.01
8870,0.5809311270713806,0.9080981016159058,0.7741032242774963,0.5885013937950134,SAM_SGD_start5,8.87,0.01
8875,0.0571174472570419,0.9254460334777832,0.7342321872711182,0.6154398322105408,SAM_SGD_start5,8.875,0.01
8880,0.7010154128074646,0.9076001048088074,0.7707198262214661,0.5914159417152405,SAM_SGD_start5,8.88,0.01
8885,0.0519083440303802,0.9195609092712402,0.7365041375160217,0.6240646839141846,SAM_SGD_start5,8.885,0.01
8890,0.753643274307251,0.9200705885887146,0.777665376663208,0.6039864420890808,SAM_SGD_start5,8.89,0.01
8895,0.0521895065903663,0.933686375617981,0.8168525099754333,0.5843823552131653,SAM_SGD_start5,8.895,0.01
8900,0.646621823310852,0.9566669464111328,0.7738876342773438,0.6104363203048706,SAM_SGD_start5,8.9,0.01
8905,0.0769402384757995,0.9318516850471495,0.8111610412597656,0.5865002870559692,SAM_SGD_start5,8.905,0.01
8910,0.4862343966960907,0.952964186668396,0.76826411485672,0.6121443510055542,SAM_SGD_start5,8.91,0.01
8915,0.1220297664403915,0.928596556186676,0.8051053881645203,0.5876602530479431,SAM_SGD_start5,8.915,0.01
8920,0.3554653823375702,0.948714315891266,0.7624443769454956,0.6131595373153687,SAM_SGD_start5,8.92,0.01
8925,0.185001403093338,0.9249154925346376,0.7989662289619446,0.5883907675743103,SAM_SGD_start5,8.925,0.01
8930,0.2513993978500366,0.9442999362945556,0.7566331028938293,0.6138831377029419,SAM_SGD_start5,8.93,0.01
8935,0.2638826966285705,0.9211692214012146,0.7929134368896484,0.5889748334884644,SAM_SGD_start5,8.935,0.01
8940,0.1716782599687576,0.9399662613868712,0.7509742975234985,0.6145687699317932,SAM_SGD_start5,8.94,0.01
8945,0.3569217920303345,0.9176104664802552,0.7870888710021973,0.5896281003952026,SAM_SGD_start5,8.945,0.01
8950,0.1141147166490554,0.9359270930290222,0.7456093430519104,0.6154422760009766,SAM_SGD_start5,8.95,0.01
8955,0.4624433219432831,0.914498209953308,0.781654953956604,0.5905755758285522,SAM_SGD_start5,8.955,0.01
8960,0.0765763372182846,0.9324182271957396,0.7407269477844238,0.6167764663696289,SAM_SGD_start5,8.96,0.01
8965,0.5785233974456787,0.9121943712234496,0.7768573760986328,0.592125415802002,SAM_SGD_start5,8.965,0.01
8970,0.056825116276741,0.9296164512634276,0.7366670966148376,0.6189954280853271,SAM_SGD_start5,8.97,0.01
8975,0.7003849744796753,0.9113969206809998,0.7732344269752502,0.5948100090026855,SAM_SGD_start5,8.975,0.01
8980,0.0515184663236141,0.9184930324554444,0.8146041631698608,0.5771389603614807,SAM_SGD_start5,8.98,0.01
8985,0.7026804089546204,0.9513376355171204,0.7720775604248047,0.6035254001617432,SAM_SGD_start5,8.985,0.01
8990,0.0666424930095672,0.9265617728233336,0.8093034029006958,0.5800969004631042,SAM_SGD_start5,8.99,0.01
8995,0.5332072377204895,0.9481855034828186,0.7667297124862671,0.6058434247970581,SAM_SGD_start5,8.995,0.01
9000,0.1039938852190971,0.9238041639328004,0.803459882736206,0.5816769599914551,SAM_SGD_start5,9.0,0.01
9005,0.3945239186286926,0.9442404508590698,0.7610613107681274,0.6072012186050415,SAM_SGD_start5,9.005,0.01
9010,0.159828245639801,0.9203828573226928,0.7974404692649841,0.5826651453971863,SAM_SGD_start5,9.01,0.01
9015,0.283063679933548,0.9400054216384888,0.7553319931030273,0.6081370711326599,SAM_SGD_start5,9.015,0.01
9020,0.2320588827133178,0.9167787432670592,0.7914481163024902,0.5834100246429443,SAM_SGD_start5,9.02,0.01
9025,0.1963776051998138,0.9357652068138124,0.749704122543335,0.6089457869529724,SAM_SGD_start5,9.025,0.01
9030,0.3188855051994324,0.9132729172706604,0.7856329679489136,0.5841463804244995,SAM_SGD_start5,9.03,0.01
9035,0.1322583258152008,0.9317430853843688,0.7443182468414307,0.6098596453666687,SAM_SGD_start5,9.035,0.01
9040,0.4186430871486664,0.9101178646087646,0.7801482081413269,0.585093080997467,SAM_SGD_start5,9.04,0.01
9045,0.0885923504829406,0.9281675815582277,0.7393432855606079,0.6111303567886353,SAM_SGD_start5,9.045,0.01
9050,0.5295722484588623,0.9076306819915771,0.7752038836479187,0.5865224003791809,SAM_SGD_start5,9.05,0.01
9055,0.0632289499044418,0.9252796769142152,0.7350491881370544,0.6131159663200378,SAM_SGD_start5,9.055,0.01
9060,0.6487630605697632,0.906342387199402,0.7711851000785828,0.5888644456863403,SAM_SGD_start5,9.06,0.01
9065,0.0536345429718494,0.921399712562561,0.7322264909744263,0.6165231466293335,SAM_SGD_start5,9.065,0.01
9070,0.1306277215480804,0.9437072277069092,0.7509948015213013,0.6212355494499207,SAM_SGD_start5,9.07,0.01
9075,0.4325128197669983,0.921771764755249,0.7873154282569885,0.5961694717407227,SAM_SGD_start5,9.075,0.01
9080,0.0858816057443618,0.9398224949836732,0.745805025100708,0.6222224235534668,SAM_SGD_start5,9.08,0.01
9085,0.5473566055297852,0.9189679622650146,0.7821371555328369,0.5973178148269653,SAM_SGD_start5,9.085,0.01
9090,0.0600471273064613,0.9366167783737184,0.7412837743759155,0.6239179372787476,SAM_SGD_start5,9.09,0.01
9095,0.6707072854042053,0.9173481464385986,0.7778684496879578,0.5993713140487671,SAM_SGD_start5,9.095,0.01
9100,0.0505393110215663,0.9321399331092834,0.738242506980896,0.6270402073860168,SAM_SGD_start5,9.1,0.01
9105,0.7592278718948364,0.9231275916099548,0.7795384526252747,0.6068772673606873,SAM_SGD_start5,9.105,0.01
9110,0.0514147095382213,0.9373224973678588,0.8191357851028442,0.5877614617347717,SAM_SGD_start5,9.11,0.01
9115,0.6511099934577942,0.9602504968643188,0.7759518623352051,0.6138081550598145,SAM_SGD_start5,9.115,0.01
9120,0.0765956491231918,0.935342013835907,0.8133659958839417,0.5897710919380188,SAM_SGD_start5,9.12,0.01
9125,0.4893366992473602,0.956443727016449,0.7702606916427612,0.6154170632362366,SAM_SGD_start5,9.125,0.01
9130,0.1222203224897384,0.931987166404724,0.8072432279586792,0.5908429026603699,SAM_SGD_start5,9.13,0.01
9135,0.3574058413505554,0.9521033763885498,0.764380693435669,0.6163474321365356,SAM_SGD_start5,9.135,0.01
9140,0.1858336925506591,0.9282178282737732,0.8010420799255371,0.5914942026138306,SAM_SGD_start5,9.14,0.01
9145,0.2524021565914154,0.9476043581962584,0.7585123777389526,0.6169925928115845,SAM_SGD_start5,9.145,0.01
9150,0.2654542028903961,0.9243879914283752,0.7949293255805969,0.5920029878616333,SAM_SGD_start5,9.15,0.01
9155,0.1719578355550766,0.9431883096694946,0.7527974843978882,0.6176023483276367,SAM_SGD_start5,9.155,0.01
9160,0.3593211770057678,0.920746386051178,0.7890446782112122,0.5925820469856262,SAM_SGD_start5,9.16,0.01
9165,0.1138677448034286,0.9390663504600524,0.7473751306533813,0.6183997392654419,SAM_SGD_start5,9.165,0.01
9170,0.4657559990882873,0.9175490140914916,0.7835482358932495,0.5934540033340454,SAM_SGD_start5,9.17,0.01
9175,0.0759829059243202,0.9354718327522278,0.7424318790435791,0.6196553111076355,SAM_SGD_start5,9.175,0.01
9180,0.582832396030426,0.9151546359062196,0.7786831259727478,0.5949245691299438,SAM_SGD_start5,9.18,0.01
9185,0.0560565441846847,0.9325817227363586,0.7383041381835938,0.6217899918556213,SAM_SGD_start5,9.185,0.01
9190,0.7058020830154419,0.9142552018165588,0.774982213973999,0.597523033618927,SAM_SGD_start5,9.19,0.01
9195,0.0507401414215564,0.9213250279426576,0.8162320852279663,0.5793153047561646,SAM_SGD_start5,9.195,0.01
9200,0.7095852494239807,0.9537776112556458,0.7735608220100403,0.6057131886482239,SAM_SGD_start5,9.2,0.01
9205,0.0657541304826736,0.9289321303367616,0.810889720916748,0.5822333693504333,SAM_SGD_start5,9.205,0.01
9210,0.5385079383850098,0.9505735039711,0.7681743502616882,0.607986330986023,SAM_SGD_start5,9.21,0.01
9215,0.1030458509922027,0.9261231422424316,0.8050051331520081,0.5837676525115967,SAM_SGD_start5,9.215,0.01
9220,0.3984550833702087,0.946574568748474,0.7624672055244446,0.6092969179153442,SAM_SGD_start5,9.22,0.01
9225,0.1589341461658477,0.9226478338241576,0.798944354057312,0.5847087502479553,SAM_SGD_start5,9.225,0.01
9230,0.2858298718929291,0.9422844648361206,0.7566986083984375,0.6101841926574707,SAM_SGD_start5,9.23,0.01
9235,0.2313227504491806,0.9189876914024352,0.7929095029830933,0.5854050517082214,SAM_SGD_start5,9.235,0.01
9240,0.1981629729270935,0.9379871487617492,0.7510297298431396,0.6109423041343689,SAM_SGD_start5,9.24,0.01
9245,0.3184029459953308,0.9154225587844848,0.787049412727356,0.5860902070999146,SAM_SGD_start5,9.245,0.01
9250,0.1332354843616485,0.9339037537574768,0.7455997467041016,0.6118015646934509,SAM_SGD_start5,9.25,0.01
9255,0.4184999465942383,0.9122020602226256,0.7815154194831848,0.5869807600975037,SAM_SGD_start5,9.255,0.01
9260,0.0889252871274948,0.9302605986595154,0.7405750751495361,0.613010823726654,SAM_SGD_start5,9.26,0.01
9265,0.5298592448234558,0.9096391797065736,0.7765142321586609,0.5883457660675049,SAM_SGD_start5,9.265,0.01
9270,0.0630750581622123,0.9272996783256532,0.7362205386161804,0.6149235963821411,SAM_SGD_start5,9.27,0.01
9275,0.6496407985687256,0.9082553386688232,0.7724223136901855,0.590609073638916,SAM_SGD_start5,9.275,0.01
9280,0.0531632602214813,0.9235602021217346,0.733284056186676,0.6182214617729187,SAM_SGD_start5,9.28,0.01
9285,0.7661371231079102,0.9515320658683776,0.7734056711196899,0.6018792986869812,SAM_SGD_start5,9.285,0.01
9290,0.0589232817292213,0.9266479015350342,0.8108276128768921,0.5788950324058533,SAM_SGD_start5,9.29,0.01
9295,0.5847662687301636,0.948868989944458,0.768265962600708,0.6047789454460144,SAM_SGD_start5,9.295,0.01
9300,0.08958400785923,0.924355685710907,0.8051193356513977,0.5808104872703552,SAM_SGD_start5,9.3,0.01
9305,0.436649739742279,0.9451233744621276,0.7626749277114868,0.6063835620880127,SAM_SGD_start5,9.305,0.01
9310,0.1395128965377807,0.921092689037323,0.7991395592689514,0.5819562673568726,SAM_SGD_start5,9.31,0.01
9315,0.3166719675064087,0.940958559513092,0.756953239440918,0.6074305772781372,SAM_SGD_start5,9.315,0.01
9320,0.2064685970544815,0.9175251722335817,0.7931289672851562,0.5827628970146179,SAM_SGD_start5,9.32,0.01
9325,0.2222022712230682,0.9367053508758544,0.7512841820716858,0.6082649230957031,SAM_SGD_start5,9.325,0.01
9330,0.288581371307373,0.913970947265625,0.7872477769851685,0.5834887027740479,SAM_SGD_start5,9.33,0.01
9335,0.1509811282157898,0.9325988292694092,0.7458100914955139,0.6091291904449463,SAM_SGD_start5,9.335,0.01
9340,0.3841540813446045,0.9106818437576294,0.7816435694694519,0.5843503475189209,SAM_SGD_start5,9.34,0.01
9345,0.100883275270462,0.9288606643676758,0.7406854033470154,0.6102606654167175,SAM_SGD_start5,9.345,0.01
9350,0.4915000200271606,0.9079431891441344,0.7765003442764282,0.5855943560600281,SAM_SGD_start5,9.35,0.01
9355,0.0697847008705139,0.9257373213768004,0.7361339926719666,0.6119706034660339,SAM_SGD_start5,9.355,0.01
9360,0.6083916425704956,0.9061887860298156,0.7721213102340698,0.5875827074050903,SAM_SGD_start5,9.36,0.01
9365,0.0553666464984416,0.9231353998184204,0.7326204776763916,0.6147769093513489,SAM_SGD_start5,9.365,0.01
9370,0.7229213118553162,0.9066450595855712,0.7695627212524414,0.5911371111869812,SAM_SGD_start5,9.37,0.01
9375,0.2952644526958465,0.9451596140861512,0.758613646030426,0.6124816536903381,SAM_SGD_start5,9.375,0.01
9380,0.2255996465682983,0.9217414855957032,0.7949475049972534,0.5876511335372925,SAM_SGD_start5,9.38,0.01
9385,0.2049919664859771,0.9407910108566284,0.7528883218765259,0.6131833791732788,SAM_SGD_start5,9.385,0.01
9390,0.3121116757392883,0.9180961847305298,0.7890218496322632,0.5882728695869446,SAM_SGD_start5,9.39,0.01
9395,0.1377932876348495,0.9366191625595092,0.7473898530006409,0.6139681935310364,SAM_SGD_start5,9.395,0.01
9400,0.4118406772613525,0.9147732853889464,0.7834075689315796,0.5890807509422302,SAM_SGD_start5,9.4,0.01
9405,0.0915278419852256,0.9328661561012268,0.742278516292572,0.6150786280632019,SAM_SGD_start5,9.405,0.01
9410,0.5230563282966614,0.9120736718177797,0.778302013874054,0.5903347730636597,SAM_SGD_start5,9.41,0.01
9415,0.0640385895967483,0.9297759532928468,0.7378042936325073,0.6168529391288757,SAM_SGD_start5,9.415,0.01
9420,0.6431363821029663,0.9104884266853333,0.7740554809570312,0.5924378037452698,SAM_SGD_start5,9.42,0.01
9425,0.0528642497956752,0.9265416264533995,0.7345920205116272,0.619904100894928,SAM_SGD_start5,9.425,0.01
9430,0.7394436001777649,0.9560176730155944,0.7753742933273315,0.6070439219474792,SAM_SGD_start5,9.43,0.01
9435,0.0618170574307441,0.9310725331306458,0.8128641843795776,0.5836697220802307,SAM_SGD_start5,9.435,0.01
9440,0.5626265406608582,0.9529354572296144,0.7700262665748596,0.609475314617157,SAM_SGD_start5,9.44,0.01
9445,0.0965310931205749,0.9283735752105712,0.8069900274276733,0.5852811932563782,SAM_SGD_start5,9.445,0.01
9450,0.4178016483783722,0.9489591121673584,0.7643113732337952,0.6108313798904419,SAM_SGD_start5,9.45,0.01
9455,0.1502343267202377,0.924905240535736,0.800905704498291,0.5862367153167725,SAM_SGD_start5,9.455,0.01
9460,0.3009149432182312,0.9446442127227784,0.7585095763206482,0.6117151379585266,SAM_SGD_start5,9.46,0.01
9465,0.2207656949758529,0.9212073683738708,0.7948254942893982,0.5869117379188538,SAM_SGD_start5,9.465,0.01
9470,0.2094288766384124,0.940290093421936,0.7527884244918823,0.6124367117881775,SAM_SGD_start5,9.47,0.01
9475,0.306281179189682,0.9175702929496764,0.7889004945755005,0.5875465273857117,SAM_SGD_start5,9.475,0.01
9480,0.1410954296588897,0.9361199736595154,0.7472859025001526,0.6132280230522156,SAM_SGD_start5,9.48,0.01
9485,0.405090868473053,0.9142407178878784,0.7832777500152588,0.5883545875549316,SAM_SGD_start5,9.485,0.01
9490,0.0937767475843429,0.9323557019233704,0.7421603798866272,0.6143295764923096,SAM_SGD_start5,9.49,0.01
9495,0.5154776573181152,0.9115145206451416,0.7781503796577454,0.5895915627479553,SAM_SGD_start5,9.495,0.01
9500,0.0653212442994117,0.9292418956756592,0.7376537919044495,0.6160715818405151,SAM_SGD_start5,9.5,0.01
9505,0.6349420547485352,0.9098659753799438,0.7738547921180725,0.5916485786437988,SAM_SGD_start5,9.505,0.01
9510,0.0533091053366661,0.9262506365776062,0.734335720539093,0.6190360188484192,SAM_SGD_start5,9.51,0.01
9515,0.7244828939437866,0.9159619212150574,0.7756556868553162,0.5995457768440247,SAM_SGD_start5,9.515,0.01
9520,0.0541640222072601,0.9367542862892152,0.8179227709770203,0.5877767205238342,SAM_SGD_start5,9.52,0.01
9525,0.6211822628974915,0.9592206478118896,0.7747623324394226,0.6137254238128662,SAM_SGD_start5,9.525,0.01
9530,0.0829289108514785,0.9343903064727784,0.8120752573013306,0.5895825624465942,SAM_SGD_start5,9.53,0.01
9535,0.4648520946502685,0.955299198627472,0.7690285444259644,0.6151918768882751,SAM_SGD_start5,9.535,0.01
9540,0.1316521912813186,0.9309422969818116,0.8059330582618713,0.590569019317627,SAM_SGD_start5,9.54,0.01
9545,0.3377583026885986,0.9509230852127076,0.7631465196609497,0.6160637736320496,SAM_SGD_start5,9.545,0.01
9550,0.1979975253343582,0.9271538853645324,0.799744188785553,0.591189980506897,SAM_SGD_start5,9.55,0.01
9555,0.2371447831392288,0.946433424949646,0.7573018074035645,0.6166971921920776,SAM_SGD_start5,9.555,0.01
9560,0.2800315916538238,0.923349678516388,0.7936674356460571,0.5917057394981384,SAM_SGD_start5,9.56,0.01
9565,0.1606885641813278,0.9420621991157532,0.751632809638977,0.6173321604728699,SAM_SGD_start5,9.565,0.01
9570,0.3760171830654144,0.9197739958763124,0.7878431677818298,0.5923267006874084,SAM_SGD_start5,9.57,0.01
9575,0.1062011569738388,0.9380223155021667,0.7462829351425171,0.6181948781013489,SAM_SGD_start5,9.575,0.01
9580,0.4842688143253326,0.9166924357414246,0.7824400067329407,0.5932837724685669,SAM_SGD_start5,9.58,0.01
9585,0.0715321972966194,0.9345515966415404,0.7414538264274597,0.6195721626281738,SAM_SGD_start5,9.585,0.01
9590,0.6027315855026245,0.9144958257675172,0.7777263522148132,0.5949069857597351,SAM_SGD_start5,9.59,0.01
9595,0.0543897785246372,0.9317368268966676,0.7375342845916748,0.6219282150268555,SAM_SGD_start5,9.595,0.01
9600,0.7243802547454834,0.914034068584442,0.7743918299674988,0.597809910774231,SAM_SGD_start5,9.6,0.01
9605,0.0513493493199348,0.9296357035636902,0.8152119517326355,0.5803298950195312,SAM_SGD_start5,9.605,0.01
9610,0.6684445738792419,0.9533305764198304,0.7724941968917847,0.6065036058425903,SAM_SGD_start5,9.61,0.01
9615,0.0723437815904617,0.92855966091156,0.8096994161605835,0.58279949426651,SAM_SGD_start5,9.615,0.01
9620,0.504757821559906,0.9498764276504515,0.7670006155967712,0.6084812879562378,SAM_SGD_start5,9.62,0.01
9625,0.1140289008617401,0.925528883934021,0.8037489652633667,0.5841542482376099,SAM_SGD_start5,9.625,0.01
9630,0.3710367083549499,0.9457764625549316,0.7612597346305847,0.6096600294113159,SAM_SGD_start5,9.63,0.01
9635,0.1738079041242599,0.921978235244751,0.797676682472229,0.5850130915641785,SAM_SGD_start5,9.635,0.01
9640,0.2641586065292358,0.941459894180298,0.7554985284805298,0.6104933023452759,SAM_SGD_start5,9.64,0.01
9645,0.2496678233146667,0.9183140993118286,0.7916660308837891,0.5856850147247314,SAM_SGD_start5,9.645,0.01
9650,0.1817389726638794,0.9371882677078248,0.7498683929443359,0.611251175403595,SAM_SGD_start5,9.65,0.01
9655,0.3398420512676239,0.9147997498512268,0.785862147808075,0.5863932967185974,SAM_SGD_start5,9.655,0.01
9660,0.1215875670313835,0.9331790804862976,0.7445102334022522,0.6121617555618286,SAM_SGD_start5,9.66,0.01
9665,0.4426631927490234,0.9116913676261902,0.7804234027862549,0.5873600244522095,SAM_SGD_start5,9.665,0.01
9670,0.0815869122743606,0.9296650886535645,0.7396039366722107,0.6134883165359497,SAM_SGD_start5,9.67,0.01
9675,0.5562945008277893,0.9093307852745056,0.7755794525146484,0.5888773202896118,SAM_SGD_start5,9.675,0.01
9680,0.059544414281845,0.9268637895584106,0.7354568839073181,0.6156253814697266,SAM_SGD_start5,9.68,0.01
9685,0.676994800567627,0.9083331227302552,0.7717907428741455,0.5914292931556702,SAM_SGD_start5,9.685,0.01
9690,0.0526496842503547,0.917548656463623,0.73453688621521,0.6208788156509399,SAM_SGD_start5,9.69,0.01
9695,0.0592734813690185,0.932380735874176,0.8141443133354187,0.5844986438751221,SAM_SGD_start5,9.695,0.01
9700,0.5801302194595337,0.9544190168380736,0.7712331414222717,0.6103457808494568,SAM_SGD_start5,9.7,0.01
9705,0.092077150940895,0.929783821105957,0.8082855939865112,0.586178183555603,SAM_SGD_start5,9.705,0.01
9710,0.4319093227386474,0.950469136238098,0.7655190229415894,0.6117448806762695,SAM_SGD_start5,9.71,0.01
9715,0.1441525816917419,0.9263308048248292,0.8021902441978455,0.5871522426605225,SAM_SGD_start5,9.715,0.01
9720,0.3119914531707763,0.9461447596549988,0.7596986889839172,0.6126338243484497,SAM_SGD_start5,9.72,0.01
9725,0.2132877111434936,0.9226138591766356,0.7960829138755798,0.58781898021698,SAM_SGD_start5,9.725,0.01
9730,0.2177817076444625,0.941757321357727,0.7539450526237488,0.6133362650871277,SAM_SGD_start5,9.73,0.01
9735,0.2976143956184387,0.9189332723617554,0.7901168465614319,0.5884246230125427,SAM_SGD_start5,9.735,0.01
9740,0.1470097601413726,0.9375330805778505,0.7483961582183838,0.614086389541626,SAM_SGD_start5,9.74,0.01
9745,0.3954308331012726,0.9155343770980836,0.7844367027282715,0.5891813039779663,SAM_SGD_start5,9.745,0.01
9750,0.0975251048803329,0.933690309524536,0.7432051301002502,0.6151195764541626,SAM_SGD_start5,9.75,0.01
9755,0.5050336122512817,0.9127027988433838,0.7792274951934814,0.590336263179779,SAM_SGD_start5,9.755,0.01
9760,0.0671820342540741,0.9304736852645874,0.7386001944541931,0.6167515516281128,SAM_SGD_start5,9.76,0.01
9765,0.6241028308868408,0.910883903503418,0.7748014330863953,0.5922597646713257,SAM_SGD_start5,9.765,0.01
9770,0.053612645715475,0.9276660084724426,0.7350758910179138,0.6195195913314819,SAM_SGD_start5,9.77,0.01
9775,0.7362942099571228,0.9117521643638612,0.7726088762283325,0.596068263053894,SAM_SGD_start5,9.775,0.01
9780,0.0545037165284156,0.926695704460144,0.8121389150619507,0.578058123588562,SAM_SGD_start5,9.78,0.01
9785,0.6281103491783142,0.9495868682861328,0.7695924639701843,0.604088544845581,SAM_SGD_start5,9.785,0.01
9790,0.0796824544668197,0.9249739050865172,0.8065663576126099,0.5803036689758301,SAM_SGD_start5,9.79,0.01
9795,0.4721658825874328,0.9460376501083374,0.7640811800956726,0.605930507183075,SAM_SGD_start5,9.795,0.01
9800,0.1248300820589065,0.9218725562095642,0.8006306290626526,0.5815984010696411,SAM_SGD_start5,9.8,0.01
9805,0.3452041745185852,0.9419456720352172,0.7583746314048767,0.6070843935012817,SAM_SGD_start5,9.805,0.01
9810,0.1875374019145965,0.9183504581451416,0.7946129441261292,0.582467257976532,SAM_SGD_start5,9.81,0.01
9815,0.2443687915802002,0.9376941323280334,0.7526795864105225,0.6079514026641846,SAM_SGD_start5,9.815,0.01
9820,0.2658581733703613,0.9147709608078004,0.7886865139007568,0.5831955671310425,SAM_SGD_start5,9.82,0.01
9825,0.1673452407121658,0.933531641960144,0.7471433877944946,0.608788788318634,SAM_SGD_start5,9.825,0.01
9830,0.3580682277679443,0.9113913774490356,0.7829972505569458,0.584003210067749,SAM_SGD_start5,9.83,0.01
9835,0.111983373761177,0.929677963256836,0.7419126033782959,0.6098282337188721,SAM_SGD_start5,9.835,0.01
9840,0.4625028371810913,0.9084799885749816,0.7777143716812134,0.5851224660873413,SAM_SGD_start5,9.84,0.01
9845,0.0761726647615432,0.926374077796936,0.7371852397918701,0.611352801322937,SAM_SGD_start5,9.845,0.01
9850,0.5771981477737427,0.9064154028892516,0.7730969190597534,0.5868740081787109,SAM_SGD_start5,9.85,0.01
9855,0.0576854199171066,0.9237715601921082,0.7333245873451233,0.6138055324554443,SAM_SGD_start5,9.855,0.01
9860,0.6967059373855591,0.9059513807296752,0.7697378993034363,0.5898207426071167,SAM_SGD_start5,9.86,0.01
9865,0.0525666885077953,0.884746789932251,0.7424874305725098,0.6271377801895142,SAM_SGD_start5,9.865,0.01
9870,0.692128598690033,0.9202693104743958,0.7792575359344482,0.602575957775116,SAM_SGD_start5,9.87,0.01
9875,0.0494761317968368,0.9315916895866394,0.7401862144470215,0.6308708190917969,SAM_SGD_start5,9.875,0.01
9880,0.7625249028205872,0.9594835042953492,0.7777196764945984,0.6097932457923889,SAM_SGD_start5,9.88,0.01
9885,0.0591044314205646,0.934419333934784,0.8153933882713318,0.5864362120628357,SAM_SGD_start5,9.885,0.01
9890,0.5809808373451233,0.9564267992973328,0.7723591923713684,0.6122782826423645,SAM_SGD_start5,9.89,0.01
9895,0.092353418469429,0.9317426681518556,0.8094891309738159,0.5880505442619324,SAM_SGD_start5,9.895,0.01
9900,0.4322673380374908,0.952415645122528,0.7666061520576477,0.6136179566383362,SAM_SGD_start5,9.9,0.01
9905,0.1449151635169983,0.9282312989234924,0.8033555746078491,0.588972270488739,SAM_SGD_start5,9.905,0.01
9910,0.3119638860225677,0.9480388760566713,0.7607517838478088,0.6144570112228394,SAM_SGD_start5,9.91,0.01
9915,0.2145796120166778,0.924463987350464,0.797213613986969,0.5895929932594299,SAM_SGD_start5,9.915,0.01
9920,0.2174755483865738,0.943604052066803,0.7549667358398438,0.6151144504547119,SAM_SGD_start5,9.92,0.01
9925,0.2994750142097473,0.9207367897033693,0.7912147045135498,0.5901560187339783,SAM_SGD_start5,9.925,0.01
9930,0.1465226709842682,0.9393343925476074,0.7493875026702881,0.6158223152160645,SAM_SGD_start5,9.93,0.01
9935,0.3978962302207947,0.9172933101654052,0.7855024933815002,0.5908719897270203,SAM_SGD_start5,9.935,0.01
9940,0.0969505906105041,0.93544739484787,0.7441665530204773,0.6168148517608643,SAM_SGD_start5,9.94,0.01
9945,0.5081359148025513,0.9144182801246644,0.7802613973617554,0.5919875502586365,SAM_SGD_start5,9.945,0.01
9950,0.0666028410196304,0.9321869611740112,0.7395316958427429,0.6184073686599731,SAM_SGD_start5,9.95,0.01
9955,0.6278631687164307,0.912556529045105,0.7758033871650696,0.5938730239868164,SAM_SGD_start5,9.955,0.01
9960,0.0531021319329738,0.9293188452720642,0.7359796762466431,0.6211386322975159,SAM_SGD_start5,9.96,0.01
9965,0.7399399280548096,0.913480579853058,0.7736597061157227,0.597714364528656,SAM_SGD_start5,9.965,0.01
9970,0.0539852790534496,0.927971601486206,0.8130353093147278,0.5791923999786377,SAM_SGD_start5,9.97,0.01
9975,0.6325825452804565,0.950900137424469,0.770412802696228,0.6052314043045044,SAM_SGD_start5,9.975,0.01
9980,0.078945979475975,0.926247775554657,0.8074447512626648,0.5814239382743835,SAM_SGD_start5,9.98,0.01
9985,0.4756289422512054,0.9473282694816588,0.7648831605911255,0.6070554256439209,SAM_SGD_start5,9.985,0.01
9990,0.1239624843001365,0.923122763633728,0.8014881610870361,0.5826979875564575,SAM_SGD_start5,9.99,0.01
9995,0.3477972745895386,0.94320946931839,0.7591562867164612,0.6081867814064026,SAM_SGD_start5,9.995,0.01
10000,0.1866090446710586,0.9195727109909058,0.7954481244087219,0.5835431814193726,SAM_SGD_start5,10.0,0.01
10005,0.2462128698825836,0.9389280080795288,0.7534392476081848,0.6090284585952759,SAM_SGD_start5,10.005,0.01
10010,0.2649365067481994,0.9159622192382812,0.7894973158836365,0.5842451453208923,SAM_SGD_start5,10.01,0.01
10015,0.1685517728328704,0.9347327351570128,0.7478789687156677,0.6098373532295227,SAM_SGD_start5,10.015,0.01
10020,0.3572139143943786,0.9125474095344543,0.7837809920310974,0.5850231647491455,SAM_SGD_start5,10.02,0.01
10025,0.1126564145088195,0.9308420419692992,0.7426208853721619,0.6108441352844238,SAM_SGD_start5,10.025,0.01
10030,0.4617736041545868,0.9095948338508606,0.7784668803215027,0.5861079692840576,SAM_SGD_start5,10.03,0.01
10035,0.0764123052358627,0.9274961352348328,0.7378606200218201,0.612329363822937,SAM_SGD_start5,10.035,0.01
10040,0.5766662359237671,0.9074789881706238,0.7738105654716492,0.5878168344497681,SAM_SGD_start5,10.04,0.01
10045,0.057592436671257,0.9248543977737428,0.733955442905426,0.6147308349609375,SAM_SGD_start5,10.045,0.01
10050,0.6966444849967957,0.9069368243217468,0.7703890204429626,0.5907038450241089,SAM_SGD_start5,10.05,0.01
10055,0.0524920746684074,0.7434127926826477,0.8073262572288513,0.5853023529052734,SAM_SGD_start5,10.055,0.01
10060,0.4240314960479736,0.9492400884628296,0.7646317481994629,0.6108595728874207,SAM_SGD_start5,10.06,0.01
10065,0.1473242491483688,0.92515766620636,0.8012446165084839,0.5862764120101929,SAM_SGD_start5,10.065,0.01
10070,0.3058650195598602,0.9449313879013062,0.7588284015655518,0.6117555499076843,SAM_SGD_start5,10.07,0.01
10075,0.2171233743429184,0.9214611649513244,0.7951590418815613,0.5869568586349487,SAM_SGD_start5,10.075,0.01
10080,0.2132124304771423,0.9405716061592102,0.753098726272583,0.6124773621559143,SAM_SGD_start5,10.08,0.01
10085,0.3019924461841583,0.9178135395050048,0.7892219424247742,0.5875869393348694,SAM_SGD_start5,10.085,0.01
10090,0.1438238322734832,0.9363861680030824,0.747581422328949,0.6132584810256958,SAM_SGD_start5,10.09,0.01
10095,0.4002359509468078,0.914461612701416,0.7835797071456909,0.5883799195289612,SAM_SGD_start5,10.095,0.01
10100,0.0955520719289779,0.9325950741767884,0.7424322366714478,0.6143372058868408,SAM_SGD_start5,10.1,0.01
10105,0.5101432204246521,0.9116964936256408,0.7784217000007629,0.5895876288414001,SAM_SGD_start5,10.105,0.01
10110,0.0662531107664108,0.9294440746307372,0.7378870248794556,0.6160371899604797,SAM_SGD_start5,10.11,0.01
10115,0.6293050050735474,0.9099788069725036,0.77407306432724,0.5915915369987488,SAM_SGD_start5,10.115,0.01
10120,0.0535325594246387,0.92657071352005,0.7344775795936584,0.6189183592796326,SAM_SGD_start5,10.12,0.01
10125,0.7353602051734924,0.9120349287986756,0.772817075252533,0.5962982177734375,SAM_SGD_start5,10.125,0.01
10130,0.0568891838192939,0.9320236444473268,0.8144684433937073,0.5837177634239197,SAM_SGD_start5,10.13,0.01
10135,0.5991668105125427,0.9543084502220154,0.7715861797332764,0.6096211671829224,SAM_SGD_start5,10.135,0.01
10140,0.0871568918228149,0.9296367168426514,0.8086715936660767,0.585540235042572,SAM_SGD_start5,10.14,0.01
10145,0.4475666880607605,0.9504481554031372,0.7659103870391846,0.6111270785331726,SAM_SGD_start5,10.145,0.01
10150,0.1369843482971191,0.926257848739624,0.8026002049446106,0.5865851044654846,SAM_SGD_start5,10.15,0.01
10155,0.3245985507965088,0.9461625218391418,0.7601012587547302,0.6120690703392029,SAM_SGD_start5,10.155,0.01
10160,0.2040953934192657,0.9225672483444214,0.7964949011802673,0.5872856974601746,SAM_SGD_start5,10.16,0.01
10165,0.2275881618261337,0.9417825937271118,0.7543408870697021,0.6127923130989075,SAM_SGD_start5,10.165,0.01
10170,0.2865939140319824,0.9188820123672484,0.790513813495636,0.5878987312316895,SAM_SGD_start5,10.17,0.01
10175,0.1542460620403289,0.9375402331352234,0.7487689256668091,0.6135364770889282,SAM_SGD_start5,10.175,0.01
10180,0.3827685117721557,0.9154486060142516,0.7848004102706909,0.5886370539665222,SAM_SGD_start5,10.18,0.01
10185,0.1024143770337104,0.9336524605751038,0.7435344457626343,0.614533543586731,SAM_SGD_start5,10.185,0.01
10190,0.4909287691116333,0.9125441908836364,0.7795323133468628,0.5897403955459595,SAM_SGD_start5,10.19,0.01
10195,0.0699571371078491,0.9303622841835022,0.738852322101593,0.6160848140716553,SAM_SGD_start5,10.195,0.01
10200,0.6089184284210205,0.9105852246284484,0.7749984860420227,0.591558039188385,SAM_SGD_start5,10.2,0.01
10205,0.0545611977577209,0.9276553392410278,0.7351559400558472,0.6186869144439697,SAM_SGD_start5,10.205,0.01
10210,0.7270405292510986,0.9106117486953736,0.7720777988433838,0.5948047041893005,SAM_SGD_start5,10.21,0.01
10215,0.0502467975020408,0.9256961345672609,0.7397406697273254,0.6297116875648499,SAM_SGD_start5,10.215,0.01
10220,0.7614937424659729,0.9274579286575316,0.7823180556297302,0.6108328104019165,SAM_SGD_start5,10.22,0.01
10225,0.0460411757230758,0.9390887022018432,0.8278781175613403,0.59595787525177,SAM_SGD_start5,10.225,0.01
10230,0.745678186416626,0.9717485308647156,0.7841153144836426,0.6223343014717102,SAM_SGD_start5,10.23,0.01
10235,0.0616752654314041,0.9464199542999268,0.8221636414527893,0.598381757736206,SAM_SGD_start5,10.235,0.01
10240,0.5654482841491699,0.9680583477020264,0.7784032821655273,0.6241521835327148,SAM_SGD_start5,10.24,0.01
10245,0.1002566367387771,0.9431389570236206,0.8159524202346802,0.599504292011261,SAM_SGD_start5,10.245,0.01
10250,0.4175375401973724,0.9636237621307372,0.7723999619483948,0.6250616908073425,SAM_SGD_start5,10.25,0.01
10255,0.1581022441387176,0.9392367005348206,0.8095848560333252,0.6000661253929138,SAM_SGD_start5,10.255,0.01
10260,0.2983449101448059,0.9589189887046814,0.766347348690033,0.6255704760551453,SAM_SGD_start5,10.26,0.01
10265,0.233058899641037,0.9351641535758972,0.8032493591308594,0.6003956198692322,SAM_SGD_start5,10.265,0.01
10270,0.2053193747997284,0.9542112350463868,0.7603950500488281,0.6259554624557495,SAM_SGD_start5,10.27,0.01
10275,0.3232634961605072,0.9311833381652832,0.7970840334892273,0.6007125377655029,SAM_SGD_start5,10.275,0.01
10280,0.1361597627401352,0.9497079253196716,0.7546718716621399,0.626433253288269,SAM_SGD_start5,10.28,0.01
10285,0.4269962608814239,0.9275277256965636,0.7912287712097168,0.6012203097343445,SAM_SGD_start5,10.285,0.01
10290,0.0886620730161666,0.9456223249435424,0.749330997467041,0.6272373199462891,SAM_SGD_start5,10.29,0.01
10295,0.5425041913986206,0.924488604068756,0.7858734726905823,0.6021713614463806,SAM_SGD_start5,10.295,0.01
10300,0.0606116577982902,0.942190647125244,0.7446148991584778,0.6286990642547607,SAM_SGD_start5,10.3,0.01
10305,0.6671423316001892,0.9225480556488036,0.7813609838485718,0.6039634346961975,SAM_SGD_start5,10.305,0.01
10310,0.0494916960597038,0.9384796619415284,0.7411522269248962,0.6314325928688049,SAM_SGD_start5,10.31,0.01
10315,0.8079052567481995,0.961791455745697,0.7798271179199219,0.6108081340789795,SAM_SGD_start5,10.315,0.01
10320,0.0545970425009727,0.9365909099578856,0.8177106976509094,0.5877043008804321,SAM_SGD_start5,10.32,0.01
10325,0.6171486377716064,0.9590052962303162,0.7745585441589355,0.6136412620544434,SAM_SGD_start5,10.325,0.01
10330,0.083825945854187,0.9341875910758972,0.8118553161621094,0.5894871950149536,SAM_SGD_start5,10.33,0.01
10335,0.4615682661533355,0.9550718665122986,0.7688210010528564,0.6150919795036316,SAM_SGD_start5,10.335,0.01
10340,0.1329495310783386,0.9307302236557008,0.8057121634483337,0.5904648303985596,SAM_SGD_start5,10.34,0.01
10345,0.3351393938064575,0.9506932497024536,0.7629402875900269,0.6159583926200867,SAM_SGD_start5,10.345,0.01
10350,0.1996437907218933,0.926941692829132,0.799526572227478,0.591083824634552,SAM_SGD_start5,10.35,0.01
10355,0.2351322621107101,0.9462070465087892,0.7571002840995789,0.616592288017273,SAM_SGD_start5,10.355,0.01
10360,0.2819803953170776,0.923143208026886,0.7934563159942627,0.5916024446487427,SAM_SGD_start5,10.36,0.01
10365,0.1592219471931457,0.9418440461158752,0.7514389157295227,0.6172325611114502,SAM_SGD_start5,10.365,0.01
10370,0.3782269358634949,0.9195786714553832,0.7876417636871338,0.5922309160232544,SAM_SGD_start5,10.37,0.01
10375,0.1052233353257179,0.9378172755241394,0.7461003661155701,0.6181061267852783,SAM_SGD_start5,10.375,0.01
10380,0.4867002069950104,0.9165151715278624,0.7822529077529907,0.593201756477356,SAM_SGD_start5,10.38,0.01
10385,0.0709870010614395,0.9343656301498412,0.7412886023521423,0.6195025444030762,SAM_SGD_start5,10.385,0.01
10390,0.6053194999694824,0.9143486618995668,0.7775622010231018,0.5948483943939209,SAM_SGD_start5,10.39,0.01
10395,0.054214421659708,0.9315571784973145,0.7374008893966675,0.6218920946121216,SAM_SGD_start5,10.395,0.01
10400,0.7265830039978027,0.913960337638855,0.7742910385131836,0.5978009104728699,SAM_SGD_start5,10.4,0.01
10405,0.051327671855688,0.9289159774780272,0.8148985505104065,0.5796543955802917,SAM_SGD_start5,10.405,0.01
10410,0.6711128354072571,0.9527418613433838,0.7722231149673462,0.6058462858200073,SAM_SGD_start5,10.41,0.01
10415,0.0718116834759712,0.9279809594154358,0.8094141483306885,0.5821782946586609,SAM_SGD_start5,10.415,0.01
10420,0.5070456266403198,0.9493262767791748,0.766750156879425,0.6078654527664185,SAM_SGD_start5,10.42,0.01
10425,0.113032728433609,0.9249852895736694,0.8034807443618774,0.5835632681846619,SAM_SGD_start5,10.425,0.01
10430,0.3729903697967529,0.9452505111694336,0.7610226273536682,0.6090700030326843,SAM_SGD_start5,10.43,0.01
10435,0.1723716557025909,0.9214562773704528,0.7974202036857605,0.5844428539276123,SAM_SGD_start5,10.435,0.01
10440,0.2657888829708099,0.9409507513046264,0.7552706599235535,0.6099214553833008,SAM_SGD_start5,10.44,0.01
10445,0.2478102296590805,0.9178068041801452,0.7914178967475891,0.5851298570632935,SAM_SGD_start5,10.445,0.01
10450,0.1830508410930633,0.9366909861564636,0.7496469020843506,0.6106923222541809,SAM_SGD_start5,10.45,0.01
10455,0.3375787734985351,0.9143023490905762,0.7856194376945496,0.5858487486839294,SAM_SGD_start5,10.455,0.01
10460,0.1225878968834877,0.932689607143402,0.7442922592163086,0.6116113066673279,SAM_SGD_start5,10.46,0.01
10465,0.4400122761726379,0.9111987352371216,0.7801830768585205,0.5868216753005981,SAM_SGD_start5,10.465,0.01
10470,0.0822842419147491,0.9291791319847108,0.7393859624862671,0.6129409074783325,SAM_SGD_start5,10.47,0.01
10475,0.5532799363136292,0.9088354110717772,0.7753366827964783,0.5883387327194214,SAM_SGD_start5,10.475,0.01
10480,0.059952151030302,0.9263805150985718,0.7352314591407776,0.6150719523429871,SAM_SGD_start5,10.48,0.01
10485,0.6737498641014099,0.9078188538551332,0.7715323567390442,0.590878963470459,SAM_SGD_start5,10.485,0.01
10490,0.0528196953237056,0.9178866147994996,0.7338022589683533,0.6197531223297119,SAM_SGD_start5,10.49,0.01
10495,0.7195168733596802,0.9518661499023438,0.7726992964744568,0.6035479307174683,SAM_SGD_start5,10.495,0.01
10500,0.0643059164285659,0.9270517230033876,0.8099911212921143,0.580207347869873,SAM_SGD_start5,10.5,0.01
10505,0.5469220280647278,0.948813259601593,0.7673915028572083,0.6059856414794922,SAM_SGD_start5,10.505,0.01
10510,0.0999839454889297,0.9243841767311096,0.8041700124740601,0.5818555355072021,SAM_SGD_start5,10.51,0.01
10515,0.4056334495544433,0.9449031949043274,0.7617325782775879,0.6073912978172302,SAM_SGD_start5,10.515,0.01
10520,0.1543570011854171,0.9209877252578736,0.7981507182121277,0.5828710198402405,SAM_SGD_start5,10.52,0.01
10525,0.2918281555175781,0.9406723976135254,0.7559962272644043,0.6083430647850037,SAM_SGD_start5,10.525,0.01
10530,0.2253012955188751,0.9173796772956848,0.7921444177627563,0.5836200714111328,SAM_SGD_start5,10.53,0.01
10535,0.2030141204595565,0.9364162683486938,0.7503489851951599,0.6091464757919312,SAM_SGD_start5,10.535,0.01
10540,0.3109985589981079,0.9138481020927428,0.7863028645515442,0.5843420624732971,SAM_SGD_start5,10.54,0.01
10545,0.1369710117578506,0.9323593974113464,0.7449312210083008,0.610035240650177,SAM_SGD_start5,10.545,0.01
10550,0.4097760915756225,0.9106441140174866,0.7807769179344177,0.5852542519569397,SAM_SGD_start5,10.55,0.01
10555,0.0915781110525131,0.9287273287773132,0.7399067878723145,0.6112560629844666,SAM_SGD_start5,10.555,0.01
10560,0.5199018120765686,0.908074915409088,0.7757685780525208,0.5866210460662842,SAM_SGD_start5,10.56,0.01
10565,0.0646963119506836,0.9257660508155824,0.735531747341156,0.6131530404090881,SAM_SGD_start5,10.565,0.01
10570,0.6387011408805847,0.9066412448883056,0.7716371417045593,0.5888519883155823,SAM_SGD_start5,10.57,0.01
10575,0.0538628660142421,0.9225579500198364,0.732458233833313,0.6163545250892639,SAM_SGD_start5,10.575,0.01
10580,0.7489741444587708,0.9504835605621338,0.7725017070770264,0.6013390421867371,SAM_SGD_start5,10.58,0.01
10585,0.0607359930872917,0.9256547689437866,0.8098357915878296,0.5782653093338013,SAM_SGD_start5,10.585,0.01
10590,0.5710673332214355,0.9477224946022034,0.7673290371894836,0.6041129231452942,SAM_SGD_start5,10.59,0.01
10595,0.0928949415683746,0.9232654571533204,0.8041121363639832,0.580120325088501,SAM_SGD_start5,10.595,0.01
10600,0.4256000518798828,0.9439519643783568,0.7617351412773132,0.6056790947914124,SAM_SGD_start5,10.6,0.01
10605,0.1440976411104202,0.9199864268302916,0.798139214515686,0.5812485814094543,SAM_SGD_start5,10.605,0.01
10610,0.3079778850078583,0.9397923350334167,0.7560268044471741,0.6067197322845459,SAM_SGD_start5,10.61,0.01
10615,0.212143212556839,0.9164318442344666,0.7921490669250488,0.5820600986480713,SAM_SGD_start5,10.615,0.01
10620,0.2156257331371307,0.935563862323761,0.7503825426101685,0.6075676083564758,SAM_SGD_start5,10.62,0.01
10625,0.2951819598674774,0.9129106402397156,0.7862995862960815,0.5828074812889099,SAM_SGD_start5,10.625,0.01
10630,0.1463025212287902,0.9314989447593688,0.7449443936347961,0.6084626913070679,SAM_SGD_start5,10.63,0.01
10635,0.3915303349494934,0.9096744060516356,0.7807394862174988,0.5837080478668213,SAM_SGD_start5,10.635,0.01
10640,0.0978851988911628,0.927820920944214,0.7398698925971985,0.6096461415290833,SAM_SGD_start5,10.64,0.01
10645,0.499492883682251,0.907016098499298,0.7756590247154236,0.5850144624710083,SAM_SGD_start5,10.645,0.01
10650,0.0682548433542251,0.9247776865959167,0.7353934645652771,0.61143958568573,SAM_SGD_start5,10.65,0.01
10655,0.6167165040969849,0.9053905606269836,0.7713788747787476,0.587103545665741,SAM_SGD_start5,10.655,0.01
10660,0.0550556927919387,0.9221152067184448,0.7320262789726257,0.6143902540206909,SAM_SGD_start5,10.66,0.01
10665,0.7259602546691895,0.9066182374954224,0.7694725394248962,0.5911926031112671,SAM_SGD_start5,10.665,0.01
10670,0.0560721904039382,0.9224749207496644,0.8092365264892578,0.5742762684822083,SAM_SGD_start5,10.67,0.01
10675,0.6155605912208557,0.9452847838401794,0.7669424414634705,0.6002864241600037,SAM_SGD_start5,10.675,0.01
10680,0.081704132258892,0.9207984209060668,0.8037311434745789,0.5765858888626099,SAM_SGD_start5,10.68,0.01
10685,0.4625515639781952,0.9418209195137024,0.761496365070343,0.6022001504898071,SAM_SGD_start5,10.685,0.01
10690,0.1270579695701599,0.917783796787262,0.7978666424751282,0.5779564380645752,SAM_SGD_start5,10.69,0.01
10695,0.3381150066852569,0.9378224611282348,0.7558584213256836,0.6034340858459473,SAM_SGD_start5,10.695,0.01
10700,0.1897543221712112,0.9143571257591248,0.7919237613677979,0.5789070725440979,SAM_SGD_start5,10.7,0.01
10705,0.2394362092018127,0.933669924736023,0.7502355575561523,0.6043871641159058,SAM_SGD_start5,10.705,0.01
10710,0.2678731679916382,0.9108803868293762,0.7860764265060425,0.579723060131073,SAM_SGD_start5,10.71,0.01
10715,0.1642301082611084,0.9296143651008606,0.7447770237922668,0.6053180694580078,SAM_SGD_start5,10.715,0.01
10720,0.3597019016742706,0.90761399269104,0.7804734706878662,0.5806270241737366,SAM_SGD_start5,10.72,0.01
10725,0.1103659868240356,0.9258785247802734,0.7396327257156372,0.6064623594284058,SAM_SGD_start5,10.725,0.01
10730,0.4635837972164154,0.904832124710083,0.7752887010574341,0.5818559527397156,SAM_SGD_start5,10.73,0.01
10735,0.0757502168416976,0.9227066040039062,0.7350074052810669,0.6081103682518005,SAM_SGD_start5,10.735,0.01
10740,0.5775178074836731,0.9029261469841005,0.7707912921905518,0.5837399363517761,SAM_SGD_start5,10.74,0.01
10745,0.0581541657447814,0.9202255010604858,0.7312828898429871,0.6107197999954224,SAM_SGD_start5,10.745,0.01
10750,0.6954264044761658,0.9026982188224792,0.7676226496696472,0.5868675112724304,SAM_SGD_start5,10.75,0.01
10755,0.0524382144212722,0.9274346828460692,0.7351606488227844,0.6210910677909851,SAM_SGD_start5,10.755,0.01
10760,0.7784586548805237,0.952573299407959,0.7742111086845398,0.6025546789169312,SAM_SGD_start5,10.76,0.01
10765,0.0577074475586414,0.9276413917541504,0.811705470085144,0.5796265602111816,SAM_SGD_start5,10.765,0.01
10770,0.5945004820823669,0.9499699473381042,0.7690874934196472,0.6055359244346619,SAM_SGD_start5,10.77,0.01
10775,0.0873879343271255,0.9254106283187866,0.8060019016265869,0.581575870513916,SAM_SGD_start5,10.775,0.01
10780,0.4444614350795746,0.9462337493896484,0.7634930610656738,0.6071594953536987,SAM_SGD_start5,10.78,0.01
10785,0.1365025490522384,0.9221511483192444,0.8000118136405945,0.5827265977859497,SAM_SGD_start5,10.785,0.01
10790,0.3227838277816772,0.9420579075813292,0.7577573657035828,0.6082040071487427,SAM_SGD_start5,10.79,0.01
10795,0.2027776390314102,0.9185677766799928,0.7939822673797607,0.5835235118865967,SAM_SGD_start5,10.795,0.01
10800,0.2267956733703613,0.9377811551094056,0.7520668506622314,0.609022855758667,SAM_SGD_start5,10.8,0.01
10805,0.2843273878097534,0.9149845242500304,0.7880748510360718,0.5842284560203552,SAM_SGD_start5,10.805,0.01
10810,0.1542271375656128,0.9336398243904114,0.7465639710426331,0.6098598837852478,SAM_SGD_start5,10.81,0.01
10815,0.3794483840465545,0.9116531014442444,0.7824357748031616,0.58505779504776,SAM_SGD_start5,10.815,0.01
10820,0.1029395461082458,0.9298540949821472,0.7414006590843201,0.6109504699707031,SAM_SGD_start5,10.82,0.01
10825,0.4864593148231506,0.9088538289070128,0.777245283126831,0.5862540602684021,SAM_SGD_start5,10.825,0.01
10830,0.0708138197660446,0.9266692399978638,0.7367943525314331,0.6125985980033875,SAM_SGD_start5,10.83,0.01
10835,0.6031975746154785,0.9070070385932922,0.7727957367897034,0.5881693363189697,SAM_SGD_start5,10.835,0.01
10840,0.0555489659309387,0.9240695834159852,0.7331832051277161,0.6153042316436768,SAM_SGD_start5,10.84,0.01
10845,0.7199768424034119,0.9071600437164308,0.7699727416038513,0.5915220379829407,SAM_SGD_start5,10.845,0.01
10850,0.0509262382984161,0.92702978849411,0.7371929883956909,0.6256644129753113,SAM_SGD_start5,10.85,0.01
10855,0.7489231824874878,0.9548443555831908,0.7749085426330566,0.6056206226348877,SAM_SGD_start5,10.855,0.01
10860,0.0606760084629058,0.9299120903015136,0.8123869895935059,0.582361102104187,SAM_SGD_start5,10.86,0.01
10865,0.5705054998397827,0.951886773109436,0.7696219682693481,0.608191192150116,SAM_SGD_start5,10.865,0.01
10870,0.0940530896186828,0.927332043647766,0.8065606355667114,0.5840631127357483,SAM_SGD_start5,10.87,0.01
10875,0.4244398772716522,0.9479772448539734,0.7639418840408325,0.6096206903457642,SAM_SGD_start5,10.875,0.01
10880,0.1465217769145965,0.923922598361969,0.8005048036575317,0.5850739479064941,SAM_SGD_start5,10.88,0.01
10885,0.3063972294330597,0.9437041282653807,0.7581610679626465,0.6105510592460632,SAM_SGD_start5,10.885,0.01
10890,0.2158960253000259,0.9202597141265868,0.7944418787956238,0.5857855677604675,SAM_SGD_start5,10.89,0.01
10895,0.2138097882270813,0.9393755197525024,0.7524517178535461,0.61130291223526,SAM_SGD_start5,10.895,0.01
10900,0.3003215491771698,0.9166421890258788,0.7885256409645081,0.5864435434341431,SAM_SGD_start5,10.9,0.01
10905,0.1444302350282669,0.935218632221222,0.7469531297683716,0.6121111512184143,SAM_SGD_start5,10.905,0.01
10910,0.3981086909770965,0.913317620754242,0.7829027771949768,0.5872621536254883,SAM_SGD_start5,10.91,0.01
10915,0.0961176007986068,0.9314544200897216,0.7418215274810791,0.6132148504257202,SAM_SGD_start5,10.915,0.01
10920,0.5075481534004211,0.910577952861786,0.7777630686759949,0.5884933471679688,SAM_SGD_start5,10.92,0.01
10925,0.0667342245578765,0.9283289313316344,0.7372925281524658,0.614936888217926,SAM_SGD_start5,10.925,0.01
10930,0.626242458820343,0.9088818430900574,0.7734304666519165,0.5905173420906067,SAM_SGD_start5,10.93,0.01
10935,0.0538947060704231,0.9255088567733764,0.7338924407958984,0.6178341507911682,SAM_SGD_start5,10.935,0.01
10940,0.7333577871322632,0.9106406569480896,0.7719468474388123,0.5949945449829102,SAM_SGD_start5,10.94,0.01
10945,0.0552590154111385,0.9274157285690308,0.8122748136520386,0.5789163112640381,SAM_SGD_start5,10.945,0.01
10950,0.6184836626052856,0.9501133561134338,0.7696807384490967,0.6049070358276367,SAM_SGD_start5,10.95,0.01
10955,0.0818379446864128,0.9255051612854004,0.8066520690917969,0.5810561180114746,SAM_SGD_start5,10.955,0.01
10960,0.4641581773757934,0.9464935660362244,0.7641353607177734,0.6066693067550659,SAM_SGD_start5,10.96,0.01
10965,0.1282334923744201,0.9223421216011048,0.8006911873817444,0.5822958946228027,SAM_SGD_start5,10.965,0.01
10970,0.3386479914188385,0.9423647522926332,0.7584123611450195,0.6077793836593628,SAM_SGD_start5,10.97,0.01
10975,0.1920787394046783,0.9187902212142944,0.7946621775627136,0.5831331610679626,SAM_SGD_start5,10.975,0.01
10980,0.2391562461853027,0.9380948543548584,0.7527114152908325,0.6086219549179077,SAM_SGD_start5,10.98,0.01
10985,0.2714488506317138,0.9151988625526428,0.7887337803840637,0.5838449001312256,SAM_SGD_start5,10.985,0.01
10990,0.163384199142456,0.93392813205719,0.7471780180931091,0.6094495058059692,SAM_SGD_start5,10.99,0.01
10995,0.364621639251709,0.9118229746818542,0.7830517888069153,0.5846494436264038,SAM_SGD_start5,10.995,0.01
11000,0.1091820746660232,0.9300839304924012,0.7419597506523132,0.610494077205658,SAM_SGD_start5,11.0,0.01
11005,0.4699307978153229,0.9089332818984984,0.7777879238128662,0.5857813954353333,SAM_SGD_start5,11.005,0.01
11010,0.0744362771511077,0.9268047213554382,0.7372597455978394,0.6120443344116211,SAM_SGD_start5,11.01,0.01
11015,0.5853624939918518,0.9069198966026306,0.7732101082801819,0.5875699520111084,SAM_SGD_start5,11.015,0.01
11020,0.0568985790014267,0.9242070317268372,0.7334598898887634,0.6145582795143127,SAM_SGD_start5,11.02,0.01
11025,0.7046371102333069,0.906592845916748,0.7699682116508484,0.5906080007553101,SAM_SGD_start5,11.025,0.01
11030,0.4236868619918823,0.9484879970550536,0.7642054557800293,0.6101445555686951,SAM_SGD_start5,11.03,0.01
11035,0.1471286714076995,0.9244240522384644,0.8007878661155701,0.5855812430381775,SAM_SGD_start5,11.035,0.01
11040,0.3057104051113128,0.9441989660263062,0.7584152221679688,0.6110591292381287,SAM_SGD_start5,11.04,0.01
11045,0.2167502045631408,0.9207468032836914,0.7947158813476562,0.5862790942192078,SAM_SGD_start5,11.045,0.01
11050,0.2132052481174469,0.93985778093338,0.7526980638504028,0.6117981672286987,SAM_SGD_start5,11.05,0.01
11055,0.3014237582683563,0.9171173572540284,0.7887918949127197,0.5869256258010864,SAM_SGD_start5,11.055,0.01
11060,0.143918752670288,0.9356901049613952,0.7471928596496582,0.612595796585083,SAM_SGD_start5,11.06,0.01
11065,0.3994572460651397,0.9137830138206482,0.7831624746322632,0.5877346992492676,SAM_SGD_start5,11.065,0.01
11070,0.0957104638218879,0.9319168329238892,0.7420558333396912,0.6136909127235413,SAM_SGD_start5,11.07,0.01
11075,0.5091414451599121,0.9110361933708192,0.7780177593231201,0.5889585614204407,SAM_SGD_start5,11.075,0.01
11080,0.066441386938095,0.92878395318985,0.7375234365463257,0.615407407283783,SAM_SGD_start5,11.08,0.01
11085,0.6280634999275208,0.9093372225761414,0.7736831307411194,0.5909788608551025,SAM_SGD_start5,11.085,0.01
11090,0.0537183098495006,0.9259326457977296,0.734127402305603,0.6183053255081177,SAM_SGD_start5,11.09,0.01
11095,0.7341497540473938,0.9113543033599854,0.7723978161811829,0.5956557393074036,SAM_SGD_start5,11.095,0.01
11100,0.0564760491251945,0.9306485056877136,0.8137714266777039,0.5823043584823608,SAM_SGD_start5,11.1,0.01
11105,0.6036003232002258,0.9530274868011476,0.7709744572639465,0.6082279086112976,SAM_SGD_start5,11.105,0.01
11110,0.0858072638511657,0.928377628326416,0.8080212473869324,0.5842090249061584,SAM_SGD_start5,11.11,0.01
11115,0.4514292478561401,0.9492318034172058,0.76533442735672,0.6098015308380127,SAM_SGD_start5,11.115,0.01
11120,0.1347508132457733,0.9250569343566896,0.8019809722900391,0.585306704044342,SAM_SGD_start5,11.12,0.01
11125,0.3279131352901459,0.94499009847641,0.7595502138137817,0.6107898354530334,SAM_SGD_start5,11.125,0.01
11130,0.2010110467672348,0.9214059114456176,0.7958983778953552,0.5860458016395569,SAM_SGD_start5,11.13,0.01
11135,0.2303533256053924,0.9406425952911376,0.7538080811500549,0.6115473508834839,SAM_SGD_start5,11.135,0.01
11140,0.2826853990554809,0.9177488088607788,0.7899341583251953,0.5866878628730774,SAM_SGD_start5,11.14,0.01
11145,0.1564599126577377,0.9364241361618042,0.7482492923736572,0.6123168468475342,SAM_SGD_start5,11.145,0.01
11150,0.378058522939682,0.9143350124359132,0.7842325568199158,0.5874471664428711,SAM_SGD_start5,11.15,0.01
11155,0.1040792390704155,0.9325526356697084,0.7430227398872375,0.6133304834365845,SAM_SGD_start5,11.155,0.01
11160,0.485450267791748,0.9114400148391724,0.7789697051048279,0.5885624885559082,SAM_SGD_start5,11.16,0.01
11165,0.0710788071155548,0.9292709827423096,0.7383400201797485,0.6148864030838013,SAM_SGD_start5,11.165,0.01
11170,0.602745532989502,0.90947288274765,0.7744290232658386,0.5903778076171875,SAM_SGD_start5,11.17,0.01
11175,0.0551655851304531,0.9266054034233092,0.7346209287643433,0.6174713373184204,SAM_SGD_start5,11.175,0.01
11180,0.7213670611381531,0.9093965888023376,0.7714130878448486,0.5935657024383545,SAM_SGD_start5,11.18,0.01
11185,0.052542932331562,0.9279955625534058,0.8136962652206421,0.578932523727417,SAM_SGD_start5,11.185,0.01
11190,0.6526025533676147,0.951351761817932,0.7710775136947632,0.6050511598587036,SAM_SGD_start5,11.19,0.01
11195,0.0750318393111229,0.9266541004180908,0.8081730604171753,0.5813319683074951,SAM_SGD_start5,11.195,0.01
11200,0.4920334815979004,0.9478769898414612,0.7655874490737915,0.606992244720459,SAM_SGD_start5,11.2,0.01
11205,0.117920882999897,0.9236111044883728,0.8022383451461792,0.5826777219772339,SAM_SGD_start5,11.205,0.01
11210,0.3610179722309112,0.9437939524650574,0.7598686814308167,0.6081748008728027,SAM_SGD_start5,11.21,0.01
11215,0.17868672311306,0.9200847148895264,0.7961960434913635,0.5835525989532471,SAM_SGD_start5,11.215,0.01
11220,0.2565429806709289,0.939514458179474,0.7541408538818359,0.6090327501296997,SAM_SGD_start5,11.22,0.01
11225,0.2553445696830749,0.9164645671844482,0.7902258038520813,0.5842570066452026,SAM_SGD_start5,11.225,0.01
11230,0.1762527674436569,0.9352959394454956,0.7485541105270386,0.6098315119743347,SAM_SGD_start5,11.23,0.01
11235,0.3461421430110931,0.9130126237869264,0.7844734787940979,0.5850131511688232,SAM_SGD_start5,11.235,0.01
11240,0.1179736703634262,0.9313566088676452,0.7432515025138855,0.6108008623123169,SAM_SGD_start5,11.24,0.01
11245,0.4494186043739319,0.9099891185760498,0.7791013717651367,0.5860471725463867,SAM_SGD_start5,11.245,0.01
11250,0.079593226313591,0.9279329776763916,0.7384197115898132,0.6122115850448608,SAM_SGD_start5,11.25,0.01
11255,0.563296914100647,0.907749593257904,0.7743497490882874,0.5876614451408386,SAM_SGD_start5,11.255,0.01
11260,0.0589106380939483,0.9252254962921144,0.734385073184967,0.614474892616272,SAM_SGD_start5,11.26,0.01
11265,0.6835449934005737,0.9069526791572572,0.7707200050354004,0.5903660655021667,SAM_SGD_start5,11.265,0.01
11270,0.0529261343181133,0.2674966752529144,0.7802442312240601,0.6009423732757568,SAM_SGD_start5,11.27,0.01
11275,0.0509652271866798,0.9366343021392822,0.7399734854698181,0.628219485282898,SAM_SGD_start5,11.275,0.01
11280,0.7552381753921509,0.9210737943649292,0.778285801410675,0.6049290299415588,SAM_SGD_start5,11.28,0.01
11285,0.0519406795501709,0.9351227879524232,0.817731499671936,0.5857291221618652,SAM_SGD_start5,11.285,0.01
11290,0.6476236581802368,0.9580678343772888,0.7746798396110535,0.6117773056030273,SAM_SGD_start5,11.29,0.01
11295,0.0769558548927307,0.9332175850868224,0.8120065331459045,0.5877980589866638,SAM_SGD_start5,11.295,0.01
11300,0.4868277907371521,0.95432049036026,0.7690281271934509,0.6134418845176697,SAM_SGD_start5,11.3,0.01
11305,0.1223384141921997,0.9299200177192688,0.8059235215187073,0.5889204740524292,SAM_SGD_start5,11.305,0.01
11310,0.3557208180427551,0.9500336050987244,0.7631840109825134,0.6144214868545532,SAM_SGD_start5,11.31,0.01
11315,0.1856364011764526,0.926202952861786,0.7997597455978394,0.589618444442749,SAM_SGD_start5,11.315,0.01
11320,0.2513945996761322,0.9455856084823608,0.7573505640029907,0.6151134371757507,SAM_SGD_start5,11.32,0.01
11325,0.2648751735687256,0.9224238991737366,0.7936838865280151,0.5901726484298706,SAM_SGD_start5,11.325,0.01
11330,0.1714894920587539,0.9412198066711426,0.7516704797744751,0.6157693862915039,SAM_SGD_start5,11.33,0.01
11335,0.3582980036735534,0.91883385181427,0.7878368496894836,0.5907972455024719,SAM_SGD_start5,11.335,0.01
11340,0.1138109862804412,0.9371498823165894,0.7462843656539917,0.6166139841079712,SAM_SGD_start5,11.34,0.01
11345,0.4642288982868194,0.9156902432441713,0.7823802828788757,0.5917166471481323,SAM_SGD_start5,11.345,0.01
11350,0.0762185454368591,0.9336098432540894,0.7413805723190308,0.6179198622703552,SAM_SGD_start5,11.35,0.01
11355,0.5807419419288635,0.91335529088974,0.7775595188140869,0.5932386517524719,SAM_SGD_start5,11.355,0.01
11360,0.0564701929688453,0.9307753443717957,0.7372986674308777,0.6201105713844299,SAM_SGD_start5,11.36,0.01
11365,0.7030291557312012,0.9125271439552308,0.7739136219024658,0.5958960652351379,SAM_SGD_start5,11.365,0.01
11370,0.0511910915374755,0.9196817278862,0.8153085708618164,0.578091561794281,SAM_SGD_start5,11.37,0.01
11375,0.7054845094680786,0.9523981809616088,0.7727187275886536,0.6044816970825195,SAM_SGD_start5,11.375,0.01
11380,0.0662829130887985,0.927592396736145,0.8099889159202576,0.5810296535491943,SAM_SGD_start5,11.38,0.01
11385,0.535352349281311,0.9492221474647522,0.7673535346984863,0.6067786812782288,SAM_SGD_start5,11.385,0.01
11390,0.1036288142204284,0.9248111844062804,0.8041271567344666,0.5825889706611633,SAM_SGD_start5,11.39,0.01
11395,0.3961014449596405,0.9452531337738036,0.7616680860519409,0.6081152558326721,SAM_SGD_start5,11.395,0.01
11400,0.1595045179128646,0.9213659167289734,0.7980896830558777,0.5835561752319336,SAM_SGD_start5,11.4,0.01
11405,0.2841630578041076,0.9409940242767334,0.7559217810630798,0.6090296506881714,SAM_SGD_start5,11.405,0.01
11410,0.2318182289600372,0.9177374839782716,0.792078971862793,0.5842797160148621,SAM_SGD_start5,11.41,0.01
11415,0.1970755606889724,0.9367288947105408,0.7502761483192444,0.6098161935806274,SAM_SGD_start5,11.415,0.01
11420,0.3187693059444427,0.9142059087753296,0.7862443923950195,0.5849937200546265,SAM_SGD_start5,11.42,0.01
11425,0.1326277405023574,0.932680368423462,0.7448713779449463,0.6107063293457031,SAM_SGD_start5,11.425,0.01
11430,0.4186851382255554,0.9110226631164552,0.7807385325431824,0.5859161019325256,SAM_SGD_start5,11.43,0.01
11435,0.0887011885643005,0.9290756583213806,0.7398751378059387,0.6119506359100342,SAM_SGD_start5,11.435,0.01
11440,0.5298130512237549,0.908503234386444,0.7757699489593506,0.5873180031776428,SAM_SGD_start5,11.44,0.01
11445,0.0631429329514503,0.9261568188667296,0.7355554103851318,0.6139054298400879,SAM_SGD_start5,11.445,0.01
11450,0.6492691040039062,0.907174825668335,0.7717204689979553,0.5896269679069519,SAM_SGD_start5,11.45,0.01
11455,0.0534252934157848,0.9223312735557556,0.7326856255531311,0.6172670722007751,SAM_SGD_start5,11.455,0.01
11460,0.6363323926925659,0.953178346157074,0.7717500329017639,0.6073415279388428,SAM_SGD_start5,11.46,0.01
11465,0.0785145610570907,0.9284644722938538,0.8088732957839966,0.583474338054657,SAM_SGD_start5,11.465,0.01
11470,0.4783382415771484,0.94954514503479,0.7661790251731873,0.6091083288192749,SAM_SGD_start5,11.47,0.01
11475,0.1237600818276405,0.9252798557281494,0.8028748035430908,0.5846959948539734,SAM_SGD_start5,11.475,0.01
11480,0.349627137184143,0.9453701972961426,0.7604139447212219,0.6101883053779602,SAM_SGD_start5,11.48,0.01
11485,0.1867133378982544,0.9216748476028442,0.7967950701713562,0.5854923725128174,SAM_SGD_start5,11.485,0.01
11490,0.2473195940256118,0.9410350918769836,0.7546599507331848,0.6109809875488281,SAM_SGD_start5,11.49,0.01
11495,0.2654205858707428,0.9180104732513428,0.7908048629760742,0.5861465930938721,SAM_SGD_start5,11.495,0.01
11500,0.1690807044506073,0.9367860555648804,0.7490624189376831,0.6117411255836487,SAM_SGD_start5,11.5,0.01
11505,0.3581403493881225,0.9145411849021912,0.7850483059883118,0.5868763327598572,SAM_SGD_start5,11.505,0.01
11510,0.1127409413456916,0.9328402876853944,0.7437653541564941,0.6126976013183594,SAM_SGD_start5,11.51,0.01
11515,0.463204950094223,0.9115307331085204,0.7796912789344788,0.5879104137420654,SAM_SGD_start5,11.515,0.01
11520,0.0761790573596954,0.9294356107711792,0.7389624714851379,0.614128828048706,SAM_SGD_start5,11.52,0.01
11525,0.5786686539649963,0.909350574016571,0.774986743927002,0.5895639061927795,SAM_SGD_start5,11.525,0.01
11530,0.0571607388556003,0.9267351031303406,0.7350067496299744,0.6164695024490356,SAM_SGD_start5,11.53,0.01
11535,0.6993737816810608,0.9087292551994324,0.7715035080909729,0.5923864245414734,SAM_SGD_start5,11.535,0.01
11540,0.0520440638065338,0.9167407155036926,0.8152320981025696,0.5797396898269653,SAM_SGD_start5,11.54,0.01
11545,0.678069531917572,0.9530755281448364,0.7725476026535034,0.6059628129005432,SAM_SGD_start5,11.545,0.01
11550,0.0706455186009407,0.9282953143119812,0.80976802110672,0.5823217034339905,SAM_SGD_start5,11.55,0.01
11555,0.5127182006835938,0.9496904015541076,0.7670860290527344,0.6080197691917419,SAM_SGD_start5,11.555,0.01
11560,0.1111903041601181,0.925325870513916,0.8038397431373596,0.583728015422821,SAM_SGD_start5,11.56,0.01
11565,0.3775511980056762,0.945623517036438,0.7613590359687805,0.6092385053634644,SAM_SGD_start5,11.565,0.01
11570,0.1699415445327758,0.9218018054962158,0.7977761626243591,0.5846144556999207,SAM_SGD_start5,11.57,0.01
11575,0.2693462669849396,0.9413212537765504,0.7556012868881226,0.6100923418998718,SAM_SGD_start5,11.575,0.01
11580,0.2448672652244568,0.9181460738182068,0.7917651534080505,0.5852993726730347,SAM_SGD_start5,11.58,0.01
11585,0.1857040822505951,0.9370507001876832,0.7499668002128601,0.6108571290969849,SAM_SGD_start5,11.585,0.01
11590,0.3341898322105407,0.9146267175674438,0.7859528660774231,0.586008608341217,SAM_SGD_start5,11.59,0.01
11595,0.1244270056486129,0.9330306649208068,0.7445959448814392,0.6117615699768066,SAM_SGD_start5,11.595,0.01
11600,0.4362434148788452,0.9114977717399596,0.7804958820343018,0.5869628190994263,SAM_SGD_start5,11.6,0.01
11605,0.0833964794874191,0.9294922947883606,0.739665150642395,0.6130654215812683,SAM_SGD_start5,11.605,0.01
11610,0.5492174029350281,0.9090934991836548,0.7756178379058838,0.5884482264518738,SAM_SGD_start5,11.61,0.01
11615,0.0604332312941551,0.9266619086265564,0.7354701161384583,0.6151520013809204,SAM_SGD_start5,11.615,0.01
11620,0.6696563959121704,0.9080026745796204,0.7717549204826355,0.5909326076507568,SAM_SGD_start5,11.62,0.01
11625,0.0528254173696041,0.9195725321769714,0.7334690690040588,0.6192420125007629,SAM_SGD_start5,11.625,0.01
11630,0.7316132187843323,0.9489747881889344,0.7713345885276794,0.6003605723381042,SAM_SGD_start5,11.63,0.01
11635,0.0627460926771164,0.9242109060287476,0.8085652589797974,0.5772218108177185,SAM_SGD_start5,11.635,0.01
11640,0.5571775436401367,0.9461400508880616,0.7661409378051758,0.6030359864234924,SAM_SGD_start5,11.64,0.01
11645,0.0963219329714775,0.9217509627342224,0.8028374314308167,0.5790332555770874,SAM_SGD_start5,11.645,0.01
11650,0.4144802093505859,0.9423591494560242,0.7605538368225098,0.6045781373977661,SAM_SGD_start5,11.65,0.01
11655,0.1487065106630325,0.9184704422950744,0.7968809008598328,0.5801563262939453,SAM_SGD_start5,11.655,0.01
11660,0.2993164956569671,0.9382175803184508,0.7548671960830688,0.6056241989135742,SAM_SGD_start5,11.66,0.01
11665,0.2177427411079406,0.914941132068634,0.7909196019172668,0.580983579158783,SAM_SGD_start5,11.665,0.01
11670,0.2091557830572128,0.9340255260467528,0.7492554187774658,0.6064964532852173,SAM_SGD_start5,11.67,0.01
11675,0.3016015589237213,0.911464273929596,0.7851099371910095,0.5817630887031555,SAM_SGD_start5,11.675,0.01
11680,0.1417800486087799,0.9300135374069214,0.7438611388206482,0.607433557510376,SAM_SGD_start5,11.68,0.01
11685,0.3986076116561889,0.9082934856414796,0.7796030044555664,0.5827135443687439,SAM_SGD_start5,11.685,0.01
11690,0.0950770825147628,0.9264078736305236,0.7388458251953125,0.6086804866790771,SAM_SGD_start5,11.69,0.01
11695,0.5070558190345764,0.9057294726371764,0.7745954990386963,0.5840942859649658,SAM_SGD_start5,11.695,0.01
11700,0.0669247508049011,0.9234566688537598,0.7344554662704468,0.6105707883834839,SAM_SGD_start5,11.7,0.01
11705,0.6244466304779053,0.9042506217956544,0.7704277634620667,0.5862988233566284,SAM_SGD_start5,11.705,0.01
11710,0.0549264103174209,0.9206606149673462,0.7312610745429993,0.6136873960494995,SAM_SGD_start5,11.71,0.01
11715,0.7209872603416443,0.908457100391388,0.7708033323287964,0.5927124619483948,SAM_SGD_start5,11.715,0.01
11720,0.3636870086193084,0.925049126148224,0.7916876673698425,0.5966769456863403,SAM_SGD_start5,11.72,0.01
11725,0.1130767911672592,0.9433695673942566,0.7497607469558716,0.6225025057792664,SAM_SGD_start5,11.725,0.01
11730,0.4715041220188141,0.9217408299446106,0.7861104011535645,0.5974491834640503,SAM_SGD_start5,11.73,0.01
11735,0.074898637831211,0.939663589000702,0.7447400093078613,0.6236557960510254,SAM_SGD_start5,11.735,0.01
11740,0.5900571942329407,0.9192320704460144,0.7811605930328369,0.5988183617591858,SAM_SGD_start5,11.74,0.01
11745,0.0548917725682258,0.9366576075553894,0.7405300140380859,0.62568598985672,SAM_SGD_start5,11.745,0.01
11750,0.7145435810089111,0.9182139039039612,0.7773703336715698,0.6013134717941284,SAM_SGD_start5,11.75,0.01
11755,0.0496284402906894,0.9254270792007446,0.8187193870544434,0.5827469229698181,SAM_SGD_start5,11.755,0.01
11760,0.7187281250953674,0.9575552344322203,0.7758211493492126,0.6091514229774475,SAM_SGD_start5,11.76,0.01
11765,0.0646280273795127,0.9326049089431764,0.8133053779602051,0.5855821371078491,SAM_SGD_start5,11.765,0.01
11770,0.5454497337341309,0.95425945520401,0.770370364189148,0.6113417744636536,SAM_SGD_start5,11.77,0.01
11775,0.1020026057958602,0.9297059774398804,0.8073543906211853,0.5870374441146851,SAM_SGD_start5,11.775,0.01
11780,0.4035115540027618,0.9501729011535645,0.7646018266677856,0.612573504447937,SAM_SGD_start5,11.78,0.01
11785,0.1581344008445739,0.9261438846588136,0.8012290596961975,0.5879021286964417,SAM_SGD_start5,11.785,0.01
11790,0.2892910838127136,0.9457962512969972,0.758772611618042,0.6133833527565002,SAM_SGD_start5,11.79,0.01
11795,0.2309103161096573,0.9223968386650084,0.7951293587684631,0.58852219581604,SAM_SGD_start5,11.795,0.01
11800,0.2003000080585479,0.9414110779762268,0.7530419230461121,0.6140628457069397,SAM_SGD_start5,11.8,0.01
11805,0.3185099363327026,0.9187417030334472,0.7892021536827087,0.5891287326812744,SAM_SGD_start5,11.805,0.01
11810,0.1343036741018295,0.9372358918190002,0.7475468516349792,0.6148395538330078,SAM_SGD_start5,11.81,0.01
11815,0.4192466139793396,0.9154245853424072,0.7835960388183594,0.5899355411529541,SAM_SGD_start5,11.815,0.01
11820,0.0891569778323173,0.9334939122200012,0.7424500584602356,0.6159588694572449,SAM_SGD_start5,11.82,0.01
11825,0.5313771963119507,0.9127529859542848,0.7785132527351379,0.5912073850631714,SAM_SGD_start5,11.825,0.01
11830,0.0626971498131752,0.9304270148277284,0.738010585308075,0.6177678108215332,SAM_SGD_start5,11.83,0.01
11835,0.652118980884552,0.9112367033958436,0.7743206024169922,0.5933603644371033,SAM_SGD_start5,11.835,0.01
11840,0.0524111650884151,0.9267840385437012,0.7349333167076111,0.620923638343811,SAM_SGD_start5,11.84,0.01
11845,0.7810019254684448,0.9521112442016602,0.774003267288208,0.60202956199646,SAM_SGD_start5,11.845,0.01
11850,0.0575089193880558,0.9271848201751708,0.8114904761314392,0.5791453123092651,SAM_SGD_start5,11.85,0.01
11855,0.5965448617935181,0.949553370475769,0.7689012289047241,0.6050633192062378,SAM_SGD_start5,11.855,0.01
11860,0.0868060588836669,0.9250001311302184,0.805804431438446,0.5811263918876648,SAM_SGD_start5,11.86,0.01
11865,0.4462112188339233,0.945841372013092,0.7633198499679565,0.6067126393318176,SAM_SGD_start5,11.865,0.01
11870,0.1355634331703186,0.9217622876167296,0.7998254299163818,0.5822967290878296,SAM_SGD_start5,11.87,0.01
11875,0.3242601752281189,0.9416812062263488,0.7575927376747131,0.607774019241333,SAM_SGD_start5,11.875,0.01
11880,0.2014988213777542,0.9181926250457764,0.7938034534454346,0.5831072926521301,SAM_SGD_start5,11.88,0.01
11885,0.2280047982931137,0.9374154210090636,0.751908004283905,0.6086047291755676,SAM_SGD_start5,11.885,0.01
11890,0.2827251851558685,0.9146184921264648,0.7879011034965515,0.5838220715522766,SAM_SGD_start5,11.89,0.01
11895,0.1551773101091385,0.9332814812660216,0.7464088797569275,0.6094498634338379,SAM_SGD_start5,11.895,0.01
11900,0.3775340318679809,0.9112923741340636,0.7822648882865906,0.584657609462738,SAM_SGD_start5,11.9,0.01
11905,0.1036361828446388,0.9294993877410888,0.7412466406822205,0.6105446815490723,SAM_SGD_start5,11.905,0.01
11910,0.4842530786991119,0.9084936380386353,0.7770740985870361,0.5858560800552368,SAM_SGD_start5,11.91,0.01
11915,0.071267195045948,0.9263149499893188,0.7366375923156738,0.6121917366981506,SAM_SGD_start5,11.915,0.01
11920,0.6007333993911743,0.9066396951675416,0.7726187705993652,0.5877670049667358,SAM_SGD_start5,11.92,0.01
11925,0.0557772256433963,0.9237306118011476,0.7330134510993958,0.6148862242698669,SAM_SGD_start5,11.925,0.01
11930,0.7178025841712952,0.9067413210868835,0.7697486877441406,0.5910890698432922,SAM_SGD_start5,11.93,0.01
11935,0.6426573991775513,0.9211112856864928,0.7810328602790833,0.6019999980926514,SAM_SGD_start5,11.935,0.01
11940,0.0507717691361904,0.9378895163536072,0.7406609058380127,0.6292517781257629,SAM_SGD_start5,11.94,0.01
11945,0.7573022842407227,0.9218182563781738,0.7787255644798279,0.6056507229804993,SAM_SGD_start5,11.945,0.01
11950,0.0517310053110122,0.935266137123108,0.8178930878639221,0.5858249664306641,SAM_SGD_start5,11.95,0.01
11955,0.6501374244689941,0.9582530856132508,0.7748335003852844,0.6118814945220947,SAM_SGD_start5,11.955,0.01
11960,0.0764735490083694,0.9333939552307128,0.8121725916862488,0.5879082679748535,SAM_SGD_start5,11.96,0.01
11965,0.4888706505298614,0.9545124769210817,0.7691835761070251,0.6135551929473877,SAM_SGD_start5,11.965,0.01
11970,0.1216263473033905,0.9301015734672546,0.8060894012451172,0.5890353918075562,SAM_SGD_start5,11.97,0.01
11975,0.3573471009731293,0.950226068496704,0.7633382081985474,0.6145374774932861,SAM_SGD_start5,11.975,0.01
11980,0.1847268193960189,0.9263838529586792,0.7999230623245239,0.5897337198257446,SAM_SGD_start5,11.98,0.01
11985,0.2526469826698303,0.9457751512527466,0.7575013041496277,0.6152282953262329,SAM_SGD_start5,11.985,0.01
11990,0.2637960910797119,0.9226006865501404,0.7938427329063416,0.5902853608131409,SAM_SGD_start5,11.99,0.01
11995,0.1724050343036651,0.941403865814209,0.7518160939216614,0.6158802509307861,SAM_SGD_start5,11.995,0.01
12000,0.3570765554904938,0.919003129005432,0.7879893183708191,0.5909047722816467,SAM_SGD_start5,12.0,0.01
12005,0.1144264638423919,0.937325119972229,0.7464228272438049,0.6167179346084595,SAM_SGD_start5,12.005,0.01
12010,0.4628902077674866,0.915848433971405,0.7825239300727844,0.591815710067749,SAM_SGD_start5,12.01,0.01
12015,0.0765691697597503,0.9337732791900636,0.7415085434913635,0.6180123090744019,SAM_SGD_start5,12.015,0.01
12020,0.5793208479881287,0.9134960174560548,0.7776896953582764,0.593323826789856,SAM_SGD_start5,12.02,0.01
12025,0.0565946474671363,0.930928111076355,0.737409234046936,0.6201841235160828,SAM_SGD_start5,12.025,0.01
12030,0.7016826272010803,0.9126346707344056,0.7740169167518616,0.5959571599960327,SAM_SGD_start5,12.03,0.01
12035,0.0512145683169364,0.9195957779884338,0.8152484893798828,0.5780043601989746,SAM_SGD_start5,12.035,0.01
12040,0.7053377032279968,0.9523050785064696,0.7726644277572632,0.604394793510437,SAM_SGD_start5,12.04,0.01
12045,0.0663001090288162,0.9275016784667968,0.8099309206008911,0.5809454917907715,SAM_SGD_start5,12.045,0.01
12050,0.5352423191070557,0.949131727218628,0.7673009634017944,0.6066944003105164,SAM_SGD_start5,12.05,0.01
12055,0.1036361753940582,0.9247230291366576,0.8040708899497986,0.5825069546699524,SAM_SGD_start5,12.055,0.01
12060,0.3960281014442444,0.9451651573181152,0.7616170644760132,0.6080331206321716,SAM_SGD_start5,12.06,0.01
12065,0.1594983637332916,0.9212801456451416,0.7980350852012634,0.5834763050079346,SAM_SGD_start5,12.065,0.01
12070,0.2841187715530395,0.9409081935882568,0.7558723092079163,0.6089496612548828,SAM_SGD_start5,12.07,0.01
12075,0.2317974418401718,0.917654037475586,0.7920259833335876,0.5842019319534302,SAM_SGD_start5,12.075,0.01
12080,0.197052389383316,0.9366453886032104,0.7502281665802002,0.6097383499145508,SAM_SGD_start5,12.08,0.01
12085,0.3187311589717865,0.9141246676445008,0.7861930131912231,0.5849179625511169,SAM_SGD_start5,12.085,0.01
12090,0.1326224207878112,0.9325990676879884,0.7448248863220215,0.6106305122375488,SAM_SGD_start5,12.09,0.01
12095,0.4186273515224457,0.9109436273574828,0.7806887626647949,0.5858423709869385,SAM_SGD_start5,12.095,0.01
12100,0.088708683848381,0.928996741771698,0.7398302555084229,0.611876904964447,SAM_SGD_start5,12.1,0.01
12105,0.529733419418335,0.9084265828132628,0.7757219076156616,0.587246298789978,SAM_SGD_start5,12.105,0.01
12110,0.063159056007862,0.926080048084259,0.7355123162269592,0.6138339042663574,SAM_SGD_start5,12.11,0.01
12115,0.6491636037826538,0.9071009159088136,0.7716745138168335,0.5895576477050781,SAM_SGD_start5,12.115,0.01
12120,0.0534453466534614,0.9222546815872192,0.7326450943946838,0.6171984076499939,SAM_SGD_start5,12.12,0.01
12125,0.6215842962265015,0.9529320001602172,0.7713046073913574,0.6075628995895386,SAM_SGD_start5,12.125,0.01
12130,0.0816382393240928,0.9282503128051758,0.8083860874176025,0.583631694316864,SAM_SGD_start5,12.13,0.01
12135,0.466240793466568,0.9492294192314148,0.7657052278518677,0.6092463135719299,SAM_SGD_start5,12.135,0.01
12140,0.1284889578819275,0.9250080585479736,0.802371621131897,0.5848013162612915,SAM_SGD_start5,12.14,0.01
12145,0.339881420135498,0.9450283050537108,0.7599340081214905,0.6102887988090515,SAM_SGD_start5,12.145,0.01
12150,0.1928696632385254,0.9213860630989076,0.7962931394577026,0.5855754613876343,SAM_SGD_start5,12.15,0.01
12155,0.2397160828113556,0.9406912922859192,0.7541876435279846,0.6110690236091614,SAM_SGD_start5,12.155,0.01
12160,0.2728495299816131,0.9177281260490416,0.7903168797492981,0.5862274169921875,SAM_SGD_start5,12.16,0.01
12165,0.1634298264980316,0.936458945274353,0.7486094236373901,0.6118362545967102,SAM_SGD_start5,12.165,0.01
12170,0.3666996657848358,0.9142863750457764,0.7845867872238159,0.5869730114936829,SAM_SGD_start5,12.17,0.01
12175,0.1088630333542823,0.932548999786377,0.7433453798294067,0.612820565700531,SAM_SGD_start5,12.175,0.01
12180,0.4727479815483093,0.9113292694091796,0.779273271560669,0.5880452990531921,SAM_SGD_start5,12.18,0.01
12185,0.0738917738199234,0.9292019009590148,0.73859703540802,0.614308774471283,SAM_SGD_start5,12.185,0.01
12190,0.5889828205108643,0.9092444777488708,0.7746419906616211,0.5897716283798218,SAM_SGD_start5,12.19,0.01
12195,0.0562579780817031,0.9265347719192504,0.7347437143325806,0.6167571544647217,SAM_SGD_start5,12.195,0.01
12200,0.7091309428215027,0.908838391304016,0.7713392376899719,0.5927430391311646,SAM_SGD_start5,12.2,0.01
12205,0.690355658531189,0.9548020958900452,0.7737462520599365,0.6072864532470703,SAM_SGD_start5,12.205,0.01
12210,0.0687590539455413,0.9299615621566772,0.8110592365264893,0.5836519598960876,SAM_SGD_start5,12.21,0.01
12215,0.5225557684898376,0.9514281749725342,0.7682785987854004,0.609367311000824,SAM_SGD_start5,12.215,0.01
12220,0.1084418296813964,0.9269975423812866,0.8051155209541321,0.5850605964660645,SAM_SGD_start5,12.22,0.01
12225,0.385282963514328,0.947343647480011,0.7625316977500916,0.610578715801239,SAM_SGD_start5,12.225,0.01
12230,0.1665031313896179,0.9234506487846376,0.7990258932113647,0.5859305262565613,SAM_SGD_start5,12.23,0.01
12235,0.275216281414032,0.943008840084076,0.7567457556724548,0.611409604549408,SAM_SGD_start5,12.235,0.01
12240,0.2408880144357681,0.919757604598999,0.7929813265800476,0.5865870118141174,SAM_SGD_start5,12.24,0.01
12245,0.1899286359548568,0.9386943578720092,0.7510759234428406,0.6121399402618408,SAM_SGD_start5,12.245,0.01
12250,0.3298039734363556,0.9161880016326904,0.7871277332305908,0.5872567892074585,SAM_SGD_start5,12.25,0.01
12255,0.1272165924310684,0.934618353843689,0.7456613183021545,0.6129971146583557,SAM_SGD_start5,12.255,0.01
12260,0.4315786957740783,0.9129925966262816,0.7816188931465149,0.5881580114364624,SAM_SGD_start5,12.26,0.01
12265,0.0849481225013732,0.9310092926025392,0.7406737208366394,0.6142363548278809,SAM_SGD_start5,12.265,0.01
12270,0.5444278717041016,0.9104973673820496,0.7766714096069336,0.5895699858665466,SAM_SGD_start5,12.27,0.01
12275,0.0609486475586891,0.9280999302864076,0.7363967299461365,0.6162293553352356,SAM_SGD_start5,12.275,0.01
12280,0.6651298999786377,0.9092648029327391,0.7726982235908508,0.5919437408447266,SAM_SGD_start5,12.28,0.01
12285,0.0525795072317123,0.9226005673408508,0.7339024543762207,0.6198694705963135,SAM_SGD_start5,12.285,0.01
12290,0.4147837162017822,0.950282871723175,0.764965295791626,0.6122320294380188,SAM_SGD_start5,12.29,0.01
12295,0.1523974239826202,0.9262094497680664,0.801609218120575,0.5875915288925171,SAM_SGD_start5,12.295,0.01
12300,0.2982850670814514,0.9459258317947388,0.759138822555542,0.6130722165107727,SAM_SGD_start5,12.3,0.01
12305,0.2237158119678497,0.9224732518196106,0.7955058217048645,0.588229238986969,SAM_SGD_start5,12.305,0.01
12310,0.2072081863880157,0.9415388703346252,0.7533984184265137,0.6137598752975464,SAM_SGD_start5,12.31,0.01
12315,0.3100027441978454,0.9188067317008972,0.7895623445510864,0.5888344645500183,SAM_SGD_start5,12.315,0.01
12320,0.1393012106418609,0.9373430013656616,0.7478809356689453,0.614524781703949,SAM_SGD_start5,12.32,0.01
12325,0.4095696210861206,0.9154552817344666,0.7839255928993225,0.5896199345588684,SAM_SGD_start5,12.325,0.01
12330,0.0924206227064132,0.933559238910675,0.7427451014518738,0.6156077980995178,SAM_SGD_start5,12.33,0.01
12335,0.5206913948059082,0.9127169847488404,0.778790295124054,0.5908427834510803,SAM_SGD_start5,12.335,0.01
12340,0.0644097775220871,0.9304317831993104,0.7382364273071289,0.6173426508903503,SAM_SGD_start5,12.34,0.01
12345,0.6408045291900635,0.9110734462738036,0.7744991779327393,0.5928995609283447,SAM_SGD_start5,12.345,0.01
12350,0.0528241284191608,0.9272971153259276,0.7349507212638855,0.6203259229660034,SAM_SGD_start5,12.35,0.01
12355,0.0584309101104736,0.932916820049286,0.8146409392356873,0.584867000579834,SAM_SGD_start5,12.355,0.01
12360,0.5863257646560669,0.9550185799598694,0.7716995477676392,0.6107293367385864,SAM_SGD_start5,12.36,0.01
12365,0.0905832946300506,0.9303561449050904,0.8087864518165588,0.58656907081604,SAM_SGD_start5,12.365,0.01
12370,0.436896950006485,0.9510764479637146,0.7659846544265747,0.6121419072151184,SAM_SGD_start5,12.37,0.01
12375,0.1421085596084594,0.9269070625305176,0.8026861548423767,0.5875480771064758,SAM_SGD_start5,12.375,0.01
12380,0.3159049749374389,0.9467471241950988,0.7601568698883057,0.6130311489105225,SAM_SGD_start5,12.38,0.01
12385,0.2107766270637512,0.9231820702552797,0.7965683341026306,0.5882105231285095,SAM_SGD_start5,12.385,0.01
12390,0.2207305431365966,0.942346692085266,0.7543910145759583,0.6137256622314453,SAM_SGD_start5,12.39,0.01
12395,0.2947106659412384,0.9194849133491516,0.7905870079994202,0.5888047218322754,SAM_SGD_start5,12.395,0.01
12400,0.1490975022315979,0.9381020069122314,0.7488250732421875,0.6144601106643677,SAM_SGD_start5,12.4,0.01
12405,0.3922017514705658,0.916060745716095,0.7848861217498779,0.5895423889160156,SAM_SGD_start5,12.405,0.01
12410,0.0988506972789764,0.9342310428619384,0.743610680103302,0.6154687404632568,SAM_SGD_start5,12.41,0.01
12415,0.5015562772750854,0.9131919145584106,0.7796478867530823,0.5906682014465332,SAM_SGD_start5,12.415,0.01
12420,0.0678449571132659,0.9309771060943604,0.7389715313911438,0.6170622110366821,SAM_SGD_start5,12.42,0.01
12425,0.6205006241798401,0.9113143682479858,0.7751770615577698,0.5925456881523132,SAM_SGD_start5,12.425,0.01
12430,0.0537274740636348,0.9281966090202332,0.7353813648223877,0.6197646856307983,SAM_SGD_start5,12.43,0.01
12435,0.7352821826934814,0.9118092060089112,0.7726703882217407,0.5960934162139893,SAM_SGD_start5,12.435,0.01
12440,0.0555326491594314,0.9298704862594604,0.813583254814148,0.5813605785369873,SAM_SGD_start5,12.44,0.01
12445,0.6131647229194641,0.9524097442626952,0.7708376049995422,0.6073191165924072,SAM_SGD_start5,12.445,0.01
12450,0.0834416002035141,0.927756369113922,0.8078815937042236,0.583365261554718,SAM_SGD_start5,12.45,0.01
12455,0.4594004154205322,0.948682188987732,0.7652308940887451,0.6089696884155273,SAM_SGD_start5,12.455,0.01
12460,0.1311053782701492,0.9244948029518129,0.801866352558136,0.5845171213150024,SAM_SGD_start5,12.46,0.01
12465,0.334441602230072,0.944477677345276,0.7594634294509888,0.6100016832351685,SAM_SGD_start5,12.465,0.01
12470,0.1961905062198639,0.920873761177063,0.7957957983016968,0.5852883458137512,SAM_SGD_start5,12.47,0.01
12475,0.2355375289916992,0.940149188041687,0.7537278532981873,0.6107842922210693,SAM_SGD_start5,12.475,0.01
12480,0.2767794132232666,0.9172292947769164,0.7898341417312622,0.5859476923942566,SAM_SGD_start5,12.48,0.01
12485,0.1603866219520568,0.9359356164932252,0.7481666803359985,0.6115642189979553,SAM_SGD_start5,12.485,0.01
12490,0.3711537718772888,0.9138123989105223,0.7841256260871887,0.5867107510566711,SAM_SGD_start5,12.49,0.01
12495,0.1068369895219802,0.9320550560951232,0.7429275512695312,0.6125728487968445,SAM_SGD_start5,12.495,0.01
12500,0.4776377081871032,0.9108948707580566,0.7788434028625488,0.5878130793571472,SAM_SGD_start5,12.5,0.01
12505,0.0727629736065864,0.92874938249588,0.7382166981697083,0.6141021251678467,SAM_SGD_start5,12.505,0.01
12510,0.5941729545593262,0.9088741540908812,0.7742612361907959,0.5895894765853882,SAM_SGD_start5,12.51,0.01
12515,0.0558943971991539,0.926102340221405,0.7344303727149963,0.6166212558746338,SAM_SGD_start5,12.515,0.01
12520,0.713657557964325,0.9086138606071472,0.7710822820663452,0.592660665512085,SAM_SGD_start5,12.52,0.01
12525,0.0529150962829589,0.9257959127426147,0.812389075756073,0.576879620552063,SAM_SGD_start5,12.525,0.01
12530,0.6520363688468933,0.949249804019928,0.7699031829833984,0.6030132174491882,SAM_SGD_start5,12.53,0.01
12535,0.0748913884162902,0.9246042370796204,0.8069223165512085,0.5793659090995789,SAM_SGD_start5,12.535,0.01
12540,0.4919102191925049,0.945850670337677,0.7644597887992859,0.6050288081169128,SAM_SGD_start5,12.54,0.01
12545,0.1172445118427276,0.9216324687004088,0.8010316491127014,0.580773651599884,SAM_SGD_start5,12.545,0.01
12550,0.3612571358680725,0.9418272972106934,0.7587792277336121,0.6062689423561096,SAM_SGD_start5,12.55,0.01
12555,0.1774371862411499,0.9181628823280334,0.7950273752212524,0.5817002058029175,SAM_SGD_start5,12.555,0.01
12560,0.2570391893386841,0.937599778175354,0.7530853748321533,0.6071764826774597,SAM_SGD_start5,12.56,0.01
12565,0.2534853219985962,0.9145928621292114,0.789091944694519,0.5824507474899292,SAM_SGD_start5,12.565,0.01
12570,0.1769056618213653,0.9334288835525512,0.7475302219390869,0.6080203652381897,SAM_SGD_start5,12.57,0.01
12575,0.3436406850814819,0.9111873507499696,0.7833725214004517,0.5832496285438538,SAM_SGD_start5,12.575,0.01
12580,0.1186936497688293,0.9295350313186646,0.7422579526901245,0.6090318560600281,SAM_SGD_start5,12.58,0.01
12585,0.4462444186210632,0.9082080721855164,0.7780323624610901,0.5843239426612854,SAM_SGD_start5,12.585,0.01
12590,0.0802970826625824,0.9261549711227416,0.7374556064605713,0.6104822158813477,SAM_SGD_start5,12.59,0.01
12595,0.5594282150268555,0.9060102105140686,0.7733117341995239,0.5859760046005249,SAM_SGD_start5,12.595,0.01
12600,0.0595260187983512,0.9234928488731384,0.7334487438201904,0.6127818822860718,SAM_SGD_start5,12.6,0.01
12605,0.6790289282798767,0.905248999595642,0.7697083950042725,0.5887137055397034,SAM_SGD_start5,12.605,0.01
12610,0.0534196309745311,0.5746181011199951,0.7547182440757751,0.6153175234794617,SAM_SGD_start5,12.61,0.01
12615,0.3052040636539459,0.9206855893135072,0.7909627556800842,0.5903523564338684,SAM_SGD_start5,12.615,0.01
12620,0.1429134309291839,0.9392536878585817,0.7491530179977417,0.6160315871238708,SAM_SGD_start5,12.62,0.01
12625,0.4044429659843445,0.9172632694244384,0.7852700352668762,0.5910810232162476,SAM_SGD_start5,12.625,0.01
12630,0.0945504903793335,0.9353933930397034,0.7439569234848022,0.6170463562011719,SAM_SGD_start5,12.63,0.01
12635,0.5153941512107849,0.9144302010536194,0.7800621390342712,0.5922269821166992,SAM_SGD_start5,12.635,0.01
12640,0.0652876570820808,0.932173490524292,0.73936527967453,0.6186850666999817,SAM_SGD_start5,12.64,0.01
12645,0.6356214284896851,0.9126472473144532,0.7756646871566772,0.5941723585128784,SAM_SGD_start5,12.645,0.01
12650,0.0527139268815517,0.9291880130767822,0.7359168529510498,0.621511697769165,SAM_SGD_start5,12.65,0.01
12655,0.7396534085273743,0.9153788089752196,0.7749138474464417,0.5994124412536621,SAM_SGD_start5,12.655,0.01
12660,0.152302399277687,0.9500606656074524,0.7557066082954407,0.6255178451538086,SAM_SGD_start5,12.66,0.01
12665,0.397491455078125,0.9276621341705322,0.7922556400299072,0.6003068685531616,SAM_SGD_start5,12.665,0.01
12670,0.0993817597627639,0.945862114429474,0.7502601146697998,0.626227855682373,SAM_SGD_start5,12.67,0.01
12675,0.5098186135292053,0.9244449734687804,0.7867590188980103,0.6011288166046143,SAM_SGD_start5,12.675,0.01
12680,0.0664616823196411,0.9422580003738404,0.7453598976135254,0.6274924278259277,SAM_SGD_start5,12.68,0.01
12685,0.6321948170661926,0.9221673607826232,0.7819883823394775,0.6026642918586731,SAM_SGD_start5,12.685,0.01
12690,0.05117167532444,0.9391955733299256,0.7414394617080688,0.6298090815544128,SAM_SGD_start5,12.69,0.01
12695,0.7535024881362915,0.9219487309455872,0.7788991928100586,0.6056723594665527,SAM_SGD_start5,12.695,0.01
12700,0.6936609148979187,0.966842532157898,0.7804255485534668,0.6190020442008972,SAM_SGD_start5,12.7,0.01
12705,0.0694611221551895,0.941708207130432,0.8181746602058411,0.5949477553367615,SAM_SGD_start5,12.705,0.01
12710,0.5233408808708191,0.9630290269851683,0.7746903300285339,0.6206449270248413,SAM_SGD_start5,12.71,0.01
12715,0.1122703850269317,0.9383282661437988,0.8119798898696899,0.5959962010383606,SAM_SGD_start5,12.715,0.01
12720,0.3839689493179321,0.958602488040924,0.7687270045280457,0.6215235590934753,SAM_SGD_start5,12.72,0.01
12725,0.1736648976802826,0.9344567656517028,0.8056761026382446,0.5965697765350342,SAM_SGD_start5,12.725,0.01
12730,0.2723940014839172,0.9539724588394164,0.7627505660057068,0.6220710873603821,SAM_SGD_start5,12.73,0.01
12735,0.2515899538993835,0.9304797649383544,0.7994368672370911,0.5969637036323547,SAM_SGD_start5,12.735,0.01
12740,0.1861733943223953,0.9493884444236756,0.756904125213623,0.6225451827049255,SAM_SGD_start5,12.74,0.01
12745,0.3442379832267761,0.9266480803489684,0.7933992743492126,0.5973911285400391,SAM_SGD_start5,12.745,0.01
12750,0.123054139316082,0.9450578689575196,0.7513205409049988,0.6231635212898254,SAM_SGD_start5,12.75,0.01
12755,0.4499098360538482,0.92320454120636,0.7877126336097717,0.5980637073516846,SAM_SGD_start5,12.755,0.01
12760,0.0808579698204994,0.941203474998474,0.746168851852417,0.6241772770881653,SAM_SGD_start5,12.76,0.01
12765,0.5667839646339417,0.9204730987548828,0.7825923562049866,0.5992600917816162,SAM_SGD_start5,12.765,0.01
12770,0.0573558285832405,0.9380466341972352,0.7417359352111816,0.625962495803833,SAM_SGD_start5,12.77,0.01
12775,0.6914083361625671,0.9190316796302797,0.7784643769264221,0.6014419198036194,SAM_SGD_start5,12.775,0.01
12780,0.0497887060046196,0.9298299551010132,0.7396378517150879,0.6299058198928833,SAM_SGD_start5,12.78,0.01
12785,0.7598298788070679,0.9587461352348328,0.7772634625434875,0.6091443300247192,SAM_SGD_start5,12.785,0.01
12790,0.0594115704298019,0.933703601360321,0.8149044513702393,0.585798978805542,SAM_SGD_start5,12.79,0.01
12795,0.5788787007331848,0.9557008743286132,0.7719128131866455,0.6116379499435425,SAM_SGD_start5,12.795,0.01
12800,0.0927362293004989,0.9310380816459656,0.8090113401412964,0.5874242782592773,SAM_SGD_start5,12.8,0.01
12805,0.430665910243988,0.9517041444778442,0.7661706209182739,0.6129897236824036,SAM_SGD_start5,12.805,0.01
12810,0.1453313678503036,0.9275416731834412,0.8028897643089294,0.5883588194847107,SAM_SGD_start5,12.81,0.01
12815,0.310793787240982,0.9473432302474976,0.7603278160095215,0.613842248916626,SAM_SGD_start5,12.815,0.01
12820,0.2149930000305175,0.923790454864502,0.7967603802680969,0.5889933705329895,SAM_SGD_start5,12.82,0.01
12825,0.2166710793972015,0.9429250359535216,0.7545549869537354,0.6145144104957581,SAM_SGD_start5,12.825,0.01
12830,0.2998538017272949,0.9200810194015504,0.7907750010490417,0.589571475982666,SAM_SGD_start5,12.83,0.01
12835,0.1460281610488891,0.938673734664917,0.7489891648292542,0.6152384877204895,SAM_SGD_start5,12.835,0.01
12840,0.3982070684432983,0.916657328605652,0.7850778698921204,0.5903042554855347,SAM_SGD_start5,12.84,0.01
12845,0.0967105329036712,0.9348077178001404,0.7437835335731506,0.6162495613098145,SAM_SGD_start5,12.845,0.01
12850,0.5083489418029785,0.9138054847717284,0.7798542380332947,0.5914394855499268,SAM_SGD_start5,12.85,0.01
12855,0.0665638670325279,0.931570291519165,0.7391671538352966,0.6178646087646484,SAM_SGD_start5,12.855,0.01
12860,0.6279345750808716,0.9119732975959778,0.7754185199737549,0.5933494567871094,SAM_SGD_start5,12.86,0.01
12865,0.0532092563807964,0.9287068247795104,0.7356432676315308,0.6206261515617371,SAM_SGD_start5,12.865,0.01
12870,0.7390446662902832,0.91304749250412,0.7733961343765259,0.5973025560379028,SAM_SGD_start5,12.87,0.01
12875,0.0541087128221988,0.9276130199432372,0.8127917647361755,0.5788689851760864,SAM_SGD_start5,12.875,0.01
12880,0.6315922141075134,0.950536012649536,0.7701907157897949,0.6049065589904785,SAM_SGD_start5,12.88,0.01
12885,0.0790966153144836,0.9258940815925598,0.8072071671485901,0.5811064839363098,SAM_SGD_start5,12.885,0.01
12890,0.4748772382736206,0.9469717741012572,0.7646667957305908,0.6067370772361755,SAM_SGD_start5,12.89,0.01
12895,0.1241209134459495,0.9227768182754515,0.8012567162513733,0.5823873281478882,SAM_SGD_start5,12.895,0.01
12900,0.3472471833229065,0.9428610801696776,0.7589457035064697,0.6078754663467407,SAM_SGD_start5,12.9,0.01
12905,0.1867584288120269,0.919235110282898,0.7952229380607605,0.5832396745681763,SAM_SGD_start5,12.905,0.01
12910,0.2458332926034927,0.9385879635810852,0.7532347440719604,0.6087244749069214,SAM_SGD_start5,12.91,0.01
12915,0.2650601863861084,0.9156328439712524,0.7892786860466003,0.5839489698410034,SAM_SGD_start5,12.915,0.01
12920,0.1683166027069091,0.934401512145996,0.7476808428764343,0.609541118144989,SAM_SGD_start5,12.92,0.01
12925,0.3572958409786224,0.9122275710105896,0.7835695743560791,0.5847349166870117,SAM_SGD_start5,12.925,0.01
12930,0.1125398352742195,0.9305206537246704,0.7424298524856567,0.610556423664093,SAM_SGD_start5,12.93,0.01
12935,0.4618000090122223,0.9092854261398317,0.7782633900642395,0.5858285427093506,SAM_SGD_start5,12.935,0.01
12940,0.0763879716396331,0.9271852374076844,0.7376778721809387,0.6120516657829285,SAM_SGD_start5,12.94,0.01
12945,0.5766223073005676,0.9071823358535768,0.7736166715621948,0.5875481367111206,SAM_SGD_start5,12.945,0.01
12950,0.057635597884655,0.9245540499687196,0.7337832450866699,0.614465594291687,SAM_SGD_start5,12.95,0.01
12955,0.696478545665741,0.9066579341888428,0.7702093124389648,0.5904490947723389,SAM_SGD_start5,12.955,0.01
12960,0.0525385588407516,0.5473092794418335,0.7982597351074219,0.5909959077835083,SAM_SGD_start5,12.96,0.01
12965,0.2191978991031646,0.9451817274093628,0.7559167146682739,0.6165186166763306,SAM_SGD_start5,12.965,0.01
12970,0.2987827062606811,0.9222624897956848,0.7922298312187195,0.5915238857269287,SAM_SGD_start5,12.97,0.01
12975,0.1475686430931091,0.9408698678016664,0.7503070831298828,0.6171889901161194,SAM_SGD_start5,12.975,0.01
12980,0.3973823189735412,0.9187738299369812,0.786483645439148,0.592201292514801,SAM_SGD_start5,12.98,0.01
12985,0.0974414497613906,0.9369361400604248,0.7450516819953918,0.6181392073631287,SAM_SGD_start5,12.985,0.01
12990,0.5078705549240112,0.9158462882041932,0.7812030911445618,0.59327232837677,SAM_SGD_start5,12.99,0.01
12995,0.0666575357317924,0.933623194694519,0.7403751611709595,0.6196811199188232,SAM_SGD_start5,12.995,0.01
13000,0.6279441714286804,0.9139187335968018,0.7766952514648438,0.5951029658317566,SAM_SGD_start5,13.0,0.01
13005,0.0528435111045837,0.930737853050232,0.7367618083953857,0.6223456263542175,SAM_SGD_start5,13.005,0.01
13010,0.7419300079345703,0.9145703315734864,0.7743291854858398,0.5987443327903748,SAM_SGD_start5,13.01,0.01
13015,0.05371630564332,0.9292707443237304,0.8138489723205566,0.5804010629653931,SAM_SGD_start5,13.015,0.01
13020,0.6339693069458008,0.95217764377594,0.7711480259895325,0.6064367890357971,SAM_SGD_start5,13.02,0.01
13025,0.0788512825965881,0.9274919629096984,0.8082295656204224,0.5825921893119812,SAM_SGD_start5,13.025,0.01
13030,0.4765618145465851,0.9485676884651184,0.7655935287475586,0.6082241535186768,SAM_SGD_start5,13.03,0.01
13035,0.124076098203659,0.924330234527588,0.802248477935791,0.5838339924812317,SAM_SGD_start5,13.035,0.01
13040,0.3483479022979736,0.9444156289100648,0.7598447203636169,0.6093245148658752,SAM_SGD_start5,13.04,0.01
13045,0.1869667172431945,0.9207483530044556,0.7961859107017517,0.5846503376960754,SAM_SGD_start5,13.045,0.01
13050,0.2464608699083328,0.9401035904884338,0.7541070580482483,0.6101377010345459,SAM_SGD_start5,13.05,0.01
13055,0.2655723690986633,0.917107343673706,0.7902134656906128,0.5853251218795776,SAM_SGD_start5,13.055,0.01
13060,0.1685701608657837,0.9358786344528198,0.7485266327857971,0.6109192371368408,SAM_SGD_start5,13.06,0.01
13065,0.3581542074680328,0.9136630296707152,0.7844756841659546,0.5860764980316162,SAM_SGD_start5,13.065,0.01
13070,0.11251050978899,0.9319584965705872,0.7432479858398438,0.6118988394737244,SAM_SGD_start5,13.07,0.01
13075,0.4630472362041473,0.9106802344322203,0.7791392803192139,0.5871343612670898,SAM_SGD_start5,13.075,0.01
13080,0.0761646330356597,0.9285820126533508,0.7384662628173828,0.6133562922477722,SAM_SGD_start5,13.08,0.01
13085,0.5783018469810486,0.9085326790809632,0.774459183216095,0.5888153910636902,SAM_SGD_start5,13.085,0.01
13090,0.0573010556399822,0.9259089827537536,0.7345373034477234,0.615728497505188,SAM_SGD_start5,13.09,0.01
13095,0.6986746191978455,0.9079556465148926,0.7710109353065491,0.591672956943512,SAM_SGD_start5,13.095,0.01
13100,0.0521978661417961,0.7122116684913635,0.8065667748451233,0.5871742963790894,SAM_SGD_start5,13.1,0.01
13105,0.387222558259964,0.9496167302131652,0.7638474106788635,0.6126956939697266,SAM_SGD_start5,13.105,0.01
13110,0.1666576266288757,0.9256634712219238,0.8004353046417236,0.5879916548728943,SAM_SGD_start5,13.11,0.01
13115,0.2764002680778503,0.9452254176139832,0.7580229640007019,0.6134746074676514,SAM_SGD_start5,13.115,0.01
13120,0.2414522022008896,0.9219142198562622,0.7943500280380249,0.5885980129241943,SAM_SGD_start5,13.12,0.01
13125,0.1905067563056945,0.9408551454544068,0.7523148655891418,0.6141541600227356,SAM_SGD_start5,13.125,0.01
13130,0.3308453857898712,0.9182884693145752,0.7884554266929626,0.589218020439148,SAM_SGD_start5,13.13,0.01
13135,0.1273289024829864,0.9367231130599976,0.7468610405921936,0.6149601936340332,SAM_SGD_start5,13.135,0.01
13140,0.433161973953247,0.9150354862213136,0.7829038500785828,0.5900682210922241,SAM_SGD_start5,13.14,0.01
13145,0.0847269594669342,0.9330552816390992,0.7418315410614014,0.616145670413971,SAM_SGD_start5,13.145,0.01
13150,0.5466094017028809,0.912477731704712,0.7779098153114319,0.5914255976676941,SAM_SGD_start5,13.15,0.01
13155,0.0605174452066421,0.930084764957428,0.7375074625015259,0.6180799007415771,SAM_SGD_start5,13.155,0.01
13160,0.6680005192756653,0.9111732244491576,0.7738819718360901,0.5937387347221375,SAM_SGD_start5,13.16,0.01
13165,0.0520605184137821,0.9246132373809814,0.734935998916626,0.6216385364532471,SAM_SGD_start5,13.165,0.01
13170,0.3910385370254516,0.9516692757606506,0.7650905847549438,0.614524781703949,SAM_SGD_start5,13.17,0.01
13175,0.1656649708747863,0.9276537299156188,0.8017652034759521,0.589776337146759,SAM_SGD_start5,13.175,0.01
13180,0.2791103720664978,0.9472303986549376,0.7592319846153259,0.6152622699737549,SAM_SGD_start5,13.18,0.01
13185,0.2405543625354766,0.9238560795783995,0.7956427931785583,0.590340793132782,SAM_SGD_start5,13.185,0.01
13190,0.1922830492258072,0.9428101778030396,0.7534877061843872,0.6158976554870605,SAM_SGD_start5,13.19,0.01
13195,0.3301323056221008,0.9201777577400208,0.7897082567214966,0.5909156799316406,SAM_SGD_start5,13.195,0.01
13200,0.1283303499221801,0.9386232495307922,0.7479944229125977,0.616655170917511,SAM_SGD_start5,13.2,0.01
13205,0.432713508605957,0.9168657660484314,0.7841123342514038,0.5917155742645264,SAM_SGD_start5,13.205,0.01
13210,0.085104763507843,0.9348947405815125,0.7429197430610657,0.6177850365638733,SAM_SGD_start5,13.21,0.01
13215,0.5465142726898193,0.9142383933067322,0.7790660262107849,0.593014121055603,SAM_SGD_start5,13.215,0.01
13220,0.0604170635342597,0.9318584203720092,0.7385391592979431,0.6196514368057251,SAM_SGD_start5,13.22,0.01
13225,0.66843181848526,0.9128429293632508,0.7749685049057007,0.5952528715133667,SAM_SGD_start5,13.225,0.01
13230,0.0516475401818752,0.9267696738243104,0.7358118891716003,0.6230674982070923,SAM_SGD_start5,13.23,0.01
13235,0.0579747185111045,0.9346357583999634,0.8157579898834229,0.5864459872245789,SAM_SGD_start5,13.235,0.01
13240,0.5893650650978088,0.9567378759384156,0.7727136611938477,0.6123100519180298,SAM_SGD_start5,13.24,0.01
13245,0.0902057513594627,0.9320286512374878,0.8098710179328918,0.5881078839302063,SAM_SGD_start5,13.245,0.01
13250,0.4391005635261535,0.9527527689933776,0.7669693827629089,0.6136835813522339,SAM_SGD_start5,13.25,0.01
13255,0.1418795883655548,0.9285375475883484,0.803740382194519,0.5890498757362366,SAM_SGD_start5,13.255,0.01
13260,0.3174030482769012,0.9483826756477356,0.7611133456230164,0.6145358085632324,SAM_SGD_start5,13.26,0.01
13265,0.2107603400945663,0.9247718453407288,0.7975926995277405,0.5896764397621155,SAM_SGD_start5,13.265,0.01
13270,0.2216473668813705,0.9439419507980348,0.7553194165229797,0.6151937246322632,SAM_SGD_start5,13.27,0.01
13275,0.2949633002281189,0.9210337996482848,0.7915812134742737,0.5902345776557922,SAM_SGD_start5,13.275,0.01
13280,0.149547129869461,0.9396560192108154,0.7497245073318481,0.6158909201622009,SAM_SGD_start5,13.28,0.01
13285,0.3927786350250244,0.9175670742988586,0.7858486175537109,0.5909348726272583,SAM_SGD_start5,13.285,0.01
13290,0.0989401340484619,0.9357414245605468,0.7444791793823242,0.6168600916862488,SAM_SGD_start5,13.29,0.01
13295,0.5025052428245544,0.9146519303321838,0.7805759310722351,0.5920204520225525,SAM_SGD_start5,13.295,0.01
13300,0.0676742494106292,0.9324411749839784,0.7398049235343933,0.6184096336364746,SAM_SGD_start5,13.3,0.01
13305,0.6218847632408142,0.9127205610275269,0.7760645747184753,0.5938519835472107,SAM_SGD_start5,13.305,0.01
13310,0.0533945970237255,0.929625689983368,0.7361695170402527,0.6210599541664124,SAM_SGD_start5,13.31,0.01
13315,0.7376077175140381,0.9131064414978028,0.7734686732292175,0.5973183512687683,SAM_SGD_start5,13.315,0.01
13320,0.0558188036084175,0.9321515560150146,0.8148161172866821,0.5836341977119446,SAM_SGD_start5,13.32,0.01
13325,0.6086488366127014,0.9545626044273376,0.7719299793243408,0.609566330909729,SAM_SGD_start5,13.325,0.01
13330,0.0849158316850662,0.9298664927482604,0.8090441226959229,0.5855200290679932,SAM_SGD_start5,13.33,0.01
13335,0.4553202092647552,0.9507389068603516,0.7662679553031921,0.6111175417900085,SAM_SGD_start5,13.335,0.01
13340,0.1337222158908844,0.9265167713165284,0.8029793500900269,0.5865927338600159,SAM_SGD_start5,13.34,0.01
13345,0.3308051824569702,0.9464650750160216,0.7604597210884094,0.6120789051055908,SAM_SGD_start5,13.345,0.01
13350,0.199930191040039,0.9228326678276062,0.796870231628418,0.5873036980628967,SAM_SGD_start5,13.35,0.01
13355,0.2323895990848541,0.9420825242996216,0.7546918392181396,0.6128062605857849,SAM_SGD_start5,13.355,0.01
13360,0.2816253006458282,0.9191387891769408,0.7908775210380554,0.5879146456718445,SAM_SGD_start5,13.36,0.01
13365,0.1577687263488769,0.9378255605697632,0.7491047382354736,0.6135420203208923,SAM_SGD_start5,13.365,0.01
13370,0.3770899772644043,0.9156833291053772,0.7851439714431763,0.5886387825012207,SAM_SGD_start5,13.37,0.01
13375,0.1047799438238143,0.9339101314544678,0.7438456416130066,0.6145166754722595,SAM_SGD_start5,13.375,0.01
13380,0.4846430718898773,0.912738800048828,0.7798437476158142,0.5897126197814941,SAM_SGD_start5,13.38,0.01
13385,0.0712900161743164,0.9305784702301024,0.7391234636306763,0.6160250306129456,SAM_SGD_start5,13.385,0.01
13390,0.6021879315376282,0.9107093214988708,0.7752558588981628,0.5914761424064636,SAM_SGD_start5,13.39,0.01
13395,0.0550066009163856,0.9278781414031982,0.7353480458259583,0.6185468435287476,SAM_SGD_start5,13.395,0.01
13400,0.7216984033584595,0.910517394542694,0.7721430659294128,0.594580888748169,SAM_SGD_start5,13.4,0.01
13405,0.0521657243371009,0.9264543056488036,0.8131750822067261,0.5774110555648804,SAM_SGD_start5,13.405,0.01
13410,0.6631359457969666,0.9501866102218628,0.7706487774848938,0.6035882830619812,SAM_SGD_start5,13.41,0.01
13415,0.0729643404483795,0.925500214099884,0.8077291250228882,0.5799685120582581,SAM_SGD_start5,13.415,0.01
13420,0.5008941888809204,0.946819543838501,0.7652136087417603,0.6056475639343262,SAM_SGD_start5,13.42,0.01
13425,0.1143432110548019,0.9225538969039916,0.8018373250961304,0.5813971757888794,SAM_SGD_start5,13.425,0.01
13430,0.3684026002883911,0.942797839641571,0.7595259547233582,0.606898307800293,SAM_SGD_start5,13.43,0.01
13435,0.1737076193094253,0.9190799593925476,0.7958201766014099,0.5823239684104919,SAM_SGD_start5,13.435,0.01
13440,0.2625402808189392,0.9385555386543274,0.7538158297538757,0.6077994108200073,SAM_SGD_start5,13.44,0.01
13445,0.2490555346012115,0.9154895544052124,0.7898635268211365,0.5830615758895874,SAM_SGD_start5,13.445,0.01
13450,0.1809338927268982,0.9343574047088624,0.7482366561889648,0.6086241006851196,SAM_SGD_start5,13.45,0.01
13455,0.3386259078979492,0.9120500683784484,0.7841145992279053,0.5838358998298645,SAM_SGD_start5,13.455,0.01
13460,0.1214114502072334,0.9304234385490416,0.7429313659667969,0.6096029877662659,SAM_SGD_start5,13.46,0.01
13465,0.4407568871974945,0.9090197682380676,0.7787338495254517,0.5848710536956787,SAM_SGD_start5,13.465,0.01
13470,0.0818647295236587,0.92698872089386,0.7380823493003845,0.6110022664070129,SAM_SGD_start5,13.47,0.01
13475,0.5536141395568848,0.90674489736557,0.7739540338516235,0.5864624381065369,SAM_SGD_start5,13.475,0.01
13480,0.0601117387413978,0.924269676208496,0.7340011596679688,0.6132197976112366,SAM_SGD_start5,13.48,0.01
13485,0.6733927130699158,0.9058483242988586,0.7702429294586182,0.5890985727310181,SAM_SGD_start5,13.485,0.01
13490,0.0533317513763904,0.9148470163345336,0.7333751916885376,0.6188066601753235,SAM_SGD_start5,13.49,0.01
13495,0.7056500315666199,0.92022442817688,0.778901219367981,0.602891206741333,SAM_SGD_start5,13.495,0.01
13500,0.0493457466363906,0.2647171318531036,0.7807832956314087,0.6173726916313171,SAM_SGD_start5,13.5,0.01
13505,0.063661940395832,0.941055953502655,0.818596363067627,0.5935337543487549,SAM_SGD_start5,13.505,0.01
13510,0.5526759028434753,0.9626527428627014,0.7751548886299133,0.6192892789840698,SAM_SGD_start5,13.51,0.01
13515,0.1024144291877746,0.9378874897956848,0.8124743700027466,0.5947573184967041,SAM_SGD_start5,13.515,0.01
13520,0.407997727394104,0.958336055278778,0.7692357301712036,0.6203026175498962,SAM_SGD_start5,13.52,0.01
13525,0.1601619720458984,0.93410325050354,0.8061968088150024,0.5954226851463318,SAM_SGD_start5,13.525,0.01
13530,0.2915663421154022,0.9537519812583924,0.7632685899734497,0.6209182739257812,SAM_SGD_start5,13.53,0.01
13535,0.2347818315029144,0.930153489112854,0.799953818321228,0.595859169960022,SAM_SGD_start5,13.535,0.01
13540,0.2008689194917678,0.949169933795929,0.7574052810668945,0.621414840221405,SAM_SGD_start5,13.54,0.01
13545,0.3244297504425049,0.92630273103714,0.7938860654830933,0.5962889194488525,SAM_SGD_start5,13.545,0.01
13550,0.1336339265108108,0.944800853729248,0.7517778873443604,0.6220126748085022,SAM_SGD_start5,13.55,0.01
13555,0.4274051487445831,0.922790229320526,0.7881376147270203,0.5969201922416687,SAM_SGD_start5,13.555,0.01
13560,0.0876812264323234,0.9408628344535828,0.7465448379516602,0.6229516267776489,SAM_SGD_start5,13.56,0.01
13565,0.5419456362724304,0.9199165105819702,0.7829057574272156,0.5980126261711121,SAM_SGD_start5,13.565,0.01
13570,0.0608114525675773,0.9375929832458496,0.7419594526290894,0.6245738863945007,SAM_SGD_start5,13.57,0.01
13575,0.6652814745903015,0.9181845188140868,0.7785509824752808,0.5999783277511597,SAM_SGD_start5,13.575,0.01
13580,0.0504864305257797,0.933680534362793,0.7387240529060364,0.6275345683097839,SAM_SGD_start5,13.58,0.01
13585,0.7987947463989258,0.9585633873939514,0.7778874039649963,0.6078795790672302,SAM_SGD_start5,13.585,0.01
13590,0.05556221306324,0.9334540963172911,0.815638542175293,0.5848484039306641,SAM_SGD_start5,13.59,0.01
13595,0.6101660132408142,0.9558526277542114,0.7726739048957825,0.6107789874076843,SAM_SGD_start5,13.595,0.01
13600,0.0848205685615539,0.9311229586601256,0.8098390698432922,0.5866971015930176,SAM_SGD_start5,13.6,0.01
13605,0.4563522636890411,0.951992690563202,0.7669879794120789,0.6122956275939941,SAM_SGD_start5,13.605,0.01
13610,0.1338277906179428,0.9277383089065552,0.8037502765655518,0.5877387523651123,SAM_SGD_start5,13.61,0.01
13615,0.3314311802387237,0.9476863741874696,0.7611579895019531,0.6132267713546753,SAM_SGD_start5,13.615,0.01
13620,0.200274258852005,0.924022376537323,0.7976187467575073,0.5884212851524353,SAM_SGD_start5,13.62,0.01
13625,0.232691079378128,0.9432732462882996,0.7553694248199463,0.6139259934425354,SAM_SGD_start5,13.625,0.01
13630,0.2822449505329132,0.9202983379364014,0.7916040420532227,0.5890049934387207,SAM_SGD_start5,13.63,0.01
13635,0.1578219085931778,0.93898606300354,0.7497616410255432,0.6146342158317566,SAM_SGD_start5,13.635,0.01
13640,0.3780133128166199,0.9168124794960022,0.7858484983444214,0.5897020697593689,SAM_SGD_start5,13.64,0.01
13645,0.1046575754880905,0.9350405931472778,0.7444815039634705,0.6155810356140137,SAM_SGD_start5,13.645,0.01
13650,0.4859027862548828,0.9138367772102356,0.780525267124176,0.5907483100891113,SAM_SGD_start5,13.65,0.01
13655,0.0710556954145431,0.9316774010658264,0.7397367358207703,0.6170604228973389,SAM_SGD_start5,13.655,0.01
13660,0.6038109064102173,0.911773681640625,0.7759122252464294,0.5924825072288513,SAM_SGD_start5,13.66,0.01
13665,0.05472107604146,0.9289451837539672,0.7359356880187988,0.6195509433746338,SAM_SGD_start5,13.665,0.01
13670,0.7237356901168823,0.9115424752235411,0.7727690935134888,0.5955547094345093,SAM_SGD_start5,13.67,0.01
13675,0.0518897548317909,0.9272900819778442,0.8137529492378235,0.5781726241111755,SAM_SGD_start5,13.675,0.01
13680,0.6656481027603149,0.951047658920288,0.7711760997772217,0.6043540835380554,SAM_SGD_start5,13.68,0.01
13685,0.0726045966148376,0.9263363480567932,0.8082932829856873,0.5807170867919922,SAM_SGD_start5,13.685,0.01
13690,0.502821147441864,0.947663187980652,0.765727698802948,0.6063986420631409,SAM_SGD_start5,13.69,0.01
13695,0.1139497980475425,0.9233725070953368,0.8023870587348938,0.5821303129196167,SAM_SGD_start5,13.695,0.01
13700,0.3698278069496155,0.9436227679252625,0.7600263357162476,0.6076332330703735,SAM_SGD_start5,13.7,0.01
13705,0.1733239144086837,0.9198796153068542,0.7963551878929138,0.5830408334732056,SAM_SGD_start5,13.705,0.01
13710,0.2635383605957031,0.9393608570098876,0.7543020844459534,0.6085173487663269,SAM_SGD_start5,13.71,0.01
13715,0.2487169504165649,0.9162692427635192,0.7903831601142883,0.5837612152099609,SAM_SGD_start5,13.715,0.01
13720,0.18157359957695,0.9351419806480408,0.7487079501152039,0.6093238592147827,SAM_SGD_start5,13.72,0.01
13725,0.3383687734603882,0.9128079414367676,0.7846177220344543,0.5845169425010681,SAM_SGD_start5,13.725,0.01
13730,0.1217561587691307,0.9311857223510742,0.7433863282203674,0.6102827191352844,SAM_SGD_start5,13.73,0.01
13735,0.4406147003173828,0.9097533226013184,0.7792185544967651,0.5855313539505005,SAM_SGD_start5,13.735,0.01
13740,0.0819725096225738,0.9277258515357972,0.7385183572769165,0.6116589903831482,SAM_SGD_start5,13.74,0.01
13745,0.5536211729049683,0.9074494242668152,0.7744169235229492,0.5870983600616455,SAM_SGD_start5,13.745,0.01
13750,0.060041707009077,0.9249805808067322,0.7344133257865906,0.6138483285903931,SAM_SGD_start5,13.75,0.01
13755,0.6736364364624023,0.906514048576355,0.7706756591796875,0.589703381061554,SAM_SGD_start5,13.755,0.01
13760,0.0531568452715873,0.9158222675323486,0.7334944605827332,0.6191004514694214,SAM_SGD_start5,13.76,0.01
13765,0.0506145805120468,0.9312198758125304,0.8164657354354858,0.5817621946334839,SAM_SGD_start5,13.765,0.01
13770,0.6774440407752991,0.9550977349281312,0.7736508250236511,0.6079623103141785,SAM_SGD_start5,13.77,0.01
13775,0.0709461271762847,0.9302697777748108,0.810941219329834,0.5842437744140625,SAM_SGD_start5,13.775,0.01
13780,0.5118845701217651,0.9516310095787048,0.7681405544281006,0.6099367141723633,SAM_SGD_start5,13.78,0.01
13785,0.1121384650468826,0.9272233247756958,0.8049681186676025,0.5855838060379028,SAM_SGD_start5,13.785,0.01
13790,0.3765457272529602,0.947502851486206,0.7623754143714905,0.611095130443573,SAM_SGD_start5,13.79,0.01
13795,0.1715572327375412,0.923641562461853,0.7988674640655518,0.5864174365997314,SAM_SGD_start5,13.795,0.01
13800,0.2682540714740753,0.9431495070457458,0.7565852403640747,0.6118991374969482,SAM_SGD_start5,13.8,0.01
13805,0.2471733540296554,0.9199374318122864,0.7928237318992615,0.5870569944381714,SAM_SGD_start5,13.805,0.01
13810,0.1846045851707458,0.938833713531494,0.7509216070175171,0.6126204133033752,SAM_SGD_start5,13.81,0.01
13815,0.3372076451778412,0.9163748621940612,0.7869815826416016,0.5877256989479065,SAM_SGD_start5,13.815,0.01
13820,0.1233958378434181,0.9347723126411438,0.7455238103866577,0.6134858131408691,SAM_SGD_start5,13.82,0.01
13825,0.4399928748607635,0.9132068157196044,0.7814967632293701,0.5886433720588684,SAM_SGD_start5,13.825,0.01
13830,0.0825008302927017,0.9311957955360411,0.7405683398246765,0.6147547960281372,SAM_SGD_start5,13.83,0.01
13835,0.5537052750587463,0.9107681512832642,0.7765937447547913,0.590096652507782,SAM_SGD_start5,13.835,0.01
13840,0.0597300827503204,0.9283273816108704,0.7363528609275818,0.6168127655982971,SAM_SGD_start5,13.84,0.01
13845,0.6748127341270447,0.9096537232398988,0.772713840007782,0.5925572514533997,SAM_SGD_start5,13.845,0.01
13850,0.0523383319377899,0.9204672574996948,0.7345479130744934,0.6210910081863403,SAM_SGD_start5,13.85,0.01
13855,0.7359867691993713,0.9508466720581056,0.7724542021751404,0.6020691990852356,SAM_SGD_start5,13.855,0.01
13860,0.0622137039899826,0.9260308146476746,0.8097604513168335,0.5788838863372803,SAM_SGD_start5,13.86,0.01
13865,0.560492992401123,0.9479635953903198,0.7672269344329834,0.6047006249427795,SAM_SGD_start5,13.865,0.01
13870,0.0958451628684997,0.923523724079132,0.8039985299110413,0.5806542038917542,SAM_SGD_start5,13.87,0.01
13875,0.4168906807899475,0.9441380500793456,0.7616085410118103,0.606202244758606,SAM_SGD_start5,13.875,0.01
13880,0.1483612656593322,0.9201991558074952,0.7980093955993652,0.5817385315895081,SAM_SGD_start5,13.88,0.01
13885,0.3009620606899261,0.9399528503417968,0.7558915615081787,0.6072092652320862,SAM_SGD_start5,13.885,0.01
13890,0.2175982743501663,0.9166263341903688,0.792015790939331,0.5825276374816895,SAM_SGD_start5,13.89,0.01
13895,0.2101679742336273,0.9357173442840576,0.7502492070198059,0.6080424785614014,SAM_SGD_start5,13.895,0.01
13900,0.3017213642597198,0.9131052494049072,0.7861730456352234,0.5832682847976685,SAM_SGD_start5,13.9,0.01
13905,0.1422809362411499,0.931660294532776,0.7448228597640991,0.6089389324188232,SAM_SGD_start5,13.905,0.01
13910,0.3990508317947387,0.909887194633484,0.7806308269500732,0.5841778516769409,SAM_SGD_start5,13.91,0.01
13915,0.0951806381344795,0.92800635099411,0.7397727966308594,0.610142171382904,SAM_SGD_start5,13.915,0.01
13920,0.5078780651092529,0.9072709083557128,0.7755842208862305,0.5855135917663574,SAM_SGD_start5,13.92,0.01
13925,0.0667386204004287,0.925003468990326,0.7353421449661255,0.6119832396507263,SAM_SGD_start5,13.925,0.01
13930,0.6257292628288269,0.9057301878929138,0.7713695168495178,0.5876662135124207,SAM_SGD_start5,13.93,0.01
13935,0.0545602552592754,0.9221892952919006,0.7320916056632996,0.6150386929512024,SAM_SGD_start5,13.935,0.01
13940,0.725345253944397,0.9092178344726562,0.77120041847229,0.5935091972351074,SAM_SGD_start5,13.94,0.01
13945,0.0509173609316349,0.9206770658493042,0.8158525228500366,0.5788015127182007,SAM_SGD_start5,13.945,0.01
13950,0.7080617547035217,0.9532058835029602,0.7732153534889221,0.6051974296569824,SAM_SGD_start5,13.95,0.01
13955,0.0659471750259399,0.92837655544281,0.8105204105377197,0.5817302465438843,SAM_SGD_start5,13.955,0.01
13960,0.5373432040214539,0.9500144720077516,0.767838180065155,0.607481837272644,SAM_SGD_start5,13.96,0.01
13965,0.103242203593254,0.9255801439285278,0.8046455383300781,0.5832757353782654,SAM_SGD_start5,13.965,0.01
13970,0.3975957036018371,0.9460285902023317,0.762140154838562,0.6088038682937622,SAM_SGD_start5,13.97,0.01
13975,0.1591083407402038,0.9221177101135254,0.7985944747924805,0.5842280387878418,SAM_SGD_start5,13.975,0.01
13980,0.2852305173873901,0.9417513608932496,0.7563807368278503,0.6097026467323303,SAM_SGD_start5,13.98,0.01
13985,0.2314514517784118,0.9184707999229432,0.7925695776939392,0.5849359035491943,SAM_SGD_start5,13.985,0.01
13990,0.1977807730436325,0.9374672770500184,0.7507213354110718,0.6104726791381836,SAM_SGD_start5,13.99,0.01
13995,0.3184662163257599,0.9149191975593568,0.786719799041748,0.5856329798698425,SAM_SGD_start5,13.995,0.01
14000,0.1330329179763794,0.9333980679512024,0.7453016042709351,0.611344575881958,SAM_SGD_start5,14.0,0.01
14005,0.4184744656085968,0.9117136597633362,0.7811971306800842,0.5865364074707031,SAM_SGD_start5,14.005,0.01
14010,0.0888645648956298,0.9297705888748168,0.740288257598877,0.6125679612159729,SAM_SGD_start5,14.01,0.01
14015,0.5297296643257141,0.9091681241989136,0.776208758354187,0.5879161357879639,SAM_SGD_start5,14.015,0.01
14020,0.0631193071603775,0.9268264174461364,0.7359472513198853,0.6144972443580627,SAM_SGD_start5,14.02,0.01
14025,0.6493712663650513,0.907805860042572,0.7721332907676697,0.5901973247528076,SAM_SGD_start5,14.025,0.01
14030,0.0532749854028224,0.9230614304542542,0.7330353260040283,0.6178192496299744,SAM_SGD_start5,14.03,0.01
14035,0.7595112919807434,0.9520785808563232,0.7735828161239624,0.6026036739349365,SAM_SGD_start5,14.035,0.01
14040,0.0595699474215507,0.9271937608718872,0.8110020160675049,0.5795421004295349,SAM_SGD_start5,14.04,0.01
14045,0.5793923139572144,0.9493329524993896,0.7684050798416138,0.60540771484375,SAM_SGD_start5,14.045,0.01
14050,0.0910671204328537,0.924819827079773,0.8052650690078735,0.5814000368118286,SAM_SGD_start5,14.05,0.01
14055,0.4321613907814026,0.9455469846725464,0.7627938985824585,0.6069670915603638,SAM_SGD_start5,14.055,0.01
14060,0.1417566537857055,0.9215216040611268,0.7992695569992065,0.5825130939483643,SAM_SGD_start5,14.06,0.01
14065,0.3129934072494507,0.9413589239120485,0.7570613622665405,0.6079873442649841,SAM_SGD_start5,14.065,0.01
14070,0.2094147801399231,0.917935073375702,0.7932507991790771,0.5832996368408203,SAM_SGD_start5,14.07,0.01
14075,0.219281867146492,0.9370934367179872,0.7513874769210815,0.608805775642395,SAM_SGD_start5,14.075,0.01
14080,0.2921806871891022,0.9143722653388976,0.7873671054840088,0.5840141177177429,SAM_SGD_start5,14.08,0.01
14085,0.1487733572721481,0.932982623577118,0.7459138631820679,0.6096627116203308,SAM_SGD_start5,14.085,0.01
14090,0.3883583843708038,0.9110842943191528,0.7817660570144653,0.5848726034164429,SAM_SGD_start5,14.09,0.01
14095,0.0993393957614898,0.9292483329772948,0.7407957911491394,0.6107965111732483,SAM_SGD_start5,14.095,0.01
14100,0.4962618350982666,0.9083580374717712,0.7766335606575012,0.5861238241195679,SAM_SGD_start5,14.1,0.01
14105,0.0688547939062118,0.926137626171112,0.7362611293792725,0.6125223636627197,SAM_SGD_start5,14.105,0.01
14110,0.613602876663208,0.9066367149353028,0.7722802758216858,0.5881358981132507,SAM_SGD_start5,14.11,0.01
14115,0.0549816936254501,0.9234907627105712,0.7327938675880432,0.6153707504272461,SAM_SGD_start5,14.115,0.01
14120,0.7263598442077637,0.9073452353477478,0.7699422836303711,0.5918550491333008,SAM_SGD_start5,14.12,0.01
14125,0.0578009001910686,0.9269365668296814,0.8112708926200867,0.578961193561554,SAM_SGD_start5,14.125,0.01
14130,0.5941123366355896,0.9492772817611694,0.7686956524848938,0.6048727035522461,SAM_SGD_start5,14.13,0.01
14135,0.0873415544629097,0.924735426902771,0.8055835962295532,0.5809335708618164,SAM_SGD_start5,14.135,0.01
14140,0.444260686635971,0.9455628991127014,0.7631151080131531,0.6065171957015991,SAM_SGD_start5,14.14,0.01
14145,0.1363018602132797,0.9214965105056764,0.7996070981025696,0.5821026563644409,SAM_SGD_start5,14.145,0.01
14150,0.3227312862873077,0.9414054155349731,0.7573914527893066,0.607579231262207,SAM_SGD_start5,14.15,0.01
14155,0.2024064362049102,0.9179309010505676,0.7935898900032043,0.582915723323822,SAM_SGD_start5,14.155,0.01
14160,0.2268563508987426,0.9371457099914552,0.7517121434211731,0.6084137558937073,SAM_SGD_start5,14.16,0.01
14165,0.2837708592414856,0.914363980293274,0.7876940965652466,0.5836355686187744,SAM_SGD_start5,14.165,0.01
14170,0.1543633043766021,0.9330200552940368,0.7462201118469238,0.6092656254768372,SAM_SGD_start5,14.17,0.01
14175,0.3786913454532623,0.9110483527183532,0.7820665240287781,0.5844790935516357,SAM_SGD_start5,14.175,0.01
14180,0.1031186506152153,0.9292498230934144,0.7410674095153809,0.6103704571723938,SAM_SGD_start5,14.18,0.01
14185,0.4854924082756042,0.9082645773887634,0.7768874168395996,0.5856893062591553,SAM_SGD_start5,14.185,0.01
14190,0.0710058137774467,0.9260808229446412,0.736471951007843,0.6120326519012451,SAM_SGD_start5,14.19,0.01
14195,0.6020101308822632,0.90643310546875,0.7724493145942688,0.5876181125640869,SAM_SGD_start5,14.195,0.01
14200,0.0557267926633358,0.9234989285469056,0.7328712940216064,0.6147515177726746,SAM_SGD_start5,14.2,0.01
14205,0.7186414003372192,0.9065969586372375,0.769633412361145,0.5909816026687622,SAM_SGD_start5,14.205,0.01
14210,0.0508228242397308,0.930899739265442,0.7376319169998169,0.6260223388671875,SAM_SGD_start5,14.21,0.01
14215,0.7579265236854553,0.9222261905670166,0.7789783477783203,0.606033444404602,SAM_SGD_start5,14.215,0.01
14220,0.0516251437366008,0.9358524084091188,0.8182532787322998,0.5863738059997559,SAM_SGD_start5,14.22,0.01
14225,0.6506050229072571,0.9588258862495422,0.7751582264900208,0.6124281883239746,SAM_SGD_start5,14.225,0.01
14230,0.076469674706459,0.9339522123336792,0.8125191330909729,0.5884376168251038,SAM_SGD_start5,14.23,0.01
14235,0.4891546368598938,0.9550672769546508,0.7694967985153198,0.6140846014022827,SAM_SGD_start5,14.235,0.01
14240,0.1217369586229324,0.9306429028511048,0.8064249753952026,0.589549720287323,SAM_SGD_start5,14.24,0.01
14245,0.3574883341789245,0.9507659077644348,0.7636416554450989,0.6150525212287903,SAM_SGD_start5,14.245,0.01
14250,0.1849667578935623,0.9269105195999146,0.8002485632896423,0.5902348756790161,SAM_SGD_start5,14.25,0.01
14255,0.2526725530624389,0.9463012218475342,0.7577956318855286,0.6157305240631104,SAM_SGD_start5,14.255,0.01
14260,0.2641767561435699,0.9231138825416564,0.7941588163375854,0.5907743573188782,SAM_SGD_start5,14.26,0.01
14265,0.1723493188619613,0.9419168829917908,0.7521017789840698,0.6163703203201294,SAM_SGD_start5,14.265,0.01
14270,0.3576083183288574,0.9195036292076112,0.7882962822914124,0.5913820266723633,SAM_SGD_start5,14.27,0.01
14275,0.1143172234296798,0.937825620174408,0.746699869632721,0.6171962022781372,SAM_SGD_start5,14.275,0.01
14280,0.463586688041687,0.9163362383842468,0.7828214764595032,0.5922814011573792,SAM_SGD_start5,14.28,0.01
14285,0.0764318481087684,0.9342607259750366,0.741776704788208,0.6184788942337036,SAM_SGD_start5,14.285,0.01
14290,0.5801898241043091,0.913970708847046,0.777977705001831,0.5937780737876892,SAM_SGD_start5,14.29,0.01
14295,0.0564536228775978,0.931402325630188,0.7376682758331299,0.620638906955719,SAM_SGD_start5,14.295,0.01
14300,0.7027284502983093,0.9130961894989014,0.7742949724197388,0.5963998436927795,SAM_SGD_start5,14.3,0.01
14305,0.0510836131870746,0.9200714230537416,0.8155118227005005,0.5783498287200928,SAM_SGD_start5,14.305,0.01
14310,0.7065519094467163,0.9526968002319336,0.772904634475708,0.6047428846359253,SAM_SGD_start5,14.31,0.01
14315,0.0661420077085495,0.9278820753097534,0.8101879954338074,0.5812859535217285,SAM_SGD_start5,14.315,0.01
14320,0.5361807942390442,0.9495157599449158,0.7675352692604065,0.6070360541343689,SAM_SGD_start5,14.32,0.01
14325,0.1034567058086395,0.9250958561897278,0.8043215870857239,0.5828405618667603,SAM_SGD_start5,14.325,0.01
14330,0.3967318832874298,0.9455408453941344,0.7618454098701477,0.6083676218986511,SAM_SGD_start5,14.33,0.01
14335,0.1593168079853058,0.9216446280479432,0.7982792258262634,0.5838026404380798,SAM_SGD_start5,14.335,0.01
14340,0.2846191525459289,0.941275119781494,0.756094217300415,0.609276533126831,SAM_SGD_start5,14.34,0.01
14345,0.2316327095031738,0.9180094003677368,0.7922631502151489,0.5845205187797546,SAM_SGD_start5,14.345,0.01
14350,0.1973824352025985,0.9370030164718628,0.7504433989524841,0.61005699634552,SAM_SGD_start5,14.35,0.01
14355,0.3185970187187195,0.914470374584198,0.7864229083061218,0.5852282047271729,SAM_SGD_start5,14.355,0.01
14360,0.1328119784593582,0.932946801185608,0.7450329661369324,0.6109402775764465,SAM_SGD_start5,14.36,0.01
14365,0.4185396730899811,0.9112785458564758,0.7809106111526489,0.5861434936523438,SAM_SGD_start5,14.365,0.01
14370,0.0887830555438995,0.9293334484100342,0.7400301098823547,0.6121766567230225,SAM_SGD_start5,14.37,0.01
14375,0.5297075510025024,0.9087491035461426,0.7759343385696411,0.5875368118286133,SAM_SGD_start5,14.375,0.01
14380,0.0631452202796936,0.9264047145843506,0.7357020378112793,0.6141214370727539,SAM_SGD_start5,14.38,0.01
14385,0.64922696352005,0.9074072241783142,0.7718744874000549,0.5898346900939941,SAM_SGD_start5,14.385,0.01
14390,0.0533720031380653,0.9226089119911194,0.732814610004425,0.6174666285514832,SAM_SGD_start5,14.39,0.01
14395,0.7471846342086792,0.9532470703125,0.7739943265914917,0.6041022539138794,SAM_SGD_start5,14.395,0.01
14400,0.0608881786465644,0.9283558130264282,0.811414361000061,0.5808972716331482,SAM_SGD_start5,14.4,0.01
14405,0.5692890882492065,0.95034658908844,0.7687430381774902,0.6067296862602234,SAM_SGD_start5,14.405,0.01
14410,0.0940036326646804,0.925830900669098,0.8056212663650513,0.5826454162597656,SAM_SGD_start5,14.41,0.01
14415,0.4236981868743896,0.9464818835258484,0.7630919814109802,0.6082019209861755,SAM_SGD_start5,14.415,0.01
14420,0.1461701095104217,0.9224644899368286,0.7995944023132324,0.5836944580078125,SAM_SGD_start5,14.42,0.01
14425,0.306044191122055,0.9422479271888732,0.757337212562561,0.6091691851615906,SAM_SGD_start5,14.425,0.01
14430,0.215201199054718,0.9188397526741028,0.7935584187507629,0.5844406485557556,SAM_SGD_start5,14.43,0.01
14435,0.2137568742036819,0.9379562735557556,0.7516526579856873,0.6099552512168884,SAM_SGD_start5,14.435,0.01
14440,0.2992493510246277,0.9152584671974182,0.7876681089401245,0.5851314663887024,SAM_SGD_start5,14.44,0.01
14445,0.1445920765399933,0.933834969997406,0.746178388595581,0.6107963919639587,SAM_SGD_start5,14.445,0.01
14450,0.3966222405433655,0.9119696021080016,0.7820713520050049,0.585982084274292,SAM_SGD_start5,14.45,0.01
14455,0.0964175462722778,0.9301064610481262,0.7410715818405151,0.6119326949119568,SAM_SGD_start5,14.455,0.01
14460,0.5056183338165283,0.909266233444214,0.7769584655761719,0.5872454643249512,SAM_SGD_start5,14.46,0.01
14465,0.0671004876494407,0.9270172715187072,0.7365683913230896,0.6136879324913025,SAM_SGD_start5,14.465,0.01
14470,0.6238420009613037,0.9076078534126282,0.7726541757583618,0.5893023610115051,SAM_SGD_start5,14.47,0.01
14475,0.0542629919946193,0.924239695072174,0.7331956624984741,0.6166190505027771,SAM_SGD_start5,14.475,0.01
14480,0.7308753728866577,0.9093317985534668,0.771143913269043,0.5937553644180298,SAM_SGD_start5,14.48,0.01
14485,0.0555636696517467,0.9259690642356871,0.8113616108894348,0.5775713324546814,SAM_SGD_start5,14.485,0.01
14490,0.6168346405029297,0.9486850500106812,0.7688550353050232,0.6035646796226501,SAM_SGD_start5,14.49,0.01
14495,0.081963911652565,0.9241141080856324,0.8057703971862793,0.5797542333602905,SAM_SGD_start5,14.495,0.01
14500,0.463036835193634,0.9451069831848145,0.7633369565010071,0.6053666472434998,SAM_SGD_start5,14.5,0.01
14505,0.1281404942274093,0.9209912419319152,0.7998366355895996,0.5810292959213257,SAM_SGD_start5,14.505,0.01
14510,0.3379666805267334,0.9410146474838256,0.7576383352279663,0.6065106987953186,SAM_SGD_start5,14.51,0.01
14515,0.191724881529808,0.917474925518036,0.7938327789306641,0.5818984508514404,SAM_SGD_start5,14.515,0.01
14520,0.2388292998075485,0.936778962612152,0.7519605755805969,0.607384979724884,SAM_SGD_start5,14.52,0.01
14525,0.2707946896553039,0.9139174818992616,0.7879289388656616,0.5826405882835388,SAM_SGD_start5,14.525,0.01
14530,0.1633296012878418,0.9326456785202026,0.7464501857757568,0.6082431674003601,SAM_SGD_start5,14.53,0.01
14535,0.3636341691017151,0.9105750918388368,0.7822714447975159,0.5834751129150391,SAM_SGD_start5,14.535,0.01
14540,0.1093213930726051,0.928835153579712,0.7412553429603577,0.6093184947967529,SAM_SGD_start5,14.54,0.01
14545,0.4685779213905334,0.9077199697494508,0.7770330309867859,0.5846375823020935,SAM_SGD_start5,14.545,0.01
14550,0.0746993124485015,0.9255902171134948,0.7365800738334656,0.6109004616737366,SAM_SGD_start5,14.55,0.01
14555,0.5836099982261658,0.9057432413101196,0.7724828720092773,0.5864580869674683,SAM_SGD_start5,14.555,0.01
14560,0.0572187937796115,0.9230283498764038,0.7328081130981445,0.613448441028595,SAM_SGD_start5,14.56,0.01
14565,0.7024438381195068,0.9054578542709352,0.7692729830741882,0.5895310640335083,SAM_SGD_start5,14.565,0.01
14570,0.3430385887622833,0.945936918258667,0.7605341076850891,0.6110239624977112,SAM_SGD_start5,14.57,0.01
14575,0.1913342326879501,0.9222585558891296,0.7969326376914978,0.5862951278686523,SAM_SGD_start5,14.575,0.01
14580,0.2420520484447479,0.941579520702362,0.7547715902328491,0.6117886304855347,SAM_SGD_start5,14.58,0.01
14585,0.271136462688446,0.918578565120697,0.7909377813339233,0.5869293808937073,SAM_SGD_start5,14.585,0.01
14590,0.16505067050457,0.937322437763214,0.7491741180419922,0.612535297870636,SAM_SGD_start5,14.59,0.01
14595,0.3648682832717895,0.9151086807250975,0.7851855754852295,0.5876523852348328,SAM_SGD_start5,14.595,0.01
14600,0.1098663732409477,0.933382213115692,0.7438867092132568,0.6134932041168213,SAM_SGD_start5,14.6,0.01
14605,0.4708625674247741,0.912115514278412,0.7798442244529724,0.5886954069137573,SAM_SGD_start5,14.605,0.01
14610,0.0743705853819847,0.9299978613853456,0.7391077876091003,0.6149459481239319,SAM_SGD_start5,14.61,0.01
14615,0.587123453617096,0.9099811911582948,0.7751753926277161,0.5903815627098083,SAM_SGD_start5,14.615,0.01
14620,0.0563119910657405,0.9273016452789308,0.7352081537246704,0.6173428893089294,SAM_SGD_start5,14.62,0.01
14625,0.7077464461326599,0.9094861745834352,0.7717992663383484,0.5932883620262146,SAM_SGD_start5,14.625,0.01
14630,0.0505771413445472,0.9349091053009032,0.7391573190689087,0.6278095841407776,SAM_SGD_start5,14.63,0.01
14635,0.791637659072876,0.9599813222885132,0.7785352468490601,0.6094720363616943,SAM_SGD_start5,14.635,0.01
14640,0.0561204999685287,0.9348540306091307,0.8163115382194519,0.5863146185874939,SAM_SGD_start5,14.64,0.01
14645,0.6043890714645386,0.9571399092674256,0.773259699344635,0.6122210025787354,SAM_SGD_start5,14.645,0.01
14650,0.0864927917718887,0.9323910474777222,0.8104613423347473,0.5880711078643799,SAM_SGD_start5,14.65,0.01
14655,0.4513834118843078,0.9532093405723572,0.7675355672836304,0.6136624813079834,SAM_SGD_start5,14.655,0.01
14660,0.1365403234958648,0.9289430379867554,0.8043398261070251,0.5890550017356873,SAM_SGD_start5,14.66,0.01
14665,0.3272238969802856,0.9488565325737,0.761680006980896,0.614543616771698,SAM_SGD_start5,14.665,0.01
14670,0.2039795815944671,0.9251857995986938,0.7981854677200317,0.5896967053413391,SAM_SGD_start5,14.67,0.01
14675,0.229225680232048,0.9444103837013244,0.7558735013008118,0.6152070760726929,SAM_SGD_start5,14.675,0.01
14680,0.2869028449058532,0.9214332699775696,0.792154848575592,0.5902507901191711,SAM_SGD_start5,14.68,0.01
14685,0.1550860404968261,0.940100371837616,0.7502540946006775,0.6158902645111084,SAM_SGD_start5,14.685,0.01
14690,0.383588969707489,0.9179304242134094,0.7863896489143372,0.5909278988838196,SAM_SGD_start5,14.69,0.01
14695,0.1026341766119003,0.9361413717269896,0.7449687719345093,0.6168226003646851,SAM_SGD_start5,14.695,0.01
14700,0.4923478066921234,0.9149497151374816,0.7810648679733276,0.5919651985168457,SAM_SGD_start5,14.7,0.01
14705,0.0697234123945236,0.932774305343628,0.7402292490005493,0.6183019876480103,SAM_SGD_start5,14.705,0.01
14710,0.6110353469848633,0.91290283203125,0.7764649391174316,0.5937079191207886,SAM_SGD_start5,14.71,0.01
14715,0.0540355145931243,0.9300023913383484,0.7364602088928223,0.6208192706108093,SAM_SGD_start5,14.715,0.01
14720,0.73039710521698,0.9127931594848632,0.7734331488609314,0.5968508124351501,SAM_SGD_start5,14.72,0.01
14725,0.1946355998516082,0.9517585635185242,0.7585880756378174,0.6242669224739075,SAM_SGD_start5,14.725,0.01
14730,0.3348619341850281,0.9288822412490844,0.7951781153678894,0.5990671515464783,SAM_SGD_start5,14.73,0.01
14735,0.1287814676761627,0.9473433494567872,0.7529367804527283,0.6248153448104858,SAM_SGD_start5,14.735,0.01
14740,0.4397300481796264,0.92533540725708,0.7894099354743958,0.5996587872505188,SAM_SGD_start5,14.74,0.01
14745,0.084194891154766,0.9433773159980774,0.7476939558982849,0.6257269978523254,SAM_SGD_start5,14.745,0.01
14750,0.5560697913169861,0.922455668449402,0.7841767072677612,0.6007364392280579,SAM_SGD_start5,14.75,0.01
14755,0.0586538128554821,0.9400920271873474,0.7431247234344482,0.6273564100265503,SAM_SGD_start5,14.755,0.01
14760,0.680864691734314,0.920773148536682,0.7798621654510498,0.6027306914329529,SAM_SGD_start5,14.76,0.01
14765,0.0495338216423988,0.935018002986908,0.7401178479194641,0.6304695010185242,SAM_SGD_start5,14.765,0.01
14770,0.1218040734529495,0.9393497109413148,0.8119353652000427,0.5976948738098145,SAM_SGD_start5,14.77,0.01
14775,0.3636078536510467,0.9594766497612,0.7686346769332886,0.6232118010520935,SAM_SGD_start5,14.775,0.01
14780,0.1865359842777252,0.9353956580162048,0.8056021928787231,0.5981810092926025,SAM_SGD_start5,14.78,0.01
14785,0.2561469078063965,0.9547979235649108,0.7626439332962036,0.623691976070404,SAM_SGD_start5,14.785,0.01
14790,0.2675205767154693,0.9313865303993224,0.7993593215942383,0.5985295176506042,SAM_SGD_start5,14.79,0.01
14795,0.1737425327301025,0.9502029418945312,0.7568060755729675,0.6241384148597717,SAM_SGD_start5,14.795,0.01
14800,0.3629714846611023,0.9275636076927184,0.7933419942855835,0.5989471673965454,SAM_SGD_start5,14.8,0.01
14805,0.1141569465398788,0.9458980560302734,0.7512559294700623,0.6247683763504028,SAM_SGD_start5,14.805,0.01
14810,0.4711921513080597,0.924175500869751,0.78770512342453,0.5996509194374084,SAM_SGD_start5,14.81,0.01
14815,0.0752065926790237,0.9421101808547974,0.7461737394332886,0.6258454322814941,SAM_SGD_start5,14.815,0.01
14820,0.5902760028839111,0.9215710163116456,0.7826836705207825,0.6009390354156494,SAM_SGD_start5,14.82,0.01
14825,0.0546219274401664,0.939022660255432,0.7418843507766724,0.627781093120575,SAM_SGD_start5,14.825,0.01
14830,0.7156734466552734,0.9204193949699402,0.7787888050079346,0.6033281683921814,SAM_SGD_start5,14.83,0.01
14835,0.0491454154253006,0.9272289872169496,0.8197300434112549,0.584111750125885,SAM_SGD_start5,14.835,0.01
14840,0.7229821085929871,0.9590776562690736,0.7767413258552551,0.6105226278305054,SAM_SGD_start5,14.84,0.01
14845,0.0641013234853744,0.934084415435791,0.8142896890640259,0.5869205594062805,SAM_SGD_start5,14.845,0.01
14850,0.5487136840820312,0.9557487964630128,0.7712662816047668,0.6126839518547058,SAM_SGD_start5,14.85,0.01
14855,0.1014523655176162,0.931152880191803,0.8083130121231079,0.5883467793464661,SAM_SGD_start5,14.855,0.01
14860,0.4059300720691681,0.951628804206848,0.7654738426208496,0.6138860583305359,SAM_SGD_start5,14.86,0.01
14865,0.1576301455497741,0.9275570511817932,0.802162230014801,0.5891821980476379,SAM_SGD_start5,14.865,0.01
14870,0.2909916639328003,0.947218120098114,0.7596205472946167,0.6146657466888428,SAM_SGD_start5,14.87,0.01
14875,0.2305146753787994,0.9237757325172424,0.7960366010665894,0.5897721648216248,SAM_SGD_start5,14.875,0.01
14880,0.2013965398073196,0.9427976608276368,0.7538647651672363,0.6153138875961304,SAM_SGD_start5,14.88,0.01
14885,0.3182826042175293,0.9200838804244996,0.7900818586349487,0.5903470516204834,SAM_SGD_start5,14.885,0.01
14890,0.1349034905433654,0.9385849833488464,0.7483428120613098,0.6160570979118347,SAM_SGD_start5,14.89,0.01
14895,0.4192411303520202,0.9167271256446838,0.7844459414482117,0.5911195874214172,SAM_SGD_start5,14.895,0.01
14900,0.0893627256155014,0.9348020553588868,0.7432160377502441,0.6171389818191528,SAM_SGD_start5,14.9,0.01
14905,0.5316469669342041,0.9140097498893738,0.7793288826942444,0.5923523306846619,SAM_SGD_start5,14.905,0.01
14910,0.0626043379306793,0.9316902160644532,0.7387402653694153,0.6189038157463074,SAM_SGD_start5,14.91,0.01
14915,0.6527576446533203,0.912436306476593,0.775092601776123,0.594457745552063,SAM_SGD_start5,14.915,0.01
14920,0.0521230474114418,0.9280990362167358,0.7356005907058716,0.6219976544380188,SAM_SGD_start5,14.92,0.01
14925,0.7839956879615784,0.9528879523277284,0.7744876146316528,0.6027088165283203,SAM_SGD_start5,14.925,0.01
14930,0.0571961998939514,0.9279375672340392,0.812009334564209,0.579814612865448,SAM_SGD_start5,14.93,0.01
14935,0.5988552570343018,0.950319528579712,0.769375205039978,0.6057363748550415,SAM_SGD_start5,14.935,0.01
14940,0.0864010527729988,0.925743579864502,0.8063116669654846,0.5817849636077881,SAM_SGD_start5,14.94,0.01
14945,0.4479843974113464,0.9465928673744202,0.7637825608253479,0.6073734164237976,SAM_SGD_start5,14.945,0.01
14950,0.1351112276315689,0.9224904775619508,0.8003201484680176,0.5829421281814575,SAM_SGD_start5,14.95,0.01
14955,0.3255644738674164,0.942416250705719,0.7580431699752808,0.6084209084510803,SAM_SGD_start5,14.955,0.01
14960,0.2010407447814941,0.9189037680625916,0.7942847609519958,0.5837382674217224,SAM_SGD_start5,14.96,0.01
14965,0.2289111614227295,0.9381327629089355,0.7523454427719116,0.6092362403869629,SAM_SGD_start5,14.965,0.01
14970,0.2822938561439514,0.9153112173080444,0.7883681058883667,0.5844372510910034,SAM_SGD_start5,14.97,0.01
14975,0.155746728181839,0.9339792132377625,0.7468321323394775,0.6100644469261169,SAM_SGD_start5,14.975,0.01
14980,0.3771630227565765,0.9119642972946168,0.7827160954475403,0.5852551460266113,SAM_SGD_start5,14.98,0.01
14985,0.1039295345544815,0.9301755428314208,0.7416539788246155,0.6111397743225098,SAM_SGD_start5,14.985,0.01
14990,0.483973890542984,0.90914124250412,0.7775070071220398,0.5864331722259521,SAM_SGD_start5,14.99,0.01
14995,0.071338340640068,0.9269666075706482,0.7370256185531616,0.6127634048461914,SAM_SGD_start5,14.995,0.01
15000,0.6005893349647522,0.907256841659546,0.7730286121368408,0.5883187055587769,SAM_SGD_start5,15.0,0.01
15005,0.0556827522814273,0.9243656992912292,0.7333740592002869,0.6154272556304932,SAM_SGD_start5,15.005,0.01
15010,0.7181199193000793,0.9073002338409424,0.7701096534729004,0.5915990471839905,SAM_SGD_start5,15.01,0.01
15015,0.0857193917036056,0.928520917892456,0.8081198334693909,0.5843349099159241,SAM_SGD_start5,15.015,0.01
15020,0.4518092572689056,0.9493767023086548,0.7654244303703308,0.6099278926849365,SAM_SGD_start5,15.02,0.01
15025,0.1346494853496551,0.925197422504425,0.8020771741867065,0.5854301452636719,SAM_SGD_start5,15.025,0.01
15030,0.3281942009925842,0.9451319575309752,0.7596377730369568,0.6109135746955872,SAM_SGD_start5,15.03,0.01
15035,0.2009052038192749,0.9215430617332458,0.7959919571876526,0.5861666202545166,SAM_SGD_start5,15.035,0.01
15040,0.2305506914854049,0.9407811760902404,0.753893256187439,0.6116683483123779,SAM_SGD_start5,15.04,0.01
15045,0.2825814187526703,0.9178826212882996,0.7900250554084778,0.5868058204650879,SAM_SGD_start5,15.045,0.01
15050,0.1565873324871063,0.9365590214729308,0.7483317852020264,0.6124345660209656,SAM_SGD_start5,15.05,0.01
15055,0.3779624998569488,0.9144649505615234,0.7843204140663147,0.5875617861747742,SAM_SGD_start5,15.055,0.01
15060,0.1041465699672699,0.9326831102371216,0.743101954460144,0.613444447517395,SAM_SGD_start5,15.06,0.01
15065,0.485372245311737,0.9115648865699768,0.779053807258606,0.5886729955673218,SAM_SGD_start5,15.065,0.01
15070,0.0710992291569709,0.929396629333496,0.7384154796600342,0.6149957180023193,SAM_SGD_start5,15.07,0.01
15075,0.6026867628097534,0.9095918536186218,0.7745086550712585,0.5904831886291504,SAM_SGD_start5,15.075,0.01
15080,0.0551505126059055,0.9267280101776124,0.7346909046173096,0.6175743937492371,SAM_SGD_start5,15.08,0.01
15085,0.7213971018791199,0.909503698348999,0.7714829444885254,0.5936627984046936,SAM_SGD_start5,15.085,0.01
15090,0.0524599365890026,0.9276263117790222,0.8135559558868408,0.5785635113716125,SAM_SGD_start5,15.09,0.01
15095,0.6548117995262146,0.9510565400123596,0.770959734916687,0.6046944856643677,SAM_SGD_start5,15.095,0.01
15100,0.0745800882577896,0.9263626337051392,0.8080502152442932,0.5809977054595947,SAM_SGD_start5,15.1,0.01
15105,0.4939028024673462,0.9476059675216676,0.7654822468757629,0.6066617965698242,SAM_SGD_start5,15.105,0.01
15110,0.1171358227729797,0.9233411550521852,0.8021255135536194,0.5823620557785034,SAM_SGD_start5,15.11,0.01
15115,0.3625860512256622,0.943537175655365,0.759770929813385,0.6078598499298096,SAM_SGD_start5,15.115,0.01
15120,0.1775907576084137,0.9198271036148072,0.7960893511772156,0.5832489728927612,SAM_SGD_start5,15.12,0.01
15125,0.2578222751617431,0.9392667412757874,0.7540475726127625,0.6087280511856079,SAM_SGD_start5,15.125,0.01
15130,0.2539555430412292,0.9162144660949708,0.7901228666305542,0.5839614868164062,SAM_SGD_start5,15.13,0.01
15135,0.177257090806961,0.9350535869598388,0.7484632134437561,0.6095332503318787,SAM_SGD_start5,15.135,0.01
15140,0.3444769382476806,0.9127660393714904,0.7843719720840454,0.5847223997116089,SAM_SGD_start5,15.14,0.01
15145,0.1187150403857231,0.93111652135849,0.7431607246398926,0.6105055809020996,SAM_SGD_start5,15.145,0.01
15150,0.4474942088127136,0.9097420573234558,0.7789986729621887,0.5857574939727783,SAM_SGD_start5,15.15,0.01
15155,0.0800862610340118,0.9276914596557616,0.7383257746696472,0.6119145750999451,SAM_SGD_start5,15.155,0.01
15160,0.5611400008201599,0.9074957966804504,0.7742416858673096,0.5873675346374512,SAM_SGD_start5,15.16,0.01
15165,0.059174571186304,0.924982726573944,0.7342816591262817,0.6141687631607056,SAM_SGD_start5,15.165,0.01
15170,0.681283712387085,0.9066776037216188,0.7705944776535034,0.5900579690933228,SAM_SGD_start5,15.17,0.01
15175,0.053025621920824,0.614329993724823,0.7536572217941284,0.6177957653999329,SAM_SGD_start5,15.175,0.01
15180,0.347188800573349,0.9214626550674438,0.789932906627655,0.5927666425704956,SAM_SGD_start5,15.18,0.01
15185,0.119904339313507,0.9398372769355774,0.7481849193572998,0.618550181388855,SAM_SGD_start5,15.185,0.01
15190,0.4522429406642914,0.9181864261627196,0.7843722105026245,0.5935816168785095,SAM_SGD_start5,15.19,0.01
15195,0.0796026065945625,0.936156153678894,0.7431634664535522,0.6197234988212585,SAM_SGD_start5,15.195,0.01
15200,0.5682251453399658,0.9156579375267028,0.7794041037559509,0.5949488878250122,SAM_SGD_start5,15.2,0.01
15205,0.0575675293803215,0.9331822395324708,0.738898754119873,0.621709406375885,SAM_SGD_start5,15.205,0.01
15210,0.6913043260574341,0.9144949913024902,0.7754911184310913,0.5973547697067261,SAM_SGD_start5,15.21,0.01
15215,0.0509246028959751,0.9224445819854736,0.7395543456077576,0.6288009881973267,SAM_SGD_start5,15.215,0.01
15220,0.80215984582901,0.9591039419174194,0.7782461643218994,0.6083191633224487,SAM_SGD_start5,15.22,0.01
15225,0.0552446767687797,0.9339755177497864,0.8160249590873718,0.5852921009063721,SAM_SGD_start5,15.225,0.01
15230,0.612781822681427,0.9563972353935242,0.7730297446250916,0.6112282872200012,SAM_SGD_start5,15.23,0.01
15235,0.0843135565519332,0.9316494464874268,0.81022047996521,0.5871403813362122,SAM_SGD_start5,15.235,0.01
15240,0.4584124386310577,0.9525311589241028,0.7673377990722656,0.6127416491508484,SAM_SGD_start5,15.24,0.01
15245,0.1331772953271865,0.9282580018043518,0.8041241765022278,0.5881761908531189,SAM_SGD_start5,15.245,0.01
15250,0.3330090045928955,0.9482153058052064,0.7614999413490295,0.6136655211448669,SAM_SGD_start5,15.25,0.01
15255,0.1995199471712112,0.9245315194129944,0.7979834079742432,0.5888502597808838,SAM_SGD_start5,15.255,0.01
15260,0.2338431775569915,0.9437901377677916,0.7557018399238586,0.6143549084663391,SAM_SGD_start5,15.26,0.01
15265,0.2814228534698486,0.9207940697669984,0.7919579744338989,0.5894232392311096,SAM_SGD_start5,15.265,0.01
15270,0.1586057245731353,0.9394884705543518,0.7500831484794617,0.6150510311126709,SAM_SGD_start5,15.27,0.01
15275,0.3771582841873169,0.917292296886444,0.7861897349357605,0.590107262134552,SAM_SGD_start5,15.275,0.01
15280,0.1051248610019683,0.93552565574646,0.7447898387908936,0.6159827709197998,SAM_SGD_start5,15.28,0.01
15285,0.4850441515445709,0.914296329021454,0.7808510661125183,0.5911368727684021,SAM_SGD_start5,15.285,0.01
15290,0.0712579786777496,0.9321419596672058,0.7400280237197876,0.6174423098564148,SAM_SGD_start5,15.29,0.01
15295,0.6029994487762451,0.9122058153152466,0.7762171030044556,0.5928488373756409,SAM_SGD_start5,15.295,0.01
15300,0.0547132194042205,0.9293968677520752,0.7362011075019836,0.6199044585227966,SAM_SGD_start5,15.3,0.01
15305,0.7233036756515503,0.91191965341568,0.7730274200439453,0.5958821773529053,SAM_SGD_start5,15.305,0.01
15310,0.0518408119678497,0.9272491931915284,0.8137694597244263,0.578130841255188,SAM_SGD_start5,15.31,0.01
15315,0.6666985154151917,0.9510429501533508,0.7711947560310364,0.6043173670768738,SAM_SGD_start5,15.315,0.01
15320,0.0724188387393951,0.9263299703598022,0.808314323425293,0.5806864500045776,SAM_SGD_start5,15.32,0.01
15325,0.5036845803260803,0.94766503572464,0.7657492160797119,0.6063696146011353,SAM_SGD_start5,15.325,0.01
15330,0.1136454120278358,0.9233718514442444,0.8024100661277771,0.5821044445037842,SAM_SGD_start5,15.33,0.01
15335,0.3705308437347412,0.9436273574829102,0.7600489854812622,0.6076079607009888,SAM_SGD_start5,15.335,0.01
15340,0.1729140877723693,0.9198812246322632,0.7963786721229553,0.5830174088478088,SAM_SGD_start5,15.34,0.01
15345,0.2640946209430694,0.9393664598464966,0.7543246746063232,0.6084936857223511,SAM_SGD_start5,15.345,0.01
15350,0.2482130825519561,0.9162713289260864,0.7904062271118164,0.5837387442588806,SAM_SGD_start5,15.35,0.01
15355,0.1819948554039001,0.9351471662521362,0.7487297058105469,0.609300434589386,SAM_SGD_start5,15.355,0.01
15360,0.3377771973609924,0.9128087759017944,0.7846395969390869,0.5844939947128296,SAM_SGD_start5,15.36,0.01
15365,0.1220546141266822,0.931189239025116,0.7434064745903015,0.6102582216262817,SAM_SGD_start5,15.365,0.01
15370,0.4399448037147522,0.9097514152526855,0.7792381644248962,0.5855066180229187,SAM_SGD_start5,15.37,0.01
15375,0.082160398364067,0.9277263283729552,0.7385355830192566,0.6116313934326172,SAM_SGD_start5,15.375,0.01
15380,0.5528849959373474,0.9074423313140868,0.774432361125946,0.5870694518089294,SAM_SGD_start5,15.38,0.01
15385,0.0601304024457931,0.9249773621559144,0.7344248294830322,0.6138144135475159,SAM_SGD_start5,15.385,0.01
15390,0.672879695892334,0.9064956903457642,0.7706823348999023,0.5896662473678589,SAM_SGD_start5,15.39,0.01
15395,0.0531704500317573,0.9160633087158204,0.733325183391571,0.6188613772392273,SAM_SGD_start5,15.395,0.01
15400,0.2299882620573043,0.9458737373352052,0.7567199468612671,0.6165614724159241,SAM_SGD_start5,15.4,0.01
15405,0.2872523963451385,0.9228554964065552,0.7930617332458496,0.5915699601173401,SAM_SGD_start5,15.405,0.01
15410,0.1554443389177322,0.9415264129638672,0.7510745525360107,0.6172106862068176,SAM_SGD_start5,15.41,0.01
15415,0.3842495083808899,0.9193142652511596,0.7872684001922607,0.5922132730484009,SAM_SGD_start5,15.415,0.01
15420,0.1026832535862922,0.9375283122062684,0.7457618117332458,0.6181076169013977,SAM_SGD_start5,15.42,0.01
15425,0.4933645725250244,0.9162926077842712,0.7819131016731262,0.5932146906852722,SAM_SGD_start5,15.425,0.01
15430,0.069551296532154,0.9341200590133668,0.7409916520118713,0.6195483803749084,SAM_SGD_start5,15.43,0.01
15435,0.6124612092971802,0.914198875427246,0.7772781252861023,0.5949174165725708,SAM_SGD_start5,15.435,0.01
15440,0.0537288412451744,0.9313107132911682,0.7371848225593567,0.6220210194587708,SAM_SGD_start5,15.44,0.01
15445,0.7324556112289429,0.9140221476554872,0.7741923928260803,0.5980083346366882,SAM_SGD_start5,15.445,0.01
15450,0.6960504055023193,0.9279757738113404,0.7842002511024475,0.6096290349960327,SAM_SGD_start5,15.45,0.01
15455,0.0475934259593486,0.9419082999229432,0.7440402507781982,0.6373883485794067,SAM_SGD_start5,15.455,0.01
15460,0.7473735809326172,0.9718652367591858,0.7842111587524414,0.6224015355110168,SAM_SGD_start5,15.46,0.01
15465,0.0614432096481323,0.9465314149856568,0.8222677707672119,0.5984542965888977,SAM_SGD_start5,15.465,0.01
15470,0.5668257474899292,0.9681810736656188,0.7785009741783142,0.6242274045944214,SAM_SGD_start5,15.47,0.01
15475,0.0998772531747818,0.9432557821273804,0.8160570859909058,0.5995808839797974,SAM_SGD_start5,15.475,0.01
15480,0.4186447858810425,0.9637479186058044,0.7724973559379578,0.6251393556594849,SAM_SGD_start5,15.48,0.01
15485,0.1575962007045745,0.9393538236618042,0.8096883296966553,0.600143551826477,SAM_SGD_start5,15.485,0.01
15490,0.2992094159126282,0.959041714668274,0.7664429545402527,0.625648021697998,SAM_SGD_start5,15.49,0.01
15495,0.232445940375328,0.9352793097496032,0.8033503890037537,0.6004720330238342,SAM_SGD_start5,15.495,0.01
15500,0.205965369939804,0.9543309211730956,0.7604877948760986,0.626031219959259,SAM_SGD_start5,15.5,0.01
15505,0.3225602805614471,0.9312947988510132,0.7971816658973694,0.6007863879203796,SAM_SGD_start5,15.505,0.01
15510,0.1366126239299774,0.949823260307312,0.7547609210014343,0.6265054941177368,SAM_SGD_start5,15.51,0.01
15515,0.4262174367904663,0.92763352394104,0.7913217544555664,0.6012898683547974,SAM_SGD_start5,15.515,0.01
15520,0.0889429971575737,0.9457313418388368,0.7494148015975952,0.627303957939148,SAM_SGD_start5,15.52,0.01
15525,0.541665256023407,0.9245859980583192,0.7859600186347961,0.6022343039512634,SAM_SGD_start5,15.525,0.01
15530,0.0607434511184692,0.9422916769981384,0.7446908354759216,0.6287568211555481,SAM_SGD_start5,15.53,0.01
15535,0.6662807464599609,0.9226313829421996,0.7814368009567261,0.6040154695510864,SAM_SGD_start5,15.535,0.01
15540,0.0495020747184753,0.938622772693634,0.7412080764770508,0.631472647190094,SAM_SGD_start5,15.54,0.01
15545,0.8072357773780823,0.9620794653892516,0.779973030090332,0.6111101508140564,SAM_SGD_start5,15.545,0.01
15550,0.0546360276639461,0.9368740320205688,0.8178640604019165,0.5879868268966675,SAM_SGD_start5,15.55,0.01
15555,0.6166038513183594,0.9592734575271606,0.7746945023536682,0.6139206886291504,SAM_SGD_start5,15.555,0.01
15560,0.0840114504098892,0.9344504475593568,0.8120000958442688,0.5897554159164429,SAM_SGD_start5,15.56,0.01
15565,0.4610726535320282,0.9553283452987672,0.7689502239227295,0.6153594851493835,SAM_SGD_start5,15.565,0.01
15570,0.1332761645317077,0.93098247051239,0.8058510422706604,0.5907235145568848,SAM_SGD_start5,15.57,0.01
15575,0.3346994817256927,0.9509414434432985,0.7630646824836731,0.616217315196991,SAM_SGD_start5,15.575,0.01
15580,0.2001080811023712,0.9271864295005798,0.799660861492157,0.5913351774215698,SAM_SGD_start5,15.58,0.01
15585,0.234748363494873,0.9464487433433532,0.7572207450866699,0.6168445944786072,SAM_SGD_start5,15.585,0.01
15590,0.2825833857059479,0.9233819246292114,0.793586790561676,0.5918480157852173,SAM_SGD_start5,15.59,0.01
15595,0.1589018851518631,0.9420804381370544,0.7515562176704407,0.6174795031547546,SAM_SGD_start5,15.595,0.01
15600,0.3789671659469604,0.9198125004768372,0.787769079208374,0.5924717783927917,SAM_SGD_start5,15.6,0.01
15605,0.1049709618091583,0.9380494356155396,0.7462151050567627,0.6183488368988037,SAM_SGD_start5,15.605,0.01
15610,0.4875707030296325,0.9167455434799194,0.7823780179023743,0.5934388041496277,SAM_SGD_start5,15.61,0.01
15615,0.0708067268133163,0.9345942139625548,0.7414019107818604,0.6197423338890076,SAM_SGD_start5,15.615,0.01
15620,0.6063160300254822,0.9145777821540833,0.777686357498169,0.5950835943222046,SAM_SGD_start5,15.62,0.01
15625,0.0541057363152504,0.931778848171234,0.7375152707099915,0.622131884098053,SAM_SGD_start5,15.625,0.01
15630,0.7275848388671875,0.9141972661018372,0.7744229435920715,0.5980398058891296,SAM_SGD_start5,15.63,0.01
15635,0.0512516535818576,0.9291266798973083,0.8150498270988464,0.5798464417457581,SAM_SGD_start5,15.635,0.01
15640,0.671895444393158,0.9529639482498168,0.7723615169525146,0.6060399413108826,SAM_SGD_start5,15.64,0.01
15645,0.0716971158981323,0.928196370601654,0.8095623254776001,0.5823681950569153,SAM_SGD_start5,15.645,0.01
15650,0.507655918598175,0.9495447278022766,0.7668856382369995,0.6080562472343445,SAM_SGD_start5,15.65,0.01
15655,0.1128934621810913,0.9251970052719116,0.8036257028579712,0.5837498307228088,SAM_SGD_start5,15.655,0.01
15660,0.3734504580497741,0.9454643726348876,0.7611547112464905,0.6092570424079895,SAM_SGD_start5,15.66,0.01
15665,0.1722216606140136,0.9216633439064026,0.7975614070892334,0.5846254229545593,SAM_SGD_start5,15.665,0.01
15670,0.2661198079586029,0.9411599040031432,0.7553991079330444,0.6101043224334717,SAM_SGD_start5,15.67,0.01
15675,0.2476615607738495,0.9180087447166444,0.7915549278259277,0.5853081345558167,SAM_SGD_start5,15.675,0.01
15680,0.1832707822322845,0.9368946552276612,0.7497712969779968,0.6108705401420593,SAM_SGD_start5,15.68,0.01
15685,0.3374407291412353,0.914498507976532,0.7857521176338196,0.5860222578048706,SAM_SGD_start5,15.685,0.01
15690,0.122716024518013,0.9328871965408324,0.7444122433662415,0.6117842197418213,SAM_SGD_start5,15.69,0.01
15695,0.4398946762084961,0.911388099193573,0.7803106307983398,0.5869894623756409,SAM_SGD_start5,15.695,0.01
15700,0.0823365002870559,0.9293697476387024,0.7395007014274597,0.6131075620651245,SAM_SGD_start5,15.7,0.01
15705,0.553194522857666,0.9090168476104736,0.7754581570625305,0.5884999632835388,SAM_SGD_start5,15.705,0.01
15710,0.0599460825324058,0.9265639185905457,0.7353394627571106,0.6152307391166687,SAM_SGD_start5,15.71,0.01
15715,0.673721194267273,0.9079892039299012,0.7716452479362488,0.5910312533378601,SAM_SGD_start5,15.715,0.01
15720,0.0527763925492763,0.9181723594665528,0.733849048614502,0.6198451519012451,SAM_SGD_start5,15.72,0.01
15725,0.7239555716514587,0.9513364434242249,0.7724928259849548,0.6028990149497986,SAM_SGD_start5,15.725,0.01
15730,0.0637120008468627,0.9265280365943908,0.8097796440124512,0.5796095728874207,SAM_SGD_start5,15.73,0.01
15735,0.5506238341331482,0.9483392238616944,0.7672128677368164,0.6053987741470337,SAM_SGD_start5,15.735,0.01
15740,0.0987640619277954,0.9239128828048706,0.8039801716804504,0.5812987685203552,SAM_SGD_start5,15.74,0.01
15745,0.4087459444999695,0.9444596171379088,0.7615697383880615,0.6068376302719116,SAM_SGD_start5,15.745,0.01
15750,0.1525577008724212,0.9205430150032043,0.7979737520217896,0.582339346408844,SAM_SGD_start5,15.75,0.01
15755,0.2943876981735229,0.9402475953102112,0.7558426260948181,0.6078104972839355,SAM_SGD_start5,15.755,0.01
15760,0.2229617685079574,0.916950523853302,0.7919749021530151,0.5831047892570496,SAM_SGD_start5,15.76,0.01
15765,0.2050480097532272,0.9360024929046632,0.7502003312110901,0.6086273789405823,SAM_SGD_start5,15.765,0.01
15770,0.3081509470939636,0.91342693567276,0.7861367464065552,0.5838368535041809,SAM_SGD_start5,15.77,0.01
15775,0.1385075449943542,0.9319508075714112,0.7447836995124817,0.6095231175422668,SAM_SGD_start5,15.775,0.01
15780,0.4064505994319916,0.910224199295044,0.7806099653244019,0.5847529172897339,SAM_SGD_start5,15.78,0.01
15785,0.0926450192928314,0.9283178448677064,0.7397554516792297,0.6107435822486877,SAM_SGD_start5,15.785,0.01
15790,0.5161376595497131,0.9076465964317322,0.7755944728851318,0.5861153602600098,SAM_SGD_start5,15.79,0.01
15795,0.0653249025344848,0.9253499507904052,0.7353679537773132,0.6126290559768677,SAM_SGD_start5,15.795,0.01
15800,0.6346020698547363,0.9061869978904724,0.771442711353302,0.5883282423019409,SAM_SGD_start5,15.8,0.01
15805,0.0541073679924011,0.9222906827926636,0.7322431206703186,0.6157909631729126,SAM_SGD_start5,15.805,0.01
15810,0.0914794877171516,0.9402267336845398,0.7464805245399475,0.6218919157981873,SAM_SGD_start5,15.81,0.01
15815,0.5289000868797302,0.9191901683807372,0.7827935814857483,0.5969564318656921,SAM_SGD_start5,15.815,0.01
15820,0.0629080161452293,0.9369111061096193,0.7418345212936401,0.6234518885612488,SAM_SGD_start5,15.82,0.01
15825,0.6512656807899475,0.9173411130905152,0.7783480882644653,0.598835825920105,SAM_SGD_start5,15.825,0.01
15830,0.0511224493384361,0.9336023330688475,0.7383868098258972,0.6262432336807251,SAM_SGD_start5,15.83,0.01
15835,0.0961591526865959,0.9509761333465576,0.7529213428497314,0.631350576877594,SAM_SGD_start5,15.835,0.01
15840,0.5237844586372375,0.9294770956039428,0.7896395325660706,0.6061282753944397,SAM_SGD_start5,15.84,0.01
15845,0.0639122501015663,0.947270393371582,0.7479605674743652,0.6325268149375916,SAM_SGD_start5,15.845,0.01
15850,0.6484712362289429,0.9271205067634584,0.784811794757843,0.607586681842804,SAM_SGD_start5,15.85,0.01
15855,0.0494215488433837,0.9440174102783204,0.7440126538276672,0.6347877979278564,SAM_SGD_start5,15.855,0.01
15860,0.7682195901870728,0.9271715879440308,0.7819761633872986,0.6107422113418579,SAM_SGD_start5,15.86,0.01
15865,0.0503451041877269,0.9404918551445008,0.8212829232215881,0.5906252861022949,SAM_SGD_start5,15.865,0.01
15870,0.660363495349884,0.963472068309784,0.7779099345207214,0.6166847348213196,SAM_SGD_start5,15.87,0.01
15875,0.0752489641308784,0.9384713768959044,0.815462052822113,0.5925822257995605,SAM_SGD_start5,15.875,0.01
15880,0.4964277744293213,0.9595995545387268,0.7721700668334961,0.6182369589805603,SAM_SGD_start5,15.88,0.01
15885,0.1207754909992218,0.935050129890442,0.8092867732048035,0.5935958027839661,SAM_SGD_start5,15.885,0.01
15890,0.3626367449760437,0.9551897644996644,0.7662400007247925,0.6191068291664124,SAM_SGD_start5,15.89,0.01
15895,0.1844477653503418,0.9312105178833008,0.8030315637588501,0.5941860675811768,SAM_SGD_start5,15.895,0.01
15900,0.2560482621192932,0.9506182670593262,0.7603199481964111,0.6196884512901306,SAM_SGD_start5,15.9,0.01
15905,0.2642690539360046,0.9273062348365784,0.7968623042106628,0.5946306586265564,SAM_SGD_start5,15.905,0.01
15910,0.1742699146270752,0.946125328540802,0.7545499801635742,0.6202303171157837,SAM_SGD_start5,15.91,0.01
15915,0.3584668636322021,0.9235842227935792,0.7909167408943176,0.5951403379440308,SAM_SGD_start5,15.915,0.01
15920,0.1150839477777481,0.9419199228286744,0.7490670680999756,0.620952844619751,SAM_SGD_start5,15.92,0.01
15925,0.4653529524803161,0.9202957153320312,0.7853519916534424,0.5959344506263733,SAM_SGD_start5,15.925,0.01
15930,0.0763275101780891,0.9382320642471312,0.7440534830093384,0.6221217513084412,SAM_SGD_start5,15.93,0.01
15935,0.5830238461494446,0.91779226064682,0.7804049849510193,0.597312867641449,SAM_SGD_start5,15.935,0.01
15940,0.0557494424283504,0.9352489113807678,0.7398351430892944,0.624148964881897,SAM_SGD_start5,15.94,0.01
15945,0.7070070505142212,0.916741132736206,0.7765851616859436,0.5997910499572754,SAM_SGD_start5,15.945,0.01
15950,0.0501653142273426,0.923448383808136,0.8177319765090942,0.5815012454986572,SAM_SGD_start5,15.95,0.01
15955,0.7132557034492493,0.9561070203781128,0.7749170660972595,0.6078901886940002,SAM_SGD_start5,15.955,0.01
15960,0.0653393119573593,0.9311999082565308,0.8123365044593811,0.5843430757522583,SAM_SGD_start5,15.96,0.01
15965,0.5411748886108398,0.95283305644989,0.7694849967956543,0.6100964546203613,SAM_SGD_start5,15.965,0.01
15970,0.1028943583369255,0.928323209285736,0.8064070343971252,0.5858190655708313,SAM_SGD_start5,15.97,0.01
15975,0.4002539813518524,0.9487743377685548,0.7637377977371216,0.6113512516021729,SAM_SGD_start5,15.975,0.01
15980,0.1591208577156067,0.9247898459434508,0.8003052473068237,0.5867083668708801,SAM_SGD_start5,15.98,0.01
15985,0.2869154214859009,0.9444289207458496,0.7579315900802612,0.6121874451637268,SAM_SGD_start5,15.985,0.01
15990,0.2319179475307464,0.9210749864578248,0.7942309379577637,0.5873558521270752,SAM_SGD_start5,15.99,0.01
15995,0.1986754387617111,0.9400774836540222,0.7522256970405579,0.6128963232040405,SAM_SGD_start5,15.995,0.01
16000,0.319470077753067,0.9174558520317078,0.7883313894271851,0.587992787361145,SAM_SGD_start5,16.0,0.01
16005,0.1333153545856475,0.9359403252601624,0.7467584013938904,0.6137062311172485,SAM_SGD_start5,16.005,0.01
16010,0.4200960397720337,0.9141800999641418,0.7827567458152771,0.5888343453407288,SAM_SGD_start5,16.01,0.01
16015,0.0886949449777603,0.9322413206100464,0.7416940927505493,0.6148644685745239,SAM_SGD_start5,16.015,0.01
16020,0.532042384147644,0.9115583300590516,0.7777116298675537,0.590147852897644,SAM_SGD_start5,16.02,0.01
16025,0.0626501888036727,0.929222047328949,0.7372955679893494,0.6167222261428833,SAM_SGD_start5,16.025,0.01
16030,0.652482271194458,0.9101083278656006,0.7735697031021118,0.5923548936843872,SAM_SGD_start5,16.03,0.01
16035,0.0526581145823001,0.9254536032676696,0.7343013882637024,0.619955837726593,SAM_SGD_start5,16.035,0.01
16040,0.7741118669509888,0.9525913000106812,0.7741400599479675,0.6026945114135742,SAM_SGD_start5,16.04,0.01
16045,0.0581075698137283,0.9276674389839172,0.811621367931366,0.5797284841537476,SAM_SGD_start5,16.045,0.01
16050,0.5910415649414062,0.9499481320381165,0.7690004110336304,0.6056270003318787,SAM_SGD_start5,16.05,0.01
16055,0.0882374942302703,0.9253965020179749,0.8059068322181702,0.5816518664360046,SAM_SGD_start5,16.055,0.01
16060,0.4416232109069824,0.9461962580680848,0.7633994221687317,0.6072314977645874,SAM_SGD_start5,16.06,0.01
16065,0.137747049331665,0.922123908996582,0.7999129295349121,0.5827902555465698,SAM_SGD_start5,16.065,0.01
16070,0.3205018639564514,0.9420140385627748,0.7576621174812317,0.608267068862915,SAM_SGD_start5,16.07,0.01
16075,0.2043752670288086,0.9185361862182616,0.7938835620880127,0.5835816860198975,SAM_SGD_start5,16.075,0.01
16080,0.2250246703624725,0.9377366900444032,0.7519733905792236,0.609082818031311,SAM_SGD_start5,16.08,0.01
16085,0.2862415909767151,0.9149547815322876,0.7879794836044312,0.584286093711853,SAM_SGD_start5,16.085,0.01
16090,0.1529218703508377,0.9335993528366088,0.746475338935852,0.6099216341972351,SAM_SGD_start5,16.09,0.01
16095,0.3816426396369934,0.911630392074585,0.7823472023010254,0.5851194262504578,SAM_SGD_start5,16.095,0.01
16100,0.1020594835281372,0.9298226833343506,0.7413204908370972,0.6110194325447083,SAM_SGD_start5,16.1,0.01
16105,0.4888983368873596,0.9088450074195862,0.7771679162979126,0.5863255858421326,SAM_SGD_start5,16.105,0.01
16110,0.0703135430812835,0.9266522526741028,0.7367286086082458,0.6126827001571655,SAM_SGD_start5,16.11,0.01
16115,0.6058194041252136,0.9070238471031188,0.7727381587028503,0.5882604122161865,SAM_SGD_start5,16.115,0.01
16120,0.0553758814930915,0.9240437150001526,0.7331475615501404,0.6154179573059082,SAM_SGD_start5,16.12,0.01
16125,0.7219246625900269,0.907274603843689,0.7700016498565674,0.5916758179664612,SAM_SGD_start5,16.125,0.01
16130,0.0513587743043899,0.919139325618744,0.8157956600189209,0.5793971419334412,SAM_SGD_start5,16.13,0.01
16135,0.6974285840988159,0.9534211754798888,0.7731245756149292,0.6057226061820984,SAM_SGD_start5,16.135,0.01
16140,0.067545048892498,0.928602695465088,0.8104079961776733,0.5821818113327026,SAM_SGD_start5,16.14,0.01
16145,0.5285829901695251,0.9501482248306274,0.7677102088928223,0.6079130172729492,SAM_SGD_start5,16.145,0.01
16150,0.1060594171285629,0.9257320761680604,0.8045077323913574,0.5836682319641113,SAM_SGD_start5,16.15,0.01
16155,0.3904161155223846,0.946124792098999,0.7619965672492981,0.6091898679733276,SAM_SGD_start5,16.155,0.01
16160,0.1630188822746276,0.9222396612167358,0.7984470129013062,0.584589958190918,SAM_SGD_start5,16.16,0.01
16165,0.2794936299324035,0.9418315291404724,0.7562330365180969,0.610065758228302,SAM_SGD_start5,16.165,0.01
16170,0.2363520711660385,0.9185826778411864,0.7924222946166992,0.5852832794189453,SAM_SGD_start5,16.17,0.01
16175,0.1933742463588714,0.9375458359718324,0.7505782842636108,0.6108276844024658,SAM_SGD_start5,16.175,0.01
16180,0.3242614567279815,0.9150360226631165,0.7865814566612244,0.5859786868095398,SAM_SGD_start5,16.18,0.01
16185,0.129847913980484,0.9334878921508788,0.7451716661453247,0.6117051839828491,SAM_SGD_start5,16.185,0.01
16190,0.4250775277614593,0.9118512868881226,0.78107750415802,0.5868943929672241,SAM_SGD_start5,16.19,0.01
16195,0.0867929309606552,0.9298855066299438,0.7401830554008484,0.6129509806632996,SAM_SGD_start5,16.195,0.01
16200,0.5370306968688965,0.9093490242958068,0.7761231660842896,0.5883054733276367,SAM_SGD_start5,16.2,0.01
16205,0.0620456933975219,0.9269770979881288,0.7358884811401367,0.6149294376373291,SAM_SGD_start5,16.205,0.01
16210,0.6570740938186646,0.9080740213394164,0.77211594581604,0.5906515121459961,SAM_SGD_start5,16.21,0.01
16215,0.0530262030661106,0.922469973564148,0.7331812977790833,0.6184099316596985,SAM_SGD_start5,16.215,0.01
16220,0.7390508651733398,0.9153999090194702,0.7749419808387756,0.5994160771369934,SAM_SGD_start5,16.22,0.01
16225,0.048391755670309,0.9402831196784972,0.7426317930221558,0.6346635818481445,SAM_SGD_start5,16.225,0.01
16230,0.776734471321106,0.9309113621711732,0.784223198890686,0.6143216490745544,SAM_SGD_start5,16.23,0.01
16235,0.0494186431169509,0.9436286687850952,0.8233568072319031,0.5934873819351196,SAM_SGD_start5,16.235,0.01
16240,0.6680251955986023,0.9666314125061036,0.7797964215278625,0.619553804397583,SAM_SGD_start5,16.24,0.01
16245,0.0742412805557251,0.9415431618690492,0.817480742931366,0.5953799486160278,SAM_SGD_start5,16.245,0.01
16250,0.5022162199020386,0.9626866579055786,0.7740055918693542,0.6210412979125977,SAM_SGD_start5,16.25,0.01
16255,0.1198392882943153,0.9380506277084352,0.8112520575523376,0.5963305830955505,SAM_SGD_start5,16.255,0.01
16260,0.3668242990970611,0.9582058191299438,0.7680257558822632,0.6218474507331848,SAM_SGD_start5,16.26,0.01
16265,0.1837204396724701,0.9341400265693665,0.8049439191818237,0.5968584418296814,SAM_SGD_start5,16.265,0.01
16270,0.2588835656642914,0.9535629153251648,0.7620556354522705,0.6223652958869934,SAM_SGD_start5,16.27,0.01
16275,0.2638740241527557,0.930163323879242,0.7987205386161804,0.5972394347190857,SAM_SGD_start5,16.275,0.01
16280,0.1759867072105407,0.9489960670471193,0.7562336921691895,0.622840940952301,SAM_SGD_start5,16.28,0.01
16285,0.3585143685340881,0.9263647794723512,0.7927181720733643,0.5976824760437012,SAM_SGD_start5,16.285,0.01
16290,0.1158971339464187,0.9447123408317566,0.7506949305534363,0.6234925985336304,SAM_SGD_start5,16.29,0.01
16295,0.4659506976604461,0.9229924082756042,0.7870908975601196,0.5984038710594177,SAM_SGD_start5,16.295,0.01
16300,0.0764383301138877,0.9409384727478028,0.7456179261207581,0.624582052230835,SAM_SGD_start5,16.3,0.01
16305,0.5842912197113037,0.9203912019729614,0.7820708751678467,0.5996988415718079,SAM_SGD_start5,16.305,0.01
16310,0.0553558506071567,0.9378681182861328,0.7413207292556763,0.6265141367912292,SAM_SGD_start5,16.31,0.01
16315,0.7092393040657043,0.9192113280296326,0.7781513333320618,0.6020728945732117,SAM_SGD_start5,16.315,0.01
16320,0.0495481193065643,0.9257739782333374,0.8197047710418701,0.5845977663993835,SAM_SGD_start5,16.32,0.01
16325,0.7147557139396667,0.9592728614807128,0.7766886949539185,0.6109529733657837,SAM_SGD_start5,16.325,0.01
16330,0.065304085612297,0.9342870712280272,0.8142217397689819,0.5872936248779297,SAM_SGD_start5,16.33,0.01
16335,0.5419260263442993,0.9558805823326112,0.7711846232414246,0.6130412817001343,SAM_SGD_start5,16.335,0.01
16340,0.1036020591855049,0.9312978386878968,0.8082250952720642,0.5886738300323486,SAM_SGD_start5,16.34,0.01
16345,0.4003551006317138,0.951731026172638,0.7653795480728149,0.614207923412323,SAM_SGD_start5,16.345,0.01
16350,0.1606309413909912,0.9276778101921082,0.8020661473274231,0.5894848108291626,SAM_SGD_start5,16.35,0.01
16355,0.2865233421325683,0.9473070502281188,0.7595224380493164,0.6149691939353943,SAM_SGD_start5,16.355,0.01
16360,0.2342893779277801,0.9238876700401306,0.7959398627281189,0.5900628566741943,SAM_SGD_start5,16.36,0.01
16365,0.1979506909847259,0.9428839683532716,0.7537693381309509,0.6156101822853088,SAM_SGD_start5,16.365,0.01
16370,0.3227593004703522,0.9201985001564026,0.789991021156311,0.5906355977058411,SAM_SGD_start5,16.37,0.01
16375,0.1323993951082229,0.9386786818504332,0.748256504535675,0.6163564920425415,SAM_SGD_start5,16.375,0.01
16380,0.4243510365486145,0.9168559908866882,0.7843682765960693,0.5914160013198853,SAM_SGD_start5,16.38,0.01
16385,0.0877215266227722,0.9349138736724854,0.7431474924087524,0.6174538731575012,SAM_SGD_start5,16.385,0.01
16390,0.5373069643974304,0.9141693711280824,0.77927565574646,0.5926707983016968,SAM_SGD_start5,16.39,0.01
16395,0.0617381297051906,0.9318282604217528,0.7387049198150635,0.6192537546157837,SAM_SGD_start5,16.395,0.01
16400,0.6587662100791931,0.9126583337783812,0.7750879526138306,0.594822883605957,SAM_SGD_start5,16.4,0.01
16405,0.0519058667123317,0.9278377294540404,0.735689103603363,0.6224446892738342,SAM_SGD_start5,16.405,0.01
16410,0.7511329650878906,0.9594846367836,0.7775049805641174,0.6101160645484924,SAM_SGD_start5,16.41,0.01
16415,0.0604298487305641,0.934438705444336,0.81514573097229,0.5866797566413879,SAM_SGD_start5,16.415,0.01
16420,0.5717037916183472,0.9563406705856324,0.7721073031425476,0.6124976277351379,SAM_SGD_start5,16.42,0.01
16425,0.0948827564716339,0.9316784739494324,0.8092169165611267,0.5882341265678406,SAM_SGD_start5,16.425,0.01
16430,0.4246671199798584,0.9522932171821594,0.766339898109436,0.6137928366661072,SAM_SGD_start5,16.43,0.01
16435,0.1485082060098648,0.9281381368637084,0.8030756115913391,0.5891270637512207,SAM_SGD_start5,16.435,0.01
16440,0.305883377790451,0.947903037071228,0.7604835033416748,0.6146111488342285,SAM_SGD_start5,16.44,0.01
16445,0.2191245108842849,0.9243631958961488,0.7969359755516052,0.5897356867790222,SAM_SGD_start5,16.445,0.01
16450,0.2127843201160431,0.9434688091278076,0.7547046542167664,0.6152626276016235,SAM_SGD_start5,16.45,0.01
16455,0.3048729002475738,0.920642614364624,0.7909474968910217,0.5902989506721497,SAM_SGD_start5,16.455,0.01
16460,0.143102690577507,0.9392120838165284,0.7491396069526672,0.6159773468971252,SAM_SGD_start5,16.46,0.01
16465,0.4040534794330597,0.9172202944755554,0.7852546572685242,0.5910279154777527,SAM_SGD_start5,16.465,0.01
16470,0.0946830809116363,0.9353516697883606,0.7439430952072144,0.6169919371604919,SAM_SGD_start5,16.47,0.01
16475,0.5149511694908142,0.9143862128257751,0.7800459265708923,0.5921733379364014,SAM_SGD_start5,16.475,0.01
16480,0.0653662756085395,0.9321309328079224,0.7393500208854675,0.6186293363571167,SAM_SGD_start5,16.48,0.01
16485,0.6351355910301208,0.9126003980636596,0.7756463289260864,0.5941166281700134,SAM_SGD_start5,16.485,0.01
16490,0.0527447760105133,0.9291544556617736,0.7358968257904053,0.6214520335197449,SAM_SGD_start5,16.49,0.01
16495,0.7398474216461182,0.9151480793952942,0.7747578620910645,0.5992102026939392,SAM_SGD_start5,16.495,0.01
16500,0.5784565806388855,0.9584665298461914,0.7734273672103882,0.6143527626991272,SAM_SGD_start5,16.5,0.01
16505,0.0935776084661483,0.9337400197982788,0.8106299638748169,0.5900501608848572,SAM_SGD_start5,16.505,0.01
16510,0.4298500120639801,0.9543793201446532,0.7676291465759277,0.6156150698661804,SAM_SGD_start5,16.51,0.01
16515,0.1470321416854858,0.9301583170890808,0.8044543266296387,0.5909075736999512,SAM_SGD_start5,16.515,0.01
16520,0.3097043633460998,0.9499439001083374,0.7617391347885132,0.6163952946662903,SAM_SGD_start5,16.52,0.01
16525,0.2175937891006469,0.9263364672660828,0.7982776761054993,0.5914765000343323,SAM_SGD_start5,16.525,0.01
16530,0.2154358625411987,0.9454601407051086,0.7559240460395813,0.6170042753219604,SAM_SGD_start5,16.53,0.01
16535,0.3033919036388397,0.9225637912750244,0.7922487854957581,0.5919957160949707,SAM_SGD_start5,16.535,0.01
16540,0.1447649598121643,0.9411486387252808,0.7503187656402588,0.617671012878418,SAM_SGD_start5,16.54,0.01
16545,0.4027159810066223,0.9190821051597596,0.7865107655525208,0.5926744341850281,SAM_SGD_start5,16.545,0.01
16550,0.0955250337719917,0.937226176261902,0.7450759410858154,0.6186296343803406,SAM_SGD_start5,16.55,0.01
16555,0.5138536691665649,0.9161768555641174,0.7812485694885254,0.593760073184967,SAM_SGD_start5,16.555,0.01
16560,0.0655517727136612,0.9339348077774048,0.7404253482818604,0.620197594165802,SAM_SGD_start5,16.56,0.01
16565,0.6344336867332458,0.914298415184021,0.7767786383628845,0.5956270694732666,SAM_SGD_start5,16.565,0.01
16570,0.0524451322853565,0.9309674501419068,0.7368801236152649,0.6229238510131836,SAM_SGD_start5,16.57,0.01
16575,0.7440056204795837,0.915751039981842,0.7750561833381653,0.5998584628105164,SAM_SGD_start5,16.575,0.01
16580,0.0534596890211105,0.9308606386184692,0.814818263053894,0.5818954110145569,SAM_SGD_start5,16.58,0.01
16585,0.6348247528076172,0.953725814819336,0.7720209360122681,0.6079239845275879,SAM_SGD_start5,16.585,0.01
16590,0.0789150223135948,0.9290016293525696,0.8091607093811035,0.5840304493904114,SAM_SGD_start5,16.59,0.01
16595,0.4770088791847229,0.9500648975372314,0.7664344310760498,0.6096617579460144,SAM_SGD_start5,16.595,0.01
16600,0.1244884431362152,0.9257916212081908,0.8031487464904785,0.585229754447937,SAM_SGD_start5,16.6,0.01
16605,0.3484615683555603,0.9458712339401244,0.7606583833694458,0.6107221245765686,SAM_SGD_start5,16.605,0.01
16610,0.1877617985010147,0.9221694469451904,0.7970587611198425,0.586009681224823,SAM_SGD_start5,16.61,0.01
16615,0.2463240027427673,0.94152170419693,0.7548959851264954,0.6114999651908875,SAM_SGD_start5,16.615,0.01
16620,0.2667807936668396,0.9184921383857728,0.7910606861114502,0.5866511464118958,SAM_SGD_start5,16.62,0.01
16625,0.1682618111371994,0.9372615218162536,0.7492918968200684,0.6122485995292664,SAM_SGD_start5,16.625,0.01
16630,0.3598063886165619,0.9150131940841676,0.7852979898452759,0.5873709321022034,SAM_SGD_start5,16.63,0.01
16635,0.1121047809720039,0.93330717086792,0.7439901828765869,0.6131965517997742,SAM_SGD_start5,16.635,0.01
16640,0.4651671051979065,0.9119964241981506,0.7799369096755981,0.5883980989456177,SAM_SGD_start5,16.64,0.01
16645,0.0757272988557815,0.9298969507217408,0.7391852140426636,0.6146231889724731,SAM_SGD_start5,16.645,0.01
16650,0.5809089541435242,0.9098154306411744,0.7752320766448975,0.5900492668151855,SAM_SGD_start5,16.65,0.01
16655,0.0568912699818611,0.9271879196166992,0.7352331876754761,0.6169657111167908,SAM_SGD_start5,16.655,0.01
16660,0.7017399668693542,0.90920752286911,0.7717610001564026,0.5928788781166077,SAM_SGD_start5,16.66,0.01
16665,0.0517821945250034,0.3321595191955566,0.7885594964027405,0.600834846496582,SAM_SGD_start5,16.665,0.01
16670,0.0753732174634933,0.9434237480163574,0.7469421029090881,0.6270231604576111,SAM_SGD_start5,16.67,0.01
16675,0.5904321670532227,0.9228275418281556,0.7835001945495605,0.6020799279212952,SAM_SGD_start5,16.675,0.01
16680,0.0544808506965637,0.940292477607727,0.7426109313964844,0.6289087533950806,SAM_SGD_start5,16.68,0.01
16685,0.7163023948669434,0.9216060638427734,0.7795509099960327,0.6044132709503174,SAM_SGD_start5,16.685,0.01
16690,0.0488686449825763,0.9282656908035278,0.8205083608627319,0.5852609872817993,SAM_SGD_start5,16.69,0.01
16695,0.7247611284255981,0.960294246673584,0.7774444818496704,0.6116657853126526,SAM_SGD_start5,16.695,0.01
16700,0.0639130771160125,0.935269057750702,0.8150396347045898,0.5880275964736938,SAM_SGD_start5,16.7,0.01
16705,0.5499931573867798,0.9569277167320251,0.7719452381134033,0.6137909293174744,SAM_SGD_start5,16.705,0.01
16710,0.1014210879802703,0.9323013424873352,0.8090394139289856,0.5894226431846619,SAM_SGD_start5,16.71,0.01
16715,0.4067762494087219,0.95277601480484,0.7661317586898804,0.6149632930755615,SAM_SGD_start5,16.715,0.01
16720,0.1577926278114318,0.9286747574806212,0.8028671741485596,0.5902305841445923,SAM_SGD_start5,16.72,0.01
16725,0.2914815247058868,0.94833642244339,0.7602587938308716,0.6157160401344299,SAM_SGD_start5,16.725,0.01
16730,0.2309089303016662,0.9248648881912231,0.7967210412025452,0.5907949209213257,SAM_SGD_start5,16.73,0.01
16735,0.2016065567731857,0.9438879489898682,0.7544841170310974,0.6163385510444641,SAM_SGD_start5,16.735,0.01
16740,0.3189364373683929,0.9211453795433044,0.79074627161026,0.591344952583313,SAM_SGD_start5,16.74,0.01
16745,0.1349036395549774,0.9396476745605468,0.7489430904388428,0.6170563697814941,SAM_SGD_start5,16.745,0.01
16750,0.4201852977275848,0.9177604913711548,0.7850896716117859,0.5920923352241516,SAM_SGD_start5,16.75,0.01
16755,0.0892164036631584,0.9358361959457396,0.7437964081764221,0.6181122064590454,SAM_SGD_start5,16.755,0.01
16760,0.5329081416130066,0.9150133728981018,0.7799506187438965,0.5932989716529846,SAM_SGD_start5,16.76,0.01
16765,0.0623705945909023,0.932694971561432,0.7392988204956055,0.619849443435669,SAM_SGD_start5,16.765,0.01
16770,0.6543691158294678,0.9134069681167604,0.7756897211074829,0.5953763127326965,SAM_SGD_start5,16.77,0.01
16775,0.0518586970865726,0.929079532623291,0.7361325025558472,0.6229124069213867,SAM_SGD_start5,16.775,0.01
16780,0.7865598797798157,0.9537043571472168,0.774985671043396,0.6034396886825562,SAM_SGD_start5,16.78,0.01
16785,0.0569203905761241,0.9287302494049072,0.8125417232513428,0.5805297493934631,SAM_SGD_start5,16.785,0.01
16790,0.600824773311615,0.951119601726532,0.7698602080345154,0.6064538955688477,SAM_SGD_start5,16.79,0.01
16795,0.0860873833298683,0.9265206456184388,0.8068304657936096,0.5824851989746094,SAM_SGD_start5,16.795,0.01
16800,0.4494657516479492,0.9473751783370972,0.764254629611969,0.6080754995346069,SAM_SGD_start5,16.8,0.01
16805,0.1348017156124115,0.9232497811317444,0.8008251190185547,0.583626925945282,SAM_SGD_start5,16.805,0.01
16810,0.3266319632530212,0.943180501461029,0.7585023045539856,0.6091071367263794,SAM_SGD_start5,16.81,0.01
16815,0.2007694840431213,0.9196448922157288,0.7947758436203003,0.5844072103500366,SAM_SGD_start5,16.815,0.01
16820,0.2296288013458252,0.9388781785964966,0.7527912259101868,0.6099059581756592,SAM_SGD_start5,16.82,0.01
16825,0.2820941209793091,0.9160332083702089,0.788844645023346,0.5850895643234253,SAM_SGD_start5,16.825,0.01
16830,0.1561731398105621,0.9347049593925476,0.7472637891769409,0.6107165813446045,SAM_SGD_start5,16.83,0.01
16835,0.3770650923252105,0.9126654267311096,0.7831769585609436,0.5858896374702454,SAM_SGD_start5,16.835,0.01
16840,0.1041196957230568,0.9308799505233764,0.7420699000358582,0.6117725372314453,SAM_SGD_start5,16.84,0.01
16845,0.4840049743652344,0.9098186492919922,0.7779501080513,0.5870473384857178,SAM_SGD_start5,16.845,0.01
16850,0.0713459849357605,0.9276469945907592,0.7374231815338135,0.6133737564086914,SAM_SGD_start5,16.85,0.01
16855,0.6007901430130005,0.9079057574272156,0.7734501361846924,0.5889091491699219,SAM_SGD_start5,16.855,0.01
16860,0.0555606037378311,0.9250279664993286,0.7337470054626465,0.6160095930099487,SAM_SGD_start5,16.86,0.01
16865,0.7187222242355347,0.90790057182312,0.7704908847808838,0.5921536087989807,SAM_SGD_start5,16.865,0.01
16870,0.0532973520457744,0.9280535578727722,0.8133628964424133,0.5791313052177429,SAM_SGD_start5,16.87,0.01
16875,0.641442060470581,0.9511549472808838,0.7707383036613464,0.6052040457725525,SAM_SGD_start5,16.875,0.01
16880,0.0771777629852294,0.9264809489250184,0.8078001141548157,0.5814329981803894,SAM_SGD_start5,16.88,0.01
16885,0.4828821420669555,0.9476231932640076,0.7652246356010437,0.60707688331604,SAM_SGD_start5,16.885,0.01
16890,0.1212647035717964,0.923389494419098,0.8018518090248108,0.5827366709709167,SAM_SGD_start5,16.89,0.01
16895,0.3536306619644165,0.9435184001922609,0.7595001459121704,0.6082290410995483,SAM_SGD_start5,16.895,0.01
16900,0.183091714978218,0.9198481440544128,0.7958096265792847,0.5835934281349182,SAM_SGD_start5,16.9,0.01
16905,0.2507583796977997,0.9392362236976624,0.753777265548706,0.6090762615203857,SAM_SGD_start5,16.905,0.01
16910,0.2606933414936065,0.9162316918373108,0.7898491621017456,0.5842949151992798,SAM_SGD_start5,16.91,0.01
16915,0.171927809715271,0.9350290298461914,0.7482042908668518,0.6098792552947998,SAM_SGD_start5,16.915,0.01
16920,0.3523289561271667,0.9127989411354064,0.7841159105300903,0.5850619077682495,SAM_SGD_start5,16.92,0.01
16925,0.1149747222661972,0.9311155080795288,0.7429255247116089,0.610867977142334,SAM_SGD_start5,16.925,0.01
16930,0.4563352167606354,0.9098132252693176,0.7787749171257019,0.5861226320266724,SAM_SGD_start5,16.93,0.01
16935,0.0777836143970489,0.9277333617210388,0.7381322383880615,0.6123183369636536,SAM_SGD_start5,16.935,0.01
16940,0.570796549320221,0.9076403379440308,0.7740746736526489,0.5877875685691833,SAM_SGD_start5,16.94,0.01
16945,0.0581407397985458,0.9250633716583252,0.7341672778129578,0.6146560907363892,SAM_SGD_start5,16.945,0.01
16950,0.6909734010696411,0.9069793820381165,0.7705554366111755,0.5905901193618774,SAM_SGD_start5,16.95,0.01
16955,0.0527723915874958,0.9140009880065918,0.8121360540390015,0.5739824175834656,SAM_SGD_start5,16.955,0.01
16960,0.6902585625648499,0.9477039575576782,0.7698206305503845,0.6003373861312866,SAM_SGD_start5,16.96,0.01
16965,0.0683145895600318,0.9230356812477112,0.8068867921829224,0.5769711136817932,SAM_SGD_start5,16.965,0.01
16970,0.523564875125885,0.9446138739585876,0.7645236849784851,0.6027039885520935,SAM_SGD_start5,16.97,0.01
16975,0.1059989482164383,0.9203407168388368,0.8011003732681274,0.5786086320877075,SAM_SGD_start5,16.975,0.01
16980,0.3872441053390503,0.9407424330711364,0.7589107751846313,0.6041239500045776,SAM_SGD_start5,16.98,0.01
16985,0.1619661301374435,0.9169950485229492,0.795141875743866,0.5796615481376648,SAM_SGD_start5,16.985,0.01
16990,0.2778221666812897,0.9365876317024232,0.7532405853271484,0.6051284670829773,SAM_SGD_start5,16.99,0.01
16995,0.234153002500534,0.913473904132843,0.7892143726348877,0.5804769992828369,SAM_SGD_start5,16.995,0.01
17000,0.1928679198026657,0.9324342608451844,0.7476759552955627,0.6060125231742859,SAM_SGD_start5,17.0,0.01
17005,0.320776879787445,0.9100594520568848,0.7834693789482117,0.5812908411026001,SAM_SGD_start5,17.005,0.01
17010,0.1301999688148498,0.9285076260566713,0.7423601746559143,0.6070102453231812,SAM_SGD_start5,17.01,0.01
17015,0.4201767742633819,0.9070078730583192,0.7780635356903076,0.5823250412940979,SAM_SGD_start5,17.015,0.01
17020,0.0877168104052543,0.925039529800415,0.7374660968780518,0.608378529548645,SAM_SGD_start5,17.02,0.01
17025,0.53058922290802,0.9046448469161988,0.7732130289077759,0.5838583707809448,SAM_SGD_start5,17.025,0.01
17030,0.0632753819227218,0.9222697019577026,0.7332739233970642,0.6104851961135864,SAM_SGD_start5,17.03,0.01
17035,0.6489569544792175,0.9035208225250244,0.7693204283714294,0.5863338708877563,SAM_SGD_start5,17.035,0.01
17040,0.0543094836175441,0.917942225933075,0.7306831479072571,0.6141037344932556,SAM_SGD_start5,17.04,0.01
17045,0.7324258685112,0.9101058840751648,0.7716169357299805,0.5944904088973999,SAM_SGD_start5,17.045,0.01
17050,0.0552989467978477,0.9265767335891724,0.8117906451225281,0.5781078934669495,SAM_SGD_start5,17.05,0.01
17055,0.6190287470817566,0.9493104815483092,0.769247829914093,0.6041055917739868,SAM_SGD_start5,17.055,0.01
17060,0.0815856531262397,0.9247204065322876,0.8061909675598145,0.5802846550941467,SAM_SGD_start5,17.06,0.01
17065,0.4647382199764251,0.9457218647003174,0.7637211680412292,0.6058993339538574,SAM_SGD_start5,17.065,0.01
17070,0.1276896297931671,0.9215864539146424,0.8002474308013916,0.5815501809120178,SAM_SGD_start5,17.07,0.01
17075,0.3392414152622223,0.9416168928146362,0.7580128312110901,0.6070329546928406,SAM_SGD_start5,17.075,0.01
17080,0.1912378817796707,0.9180570840835572,0.7942328453063965,0.5824081897735596,SAM_SGD_start5,17.08,0.01
17085,0.2397386580705642,0.9373669624328612,0.752324640750885,0.6078951358795166,SAM_SGD_start5,17.085,0.01
17090,0.2703022360801697,0.9144846200942992,0.7883172035217285,0.5831376910209656,SAM_SGD_start5,17.09,0.01
17095,0.1639243066310882,0.9332176446914672,0.7468023896217346,0.6087395548820496,SAM_SGD_start5,17.095,0.01
17100,0.3631664514541626,0.9111251831054688,0.7826465368270874,0.5839577913284302,SAM_SGD_start5,17.1,0.01
17105,0.1096540540456771,0.929389238357544,0.7415941953659058,0.6097989082336426,SAM_SGD_start5,17.105,0.01
17110,0.468162328004837,0.9082496166229248,0.7773928642272949,0.5851033926010132,SAM_SGD_start5,17.11,0.01
17115,0.0748179778456687,0.9261237978935242,0.7369028329849243,0.6113615036010742,SAM_SGD_start5,17.115,0.01
17120,0.5832843780517578,0.9062473177909852,0.7728232741355896,0.5869027376174927,SAM_SGD_start5,17.12,0.01
17125,0.0571722127497196,0.9235442876815796,0.7331081032752991,0.6138837337493896,SAM_SGD_start5,17.125,0.01
17130,0.7023848295211792,0.9059206247329712,0.7695795893669128,0.5899447202682495,SAM_SGD_start5,17.13,0.01
17135,0.0960980206727981,0.9396641850471495,0.7465072274208069,0.6208256483078003,SAM_SGD_start5,17.135,0.01
17140,0.5141090154647827,0.9185214042663574,0.7827735543251038,0.5958918333053589,SAM_SGD_start5,17.14,0.01
17145,0.0655104741454124,0.9362907409667968,0.7417922616004944,0.6223145723342896,SAM_SGD_start5,17.145,0.01
17150,0.6353093981742859,0.9165419340133668,0.7782273292541504,0.5976740717887878,SAM_SGD_start5,17.15,0.01
17155,0.0519778355956077,0.9332960247993468,0.738153874874115,0.6249388456344604,SAM_SGD_start5,17.155,0.01
17160,0.7481300830841064,0.91744202375412,0.7760697603225708,0.6014832258224487,SAM_SGD_start5,17.16,0.01
17165,0.0528916791081428,0.9313854575157166,0.8153232336044312,0.5822881460189819,SAM_SGD_start5,17.165,0.01
17170,0.6411451101303101,0.9543487429618835,0.772496223449707,0.608336865901947,SAM_SGD_start5,17.17,0.01
17175,0.0777015089988708,0.9295985102653505,0.8096729516983032,0.5844534635543823,SAM_SGD_start5,17.175,0.01
17180,0.4821059107780456,0.9506995677947998,0.76691073179245,0.61009281873703,SAM_SGD_start5,17.18,0.01
17185,0.122740626335144,0.9263966083526612,0.8036572933197021,0.5856601595878601,SAM_SGD_start5,17.185,0.01
17190,0.3524921834468841,0.946502923965454,0.7611283659934998,0.6111552715301514,SAM_SGD_start5,17.19,0.01
17195,0.1855617612600326,0.9227683544158936,0.7975578308105469,0.5864370465278625,SAM_SGD_start5,17.195,0.01
17200,0.2493984848260879,0.9421418309211732,0.7553547024726868,0.6119264364242554,SAM_SGD_start5,17.2,0.01
17205,0.2642026543617248,0.9190763831138612,0.7915456891059875,0.5870683789253235,SAM_SGD_start5,17.205,0.01
17210,0.1704843342304229,0.937863290309906,0.7497351765632629,0.6126613616943359,SAM_SGD_start5,17.21,0.01
17215,0.3569176197052002,0.9155750274658204,0.785764217376709,0.587771475315094,SAM_SGD_start5,17.215,0.01
17220,0.1135713532567024,0.933883249759674,0.7444124817848206,0.6135877966880798,SAM_SGD_start5,17.22,0.01
17225,0.4620376229286194,0.9125257730484008,0.7803775668144226,0.5887733697891235,SAM_SGD_start5,17.225,0.01
17230,0.0765344947576522,0.9304388165473938,0.7395782470703125,0.6149817705154419,SAM_SGD_start5,17.23,0.01
17235,0.577629566192627,0.9102959036827089,0.7756354212760925,0.590385913848877,SAM_SGD_start5,17.235,0.01
17240,0.0571415238082408,0.9277009963989258,0.735578715801239,0.6172723174095154,SAM_SGD_start5,17.24,0.01
17245,0.6987460851669312,0.9095973372459412,0.7720901966094971,0.5931494235992432,SAM_SGD_start5,17.245,0.01
17250,0.0519399680197238,0.9169889092445374,0.813955545425415,0.5764453411102295,SAM_SGD_start5,17.25,0.01
17255,0.6972965598106384,0.950442910194397,0.7714765071868896,0.6028086543083191,SAM_SGD_start5,17.255,0.01
17260,0.0673944950103759,0.9256970286369324,0.8086565732955933,0.579380989074707,SAM_SGD_start5,17.26,0.01
17265,0.5289247035980225,0.9472898244857788,0.7661340236663818,0.6051198244094849,SAM_SGD_start5,17.265,0.01
17270,0.1050809472799301,0.9229400157928468,0.8028224110603333,0.5809637904167175,SAM_SGD_start5,17.27,0.01
17275,0.3911729454994201,0.9433560371398926,0.7604766488075256,0.6064844131469727,SAM_SGD_start5,17.275,0.01
17280,0.1611714661121368,0.9195321798324584,0.7968167662620544,0.5819624066352844,SAM_SGD_start5,17.28,0.01
17285,0.2805357277393341,0.9391384720802308,0.754761815071106,0.6074333190917969,SAM_SGD_start5,17.285,0.01
17290,0.2335917651653289,0.915947437286377,0.7908412218093872,0.582722544670105,SAM_SGD_start5,17.29,0.01
17295,0.1945680528879165,0.9349202513694764,0.7491511106491089,0.6082597970962524,SAM_SGD_start5,17.295,0.01
17300,0.3205484747886657,0.9124662280082704,0.7850459218025208,0.5834784507751465,SAM_SGD_start5,17.3,0.01
17305,0.1310741305351257,0.9309250116348268,0.7437859773635864,0.6091962456703186,SAM_SGD_start5,17.305,0.01
17310,0.4203766882419586,0.9093418121337892,0.7795851826667786,0.5844500660896301,SAM_SGD_start5,17.31,0.01
17315,0.0879412516951561,0.9273821115493774,0.7388367652893066,0.6104965209960938,SAM_SGD_start5,17.315,0.01
17320,0.5313135981559753,0.906895399093628,0.7746718525886536,0.5859124064445496,SAM_SGD_start5,17.32,0.01
17325,0.0630194395780563,0.9245319366455078,0.7345782518386841,0.6125233173370361,SAM_SGD_start5,17.325,0.01
17330,0.6503779292106628,0.905667006969452,0.7706993818283081,0.5883021354675293,SAM_SGD_start5,17.33,0.01
17335,0.0537562258541584,0.9203997850418092,0.7318543195724487,0.6160152554512024,SAM_SGD_start5,17.335,0.01
17340,0.7317690253257751,0.9127780795097352,0.7733907103538513,0.5968728065490723,SAM_SGD_start5,17.34,0.01
17345,0.0499062500894069,0.924584686756134,0.820517361164093,0.5874750018119812,SAM_SGD_start5,17.345,0.01
17350,0.6902256011962891,0.9613152146339417,0.7773276567459106,0.6136769652366638,SAM_SGD_start5,17.35,0.01
17355,0.069399356842041,0.9363178610801696,0.8148704767227173,0.5898026823997498,SAM_SGD_start5,17.355,0.01
17360,0.521408200263977,0.9576887488365172,0.7717081904411316,0.615504264831543,SAM_SGD_start5,17.36,0.01
17365,0.1109733283519744,0.9331157207489014,0.8087862133979797,0.5910061597824097,SAM_SGD_start5,17.365,0.01
17370,0.3832939565181732,0.9534127116203308,0.7658413648605347,0.616527795791626,SAM_SGD_start5,17.37,0.01
17375,0.1710124462842941,0.9293879270553588,0.8025790452957153,0.5917105674743652,SAM_SGD_start5,17.375,0.01
17380,0.2726785540580749,0.9489156007766724,0.7599517107009888,0.6172016859054565,SAM_SGD_start5,17.38,0.01
17385,0.2474682629108429,0.9255397915840148,0.7964291572570801,0.5922228097915649,SAM_SGD_start5,17.385,0.01
17390,0.1871271431446075,0.9444552063941956,0.7541870474815369,0.6177923679351807,SAM_SGD_start5,17.39,0.01
17395,0.3385419547557831,0.9218294620513916,0.7904776334762573,0.5927616357803345,SAM_SGD_start5,17.395,0.01
17400,0.1244142353534698,0.9402438402175904,0.748683512210846,0.6185219883918762,SAM_SGD_start5,17.4,0.01
17405,0.4425476193428039,0.9185043573379515,0.7848762273788452,0.5935420989990234,SAM_SGD_start5,17.405,0.01
17410,0.0823841094970703,0.936507284641266,0.7436119914054871,0.6196439862251282,SAM_SGD_start5,17.41,0.01
17415,0.5576725006103516,0.915889859199524,0.7798418998718262,0.5948438048362732,SAM_SGD_start5,17.415,0.01
17420,0.0588284134864807,0.9334708452224731,0.7392596006393433,0.6215343475341797,SAM_SGD_start5,17.42,0.01
17425,0.6805348992347717,0.9145614504814148,0.7757982611656189,0.5971266627311707,SAM_SGD_start5,17.425,0.01
17430,0.0510318949818611,0.9263283014297484,0.737002968788147,0.625342845916748,SAM_SGD_start5,17.43,0.01
17435,0.7484836578369141,0.954405963420868,0.7746585011482239,0.6052027940750122,SAM_SGD_start5,17.435,0.01
17440,0.060729295015335,0.9294849634170532,0.8121210336685181,0.5819584727287292,SAM_SGD_start5,17.44,0.01
17445,0.570203423500061,0.9514644742012024,0.7693817019462585,0.6077892780303955,SAM_SGD_start5,17.445,0.01
17450,0.0940300747752189,0.9269201755523682,0.806303858757019,0.5836732983589172,SAM_SGD_start5,17.45,0.01
17455,0.4242615699768066,0.9475672245025636,0.7637096047401428,0.6092305779457092,SAM_SGD_start5,17.455,0.01
17460,0.1464124470949173,0.9235227108001708,0.8002559542655945,0.5846946835517883,SAM_SGD_start5,17.46,0.01
17465,0.3063215017318725,0.9433047771453856,0.7579359412193298,0.6101711392402649,SAM_SGD_start5,17.465,0.01
17470,0.2156881093978881,0.9198702573776244,0.7942004203796387,0.585415780544281,SAM_SGD_start5,17.47,0.01
17475,0.2138120979070663,0.9389863014221193,0.7522333860397339,0.6109323501586914,SAM_SGD_start5,17.475,0.01
17480,0.3000061810016632,0.9162627458572388,0.7882912755012512,0.5860827565193176,SAM_SGD_start5,17.48,0.01
17485,0.1444873213768005,0.9348391890525818,0.7467414140701294,0.611749529838562,SAM_SGD_start5,17.485,0.01
17490,0.3976749181747436,0.9129477739334106,0.782675564289093,0.5869100689888,SAM_SGD_start5,17.49,0.01
17495,0.0962086915969848,0.93108469247818,0.7416166067123413,0.6128621101379395,SAM_SGD_start5,17.495,0.01
17500,0.5069886445999146,0.9102180004119872,0.7775431871414185,0.5881499648094177,SAM_SGD_start5,17.5,0.01
17505,0.0668397918343544,0.9279691576957704,0.7370945811271667,0.6145930290222168,SAM_SGD_start5,17.505,0.01
17510,0.6255536079406738,0.9085321426391602,0.773218035697937,0.5901827812194824,SAM_SGD_start5,17.51,0.01
17515,0.0539970658719539,0.9251611232757568,0.7337015867233276,0.6174992322921753,SAM_SGD_start5,17.515,0.01
17520,0.7326752543449402,0.9102737903594972,0.771721601486206,0.5946475863456726,SAM_SGD_start5,17.52,0.01
17525,0.055330004543066,0.926970899105072,0.8120014667510986,0.5784980654716492,SAM_SGD_start5,17.525,0.01
17530,0.6182201504707336,0.9496783018112184,0.76943439245224,0.6044904589653015,SAM_SGD_start5,17.53,0.01
17535,0.0818229913711547,0.9250808954238892,0.8063892126083374,0.5806530714035034,SAM_SGD_start5,17.535,0.01
17540,0.4640161991119385,0.9460723996162416,0.7638979554176331,0.6062662601470947,SAM_SGD_start5,17.54,0.01
17545,0.1281237155199051,0.9219313263893129,0.8004370331764221,0.5819045901298523,SAM_SGD_start5,17.545,0.01
17550,0.3385997116565704,0.9419554471969604,0.7581825256347656,0.6073875427246094,SAM_SGD_start5,17.55,0.01
17555,0.1918645650148391,0.9183907508850098,0.7944157123565674,0.582751989364624,SAM_SGD_start5,17.555,0.01
17560,0.2391835749149322,0.9376960396766664,0.7524886131286621,0.6082399487495422,SAM_SGD_start5,17.56,0.01
17565,0.2711206376552582,0.9148096442222596,0.7884945869445801,0.5834730267524719,SAM_SGD_start5,17.565,0.01
17570,0.1634618937969207,0.9335392713546752,0.7469619512557983,0.609076738357544,SAM_SGD_start5,17.57,0.01
17575,0.3641702830791473,0.9114434123039246,0.7828196883201599,0.5842864513397217,SAM_SGD_start5,17.575,0.01
17580,0.1092899814248085,0.9297047853469848,0.7417502999305725,0.6101301312446594,SAM_SGD_start5,17.58,0.01
17585,0.4693467617034912,0.9085633754730223,0.7775629758834839,0.5854269862174988,SAM_SGD_start5,17.585,0.01
17590,0.0745559185743331,0.9264349937438964,0.7370570302009583,0.6116890907287598,SAM_SGD_start5,17.59,0.01
17595,0.5846418738365173,0.906559407711029,0.7729923129081726,0.587224006652832,SAM_SGD_start5,17.595,0.01
17600,0.0570118501782417,0.9238479137420654,0.7332637906074524,0.6142114996910095,SAM_SGD_start5,17.6,0.01
17605,0.7037976980209351,0.9062411785125732,0.7697566747665405,0.5902699828147888,SAM_SGD_start5,17.605,0.01
17610,0.3315891921520233,0.9464613795280457,0.7604814767837524,0.6120399236679077,SAM_SGD_start5,17.61,0.01
17615,0.1993857771158218,0.9228250980377196,0.7968924045562744,0.5872669219970703,SAM_SGD_start5,17.615,0.01
17620,0.2330022454261779,0.9420796036720276,0.7547133564949036,0.6127689480781555,SAM_SGD_start5,17.62,0.01
17625,0.2809695899486542,0.919131338596344,0.790898859500885,0.5878787040710449,SAM_SGD_start5,17.625,0.01
17630,0.1582233607769012,0.937821626663208,0.7491250038146973,0.6135047674179077,SAM_SGD_start5,17.63,0.01
17635,0.3763328790664673,0.9156741499900818,0.7851636409759521,0.5886020660400391,SAM_SGD_start5,17.635,0.01
17640,0.1050921231508255,0.9339039325714112,0.7438635230064392,0.6144775748252869,SAM_SGD_start5,17.64,0.01
17645,0.4837948679924011,0.9127257466316224,0.7798601984977722,0.5896731615066528,SAM_SGD_start5,17.645,0.01
17650,0.0714733749628067,0.9305680990219116,0.7391371130943298,0.6159814596176147,SAM_SGD_start5,17.65,0.01
17655,0.6012667417526245,0.9106884598731996,0.7752663493156433,0.5914307236671448,SAM_SGD_start5,17.655,0.01
17660,0.0550771690905094,0.9278685450553894,0.7353527545928955,0.6184940934181213,SAM_SGD_start5,17.66,0.01
17665,0.7208978533744812,0.9104731678962708,0.7721329927444458,0.594520092010498,SAM_SGD_start5,17.665,0.01
17670,0.0522089935839176,0.926152229309082,0.813005805015564,0.5771311521530151,SAM_SGD_start5,17.67,0.01
17675,0.6632758975028992,0.9499083757400512,0.7704976201057434,0.6033116579055786,SAM_SGD_start5,17.675,0.01
17680,0.0729118213057518,0.9252283573150636,0.8075684309005737,0.5797028541564941,SAM_SGD_start5,17.68,0.01
17685,0.5010538697242737,0.9465526938438416,0.765069305896759,0.6053826212882996,SAM_SGD_start5,17.685,0.01
17690,0.11419577896595,0.9222928285598756,0.8016828894615173,0.5811407566070557,SAM_SGD_start5,17.69,0.01
17695,0.3685757517814636,0.9425395131111144,0.7593868970870972,0.6066418290138245,SAM_SGD_start5,17.695,0.01
17700,0.1734655499458313,0.918826937675476,0.7956708073616028,0.5820750594139099,SAM_SGD_start5,17.7,0.01
17705,0.2627164125442505,0.9383043050765992,0.7536811828613281,0.6075499057769775,SAM_SGD_start5,17.705,0.01
17710,0.24871426820755,0.91524338722229,0.7897185683250427,0.5828189253807068,SAM_SGD_start5,17.71,0.01
17715,0.1811033338308334,0.9341122508049012,0.7481059432029724,0.6083805561065674,SAM_SGD_start5,17.715,0.01
17720,0.3381824493408203,0.9118094444274902,0.7839736938476562,0.5835986733436584,SAM_SGD_start5,17.72,0.01
17725,0.1215659081935882,0.930184006690979,0.7428042888641357,0.6093647480010986,SAM_SGD_start5,17.725,0.01
17730,0.440213143825531,0.908784568309784,0.7785965800285339,0.5846388936042786,SAM_SGD_start5,17.73,0.01
17735,0.0819949731230735,0.9267542362213136,0.7379584908485413,0.6107686758041382,SAM_SGD_start5,17.735,0.01
17740,0.5529658794403076,0.906514048576355,0.7738201022148132,0.586234450340271,SAM_SGD_start5,17.74,0.01
17745,0.0602108277380466,0.9240403175354004,0.7338797450065613,0.6129899024963379,SAM_SGD_start5,17.745,0.01
17750,0.6726576685905457,0.9056200385093688,0.7701107263565063,0.5888735055923462,SAM_SGD_start5,17.75,0.01
17755,0.0533993765711784,0.9147393703460692,0.7331520318984985,0.6184594631195068,SAM_SGD_start5,17.755,0.01
17760,0.3129345178604126,0.9236207008361816,0.7925736904144287,0.5933628082275391,SAM_SGD_start5,17.76,0.01
17765,0.139331579208374,0.9421623349189758,0.7506023049354553,0.6190598607063293,SAM_SGD_start5,17.765,0.01
17770,0.4138136506080627,0.920142412185669,0.7868441343307495,0.5940351486206055,SAM_SGD_start5,17.77,0.01
17775,0.0917776525020599,0.9382508993148804,0.7453770041465759,0.6200258135795593,SAM_SGD_start5,17.775,0.01
17780,0.526371419429779,0.917271077632904,0.781610369682312,0.5951406359672546,SAM_SGD_start5,17.78,0.01
17785,0.0633620247244834,0.9349903464317322,0.7407709956169128,0.6216368675231934,SAM_SGD_start5,17.785,0.01
17790,0.6480599641799927,0.9154817461967468,0.7772097587585449,0.5970717668533325,SAM_SGD_start5,17.79,0.01
17795,0.0516266264021396,0.931735634803772,0.73736971616745,0.6244839429855347,SAM_SGD_start5,17.795,0.01
17800,0.0574279949069023,0.9467345476150512,0.7468296885490417,0.6335449814796448,SAM_SGD_start5,17.8,0.01
17805,0.6900269389152527,0.9271597266197203,0.7838132977485657,0.6087342500686646,SAM_SGD_start5,17.805,0.01
17810,0.0478936694562435,0.9417936205863952,0.7435762286186218,0.6363974809646606,SAM_SGD_start5,17.81,0.01
17815,0.7611725330352783,0.936817228794098,0.7884269952774048,0.6192660331726074,SAM_SGD_start5,17.815,0.01
17820,0.4459736943244934,0.9777008295059204,0.7808330059051514,0.6376913785934448,SAM_SGD_start5,17.82,0.01
17825,0.1517550647258758,0.9529010653495787,0.8186178803443909,0.6123961806297302,SAM_SGD_start5,17.825,0.01
17830,0.3188573718070984,0.9726842641830444,0.7745590806007385,0.6379256844520569,SAM_SGD_start5,17.83,0.01
17835,0.2273436039686203,0.9485111832618712,0.8120422959327698,0.6124492883682251,SAM_SGD_start5,17.835,0.01
17840,0.2191174626350402,0.9676493406295776,0.7683751583099365,0.6380212903022766,SAM_SGD_start5,17.84,0.01
17845,0.3187917470932007,0.9441916346549988,0.8056227564811707,0.6124721765518188,SAM_SGD_start5,17.845,0.01
17850,0.1443668007850647,0.9627955555915833,0.7624024748802185,0.6381856203079224,SAM_SGD_start5,17.85,0.01
17855,0.4243310987949371,0.940162479877472,0.7994887828826904,0.6126572489738464,SAM_SGD_start5,17.855,0.01
17860,0.0923300087451934,0.958322823047638,0.7567803859710693,0.6386365294456482,SAM_SGD_start5,17.86,0.01
17865,0.5422129034996033,0.9366899132728576,0.7938115000724792,0.6132370233535767,SAM_SGD_start5,17.865,0.01
17870,0.0607461743056774,0.9544613361358644,0.7517234683036804,0.6396758556365967,SAM_SGD_start5,17.87,0.01
17875,0.6700769066810608,0.9342021942138672,0.7888886332511902,0.6145709156990051,SAM_SGD_start5,17.875,0.01
17880,0.0471414402127265,0.95090651512146,0.747718870639801,0.6418361663818359,SAM_SGD_start5,17.88,0.01
17885,0.7839604020118713,0.9356665015220642,0.7871581315994263,0.618786096572876,SAM_SGD_start5,17.885,0.01
17890,0.0485147386789321,0.9515590071678162,0.8280513286590576,0.6010283827781677,SAM_SGD_start5,17.89,0.01
17895,0.669363260269165,0.9743057489395142,0.7840128540992737,0.6270507574081421,SAM_SGD_start5,17.895,0.01
17900,0.0753778591752052,0.9490352869033812,0.821983277797699,0.6026239991188049,SAM_SGD_start5,17.9,0.01
17905,0.5020177960395813,0.9701005816459656,0.7780631184577942,0.6282796263694763,SAM_SGD_start5,17.905,0.01
17910,0.1231123507022857,0.9452974796295166,0.8156033754348755,0.6033567190170288,SAM_SGD_start5,17.91,0.01
17915,0.3654161393642425,0.9654113054275512,0.7719518542289734,0.628882646560669,SAM_SGD_start5,17.915,0.01
17920,0.1892628073692321,0.9411881566047668,0.8091639280319214,0.6037015318870544,SAM_SGD_start5,17.92,0.01
17925,0.2566485404968261,0.9605857133865356,0.7658645510673523,0.6292244791984558,SAM_SGD_start5,17.925,0.01
17930,0.2718126177787781,0.9370359778404236,0.8028205037117004,0.6039187908172607,SAM_SGD_start5,17.93,0.01
17935,0.1732895374298095,0.9558513164520264,0.7599335312843323,0.6295401453971863,SAM_SGD_start5,17.935,0.01
17940,0.3689640760421753,0.933074116706848,0.7967040538787842,0.6042098999023438,SAM_SGD_start5,17.94,0.01
17945,0.1130687743425369,0.9514084458351136,0.7542901039123535,0.6300422549247742,SAM_SGD_start5,17.945,0.01
17950,0.4790088832378387,0.9295474290847778,0.7909667491912842,0.6047881841659546,SAM_SGD_start5,17.95,0.01
17955,0.0737800076603889,0.9474816918373108,0.7491120100021362,0.6309911608695984,SAM_SGD_start5,17.955,0.01
17960,0.6000246405601501,0.9268007874488832,0.7858407497406006,0.6059494018554688,SAM_SGD_start5,17.96,0.01
17965,0.053127720952034,0.944248914718628,0.7447216510772705,0.6327966451644897,SAM_SGD_start5,17.965,0.01
17970,0.7273919582366943,0.9255035519599916,0.7818371057510376,0.6082103252410889,SAM_SGD_start5,17.97,0.01
17975,0.0477528907358646,0.9325031042099,0.8228421211242676,0.5884296894073486,SAM_SGD_start5,17.975,0.01
17980,0.7345789670944214,0.9638200402259828,0.7795686721801758,0.6148483157157898,SAM_SGD_start5,17.98,0.01
17985,0.0627254694700241,0.9386960864067078,0.8173120021820068,0.591133713722229,SAM_SGD_start5,17.985,0.01
17990,0.5575263500213623,0.960376501083374,0.7740132808685303,0.6169054508209229,SAM_SGD_start5,17.99,0.01
17995,0.1001903265714645,0.9356522560119628,0.8112527132034302,0.5924608111381531,SAM_SGD_start5,17.995,0.01
18000,0.4123589694499969,0.9561466574668884,0.7681444883346558,0.6180086731910706,SAM_SGD_start5,18.0,0.01
18005,0.1566829830408096,0.931947946548462,0.8050216436386108,0.5932006239891052,SAM_SGD_start5,18.005,0.01
18010,0.2954035401344299,0.9516285061836244,0.7622160315513611,0.618691623210907,SAM_SGD_start5,18.01,0.01
18015,0.230065643787384,0.9280583262443542,0.7988157272338867,0.5936955213546753,SAM_SGD_start5,18.015,0.01
18020,0.2041355073451995,0.9470988512039183,0.7563839554786682,0.6192420125007629,SAM_SGD_start5,18.02,0.01
18025,0.3184939920902252,0.9242551326751708,0.7927781939506531,0.5941728353500366,SAM_SGD_start5,18.025,0.01
18030,0.1362892687320709,0.942772626876831,0.7507815957069397,0.6198828220367432,SAM_SGD_start5,18.03,0.01
18035,0.4202660918235779,0.9207792282104492,0.7870535254478455,0.594841480255127,SAM_SGD_start5,18.035,0.01
18040,0.0896941870450973,0.9388676285743712,0.7455666065216064,0.6208531260490417,SAM_SGD_start5,18.04,0.01
18045,0.5336360931396484,0.917927861213684,0.7818366289138794,0.5959588289260864,SAM_SGD_start5,18.045,0.01
18050,0.0621635690331459,0.9356241822242736,0.7409870624542236,0.6224898099899292,SAM_SGD_start5,18.05,0.01
18055,0.6559449434280396,0.9161917567253112,0.7774773836135864,0.5979281663894653,SAM_SGD_start5,18.055,0.01
18060,0.0512006171047687,0.9320961236953736,0.737684428691864,0.6254146695137024,SAM_SGD_start5,18.06,0.01
18065,0.7910283803939819,0.9564291834831238,0.7765701413154602,0.6059944033622742,SAM_SGD_start5,18.065,0.01
18070,0.0563613586127758,0.9313839077949524,0.814228355884552,0.582995593547821,SAM_SGD_start5,18.07,0.01
18075,0.6041751503944397,0.9537522196769714,0.771386981010437,0.6089174747467041,SAM_SGD_start5,18.075,0.01
18080,0.0858185887336731,0.9290841817855836,0.8084619045257568,0.5848774313926697,SAM_SGD_start5,18.08,0.01
18085,0.4517795741558075,0.9499347805976868,0.7657329440116882,0.610470175743103,SAM_SGD_start5,18.085,0.01
18090,0.1349054276943206,0.9257426261901855,0.8024078011512756,0.5859565734863281,SAM_SGD_start5,18.09,0.01
18095,0.3280782103538513,0.9456741213798524,0.7599362134933472,0.6114407181739807,SAM_SGD_start5,18.095,0.01
18100,0.2013283818960189,0.9220731854438782,0.7963124513626099,0.586679220199585,SAM_SGD_start5,18.1,0.01
18105,0.2303782254457473,0.94130939245224,0.7541825771331787,0.612182080745697,SAM_SGD_start5,18.105,0.01
18110,0.2831819355487823,0.9183991551399232,0.7903360724449158,0.5873058438301086,SAM_SGD_start5,18.11,0.01
18115,0.1563829034566879,0.9370741844177246,0.7486124634742737,0.6129361391067505,SAM_SGD_start5,18.115,0.01
18120,0.3787502944469452,0.914968967437744,0.7846224904060364,0.5880503058433533,SAM_SGD_start5,18.12,0.01
18125,0.1039362549781799,0.9331862926483154,0.7433745265007019,0.6139346361160278,SAM_SGD_start5,18.125,0.01
18130,0.4863508641719818,0.912057101726532,0.77934730052948,0.589150607585907,SAM_SGD_start5,18.13,0.01
18135,0.0709042698144912,0.92988783121109,0.7386801242828369,0.6154752373695374,SAM_SGD_start5,18.135,0.01
18140,0.6038637757301331,0.9100728034973145,0.7747938632965088,0.5909507274627686,SAM_SGD_start5,18.14,0.01
18145,0.0549895316362381,0.9272043704986572,0.7349486947059631,0.6180446147918701,SAM_SGD_start5,18.145,0.01
18150,0.7226799130439758,0.9099801778793336,0.7717660069465637,0.5941240191459656,SAM_SGD_start5,18.15,0.01
18155,0.0524174906313419,0.9288634061813354,0.8142033815383911,0.5797474384307861,SAM_SGD_start5,18.155,0.01
18160,0.6525512933731079,0.9521760940551758,0.7715321183204651,0.6058592200279236,SAM_SGD_start5,18.16,0.01
18165,0.07514338940382,0.927458882331848,0.8086571097373962,0.5821105241775513,SAM_SGD_start5,18.165,0.01
18170,0.4918590486049652,0.948670506477356,0.7660232782363892,0.6077693700790405,SAM_SGD_start5,18.17,0.01
18175,0.1182730421423912,0.9243865609169006,0.8027048110961914,0.5834307670593262,SAM_SGD_start5,18.175,0.01
18180,0.3607447743415832,0.9445635080337524,0.7602894306182861,0.6089285016059875,SAM_SGD_start5,18.18,0.01
18185,0.1792910397052765,0.9208375215530396,0.7966476678848267,0.5842849016189575,SAM_SGD_start5,18.185,0.01
18190,0.2562091946601867,0.9402636289596558,0.7545484900474548,0.6097666621208191,SAM_SGD_start5,18.19,0.01
18195,0.2562110722064972,0.9171979427337646,0.7906641960144043,0.5849711894989014,SAM_SGD_start5,18.195,0.01
18200,0.1758921146392822,0.9360266327857972,0.7489497661590576,0.6105479598045349,SAM_SGD_start5,18.2,0.01
18205,0.3472840785980224,0.9137282371520996,0.7848993539810181,0.5857109427452087,SAM_SGD_start5,18.205,0.01
18210,0.1176182776689529,0.9320703148841858,0.743635892868042,0.6115012168884277,SAM_SGD_start5,18.21,0.01
18215,0.4508397877216339,0.91068834066391,0.7795155644416809,0.5867295861244202,SAM_SGD_start5,18.215,0.01
18220,0.0792732015252113,0.9286305904388428,0.7387934327125549,0.6128970980644226,SAM_SGD_start5,18.22,0.01
18225,0.5650044083595276,0.9084338545799256,0.7747529745101929,0.5883300304412842,SAM_SGD_start5,18.225,0.01
18230,0.0586503259837627,0.9259058833122252,0.7347494959831238,0.6151478290557861,SAM_SGD_start5,18.23,0.01
18235,0.685507595539093,0.9076259136199952,0.7711153626441956,0.591023862361908,SAM_SGD_start5,18.235,0.01
18240,0.0527290366590023,0.4338027238845825,0.7922512292861938,0.5940274596214294,SAM_SGD_start5,18.24,0.01
18245,0.1324279010295868,0.942293345928192,0.7502987384796143,0.6197530031204224,SAM_SGD_start5,18.245,0.01
18250,0.4275392293930053,0.9203699231147766,0.7865580916404724,0.5947224497795105,SAM_SGD_start5,18.25,0.01
18255,0.0872415900230407,0.9384315609931946,0.7451214790344238,0.620761513710022,SAM_SGD_start5,18.255,0.01
18260,0.5415751338005066,0.9175815582275392,0.7813900113105774,0.5958877801895142,SAM_SGD_start5,18.26,0.01
18265,0.0609534978866577,0.9352448582649232,0.7406038045883179,0.6224664449691772,SAM_SGD_start5,18.265,0.01
18270,0.6642295122146606,0.9159575700759888,0.7771171927452087,0.5979430079460144,SAM_SGD_start5,18.27,0.01
18275,0.0510128885507583,0.9311838746070862,0.7374930381774902,0.625548779964447,SAM_SGD_start5,18.275,0.01
18280,0.775536835193634,0.9607881903648376,0.7786800861358643,0.6107121109962463,SAM_SGD_start5,18.28,0.01
18285,0.0576797798275947,0.93567156791687,0.8164352178573608,0.5873940587043762,SAM_SGD_start5,18.285,0.01
18290,0.5913658142089844,0.9577755928039552,0.7733289003372192,0.6132595539093018,SAM_SGD_start5,18.29,0.01
18295,0.089937537908554,0.9330379366874696,0.8105291724205017,0.5890327095985413,SAM_SGD_start5,18.295,0.01
18300,0.4405686855316162,0.9537655711174012,0.7675671577453613,0.6146101951599121,SAM_SGD_start5,18.3,0.01
18305,0.1416813135147094,0.9295220375061036,0.8043803572654724,0.589952826499939,SAM_SGD_start5,18.305,0.01
18310,0.318420946598053,0.9493712782859802,0.7616943717002869,0.6154404878616333,SAM_SGD_start5,18.31,0.01
18315,0.2106727510690689,0.92573219537735,0.7982147932052612,0.5905580520629883,SAM_SGD_start5,18.315,0.01
18320,0.2222878634929657,0.9449060559272766,0.7558833956718445,0.616076648235321,SAM_SGD_start5,18.32,0.01
18325,0.2950248122215271,0.9219694137573242,0.7921849489212036,0.5910945534706116,SAM_SGD_start5,18.325,0.01
18330,0.1498833298683166,0.9405951499938964,0.7502709031105042,0.6167513132095337,SAM_SGD_start5,18.33,0.01
18335,0.3930219411849975,0.918476700782776,0.7864331007003784,0.591772198677063,SAM_SGD_start5,18.335,0.01
18340,0.0990374460816383,0.9366540312767028,0.7450064420700073,0.6176963448524475,SAM_SGD_start5,18.34,0.01
18345,0.5029644966125488,0.9155330061912536,0.7811388969421387,0.5928330421447754,SAM_SGD_start5,18.345,0.01
18350,0.0675948113203048,0.933324694633484,0.7403102517127991,0.6192188858985901,SAM_SGD_start5,18.35,0.01
18355,0.6226041913032532,0.913567841053009,0.7766022086143494,0.5946362614631653,SAM_SGD_start5,18.355,0.01
18360,0.053201712667942,0.93048894405365,0.7366462349891663,0.6218366026878357,SAM_SGD_start5,18.36,0.01
18365,0.7389371991157532,0.9138834476470948,0.7739481329917908,0.5980504751205444,SAM_SGD_start5,18.365,0.01
18370,0.0565988309681415,0.9340835809707642,0.8157448172569275,0.5856586694717407,SAM_SGD_start5,18.37,0.01
18375,0.6006566286087036,0.9563390016555786,0.7727382183074951,0.6115573644638062,SAM_SGD_start5,18.375,0.01
18380,0.0872360095381736,0.9316163063049316,0.8099024891853333,0.5874170064926147,SAM_SGD_start5,18.38,0.01
18385,0.448448896408081,0.9524179697036744,0.7670233249664307,0.6130046248435974,SAM_SGD_start5,18.385,0.01
18390,0.1374818682670593,0.9281792044639589,0.8037924766540527,0.5884100198745728,SAM_SGD_start5,18.39,0.01
18395,0.3249865174293518,0.9480797648429872,0.7611796855926514,0.613896906375885,SAM_SGD_start5,18.395,0.01
18400,0.2050607204437255,0.924437940120697,0.7976518869400024,0.5890645384788513,SAM_SGD_start5,18.4,0.01
18405,0.2276015728712082,0.9436516165733336,0.7553871870040894,0.6145749092102051,SAM_SGD_start5,18.405,0.01
18410,0.288073867559433,0.9207051396369934,0.791637122631073,0.5896344780921936,SAM_SGD_start5,18.41,0.01
18415,0.1539896726608276,0.9393627047538756,0.7497838139533997,0.6152759790420532,SAM_SGD_start5,18.415,0.01
18420,0.3848024904727936,0.91722571849823,0.7858904004096985,0.5903308987617493,SAM_SGD_start5,18.42,0.01
18425,0.10198924690485,0.935429036617279,0.7445178627967834,0.6162307858467102,SAM_SGD_start5,18.425,0.01
18430,0.4935579299926758,0.914275050163269,0.7805883288383484,0.5913928151130676,SAM_SGD_start5,18.43,0.01
18435,0.0694549456238746,0.9320924282073976,0.7398033142089844,0.6177396774291992,SAM_SGD_start5,18.435,0.01
18440,0.6121757626533508,0.9122686982154846,0.7760191559791565,0.5931687355041504,SAM_SGD_start5,18.44,0.01
18445,0.0540649741888046,0.9293338656425476,0.7360731959342957,0.6202993392944336,SAM_SGD_start5,18.445,0.01
18450,0.7307968139648438,0.9122549295425416,0.7730697989463806,0.5963777899742126,SAM_SGD_start5,18.45,0.01
18455,0.0500652268528938,0.9239325523376464,0.8193643093109131,0.584894597530365,SAM_SGD_start5,18.455,0.01
18460,0.7014702558517456,0.9591039419174194,0.7763352990150452,0.6111758351325989,SAM_SGD_start5,18.46,0.01
18465,0.0673301070928573,0.9341424703598022,0.8138278722763062,0.5874451398849487,SAM_SGD_start5,18.465,0.01
18470,0.5310227274894714,0.9556320309638976,0.7707973718643188,0.6131698489189148,SAM_SGD_start5,18.47,0.01
18475,0.1070283129811286,0.9310820698738098,0.8078105449676514,0.588768482208252,SAM_SGD_start5,18.475,0.01
18480,0.391487717628479,0.9514502882957458,0.764981746673584,0.614294707775116,SAM_SGD_start5,18.48,0.01
18485,0.1652956008911132,0.9274380803108216,0.801647961139679,0.5895534157752991,SAM_SGD_start5,18.485,0.01
18490,0.2795035541057586,0.9470180869102478,0.7591269612312317,0.6150388717651367,SAM_SGD_start5,18.49,0.01
18495,0.2400587946176529,0.9236464500427246,0.7955291867256165,0.59012371301651,SAM_SGD_start5,18.495,0.01
18500,0.1926154345273971,0.9426028728485109,0.7533858418464661,0.6156795024871826,SAM_SGD_start5,18.5,0.01
18505,0.329511821269989,0.9199724793434144,0.7895976305007935,0.5907032489776611,SAM_SGD_start5,18.505,0.01
18510,0.1285980939865112,0.938420295715332,0.7478949427604675,0.6164412498474121,SAM_SGD_start5,18.51,0.01
18515,0.431972861289978,0.916664183139801,0.7840039730072021,0.5915067791938782,SAM_SGD_start5,18.515,0.01
18520,0.0853046253323555,0.9346951246261596,0.7428219318389893,0.6175740957260132,SAM_SGD_start5,18.52,0.01
18525,0.5456556081771851,0.9140387177467346,0.7789589762687683,0.5928075313568115,SAM_SGD_start5,18.525,0.01
18530,0.0605473965406417,0.9316612482070924,0.7384414076805115,0.6194415092468262,SAM_SGD_start5,18.53,0.01
18535,0.6674791574478149,0.9126420617103576,0.774860143661499,0.5950461626052856,SAM_SGD_start5,18.535,0.01
18540,0.0517140887677669,0.9266713261604308,0.7356961965560913,0.6228455901145935,SAM_SGD_start5,18.54,0.01
18545,0.1428026556968689,0.9311541318893432,0.8053499460220337,0.5915490984916687,SAM_SGD_start5,18.545,0.01
18550,0.31759113073349,0.950991988182068,0.762568473815918,0.6170393228530884,SAM_SGD_start5,18.55,0.01
18555,0.2123791873455047,0.9273197054862976,0.7991549372673035,0.5921128988265991,SAM_SGD_start5,18.555,0.01
18560,0.2213989645242691,0.9464860558509828,0.7567313313484192,0.6176357865333557,SAM_SGD_start5,18.56,0.01
18565,0.2973371148109436,0.923517882823944,0.7930982708930969,0.5926125645637512,SAM_SGD_start5,18.565,0.01
18570,0.1490059047937393,0.9421377778053284,0.7510946989059448,0.6182748079299927,SAM_SGD_start5,18.57,0.01
18575,0.3959575891494751,0.9199894070625304,0.7873214483261108,0.5932567119598389,SAM_SGD_start5,18.575,0.01
18580,0.0982349067926406,0.938162088394165,0.7458077669143677,0.6191874146461487,SAM_SGD_start5,18.58,0.01
18585,0.5065349340438843,0.9170131087303162,0.7820041179656982,0.5942871570587158,SAM_SGD_start5,18.585,0.01
18590,0.066923551261425,0.9348004460334778,0.7410911917686462,0.6206814050674438,SAM_SGD_start5,18.59,0.01
18595,0.6268064379692078,0.915020763874054,0.7774472236633301,0.5960645079612732,SAM_SGD_start5,18.595,0.01
18600,0.052704993635416,0.9319086670875548,0.7374144196510315,0.6232782006263733,SAM_SGD_start5,18.6,0.01
18605,0.7428251504898071,0.915399432182312,0.7748528718948364,0.5995122194290161,SAM_SGD_start5,18.605,0.01
18610,0.0538064204156398,0.9316225647926332,0.8151178956031799,0.5827099680900574,SAM_SGD_start5,18.61,0.01
18615,0.6297569274902344,0.95437353849411,0.7722724080085754,0.6087155938148499,SAM_SGD_start5,18.615,0.01
18620,0.080100193619728,0.9296427369117736,0.8094245791435242,0.5847750902175903,SAM_SGD_start5,18.62,0.01
18625,0.4727265238761902,0.9506627917289734,0.7666600942611694,0.6103989481925964,SAM_SGD_start5,18.625,0.01
18630,0.1264367997646331,0.926388382911682,0.8033918738365173,0.5859348773956299,SAM_SGD_start5,18.63,0.01
18635,0.3448939919471741,0.9464393258094788,0.7608688473701477,0.6114262342453003,SAM_SGD_start5,18.635,0.01
18640,0.1904203295707702,0.9227406978607178,0.7972893714904785,0.5866890549659729,SAM_SGD_start5,18.64,0.01
18645,0.2434335947036743,0.9420711398124696,0.755097508430481,0.6121824979782104,SAM_SGD_start5,18.645,0.01
18650,0.2701092362403869,0.9190483689308168,0.7912842035293579,0.587313711643219,SAM_SGD_start5,18.65,0.01
18655,0.166015937924385,0.9378002882003784,0.7494893670082092,0.6129179000854492,SAM_SGD_start5,18.655,0.01
18660,0.3637633919715881,0.9155630469322203,0.7855194807052612,0.5880241394042969,SAM_SGD_start5,18.66,0.01
18665,0.1104687601327896,0.9338427186012268,0.744188666343689,0.6138609647750854,SAM_SGD_start5,18.665,0.01
18670,0.4697146713733673,0.912549614906311,0.7801625728607178,0.5890507102012634,SAM_SGD_start5,18.67,0.01
18675,0.0746660083532333,0.9304375648498536,0.7393925786018372,0.6152937412261963,SAM_SGD_start5,18.675,0.01
18680,0.5859776139259338,0.9103873372077942,0.7754725813865662,0.5907142162322998,SAM_SGD_start5,18.68,0.01
18685,0.0563567578792572,0.9277247190475464,0.7354668378829956,0.6176614761352539,SAM_SGD_start5,18.685,0.01
18690,0.7068449258804321,0.9098424315452576,0.7720553874969482,0.5935843586921692,SAM_SGD_start5,18.69,0.01
18695,0.050879456102848,0.9277300834655762,0.7372661232948303,0.6257688403129578,SAM_SGD_start5,18.695,0.01
18700,0.7476382255554199,0.955432116985321,0.775208055973053,0.6062344908714294,SAM_SGD_start5,18.7,0.01
18705,0.0608240440487861,0.9304879903793336,0.8127022981643677,0.5829412341117859,SAM_SGD_start5,18.705,0.01
18710,0.5693817138671875,0.952438235282898,0.7699019312858582,0.6087663173675537,SAM_SGD_start5,18.71,0.01
18715,0.0945030450820922,0.9278729557991028,0.8068592548370361,0.5846160650253296,SAM_SGD_start5,18.715,0.01
18720,0.423422634601593,0.948506236076355,0.7642086148262024,0.6101725101470947,SAM_SGD_start5,18.72,0.01
18725,0.1472642570734024,0.9244427680969238,0.8007915019989014,0.5856078863143921,SAM_SGD_start5,18.725,0.01
18730,0.3054960668087005,0.9442163109779358,0.7584179639816284,0.6110858917236328,SAM_SGD_start5,18.73,0.01
18735,0.2169277071952819,0.9207647442817688,0.7947190999984741,0.5863048434257507,SAM_SGD_start5,18.735,0.01
18740,0.2130343616008758,0.9398743510246276,0.7527005672454834,0.6118242144584656,SAM_SGD_start5,18.74,0.01
18745,0.301637053489685,0.9171350598335266,0.7887951731681824,0.5869508981704712,SAM_SGD_start5,18.745,0.01
18750,0.1437924802303314,0.9357067942619324,0.7471956014633179,0.612621545791626,SAM_SGD_start5,18.75,0.01
18755,0.3997025787830353,0.9138011932373048,0.783166229724884,0.5877599120140076,SAM_SGD_start5,18.755,0.01
18760,0.0956253558397293,0.9319339990615844,0.7420592904090881,0.6137169599533081,SAM_SGD_start5,18.76,0.01
18765,0.5094167590141296,0.9110552072525024,0.778022289276123,0.5889844298362732,SAM_SGD_start5,18.765,0.01
18770,0.0663914903998375,0.9288020133972168,0.7375279664993286,0.6154346466064453,SAM_SGD_start5,18.77,0.01
18775,0.6283626556396484,0.9093584418296814,0.7736893892288208,0.5910063982009888,SAM_SGD_start5,18.775,0.01
18780,0.0537001155316829,0.9259454607963562,0.7341352701187134,0.6183355450630188,SAM_SGD_start5,18.78,0.01
18785,0.7341409921646118,0.9114505052566528,0.7724613547325134,0.595741868019104,SAM_SGD_start5,18.785,0.01
18790,0.061958473175764,0.931437075138092,0.813057541847229,0.5840435028076172,SAM_SGD_start5,18.79,0.01
18795,0.5616868734359741,0.9532830715179444,0.7701972723007202,0.6098455190658569,SAM_SGD_start5,18.795,0.01
18800,0.0968937501311302,0.9287150502204896,0.8071725368499756,0.5856366157531738,SAM_SGD_start5,18.8,0.01
18805,0.4169718623161316,0.9492916464805604,0.7644737958908081,0.6111859679222107,SAM_SGD_start5,18.805,0.01
18810,0.1508096903562545,0.9252330660820008,0.8010804653167725,0.5865795016288757,SAM_SGD_start5,18.81,0.01
18815,0.3001946210861206,0.9449658989906312,0.7586656212806702,0.6120585203170776,SAM_SGD_start5,18.815,0.01
18820,0.2215493321418762,0.9215252995491028,0.7949942946434021,0.587244987487793,SAM_SGD_start5,18.82,0.01
18825,0.2088248133659362,0.940603256225586,0.7529395818710327,0.6127713322639465,SAM_SGD_start5,18.825,0.01
18830,0.3072648048400879,0.9178807735443116,0.7890647649765015,0.5878721475601196,SAM_SGD_start5,18.83,0.01
18835,0.1406125724315643,0.9364267587661744,0.7474335432052612,0.613555908203125,SAM_SGD_start5,18.835,0.01
18840,0.4062716364860534,0.9145458936691284,0.7834386229515076,0.5886745452880859,SAM_SGD_start5,18.84,0.01
18845,0.0934143289923667,0.932657778263092,0.7423056364059448,0.6146529912948608,SAM_SGD_start5,18.845,0.01
18850,0.5168493986129761,0.9118170738220216,0.7783095836639404,0.5899083018302917,SAM_SGD_start5,18.85,0.01
18855,0.0650794357061386,0.9295410513877868,0.7377988696098328,0.6163936853408813,SAM_SGD_start5,18.855,0.01
18860,0.6364802122116089,0.9101706147193908,0.7740157246589661,0.5919658541679382,SAM_SGD_start5,18.86,0.01
18865,0.0531829483807086,0.9265143275260924,0.7344897389411926,0.6193636059761047,SAM_SGD_start5,18.865,0.01
18870,0.7132391333580017,0.9185718297958374,0.7776362895965576,0.6016016006469727,SAM_SGD_start5,18.87,0.01
18875,0.0496057495474815,0.9255108833312988,0.8186726570129395,0.5826361775398254,SAM_SGD_start5,18.875,0.01
18880,0.7192723751068115,0.9574635028839112,0.7757813334465027,0.6090457439422607,SAM_SGD_start5,18.88,0.01
18885,0.0645460039377212,0.9325147271156312,0.8132638335227966,0.5854833126068115,SAM_SGD_start5,18.885,0.01
18890,0.5459084510803223,0.9541751742362976,0.7703342437744141,0.611244261264801,SAM_SGD_start5,18.89,0.01
18895,0.1018368452787399,0.9296228289604188,0.8073158860206604,0.5869443416595459,SAM_SGD_start5,18.895,0.01
18900,0.4039003252983093,0.9500932693481444,0.7645681500434875,0.6124807596206665,SAM_SGD_start5,18.9,0.01
18905,0.1578888148069381,0.9260645508766174,0.8011925220489502,0.5878127813339233,SAM_SGD_start5,18.905,0.01
18910,0.2896130383014679,0.9457194209098816,0.7587404251098633,0.6132938861846924,SAM_SGD_start5,18.91,0.01
18915,0.2305911481380462,0.9223201274871826,0.7950941920280457,0.5884354710578918,SAM_SGD_start5,18.915,0.01
18920,0.2005594372749328,0.941336154937744,0.7530107498168945,0.6139755249023438,SAM_SGD_start5,18.92,0.01
18925,0.3181174099445343,0.9186664819717408,0.7891678214073181,0.5890437960624695,SAM_SGD_start5,18.925,0.01
18930,0.1345013678073883,0.9371623396873474,0.7475161552429199,0.6147536635398865,SAM_SGD_start5,18.93,0.01
18935,0.4187868535518646,0.9153500199317932,0.7835620045661926,0.5898515582084656,SAM_SGD_start5,18.935,0.01
18940,0.0892968997359275,0.9334206581115724,0.7424193024635315,0.6158732771873474,SAM_SGD_start5,18.94,0.01
18945,0.5308510065078735,0.9126778244972228,0.7784786820411682,0.5911231637001038,SAM_SGD_start5,18.945,0.01
18950,0.0627812817692756,0.9303532838821412,0.7379785180091858,0.6176810264587402,SAM_SGD_start5,18.95,0.01
18955,0.651543378829956,0.9111585021018982,0.7742836475372314,0.5932739973068237,SAM_SGD_start5,18.955,0.01
18960,0.0524455569684505,0.9267401099205016,0.7348935008049011,0.6208313703536987,SAM_SGD_start5,18.96,0.01
18965,0.7807970643043518,0.9519421458244324,0.7739060521125793,0.6018691658973694,SAM_SGD_start5,18.965,0.01
18970,0.0575378499925136,0.9270200729370116,0.8113871812820435,0.5789910554885864,SAM_SGD_start5,18.97,0.01
18975,0.5963937044143677,0.9493906497955322,0.7688078284263611,0.604909360408783,SAM_SGD_start5,18.975,0.01
18980,0.0868104398250579,0.924841582775116,0.8057047128677368,0.580977201461792,SAM_SGD_start5,18.98,0.01
18985,0.446112185716629,0.945683479309082,0.7632295489311218,0.6065633893013,SAM_SGD_start5,18.985,0.01
18990,0.1355392783880233,0.9216083884239196,0.7997287511825562,0.5821515917778015,SAM_SGD_start5,18.99,0.01
18995,0.3242043554782867,0.941527545452118,0.7575051784515381,0.6076287627220154,SAM_SGD_start5,18.995,0.01
19000,0.2014424800872802,0.9180428385734558,0.7937096357345581,0.5829659104347229,SAM_SGD_start5,19.0,0.01
19005,0.2279871106147766,0.937265694141388,0.7518231868743896,0.6084630489349365,SAM_SGD_start5,19.005,0.01
19010,0.2826290428638458,0.9144725799560548,0.7878100872039795,0.5836840271949768,SAM_SGD_start5,19.01,0.01
19015,0.1551840305328369,0.9331352114677428,0.7463265061378479,0.609311580657959,SAM_SGD_start5,19.015,0.01
19020,0.3773971498012543,0.91115003824234,0.7821766138076782,0.5845229029655457,SAM_SGD_start5,19.02,0.01
19025,0.1036622077226638,0.9293569922447203,0.741166889667511,0.6104097366333008,SAM_SGD_start5,19.025,0.01
19030,0.4840711057186126,0.9083550572395324,0.7769886255264282,0.5857247114181519,SAM_SGD_start5,19.03,0.01
19035,0.0713032111525535,0.926176369190216,0.7365606427192688,0.6120602488517761,SAM_SGD_start5,19.035,0.01
19040,0.6005009412765503,0.9065051078796388,0.7725363969802856,0.5876391530036926,SAM_SGD_start5,19.04,0.01
19045,0.0558159351348876,0.923596203327179,0.732939600944519,0.6147583723068237,SAM_SGD_start5,19.045,0.01
19050,0.717521607875824,0.9066107869148254,0.7696694731712341,0.5909647345542908,SAM_SGD_start5,19.05,0.01
19055,0.6160488128662109,0.9211381077766418,0.7817289233207703,0.6012828350067139,SAM_SGD_start5,19.055,0.01
19060,0.0524210445582866,0.9383615255355836,0.7411333918571472,0.6283148527145386,SAM_SGD_start5,19.06,0.01
19065,0.7399364113807678,0.9205105304718018,0.7782740592956543,0.6040344834327698,SAM_SGD_start5,19.065,0.01
19070,0.0496457442641258,0.9345909357070924,0.818707287311554,0.5848525166511536,SAM_SGD_start5,19.07,0.01
19075,0.6855274438858032,0.9585039019584656,0.775688886642456,0.6110589504241943,SAM_SGD_start5,19.075,0.01
19080,0.0699041485786438,0.9335813522338868,0.8131201863288879,0.5872610807418823,SAM_SGD_start5,19.08,0.01
19085,0.5179892182350159,0.9549561738967896,0.7701214551925659,0.6129605174064636,SAM_SGD_start5,19.085,0.01
19090,0.1111824363470077,0.9304553270339966,0.8070878386497498,0.5885310769081116,SAM_SGD_start5,19.09,0.01
19095,0.3809632062911987,0.9507497549057008,0.7643014192581177,0.6140486598014832,SAM_SGD_start5,19.095,0.01
19100,0.1708334982395172,0.9267955422401428,0.8009289503097534,0.589296281337738,SAM_SGD_start5,19.1,0.01
19105,0.2712464928627014,0.9463183879852296,0.7584564089775085,0.6147829294204712,SAM_SGD_start5,19.105,0.01
19110,0.2468121647834777,0.9230126142501832,0.7948263883590698,0.5898668766021729,SAM_SGD_start5,19.11,0.01
19115,0.1864168047904968,0.941922664642334,0.7527363300323486,0.6154327988624573,SAM_SGD_start5,19.115,0.01
19120,0.3373294472694397,0.9193676710128784,0.7889226675033569,0.5904638767242432,SAM_SGD_start5,19.12,0.01
19125,0.1242574676871299,0.9377769827842712,0.7472785115242004,0.6162224411964417,SAM_SGD_start5,19.125,0.01
19130,0.4407060146331787,0.9161102771759032,0.7833712100982666,0.5913043022155762,SAM_SGD_start5,19.13,0.01
19135,0.0826259851455688,0.9341093301773072,0.7422560453414917,0.6174077987670898,SAM_SGD_start5,19.135,0.01
19140,0.5551279187202454,0.9135698676109314,0.7783918976783752,0.5926705598831177,SAM_SGD_start5,19.14,0.01
19145,0.0593251660466194,0.931144952774048,0.7379598617553711,0.6193678379058838,SAM_SGD_start5,19.145,0.01
19150,0.6771724224090576,0.9123274087905884,0.7744136452674866,0.5950257778167725,SAM_SGD_start5,19.15,0.01
19155,0.0516336560249328,0.9239104986190796,0.7358222603797913,0.6233028173446655,SAM_SGD_start5,19.155,0.01
19160,0.7432027459144592,0.9525144696235656,0.7735139727592468,0.6034974455833435,SAM_SGD_start5,19.16,0.01
19165,0.0613535828888416,0.9276471734046936,0.810897707939148,0.5802943706512451,SAM_SGD_start5,19.165,0.01
19170,0.5661499500274658,0.9496150016784668,0.7682682275772095,0.606120765209198,SAM_SGD_start5,19.17,0.01
19175,0.0946849063038826,0.9251234531402588,0.8051128387451172,0.5820462703704834,SAM_SGD_start5,19.175,0.01
19180,0.4212476313114166,0.9457603693008424,0.7626263499259949,0.6075997352600098,SAM_SGD_start5,19.18,0.01
19185,0.1470100283622741,0.921768307685852,0.7990970611572266,0.5831046104431152,SAM_SGD_start5,19.185,0.01
19190,0.3041951656341553,0.9415404796600342,0.7568830251693726,0.6085780262947083,SAM_SGD_start5,19.19,0.01
19195,0.2161492854356765,0.9181591272354126,0.7930741310119629,0.5838632583618164,SAM_SGD_start5,19.195,0.01
19200,0.2124316096305847,0.9372660517692566,0.7512115836143494,0.6093782186508179,SAM_SGD_start5,19.2,0.01
19205,0.3002613484859466,0.9145963191986084,0.7871987819671631,0.5845692157745361,SAM_SGD_start5,19.205,0.01
19210,0.143718734383583,0.9331648349761964,0.7457526326179504,0.6102364659309387,SAM_SGD_start5,19.21,0.01
19215,0.3976570069789886,0.9113301634788512,0.7816196084022522,0.5854384303092957,SAM_SGD_start5,19.215,0.01
19220,0.095927819609642,0.9294604063034058,0.7406642436981201,0.6113942265510559,SAM_SGD_start5,19.22,0.01
19225,0.5066343545913696,0.9086551070213318,0.7765284180641174,0.5867252945899963,SAM_SGD_start5,19.225,0.01
19230,0.0669279620051384,0.9263994693756104,0.7361851334571838,0.6131777763366699,SAM_SGD_start5,19.23,0.01
19235,0.6247687935829163,0.9070363640785216,0.7722541689872742,0.5888142585754395,SAM_SGD_start5,19.235,0.01
19240,0.0543345361948013,0.9236077070236206,0.7328540086746216,0.6161510944366455,SAM_SGD_start5,19.24,0.01
19245,0.7296226024627686,0.9092339873313904,0.7711092829704285,0.5936350226402283,SAM_SGD_start5,19.245,0.01
19250,0.1048233956098556,0.9275568723678588,0.8057627081871033,0.5852709412574768,SAM_SGD_start5,19.25,0.01
19255,0.3947407603263855,0.9479709267616272,0.7631412744522095,0.6107975244522095,SAM_SGD_start5,19.255,0.01
19260,0.1616454124450683,0.9240260720252992,0.7996705770492554,0.5861601829528809,SAM_SGD_start5,19.26,0.01
19265,0.2826450169086456,0.943636417388916,0.7573471069335938,0.611638605594635,SAM_SGD_start5,19.265,0.01
19270,0.2349428534507751,0.9203261733055116,0.7936118245124817,0.5868171453475952,SAM_SGD_start5,19.27,0.01
19275,0.1955197751522064,0.9393050074577332,0.7516587376594543,0.6123613119125366,SAM_SGD_start5,19.275,0.01
19280,0.3229076862335205,0.9167311787605286,0.7877335548400879,0.5874719619750977,SAM_SGD_start5,19.28,0.01
19285,0.1311454325914383,0.9351963996887208,0.746214747428894,0.6131943464279175,SAM_SGD_start5,19.285,0.01
19290,0.4238635897636413,0.9134910106658936,0.7821872234344482,0.5883408188819885,SAM_SGD_start5,19.29,0.01
19295,0.0873915329575538,0.9315361976623536,0.7411822080612183,0.6143873929977417,SAM_SGD_start5,19.295,0.01
19300,0.5360488295555115,0.9109205603599548,0.7771816253662109,0.589695155620575,SAM_SGD_start5,19.3,0.01
19305,0.0620912536978721,0.9285634756088256,0.7368312478065491,0.6162989735603333,SAM_SGD_start5,19.305,0.01
19310,0.6565089821815491,0.9095536470413208,0.7731037139892578,0.5919668078422546,SAM_SGD_start5,19.31,0.01
19315,0.052685372531414,0.9243729710578918,0.7339841723442078,0.6196544170379639,SAM_SGD_start5,19.315,0.01
19320,0.7365622520446777,0.9172469973564148,0.7762132883071899,0.601012647151947,SAM_SGD_start5,19.32,0.01
19325,0.0502870567142963,0.933202624320984,0.817601203918457,0.5835913419723511,SAM_SGD_start5,19.325,0.01
19330,0.6774051189422607,0.9569455981254578,0.774668276309967,0.6097739338874817,SAM_SGD_start5,19.33,0.01
19335,0.0711468160152435,0.932072937488556,0.8120241761207581,0.5859881639480591,SAM_SGD_start5,19.335,0.01
19340,0.5115508437156677,0.9534080028533936,0.7691152095794678,0.6116775870323181,SAM_SGD_start5,19.34,0.01
19345,0.1128748804330825,0.9289599657058716,0.806011438369751,0.5872706770896912,SAM_SGD_start5,19.345,0.01
19350,0.3759775459766388,0.9492258429527284,0.7633162140846252,0.6127831935882568,SAM_SGD_start5,19.35,0.01
19355,0.1728553026914596,0.9253271818161012,0.799877405166626,0.5880576372146606,SAM_SGD_start5,19.355,0.01
19360,0.2675321698188782,0.944826602935791,0.7574965953826904,0.613542914390564,SAM_SGD_start5,19.36,0.01
19365,0.2490590214729309,0.921579122543335,0.7938037514686584,0.5886564254760742,SAM_SGD_start5,19.365,0.01
19370,0.1838099658489227,0.9404694437980652,0.7518059015274048,0.6142245531082153,SAM_SGD_start5,19.37,0.01
19375,0.3397057652473449,0.9179767966270448,0.7879337072372437,0.5892879366874695,SAM_SGD_start5,19.375,0.01
19380,0.122604414820671,0.9363696575164796,0.7463828325271606,0.615053653717041,SAM_SGD_start5,19.38,0.01
19385,0.4431212544441223,0.9147716164588928,0.7824225425720215,0.5901712775230408,SAM_SGD_start5,19.385,0.01
19390,0.0817789286375045,0.9327569007873536,0.7414034605026245,0.6162895560264587,SAM_SGD_start5,19.39,0.01
19395,0.5574796199798584,0.9122994542121888,0.7774948477745056,0.5915935039520264,SAM_SGD_start5,19.395,0.01
19400,0.0591352321207523,0.9298518300056458,0.737166702747345,0.6183187365531921,SAM_SGD_start5,19.4,0.01
19405,0.6791905760765076,0.9111583828926086,0.7735955119132996,0.5940287709236145,SAM_SGD_start5,19.405,0.01
19410,0.051902811974287,0.9213466644287108,0.7355647683143616,0.6228079199790955,SAM_SGD_start5,19.41,0.01
19415,0.73601233959198,0.9534890055656432,0.7739142179489136,0.6046607494354248,SAM_SGD_start5,19.415,0.01
19420,0.0622147023677825,0.9286099672317504,0.8113090395927429,0.5813663601875305,SAM_SGD_start5,19.42,0.01
19425,0.5601706504821777,0.9504905939102172,0.7686192989349365,0.6071735620498657,SAM_SGD_start5,19.425,0.01
19430,0.0965818613767623,0.9259915947914124,0.8054858446121216,0.5830459594726562,SAM_SGD_start5,19.43,0.01
19435,0.4162011742591858,0.9465819597244264,0.7629492282867432,0.608593761920929,SAM_SGD_start5,19.435,0.01
19440,0.1498662531375885,0.9225890040397644,0.799446702003479,0.5840599536895752,SAM_SGD_start5,19.44,0.01
19445,0.3000156879425049,0.94232839345932,0.7571884393692017,0.6095345616340637,SAM_SGD_start5,19.445,0.01
19450,0.2199091166257858,0.9189509749412536,0.7934090495109558,0.5847888588905334,SAM_SGD_start5,19.45,0.01
19455,0.2090783268213272,0.9380322694778442,0.7515065670013428,0.6103098392486572,SAM_SGD_start5,19.455,0.01
19460,0.3048757910728454,0.9153714179992676,0.7875256538391113,0.5854755640029907,SAM_SGD_start5,19.46,0.01
19465,0.1411575525999069,0.9339194893836976,0.7460435032844543,0.6111537218093872,SAM_SGD_start5,19.465,0.01
19470,0.4030763208866119,0.912099838256836,0.7819454073905945,0.5863354206085205,SAM_SGD_start5,19.47,0.01
19475,0.0941208899021148,0.9302133917808532,0.7409586906433105,0.6123087406158447,SAM_SGD_start5,19.475,0.01
19480,0.5127995014190674,0.9094342589378356,0.7768628001213074,0.5876256823539734,SAM_SGD_start5,19.48,0.01
19485,0.0658305138349533,0.9271602034568788,0.7364961504936218,0.6141065359115601,SAM_SGD_start5,19.485,0.01
19490,0.6315377354621887,0.907850980758667,0.7726163864135742,0.5897389054298401,SAM_SGD_start5,19.49,0.01
19495,0.0538701303303241,0.9242293238639832,0.7332285046577454,0.6171309351921082,SAM_SGD_start5,19.495,0.01
19500,0.7224934101104736,0.9135645627975464,0.774128258228302,0.5973389744758606,SAM_SGD_start5,19.5,0.01
19505,0.0515309572219848,0.9300217032432556,0.8152780532836914,0.580717146396637,SAM_SGD_start5,19.505,0.01
19510,0.6641070246696472,0.9535688757896424,0.7725375890731812,0.60686856508255,SAM_SGD_start5,19.51,0.01
19515,0.0731526762247085,0.9287989735603333,0.8097405433654785,0.5831322073936462,SAM_SGD_start5,19.515,0.01
19520,0.501145601272583,0.9500792622566224,0.7670269012451172,0.6088066697120667,SAM_SGD_start5,19.52,0.01
19525,0.1153901666402816,0.9257368445396424,0.8037774562835693,0.5844603180885315,SAM_SGD_start5,19.525,0.01
19530,0.3680616915225982,0.9459611773490906,0.7612776756286621,0.6099641919136047,SAM_SGD_start5,19.53,0.01
19535,0.175672098994255,0.9221712946891784,0.7976992726325989,0.5853038430213928,SAM_SGD_start5,19.535,0.01
19540,0.2617751061916351,0.9416353106498718,0.755513072013855,0.6107854247093201,SAM_SGD_start5,19.54,0.01
19545,0.2519955933094024,0.9185003638267516,0.7916868925094604,0.5859673619270325,SAM_SGD_start5,19.545,0.01
19550,0.1799035817384719,0.9373605251312256,0.7498831748962402,0.611537754535675,SAM_SGD_start5,19.55,0.01
19555,0.342598021030426,0.9149861931800842,0.7858850359916687,0.5866730213165283,SAM_SGD_start5,19.555,0.01
19560,0.1202630698680877,0.933353841304779,0.7445291876792908,0.6124489903450012,SAM_SGD_start5,19.56,0.01
19565,0.4458089470863342,0.9118850827217102,0.7804530262947083,0.5876434445381165,SAM_SGD_start5,19.565,0.01
19570,0.0807337760925293,0.9298489689826964,0.7396328449249268,0.6137843132019043,SAM_SGD_start5,19.57,0.01
19575,0.5597807765007019,0.9095427393913268,0.7756233811378479,0.5891736745834351,SAM_SGD_start5,19.575,0.01
19580,0.0591164156794548,0.927057921886444,0.7355067729949951,0.6159430146217346,SAM_SGD_start5,19.58,0.01
19585,0.6806200742721558,0.9085874557495116,0.7718687057495117,0.5917559266090393,SAM_SGD_start5,19.585,0.01
19590,0.0525437332689762,0.916732132434845,0.7360290288925171,0.6228613257408142,SAM_SGD_start5,19.59,0.01
19595,0.7860775589942932,0.9541543126106262,0.7752249240875244,0.6038953065872192,SAM_SGD_start5,19.595,0.01
19600,0.0569334402680397,0.9291709065437316,0.8127941489219666,0.5809599161148071,SAM_SGD_start5,19.6,0.01
19605,0.6004175543785095,0.9515432715415956,0.7700857520103455,0.6068806052207947,SAM_SGD_start5,19.605,0.01
19610,0.0862708464264869,0.9269348978996276,0.807070791721344,0.5828959941864014,SAM_SGD_start5,19.61,0.01
19615,0.4490599930286407,0.9477824568748474,0.7644702792167664,0.6084856390953064,SAM_SGD_start5,19.615,0.01
19620,0.1351541578769683,0.923648715019226,0.8010563254356384,0.5840240120887756,SAM_SGD_start5,19.62,0.01
19625,0.3262379765510559,0.9435750246047974,0.7587102055549622,0.6095046401023865,SAM_SGD_start5,19.625,0.01
19630,0.2012930661439895,0.9200322031974792,0.7949995398521423,0.5847933888435364,SAM_SGD_start5,19.63,0.01
19635,0.2292606979608535,0.939262330532074,0.7529926896095276,0.6102932691574097,SAM_SGD_start5,19.635,0.01
19640,0.2827904224395752,0.9164106249809264,0.7890618443489075,0.5854664444923401,SAM_SGD_start5,19.64,0.01
19645,0.1558460891246795,0.935080111026764,0.7474595904350281,0.6110950708389282,SAM_SGD_start5,19.645,0.01
19650,0.3779361844062805,0.9130345582962036,0.7833884358406067,0.5862584710121155,SAM_SGD_start5,19.65,0.01
19655,0.1038434132933616,0.9312471151351928,0.7422606348991394,0.6121436953544617,SAM_SGD_start5,19.655,0.01
19660,0.4850530624389648,0.9101810455322266,0.7781566977500916,0.5874096751213074,SAM_SGD_start5,19.66,0.01
19665,0.0711327195167541,0.9280076622962952,0.7376101016998291,0.6137391328811646,SAM_SGD_start5,19.665,0.01
19670,0.6020061373710632,0.9082635641098022,0.7736533880233765,0.5892665982246399,SAM_SGD_start5,19.67,0.01
19675,0.0554167553782463,0.925377070903778,0.7339327335357666,0.6163719892501831,SAM_SGD_start5,19.675,0.01
19680,0.7199480533599854,0.9082657694816588,0.7707021832466125,0.5925135016441345,SAM_SGD_start5,19.68,0.01
19685,0.0619223453104496,0.9303447008132936,0.8124068975448608,0.5829870104789734,SAM_SGD_start5,19.685,0.01
19690,0.5619716048240662,0.9522137641906738,0.769612729549408,0.608793318271637,SAM_SGD_start5,19.69,0.01
19695,0.0965244024991989,0.927670121192932,0.8065478801727295,0.5846190452575684,SAM_SGD_start5,19.695,0.01
19700,0.4173859059810638,0.948257565498352,0.7639110684394836,0.6101685166358948,SAM_SGD_start5,19.7,0.01
19705,0.1500950753688812,0.9242214560508728,0.8004769086837769,0.5855919718742371,SAM_SGD_start5,19.705,0.01
19710,0.3006944060325622,0.943960666656494,0.7581213712692261,0.6110693216323853,SAM_SGD_start5,19.71,0.01
19715,0.220475360751152,0.9205411672592164,0.7944091558456421,0.5862830281257629,SAM_SGD_start5,19.715,0.01
19720,0.2093593031167984,0.9396237134933472,0.7524116635322571,0.6118068099021912,SAM_SGD_start5,19.72,0.01
19725,0.30582195520401,0.9169209599494934,0.7884963750839233,0.5869330763816833,SAM_SGD_start5,19.725,0.01
19730,0.1411406397819519,0.9354705810546876,0.7469208836555481,0.6126134991645813,SAM_SGD_start5,19.73,0.01
19735,0.4044436812400818,0.9136082530021667,0.7828859686851501,0.5877562761306763,SAM_SGD_start5,19.735,0.01
19740,0.0938953533768653,0.9317230582237244,0.7418070435523987,0.6137305498123169,SAM_SGD_start5,19.74,0.01
19745,0.5146292448043823,0.9108997583389282,0.777771532535553,0.5890086889266968,SAM_SGD_start5,19.745,0.01
19750,0.065480500459671,0.9286268949508668,0.7373130917549133,0.6154887676239014,SAM_SGD_start5,19.75,0.01
19755,0.633874773979187,0.90926992893219,0.7734900712966919,0.5910818576812744,SAM_SGD_start5,19.755,0.01
19760,0.0534770488739013,0.9256550073623656,0.7340090870857239,0.6184700727462769,SAM_SGD_start5,19.76,0.01
19765,0.724318265914917,0.9151538014411926,0.7751289010047913,0.5988147854804993,SAM_SGD_start5,19.765,0.01
19770,0.0512907803058624,0.9328003525733948,0.8167965412139893,0.5833462476730347,SAM_SGD_start5,19.77,0.01
19775,0.6611608862876892,0.956127405166626,0.7738885879516602,0.6094632148742676,SAM_SGD_start5,19.775,0.01
19780,0.0740124434232711,0.9313005805015564,0.811176061630249,0.5856201648712158,SAM_SGD_start5,19.78,0.01
19785,0.4983034431934356,0.9525251388549804,0.768312394618988,0.6112858057022095,SAM_SGD_start5,19.785,0.01
19790,0.1173128187656402,0.9281336665153505,0.8051540851593018,0.5868570804595947,SAM_SGD_start5,19.79,0.01
19795,0.3653427958488464,0.9483256936073304,0.7625139951705933,0.6123616099357605,SAM_SGD_start5,19.795,0.01
19800,0.178660973906517,0.9244926571846008,0.799028754234314,0.5876302719116211,SAM_SGD_start5,19.8,0.01
19805,0.2592544257640838,0.9439341425895692,0.7567089200019836,0.613117516040802,SAM_SGD_start5,19.805,0.01
19810,0.2560563385486603,0.9207606315612792,0.7929765582084656,0.5882354378700256,SAM_SGD_start5,19.81,0.01
19815,0.1776626706123352,0.939603626728058,0.7510444521903992,0.6138149499893188,SAM_SGD_start5,19.815,0.01
19820,0.3477352857589721,0.917194664478302,0.7871400713920593,0.5888911485671997,SAM_SGD_start5,19.82,0.01
19825,0.1183711364865303,0.9355490803718568,0.7456604838371277,0.6146795749664307,SAM_SGD_start5,19.825,0.01
19830,0.4520267844200134,0.9140505194664,0.7816782593727112,0.589819610118866,SAM_SGD_start5,19.83,0.01
19835,0.0792477056384086,0.9320030808448792,0.7407395839691162,0.6159777045249939,SAM_SGD_start5,19.835,0.01
19840,0.5670608282089233,0.9116765260696412,0.7768261432647705,0.5913181900978088,SAM_SGD_start5,19.84,0.01
19845,0.0580809079110622,0.9291692972183228,0.7366004586219788,0.6181139349937439,SAM_SGD_start5,19.845,0.01
19850,0.6887379288673401,0.9107170701026917,0.7730709314346313,0.5938885807991028,SAM_SGD_start5,19.85,0.01
19855,0.051908291876316,0.4033876359462738,0.7662218809127808,0.6147537231445312,SAM_SGD_start5,19.855,0.01
19860,0.1555693447589874,0.9286173582077026,0.8029600977897644,0.5900347232818604,SAM_SGD_start5,19.86,0.01
19865,0.2948794066905975,0.9483028650283812,0.7603513598442078,0.6155197620391846,SAM_SGD_start5,19.865,0.01
19870,0.2281102538108825,0.9248133301734924,0.79681396484375,0.5906075835227966,SAM_SGD_start5,19.87,0.01
19875,0.2042276114225387,0.9438557624816896,0.7545742988586426,0.6161472201347351,SAM_SGD_start5,19.875,0.01
19880,0.3156183362007141,0.9210915565490724,0.7908344864845276,0.591158926486969,SAM_SGD_start5,19.88,0.01
19885,0.1368086338043213,0.939609706401825,0.7490261793136597,0.6168623566627502,SAM_SGD_start5,19.885,0.01
19890,0.4163958430290222,0.9176955819129944,0.7851678133010864,0.5918999314308167,SAM_SGD_start5,19.89,0.01
19895,0.0904687643051147,0.9357845783233644,0.7438661456108093,0.6179062724113464,SAM_SGD_start5,19.895,0.01
19900,0.5287081003189087,0.9149251580238342,0.7800104022026062,0.5930896997451782,SAM_SGD_start5,19.9,0.01
19905,0.0630365088582038,0.9326224327087402,0.7393438816070557,0.6196171045303345,SAM_SGD_start5,19.905,0.01
19910,0.6499017477035522,0.9132726192474364,0.7757137417793274,0.5951322913169861,SAM_SGD_start5,19.91,0.01
19915,0.0520294271409511,0.9292240738868712,0.7360972166061401,0.6226149201393127,SAM_SGD_start5,19.915,0.01
19920,0.779189944267273,0.954668402671814,0.775380551815033,0.6045926809310913,SAM_SGD_start5,19.92,0.01
19925,0.0575268007814884,0.9296866655349731,0.8129452466964722,0.5815743803977966,SAM_SGD_start5,19.925,0.01
19930,0.5949124693870544,0.9519706964492798,0.770203173160553,0.6074754595756531,SAM_SGD_start5,19.93,0.01
19935,0.0877048522233963,0.9273631572723388,0.807192862033844,0.5834516882896423,SAM_SGD_start5,19.935,0.01
19940,0.4444657564163208,0.9481690526008606,0.7645676732063293,0.6090347766876221,SAM_SGD_start5,19.94,0.01
19945,0.1373480558395385,0.9240416884422302,0.8011630773544312,0.5845471620559692,SAM_SGD_start5,19.945,0.01
19950,0.3224699199199676,0.943938970565796,0.7587969899177551,0.6100272536277771,SAM_SGD_start5,19.95,0.01
19955,0.2041883021593094,0.9204063415527344,0.7950983047485352,0.5852965712547302,SAM_SGD_start5,19.955,0.01
19960,0.2262652814388275,0.939613938331604,0.7530748248100281,0.6108001470565796,SAM_SGD_start5,19.96,0.01
19965,0.2863374352455139,0.9167763590812684,0.789158284664154,0.5859585404396057,SAM_SGD_start5,19.965,0.01
19970,0.153574526309967,0.9354277849197388,0.7475422620773315,0.6115949749946594,SAM_SGD_start5,19.97,0.01
19975,0.3820865750312805,0.9134011268615724,0.7834880948066711,0.5867475867271423,SAM_SGD_start5,19.975,0.01
19980,0.1022489368915557,0.9315991401672364,0.7423500418663025,0.6126457452774048,SAM_SGD_start5,19.98,0.01
19985,0.4897560775279999,0.9105600118637084,0.7782670259475708,0.5879057049751282,SAM_SGD_start5,19.985,0.01
19990,0.0701615065336227,0.9283723831176758,0.7377156019210815,0.6142564415931702,SAM_SGD_start5,19.99,0.01
19995,0.607166051864624,0.9086739420890808,0.7737880945205688,0.5897853970527649,SAM_SGD_start5,19.995,0.01
19999,0.655799388885498,0.9083503484725952,0.7723298072814941,0.5908649563789368,SAM_SGD_start5,19.999,0.01
